customer_id,full_name,email,city,country,signup_date,device_preference,total_orders_placed,total_successful_orders,first_order_at,latest_order_at,lifetime_net_revenue,lifetime_gross_profit,lifetime_items_purchased,average_order_value,customer_segment_tier
CUST_1893,Chris Smith,chris.smith1893@example.com,Semarang,Indonesia,2024-02-19,Mobile Safari,8,8,2024-02-21 20:00:00,2024-10-21 20:00:00,2172.36,909.78,15,271.55,VIP Champion
CUST_1556,Chris Jones,chris.jones1556@example.com,Bandung,Indonesia,2024-03-13,Web Desktop,9,9,2024-03-16 07:00:00,2024-12-17 09:00:00,2201.76,998.84,13,244.64,VIP Champion
CUST_1536,Alex Williams,alex.williams1536@example.com,Singapore,Indonesia,2024-02-28,Mobile Chrome,7,5,2024-03-11 10:00:00,2025-05-17 15:00:00,1254.03,521.85,7,250.81,VIP Champion
CUST_2002,Pat Rodriguez,pat.rodriguez2002@example.com,Singapore,Indonesia,2023-05-12,Web Desktop,8,8,2023-05-14 03:00:00,2024-03-27 17:00:00,2852.40,1194.47,17,356.55,VIP Champion
CUST_1039,Alex Rodriguez,alex.rodriguez1039@example.com,Bandung,Indonesia,2023-05-04,Mobile Chrome,6,5,2023-05-07 02:00:00,2024-04-16 11:00:00,2140.19,886.46,14,428.04,VIP Champion
CUST_1754,Pat Smith,pat.smith1754@example.com,Kuala Lumpur,Indonesia,2023-03-17,iOS App,12,12,2023-03-17 20:00:00,2023-10-17 06:00:00,4134.08,1799.46,23,344.51,VIP Champion
CUST_1062,Dakota Martinez,dakota.martinez1062@example.com,Surabaya,Indonesia,2024-01-21,iOS App,6,6,2024-02-07 05:00:00,2024-05-22 04:00:00,1761.45,776.70,10,293.58,VIP Champion
CUST_1717,Jordan Davis,jordan.davis1717@example.com,Singapore,Southeast Asia,2023-03-15,Web Desktop,6,5,2023-03-26 15:00:00,2023-09-03 06:00:00,2764.69,1042.19,17,552.94,VIP Champion
CUST_1146,Alex Martinez,alex.martinez1146@example.com,Jakarta,Indonesia,2023-10-19,Web Desktop,7,6,2023-10-19 10:00:00,2024-06-21 08:00:00,1629.40,634.52,14,271.57,VIP Champion
CUST_1657,Avery Garcia,avery.garcia1657@example.com,Medan,Indonesia,2023-09-17,Web Desktop,12,10,2023-09-23 00:00:00,2025-03-22 17:00:00,2566.45,1123.01,17,256.65,VIP Champion
CUST_1987,Dakota Smith,dakota.smith1987@example.com,Singapore,Indonesia,2023-01-07,Mobile Safari,3,3,2023-01-12 02:00:00,2023-07-05 09:00:00,464.24,162.65,3,154.75,Regular Customer
CUST_1330,Dakota Brown,dakota.brown1330@example.com,Singapore,Indonesia,2024-01-05,Mobile Chrome,5,5,2024-02-08 02:00:00,2024-08-14 21:00:00,1478.46,577.55,14,295.69,VIP Champion
CUST_1684,Morgan Williams,morgan.williams1684@example.com,Bandung,Indonesia,2024-01-19,Mobile Safari,10,9,2024-01-27 12:00:00,2024-09-16 19:00:00,2391.57,904.91,15,265.73,VIP Champion
CUST_1254,Chris Miller,chris.miller1254@example.com,Kuala Lumpur,Southeast Asia,2024-03-15,Web Desktop,7,7,2024-03-18 23:00:00,2024-08-22 03:00:00,1925.66,819.91,11,275.09,VIP Champion
CUST_2046,Jamie Smith,jamie.smith2046@example.com,Jakarta,Indonesia,2023-01-28,Android App,7,7,2023-01-31 14:00:00,2023-05-25 07:00:00,4373.41,1756.68,30,624.77,VIP Champion
CUST_2187,Sam Johnson,sam.johnson2187@example.com,Kuala Lumpur,Indonesia,2023-01-18,Android App,8,8,2023-01-28 14:00:00,2023-04-23 09:00:00,1203.02,495.20,9,150.38,VIP Champion
CUST_1416,Alex Davis,alex.davis1416@example.com,Jakarta,Indonesia,2024-01-28,Mobile Safari,10,7,2024-01-28 20:00:00,2025-06-18 04:00:00,3101.41,1345.38,19,443.06,VIP Champion
CUST_1042,Alex Davis,alex.davis1042@example.com,Kuala Lumpur,Southeast Asia,2023-05-08,iOS App,6,5,2023-07-06 23:00:00,2023-10-07 06:00:00,2590.30,1128.67,16,518.06,VIP Champion
CUST_1324,Alex Davis,alex.davis1324@example.com,Bangkok,Indonesia,2024-04-04,Web Desktop,8,8,2024-04-12 18:00:00,2024-10-24 16:00:00,3440.67,1519.82,19,430.08,VIP Champion
CUST_1755,Chris Rodriguez,chris.rodriguez1755@example.com,Kuala Lumpur,Indonesia,2023-10-12,Mobile Chrome,5,5,2023-11-09 03:00:00,2025-03-21 02:00:00,977.07,384.60,8,195.41,Loyal High Value
CUST_2018,Chris Garcia,chris.garcia2018@example.com,Semarang,Indonesia,2023-03-18,Android App,6,6,2023-04-23 08:00:00,2023-08-11 06:00:00,1659.93,682.64,8,276.66,VIP Champion
CUST_1973,Taylor Smith,taylor.smith1973@example.com,Medan,Indonesia,2023-05-11,Web Desktop,11,10,2023-05-15 08:00:00,2023-10-23 20:00:00,4474.53,1905.72,28,447.45,VIP Champion
CUST_1632,Taylor Garcia,taylor.garcia1632@example.com,Medan,Indonesia,2023-01-17,Mobile Chrome,7,7,2023-01-23 09:00:00,2023-06-26 06:00:00,2810.79,1206.33,18,401.54,VIP Champion
CUST_1874,Pat Johnson,pat.johnson1874@example.com,Medan,Southeast Asia,2023-12-06,iOS App,6,5,2024-01-06 02:00:00,2024-05-04 19:00:00,1599.01,613.84,11,319.8,VIP Champion
CUST_1069,Jamie Jones,jamie.jones1069@example.com,Bangkok,Indonesia,2024-04-25,Mobile Safari,10,10,2024-04-25 15:00:00,2024-11-17 01:00:00,3166.71,1307.30,19,316.67,VIP Champion
CUST_1265,Sam Johnson,sam.johnson1265@example.com,Medan,Indonesia,2024-04-16,Web Desktop,8,7,2024-05-01 07:00:00,2025-02-19 22:00:00,1821.09,695.51,10,260.16,VIP Champion
CUST_1860,Taylor Garcia,taylor.garcia1860@example.com,Jakarta,Indonesia,2023-07-19,Web Desktop,2,2,2023-07-20 22:00:00,2023-09-13 11:00:00,451.40,158.06,5,225.7,Regular Customer
CUST_1188,Alex Martinez,alex.martinez1188@example.com,Singapore,Indonesia,2024-01-28,iOS App,6,5,2024-01-28 10:00:00,2024-06-04 00:00:00,1268.07,503.07,11,253.61,VIP Champion
CUST_1790,Jamie Jones,jamie.jones1790@example.com,Singapore,Indonesia,2024-01-13,Mobile Safari,9,9,2024-01-25 16:00:00,2024-07-30 18:00:00,2501.90,1009.48,17,277.99,VIP Champion
CUST_2054,Riley Miller,riley.miller2054@example.com,Surabaya,Indonesia,2024-02-06,Mobile Chrome,9,8,2024-02-12 21:00:00,2024-06-23 16:00:00,2615.29,988.27,16,326.91,VIP Champion
CUST_1107,Jamie Garcia,jamie.garcia1107@example.com,Bandung,Indonesia,2023-06-16,Web Desktop,5,5,2023-06-24 20:00:00,2024-01-09 02:00:00,1318.49,499.53,9,263.7,VIP Champion
CUST_1415,Chris Martinez,chris.martinez1415@example.com,Surabaya,Southeast Asia,2023-01-21,iOS App,6,5,2023-01-28 17:00:00,2023-10-11 13:00:00,1239.58,424.49,9,247.92,VIP Champion
CUST_2037,Pat Garcia,pat.garcia2037@example.com,Bangkok,Indonesia,2023-05-30,Web Desktop,7,6,2023-06-01 21:00:00,2023-09-15 19:00:00,1488.86,735.13,10,248.14,VIP Champion
CUST_2040,Pat Miller,pat.miller2040@example.com,Singapore,Southeast Asia,2023-12-18,Android App,7,4,2023-12-29 20:00:00,2024-12-14 01:00:00,891.10,406.71,6,222.78,Loyal High Value
CUST_1436,Chris Garcia,chris.garcia1436@example.com,Jakarta,Southeast Asia,2023-08-23,Mobile Chrome,6,6,2023-08-26 07:00:00,2024-03-20 16:00:00,2609.29,1018.94,18,434.88,VIP Champion
CUST_2060,Jordan Johnson,jordan.johnson2060@example.com,Semarang,Indonesia,2023-04-03,Mobile Chrome,8,6,2023-04-08 14:00:00,2024-02-12 15:00:00,859.33,349.43,11,143.22,Loyal High Value
CUST_1446,Alex Rodriguez,alex.rodriguez1446@example.com,Semarang,Indonesia,2024-02-22,Web Desktop,9,9,2024-03-03 10:00:00,2025-02-07 02:00:00,2510.84,1001.75,15,278.98,VIP Champion
CUST_1898,Taylor Smith,taylor.smith1898@example.com,Bandung,Indonesia,2024-02-23,Web Desktop,6,6,2024-04-27 08:00:00,2024-08-13 10:00:00,3233.51,1344.53,18,538.92,VIP Champion
CUST_1222,Casey Garcia,casey.garcia1222@example.com,Bangkok,Indonesia,2023-08-07,Mobile Chrome,8,7,2023-08-12 23:00:00,2023-12-13 20:00:00,2392.42,998.34,13,341.77,VIP Champion
CUST_1984,Casey Martinez,casey.martinez1984@example.com,Singapore,Indonesia,2023-12-24,Web Desktop,7,7,2023-12-25 22:00:00,2024-06-27 11:00:00,1283.17,572.04,10,183.31,VIP Champion
CUST_1736,Morgan Davis,morgan.davis1736@example.com,Bandung,Indonesia,2023-06-23,iOS App,6,6,2023-07-04 22:00:00,2023-10-31 18:00:00,2075.10,904.27,14,345.85,VIP Champion
CUST_1595,Taylor Williams,taylor.williams1595@example.com,Bangkok,Southeast Asia,2024-01-05,Web Desktop,4,4,2024-04-08 18:00:00,2025-03-31 09:00:00,2005.16,922.79,9,501.29,Loyal High Value
CUST_1450,Avery Garcia,avery.garcia1450@example.com,Medan,Indonesia,2024-03-05,Mobile Chrome,5,4,2024-03-09 04:00:00,2024-12-06 18:00:00,1107.50,452.93,8,276.88,Loyal High Value
CUST_1173,Chris Smith,chris.smith1173@example.com,Kuala Lumpur,Indonesia,2023-01-23,iOS App,4,4,2023-01-31 10:00:00,2023-05-17 21:00:00,1486.38,648.00,8,371.6,Loyal High Value
CUST_2137,Pat Garcia,pat.garcia2137@example.com,Surabaya,Indonesia,2024-03-22,Android App,6,6,2024-03-26 10:00:00,2025-01-01 10:00:00,2663.34,1128.38,14,443.89,VIP Champion
CUST_1098,Jamie Rodriguez,jamie.rodriguez1098@example.com,Bandung,Indonesia,2024-03-11,Mobile Chrome,9,9,2024-03-22 18:00:00,2025-01-16 05:00:00,3018.86,1268.24,17,335.43,VIP Champion
CUST_1932,Taylor Miller,taylor.miller1932@example.com,Semarang,Indonesia,2023-02-03,Mobile Chrome,6,6,2023-02-04 10:00:00,2023-09-09 13:00:00,1356.42,585.35,11,226.07,VIP Champion
CUST_1145,Dakota Rodriguez,dakota.rodriguez1145@example.com,Jakarta,Indonesia,2023-10-09,Web Desktop,9,8,2023-10-10 11:00:00,2024-05-14 03:00:00,1859.19,768.19,15,232.4,VIP Champion
CUST_1570,Jamie Jones,jamie.jones1570@example.com,Kuala Lumpur,Indonesia,2023-02-04,Android App,9,9,2023-02-05 05:00:00,2023-08-12 18:00:00,3839.22,1687.78,20,426.58,VIP Champion
CUST_1529,Taylor Martinez,taylor.martinez1529@example.com,Semarang,Indonesia,2023-11-04,Mobile Chrome,2,2,2023-11-25 23:00:00,2024-08-06 02:00:00,724.23,284.29,5,362.12,Loyal High Value
CUST_1937,Morgan Johnson,morgan.johnson1937@example.com,Surabaya,Indonesia,2023-03-18,Mobile Safari,9,9,2023-03-25 13:00:00,2023-08-31 22:00:00,3406.95,1383.40,21,378.55,VIP Champion
CUST_1120,Taylor Garcia,taylor.garcia1120@example.com,Bandung,Indonesia,2023-03-23,iOS App,8,8,2023-04-07 17:00:00,2024-02-05 15:00:00,2194.74,877.60,12,274.34,VIP Champion
CUST_1953,Casey Johnson,casey.johnson1953@example.com,Medan,Indonesia,2023-06-25,Android App,7,6,2023-07-09 19:00:00,2024-08-21 03:00:00,1750.04,646.92,10,291.67,VIP Champion
CUST_1611,Alex Rodriguez,alex.rodriguez1611@example.com,Jakarta,Indonesia,2024-04-23,Android App,3,1,2024-04-27 02:00:00,2024-08-07 16:00:00,334.90,172.53,2,334.9,One-Time Buyer
CUST_1656,Casey Johnson,casey.johnson1656@example.com,Kuala Lumpur,Indonesia,2023-01-19,Android App,9,9,2023-01-25 06:00:00,2023-08-12 06:00:00,3476.05,1442.84,27,386.23,VIP Champion
CUST_1908,Pat Garcia,pat.garcia1908@example.com,Surabaya,Indonesia,2023-10-15,Android App,7,7,2023-11-04 10:00:00,2024-07-30 06:00:00,2328.31,988.69,15,332.62,VIP Champion
CUST_1288,Sam Williams,sam.williams1288@example.com,Surabaya,Southeast Asia,2023-09-14,Android App,3,3,2023-09-18 18:00:00,2023-10-21 13:00:00,1409.11,716.29,8,469.7,Loyal High Value
CUST_1986,Casey Garcia,casey.garcia1986@example.com,Jakarta,Southeast Asia,2023-02-23,Mobile Safari,7,6,2023-03-13 08:00:00,2023-11-03 22:00:00,1723.70,664.12,12,287.28,VIP Champion
CUST_1351,Chris Jones,chris.jones1351@example.com,Surabaya,Indonesia,2023-08-09,Mobile Chrome,5,5,2023-09-11 23:00:00,2024-04-28 04:00:00,3110.80,1418.51,16,622.16,VIP Champion
CUST_1783,Avery Smith,avery.smith1783@example.com,Kuala Lumpur,Indonesia,2024-02-04,Mobile Chrome,6,6,2024-02-07 08:00:00,2024-06-23 21:00:00,2510.28,1067.58,13,418.38,VIP Champion
CUST_1100,Pat Martinez,pat.martinez1100@example.com,Bandung,Southeast Asia,2023-05-13,Web Desktop,6,6,2023-06-02 01:00:00,2023-11-09 14:00:00,2639.43,1175.65,17,439.91,VIP Champion
CUST_2125,Jordan Garcia,jordan.garcia2125@example.com,Jakarta,Indonesia,2023-02-14,Android App,7,6,2023-02-26 20:00:00,2024-03-05 21:00:00,1559.01,722.77,9,259.83,VIP Champion
CUST_1843,Chris Williams,chris.williams1843@example.com,Bandung,Southeast Asia,2024-01-29,Mobile Safari,1,1,2024-04-23 20:00:00,2024-04-23 20:00:00,553.27,170.21,3,553.27,Loyal High Value
CUST_1845,Sam Martinez,sam.martinez1845@example.com,Kuala Lumpur,Indonesia,2023-03-25,Mobile Safari,4,3,2023-04-21 15:00:00,2023-08-13 13:00:00,1186.40,494.48,5,395.47,Loyal High Value
CUST_1178,Chris Rodriguez,chris.rodriguez1178@example.com,Semarang,Indonesia,2023-04-07,iOS App,4,4,2023-04-20 16:00:00,2024-08-09 00:00:00,1790.96,730.83,12,447.74,Loyal High Value
CUST_1135,Taylor Johnson,taylor.johnson1135@example.com,Jakarta,Indonesia,2023-11-04,Mobile Safari,7,6,2023-11-14 23:00:00,2024-04-13 20:00:00,1540.13,633.87,10,256.69,VIP Champion
CUST_1509,Morgan Martinez,morgan.martinez1509@example.com,Kuala Lumpur,Indonesia,2024-02-13,Mobile Chrome,4,4,2024-02-29 08:00:00,2024-04-03 23:00:00,1357.65,534.18,8,339.41,Loyal High Value
CUST_2117,Jordan Smith,jordan.smith2117@example.com,Semarang,Indonesia,2023-11-04,Mobile Chrome,13,12,2023-11-05 15:00:00,2025-08-23 06:00:00,4705.64,1818.18,30,392.14,VIP Champion
CUST_1601,Taylor Garcia,taylor.garcia1601@example.com,Surabaya,Indonesia,2023-01-16,Android App,11,11,2023-01-23 13:00:00,2023-05-23 14:00:00,4168.80,1733.96,29,378.98,VIP Champion
CUST_1299,Chris Garcia,chris.garcia1299@example.com,Medan,Indonesia,2023-04-02,Android App,4,3,2023-05-13 16:00:00,2024-02-10 12:00:00,941.51,351.83,7,313.84,Loyal High Value
CUST_1649,Sam Brown,sam.brown1649@example.com,Jakarta,Indonesia,2023-11-04,iOS App,10,9,2023-11-12 11:00:00,2024-10-10 18:00:00,3084.79,1256.15,20,342.75,VIP Champion
CUST_1924,Dakota Davis,dakota.davis1924@example.com,Kuala Lumpur,Indonesia,2023-09-20,Mobile Safari,9,9,2023-09-28 19:00:00,2024-05-26 08:00:00,2417.26,990.54,19,268.58,VIP Champion
CUST_1348,Taylor Rodriguez,taylor.rodriguez1348@example.com,Jakarta,Indonesia,2024-02-21,Web Desktop,3,3,2024-02-27 05:00:00,2024-04-02 14:00:00,733.52,276.60,4,244.51,Loyal High Value
CUST_1827,Riley Martinez,riley.martinez1827@example.com,Medan,Indonesia,2023-02-08,Mobile Chrome,8,7,2023-02-12 11:00:00,2023-07-02 06:00:00,2006.18,945.56,13,286.6,VIP Champion
CUST_1811,Alex Davis,alex.davis1811@example.com,Singapore,Indonesia,2024-04-04,iOS App,5,5,2024-06-04 02:00:00,2024-10-29 13:00:00,2056.92,865.44,12,411.38,VIP Champion
CUST_2191,Morgan Smith,morgan.smith2191@example.com,Semarang,Indonesia,2024-03-06,Mobile Safari,7,7,2024-03-17 22:00:00,2024-07-30 21:00:00,1585.23,682.04,13,226.46,VIP Champion
CUST_2017,Taylor Williams,taylor.williams2017@example.com,Medan,Indonesia,2023-09-23,Web Desktop,5,4,2023-10-12 09:00:00,2024-03-13 09:00:00,1788.39,774.14,11,447.1,Loyal High Value
CUST_2156,Morgan Martinez,morgan.martinez2156@example.com,Surabaya,Indonesia,2024-04-03,iOS App,9,8,2024-04-25 02:00:00,2024-10-04 07:00:00,2614.69,1126.77,19,326.84,VIP Champion
CUST_1862,Pat Smith,pat.smith1862@example.com,Bandung,Indonesia,2023-01-06,Mobile Safari,5,5,2023-01-06 16:00:00,2023-06-25 21:00:00,1143.91,492.97,7,228.78,VIP Champion
CUST_2177,Avery Garcia,avery.garcia2177@example.com,Semarang,Indonesia,2023-08-30,Mobile Safari,4,4,2023-11-01 08:00:00,2024-04-02 06:00:00,1186.56,528.86,7,296.64,Loyal High Value
CUST_1253,Jamie Martinez,jamie.martinez1253@example.com,Semarang,Indonesia,2023-10-20,Mobile Safari,5,5,2023-10-25 21:00:00,2024-08-01 01:00:00,2123.02,844.98,13,424.6,VIP Champion
CUST_1291,Sam Davis,sam.davis1291@example.com,Bandung,Indonesia,2023-03-20,Mobile Safari,11,10,2023-03-26 13:00:00,2023-09-19 12:00:00,3591.22,1355.87,19,359.12,VIP Champion
CUST_1142,Avery Williams,avery.williams1142@example.com,Semarang,Indonesia,2024-02-07,Mobile Safari,4,3,2024-02-12 01:00:00,2024-05-17 19:00:00,395.57,145.16,3,131.86,Regular Customer
CUST_1442,Sam Williams,sam.williams1442@example.com,Medan,Indonesia,2024-03-24,Android App,10,9,2024-03-25 18:00:00,2025-01-22 07:00:00,3924.15,1729.57,25,436.02,VIP Champion
CUST_1052,Riley Davis,riley.davis1052@example.com,Bandung,Indonesia,2023-05-15,iOS App,7,7,2023-05-16 19:00:00,2024-04-16 18:00:00,2171.08,1026.03,13,310.15,VIP Champion
CUST_1009,Morgan Rodriguez,morgan.rodriguez1009@example.com,Singapore,Indonesia,2023-11-12,iOS App,8,6,2023-11-16 01:00:00,2024-02-21 05:00:00,3465.41,1501.34,16,577.57,VIP Champion
CUST_2161,Pat Davis,pat.davis2161@example.com,Bangkok,Southeast Asia,2023-11-18,Web Desktop,10,10,2023-11-19 19:00:00,2024-04-15 15:00:00,2295.54,986.60,17,229.55,VIP Champion
CUST_1303,Alex Davis,alex.davis1303@example.com,Semarang,Indonesia,2024-04-03,iOS App,6,6,2024-04-20 00:00:00,2024-07-04 23:00:00,3158.36,1289.72,17,526.39,VIP Champion
CUST_2197,Jamie Johnson,jamie.johnson2197@example.com,Semarang,Indonesia,2023-03-18,Android App,5,5,2023-03-21 13:00:00,2024-01-04 15:00:00,1699.43,746.50,10,339.89,VIP Champion
CUST_1642,Avery Brown,avery.brown1642@example.com,Bangkok,Southeast Asia,2023-03-31,Mobile Chrome,8,8,2023-04-15 18:00:00,2023-09-19 10:00:00,2623.49,1153.35,18,327.94,VIP Champion
CUST_1741,Chris Martinez,chris.martinez1741@example.com,Medan,Indonesia,2023-06-17,Web Desktop,9,8,2023-07-08 13:00:00,2024-04-06 19:00:00,3683.89,1563.73,21,460.49,VIP Champion
CUST_1211,Taylor Brown,taylor.brown1211@example.com,Medan,Indonesia,2023-10-12,iOS App,11,11,2023-10-13 06:00:00,2024-05-23 16:00:00,2904.57,1204.91,23,264.05,VIP Champion
CUST_1440,Pat Miller,pat.miller1440@example.com,Kuala Lumpur,Southeast Asia,2023-04-18,Mobile Chrome,11,10,2023-04-23 18:00:00,2023-12-27 23:00:00,4335.92,2013.15,24,433.59,VIP Champion
CUST_1231,Casey Davis,casey.davis1231@example.com,Jakarta,Indonesia,2023-01-17,Web Desktop,4,3,2023-01-17 07:00:00,2023-04-19 18:00:00,827.62,336.15,5,275.87,Loyal High Value
CUST_1525,Sam Jones,sam.jones1525@example.com,Medan,Indonesia,2023-10-31,Mobile Safari,3,2,2023-10-31 12:00:00,2024-01-02 12:00:00,343.77,162.04,3,171.89,Regular Customer
CUST_1907,Chris Davis,chris.davis1907@example.com,Semarang,Indonesia,2023-05-02,Mobile Safari,8,8,2023-05-08 05:00:00,2023-11-10 16:00:00,3184.01,1352.22,20,398.0,VIP Champion
CUST_2139,Riley Davis,riley.davis2139@example.com,Bangkok,Indonesia,2024-01-01,Mobile Chrome,8,7,2024-01-01 05:00:00,2024-03-06 18:00:00,1414.22,612.86,14,202.03,VIP Champion
CUST_1618,Jamie Rodriguez,jamie.rodriguez1618@example.com,Kuala Lumpur,Indonesia,2023-04-30,Mobile Chrome,7,7,2023-05-02 06:00:00,2023-08-26 20:00:00,2087.95,909.58,16,298.28,VIP Champion
CUST_1718,Pat Miller,pat.miller1718@example.com,Semarang,Southeast Asia,2023-08-07,Mobile Safari,7,6,2023-08-15 21:00:00,2024-03-30 20:00:00,3097.30,1211.10,21,516.22,VIP Champion
CUST_1476,Jamie Rodriguez,jamie.rodriguez1476@example.com,Jakarta,Indonesia,2024-03-20,Mobile Chrome,8,6,2024-04-04 02:00:00,2024-12-20 01:00:00,1376.47,475.86,12,229.41,VIP Champion
CUST_1114,Alex Smith,alex.smith1114@example.com,Singapore,Indonesia,2024-01-08,iOS App,7,6,2024-01-26 18:00:00,2025-08-13 03:00:00,2129.52,839.64,15,354.92,VIP Champion
CUST_1322,Riley Miller,riley.miller1322@example.com,Medan,Indonesia,2024-04-17,iOS App,5,5,2024-05-17 07:00:00,2024-10-11 17:00:00,1094.69,453.55,11,218.94,VIP Champion
CUST_1310,Riley Miller,riley.miller1310@example.com,Kuala Lumpur,Indonesia,2023-11-05,Mobile Safari,7,6,2023-11-12 14:00:00,2024-02-17 01:00:00,2296.21,960.37,14,382.7,VIP Champion
CUST_1868,Jamie Davis,jamie.davis1868@example.com,Bangkok,Indonesia,2024-04-16,Mobile Safari,8,8,2024-05-03 03:00:00,2024-09-22 07:00:00,2360.38,1060.46,16,295.05,VIP Champion
CUST_2173,Sam Garcia,sam.garcia2173@example.com,Medan,Indonesia,2023-05-01,Web Desktop,12,10,2023-05-06 02:00:00,2024-03-19 22:00:00,2915.94,1228.98,20,291.59,VIP Champion
CUST_1077,Chris Miller,chris.miller1077@example.com,Medan,Indonesia,2024-03-26,Web Desktop,5,5,2024-04-17 04:00:00,2024-11-16 13:00:00,2010.21,841.35,11,402.04,VIP Champion
CUST_1183,Morgan Martinez,morgan.martinez1183@example.com,Bandung,Indonesia,2023-10-26,Web Desktop,7,6,2023-10-29 09:00:00,2024-01-29 14:00:00,2461.26,1046.11,19,410.21,VIP Champion
CUST_1728,Avery Johnson,avery.johnson1728@example.com,Singapore,Indonesia,2023-10-10,Mobile Safari,6,6,2023-11-01 16:00:00,2024-02-29 20:00:00,1816.43,777.48,10,302.74,VIP Champion
CUST_1836,Casey Garcia,casey.garcia1836@example.com,Medan,Indonesia,2023-07-30,Web Desktop,5,5,2023-08-01 08:00:00,2023-11-19 17:00:00,1348.45,438.33,10,269.69,VIP Champion
CUST_1903,Casey Miller,casey.miller1903@example.com,Surabaya,Southeast Asia,2023-02-14,Mobile Safari,8,8,2023-03-06 16:00:00,2023-10-15 04:00:00,2840.42,1241.28,15,355.05,VIP Champion
CUST_2090,Jordan Johnson,jordan.johnson2090@example.com,Semarang,Indonesia,2024-03-30,Mobile Chrome,7,7,2024-04-11 12:00:00,2024-11-24 02:00:00,2526.49,967.39,17,360.93,VIP Champion
CUST_2104,Chris Smith,chris.smith2104@example.com,Bandung,Indonesia,2023-08-17,Android App,8,8,2023-08-19 02:00:00,2025-04-02 03:00:00,1818.02,729.29,14,227.25,VIP Champion
CUST_1469,Chris Martinez,chris.martinez1469@example.com,Semarang,Indonesia,2023-08-05,iOS App,4,3,2023-08-29 23:00:00,2024-03-03 18:00:00,982.60,358.57,5,327.53,Loyal High Value
CUST_1878,Morgan Rodriguez,morgan.rodriguez1878@example.com,Bangkok,Indonesia,2023-10-04,Mobile Chrome,10,9,2023-10-10 14:00:00,2024-01-05 22:00:00,3045.23,1489.62,19,338.36,VIP Champion
CUST_1742,Sam Johnson,sam.johnson1742@example.com,Kuala Lumpur,Indonesia,2023-12-20,Web Desktop,6,5,2024-01-01 12:00:00,2024-08-11 18:00:00,1647.24,730.60,14,329.45,VIP Champion
CUST_1234,Sam Smith,sam.smith1234@example.com,Jakarta,Southeast Asia,2024-03-20,iOS App,9,9,2024-03-21 18:00:00,2024-07-24 14:00:00,2774.53,1102.12,20,308.28,VIP Champion
CUST_2158,Jamie Martinez,jamie.martinez2158@example.com,Medan,Indonesia,2023-05-29,Android App,7,5,2023-06-06 04:00:00,2024-02-11 22:00:00,1967.00,751.11,15,393.4,VIP Champion
CUST_1326,Avery Rodriguez,avery.rodriguez1326@example.com,Semarang,Indonesia,2023-09-14,Web Desktop,3,3,2023-09-22 04:00:00,2023-10-27 06:00:00,1249.14,511.97,6,416.38,Loyal High Value
CUST_1961,Dakota Jones,dakota.jones1961@example.com,Semarang,Indonesia,2024-03-27,Mobile Safari,6,5,2024-04-24 08:00:00,2024-12-26 22:00:00,1304.83,537.48,6,260.97,VIP Champion
CUST_1599,Jordan Brown,jordan.brown1599@example.com,Kuala Lumpur,Indonesia,2024-02-18,Web Desktop,3,3,2024-03-11 02:00:00,2024-09-23 01:00:00,392.82,167.30,3,130.94,Regular Customer
CUST_1456,Morgan Miller,morgan.miller1456@example.com,Kuala Lumpur,Indonesia,2023-04-23,Mobile Safari,4,4,2023-06-22 12:00:00,2023-12-27 17:00:00,2086.51,936.08,13,521.63,Loyal High Value
CUST_1314,Avery Davis,avery.davis1314@example.com,Semarang,Indonesia,2024-02-08,Mobile Safari,8,8,2024-03-04 06:00:00,2024-10-28 11:00:00,2831.99,1123.58,21,354.0,VIP Champion
CUST_1922,Chris Rodriguez,chris.rodriguez1922@example.com,Bandung,Indonesia,2023-12-30,Android App,8,7,2024-02-01 22:00:00,2025-03-01 22:00:00,4097.26,1714.40,23,585.32,VIP Champion
CUST_1422,Sam Brown,sam.brown1422@example.com,Bangkok,Indonesia,2023-10-04,Mobile Safari,8,7,2023-10-09 18:00:00,2024-05-17 11:00:00,2318.00,1049.84,16,331.14,VIP Champion
CUST_1134,Jordan Garcia,jordan.garcia1134@example.com,Surabaya,Indonesia,2023-11-02,Web Desktop,5,5,2023-11-04 18:00:00,2024-08-15 01:00:00,1818.85,800.22,10,363.77,VIP Champion
CUST_1828,Morgan Jones,morgan.jones1828@example.com,Singapore,Southeast Asia,2023-10-09,Android App,7,7,2023-10-22 14:00:00,2024-05-13 17:00:00,1784.67,622.75,12,254.95,VIP Champion
CUST_1182,Morgan Johnson,morgan.johnson1182@example.com,Kuala Lumpur,Indonesia,2024-02-15,Mobile Safari,4,4,2024-03-30 17:00:00,2024-08-07 07:00:00,1536.42,581.59,10,384.11,Loyal High Value
CUST_1262,Casey Brown,casey.brown1262@example.com,Semarang,Indonesia,2024-02-02,iOS App,5,5,2024-03-13 05:00:00,2024-11-26 19:00:00,1831.41,655.67,12,366.28,VIP Champion
CUST_1877,Alex Brown,alex.brown1877@example.com,Semarang,Indonesia,2023-10-21,Android App,7,7,2023-11-25 12:00:00,2024-05-05 01:00:00,2811.72,1069.07,15,401.67,VIP Champion
CUST_1402,Jordan Davis,jordan.davis1402@example.com,Jakarta,Indonesia,2024-04-07,iOS App,4,3,2024-05-21 13:00:00,2024-10-06 11:00:00,1416.32,651.25,9,472.11,Loyal High Value
CUST_1047,Taylor Williams,taylor.williams1047@example.com,Bangkok,Southeast Asia,2023-10-31,iOS App,7,7,2023-11-11 03:00:00,2024-05-21 20:00:00,1679.02,717.23,12,239.86,VIP Champion
CUST_1225,Alex Williams,alex.williams1225@example.com,Medan,Indonesia,2023-06-30,Mobile Chrome,5,4,2023-07-17 23:00:00,2024-03-11 00:00:00,1418.70,613.14,10,354.68,Loyal High Value
CUST_1157,Dakota Davis,dakota.davis1157@example.com,Jakarta,Indonesia,2023-11-07,Web Desktop,7,7,2023-11-18 20:00:00,2024-12-02 02:00:00,3327.75,1445.22,18,475.39,VIP Champion
CUST_1204,Avery Martinez,avery.martinez1204@example.com,Singapore,Indonesia,2024-04-11,iOS App,5,5,2024-04-28 20:00:00,2024-12-02 01:00:00,1931.73,790.36,10,386.35,VIP Champion
CUST_1432,Jordan Garcia,jordan.garcia1432@example.com,Singapore,Southeast Asia,2024-05-14,Mobile Safari,3,3,2024-10-17 06:00:00,2025-02-13 15:00:00,724.41,289.95,5,241.47,Loyal High Value
CUST_2059,Taylor Rodriguez,taylor.rodriguez2059@example.com,Semarang,Indonesia,2023-11-04,Mobile Safari,4,4,2023-11-20 07:00:00,2024-04-17 14:00:00,1082.71,410.86,11,270.68,Loyal High Value
CUST_1088,Avery Davis,avery.davis1088@example.com,Surabaya,Indonesia,2023-04-03,Android App,4,4,2023-04-20 18:00:00,2023-08-16 10:00:00,2018.87,947.87,11,504.72,Loyal High Value
CUST_1873,Taylor Rodriguez,taylor.rodriguez1873@example.com,Medan,Indonesia,2023-06-30,Android App,2,2,2023-07-06 03:00:00,2023-10-29 23:00:00,536.71,263.25,4,268.36,Loyal High Value
CUST_1695,Pat Rodriguez,pat.rodriguez1695@example.com,Surabaya,Indonesia,2023-03-22,Mobile Chrome,5,5,2023-03-22 12:00:00,2023-09-12 19:00:00,2107.41,828.75,15,421.48,VIP Champion
CUST_1150,Pat Jones,pat.jones1150@example.com,Surabaya,Indonesia,2023-01-28,iOS App,2,2,2023-01-30 10:00:00,2023-02-14 07:00:00,1552.60,589.91,9,776.3,Loyal High Value
CUST_1658,Jordan Smith,jordan.smith1658@example.com,Bandung,Indonesia,2023-04-17,Android App,6,5,2023-04-26 09:00:00,2024-01-21 08:00:00,1708.14,675.33,12,341.63,VIP Champion
CUST_2080,Riley Davis,riley.davis2080@example.com,Bandung,Southeast Asia,2023-07-15,Mobile Chrome,8,8,2023-07-21 18:00:00,2023-10-11 15:00:00,2004.28,866.67,12,250.54,VIP Champion
CUST_2140,Casey Johnson,casey.johnson2140@example.com,Jakarta,Indonesia,2023-12-18,iOS App,8,8,2023-12-24 21:00:00,2024-06-27 11:00:00,5353.76,2085.95,28,669.22,VIP Champion
CUST_1281,Jamie Brown,jamie.brown1281@example.com,Bandung,Indonesia,2023-09-08,Mobile Safari,7,6,2023-09-18 14:00:00,2024-03-02 11:00:00,2131.61,905.77,12,355.27,VIP Champion
CUST_2114,Jordan Smith,jordan.smith2114@example.com,Singapore,Indonesia,2023-01-31,Android App,4,3,2023-02-08 19:00:00,2023-10-15 07:00:00,1446.89,626.24,8,482.3,Loyal High Value
CUST_1161,Jamie Jones,jamie.jones1161@example.com,Surabaya,Indonesia,2023-11-22,Web Desktop,11,11,2023-11-22 04:00:00,2024-11-15 17:00:00,3407.15,1414.70,24,309.74,VIP Champion
CUST_1498,Pat Jones,pat.jones1498@example.com,Bandung,Indonesia,2023-01-25,iOS App,9,8,2023-02-07 07:00:00,2023-11-20 08:00:00,3221.89,1238.79,25,402.74,VIP Champion
CUST_1026,Dakota Brown,dakota.brown1026@example.com,Bangkok,Indonesia,2023-01-13,Web Desktop,10,8,2023-01-18 06:00:00,2023-10-23 01:00:00,4035.63,1534.46,21,504.45,VIP Champion
CUST_1702,Sam Smith,sam.smith1702@example.com,Bandung,Indonesia,2024-03-28,Mobile Chrome,7,7,2024-04-14 20:00:00,2024-11-24 10:00:00,2096.71,777.64,14,299.53,VIP Champion
CUST_1816,Dakota Davis,dakota.davis1816@example.com,Bangkok,Indonesia,2023-12-30,Mobile Safari,12,12,2024-01-08 06:00:00,2024-10-22 21:00:00,3789.47,1753.57,24,315.79,VIP Champion
CUST_1855,Jamie Williams,jamie.williams1855@example.com,Surabaya,Indonesia,2023-11-27,Mobile Safari,12,10,2023-12-02 12:00:00,2025-08-07 08:00:00,3618.06,1559.53,22,361.81,VIP Champion
CUST_1413,Morgan Miller,morgan.miller1413@example.com,Surabaya,Indonesia,2023-04-27,Android App,5,5,2023-06-07 23:00:00,2024-03-07 13:00:00,1768.23,736.51,10,353.65,VIP Champion
CUST_1168,Sam Johnson,sam.johnson1168@example.com,Semarang,Indonesia,2023-11-30,iOS App,4,4,2023-12-24 02:00:00,2024-07-23 14:00:00,1334.55,510.38,11,333.64,Loyal High Value
CUST_1214,Jordan Jones,jordan.jones1214@example.com,Bandung,Southeast Asia,2024-03-03,Mobile Safari,7,6,2024-03-10 10:00:00,2024-07-28 21:00:00,1713.05,632.94,15,285.51,VIP Champion
CUST_1700,Alex Johnson,alex.johnson1700@example.com,Kuala Lumpur,Indonesia,2023-07-08,Web Desktop,8,6,2023-07-24 01:00:00,2024-03-13 01:00:00,1793.94,743.36,11,298.99,VIP Champion
CUST_1297,Chris Rodriguez,chris.rodriguez1297@example.com,Medan,Indonesia,2023-10-16,Web Desktop,7,7,2023-10-24 14:00:00,2024-04-06 08:00:00,1921.39,793.53,12,274.48,VIP Champion
CUST_1746,Chris Garcia,chris.garcia1746@example.com,Bangkok,Indonesia,2023-12-07,iOS App,7,6,2023-12-08 05:00:00,2024-08-10 23:00:00,2143.23,772.29,14,357.21,VIP Champion
CUST_1122,Sam Miller,sam.miller1122@example.com,Singapore,Indonesia,2023-10-16,iOS App,6,5,2023-10-28 00:00:00,2024-05-27 05:00:00,1892.01,836.93,12,378.4,VIP Champion
CUST_2055,Chris Jones,chris.jones2055@example.com,Singapore,Indonesia,2023-05-02,Web Desktop,10,9,2023-05-08 05:00:00,2023-12-22 02:00:00,3234.19,1180.33,22,359.35,VIP Champion
CUST_2124,Morgan Smith,morgan.smith2124@example.com,Kuala Lumpur,Indonesia,2024-03-13,Web Desktop,6,5,2024-03-25 03:00:00,2025-03-26 23:00:00,1192.72,492.17,9,238.54,VIP Champion
CUST_1891,Alex Garcia,alex.garcia1891@example.com,Semarang,Indonesia,2023-03-31,iOS App,8,6,2023-04-15 08:00:00,2023-12-06 19:00:00,1148.18,412.08,8,191.36,VIP Champion
CUST_1344,Casey Brown,casey.brown1344@example.com,Semarang,Indonesia,2023-04-08,Mobile Safari,11,10,2023-04-12 18:00:00,2024-08-02 00:00:00,4919.99,2225.31,27,492.0,VIP Champion
CUST_1489,Pat Rodriguez,pat.rodriguez1489@example.com,Surabaya,Indonesia,2024-01-14,Mobile Chrome,7,7,2024-01-14 05:00:00,2024-06-08 20:00:00,2578.77,1265.46,13,368.4,VIP Champion
CUST_1339,Avery Johnson,avery.johnson1339@example.com,Jakarta,Indonesia,2024-04-10,iOS App,8,8,2024-04-18 00:00:00,2024-12-04 03:00:00,2599.72,1025.36,16,324.96,VIP Champion
CUST_1762,Alex Williams,alex.williams1762@example.com,Surabaya,Indonesia,2023-07-14,Android App,13,12,2023-07-14 17:00:00,2024-01-22 12:00:00,4734.52,2060.57,28,394.54,VIP Champion
CUST_1138,Riley Jones,riley.jones1138@example.com,Singapore,Indonesia,2023-02-03,Mobile Chrome,3,3,2023-03-29 07:00:00,2023-12-01 20:00:00,1579.93,734.58,11,526.64,Loyal High Value
CUST_1325,Avery Williams,avery.williams1325@example.com,Singapore,Indonesia,2023-04-28,Mobile Chrome,4,4,2023-05-08 17:00:00,2023-07-29 10:00:00,1919.94,838.86,10,479.99,Loyal High Value
CUST_1480,Avery Jones,avery.jones1480@example.com,Surabaya,Indonesia,2023-01-05,iOS App,7,6,2023-01-15 18:00:00,2023-08-04 11:00:00,3659.11,1585.23,21,609.85,VIP Champion
CUST_1593,Taylor Garcia,taylor.garcia1593@example.com,Surabaya,Indonesia,2024-01-29,Mobile Chrome,7,7,2024-01-30 09:00:00,2024-09-27 03:00:00,3557.09,1633.09,16,508.16,VIP Champion
CUST_1821,Riley Jones,riley.jones1821@example.com,Singapore,Indonesia,2023-08-10,Mobile Chrome,3,3,2023-12-31 14:00:00,2024-01-16 10:00:00,1004.39,499.16,5,334.8,Loyal High Value
CUST_1500,Jamie Rodriguez,jamie.rodriguez1500@example.com,Singapore,Indonesia,2024-01-07,Web Desktop,4,4,2024-01-13 13:00:00,2024-06-26 04:00:00,2660.22,1167.76,11,665.06,Loyal High Value
CUST_1005,Sam Smith,sam.smith1005@example.com,Surabaya,Indonesia,2024-04-04,Mobile Safari,6,4,2024-04-04 15:00:00,2024-09-03 01:00:00,777.24,313.06,6,194.31,Loyal High Value
CUST_1949,Riley Smith,riley.smith1949@example.com,Bangkok,Indonesia,2023-11-29,Android App,9,8,2023-12-04 07:00:00,2024-10-18 23:00:00,1735.67,627.98,14,216.96,VIP Champion
CUST_2071,Taylor Garcia,taylor.garcia2071@example.com,Kuala Lumpur,Indonesia,2023-04-10,iOS App,10,8,2023-04-10 06:00:00,2023-12-16 06:00:00,2579.53,1126.64,13,322.44,VIP Champion
CUST_1686,Sam Miller,sam.miller1686@example.com,Surabaya,Southeast Asia,2023-11-10,Mobile Chrome,10,10,2023-11-16 15:00:00,2024-05-15 22:00:00,4280.99,1977.95,26,428.1,VIP Champion
CUST_2183,Dakota Johnson,dakota.johnson2183@example.com,Medan,Indonesia,2024-03-15,Mobile Safari,4,4,2024-03-29 02:00:00,2024-04-24 05:00:00,1228.22,570.52,7,307.06,Loyal High Value
CUST_1612,Jordan Garcia,jordan.garcia1612@example.com,Jakarta,Indonesia,2023-10-21,Android App,10,9,2023-11-17 17:00:00,2024-10-01 07:00:00,2780.69,1150.10,18,308.97,VIP Champion
CUST_1337,Sam Smith,sam.smith1337@example.com,Semarang,Indonesia,2023-09-21,Mobile Chrome,9,9,2023-09-27 13:00:00,2024-05-27 03:00:00,3568.31,1286.93,24,396.48,VIP Champion
CUST_1774,Casey Davis,casey.davis1774@example.com,Kuala Lumpur,Indonesia,2023-10-19,iOS App,9,9,2023-10-31 03:00:00,2024-04-11 01:00:00,3882.92,1674.21,22,431.44,VIP Champion
CUST_1276,Riley Williams,riley.williams1276@example.com,Singapore,Indonesia,2024-05-10,Android App,7,7,2024-05-26 04:00:00,2024-10-11 22:00:00,2472.14,1060.54,15,353.16,VIP Champion
CUST_1105,Alex Garcia,alex.garcia1105@example.com,Jakarta,Southeast Asia,2024-05-14,iOS App,8,8,2024-05-18 11:00:00,2025-04-21 02:00:00,3226.28,1485.27,20,403.29,VIP Champion
CUST_1406,Jamie Garcia,jamie.garcia1406@example.com,Surabaya,Indonesia,2023-08-19,Mobile Safari,10,9,2023-08-21 00:00:00,2023-12-25 23:00:00,4182.73,1856.45,23,464.75,VIP Champion
CUST_1359,Jordan Smith,jordan.smith1359@example.com,Medan,Indonesia,2023-03-18,Web Desktop,7,6,2023-03-19 11:00:00,2023-11-18 04:00:00,2688.51,1128.57,18,448.09,VIP Champion
CUST_1598,Morgan Williams,morgan.williams1598@example.com,Kuala Lumpur,Indonesia,2023-07-13,iOS App,9,9,2023-07-13 20:00:00,2023-12-09 10:00:00,3747.01,1535.69,22,416.33,VIP Champion
CUST_1366,Sam Brown,sam.brown1366@example.com,Bangkok,Indonesia,2023-02-19,Mobile Safari,6,5,2023-04-29 16:00:00,2023-07-06 00:00:00,1493.24,543.48,10,298.65,VIP Champion
CUST_1534,Jordan Smith,jordan.smith1534@example.com,Medan,Indonesia,2023-03-02,Web Desktop,3,2,2023-03-17 20:00:00,2023-05-09 22:00:00,1051.42,396.81,5,525.71,Loyal High Value
CUST_1963,Alex Rodriguez,alex.rodriguez1963@example.com,Kuala Lumpur,Indonesia,2023-11-06,Mobile Chrome,1,1,2024-03-14 07:00:00,2024-03-14 07:00:00,295.08,157.84,1,295.08,One-Time Buyer
CUST_1884,Riley Williams,riley.williams1884@example.com,Bandung,Indonesia,2023-01-30,Mobile Safari,7,7,2023-02-15 23:00:00,2023-05-25 15:00:00,2314.34,1031.15,15,330.62,VIP Champion
CUST_1863,Jordan Garcia,jordan.garcia1863@example.com,Semarang,Southeast Asia,2023-04-29,Mobile Safari,6,6,2023-05-29 08:00:00,2023-08-04 23:00:00,2817.01,1204.64,14,469.5,VIP Champion
CUST_2151,Morgan Jones,morgan.jones2151@example.com,Kuala Lumpur,Indonesia,2023-04-28,Mobile Safari,6,6,2023-05-05 01:00:00,2023-08-19 10:00:00,1753.76,725.49,13,292.29,VIP Champion
CUST_1090,Dakota Davis,dakota.davis1090@example.com,Jakarta,Indonesia,2024-02-24,iOS App,4,4,2024-02-25 19:00:00,2024-06-09 18:00:00,924.63,407.60,8,231.16,Loyal High Value
CUST_1453,Riley Davis,riley.davis1453@example.com,Singapore,Indonesia,2023-06-11,Mobile Safari,6,5,2023-06-30 20:00:00,2023-11-03 03:00:00,2672.13,1079.26,15,534.43,VIP Champion
CUST_1633,Dakota Rodriguez,dakota.rodriguez1633@example.com,Surabaya,Indonesia,2023-08-16,iOS App,8,7,2023-08-22 09:00:00,2024-03-22 15:00:00,1989.50,839.52,15,284.21,VIP Champion
CUST_1340,Jamie Davis,jamie.davis1340@example.com,Singapore,Southeast Asia,2023-12-11,iOS App,6,6,2024-01-03 03:00:00,2024-11-09 23:00:00,2636.71,1056.10,17,439.45,VIP Champion
CUST_1872,Taylor Davis,taylor.davis1872@example.com,Bandung,Indonesia,2023-01-05,iOS App,6,6,2023-01-06 06:00:00,2023-10-23 14:00:00,2195.62,847.67,12,365.94,VIP Champion
CUST_1906,Pat Johnson,pat.johnson1906@example.com,Singapore,Indonesia,2023-06-20,Mobile Chrome,5,5,2023-07-04 12:00:00,2023-09-16 23:00:00,1864.59,827.06,15,372.92,VIP Champion
CUST_1576,Alex Davis,alex.davis1576@example.com,Bandung,Indonesia,2023-05-05,Android App,6,5,2023-05-09 04:00:00,2024-03-22 00:00:00,2374.56,1060.40,14,474.91,VIP Champion
CUST_1380,Jordan Garcia,jordan.garcia1380@example.com,Bandung,Indonesia,2023-07-28,Mobile Safari,4,4,2023-08-10 02:00:00,2023-11-26 19:00:00,645.33,304.56,6,161.33,Loyal High Value
CUST_1328,Casey Jones,casey.jones1328@example.com,Semarang,Indonesia,2023-06-24,iOS App,6,6,2023-06-30 03:00:00,2023-10-30 12:00:00,2202.22,955.59,14,367.04,VIP Champion
CUST_1779,Jamie Johnson,jamie.johnson1779@example.com,Bangkok,Indonesia,2023-11-13,iOS App,7,7,2023-11-20 09:00:00,2024-07-01 18:00:00,2094.90,867.98,12,299.27,VIP Champion
CUST_1581,Sam Johnson,sam.johnson1581@example.com,Singapore,Indonesia,2023-09-24,Mobile Safari,9,9,2023-10-09 07:00:00,2024-05-22 01:00:00,3418.87,1235.28,20,379.87,VIP Champion
CUST_1759,Taylor Brown,taylor.brown1759@example.com,Jakarta,Indonesia,2023-06-11,Web Desktop,12,12,2023-06-11 20:00:00,2024-06-12 00:00:00,5012.22,2245.56,29,417.69,VIP Champion
CUST_2118,Alex Williams,alex.williams2118@example.com,Bandung,Indonesia,2024-01-20,Mobile Safari,5,4,2024-01-26 13:00:00,2025-02-15 12:00:00,660.59,262.72,5,165.15,Loyal High Value
CUST_1108,Pat Williams,pat.williams1108@example.com,Semarang,Indonesia,2023-06-22,Android App,6,5,2023-06-25 14:00:00,2023-11-13 06:00:00,826.15,301.21,7,165.23,Loyal High Value
CUST_1055,Alex Smith,alex.smith1055@example.com,Medan,Indonesia,2024-03-28,Web Desktop,7,5,2024-03-30 13:00:00,2024-11-05 10:00:00,2680.11,1201.22,19,536.02,VIP Champion
CUST_1327,Jamie Smith,jamie.smith1327@example.com,Bangkok,Indonesia,2023-11-09,Mobile Safari,5,3,2023-11-13 23:00:00,2024-01-19 09:00:00,867.48,333.45,7,289.16,Loyal High Value
CUST_1547,Morgan Smith,morgan.smith1547@example.com,Medan,Indonesia,2023-05-07,Web Desktop,6,5,2023-07-07 23:00:00,2024-08-21 08:00:00,1414.77,605.78,8,282.95,VIP Champion
CUST_1195,Jamie Williams,jamie.williams1195@example.com,Bangkok,Indonesia,2023-07-01,Mobile Safari,2,2,2023-07-25 07:00:00,2023-08-04 11:00:00,669.68,255.37,5,334.84,Loyal High Value
CUST_1278,Chris Brown,chris.brown1278@example.com,Bangkok,Indonesia,2024-02-08,Mobile Safari,5,5,2024-02-24 23:00:00,2024-07-22 03:00:00,1037.76,403.06,10,207.55,VIP Champion
CUST_1154,Jamie Williams,jamie.williams1154@example.com,Jakarta,Indonesia,2023-02-11,Mobile Safari,3,3,2023-03-23 03:00:00,2023-11-07 11:00:00,532.24,229.00,3,177.41,Loyal High Value
CUST_1323,Dakota Rodriguez,dakota.rodriguez1323@example.com,Surabaya,Southeast Asia,2023-01-28,Mobile Chrome,1,1,2023-08-26 14:00:00,2023-08-26 14:00:00,282.27,97.82,3,282.27,One-Time Buyer
CUST_1124,Dakota Smith,dakota.smith1124@example.com,Jakarta,Indonesia,2024-04-05,Web Desktop,6,6,2024-05-10 04:00:00,2025-01-18 02:00:00,1818.25,891.81,12,303.04,VIP Champion
CUST_1983,Chris Davis,chris.davis1983@example.com,Bandung,Southeast Asia,2023-09-20,Mobile Safari,4,3,2023-11-05 09:00:00,2024-04-24 22:00:00,713.46,323.59,5,237.82,Loyal High Value
CUST_1316,Morgan Martinez,morgan.martinez1316@example.com,Surabaya,Indonesia,2023-04-27,Android App,7,7,2023-05-10 05:00:00,2023-11-26 14:00:00,2104.18,900.15,17,300.6,VIP Champion
CUST_1477,Morgan Martinez,morgan.martinez1477@example.com,Singapore,Indonesia,2023-11-23,iOS App,3,3,2023-12-26 01:00:00,2024-04-28 17:00:00,1233.05,460.80,7,411.02,Loyal High Value
CUST_1361,Avery Martinez,avery.martinez1361@example.com,Medan,Indonesia,2024-03-15,iOS App,9,9,2024-03-27 01:00:00,2024-07-24 18:00:00,4634.55,1888.93,27,514.95,VIP Champion
CUST_1336,Morgan Johnson,morgan.johnson1336@example.com,Medan,Indonesia,2023-08-22,Android App,5,2,2023-09-06 19:00:00,2023-11-06 04:00:00,660.04,260.94,4,330.02,Loyal High Value
CUST_1795,Chris Rodriguez,chris.rodriguez1795@example.com,Singapore,Southeast Asia,2023-02-25,Mobile Chrome,7,7,2023-03-04 02:00:00,2023-06-14 03:00:00,1154.08,416.79,12,164.87,VIP Champion
CUST_1504,Alex Jones,alex.jones1504@example.com,Medan,Southeast Asia,2023-06-12,Web Desktop,4,4,2023-06-29 13:00:00,2023-10-05 22:00:00,1430.79,531.79,9,357.7,Loyal High Value
CUST_1006,Casey Smith,casey.smith1006@example.com,Bandung,Indonesia,2024-04-19,Mobile Safari,8,7,2024-05-04 21:00:00,2025-04-19 12:00:00,3883.60,1770.25,19,554.8,VIP Champion
CUST_1140,Chris Davis,chris.davis1140@example.com,Bangkok,Indonesia,2024-01-23,iOS App,13,11,2024-02-14 18:00:00,2024-12-22 00:00:00,3325.40,1410.85,19,302.31,VIP Champion
CUST_1474,Sam Martinez,sam.martinez1474@example.com,Surabaya,Indonesia,2023-01-21,Android App,7,7,2023-02-03 16:00:00,2023-05-25 20:00:00,3296.85,1360.85,23,470.98,VIP Champion
CUST_1447,Taylor Miller,taylor.miller1447@example.com,Bangkok,Indonesia,2023-03-11,Android App,5,5,2023-03-20 07:00:00,2023-08-15 16:00:00,1855.44,745.98,10,371.09,VIP Champion
CUST_1511,Jamie Smith,jamie.smith1511@example.com,Jakarta,Indonesia,2023-02-08,Mobile Chrome,6,5,2023-02-10 19:00:00,2024-05-25 12:00:00,1285.21,557.58,7,257.04,VIP Champion
CUST_1229,Taylor Brown,taylor.brown1229@example.com,Jakarta,Indonesia,2024-05-05,Mobile Chrome,9,7,2024-05-09 15:00:00,2024-09-02 05:00:00,2387.20,965.58,15,341.03,VIP Champion
CUST_2023,Casey Johnson,casey.johnson2023@example.com,Jakarta,Indonesia,2023-01-12,Android App,3,3,2023-01-14 05:00:00,2023-04-23 01:00:00,1662.43,863.78,9,554.14,Loyal High Value
CUST_1200,Dakota Davis,dakota.davis1200@example.com,Singapore,Indonesia,2023-07-30,Mobile Chrome,10,9,2023-07-31 14:00:00,2024-03-03 14:00:00,2715.69,1240.44,15,301.74,VIP Champion
CUST_1017,Casey Smith,casey.smith1017@example.com,Kuala Lumpur,Indonesia,2023-12-11,iOS App,8,6,2023-12-26 21:00:00,2024-10-12 19:00:00,749.02,327.86,7,124.84,Loyal High Value
CUST_1935,Morgan Rodriguez,morgan.rodriguez1935@example.com,Medan,Indonesia,2023-10-15,Mobile Chrome,5,5,2023-10-20 10:00:00,2024-10-07 22:00:00,2637.41,998.48,14,527.48,VIP Champion
CUST_2119,Dakota Garcia,dakota.garcia2119@example.com,Surabaya,Indonesia,2023-06-17,iOS App,9,8,2023-07-31 07:00:00,2024-01-20 08:00:00,4417.72,1983.91,22,552.22,VIP Champion
CUST_1752,Alex Jones,alex.jones1752@example.com,Jakarta,Indonesia,2023-11-13,Mobile Chrome,6,5,2023-11-21 13:00:00,2024-06-16 14:00:00,1278.39,535.41,10,255.68,VIP Champion
CUST_1552,Morgan Garcia,morgan.garcia1552@example.com,Semarang,Southeast Asia,2023-06-04,Web Desktop,4,4,2023-06-06 15:00:00,2023-08-23 17:00:00,1604.37,649.24,9,401.09,Loyal High Value
CUST_1558,Jamie Johnson,jamie.johnson1558@example.com,Bandung,Indonesia,2023-10-15,Mobile Safari,9,9,2023-11-11 18:00:00,2024-03-28 19:00:00,3018.53,1221.97,14,335.39,VIP Champion
CUST_1551,Taylor Garcia,taylor.garcia1551@example.com,Jakarta,Indonesia,2023-07-20,Web Desktop,6,6,2023-08-07 11:00:00,2023-10-21 02:00:00,1746.13,677.65,11,291.02,VIP Champion
CUST_2052,Pat Williams,pat.williams2052@example.com,Bangkok,Indonesia,2023-01-25,iOS App,5,4,2023-02-03 22:00:00,2023-03-31 02:00:00,1699.66,640.50,11,424.92,Loyal High Value
CUST_1871,Casey Martinez,casey.martinez1871@example.com,Bangkok,Indonesia,2024-02-08,Web Desktop,6,5,2024-02-24 05:00:00,2024-09-13 17:00:00,1536.43,583.14,8,307.29,VIP Champion
CUST_1825,Sam Brown,sam.brown1825@example.com,Semarang,Indonesia,2024-01-22,Mobile Safari,3,2,2024-01-31 06:00:00,2024-04-13 01:00:00,369.35,131.29,4,184.68,Regular Customer
CUST_1106,Morgan Brown,morgan.brown1106@example.com,Medan,Indonesia,2023-03-11,Mobile Chrome,7,5,2023-03-24 22:00:00,2023-10-17 13:00:00,2427.22,949.08,17,485.44,VIP Champion
CUST_2083,Jordan Brown,jordan.brown2083@example.com,Jakarta,Indonesia,2023-06-14,iOS App,8,6,2023-06-17 00:00:00,2023-11-09 11:00:00,1865.62,823.23,12,310.94,VIP Champion
CUST_2181,Taylor Johnson,taylor.johnson2181@example.com,Bangkok,Indonesia,2023-10-21,Mobile Chrome,9,9,2023-10-24 19:00:00,2024-11-30 15:00:00,3214.74,1417.48,19,357.19,VIP Champion
CUST_1486,Jamie Rodriguez,jamie.rodriguez1486@example.com,Surabaya,Indonesia,2023-06-17,iOS App,7,7,2023-06-30 11:00:00,2023-11-04 04:00:00,2252.40,1015.41,14,321.77,VIP Champion
CUST_2193,Pat Garcia,pat.garcia2193@example.com,Jakarta,Indonesia,2023-07-27,Android App,9,9,2023-08-06 15:00:00,2024-01-17 18:00:00,3930.20,1522.43,22,436.69,VIP Champion
CUST_1831,Jamie Miller,jamie.miller1831@example.com,Jakarta,Indonesia,2023-05-25,Android App,5,5,2023-05-26 08:00:00,2024-02-08 12:00:00,2451.20,1010.98,14,490.24,VIP Champion
CUST_1266,Sam Martinez,sam.martinez1266@example.com,Singapore,Southeast Asia,2024-02-06,Mobile Chrome,6,6,2024-02-12 02:00:00,2024-07-04 06:00:00,1433.79,651.91,7,238.97,VIP Champion
CUST_1099,Pat Rodriguez,pat.rodriguez1099@example.com,Semarang,Southeast Asia,2023-02-08,Android App,4,4,2023-03-27 08:00:00,2023-07-15 14:00:00,2216.55,869.65,12,554.14,Loyal High Value
CUST_1734,Riley Johnson,riley.johnson1734@example.com,Singapore,Indonesia,2024-03-26,Web Desktop,5,4,2024-04-17 06:00:00,2024-11-16 10:00:00,1394.40,621.30,9,348.6,Loyal High Value
CUST_1438,Jordan Williams,jordan.williams1438@example.com,Bangkok,Indonesia,2024-02-11,Web Desktop,6,5,2024-02-16 13:00:00,2024-10-09 12:00:00,937.06,409.36,7,187.41,Loyal High Value
CUST_1674,Sam Williams,sam.williams1674@example.com,Surabaya,Indonesia,2023-03-17,Mobile Chrome,10,10,2023-03-26 19:00:00,2024-06-23 20:00:00,4541.41,1846.41,30,454.14,VIP Champion
CUST_1044,Taylor Miller,taylor.miller1044@example.com,Bangkok,Indonesia,2023-09-09,iOS App,11,10,2023-10-04 07:00:00,2024-05-22 08:00:00,3460.21,1492.22,23,346.02,VIP Champion
CUST_1696,Casey Garcia,casey.garcia1696@example.com,Medan,Southeast Asia,2023-09-19,Web Desktop,4,3,2023-10-18 03:00:00,2024-01-11 17:00:00,1206.41,538.94,8,402.14,Loyal High Value
CUST_2081,Riley Miller,riley.miller2081@example.com,Jakarta,Indonesia,2023-10-10,Mobile Safari,13,12,2023-10-18 22:00:00,2024-10-21 03:00:00,4571.59,1911.31,27,380.97,VIP Champion
CUST_1856,Alex Rodriguez,alex.rodriguez1856@example.com,Bangkok,Indonesia,2024-03-16,Mobile Safari,6,5,2024-06-07 18:00:00,2025-02-21 14:00:00,1556.00,670.49,9,311.2,VIP Champion
CUST_1478,Riley Johnson,riley.johnson1478@example.com,Surabaya,Indonesia,2023-01-28,iOS App,6,5,2023-02-26 11:00:00,2023-10-04 18:00:00,1546.02,574.88,10,309.2,VIP Champion
CUST_2072,Casey Garcia,casey.garcia2072@example.com,Bandung,Indonesia,2023-08-20,Mobile Safari,9,9,2023-09-03 02:00:00,2024-06-14 03:00:00,2705.09,1053.92,19,300.57,VIP Champion
CUST_2144,Jordan Smith,jordan.smith2144@example.com,Singapore,Indonesia,2023-03-14,Mobile Safari,9,8,2023-03-14 05:00:00,2024-10-09 20:00:00,4066.95,1792.06,22,508.37,VIP Champion
CUST_1332,Sam Jones,sam.jones1332@example.com,Jakarta,Indonesia,2023-06-10,Mobile Safari,6,5,2023-06-15 16:00:00,2024-07-20 15:00:00,919.50,410.23,7,183.9,Loyal High Value
CUST_1629,Jamie Williams,jamie.williams1629@example.com,Jakarta,Indonesia,2023-01-13,Android App,3,2,2023-02-23 10:00:00,2023-08-05 23:00:00,445.97,157.43,3,222.99,Regular Customer
CUST_1205,Pat Miller,pat.miller1205@example.com,Bangkok,Indonesia,2024-04-20,Mobile Chrome,7,7,2024-06-18 08:00:00,2025-03-03 17:00:00,2162.95,907.23,11,308.99,VIP Champion
CUST_1386,Riley Miller,riley.miller1386@example.com,Jakarta,Indonesia,2023-10-15,Mobile Safari,6,6,2023-10-20 03:00:00,2024-03-30 20:00:00,2407.81,994.25,20,401.3,VIP Champion
CUST_1081,Pat Martinez,pat.martinez1081@example.com,Singapore,Indonesia,2023-01-10,Android App,4,4,2023-01-13 09:00:00,2023-04-16 03:00:00,1699.06,786.54,8,424.77,Loyal High Value
CUST_1627,Jordan Williams,jordan.williams1627@example.com,Singapore,Indonesia,2023-01-28,Mobile Chrome,6,6,2023-02-10 17:00:00,2023-06-26 17:00:00,3917.40,1793.52,21,652.9,VIP Champion
CUST_1683,Jamie Garcia,jamie.garcia1683@example.com,Semarang,Indonesia,2023-11-22,Mobile Chrome,7,7,2023-12-26 11:00:00,2024-06-10 02:00:00,2826.07,1197.91,18,403.72,VIP Champion
CUST_1751,Morgan Martinez,morgan.martinez1751@example.com,Surabaya,Indonesia,2023-06-26,iOS App,10,10,2023-07-08 11:00:00,2025-08-11 14:00:00,4472.46,1761.42,26,447.25,VIP Champion
CUST_1038,Alex Garcia,alex.garcia1038@example.com,Semarang,Indonesia,2023-10-07,Web Desktop,11,10,2023-10-09 03:00:00,2024-10-28 13:00:00,3307.88,1399.44,20,330.79,VIP Champion
CUST_2141,Morgan Smith,morgan.smith2141@example.com,Semarang,Indonesia,2023-09-30,Android App,6,5,2023-10-05 22:00:00,2024-04-07 08:00:00,2142.66,837.28,12,428.53,VIP Champion
CUST_1285,Dakota Brown,dakota.brown1285@example.com,Surabaya,Indonesia,2023-10-15,Mobile Safari,7,6,2023-10-24 15:00:00,2024-06-26 11:00:00,2029.13,813.11,10,338.19,VIP Champion
CUST_2192,Avery Williams,avery.williams2192@example.com,Semarang,Indonesia,2023-07-29,Android App,6,3,2023-08-14 21:00:00,2024-03-24 20:00:00,724.66,272.36,5,241.55,Loyal High Value
CUST_1347,Sam Smith,sam.smith1347@example.com,Surabaya,Indonesia,2023-03-17,Mobile Chrome,8,7,2023-03-31 20:00:00,2024-01-26 02:00:00,2552.83,1105.99,13,364.69,VIP Champion
CUST_1606,Chris Smith,chris.smith1606@example.com,Kuala Lumpur,Southeast Asia,2023-07-02,Android App,5,5,2023-07-28 06:00:00,2024-05-15 23:00:00,1353.00,560.97,8,270.6,VIP Champion
CUST_1121,Jordan Martinez,jordan.martinez1121@example.com,Singapore,Southeast Asia,2023-11-08,Mobile Chrome,6,5,2023-12-10 01:00:00,2024-08-26 23:00:00,2306.64,958.23,12,461.33,VIP Champion
CUST_1383,Pat Smith,pat.smith1383@example.com,Medan,Southeast Asia,2024-02-04,Web Desktop,4,4,2024-03-02 15:00:00,2024-04-15 11:00:00,1823.44,709.25,9,455.86,Loyal High Value
CUST_2106,Jordan Martinez,jordan.martinez2106@example.com,Bandung,Indonesia,2023-07-15,Android App,5,5,2023-07-18 18:00:00,2024-06-12 20:00:00,1806.15,737.33,12,361.23,VIP Champion
CUST_1914,Jordan Smith,jordan.smith1914@example.com,Jakarta,Indonesia,2023-09-08,Android App,7,5,2023-09-23 15:00:00,2024-03-05 08:00:00,1998.27,1001.80,10,399.65,VIP Champion
CUST_1521,Riley Brown,riley.brown1521@example.com,Singapore,Indonesia,2023-03-30,Web Desktop,7,6,2023-04-04 07:00:00,2023-07-23 08:00:00,2526.16,1059.84,15,421.03,VIP Champion
CUST_1896,Jordan Johnson,jordan.johnson1896@example.com,Jakarta,Southeast Asia,2024-01-23,Mobile Chrome,7,6,2024-01-23 10:00:00,2024-04-04 04:00:00,973.46,394.76,7,162.24,Loyal High Value
CUST_1524,Alex Williams,alex.williams1524@example.com,Bangkok,Indonesia,2023-09-24,Mobile Chrome,3,3,2023-10-04 14:00:00,2023-10-27 19:00:00,457.99,173.05,6,152.66,Regular Customer
CUST_2027,Riley Brown,riley.brown2027@example.com,Jakarta,Indonesia,2023-08-08,iOS App,8,7,2023-08-13 03:00:00,2023-12-03 18:00:00,2499.95,1085.26,14,357.14,VIP Champion
CUST_1740,Sam Johnson,sam.johnson1740@example.com,Surabaya,Indonesia,2024-03-20,Mobile Safari,4,4,2024-08-16 09:00:00,2025-02-28 04:00:00,751.73,223.17,4,187.93,Loyal High Value
CUST_1930,Dakota Miller,dakota.miller1930@example.com,Semarang,Indonesia,2024-05-14,Mobile Safari,7,7,2024-05-19 16:00:00,2025-07-09 17:00:00,3756.41,1548.86,20,536.63,VIP Champion
CUST_1296,Alex Davis,alex.davis1296@example.com,Surabaya,Indonesia,2023-10-04,Android App,10,10,2023-10-04 14:00:00,2024-12-11 03:00:00,3710.01,1651.80,21,371.0,VIP Champion
CUST_2102,Jamie Garcia,jamie.garcia2102@example.com,Bangkok,Indonesia,2023-11-14,Android App,8,8,2023-12-06 07:00:00,2024-10-25 03:00:00,3117.91,1356.98,16,389.74,VIP Champion
CUST_1985,Sam Jones,sam.jones1985@example.com,Semarang,Indonesia,2023-02-15,iOS App,7,6,2023-02-16 00:00:00,2023-05-29 06:00:00,3057.88,1284.03,15,509.65,VIP Champion
CUST_2101,Dakota Smith,dakota.smith2101@example.com,Surabaya,Indonesia,2023-10-11,Mobile Safari,5,5,2023-10-15 02:00:00,2024-03-18 07:00:00,1565.11,597.86,12,313.02,VIP Champion
CUST_1802,Avery Williams,avery.williams1802@example.com,Bangkok,Indonesia,2023-01-03,Mobile Chrome,5,5,2023-01-17 03:00:00,2023-06-29 10:00:00,1161.87,439.77,8,232.37,VIP Champion
CUST_2070,Morgan Rodriguez,morgan.rodriguez2070@example.com,Kuala Lumpur,Indonesia,2024-05-06,iOS App,9,8,2024-05-11 07:00:00,2024-10-12 01:00:00,2176.28,948.75,13,272.04,VIP Champion
CUST_1530,Taylor Garcia,taylor.garcia1530@example.com,Jakarta,Indonesia,2023-10-03,Mobile Safari,6,5,2023-10-23 20:00:00,2024-04-15 10:00:00,1546.91,679.30,8,309.38,VIP Champion
CUST_1793,Morgan Smith,morgan.smith1793@example.com,Bangkok,Indonesia,2023-01-28,Mobile Chrome,4,3,2023-01-28 22:00:00,2023-11-08 13:00:00,624.94,232.28,4,208.31,Loyal High Value
CUST_1582,Chris Jones,chris.jones1582@example.com,Bandung,Indonesia,2023-09-03,Mobile Chrome,7,6,2023-10-12 19:00:00,2024-04-05 16:00:00,3130.43,1289.87,16,521.74,VIP Champion
CUST_1425,Chris Smith,chris.smith1425@example.com,Bangkok,Indonesia,2023-08-11,iOS App,6,6,2023-08-12 19:00:00,2023-10-18 10:00:00,3105.90,1337.46,12,517.65,VIP Champion
CUST_1889,Alex Rodriguez,alex.rodriguez1889@example.com,Surabaya,Indonesia,2023-07-10,Mobile Chrome,5,5,2023-08-26 12:00:00,2024-02-25 22:00:00,1179.84,490.82,10,235.97,VIP Champion
CUST_1385,Alex Rodriguez,alex.rodriguez1385@example.com,Semarang,Indonesia,2023-10-13,Android App,1,1,2023-10-16 02:00:00,2023-10-16 02:00:00,560.65,286.17,2,560.65,Loyal High Value
CUST_1996,Morgan Smith,morgan.smith1996@example.com,Medan,Indonesia,2023-01-01,Android App,7,7,2023-01-07 08:00:00,2023-10-30 06:00:00,2221.66,990.54,12,317.38,VIP Champion
CUST_1925,Jamie Smith,jamie.smith1925@example.com,Semarang,Indonesia,2023-03-04,Mobile Safari,8,8,2023-03-17 03:00:00,2024-07-14 18:00:00,1534.58,654.52,12,191.82,VIP Champion
CUST_2112,Chris Rodriguez,chris.rodriguez2112@example.com,Medan,Indonesia,2024-03-14,Mobile Chrome,4,4,2024-03-19 19:00:00,2024-05-29 19:00:00,2016.15,881.66,15,504.04,Loyal High Value
CUST_1663,Jamie Davis,jamie.davis1663@example.com,Kuala Lumpur,Indonesia,2023-11-18,Web Desktop,2,1,2024-01-03 16:00:00,2024-05-16 19:00:00,331.60,139.78,2,331.6,One-Time Buyer
CUST_1141,Taylor Williams,taylor.williams1141@example.com,Semarang,Southeast Asia,2023-06-04,Mobile Chrome,3,3,2023-06-12 08:00:00,2024-01-16 14:00:00,1229.49,619.45,6,409.83,Loyal High Value
CUST_1287,Sam Jones,sam.jones1287@example.com,Medan,Indonesia,2024-03-18,iOS App,5,5,2024-04-02 14:00:00,2024-06-30 10:00:00,1544.62,664.65,10,308.92,VIP Champion
CUST_1978,Taylor Martinez,taylor.martinez1978@example.com,Bandung,Indonesia,2024-02-11,iOS App,6,6,2024-02-15 01:00:00,2024-11-12 17:00:00,1486.35,559.76,12,247.73,VIP Champion
CUST_1999,Riley Davis,riley.davis1999@example.com,Medan,Indonesia,2024-04-11,Web Desktop,4,4,2024-04-12 18:00:00,2024-05-27 12:00:00,904.44,403.82,5,226.11,Loyal High Value
CUST_1499,Morgan Johnson,morgan.johnson1499@example.com,Singapore,Indonesia,2023-06-03,Web Desktop,10,8,2023-06-19 06:00:00,2024-10-25 01:00:00,3167.48,1468.08,24,395.94,VIP Champion
CUST_1936,Morgan Miller,morgan.miller1936@example.com,Bandung,Indonesia,2023-05-06,Android App,4,4,2023-05-10 22:00:00,2023-08-05 16:00:00,812.99,351.54,6,203.25,Loyal High Value
CUST_1655,Riley Martinez,riley.martinez1655@example.com,Jakarta,Indonesia,2024-03-21,Mobile Chrome,8,7,2024-04-04 11:00:00,2025-01-31 20:00:00,2381.92,1082.47,15,340.27,VIP Champion
CUST_1865,Morgan Martinez,morgan.martinez1865@example.com,Jakarta,Indonesia,2023-10-15,Mobile Safari,5,5,2023-10-23 21:00:00,2024-07-28 18:00:00,1120.29,524.28,6,224.06,VIP Champion
CUST_1517,Taylor Martinez,taylor.martinez1517@example.com,Jakarta,Indonesia,2023-10-02,Mobile Chrome,8,8,2023-10-10 04:00:00,2024-06-27 17:00:00,2198.11,879.95,11,274.76,VIP Champion
CUST_1982,Avery Smith,avery.smith1982@example.com,Bangkok,Indonesia,2023-12-21,Mobile Safari,8,7,2024-01-08 18:00:00,2024-10-06 10:00:00,1670.39,691.36,13,238.63,VIP Champion
CUST_1808,Dakota Johnson,dakota.johnson1808@example.com,Kuala Lumpur,Southeast Asia,2023-06-04,Web Desktop,4,2,2023-06-07 10:00:00,2023-08-10 07:00:00,738.30,354.57,4,369.15,Loyal High Value
CUST_1252,Sam Rodriguez,sam.rodriguez1252@example.com,Jakarta,Indonesia,2024-02-03,Mobile Safari,3,3,2024-04-10 02:00:00,2024-09-16 21:00:00,598.17,196.58,4,199.39,Loyal High Value
CUST_1966,Chris Miller,chris.miller1966@example.com,Bangkok,Southeast Asia,2023-10-15,Mobile Safari,1,1,2023-11-04 02:00:00,2023-11-04 02:00:00,360.03,165.08,4,360.03,One-Time Buyer
CUST_2149,Jamie Smith,jamie.smith2149@example.com,Jakarta,Indonesia,2023-03-17,Web Desktop,1,1,2023-04-17 09:00:00,2023-04-17 09:00:00,302.74,122.97,2,302.74,One-Time Buyer
CUST_1660,Alex Miller,alex.miller1660@example.com,Bandung,Southeast Asia,2023-03-22,Android App,5,5,2023-04-19 11:00:00,2023-10-28 04:00:00,2173.01,975.11,13,434.6,VIP Champion
CUST_1894,Chris Jones,chris.jones1894@example.com,Surabaya,Indonesia,2024-04-14,iOS App,3,2,2024-04-24 19:00:00,2024-10-10 23:00:00,675.90,291.29,5,337.95,Loyal High Value
CUST_1840,Pat Davis,pat.davis1840@example.com,Semarang,Indonesia,2023-10-08,Mobile Safari,8,7,2023-10-15 17:00:00,2024-02-06 04:00:00,2001.17,840.85,12,285.88,VIP Champion
CUST_1495,Jamie Jones,jamie.jones1495@example.com,Singapore,Indonesia,2023-09-17,Web Desktop,4,4,2023-11-08 18:00:00,2024-03-31 01:00:00,1993.72,900.52,11,498.43,Loyal High Value
CUST_1616,Taylor Smith,taylor.smith1616@example.com,Bangkok,Southeast Asia,2023-07-17,Web Desktop,6,5,2023-07-19 11:00:00,2024-03-04 10:00:00,2365.32,930.06,14,473.06,VIP Champion
CUST_1842,Chris Garcia,chris.garcia1842@example.com,Kuala Lumpur,Indonesia,2023-07-19,iOS App,9,8,2023-07-24 05:00:00,2023-11-14 12:00:00,2868.75,1192.21,19,358.59,VIP Champion
CUST_1356,Sam Garcia,sam.garcia1356@example.com,Surabaya,Indonesia,2023-10-02,Mobile Safari,10,8,2023-10-04 04:00:00,2025-02-09 13:00:00,2385.39,994.50,15,298.17,VIP Champion
CUST_1267,Jamie Jones,jamie.jones1267@example.com,Jakarta,Indonesia,2024-04-05,Mobile Chrome,6,6,2024-04-23 16:00:00,2025-02-16 09:00:00,2919.70,1288.71,18,486.62,VIP Champion
CUST_1928,Pat Brown,pat.brown1928@example.com,Semarang,Indonesia,2023-05-04,Web Desktop,5,5,2023-05-06 08:00:00,2023-12-28 00:00:00,1316.04,488.80,8,263.21,VIP Champion
CUST_1991,Alex Williams,alex.williams1991@example.com,Singapore,Indonesia,2023-07-27,Mobile Chrome,7,6,2023-08-03 23:00:00,2023-11-15 13:00:00,1771.97,731.92,10,295.33,VIP Champion
CUST_1338,Chris Johnson,chris.johnson1338@example.com,Kuala Lumpur,Southeast Asia,2023-07-12,Web Desktop,5,5,2023-07-24 04:00:00,2023-10-27 17:00:00,1702.68,715.87,10,340.54,VIP Champion
CUST_1271,Avery Brown,avery.brown1271@example.com,Bandung,Indonesia,2023-07-10,Mobile Chrome,6,5,2023-07-10 09:00:00,2023-10-14 03:00:00,2319.78,1051.48,12,463.96,VIP Champion
CUST_2182,Riley Garcia,riley.garcia2182@example.com,Jakarta,Indonesia,2023-12-07,iOS App,7,5,2023-12-08 00:00:00,2024-08-29 00:00:00,2289.91,849.02,11,457.98,VIP Champion
CUST_1053,Jamie Williams,jamie.williams1053@example.com,Kuala Lumpur,Indonesia,2024-04-14,Mobile Chrome,8,7,2024-04-25 03:00:00,2024-08-31 00:00:00,2547.42,1115.60,15,363.92,VIP Champion
CUST_1623,Jamie Rodriguez,jamie.rodriguez1623@example.com,Kuala Lumpur,Indonesia,2024-01-15,Android App,12,11,2024-01-19 07:00:00,2025-01-15 20:00:00,6159.52,2803.50,33,559.96,VIP Champion
CUST_1778,Dakota Johnson,dakota.johnson1778@example.com,Bangkok,Indonesia,2023-03-03,Mobile Safari,5,5,2023-03-06 12:00:00,2023-08-14 13:00:00,2008.16,818.83,13,401.63,VIP Champion
CUST_1035,Jordan Johnson,jordan.johnson1035@example.com,Singapore,Indonesia,2023-08-08,iOS App,10,10,2023-08-21 05:00:00,2024-05-24 15:00:00,2045.49,955.00,14,204.55,VIP Champion
CUST_1448,Morgan Brown,morgan.brown1448@example.com,Surabaya,Southeast Asia,2023-01-20,Web Desktop,6,6,2023-02-20 04:00:00,2023-06-17 01:00:00,1571.28,641.13,12,261.88,VIP Champion
CUST_1216,Jordan Williams,jordan.williams1216@example.com,Singapore,Indonesia,2023-07-28,Android App,5,5,2023-08-05 18:00:00,2024-02-16 21:00:00,2092.90,998.59,15,418.58,VIP Champion
CUST_1681,Casey Smith,casey.smith1681@example.com,Semarang,Indonesia,2024-04-15,Mobile Chrome,5,4,2024-05-05 14:00:00,2024-12-11 07:00:00,661.52,258.39,7,165.38,Loyal High Value
CUST_1798,Morgan Martinez,morgan.martinez1798@example.com,Semarang,Indonesia,2024-03-26,Mobile Chrome,12,11,2024-03-26 07:00:00,2024-06-15 14:00:00,3471.60,1465.52,20,315.6,VIP Champion
CUST_1626,Pat Johnson,pat.johnson1626@example.com,Bangkok,Southeast Asia,2024-01-28,Mobile Safari,5,5,2024-03-08 21:00:00,2024-05-23 20:00:00,1338.77,583.51,10,267.75,VIP Champion
CUST_1451,Morgan Smith,morgan.smith1451@example.com,Kuala Lumpur,Indonesia,2023-04-29,Web Desktop,7,7,2023-05-25 23:00:00,2023-11-11 23:00:00,1511.23,658.13,11,215.89,VIP Champion
CUST_1957,Sam Johnson,sam.johnson1957@example.com,Singapore,Indonesia,2023-08-04,Android App,3,3,2023-08-09 21:00:00,2023-11-04 12:00:00,298.83,135.40,3,99.61,Regular Customer
CUST_2039,Avery Davis,avery.davis2039@example.com,Jakarta,Indonesia,2023-03-26,Web Desktop,7,7,2023-04-09 00:00:00,2023-09-03 20:00:00,2098.66,784.82,11,299.81,VIP Champion
CUST_1292,Pat Williams,pat.williams1292@example.com,Bangkok,Indonesia,2023-12-15,Mobile Safari,9,9,2023-12-17 23:00:00,2024-04-20 21:00:00,2168.42,814.05,14,240.94,VIP Champion
CUST_1029,Pat Rodriguez,pat.rodriguez1029@example.com,Singapore,Indonesia,2023-08-19,iOS App,6,6,2023-09-03 06:00:00,2025-03-10 14:00:00,2341.61,848.97,15,390.27,VIP Champion
CUST_1494,Jordan Davis,jordan.davis1494@example.com,Jakarta,Indonesia,2024-04-30,Mobile Chrome,5,5,2024-05-15 04:00:00,2024-09-17 18:00:00,2611.24,1059.75,20,522.25,VIP Champion
CUST_2146,Casey Jones,casey.jones2146@example.com,Bandung,Indonesia,2023-09-04,Android App,8,7,2023-09-20 03:00:00,2024-08-02 03:00:00,2726.75,972.45,17,389.54,VIP Champion
CUST_1443,Jordan Rodriguez,jordan.rodriguez1443@example.com,Semarang,Indonesia,2023-01-10,Web Desktop,7,6,2023-01-25 14:00:00,2023-10-06 19:00:00,1605.03,784.62,10,267.51,VIP Champion
CUST_1583,Alex Davis,alex.davis1583@example.com,Jakarta,Southeast Asia,2023-01-20,Mobile Safari,5,5,2023-02-10 17:00:00,2023-06-27 11:00:00,1599.14,646.93,12,319.83,VIP Champion
CUST_1235,Jamie Davis,jamie.davis1235@example.com,Bangkok,Indonesia,2023-12-05,iOS App,4,4,2023-12-16 01:00:00,2024-06-22 05:00:00,1135.09,541.67,7,283.77,Loyal High Value
CUST_2095,Pat Johnson,pat.johnson2095@example.com,Semarang,Indonesia,2023-05-12,iOS App,4,4,2023-05-30 09:00:00,2023-09-18 01:00:00,2808.48,1075.66,14,702.12,Loyal High Value
CUST_2196,Riley Martinez,riley.martinez2196@example.com,Kuala Lumpur,Indonesia,2023-09-07,Web Desktop,9,9,2023-09-19 17:00:00,2024-09-28 19:00:00,4383.16,1805.54,30,487.02,VIP Champion
CUST_1334,Jordan Rodriguez,jordan.rodriguez1334@example.com,Semarang,Southeast Asia,2023-11-02,Web Desktop,3,2,2023-11-27 16:00:00,2024-03-07 08:00:00,829.09,321.21,6,414.55,Loyal High Value
CUST_2130,Casey Miller,casey.miller2130@example.com,Bandung,Indonesia,2023-03-12,Android App,11,11,2023-04-17 09:00:00,2023-10-26 10:00:00,4228.19,1856.30,25,384.38,VIP Champion
CUST_1501,Jamie Rodriguez,jamie.rodriguez1501@example.com,Surabaya,Indonesia,2024-01-30,Mobile Safari,4,3,2024-02-04 19:00:00,2024-05-21 15:00:00,517.68,192.28,4,172.56,Loyal High Value
CUST_1956,Sam Brown,sam.brown1956@example.com,Kuala Lumpur,Indonesia,2023-05-05,Android App,3,3,2023-05-10 06:00:00,2023-12-16 15:00:00,623.43,219.83,4,207.81,Loyal High Value
CUST_2009,Jamie Garcia,jamie.garcia2009@example.com,Bandung,Indonesia,2023-10-01,Android App,10,9,2023-10-03 08:00:00,2024-03-31 06:00:00,2125.74,969.46,12,236.19,VIP Champion
CUST_1792,Pat Miller,pat.miller1792@example.com,Bangkok,Indonesia,2023-11-22,Mobile Chrome,7,7,2023-11-23 01:00:00,2024-07-16 18:00:00,2500.53,1131.25,15,357.22,VIP Champion
CUST_1794,Sam Williams,sam.williams1794@example.com,Semarang,Indonesia,2023-03-20,Android App,10,10,2023-03-21 10:00:00,2024-08-11 02:00:00,4938.11,2089.82,27,493.81,VIP Champion
CUST_1488,Alex Martinez,alex.martinez1488@example.com,Bandung,Indonesia,2024-05-14,Mobile Safari,7,6,2024-05-14 22:00:00,2024-11-01 14:00:00,2483.96,1097.99,17,413.99,VIP Champion
CUST_2006,Casey Martinez,casey.martinez2006@example.com,Surabaya,Indonesia,2023-02-02,Web Desktop,3,3,2023-04-02 11:00:00,2023-08-20 04:00:00,948.79,322.90,7,316.26,Loyal High Value
CUST_1887,Sam Davis,sam.davis1887@example.com,Surabaya,Indonesia,2024-05-09,Mobile Safari,9,8,2024-05-10 18:00:00,2025-01-01 17:00:00,2056.12,830.79,15,257.02,VIP Champion
CUST_1037,Chris Miller,chris.miller1037@example.com,Kuala Lumpur,Indonesia,2023-11-20,Web Desktop,7,5,2023-12-22 23:00:00,2024-05-15 03:00:00,924.77,301.36,7,184.95,Loyal High Value
CUST_1022,Taylor Davis,taylor.davis1022@example.com,Bandung,Indonesia,2023-08-02,Web Desktop,4,4,2023-09-17 17:00:00,2023-12-17 08:00:00,1341.75,626.13,11,335.44,Loyal High Value
CUST_1403,Taylor Jones,taylor.jones1403@example.com,Medan,Indonesia,2023-11-25,Web Desktop,8,8,2023-11-25 22:00:00,2024-10-01 22:00:00,3669.74,1568.43,20,458.72,VIP Champion
CUST_1109,Morgan Davis,morgan.davis1109@example.com,Kuala Lumpur,Indonesia,2023-11-13,iOS App,9,7,2023-11-21 01:00:00,2024-03-18 10:00:00,2509.55,1027.81,15,358.51,VIP Champion
CUST_2198,Sam Miller,sam.miller2198@example.com,Surabaya,Indonesia,2023-10-09,Mobile Safari,6,6,2023-10-10 16:00:00,2024-07-02 08:00:00,3043.63,1250.49,18,507.27,VIP Champion
CUST_1236,Pat Jones,pat.jones1236@example.com,Bangkok,Indonesia,2024-01-09,iOS App,8,7,2024-01-18 01:00:00,2024-06-25 10:00:00,2014.49,898.98,14,287.78,VIP Champion
CUST_1866,Taylor Martinez,taylor.martinez1866@example.com,Bandung,Indonesia,2023-09-09,Web Desktop,7,7,2023-09-16 22:00:00,2024-04-09 13:00:00,2183.18,872.44,15,311.88,VIP Champion
CUST_1748,Taylor Williams,taylor.williams1748@example.com,Semarang,Indonesia,2024-03-27,Mobile Safari,5,4,2024-04-11 00:00:00,2025-01-12 04:00:00,1622.42,737.18,9,405.61,Loyal High Value
CUST_2004,Alex Martinez,alex.martinez2004@example.com,Kuala Lumpur,Indonesia,2023-12-12,Mobile Safari,12,12,2023-12-26 16:00:00,2024-05-22 02:00:00,5548.90,2391.63,32,462.41,VIP Champion
CUST_1830,Pat Jones,pat.jones1830@example.com,Singapore,Indonesia,2023-07-11,Web Desktop,8,6,2023-07-15 14:00:00,2024-05-18 04:00:00,2700.56,1161.81,20,450.09,VIP Champion
CUST_1130,Avery Johnson,avery.johnson1130@example.com,Singapore,Indonesia,2024-03-13,Android App,8,6,2024-03-19 15:00:00,2024-07-11 16:00:00,2473.77,988.44,19,412.3,VIP Champion
CUST_1622,Casey Williams,casey.williams1622@example.com,Bangkok,Indonesia,2023-10-30,Web Desktop,6,5,2023-11-03 00:00:00,2024-05-29 23:00:00,1911.90,741.49,15,382.38,VIP Champion
CUST_1720,Taylor Johnson,taylor.johnson1720@example.com,Semarang,Indonesia,2024-02-18,Web Desktop,6,6,2024-02-18 04:00:00,2024-10-17 15:00:00,2446.81,1022.80,15,407.8,VIP Champion
CUST_1944,Jamie Jones,jamie.jones1944@example.com,Kuala Lumpur,Indonesia,2023-04-16,Mobile Safari,2,2,2023-10-15 03:00:00,2023-11-19 04:00:00,938.96,396.84,6,469.48,Loyal High Value
CUST_1678,Casey Brown,casey.brown1678@example.com,Kuala Lumpur,Southeast Asia,2024-01-13,iOS App,7,6,2024-01-17 09:00:00,2024-07-24 18:00:00,2085.59,841.73,16,347.6,VIP Champion
CUST_1995,Avery Rodriguez,avery.rodriguez1995@example.com,Bangkok,Indonesia,2024-01-26,Web Desktop,6,4,2024-02-02 04:00:00,2024-05-08 12:00:00,897.39,382.64,6,224.35,Loyal High Value
CUST_1092,Alex Williams,alex.williams1092@example.com,Medan,Indonesia,2024-05-10,Mobile Chrome,8,8,2024-06-02 10:00:00,2024-11-10 02:00:00,2138.47,924.58,15,267.31,VIP Champion
CUST_2087,Jordan Brown,jordan.brown2087@example.com,Bangkok,Indonesia,2023-09-04,Mobile Chrome,8,7,2023-09-04 06:00:00,2024-07-16 06:00:00,2439.29,1126.49,15,348.47,VIP Champion
CUST_1318,Avery Garcia,avery.garcia1318@example.com,Medan,Indonesia,2023-05-05,Android App,3,3,2023-06-02 02:00:00,2023-08-07 20:00:00,1467.16,578.25,9,489.05,Loyal High Value
CUST_1083,Riley Jones,riley.jones1083@example.com,Medan,Indonesia,2024-05-07,Android App,3,2,2024-05-08 14:00:00,2024-11-22 06:00:00,194.16,89.36,2,97.08,Regular Customer
CUST_1127,Sam Jones,sam.jones1127@example.com,Surabaya,Indonesia,2023-07-21,Mobile Chrome,7,6,2023-08-26 11:00:00,2023-12-04 17:00:00,2616.47,1065.16,15,436.08,VIP Champion
CUST_1167,Dakota Davis,dakota.davis1167@example.com,Kuala Lumpur,Indonesia,2023-02-07,iOS App,4,4,2023-03-06 20:00:00,2023-06-30 06:00:00,2064.69,697.83,13,516.17,Loyal High Value
CUST_1651,Avery Jones,avery.jones1651@example.com,Semarang,Indonesia,2023-02-15,Android App,2,2,2023-09-05 14:00:00,2023-10-27 23:00:00,125.14,52.46,3,62.57,Regular Customer
CUST_1464,Morgan Miller,morgan.miller1464@example.com,Surabaya,Southeast Asia,2023-10-22,iOS App,5,5,2023-10-22 12:00:00,2024-07-13 14:00:00,1153.22,445.30,8,230.64,VIP Champion
CUST_1401,Sam Williams,sam.williams1401@example.com,Surabaya,Indonesia,2024-02-22,Web Desktop,5,4,2024-02-25 21:00:00,2024-07-13 08:00:00,958.05,426.90,7,239.51,Loyal High Value
CUST_1068,Avery Garcia,avery.garcia1068@example.com,Medan,Indonesia,2023-11-01,Web Desktop,7,7,2023-11-07 10:00:00,2024-04-08 14:00:00,2654.74,1170.95,14,379.25,VIP Champion
CUST_1563,Jamie Williams,jamie.williams1563@example.com,Kuala Lumpur,Indonesia,2024-03-02,Web Desktop,6,6,2024-03-10 08:00:00,2024-07-02 15:00:00,2065.60,884.03,12,344.27,VIP Champion
CUST_1514,Sam Davis,sam.davis1514@example.com,Bandung,Indonesia,2023-07-09,Web Desktop,3,3,2023-07-18 07:00:00,2024-02-21 01:00:00,1122.08,437.34,9,374.03,Loyal High Value
CUST_1565,Morgan Davis,morgan.davis1565@example.com,Singapore,Indonesia,2023-07-23,Mobile Safari,6,4,2023-07-27 13:00:00,2023-12-21 20:00:00,2505.48,1031.42,13,626.37,Loyal High Value
CUST_1506,Sam Williams,sam.williams1506@example.com,Medan,Indonesia,2023-10-16,Android App,6,5,2023-10-24 23:00:00,2024-06-19 09:00:00,1388.72,467.76,9,277.74,VIP Champion
CUST_1915,Taylor Jones,taylor.jones1915@example.com,Medan,Indonesia,2023-02-16,iOS App,3,3,2023-04-01 15:00:00,2023-10-05 03:00:00,795.36,267.10,4,265.12,Loyal High Value
CUST_1688,Chris Brown,chris.brown1688@example.com,Bangkok,Indonesia,2023-02-08,Mobile Chrome,9,9,2023-03-13 07:00:00,2023-07-07 14:00:00,3662.85,1341.59,23,406.98,VIP Champion
CUST_1691,Avery Garcia,avery.garcia1691@example.com,Medan,Southeast Asia,2023-09-30,iOS App,11,10,2023-10-05 22:00:00,2024-05-19 09:00:00,3874.36,1655.15,26,387.44,VIP Champion
CUST_1177,Alex Brown,alex.brown1177@example.com,Kuala Lumpur,Indonesia,2024-04-22,Mobile Chrome,10,10,2024-05-06 21:00:00,2024-11-07 12:00:00,3479.70,1441.95,22,347.97,VIP Champion
CUST_1989,Dakota Rodriguez,dakota.rodriguez1989@example.com,Jakarta,Indonesia,2023-01-26,Web Desktop,7,7,2023-02-02 15:00:00,2023-07-07 08:00:00,2892.52,1178.44,22,413.22,VIP Champion
CUST_1302,Avery Johnson,avery.johnson1302@example.com,Surabaya,Indonesia,2023-05-23,Mobile Safari,9,8,2023-06-08 11:00:00,2024-01-10 20:00:00,2037.78,819.32,15,254.72,VIP Champion
CUST_1063,Casey Garcia,casey.garcia1063@example.com,Kuala Lumpur,Indonesia,2023-06-25,Android App,7,7,2023-07-08 00:00:00,2024-01-12 02:00:00,2196.13,1075.93,10,313.73,VIP Champion
CUST_1631,Chris Smith,chris.smith1631@example.com,Singapore,Indonesia,2023-12-22,iOS App,6,5,2023-12-27 00:00:00,2024-09-24 16:00:00,2063.14,967.06,10,412.63,VIP Champion
CUST_1814,Jamie Davis,jamie.davis1814@example.com,Singapore,Southeast Asia,2023-03-31,Android App,5,5,2023-04-03 03:00:00,2024-02-23 04:00:00,1814.23,787.76,15,362.85,VIP Champion
CUST_1023,Sam Williams,sam.williams1023@example.com,Semarang,Indonesia,2023-09-14,Web Desktop,3,3,2023-10-17 03:00:00,2023-11-09 04:00:00,1312.29,415.70,8,437.43,Loyal High Value
CUST_2049,Alex Davis,alex.davis2049@example.com,Surabaya,Indonesia,2023-01-19,Mobile Safari,13,12,2023-01-29 12:00:00,2023-10-27 18:00:00,5142.95,2364.12,27,428.58,VIP Champion
CUST_1279,Dakota Smith,dakota.smith1279@example.com,Singapore,Indonesia,2023-01-12,iOS App,7,6,2023-01-13 14:00:00,2023-07-28 15:00:00,1399.41,605.28,10,233.24,VIP Champion
CUST_2014,Jamie Williams,jamie.williams2014@example.com,Jakarta,Indonesia,2023-04-29,Mobile Chrome,8,7,2023-05-26 07:00:00,2024-01-09 01:00:00,4568.68,1971.78,24,652.67,VIP Champion
CUST_1972,Sam Smith,sam.smith1972@example.com,Surabaya,Indonesia,2023-12-03,Mobile Chrome,6,6,2023-12-14 21:00:00,2024-07-11 18:00:00,1776.66,777.13,9,296.11,VIP Champion
CUST_1942,Pat Jones,pat.jones1942@example.com,Kuala Lumpur,Indonesia,2023-01-04,Android App,5,4,2023-02-14 03:00:00,2023-06-21 11:00:00,1373.70,566.50,9,343.43,Loyal High Value
CUST_1732,Riley Miller,riley.miller1732@example.com,Semarang,Southeast Asia,2024-01-04,Mobile Safari,8,8,2024-01-09 19:00:00,2024-04-21 12:00:00,2768.27,1142.08,17,346.03,VIP Champion
CUST_1132,Casey Smith,casey.smith1132@example.com,Kuala Lumpur,Indonesia,2023-04-22,Mobile Chrome,8,8,2023-05-10 23:00:00,2024-05-09 23:00:00,3249.42,1183.81,18,406.18,VIP Champion
CUST_1704,Casey Brown,casey.brown1704@example.com,Medan,Indonesia,2023-04-05,Android App,6,6,2023-04-10 08:00:00,2024-09-30 19:00:00,2803.83,1211.80,18,467.31,VIP Champion
CUST_2058,Riley Rodriguez,riley.rodriguez2058@example.com,Jakarta,Indonesia,2023-04-19,iOS App,6,6,2023-04-27 13:00:00,2023-07-01 23:00:00,2469.82,1059.83,14,411.64,VIP Champion
CUST_2190,Pat Brown,pat.brown2190@example.com,Bandung,Southeast Asia,2023-06-26,Android App,9,8,2023-06-26 00:00:00,2024-01-05 06:00:00,2383.09,914.59,14,297.89,VIP Champion
CUST_1858,Alex Smith,alex.smith1858@example.com,Surabaya,Indonesia,2024-02-20,Mobile Chrome,9,9,2024-03-05 02:00:00,2024-10-23 06:00:00,2817.72,1212.98,16,313.08,VIP Champion
CUST_1294,Jamie Brown,jamie.brown1294@example.com,Jakarta,Indonesia,2023-08-16,iOS App,6,6,2023-08-20 13:00:00,2023-12-06 00:00:00,2597.92,974.54,14,432.99,VIP Champion
CUST_1269,Alex Garcia,alex.garcia1269@example.com,Bandung,Southeast Asia,2023-08-04,Mobile Safari,7,7,2023-08-06 02:00:00,2024-05-31 19:00:00,2194.79,836.85,15,313.54,VIP Champion
CUST_1548,Jamie Davis,jamie.davis1548@example.com,Jakarta,Indonesia,2023-03-25,Android App,7,6,2023-03-31 10:00:00,2024-05-04 09:00:00,1653.48,580.98,12,275.58,VIP Champion
CUST_1620,Morgan Rodriguez,morgan.rodriguez1620@example.com,Jakarta,Indonesia,2023-04-04,Web Desktop,8,7,2023-04-10 06:00:00,2023-08-27 00:00:00,1705.06,619.01,12,243.58,VIP Champion
CUST_1725,Jordan Rodriguez,jordan.rodriguez1725@example.com,Medan,Indonesia,2024-05-07,Mobile Chrome,10,9,2024-05-10 12:00:00,2025-03-28 10:00:00,3481.38,1476.89,22,386.82,VIP Champion
CUST_1301,Alex Brown,alex.brown1301@example.com,Singapore,Indonesia,2023-06-03,Android App,11,10,2023-06-12 02:00:00,2024-03-04 20:00:00,2306.81,936.83,15,230.68,VIP Champion
CUST_1354,Sam Miller,sam.miller1354@example.com,Kuala Lumpur,Southeast Asia,2023-04-17,Mobile Chrome,5,5,2023-04-25 08:00:00,2025-03-02 08:00:00,2189.38,872.26,13,437.88,VIP Champion
CUST_1635,Avery Garcia,avery.garcia1635@example.com,Surabaya,Indonesia,2023-06-30,iOS App,5,5,2023-07-08 03:00:00,2024-02-28 13:00:00,3000.07,1369.06,13,600.01,VIP Champion
CUST_1946,Dakota Williams,dakota.williams1946@example.com,Bandung,Indonesia,2023-01-12,iOS App,8,7,2023-01-12 01:00:00,2023-09-15 11:00:00,2274.49,957.93,14,324.93,VIP Champion
CUST_1867,Jamie Smith,jamie.smith1867@example.com,Surabaya,Southeast Asia,2024-03-01,iOS App,6,6,2024-03-17 23:00:00,2024-11-10 16:00:00,1429.67,540.71,10,238.28,VIP Champion
CUST_1512,Jordan Williams,jordan.williams1512@example.com,Singapore,Indonesia,2023-08-13,Web Desktop,5,4,2023-08-23 01:00:00,2024-03-29 21:00:00,848.28,361.74,6,212.07,Loyal High Value
CUST_2057,Jamie Davis,jamie.davis2057@example.com,Semarang,Indonesia,2023-09-01,Mobile Safari,7,7,2023-09-19 03:00:00,2024-01-14 21:00:00,2753.83,1243.17,14,393.4,VIP Champion
CUST_1308,Avery Johnson,avery.johnson1308@example.com,Kuala Lumpur,Indonesia,2023-01-12,iOS App,6,5,2023-02-15 13:00:00,2024-04-17 02:00:00,1889.57,784.17,13,377.91,VIP Champion
CUST_1074,Pat Rodriguez,pat.rodriguez1074@example.com,Semarang,Indonesia,2024-01-31,Android App,8,7,2024-01-31 14:00:00,2024-12-01 02:00:00,2757.57,1168.75,16,393.94,VIP Champion
CUST_1567,Taylor Brown,taylor.brown1567@example.com,Bandung,Indonesia,2023-06-03,Web Desktop,4,4,2023-06-16 20:00:00,2023-08-02 11:00:00,1226.09,483.38,7,306.52,Loyal High Value
CUST_1213,Pat Miller,pat.miller1213@example.com,Medan,Indonesia,2024-01-31,iOS App,5,5,2024-02-05 02:00:00,2025-01-20 10:00:00,1597.48,615.75,9,319.5,VIP Champion
CUST_1169,Jordan Williams,jordan.williams1169@example.com,Jakarta,Indonesia,2023-02-04,Mobile Safari,9,8,2023-02-04 22:00:00,2023-07-25 16:00:00,2467.36,999.44,15,308.42,VIP Champion
CUST_1573,Jordan Garcia,jordan.garcia1573@example.com,Bandung,Indonesia,2023-11-05,Web Desktop,6,5,2023-11-19 12:00:00,2024-01-24 05:00:00,2368.22,952.51,12,473.64,VIP Champion
CUST_1998,Alex Miller,alex.miller1998@example.com,Surabaya,Southeast Asia,2024-04-22,Web Desktop,4,2,2024-05-01 06:00:00,2024-08-24 07:00:00,417.48,182.07,2,208.74,Regular Customer
CUST_1927,Chris Jones,chris.jones1927@example.com,Kuala Lumpur,Indonesia,2024-02-18,Android App,5,5,2024-04-16 12:00:00,2024-07-16 22:00:00,1995.93,873.34,13,399.19,VIP Champion
CUST_1587,Dakota Rodriguez,dakota.rodriguez1587@example.com,Surabaya,Indonesia,2024-05-13,Mobile Chrome,7,7,2024-05-13 04:00:00,2025-01-28 15:00:00,3493.31,1607.31,21,499.04,VIP Champion
CUST_1519,Taylor Brown,taylor.brown1519@example.com,Bangkok,Indonesia,2024-02-02,Mobile Chrome,3,2,2024-02-26 08:00:00,2024-03-12 00:00:00,674.75,297.56,3,337.38,Loyal High Value
CUST_1526,Alex Jones,alex.jones1526@example.com,Semarang,Indonesia,2023-07-20,Web Desktop,6,6,2023-07-21 22:00:00,2024-02-04 21:00:00,3312.05,1304.69,17,552.01,VIP Champion
CUST_1797,Alex Garcia,alex.garcia1797@example.com,Bangkok,Southeast Asia,2024-01-16,Web Desktop,6,6,2024-01-28 17:00:00,2024-05-12 04:00:00,2497.90,984.95,13,416.32,VIP Champion
CUST_1251,Morgan Johnson,morgan.johnson1251@example.com,Semarang,Indonesia,2024-03-21,iOS App,7,7,2024-05-11 01:00:00,2025-01-04 08:00:00,1779.18,662.68,14,254.17,VIP Champion
CUST_1772,Dakota Jones,dakota.jones1772@example.com,Singapore,Indonesia,2024-03-05,Android App,8,7,2024-03-05 16:00:00,2024-10-05 20:00:00,1791.02,692.35,11,255.86,VIP Champion
CUST_1043,Dakota Rodriguez,dakota.rodriguez1043@example.com,Surabaya,Southeast Asia,2024-04-17,Android App,7,6,2024-05-06 17:00:00,2024-08-25 13:00:00,2435.61,996.13,15,405.94,VIP Champion
CUST_1671,Pat Martinez,pat.martinez1671@example.com,Bandung,Indonesia,2023-11-11,Mobile Chrome,5,5,2023-12-03 09:00:00,2024-08-24 06:00:00,859.11,375.45,6,171.82,Loyal High Value
CUST_2115,Alex Garcia,alex.garcia2115@example.com,Kuala Lumpur,Indonesia,2024-02-02,Web Desktop,6,5,2024-02-18 03:00:00,2024-06-03 17:00:00,1720.03,733.72,11,344.01,VIP Champion
CUST_2043,Avery Miller,avery.miller2043@example.com,Bangkok,Indonesia,2023-02-19,Web Desktop,7,7,2023-03-17 03:00:00,2023-08-19 14:00:00,1391.57,571.07,13,198.8,VIP Champion
CUST_2174,Jordan Smith,jordan.smith2174@example.com,Surabaya,Indonesia,2023-11-26,Mobile Chrome,5,5,2023-12-07 18:00:00,2024-12-25 15:00:00,1523.91,656.21,9,304.78,VIP Champion
CUST_2185,Avery Rodriguez,avery.rodriguez2185@example.com,Kuala Lumpur,Indonesia,2023-11-27,Mobile Safari,5,5,2024-01-02 15:00:00,2024-09-07 18:00:00,1422.23,548.99,12,284.45,VIP Champion
CUST_1566,Alex Johnson,alex.johnson1566@example.com,Singapore,Indonesia,2023-11-21,Web Desktop,9,8,2023-11-21 12:00:00,2024-11-08 19:00:00,3354.84,1433.51,21,419.36,VIP Champion
CUST_1176,Pat Williams,pat.williams1176@example.com,Surabaya,Indonesia,2024-03-31,Mobile Chrome,6,6,2024-04-08 22:00:00,2024-09-11 10:00:00,3169.48,1299.28,19,528.25,VIP Champion
CUST_1672,Avery Smith,avery.smith1672@example.com,Singapore,Southeast Asia,2024-02-05,Mobile Chrome,4,4,2024-02-10 15:00:00,2024-05-21 12:00:00,984.60,372.03,7,246.15,Loyal High Value
CUST_1246,Avery Johnson,avery.johnson1246@example.com,Bandung,Southeast Asia,2023-11-07,Web Desktop,7,7,2023-11-08 04:00:00,2024-03-08 09:00:00,2135.84,832.61,12,305.12,VIP Champion
CUST_1057,Jamie Jones,jamie.jones1057@example.com,Bandung,Indonesia,2023-01-06,Mobile Chrome,5,4,2023-01-19 17:00:00,2023-05-18 07:00:00,1421.92,614.30,8,355.48,Loyal High Value
CUST_1190,Morgan Garcia,morgan.garcia1190@example.com,Jakarta,Indonesia,2024-04-15,Web Desktop,4,4,2024-05-04 11:00:00,2024-11-23 10:00:00,1181.90,558.19,8,295.48,Loyal High Value
CUST_1315,Morgan Davis,morgan.davis1315@example.com,Jakarta,Indonesia,2023-02-19,iOS App,4,3,2023-03-23 21:00:00,2023-04-15 09:00:00,1375.55,502.13,7,458.52,Loyal High Value
CUST_1467,Sam Davis,sam.davis1467@example.com,Surabaya,Indonesia,2023-12-30,Mobile Safari,7,6,2024-01-21 00:00:00,2025-03-29 01:00:00,1622.29,735.07,13,270.38,VIP Champion
CUST_1261,Taylor Garcia,taylor.garcia1261@example.com,Bangkok,Indonesia,2023-09-26,iOS App,5,5,2023-10-11 21:00:00,2024-02-16 08:00:00,1604.05,641.70,10,320.81,VIP Champion
CUST_1905,Avery Garcia,avery.garcia1905@example.com,Surabaya,Indonesia,2023-05-26,Mobile Chrome,3,3,2023-07-12 06:00:00,2023-11-28 09:00:00,449.16,213.00,5,149.72,Regular Customer
CUST_2154,Pat Rodriguez,pat.rodriguez2154@example.com,Bandung,Indonesia,2023-11-30,iOS App,4,4,2024-01-03 10:00:00,2024-06-27 11:00:00,2170.67,956.24,14,542.67,Loyal High Value
CUST_1710,Casey Williams,casey.williams1710@example.com,Semarang,Indonesia,2023-08-02,Mobile Safari,7,6,2023-08-14 14:00:00,2024-01-18 05:00:00,1165.15,481.65,6,194.19,VIP Champion
CUST_1666,Jordan Williams,jordan.williams1666@example.com,Bangkok,Indonesia,2023-05-09,iOS App,7,6,2023-05-20 02:00:00,2024-06-13 06:00:00,2799.78,1166.21,17,466.63,VIP Champion
CUST_1119,Casey Smith,casey.smith1119@example.com,Semarang,Indonesia,2023-07-31,Mobile Chrome,2,2,2023-08-05 13:00:00,2023-08-09 23:00:00,543.71,210.23,5,271.86,Loyal High Value
CUST_1313,Chris Smith,chris.smith1313@example.com,Medan,Indonesia,2024-01-26,Mobile Chrome,2,2,2024-03-12 05:00:00,2024-05-01 06:00:00,641.90,269.21,3,320.95,Loyal High Value
CUST_1645,Casey Martinez,casey.martinez1645@example.com,Surabaya,Indonesia,2023-01-25,Web Desktop,2,2,2023-05-31 08:00:00,2023-06-26 21:00:00,611.04,235.75,5,305.52,Loyal High Value
CUST_1902,Avery Johnson,avery.johnson1902@example.com,Bandung,Indonesia,2023-10-14,Web Desktop,2,2,2023-11-03 03:00:00,2023-11-21 18:00:00,523.52,230.87,3,261.76,Loyal High Value
CUST_1010,Avery Jones,avery.jones1010@example.com,Medan,Indonesia,2024-01-21,Mobile Safari,5,5,2024-02-18 03:00:00,2024-07-20 03:00:00,1578.92,651.30,10,315.78,VIP Champion
CUST_1520,Morgan Davis,morgan.davis1520@example.com,Singapore,Indonesia,2024-04-09,iOS App,9,9,2024-05-10 01:00:00,2024-12-11 04:00:00,1864.17,779.69,14,207.13,VIP Champion
CUST_1716,Alex Miller,alex.miller1716@example.com,Surabaya,Indonesia,2024-01-22,Web Desktop,12,11,2024-01-22 22:00:00,2025-01-14 10:00:00,3617.91,1578.98,22,328.9,VIP Champion
CUST_2168,Riley Jones,riley.jones2168@example.com,Bandung,Indonesia,2024-01-12,Android App,7,6,2024-02-11 14:00:00,2025-03-17 22:00:00,3060.28,1228.65,17,510.05,VIP Champion
CUST_2123,Alex Jones,alex.jones2123@example.com,Singapore,Indonesia,2023-05-20,iOS App,7,6,2023-06-08 19:00:00,2023-12-18 08:00:00,1648.52,695.29,10,274.75,VIP Champion
CUST_1962,Alex Miller,alex.miller1962@example.com,Semarang,Indonesia,2023-05-22,Mobile Safari,8,4,2023-05-29 21:00:00,2023-12-01 03:00:00,1406.11,605.91,7,351.53,Loyal High Value
CUST_1118,Casey Brown,casey.brown1118@example.com,Bandung,Indonesia,2023-07-11,iOS App,8,7,2023-07-22 10:00:00,2023-12-12 14:00:00,1080.28,489.64,11,154.33,VIP Champion
CUST_2000,Dakota Rodriguez,dakota.rodriguez2000@example.com,Medan,Indonesia,2023-05-26,Web Desktop,7,7,2023-07-27 09:00:00,2024-02-10 20:00:00,2465.89,968.04,13,352.27,VIP Champion
CUST_1805,Taylor Miller,taylor.miller1805@example.com,Bandung,Southeast Asia,2024-02-12,Mobile Safari,9,9,2024-02-12 02:00:00,2025-09-22 11:00:00,2383.80,1009.07,11,264.87,VIP Champion
CUST_1706,Jordan Miller,jordan.miller1706@example.com,Bandung,Indonesia,2023-03-24,Mobile Safari,9,8,2023-03-25 22:00:00,2023-09-16 00:00:00,2815.53,1261.43,17,351.94,VIP Champion
CUST_1784,Avery Brown,avery.brown1784@example.com,Semarang,Indonesia,2024-05-04,Android App,6,6,2024-07-05 05:00:00,2024-12-15 13:00:00,1629.28,609.94,14,271.55,VIP Champion
CUST_1708,Dakota Smith,dakota.smith1708@example.com,Jakarta,Indonesia,2024-01-25,Mobile Safari,12,11,2024-01-26 00:00:00,2024-10-20 05:00:00,2603.38,1101.44,17,236.67,VIP Champion
CUST_1228,Riley Smith,riley.smith1228@example.com,Medan,Indonesia,2023-09-07,Web Desktop,7,7,2023-09-08 01:00:00,2024-02-10 06:00:00,3684.14,1513.66,17,526.31,VIP Champion
CUST_1852,Pat Smith,pat.smith1852@example.com,Bandung,Indonesia,2024-02-28,iOS App,7,7,2024-03-01 16:00:00,2024-09-04 10:00:00,1796.13,771.84,13,256.59,VIP Champion
CUST_2157,Jamie Martinez,jamie.martinez2157@example.com,Jakarta,Indonesia,2023-02-13,Android App,10,10,2023-02-16 04:00:00,2023-12-04 17:00:00,2883.59,1259.28,18,288.36,VIP Champion
CUST_1971,Taylor Brown,taylor.brown1971@example.com,Bandung,Indonesia,2023-02-15,Android App,6,5,2023-03-09 02:00:00,2024-12-29 15:00:00,1932.33,750.39,10,386.47,VIP Champion
CUST_2075,Pat Garcia,pat.garcia2075@example.com,Singapore,Indonesia,2023-10-12,iOS App,8,8,2023-11-08 07:00:00,2024-03-28 00:00:00,2887.39,1225.53,17,360.92,VIP Champion
CUST_1364,Avery Rodriguez,avery.rodriguez1364@example.com,Surabaya,Indonesia,2023-09-28,iOS App,7,6,2023-10-14 23:00:00,2024-04-08 03:00:00,1181.43,518.62,10,196.91,VIP Champion
CUST_1628,Jamie Davis,jamie.davis1628@example.com,Singapore,Indonesia,2023-11-06,Mobile Chrome,11,9,2023-11-06 01:00:00,2024-06-21 19:00:00,2688.44,1119.89,15,298.72,VIP Champion
CUST_1981,Dakota Williams,dakota.williams1981@example.com,Singapore,Indonesia,2024-03-23,iOS App,4,4,2024-06-08 04:00:00,2024-08-11 22:00:00,808.10,285.12,5,202.03,Loyal High Value
CUST_2180,Chris Martinez,chris.martinez2180@example.com,Singapore,Indonesia,2024-01-10,iOS App,9,9,2024-01-24 18:00:00,2025-05-16 17:00:00,4272.37,1633.76,20,474.71,VIP Champion
CUST_1568,Dakota Martinez,dakota.martinez1568@example.com,Surabaya,Indonesia,2023-02-20,Mobile Chrome,10,10,2023-03-09 16:00:00,2023-09-08 06:00:00,3092.52,1416.21,19,309.25,VIP Champion
CUST_1899,Avery Davis,avery.davis1899@example.com,Semarang,Indonesia,2024-02-12,Web Desktop,9,9,2024-02-25 04:00:00,2024-11-19 00:00:00,2497.09,969.67,17,277.45,VIP Champion
CUST_1630,Sam Jones,sam.jones1630@example.com,Singapore,Indonesia,2023-03-15,Android App,5,5,2023-04-01 06:00:00,2023-11-26 10:00:00,967.08,358.00,9,193.42,Loyal High Value
CUST_1408,Chris Jones,chris.jones1408@example.com,Surabaya,Indonesia,2023-07-02,Mobile Chrome,13,11,2023-07-16 06:00:00,2024-05-25 13:00:00,4522.52,1829.16,29,411.14,VIP Champion
CUST_1067,Casey Martinez,casey.martinez1067@example.com,Singapore,Indonesia,2023-03-04,Android App,10,9,2023-03-06 13:00:00,2024-09-09 18:00:00,4437.15,1934.88,21,493.02,VIP Champion
CUST_2129,Taylor Williams,taylor.williams2129@example.com,Semarang,Indonesia,2023-12-09,iOS App,6,6,2023-12-09 01:00:00,2024-07-08 09:00:00,1695.20,732.86,10,282.53,VIP Champion
CUST_1823,Taylor Johnson,taylor.johnson1823@example.com,Kuala Lumpur,Indonesia,2024-03-09,Android App,12,11,2024-04-10 14:00:00,2025-03-19 06:00:00,3359.28,1362.44,28,305.39,VIP Champion
CUST_2188,Morgan Williams,morgan.williams2188@example.com,Surabaya,Indonesia,2024-03-10,Android App,5,4,2024-05-17 15:00:00,2024-08-22 16:00:00,1133.16,453.42,9,283.29,Loyal High Value
CUST_1785,Jamie Martinez,jamie.martinez1785@example.com,Semarang,Indonesia,2024-03-20,Web Desktop,6,5,2024-03-25 16:00:00,2024-08-11 16:00:00,2262.31,899.37,13,452.46,VIP Champion
CUST_1096,Taylor Rodriguez,taylor.rodriguez1096@example.com,Medan,Southeast Asia,2024-03-30,Mobile Safari,9,9,2024-03-31 04:00:00,2024-11-08 02:00:00,1811.16,774.25,13,201.24,VIP Champion
CUST_1162,Morgan Smith,morgan.smith1162@example.com,Jakarta,Indonesia,2023-01-20,iOS App,6,5,2023-02-02 00:00:00,2023-10-01 18:00:00,1617.62,761.30,12,323.52,VIP Champion
CUST_1160,Casey Johnson,casey.johnson1160@example.com,Bandung,Indonesia,2023-12-01,Web Desktop,10,10,2023-12-10 17:00:00,2024-11-17 12:00:00,3872.40,1520.18,25,387.24,VIP Champion
CUST_1025,Morgan Brown,morgan.brown1025@example.com,Semarang,Indonesia,2023-08-10,Mobile Chrome,7,6,2023-08-11 21:00:00,2024-03-02 23:00:00,2042.76,886.92,12,340.46,VIP Champion
CUST_1343,Casey Rodriguez,casey.rodriguez1343@example.com,Semarang,Indonesia,2023-06-25,Mobile Chrome,5,5,2023-07-06 14:00:00,2023-12-02 09:00:00,2835.32,1327.44,15,567.06,VIP Champion
CUST_2084,Taylor Jones,taylor.jones2084@example.com,Bangkok,Southeast Asia,2023-02-17,Web Desktop,9,8,2023-02-20 10:00:00,2023-09-30 07:00:00,2834.76,1093.21,23,354.35,VIP Champion
CUST_1950,Sam Garcia,sam.garcia1950@example.com,Semarang,Indonesia,2023-07-27,Mobile Safari,8,8,2023-08-15 19:00:00,2023-12-03 07:00:00,2640.59,1160.88,14,330.07,VIP Champion
CUST_1771,Taylor Williams,taylor.williams1771@example.com,Jakarta,Southeast Asia,2024-03-25,Web Desktop,3,3,2024-04-05 21:00:00,2024-06-06 16:00:00,526.80,182.11,4,175.6,Loyal High Value
CUST_1997,Morgan Smith,morgan.smith1997@example.com,Bandung,Indonesia,2023-05-12,Mobile Safari,7,7,2023-05-20 21:00:00,2023-10-01 04:00:00,1858.93,797.54,14,265.56,VIP Champion
CUST_1849,Avery Miller,avery.miller1849@example.com,Jakarta,Indonesia,2023-08-17,Mobile Chrome,4,4,2023-08-28 00:00:00,2023-12-11 00:00:00,598.11,254.04,6,149.53,Loyal High Value
CUST_1280,Chris Martinez,chris.martinez1280@example.com,Bandung,Southeast Asia,2023-04-30,Mobile Chrome,8,8,2023-05-04 09:00:00,2024-04-28 13:00:00,3163.29,1442.36,19,395.41,VIP Champion
CUST_2126,Pat Martinez,pat.martinez2126@example.com,Kuala Lumpur,Indonesia,2023-04-07,Web Desktop,5,4,2023-04-07 07:00:00,2023-08-19 19:00:00,1422.68,589.13,8,355.67,Loyal High Value
CUST_1419,Alex Miller,alex.miller1419@example.com,Semarang,Indonesia,2023-12-10,Mobile Safari,8,8,2024-01-09 08:00:00,2024-09-15 06:00:00,2796.01,1036.96,22,349.5,VIP Champion
CUST_1201,Alex Davis,alex.davis1201@example.com,Surabaya,Indonesia,2023-01-19,Web Desktop,7,6,2023-01-21 18:00:00,2023-06-29 19:00:00,1844.33,771.24,12,307.39,VIP Champion
CUST_2076,Riley Martinez,riley.martinez2076@example.com,Bandung,Indonesia,2024-01-18,Mobile Safari,8,6,2024-01-20 12:00:00,2024-04-29 15:00:00,2474.70,1032.23,11,412.45,VIP Champion
CUST_1787,Avery Smith,avery.smith1787@example.com,Surabaya,Indonesia,2023-08-06,Web Desktop,4,4,2023-08-31 17:00:00,2023-09-21 20:00:00,1207.83,497.94,6,301.96,Loyal High Value
CUST_1970,Pat Garcia,pat.garcia1970@example.com,Bandung,Indonesia,2023-12-10,Android App,6,6,2023-12-26 17:00:00,2024-04-13 02:00:00,2645.80,1185.27,15,440.97,VIP Champion
CUST_1372,Jordan Williams,jordan.williams1372@example.com,Singapore,Indonesia,2023-02-11,iOS App,7,6,2023-02-17 02:00:00,2023-07-25 09:00:00,3567.28,1604.05,21,594.55,VIP Champion
CUST_1357,Sam Brown,sam.brown1357@example.com,Bandung,Southeast Asia,2024-05-08,Mobile Safari,7,7,2024-05-12 16:00:00,2025-05-12 01:00:00,3183.19,1361.30,15,454.74,VIP Champion
CUST_1625,Chris Garcia,chris.garcia1625@example.com,Singapore,Indonesia,2024-03-15,Mobile Chrome,7,7,2024-03-22 23:00:00,2024-07-25 19:00:00,2397.36,1100.18,16,342.48,VIP Champion
CUST_1286,Chris Williams,chris.williams1286@example.com,Singapore,Indonesia,2023-12-03,Mobile Safari,5,5,2023-12-08 18:00:00,2024-04-09 17:00:00,535.57,190.71,7,107.11,Loyal High Value
CUST_1412,Alex Williams,alex.williams1412@example.com,Medan,Indonesia,2024-05-11,Mobile Chrome,5,5,2024-05-15 10:00:00,2024-09-07 19:00:00,1862.72,767.09,15,372.54,VIP Champion
CUST_1897,Pat Miller,pat.miller1897@example.com,Bandung,Indonesia,2024-02-03,Mobile Safari,7,6,2024-02-13 14:00:00,2025-07-27 19:00:00,2045.50,925.64,13,340.92,VIP Champion
CUST_1171,Sam Jones,sam.jones1171@example.com,Bandung,Indonesia,2023-01-05,Android App,6,5,2023-01-18 16:00:00,2023-11-28 13:00:00,3186.47,1176.70,16,637.29,VIP Champion
CUST_1727,Avery Brown,avery.brown1727@example.com,Semarang,Indonesia,2023-03-14,iOS App,7,7,2023-03-14 09:00:00,2023-10-18 03:00:00,2422.91,1037.19,16,346.13,VIP Champion
CUST_1711,Alex Brown,alex.brown1711@example.com,Kuala Lumpur,Indonesia,2023-07-01,Web Desktop,8,8,2023-07-04 23:00:00,2025-02-27 08:00:00,2649.15,1062.89,13,331.14,VIP Champion
CUST_1846,Avery Johnson,avery.johnson1846@example.com,Medan,Indonesia,2024-03-08,iOS App,12,11,2024-03-20 19:00:00,2024-10-19 22:00:00,3881.77,1752.33,24,352.89,VIP Champion
CUST_1602,Avery Garcia,avery.garcia1602@example.com,Surabaya,Indonesia,2023-07-07,Mobile Chrome,8,7,2023-07-14 21:00:00,2024-04-07 20:00:00,1884.61,775.72,13,269.23,VIP Champion
CUST_1669,Morgan Brown,morgan.brown1669@example.com,Bandung,Indonesia,2023-06-30,iOS App,10,9,2023-07-04 15:00:00,2023-11-13 11:00:00,2883.40,1079.92,16,320.38,VIP Champion
CUST_1879,Chris Smith,chris.smith1879@example.com,Bangkok,Indonesia,2023-12-29,Mobile Safari,14,13,2024-02-26 03:00:00,2025-05-01 00:00:00,3836.34,1701.96,22,295.1,VIP Champion
CUST_1421,Pat Smith,pat.smith1421@example.com,Bandung,Indonesia,2023-04-19,iOS App,8,8,2023-04-20 23:00:00,2023-10-24 14:00:00,3651.39,1465.85,22,456.42,VIP Champion
CUST_2048,Dakota Johnson,dakota.johnson2048@example.com,Bandung,Indonesia,2023-06-17,Web Desktop,7,7,2023-06-25 10:00:00,2024-06-15 19:00:00,2405.09,1139.02,15,343.58,VIP Champion
CUST_2199,Casey Jones,casey.jones2199@example.com,Semarang,Indonesia,2024-02-01,Mobile Safari,9,8,2024-03-02 05:00:00,2024-10-16 16:00:00,5068.57,2137.33,29,633.57,VIP Champion
CUST_1414,Morgan Johnson,morgan.johnson1414@example.com,Bandung,Indonesia,2023-08-20,Mobile Safari,2,2,2023-08-21 02:00:00,2024-05-26 17:00:00,485.79,217.71,4,242.9,Regular Customer
CUST_1445,Morgan Garcia,morgan.garcia1445@example.com,Surabaya,Indonesia,2023-08-22,Mobile Safari,7,7,2023-09-09 10:00:00,2024-09-02 12:00:00,2250.25,924.45,17,321.46,VIP Champion
CUST_1647,Dakota Smith,dakota.smith1647@example.com,Kuala Lumpur,Southeast Asia,2023-02-18,Mobile Safari,5,4,2023-02-23 05:00:00,2023-06-17 02:00:00,1493.29,620.76,10,373.32,Loyal High Value
CUST_1812,Jordan Brown,jordan.brown1812@example.com,Bangkok,Indonesia,2024-03-09,Web Desktop,4,4,2024-03-13 03:00:00,2024-05-27 14:00:00,1317.83,555.54,8,329.46,Loyal High Value
CUST_1979,Morgan Davis,morgan.davis1979@example.com,Bangkok,Indonesia,2023-07-30,Mobile Safari,6,5,2023-08-07 16:00:00,2024-11-05 17:00:00,1446.32,600.73,9,289.26,VIP Champion
CUST_1128,Casey Smith,casey.smith1128@example.com,Semarang,Indonesia,2023-02-20,iOS App,4,4,2023-03-06 22:00:00,2023-06-10 04:00:00,1083.83,426.32,12,270.96,Loyal High Value
CUST_1353,Pat Garcia,pat.garcia1353@example.com,Surabaya,Indonesia,2023-10-29,Web Desktop,4,4,2023-11-09 23:00:00,2024-06-03 19:00:00,1103.19,413.80,9,275.8,Loyal High Value
CUST_1172,Morgan Rodriguez,morgan.rodriguez1172@example.com,Surabaya,Indonesia,2023-08-25,Web Desktop,6,6,2023-09-06 06:00:00,2024-05-23 11:00:00,1648.42,647.37,12,274.74,VIP Champion
CUST_1723,Alex Williams,alex.williams1723@example.com,Jakarta,Indonesia,2023-06-03,Web Desktop,2,2,2023-07-12 04:00:00,2023-10-16 06:00:00,783.78,304.70,4,391.89,Loyal High Value
CUST_2065,Pat Martinez,pat.martinez2065@example.com,Semarang,Indonesia,2023-06-28,iOS App,8,6,2023-07-02 10:00:00,2026-02-01 02:00:00,1802.71,817.50,15,300.45,VIP Champion
CUST_1459,Avery Jones,avery.jones1459@example.com,Semarang,Southeast Asia,2024-05-14,Web Desktop,5,5,2024-06-19 06:00:00,2024-10-12 10:00:00,2986.32,1191.37,18,597.26,VIP Champion
CUST_1788,Avery Miller,avery.miller1788@example.com,Singapore,Indonesia,2023-05-26,iOS App,3,3,2023-06-05 20:00:00,2023-09-11 10:00:00,437.38,177.55,3,145.79,Regular Customer
CUST_1554,Dakota Smith,dakota.smith1554@example.com,Semarang,Indonesia,2023-11-07,Mobile Chrome,3,3,2023-11-26 18:00:00,2024-04-25 04:00:00,1115.98,504.28,7,371.99,Loyal High Value
CUST_1180,Alex Garcia,alex.garcia1180@example.com,Semarang,Indonesia,2023-10-21,Mobile Safari,5,5,2023-11-26 15:00:00,2024-06-11 01:00:00,933.66,415.24,6,186.73,Loyal High Value
CUST_1002,Sam Miller,sam.miller1002@example.com,Bandung,Indonesia,2023-05-02,Web Desktop,3,3,2023-05-03 15:00:00,2024-07-26 01:00:00,922.85,431.58,4,307.62,Loyal High Value
CUST_1782,Jamie Miller,jamie.miller1782@example.com,Jakarta,Indonesia,2023-04-02,Mobile Chrome,4,3,2023-04-26 20:00:00,2023-07-02 22:00:00,694.51,249.65,4,231.5,Loyal High Value
CUST_1687,Casey Williams,casey.williams1687@example.com,Jakarta,Indonesia,2023-07-25,Web Desktop,4,4,2023-09-11 07:00:00,2023-11-15 20:00:00,391.16,162.49,4,97.79,Regular Customer
CUST_1073,Jamie Martinez,jamie.martinez1073@example.com,Surabaya,Indonesia,2024-03-14,Mobile Chrome,2,2,2024-04-07 11:00:00,2024-06-20 08:00:00,693.94,298.01,3,346.97,Loyal High Value
CUST_1550,Avery Johnson,avery.johnson1550@example.com,Bandung,Indonesia,2023-11-03,Android App,1,1,2024-03-24 15:00:00,2024-03-24 15:00:00,250.31,94.76,1,250.31,One-Time Buyer
CUST_1369,Jamie Johnson,jamie.johnson1369@example.com,Kuala Lumpur,Indonesia,2023-06-10,Mobile Chrome,15,14,2023-06-14 11:00:00,2024-01-04 10:00:00,6081.40,2319.63,40,434.39,VIP Champion
CUST_1560,Dakota Rodriguez,dakota.rodriguez1560@example.com,Medan,Indonesia,2023-04-28,Android App,9,7,2023-05-06 06:00:00,2023-10-07 19:00:00,2072.52,788.51,14,296.07,VIP Champion
CUST_1577,Dakota Brown,dakota.brown1577@example.com,Semarang,Southeast Asia,2024-03-10,Mobile Safari,4,4,2024-03-11 00:00:00,2024-07-21 23:00:00,898.12,322.89,7,224.53,Loyal High Value
CUST_1115,Dakota Martinez,dakota.martinez1115@example.com,Bangkok,Southeast Asia,2023-08-12,Mobile Safari,7,5,2023-08-21 17:00:00,2024-09-23 02:00:00,1334.52,462.32,9,266.9,VIP Champion
CUST_2165,Dakota Jones,dakota.jones2165@example.com,Semarang,Indonesia,2023-04-17,Web Desktop,9,9,2023-04-28 03:00:00,2024-05-07 10:00:00,3730.47,1495.41,23,414.5,VIP Champion
CUST_1079,Alex Brown,alex.brown1079@example.com,Medan,Indonesia,2024-03-28,Android App,8,4,2024-03-30 18:00:00,2024-06-15 22:00:00,1298.49,510.01,7,324.62,Loyal High Value
CUST_1965,Alex Jones,alex.jones1965@example.com,Bandung,Indonesia,2023-10-14,Web Desktop,9,8,2023-11-29 17:00:00,2024-09-02 17:00:00,3071.47,1257.03,20,383.93,VIP Champion
CUST_1539,Pat Jones,pat.jones1539@example.com,Jakarta,Indonesia,2023-09-02,Android App,5,4,2023-09-02 17:00:00,2024-05-16 07:00:00,800.81,323.96,7,200.2,Loyal High Value
CUST_1466,Jamie Rodriguez,jamie.rodriguez1466@example.com,Medan,Indonesia,2023-01-31,Mobile Safari,8,8,2023-02-02 16:00:00,2023-06-25 07:00:00,3068.63,1223.22,18,383.58,VIP Champion
CUST_1103,Riley Martinez,riley.martinez1103@example.com,Surabaya,Southeast Asia,2024-01-28,Android App,7,5,2024-02-04 20:00:00,2024-05-16 02:00:00,1806.21,794.64,11,361.24,VIP Champion
CUST_1433,Taylor Smith,taylor.smith1433@example.com,Semarang,Indonesia,2024-01-11,iOS App,11,10,2024-01-20 19:00:00,2025-01-27 01:00:00,4877.86,1762.17,33,487.79,VIP Champion
CUST_1976,Jamie Rodriguez,jamie.rodriguez1976@example.com,Medan,Indonesia,2023-03-27,Mobile Chrome,6,4,2023-04-18 15:00:00,2023-09-11 03:00:00,2087.45,822.30,13,521.86,Loyal High Value
CUST_1210,Pat Martinez,pat.martinez1210@example.com,Jakarta,Indonesia,2023-09-20,Web Desktop,8,8,2023-09-27 03:00:00,2024-10-04 20:00:00,3429.89,1359.79,22,428.74,VIP Champion
CUST_1617,Sam Smith,sam.smith1617@example.com,Kuala Lumpur,Indonesia,2023-07-05,iOS App,7,7,2023-07-07 12:00:00,2024-02-29 22:00:00,2732.84,1123.58,17,390.41,VIP Champion
CUST_2176,Dakota Jones,dakota.jones2176@example.com,Surabaya,Indonesia,2023-08-16,Mobile Safari,7,7,2023-08-20 03:00:00,2023-12-03 22:00:00,2276.80,914.76,16,325.26,VIP Champion
CUST_1365,Avery Davis,avery.davis1365@example.com,Bangkok,Indonesia,2023-06-01,Web Desktop,9,9,2023-06-05 05:00:00,2024-04-05 23:00:00,3898.86,1812.33,20,433.21,VIP Champion
CUST_2088,Casey Johnson,casey.johnson2088@example.com,Bangkok,Indonesia,2024-04-16,Mobile Safari,6,6,2024-04-16 00:00:00,2024-09-01 23:00:00,1883.91,794.63,11,313.99,VIP Champion
CUST_1420,Alex Miller,alex.miller1420@example.com,Bangkok,Indonesia,2023-04-11,iOS App,6,6,2023-05-09 01:00:00,2023-09-19 18:00:00,1843.47,877.92,12,307.25,VIP Champion
CUST_1242,Jordan Martinez,jordan.martinez1242@example.com,Jakarta,Indonesia,2023-04-13,Web Desktop,13,12,2023-04-19 10:00:00,2023-11-14 15:00:00,4536.39,1959.98,30,378.03,VIP Champion
CUST_1870,Casey Johnson,casey.johnson1870@example.com,Surabaya,Indonesia,2023-03-08,Android App,5,5,2023-03-12 23:00:00,2023-06-23 00:00:00,1931.07,867.55,12,386.21,VIP Champion
CUST_2136,Jordan Brown,jordan.brown2136@example.com,Kuala Lumpur,Indonesia,2023-04-24,iOS App,13,11,2023-04-28 07:00:00,2023-10-28 21:00:00,2956.76,1162.02,22,268.8,VIP Champion
CUST_2051,Alex Johnson,alex.johnson2051@example.com,Bangkok,Indonesia,2023-12-11,Web Desktop,5,4,2023-12-25 22:00:00,2025-01-31 15:00:00,1347.08,553.73,9,336.77,Loyal High Value
CUST_1194,Dakota Johnson,dakota.johnson1194@example.com,Jakarta,Indonesia,2023-12-13,Web Desktop,7,6,2023-12-20 17:00:00,2024-05-27 12:00:00,3074.88,1384.69,18,512.48,VIP Champion
CUST_1001,Pat Brown,pat.brown1001@example.com,Kuala Lumpur,Indonesia,2023-12-15,Mobile Chrome,12,11,2023-12-29 18:00:00,2024-12-13 06:00:00,2803.11,1187.94,20,254.83,VIP Champion
CUST_1311,Jordan Garcia,jordan.garcia1311@example.com,Bandung,Indonesia,2024-02-06,iOS App,6,6,2024-02-13 11:00:00,2024-08-29 04:00:00,1096.23,417.57,8,182.71,VIP Champion
CUST_1218,Avery Martinez,avery.martinez1218@example.com,Semarang,Indonesia,2023-01-29,Mobile Chrome,4,3,2023-02-25 09:00:00,2023-07-03 11:00:00,2136.56,966.40,11,712.19,Loyal High Value
CUST_1179,Morgan Garcia,morgan.garcia1179@example.com,Surabaya,Indonesia,2023-11-18,Android App,7,7,2023-12-17 15:00:00,2024-08-25 12:00:00,2873.17,1164.24,15,410.45,VIP Champion
CUST_1614,Jamie Rodriguez,jamie.rodriguez1614@example.com,Bandung,Indonesia,2023-03-06,Web Desktop,8,8,2023-03-09 14:00:00,2023-11-17 12:00:00,2207.14,901.33,14,275.89,VIP Champion
CUST_1371,Casey Rodriguez,casey.rodriguez1371@example.com,Bangkok,Indonesia,2023-09-15,Mobile Chrome,6,6,2023-09-29 18:00:00,2023-12-18 21:00:00,1051.38,471.92,7,175.23,VIP Champion
CUST_1040,Taylor Brown,taylor.brown1040@example.com,Bandung,Indonesia,2023-09-09,Android App,6,5,2023-09-14 07:00:00,2025-06-07 10:00:00,1091.50,373.23,6,218.3,VIP Champion
CUST_1483,Dakota Martinez,dakota.martinez1483@example.com,Bangkok,Indonesia,2023-04-09,iOS App,7,6,2023-05-02 08:00:00,2023-12-03 10:00:00,2727.69,1097.92,17,454.62,VIP Champion
CUST_1851,Jordan Johnson,jordan.johnson1851@example.com,Bandung,Indonesia,2023-09-26,Mobile Chrome,5,5,2023-10-21 21:00:00,2024-09-08 04:00:00,1210.29,497.09,7,242.06,VIP Champion
CUST_2142,Dakota Jones,dakota.jones2142@example.com,Surabaya,Southeast Asia,2023-05-29,Android App,7,6,2023-06-29 08:00:00,2024-03-03 00:00:00,1935.20,810.61,10,322.53,VIP Champion
CUST_1895,Jordan Martinez,jordan.martinez1895@example.com,Semarang,Indonesia,2023-10-30,Web Desktop,5,3,2023-11-23 00:00:00,2024-02-10 06:00:00,311.60,153.84,4,103.87,Regular Customer
CUST_1974,Jamie Brown,jamie.brown1974@example.com,Medan,Indonesia,2023-04-19,Mobile Safari,11,9,2023-04-20 20:00:00,2023-09-09 07:00:00,2545.90,987.92,14,282.88,VIP Champion
CUST_1561,Riley Jones,riley.jones1561@example.com,Medan,Indonesia,2023-01-07,iOS App,7,6,2023-02-04 17:00:00,2023-04-26 17:00:00,2871.44,1004.64,18,478.57,VIP Champion
CUST_1198,Morgan Rodriguez,morgan.rodriguez1198@example.com,Medan,Indonesia,2023-06-26,Mobile Safari,5,4,2023-08-14 18:00:00,2023-11-11 10:00:00,1179.85,499.99,6,294.96,Loyal High Value
CUST_1155,Avery Johnson,avery.johnson1155@example.com,Bangkok,Indonesia,2024-03-18,Mobile Chrome,11,10,2024-03-22 02:00:00,2025-03-26 01:00:00,3771.05,1526.93,25,377.11,VIP Champion
CUST_1822,Pat Smith,pat.smith1822@example.com,Bangkok,Southeast Asia,2023-09-30,Mobile Chrome,5,4,2023-10-03 11:00:00,2024-05-13 16:00:00,1894.11,917.01,10,473.53,Loyal High Value
CUST_1256,Chris Jones,chris.jones1256@example.com,Semarang,Indonesia,2023-08-31,Web Desktop,8,8,2023-09-04 08:00:00,2024-11-06 09:00:00,2041.04,867.20,15,255.13,VIP Champion
CUST_1541,Alex Rodriguez,alex.rodriguez1541@example.com,Bangkok,Indonesia,2023-01-17,Web Desktop,6,6,2023-02-05 03:00:00,2023-09-14 09:00:00,1221.29,586.08,6,203.55,VIP Champion
CUST_1590,Alex Smith,alex.smith1590@example.com,Jakarta,Southeast Asia,2024-01-04,Web Desktop,9,8,2024-01-24 09:00:00,2024-11-04 00:00:00,2595.10,1125.10,14,324.39,VIP Champion
CUST_1766,Pat Martinez,pat.martinez1766@example.com,Kuala Lumpur,Indonesia,2023-11-01,iOS App,5,5,2023-11-04 06:00:00,2024-12-18 01:00:00,1656.78,841.24,9,331.36,VIP Champion
CUST_1610,Jordan Davis,jordan.davis1610@example.com,Kuala Lumpur,Indonesia,2023-12-20,Mobile Safari,5,5,2024-02-27 11:00:00,2024-09-25 20:00:00,1509.08,660.64,11,301.82,VIP Champion
CUST_1457,Alex Rodriguez,alex.rodriguez1457@example.com,Semarang,Indonesia,2023-04-28,Mobile Safari,4,4,2023-04-29 19:00:00,2023-07-01 13:00:00,1473.09,609.79,9,368.27,Loyal High Value
CUST_1679,Taylor Davis,taylor.davis1679@example.com,Bangkok,Indonesia,2023-10-10,Mobile Safari,4,3,2023-11-03 22:00:00,2024-07-20 02:00:00,1148.73,486.40,7,382.91,Loyal High Value
CUST_1886,Chris Martinez,chris.martinez1886@example.com,Jakarta,Indonesia,2023-04-04,Android App,6,6,2023-05-06 20:00:00,2023-11-07 20:00:00,2258.45,921.35,12,376.41,VIP Champion
CUST_1245,Morgan Garcia,morgan.garcia1245@example.com,Semarang,Indonesia,2024-02-13,Mobile Chrome,6,6,2024-02-21 09:00:00,2024-07-05 09:00:00,2137.47,949.19,14,356.24,VIP Champion
CUST_2067,Casey Martinez,casey.martinez2067@example.com,Medan,Indonesia,2023-12-25,Web Desktop,3,3,2024-01-11 07:00:00,2024-05-09 01:00:00,1915.79,832.07,13,638.6,Loyal High Value
CUST_1733,Alex Rodriguez,alex.rodriguez1733@example.com,Semarang,Indonesia,2024-01-01,Android App,7,7,2024-01-03 17:00:00,2024-04-03 21:00:00,2785.52,1119.44,19,397.93,VIP Champion
CUST_1129,Alex Davis,alex.davis1129@example.com,Surabaya,Indonesia,2023-10-15,Android App,7,4,2023-10-20 12:00:00,2024-08-12 13:00:00,774.40,271.14,7,193.6,Loyal High Value
CUST_1531,Pat Miller,pat.miller1531@example.com,Medan,Indonesia,2023-12-14,Mobile Safari,6,6,2023-12-18 13:00:00,2024-09-01 13:00:00,2936.34,1201.49,18,489.39,VIP Champion
CUST_1909,Casey Jones,casey.jones1909@example.com,Medan,Indonesia,2023-07-21,Web Desktop,8,7,2023-07-31 07:00:00,2024-01-08 12:00:00,3087.49,1234.35,19,441.07,VIP Champion
CUST_1934,Pat Williams,pat.williams1934@example.com,Singapore,Indonesia,2024-02-07,iOS App,4,4,2024-02-22 10:00:00,2024-08-31 10:00:00,2088.32,1007.91,11,522.08,Loyal High Value
CUST_2100,Alex Smith,alex.smith2100@example.com,Medan,Indonesia,2023-08-04,Android App,7,6,2023-08-21 15:00:00,2024-07-18 01:00:00,2517.52,996.96,13,419.59,VIP Champion
CUST_1613,Riley Rodriguez,riley.rodriguez1613@example.com,Semarang,Southeast Asia,2024-01-25,Mobile Chrome,8,6,2024-02-11 23:00:00,2024-12-13 12:00:00,850.24,352.28,7,141.71,Loyal High Value
CUST_1744,Dakota Garcia,dakota.garcia1744@example.com,Medan,Indonesia,2023-03-29,iOS App,10,10,2023-04-03 02:00:00,2023-08-01 01:00:00,3762.50,1574.20,20,376.25,VIP Champion
CUST_1388,Pat Johnson,pat.johnson1388@example.com,Surabaya,Indonesia,2023-08-25,Android App,9,9,2023-08-25 20:00:00,2025-03-02 10:00:00,2014.63,869.45,15,223.85,VIP Champion
CUST_1572,Alex Garcia,alex.garcia1572@example.com,Semarang,Indonesia,2023-03-09,iOS App,8,8,2023-03-16 08:00:00,2024-01-17 00:00:00,2560.13,974.30,15,320.02,VIP Champion
CUST_1367,Pat Martinez,pat.martinez1367@example.com,Surabaya,Indonesia,2023-12-11,Android App,9,7,2023-12-19 09:00:00,2024-07-19 02:00:00,3482.82,1311.27,19,497.55,VIP Champion
CUST_1722,Dakota Brown,dakota.brown1722@example.com,Medan,Indonesia,2023-02-28,Mobile Safari,5,5,2023-03-19 04:00:00,2023-07-19 06:00:00,948.63,432.37,7,189.73,Loyal High Value
CUST_1578,Jordan Davis,jordan.davis1578@example.com,Jakarta,Indonesia,2023-08-02,Web Desktop,6,6,2023-08-03 23:00:00,2025-02-06 23:00:00,1877.66,661.42,18,312.94,VIP Champion
CUST_1363,Pat Garcia,pat.garcia1363@example.com,Semarang,Southeast Asia,2023-04-28,iOS App,4,4,2023-06-16 00:00:00,2024-08-10 20:00:00,1122.50,448.31,7,280.63,Loyal High Value
CUST_1786,Casey Davis,casey.davis1786@example.com,Bandung,Southeast Asia,2023-08-25,Mobile Safari,5,5,2023-09-05 10:00:00,2024-01-12 09:00:00,1418.46,648.73,8,283.69,VIP Champion
CUST_1767,Alex Rodriguez,alex.rodriguez1767@example.com,Semarang,Indonesia,2023-09-08,Mobile Chrome,6,6,2023-09-09 22:00:00,2024-03-24 23:00:00,2225.83,936.65,11,370.97,VIP Champion
CUST_1427,Morgan Rodriguez,morgan.rodriguez1427@example.com,Jakarta,Indonesia,2023-06-18,Android App,6,5,2023-06-27 11:00:00,2023-09-01 18:00:00,847.61,341.76,6,169.52,Loyal High Value
CUST_1080,Sam Miller,sam.miller1080@example.com,Jakarta,Indonesia,2023-04-10,Mobile Chrome,4,4,2023-04-10 19:00:00,2023-10-06 02:00:00,1989.32,748.52,11,497.33,Loyal High Value
CUST_1730,Dakota Rodriguez,dakota.rodriguez1730@example.com,Surabaya,Southeast Asia,2024-02-15,Mobile Safari,5,5,2024-02-25 12:00:00,2024-11-16 18:00:00,1412.74,503.01,8,282.55,VIP Champion
CUST_1990,Alex Brown,alex.brown1990@example.com,Singapore,Indonesia,2023-09-27,Mobile Safari,4,4,2023-09-28 18:00:00,2023-12-28 06:00:00,1829.40,699.95,13,457.35,Loyal High Value
CUST_1437,Jordan Johnson,jordan.johnson1437@example.com,Semarang,Indonesia,2023-01-29,Web Desktop,6,6,2023-03-02 02:00:00,2023-09-12 12:00:00,1657.73,654.50,10,276.29,VIP Champion
CUST_1131,Jamie Smith,jamie.smith1131@example.com,Medan,Indonesia,2023-02-23,Web Desktop,6,5,2023-03-01 05:00:00,2023-08-24 06:00:00,1634.94,689.95,13,326.99,VIP Champion
CUST_1305,Jamie Davis,jamie.davis1305@example.com,Surabaya,Indonesia,2023-11-24,Mobile Safari,3,2,2023-12-29 10:00:00,2024-04-04 16:00:00,276.89,106.24,5,138.45,Regular Customer
CUST_2186,Riley Miller,riley.miller2186@example.com,Kuala Lumpur,Indonesia,2024-04-21,iOS App,5,5,2024-05-04 00:00:00,2024-09-20 11:00:00,1137.05,392.09,8,227.41,VIP Champion
CUST_1355,Jamie Rodriguez,jamie.rodriguez1355@example.com,Bandung,Indonesia,2023-10-19,Mobile Safari,4,2,2023-10-22 05:00:00,2024-10-15 12:00:00,1170.94,409.43,8,585.47,Loyal High Value
CUST_1264,Casey Johnson,casey.johnson1264@example.com,Surabaya,Indonesia,2023-11-28,iOS App,9,8,2023-12-01 13:00:00,2024-05-13 17:00:00,2383.67,883.43,17,297.96,VIP Champion
CUST_1826,Riley Miller,riley.miller1826@example.com,Bandung,Indonesia,2023-12-26,Mobile Chrome,7,5,2023-12-28 21:00:00,2024-04-23 11:00:00,1427.47,666.72,8,285.49,VIP Champion
CUST_1101,Dakota Johnson,dakota.johnson1101@example.com,Medan,Indonesia,2023-08-27,Android App,8,7,2023-09-01 01:00:00,2024-08-08 06:00:00,2390.61,917.82,13,341.52,VIP Champion
CUST_1809,Sam Jones,sam.jones1809@example.com,Jakarta,Indonesia,2023-12-09,iOS App,9,6,2023-12-10 12:00:00,2024-03-31 14:00:00,3210.83,1408.40,15,535.14,VIP Champion
CUST_2096,Pat Rodriguez,pat.rodriguez2096@example.com,Semarang,Southeast Asia,2023-11-21,Web Desktop,12,11,2023-12-07 07:00:00,2024-06-20 10:00:00,4964.40,2010.84,28,451.31,VIP Champion
CUST_1941,Pat Jones,pat.jones1941@example.com,Bandung,Indonesia,2024-02-19,Web Desktop,5,5,2024-03-02 04:00:00,2024-09-16 19:00:00,980.74,436.11,7,196.15,Loyal High Value
CUST_1757,Jordan Jones,jordan.jones1757@example.com,Medan,Indonesia,2023-05-14,iOS App,13,12,2023-05-18 12:00:00,2024-02-07 14:00:00,3334.72,1338.97,21,277.89,VIP Champion
CUST_2093,Morgan Jones,morgan.jones2093@example.com,Semarang,Indonesia,2024-03-20,Mobile Chrome,9,7,2024-03-20 01:00:00,2024-08-12 18:00:00,2677.00,1087.18,19,382.43,VIP Champion
CUST_1223,Casey Jones,casey.jones1223@example.com,Surabaya,Southeast Asia,2024-03-30,Android App,3,3,2024-05-01 17:00:00,2024-07-14 11:00:00,1078.44,432.66,6,359.48,Loyal High Value
CUST_1665,Avery Brown,avery.brown1665@example.com,Singapore,Indonesia,2023-09-22,Web Desktop,6,6,2023-09-25 20:00:00,2024-08-18 19:00:00,1912.46,749.49,13,318.74,VIP Champion
CUST_1603,Riley Johnson,riley.johnson1603@example.com,Bandung,Indonesia,2023-10-22,Web Desktop,8,7,2023-11-11 22:00:00,2024-07-08 22:00:00,2525.87,975.00,20,360.84,VIP Champion
CUST_2162,Jordan Garcia,jordan.garcia2162@example.com,Bangkok,Indonesia,2024-04-05,Android App,6,6,2024-04-23 17:00:00,2024-08-18 01:00:00,1900.19,865.54,11,316.7,VIP Champion
CUST_1051,Alex Brown,alex.brown1051@example.com,Singapore,Indonesia,2023-10-16,Mobile Safari,7,5,2023-10-16 19:00:00,2024-04-24 15:00:00,2523.49,990.57,12,504.7,VIP Champion
CUST_1670,Jordan Smith,jordan.smith1670@example.com,Surabaya,Southeast Asia,2023-02-27,Mobile Safari,8,8,2023-03-01 06:00:00,2023-08-11 00:00:00,2085.05,786.02,14,260.63,VIP Champion
CUST_1709,Sam Garcia,sam.garcia1709@example.com,Bandung,Indonesia,2024-01-11,Android App,8,7,2024-01-20 16:00:00,2024-10-15 12:00:00,4165.40,1740.23,25,595.06,VIP Champion
CUST_1958,Jamie Garcia,jamie.garcia1958@example.com,Medan,Southeast Asia,2024-03-29,Mobile Chrome,10,9,2024-04-02 16:00:00,2025-07-18 13:00:00,2479.76,1045.57,14,275.53,VIP Champion
CUST_1735,Jordan Miller,jordan.miller1735@example.com,Surabaya,Indonesia,2023-05-18,Web Desktop,8,8,2023-05-24 18:00:00,2023-12-15 19:00:00,1841.98,683.75,18,230.25,VIP Champion
CUST_1585,Jamie Brown,jamie.brown1585@example.com,Singapore,Indonesia,2023-12-18,Android App,4,4,2024-01-06 11:00:00,2024-03-05 01:00:00,1220.53,457.34,9,305.13,Loyal High Value
CUST_1230,Dakota Johnson,dakota.johnson1230@example.com,Surabaya,Indonesia,2023-07-20,iOS App,10,10,2023-08-02 23:00:00,2025-06-03 07:00:00,3405.72,1539.46,15,340.57,VIP Champion
CUST_1461,Dakota Williams,dakota.williams1461@example.com,Bandung,Indonesia,2023-09-02,Android App,8,8,2023-09-05 23:00:00,2024-05-19 07:00:00,1897.38,767.98,13,237.17,VIP Champion
CUST_1634,Morgan Miller,morgan.miller1634@example.com,Bangkok,Indonesia,2023-06-05,Mobile Safari,4,4,2023-06-06 03:00:00,2024-02-23 03:00:00,1146.19,396.96,10,286.55,Loyal High Value
CUST_1980,Pat Martinez,pat.martinez1980@example.com,Bandung,Southeast Asia,2023-02-11,Android App,3,3,2023-03-04 19:00:00,2023-05-09 00:00:00,787.73,356.86,4,262.58,Loyal High Value
CUST_1721,Chris Martinez,chris.martinez1721@example.com,Jakarta,Indonesia,2023-03-14,iOS App,9,9,2023-03-14 16:00:00,2024-02-13 18:00:00,3549.94,1486.09,24,394.44,VIP Champion
CUST_1382,Casey Miller,casey.miller1382@example.com,Surabaya,Indonesia,2023-07-27,iOS App,12,11,2023-08-01 00:00:00,2024-01-25 02:00:00,4720.30,2097.39,36,429.12,VIP Champion
CUST_1064,Taylor Johnson,taylor.johnson1064@example.com,Bangkok,Southeast Asia,2024-02-13,Android App,10,10,2024-02-15 08:00:00,2024-07-11 08:00:00,5159.31,2129.29,30,515.93,VIP Champion
CUST_1319,Riley Jones,riley.jones1319@example.com,Jakarta,Indonesia,2024-02-03,Mobile Safari,5,5,2024-02-16 03:00:00,2024-10-18 01:00:00,1808.16,692.09,10,361.63,VIP Champion
CUST_1097,Taylor Martinez,taylor.martinez1097@example.com,Bangkok,Indonesia,2024-01-02,Web Desktop,6,3,2024-01-10 01:00:00,2024-09-01 20:00:00,1019.00,476.88,6,339.67,Loyal High Value
CUST_1409,Chris Garcia,chris.garcia1409@example.com,Semarang,Indonesia,2023-03-20,Android App,6,6,2023-03-21 06:00:00,2023-08-09 22:00:00,3112.68,1310.59,17,518.78,VIP Champion
CUST_1341,Taylor Jones,taylor.jones1341@example.com,Semarang,Indonesia,2023-10-31,Mobile Safari,6,5,2023-11-02 16:00:00,2024-04-27 09:00:00,1927.40,923.40,14,385.48,VIP Champion
CUST_1233,Sam Williams,sam.williams1233@example.com,Singapore,Indonesia,2024-04-22,Web Desktop,8,8,2024-04-24 08:00:00,2024-11-12 23:00:00,3221.35,1463.67,18,402.67,VIP Champion
CUST_1807,Chris Smith,chris.smith1807@example.com,Medan,Southeast Asia,2023-06-19,Web Desktop,6,5,2023-06-27 20:00:00,2024-03-04 23:00:00,2098.14,926.11,16,419.63,VIP Champion
CUST_1206,Riley Smith,riley.smith1206@example.com,Kuala Lumpur,Indonesia,2023-11-09,Web Desktop,5,4,2023-11-10 17:00:00,2024-05-20 07:00:00,1693.79,812.59,8,423.45,Loyal High Value
CUST_1360,Pat Martinez,pat.martinez1360@example.com,Semarang,Indonesia,2023-02-08,iOS App,10,9,2023-02-08 19:00:00,2023-10-10 10:00:00,2789.14,1060.15,17,309.9,VIP Champion
CUST_1273,Avery Jones,avery.jones1273@example.com,Kuala Lumpur,Indonesia,2023-06-07,Mobile Safari,9,9,2023-06-09 05:00:00,2025-03-01 10:00:00,3229.55,1401.60,19,358.84,VIP Champion
CUST_1004,Jordan Davis,jordan.davis1004@example.com,Singapore,Indonesia,2024-05-06,Mobile Safari,8,8,2024-05-10 13:00:00,2024-08-03 05:00:00,4197.99,1773.42,19,524.75,VIP Champion
CUST_1426,Casey Johnson,casey.johnson1426@example.com,Surabaya,Indonesia,2024-04-07,Mobile Safari,7,7,2024-05-03 00:00:00,2024-10-26 01:00:00,1038.97,387.12,10,148.42,VIP Champion
CUST_1275,Alex Rodriguez,alex.rodriguez1275@example.com,Bangkok,Indonesia,2023-01-17,Mobile Safari,4,4,2023-03-24 08:00:00,2023-05-05 07:00:00,1153.34,480.32,6,288.33,Loyal High Value
CUST_1136,Pat Martinez,pat.martinez1136@example.com,Jakarta,Southeast Asia,2023-02-20,Mobile Safari,8,7,2023-03-05 16:00:00,2023-10-10 11:00:00,3061.96,1357.11,16,437.42,VIP Champion
CUST_1839,Jamie Martinez,jamie.martinez1839@example.com,Kuala Lumpur,Indonesia,2023-09-27,Mobile Safari,8,6,2023-11-15 01:00:00,2024-02-18 17:00:00,2556.71,1013.06,15,426.12,VIP Champion
CUST_1510,Taylor Rodriguez,taylor.rodriguez1510@example.com,Semarang,Indonesia,2023-04-27,Mobile Safari,6,5,2023-04-28 23:00:00,2023-08-28 22:00:00,2364.39,986.29,11,472.88,VIP Champion
CUST_1147,Morgan Davis,morgan.davis1147@example.com,Singapore,Indonesia,2023-08-02,Android App,11,11,2023-08-05 13:00:00,2024-01-23 19:00:00,4263.78,1753.47,25,387.62,VIP Champion
CUST_1544,Sam Smith,sam.smith1544@example.com,Surabaya,Southeast Asia,2023-10-28,Android App,9,9,2023-11-11 12:00:00,2024-05-14 12:00:00,3853.79,1708.39,22,428.2,VIP Champion
CUST_1059,Alex Brown,alex.brown1059@example.com,Semarang,Indonesia,2023-07-10,iOS App,8,6,2023-07-16 04:00:00,2024-02-15 08:00:00,1877.28,895.71,9,312.88,VIP Champion
CUST_1532,Taylor Garcia,taylor.garcia1532@example.com,Surabaya,Indonesia,2024-05-06,Web Desktop,5,5,2024-05-18 15:00:00,2024-09-30 07:00:00,1974.92,867.27,13,394.98,VIP Champion
CUST_1919,Dakota Jones,dakota.jones1919@example.com,Singapore,Southeast Asia,2024-02-09,iOS App,4,4,2024-02-13 04:00:00,2024-07-10 09:00:00,1413.36,587.14,13,353.34,Loyal High Value
CUST_1405,Sam Miller,sam.miller1405@example.com,Medan,Indonesia,2024-01-15,Mobile Safari,10,10,2024-01-22 10:00:00,2025-06-24 08:00:00,2874.71,1196.73,21,287.47,VIP Champion
CUST_1283,Dakota Martinez,dakota.martinez1283@example.com,Surabaya,Indonesia,2024-04-15,Android App,7,6,2024-04-15 15:00:00,2024-12-31 17:00:00,1250.48,509.31,7,208.41,VIP Champion
CUST_1156,Casey Smith,casey.smith1156@example.com,Singapore,Indonesia,2024-03-12,Mobile Safari,5,5,2024-03-22 03:00:00,2024-05-13 06:00:00,1688.29,710.58,9,337.66,VIP Champion
CUST_1543,Taylor Smith,taylor.smith1543@example.com,Medan,Indonesia,2023-06-17,Mobile Chrome,7,7,2023-06-23 15:00:00,2023-10-29 07:00:00,2607.68,1047.79,15,372.53,VIP Champion
CUST_2038,Jamie Davis,jamie.davis2038@example.com,Kuala Lumpur,Southeast Asia,2023-08-24,Mobile Chrome,8,8,2023-10-03 18:00:00,2024-05-01 17:00:00,3742.00,1590.54,22,467.75,VIP Champion
CUST_1378,Riley Garcia,riley.garcia1378@example.com,Surabaya,Indonesia,2023-07-19,Mobile Safari,10,10,2023-07-23 02:00:00,2024-09-30 19:00:00,3581.07,1506.53,25,358.11,VIP Champion
CUST_1955,Jordan Rodriguez,jordan.rodriguez1955@example.com,Surabaya,Indonesia,2023-03-19,Mobile Safari,4,4,2023-03-29 04:00:00,2023-09-25 14:00:00,1327.76,622.86,10,331.94,Loyal High Value
CUST_1084,Alex Brown,alex.brown1084@example.com,Medan,Indonesia,2023-06-01,Mobile Safari,5,5,2023-07-22 11:00:00,2023-11-26 22:00:00,2497.41,1046.97,14,499.48,VIP Champion
CUST_2184,Avery Martinez,avery.martinez2184@example.com,Jakarta,Indonesia,2023-04-20,Android App,8,7,2023-04-22 09:00:00,2023-07-30 03:00:00,1672.78,643.37,10,238.97,VIP Champion
CUST_1399,Morgan Brown,morgan.brown1399@example.com,Semarang,Indonesia,2023-05-26,Mobile Chrome,6,6,2023-06-06 19:00:00,2023-10-30 05:00:00,1764.68,682.31,12,294.11,VIP Champion
CUST_1824,Dakota Brown,dakota.brown1824@example.com,Singapore,Southeast Asia,2023-02-19,Mobile Safari,9,9,2023-02-19 20:00:00,2024-03-01 21:00:00,2482.25,1092.92,18,275.81,VIP Champion
CUST_1652,Avery Williams,avery.williams1652@example.com,Singapore,Indonesia,2024-04-22,Mobile Safari,5,5,2024-08-27 22:00:00,2025-07-04 04:00:00,1461.54,658.98,11,292.31,VIP Champion
CUST_2068,Avery Williams,avery.williams2068@example.com,Bandung,Indonesia,2023-03-23,Mobile Chrome,8,6,2023-03-23 10:00:00,2023-06-28 12:00:00,1715.47,742.63,11,285.91,VIP Champion
CUST_1434,Jamie Rodriguez,jamie.rodriguez1434@example.com,Surabaya,Indonesia,2024-03-06,Mobile Chrome,4,4,2024-03-31 08:00:00,2024-12-25 12:00:00,1917.75,942.36,11,479.44,Loyal High Value
CUST_1482,Pat Garcia,pat.garcia1482@example.com,Bangkok,Indonesia,2023-03-17,Mobile Safari,9,7,2023-03-19 00:00:00,2023-09-03 19:00:00,2664.24,1197.06,15,380.61,VIP Champion
CUST_1523,Casey Garcia,casey.garcia1523@example.com,Bangkok,Indonesia,2024-02-29,Mobile Chrome,6,5,2024-04-01 11:00:00,2024-07-30 21:00:00,1615.75,697.52,13,323.15,VIP Champion
CUST_1240,Pat Rodriguez,pat.rodriguez1240@example.com,Bangkok,Indonesia,2024-01-06,Web Desktop,3,2,2024-01-10 00:00:00,2024-04-22 06:00:00,659.72,251.12,3,329.86,Loyal High Value
CUST_1350,Jordan Rodriguez,jordan.rodriguez1350@example.com,Semarang,Southeast Asia,2023-01-03,Android App,12,12,2023-01-04 02:00:00,2024-01-01 17:00:00,4231.27,1791.33,26,352.61,VIP Champion
CUST_2013,Casey Miller,casey.miller2013@example.com,Semarang,Indonesia,2023-07-04,Mobile Safari,5,5,2023-08-08 12:00:00,2023-10-26 20:00:00,2266.21,987.18,11,453.24,VIP Champion
CUST_1564,Alex Smith,alex.smith1564@example.com,Bangkok,Indonesia,2023-10-21,Android App,10,10,2023-10-25 21:00:00,2024-07-23 15:00:00,3058.27,1237.29,20,305.83,VIP Champion
CUST_2194,Sam Rodriguez,sam.rodriguez2194@example.com,Surabaya,Southeast Asia,2024-01-27,Mobile Chrome,7,7,2024-02-07 10:00:00,2024-05-14 13:00:00,2620.15,1145.04,15,374.31,VIP Champion
CUST_1095,Chris Williams,chris.williams1095@example.com,Medan,Indonesia,2023-06-26,iOS App,6,6,2023-06-30 01:00:00,2024-01-27 12:00:00,1714.03,803.54,12,285.67,VIP Champion
CUST_2045,Riley Smith,riley.smith2045@example.com,Medan,Indonesia,2023-12-09,Mobile Chrome,11,9,2023-12-23 16:00:00,2024-09-09 18:00:00,2562.85,1080.65,18,284.76,VIP Champion
CUST_1729,Dakota Jones,dakota.jones1729@example.com,Jakarta,Indonesia,2023-05-07,Mobile Safari,4,4,2023-05-13 03:00:00,2024-03-24 15:00:00,1613.90,683.35,10,403.48,Loyal High Value
CUST_2044,Casey Jones,casey.jones2044@example.com,Jakarta,Indonesia,2023-04-19,Android App,5,4,2023-06-07 06:00:00,2023-12-26 10:00:00,1305.94,530.54,9,326.49,Loyal High Value
CUST_2200,Casey Jones,casey.jones2200@example.com,Surabaya,Indonesia,2024-01-01,Mobile Safari,4,4,2024-01-04 15:00:00,2024-06-27 09:00:00,1062.89,481.72,8,265.72,Loyal High Value
CUST_1151,Pat Garcia,pat.garcia1151@example.com,Singapore,Indonesia,2024-04-18,iOS App,9,9,2024-04-19 03:00:00,2025-05-15 12:00:00,2801.93,1080.37,21,311.33,VIP Champion
CUST_1238,Avery Martinez,avery.martinez1238@example.com,Kuala Lumpur,Southeast Asia,2023-01-16,Android App,2,2,2023-01-31 19:00:00,2023-02-18 23:00:00,865.49,393.43,4,432.75,Loyal High Value
CUST_1065,Pat Rodriguez,pat.rodriguez1065@example.com,Semarang,Indonesia,2023-02-05,Mobile Safari,3,3,2023-02-10 05:00:00,2023-06-08 08:00:00,859.66,429.93,5,286.55,Loyal High Value
CUST_1848,Riley Martinez,riley.martinez1848@example.com,Surabaya,Southeast Asia,2023-11-24,Web Desktop,8,6,2023-12-09 17:00:00,2024-06-07 15:00:00,1858.78,770.62,12,309.8,VIP Champion
CUST_1011,Pat Davis,pat.davis1011@example.com,Bandung,Southeast Asia,2024-03-06,Mobile Safari,2,2,2024-05-05 03:00:00,2024-05-25 19:00:00,954.38,258.62,5,477.19,Loyal High Value
CUST_1713,Casey Rodriguez,casey.rodriguez1713@example.com,Surabaya,Indonesia,2024-01-27,Android App,4,3,2024-02-21 18:00:00,2024-08-28 21:00:00,1267.94,523.37,8,422.65,Loyal High Value
CUST_1439,Sam Smith,sam.smith1439@example.com,Bandung,Indonesia,2023-07-03,Web Desktop,7,6,2023-07-12 18:00:00,2024-07-15 13:00:00,2671.68,993.45,16,445.28,VIP Champion
CUST_2056,Pat Martinez,pat.martinez2056@example.com,Singapore,Indonesia,2023-01-10,Android App,7,7,2023-01-14 04:00:00,2023-05-09 02:00:00,1922.50,893.70,11,274.64,VIP Champion
CUST_1058,Riley Smith,riley.smith1058@example.com,Semarang,Indonesia,2023-10-29,Mobile Safari,6,5,2023-11-03 09:00:00,2024-05-24 10:00:00,2605.11,1056.96,15,521.02,VIP Champion
CUST_1773,Taylor Johnson,taylor.johnson1773@example.com,Bangkok,Southeast Asia,2023-08-12,Mobile Safari,8,7,2023-08-13 11:00:00,2024-01-28 12:00:00,2799.55,1220.41,19,399.94,VIP Champion
CUST_1646,Dakota Jones,dakota.jones1646@example.com,Bangkok,Southeast Asia,2024-03-31,Mobile Safari,8,7,2024-04-30 03:00:00,2024-12-11 16:00:00,3140.45,1245.91,16,448.64,VIP Champion
CUST_1804,Dakota Johnson,dakota.johnson1804@example.com,Semarang,Indonesia,2023-03-15,Mobile Safari,10,10,2023-03-24 04:00:00,2023-09-01 08:00:00,2723.96,1148.30,20,272.4,VIP Champion
CUST_1496,Casey Miller,casey.miller1496@example.com,Jakarta,Indonesia,2023-01-16,Mobile Chrome,7,7,2023-01-27 21:00:00,2023-05-04 21:00:00,3496.11,1549.41,19,499.44,VIP Champion
CUST_1086,Taylor Smith,taylor.smith1086@example.com,Bangkok,Southeast Asia,2024-02-21,Mobile Safari,8,8,2024-02-23 07:00:00,2025-01-03 19:00:00,2165.00,875.59,15,270.63,VIP Champion
CUST_1309,Taylor Martinez,taylor.martinez1309@example.com,Kuala Lumpur,Indonesia,2023-05-27,Mobile Chrome,7,5,2023-07-12 03:00:00,2023-09-12 08:00:00,2370.56,998.59,12,474.11,VIP Champion
CUST_1738,Alex Rodriguez,alex.rodriguez1738@example.com,Bandung,Indonesia,2024-01-25,iOS App,12,11,2024-01-26 22:00:00,2024-05-02 02:00:00,2744.91,1169.85,21,249.54,VIP Champion
CUST_1455,Jamie Martinez,jamie.martinez1455@example.com,Semarang,Indonesia,2024-04-30,Web Desktop,5,4,2024-05-08 09:00:00,2025-02-19 03:00:00,1743.32,737.23,10,435.83,Loyal High Value
CUST_1764,Jordan Smith,jordan.smith1764@example.com,Bangkok,Southeast Asia,2023-09-02,Android App,5,5,2023-09-29 01:00:00,2024-09-19 08:00:00,1667.55,650.21,9,333.51,VIP Champion
CUST_1769,Casey Davis,casey.davis1769@example.com,Jakarta,Indonesia,2023-11-08,iOS App,8,8,2023-11-10 23:00:00,2024-01-23 10:00:00,2686.26,1240.54,17,335.78,VIP Champion
CUST_1912,Chris Smith,chris.smith1912@example.com,Singapore,Indonesia,2024-04-12,Web Desktop,9,9,2024-05-10 14:00:00,2024-08-20 21:00:00,3010.58,1211.39,18,334.51,VIP Champion
CUST_1187,Morgan Jones,morgan.jones1187@example.com,Semarang,Indonesia,2024-01-11,Android App,5,4,2024-01-14 05:00:00,2024-06-30 23:00:00,871.90,390.07,7,217.98,Loyal High Value
CUST_1789,Taylor Garcia,taylor.garcia1789@example.com,Singapore,Indonesia,2024-03-26,Mobile Chrome,2,2,2024-08-07 19:00:00,2025-05-26 22:00:00,737.62,275.16,3,368.81,Loyal High Value
CUST_1208,Alex Davis,alex.davis1208@example.com,Bandung,Indonesia,2024-02-22,Web Desktop,12,10,2024-02-25 03:00:00,2024-07-24 16:00:00,2662.14,1008.49,17,266.21,VIP Champion
CUST_1882,Sam Martinez,sam.martinez1882@example.com,Semarang,Indonesia,2023-08-25,Web Desktop,11,9,2023-08-26 10:00:00,2024-06-25 20:00:00,2741.71,1207.10,20,304.63,VIP Champion
CUST_1061,Taylor Davis,taylor.davis1061@example.com,Bangkok,Indonesia,2023-06-23,Android App,7,7,2023-07-02 15:00:00,2024-02-26 04:00:00,1886.69,761.89,10,269.53,VIP Champion
CUST_1258,Riley Garcia,riley.garcia1258@example.com,Semarang,Indonesia,2023-01-05,iOS App,13,12,2023-01-21 18:00:00,2023-11-20 03:00:00,5524.29,2378.00,32,460.36,VIP Champion
CUST_1756,Morgan Miller,morgan.miller1756@example.com,Jakarta,Indonesia,2023-02-14,Mobile Chrome,6,6,2023-03-02 05:00:00,2024-11-19 00:00:00,1976.15,846.44,12,329.36,VIP Champion
CUST_1714,Alex Johnson,alex.johnson1714@example.com,Surabaya,Indonesia,2023-01-06,iOS App,4,4,2023-01-06 16:00:00,2023-06-03 07:00:00,1059.42,451.28,7,264.86,Loyal High Value
CUST_1869,Dakota Rodriguez,dakota.rodriguez1869@example.com,Bangkok,Indonesia,2024-01-02,Mobile Chrome,9,9,2024-01-02 07:00:00,2024-08-10 10:00:00,2375.72,988.74,14,263.97,VIP Champion
CUST_1508,Morgan Smith,morgan.smith1508@example.com,Kuala Lumpur,Indonesia,2024-03-31,Web Desktop,9,9,2024-04-02 04:00:00,2025-05-31 19:00:00,1951.24,719.15,17,216.8,VIP Champion
CUST_1307,Chris Martinez,chris.martinez1307@example.com,Bandung,Indonesia,2024-01-18,Mobile Safari,7,6,2024-01-21 16:00:00,2024-08-31 05:00:00,2321.85,756.82,13,386.98,VIP Champion
CUST_1349,Jamie Garcia,jamie.garcia1349@example.com,Bandung,Indonesia,2024-04-18,Android App,6,6,2024-05-07 03:00:00,2025-01-11 19:00:00,2353.24,946.64,18,392.21,VIP Champion
CUST_1890,Alex Garcia,alex.garcia1890@example.com,Bandung,Indonesia,2023-06-15,iOS App,5,4,2023-07-05 16:00:00,2024-01-03 21:00:00,525.25,210.21,5,131.31,Loyal High Value
CUST_1373,Alex Miller,alex.miller1373@example.com,Medan,Indonesia,2023-10-07,Mobile Safari,7,6,2023-11-01 12:00:00,2024-05-06 12:00:00,2405.70,1147.11,13,400.95,VIP Champion
CUST_1608,Jordan Brown,jordan.brown1608@example.com,Bangkok,Indonesia,2023-02-22,Mobile Safari,8,8,2023-02-28 05:00:00,2023-09-24 05:00:00,2998.00,1140.48,17,374.75,VIP Champion
CUST_1952,Jordan Davis,jordan.davis1952@example.com,Medan,Indonesia,2023-03-14,Android App,7,6,2023-03-20 22:00:00,2024-05-06 19:00:00,1809.94,630.02,13,301.66,VIP Champion
CUST_1799,Alex Williams,alex.williams1799@example.com,Bandung,Indonesia,2024-05-14,Web Desktop,4,4,2024-06-07 22:00:00,2024-11-13 11:00:00,795.25,308.87,6,198.81,Loyal High Value
CUST_1492,Riley Johnson,riley.johnson1492@example.com,Medan,Indonesia,2023-02-11,Mobile Safari,7,7,2023-02-19 14:00:00,2024-01-14 08:00:00,2338.92,1104.59,13,334.13,VIP Champion
CUST_1435,Riley Davis,riley.davis1435@example.com,Kuala Lumpur,Indonesia,2023-08-26,Web Desktop,6,5,2023-08-26 08:00:00,2024-05-09 17:00:00,1890.61,750.52,11,378.12,VIP Champion
CUST_2111,Chris Davis,chris.davis2111@example.com,Singapore,Indonesia,2023-03-06,Web Desktop,3,3,2023-03-19 13:00:00,2023-06-11 00:00:00,1539.88,590.58,8,513.29,Loyal High Value
CUST_1607,Avery Brown,avery.brown1607@example.com,Singapore,Indonesia,2024-03-31,Android App,10,8,2024-03-31 02:00:00,2024-12-05 12:00:00,3922.00,1734.68,19,490.25,VIP Champion
CUST_1559,Casey Miller,casey.miller1559@example.com,Bandung,Indonesia,2023-12-26,Android App,4,4,2024-01-02 10:00:00,2024-09-05 20:00:00,1515.37,582.57,10,378.84,Loyal High Value
CUST_2152,Riley Garcia,riley.garcia2152@example.com,Jakarta,Indonesia,2023-11-14,Android App,5,5,2023-12-29 20:00:00,2024-04-04 07:00:00,2081.86,884.22,12,416.37,VIP Champion
CUST_1185,Dakota Martinez,dakota.martinez1185@example.com,Bangkok,Indonesia,2023-05-21,iOS App,8,7,2023-06-18 07:00:00,2023-11-26 23:00:00,2514.19,877.44,18,359.17,VIP Champion
CUST_1304,Chris Rodriguez,chris.rodriguez1304@example.com,Kuala Lumpur,Indonesia,2023-12-25,Android App,8,8,2024-01-02 02:00:00,2024-04-23 00:00:00,2038.41,825.78,12,254.8,VIP Champion
CUST_1411,Jordan Jones,jordan.jones1411@example.com,Surabaya,Indonesia,2023-06-30,Mobile Safari,4,3,2023-07-01 06:00:00,2023-10-27 03:00:00,1391.81,608.12,7,463.94,Loyal High Value
CUST_1876,Casey Brown,casey.brown1876@example.com,Medan,Indonesia,2024-03-08,Mobile Chrome,7,6,2024-03-14 11:00:00,2024-08-23 13:00:00,987.49,352.49,9,164.58,Loyal High Value
CUST_1569,Sam Martinez,sam.martinez1569@example.com,Surabaya,Indonesia,2024-04-29,Android App,12,12,2024-05-01 22:00:00,2024-09-25 22:00:00,5678.39,2581.11,30,473.2,VIP Champion
CUST_1085,Alex Smith,alex.smith1085@example.com,Bandung,Indonesia,2024-03-20,Mobile Safari,6,6,2024-04-16 13:00:00,2024-10-23 17:00:00,2324.89,1022.67,16,387.48,VIP Champion
CUST_1306,Dakota Miller,dakota.miller1306@example.com,Medan,Indonesia,2024-04-03,Android App,7,7,2024-04-09 20:00:00,2024-08-28 04:00:00,2536.29,1017.03,17,362.33,VIP Champion
CUST_2091,Casey Garcia,casey.garcia2091@example.com,Bangkok,Indonesia,2023-01-14,Android App,6,6,2023-01-25 08:00:00,2023-09-22 09:00:00,2179.43,824.85,13,363.24,VIP Champion
CUST_1018,Jamie Davis,jamie.davis1018@example.com,Kuala Lumpur,Indonesia,2024-04-16,iOS App,11,9,2024-04-20 02:00:00,2025-02-16 01:00:00,2998.82,1363.72,21,333.2,VIP Champion
CUST_1977,Chris Williams,chris.williams1977@example.com,Medan,Indonesia,2024-03-31,Android App,10,10,2024-04-04 21:00:00,2025-12-30 16:00:00,3955.94,1724.34,26,395.59,VIP Champion
CUST_1191,Riley Jones,riley.jones1191@example.com,Jakarta,Indonesia,2024-03-06,Android App,5,4,2024-03-11 19:00:00,2024-10-08 21:00:00,785.61,310.85,6,196.4,Loyal High Value
CUST_1750,Avery Brown,avery.brown1750@example.com,Jakarta,Indonesia,2023-12-10,Mobile Chrome,9,9,2023-12-25 03:00:00,2024-09-12 15:00:00,2014.72,786.22,14,223.86,VIP Champion
CUST_1424,Taylor Martinez,taylor.martinez1424@example.com,Semarang,Indonesia,2023-09-18,Android App,4,4,2023-12-08 02:00:00,2024-05-22 18:00:00,859.81,419.84,9,214.95,Loyal High Value
CUST_1295,Jamie Garcia,jamie.garcia1295@example.com,Surabaya,Indonesia,2023-04-27,Web Desktop,8,7,2023-05-02 12:00:00,2023-10-12 21:00:00,2080.81,928.32,13,297.26,VIP Champion
CUST_1641,Jordan Johnson,jordan.johnson1641@example.com,Semarang,Indonesia,2024-02-16,Mobile Safari,6,5,2024-03-28 01:00:00,2025-01-30 05:00:00,2116.95,968.34,15,423.39,VIP Champion
CUST_1931,Jordan Garcia,jordan.garcia1931@example.com,Bangkok,Indonesia,2023-08-12,Mobile Safari,7,7,2023-08-17 16:00:00,2024-02-26 07:00:00,2849.30,1229.65,20,407.04,VIP Champion
CUST_1060,Taylor Johnson,taylor.johnson1060@example.com,Surabaya,Southeast Asia,2023-10-08,Android App,5,5,2024-01-13 07:00:00,2024-08-20 04:00:00,1089.37,465.92,7,217.87,VIP Champion
CUST_1164,Dakota Williams,dakota.williams1164@example.com,Singapore,Indonesia,2023-06-10,Android App,6,5,2023-06-13 03:00:00,2023-08-31 05:00:00,1324.31,619.96,9,264.86,VIP Champion
CUST_1226,Sam Davis,sam.davis1226@example.com,Bangkok,Southeast Asia,2023-01-11,Web Desktop,6,6,2023-04-30 10:00:00,2023-12-10 18:00:00,1178.04,521.33,7,196.34,VIP Champion
CUST_1841,Sam Williams,sam.williams1841@example.com,Bandung,Indonesia,2024-02-16,Android App,5,4,2024-03-19 19:00:00,2024-09-27 19:00:00,2013.54,980.29,9,503.39,Loyal High Value
CUST_1777,Pat Brown,pat.brown1777@example.com,Medan,Indonesia,2023-03-01,Web Desktop,5,4,2023-03-02 23:00:00,2023-11-18 10:00:00,829.76,385.77,5,207.44,Loyal High Value
CUST_2128,Pat Garcia,pat.garcia2128@example.com,Bangkok,Indonesia,2023-04-29,Android App,4,2,2023-05-31 04:00:00,2024-01-17 20:00:00,1699.22,721.27,9,849.61,Loyal High Value
CUST_2148,Sam Williams,sam.williams2148@example.com,Jakarta,Southeast Asia,2024-03-25,iOS App,8,8,2024-04-15 08:00:00,2024-10-31 10:00:00,2423.98,904.09,15,303.0,VIP Champion
CUST_1144,Jamie Martinez,jamie.martinez1144@example.com,Surabaya,Indonesia,2023-02-15,Android App,5,4,2023-02-17 06:00:00,2023-08-18 02:00:00,3148.42,1261.73,14,787.11,Loyal High Value
CUST_2138,Casey Jones,casey.jones2138@example.com,Bandung,Indonesia,2023-06-25,iOS App,5,5,2023-06-27 16:00:00,2024-05-15 12:00:00,1558.58,721.17,8,311.72,VIP Champion
CUST_1838,Alex Smith,alex.smith1838@example.com,Singapore,Indonesia,2023-08-17,iOS App,6,6,2023-08-23 01:00:00,2024-04-14 15:00:00,3406.15,1494.86,18,567.69,VIP Champion
CUST_1737,Pat Davis,pat.davis1737@example.com,Singapore,Indonesia,2023-04-01,Android App,6,6,2023-04-27 20:00:00,2023-10-12 08:00:00,3366.31,1414.32,18,561.05,VIP Champion
CUST_1137,Avery Davis,avery.davis1137@example.com,Surabaya,Indonesia,2024-02-05,Mobile Safari,6,6,2024-02-20 05:00:00,2025-03-22 19:00:00,2006.23,939.27,10,334.37,VIP Champion
CUST_1463,Sam Martinez,sam.martinez1463@example.com,Semarang,Indonesia,2023-07-11,Android App,2,2,2023-09-11 23:00:00,2024-02-05 20:00:00,928.75,391.61,4,464.38,Loyal High Value
CUST_1224,Sam Martinez,sam.martinez1224@example.com,Bangkok,Indonesia,2023-02-15,Web Desktop,4,3,2023-03-07 09:00:00,2023-05-01 11:00:00,1004.37,441.32,6,334.79,Loyal High Value
CUST_1829,Chris Davis,chris.davis1829@example.com,Bangkok,Indonesia,2024-01-18,Android App,4,4,2024-01-18 19:00:00,2024-07-09 01:00:00,2001.70,914.25,12,500.43,Loyal High Value
CUST_1203,Morgan Smith,morgan.smith1203@example.com,Semarang,Indonesia,2023-09-21,Web Desktop,3,3,2023-10-08 01:00:00,2023-11-08 13:00:00,1002.72,482.46,5,334.24,Loyal High Value
CUST_1575,Sam Jones,sam.jones1575@example.com,Bandung,Indonesia,2023-10-27,Web Desktop,5,3,2023-11-23 00:00:00,2024-02-22 15:00:00,1192.96,544.62,7,397.65,Loyal High Value
CUST_1003,Riley Jones,riley.jones1003@example.com,Bangkok,Indonesia,2023-04-10,Mobile Chrome,2,2,2023-09-14 18:00:00,2025-07-16 14:00:00,515.75,260.07,5,257.88,Loyal High Value
CUST_1384,Pat Williams,pat.williams1384@example.com,Singapore,Southeast Asia,2023-04-14,Mobile Safari,2,2,2023-04-22 17:00:00,2023-05-19 01:00:00,1109.99,542.70,5,555.0,Loyal High Value
CUST_1503,Jamie Martinez,jamie.martinez1503@example.com,Semarang,Indonesia,2024-05-10,Android App,6,6,2024-05-13 20:00:00,2026-05-20 16:00:00,2876.58,1276.12,18,479.43,VIP Champion
CUST_1992,Riley Rodriguez,riley.rodriguez1992@example.com,Singapore,Indonesia,2024-03-10,Mobile Chrome,12,11,2024-03-23 07:00:00,2024-07-27 09:00:00,4075.50,1772.54,22,370.5,VIP Champion
CUST_1243,Jamie Johnson,jamie.johnson1243@example.com,Semarang,Indonesia,2023-05-11,Android App,10,10,2023-06-03 15:00:00,2023-12-29 01:00:00,4092.24,1847.36,21,409.22,VIP Champion
CUST_1181,Riley Brown,riley.brown1181@example.com,Kuala Lumpur,Indonesia,2023-07-03,Mobile Chrome,6,6,2023-07-19 15:00:00,2023-09-19 22:00:00,1902.21,867.60,10,317.04,VIP Champion
CUST_1491,Jamie Rodriguez,jamie.rodriguez1491@example.com,Semarang,Indonesia,2023-06-13,iOS App,7,7,2023-06-25 16:00:00,2023-10-10 07:00:00,3605.20,1373.84,21,515.03,VIP Champion
CUST_1697,Alex Smith,alex.smith1697@example.com,Bangkok,Indonesia,2023-03-17,iOS App,10,8,2023-03-31 01:00:00,2023-08-10 02:00:00,2904.36,1129.43,19,363.05,VIP Champion
CUST_1592,Pat Johnson,pat.johnson1592@example.com,Singapore,Indonesia,2024-04-24,Web Desktop,7,7,2024-05-06 22:00:00,2024-10-20 02:00:00,2743.26,1171.25,17,391.89,VIP Champion
CUST_1770,Taylor Williams,taylor.williams1770@example.com,Jakarta,Indonesia,2023-04-28,Mobile Chrome,8,8,2023-05-02 16:00:00,2023-08-21 16:00:00,2231.34,827.10,15,278.92,VIP Champion
CUST_1605,Sam Jones,sam.jones1605@example.com,Semarang,Indonesia,2024-02-07,iOS App,6,6,2024-02-18 19:00:00,2024-09-29 17:00:00,1929.95,672.45,11,321.66,VIP Champion
CUST_1165,Sam Miller,sam.miller1165@example.com,Medan,Indonesia,2023-05-18,Android App,6,5,2023-05-31 19:00:00,2023-09-17 00:00:00,1129.06,531.26,6,225.81,VIP Champion
CUST_1600,Riley Williams,riley.williams1600@example.com,Medan,Indonesia,2024-02-02,Android App,6,6,2024-02-05 15:00:00,2024-06-03 21:00:00,2995.66,1234.71,16,499.28,VIP Champion
CUST_1024,Casey Martinez,casey.martinez1024@example.com,Medan,Indonesia,2023-02-11,iOS App,9,8,2023-03-11 19:00:00,2023-08-14 01:00:00,2095.58,925.31,13,261.95,VIP Champion
CUST_1619,Sam Jones,sam.jones1619@example.com,Bangkok,Indonesia,2024-02-21,iOS App,8,8,2024-02-26 06:00:00,2024-11-04 11:00:00,2656.04,1154.60,17,332.01,VIP Champion
CUST_1239,Sam Garcia,sam.garcia1239@example.com,Kuala Lumpur,Indonesia,2023-09-07,Mobile Chrome,3,3,2023-09-19 10:00:00,2024-01-11 16:00:00,2361.94,980.20,11,787.31,Loyal High Value
CUST_1881,Riley Johnson,riley.johnson1881@example.com,Jakarta,Southeast Asia,2023-05-18,Web Desktop,4,4,2023-06-15 06:00:00,2024-01-28 19:00:00,1405.87,654.26,9,351.47,Loyal High Value
CUST_1705,Riley Garcia,riley.garcia1705@example.com,Jakarta,Indonesia,2024-01-06,Web Desktop,9,9,2024-01-06 13:00:00,2024-07-21 14:00:00,3590.91,1528.68,21,398.99,VIP Champion
CUST_1013,Morgan Garcia,morgan.garcia1013@example.com,Kuala Lumpur,Indonesia,2024-04-21,Mobile Safari,9,9,2024-04-28 18:00:00,2024-09-21 18:00:00,3097.71,1351.78,23,344.19,VIP Champion
CUST_1875,Chris Rodriguez,chris.rodriguez1875@example.com,Singapore,Southeast Asia,2023-03-07,Mobile Chrome,9,8,2023-03-08 02:00:00,2023-11-02 21:00:00,2512.20,1115.25,16,314.02,VIP Champion
CUST_2097,Casey Jones,casey.jones2097@example.com,Jakarta,Indonesia,2024-05-02,iOS App,8,7,2024-05-03 07:00:00,2025-03-16 11:00:00,3676.59,1685.41,19,525.23,VIP Champion
CUST_2113,Chris Brown,chris.brown2113@example.com,Semarang,Indonesia,2023-05-06,Android App,12,11,2023-05-10 06:00:00,2024-07-11 06:00:00,4021.76,1674.58,24,365.61,VIP Champion
CUST_1257,Jordan Rodriguez,jordan.rodriguez1257@example.com,Jakarta,Indonesia,2023-08-06,Web Desktop,9,9,2023-08-07 12:00:00,2024-10-20 00:00:00,4475.36,1699.44,24,497.26,VIP Champion
CUST_1964,Dakota Brown,dakota.brown1964@example.com,Bangkok,Indonesia,2023-12-09,Web Desktop,4,2,2023-12-22 02:00:00,2024-02-13 14:00:00,550.00,246.27,3,275.0,Loyal High Value
CUST_1449,Avery Jones,avery.jones1449@example.com,Semarang,Indonesia,2023-08-18,Mobile Chrome,2,2,2023-09-25 07:00:00,2023-11-21 10:00:00,153.55,77.78,2,76.78,Regular Customer
CUST_1853,Morgan Martinez,morgan.martinez1853@example.com,Kuala Lumpur,Indonesia,2023-12-30,Mobile Safari,7,7,2024-01-24 06:00:00,2024-10-25 16:00:00,2082.88,861.59,14,297.55,VIP Champion
CUST_1475,Sam Davis,sam.davis1475@example.com,Bandung,Indonesia,2023-11-01,Mobile Chrome,13,11,2023-11-11 17:00:00,2024-07-29 09:00:00,5064.25,1917.55,34,460.39,VIP Champion
CUST_1800,Chris Jones,chris.jones1800@example.com,Singapore,Indonesia,2023-10-18,Android App,5,5,2023-10-27 08:00:00,2024-05-14 20:00:00,1721.70,730.64,13,344.34,VIP Champion
CUST_2036,Taylor Johnson,taylor.johnson2036@example.com,Bandung,Indonesia,2023-05-07,Mobile Chrome,8,8,2023-05-24 08:00:00,2023-11-03 04:00:00,4405.19,1910.71,23,550.65,VIP Champion
CUST_2053,Alex Martinez,alex.martinez2053@example.com,Jakarta,Indonesia,2024-02-07,Mobile Safari,8,7,2024-03-09 13:00:00,2024-07-16 08:00:00,2856.98,1071.45,20,408.14,VIP Champion
CUST_1320,Pat Martinez,pat.martinez1320@example.com,Singapore,Southeast Asia,2024-03-03,Mobile Chrome,8,8,2024-03-10 17:00:00,2024-05-31 08:00:00,2889.13,1250.00,19,361.14,VIP Champion
CUST_1418,Jamie Miller,jamie.miller1418@example.com,Bangkok,Southeast Asia,2023-10-17,iOS App,8,8,2023-11-03 23:00:00,2024-04-06 12:00:00,3777.72,1639.74,24,472.22,VIP Champion
CUST_1472,Riley Brown,riley.brown1472@example.com,Kuala Lumpur,Southeast Asia,2024-04-16,Mobile Chrome,6,6,2024-04-26 18:00:00,2024-11-11 12:00:00,2181.43,891.41,13,363.57,VIP Champion
CUST_1945,Jamie Williams,jamie.williams1945@example.com,Bandung,Southeast Asia,2024-02-14,Web Desktop,5,4,2024-02-14 07:00:00,2024-05-12 20:00:00,1428.02,629.61,8,357.01,Loyal High Value
CUST_1071,Taylor Miller,taylor.miller1071@example.com,Medan,Indonesia,2024-02-28,Android App,7,7,2024-03-04 01:00:00,2024-10-14 01:00:00,2740.26,1136.63,17,391.47,VIP Champion
CUST_2019,Morgan Brown,morgan.brown2019@example.com,Semarang,Indonesia,2023-06-28,Mobile Chrome,5,4,2023-06-30 12:00:00,2024-01-21 17:00:00,1641.12,800.36,10,410.28,Loyal High Value
CUST_2085,Morgan Smith,morgan.smith2085@example.com,Bangkok,Indonesia,2024-01-15,Android App,6,5,2024-01-18 11:00:00,2024-04-10 15:00:00,877.17,355.94,7,175.43,Loyal High Value
CUST_1008,Taylor Jones,taylor.jones1008@example.com,Kuala Lumpur,Indonesia,2023-11-03,Android App,8,6,2023-11-03 18:00:00,2024-11-10 07:00:00,1258.09,534.01,11,209.68,VIP Champion
CUST_1076,Riley Jones,riley.jones1076@example.com,Bangkok,Indonesia,2024-01-20,Mobile Chrome,4,4,2024-02-09 01:00:00,2024-05-17 18:00:00,694.01,251.90,5,173.5,Loyal High Value
CUST_1694,Riley Miller,riley.miller1694@example.com,Singapore,Southeast Asia,2024-01-14,Android App,9,9,2024-01-19 08:00:00,2025-03-07 10:00:00,3409.25,1437.82,18,378.81,VIP Champion
CUST_1819,Dakota Davis,dakota.davis1819@example.com,Bandung,Indonesia,2024-03-07,iOS App,10,10,2024-03-15 00:00:00,2024-07-02 20:00:00,4187.99,1933.61,24,418.8,VIP Champion
CUST_2155,Avery Rodriguez,avery.rodriguez2155@example.com,Medan,Indonesia,2023-10-28,Mobile Safari,8,8,2023-11-21 12:00:00,2024-09-13 01:00:00,2477.72,1125.43,15,309.71,VIP Champion
CUST_1244,Pat Miller,pat.miller1244@example.com,Kuala Lumpur,Indonesia,2023-12-30,iOS App,6,6,2024-01-20 17:00:00,2024-08-01 02:00:00,958.09,429.19,8,159.68,Loyal High Value
CUST_1864,Chris Martinez,chris.martinez1864@example.com,Bandung,Indonesia,2023-06-26,Mobile Chrome,8,8,2023-06-27 05:00:00,2023-11-17 01:00:00,2293.95,1050.31,14,286.74,VIP Champion
CUST_1036,Alex Williams,alex.williams1036@example.com,Surabaya,Indonesia,2023-05-06,Android App,8,8,2023-06-02 01:00:00,2024-03-14 21:00:00,1951.46,778.71,13,243.93,VIP Champion
CUST_1968,Chris Johnson,chris.johnson1968@example.com,Semarang,Indonesia,2024-03-04,iOS App,7,5,2024-03-10 05:00:00,2025-06-12 07:00:00,1609.91,746.24,12,321.98,VIP Champion
CUST_1066,Taylor Miller,taylor.miller1066@example.com,Medan,Indonesia,2023-05-23,Web Desktop,4,3,2023-05-26 18:00:00,2023-09-18 12:00:00,1447.35,527.87,8,482.45,Loyal High Value
CUST_1911,Morgan Smith,morgan.smith1911@example.com,Bandung,Indonesia,2023-10-24,Web Desktop,7,5,2023-11-16 18:00:00,2024-10-18 19:00:00,3165.11,1407.60,14,633.02,VIP Champion
CUST_1335,Jordan Miller,jordan.miller1335@example.com,Singapore,Indonesia,2024-03-03,Mobile Chrome,5,5,2024-03-16 22:00:00,2024-10-08 16:00:00,1572.72,758.66,10,314.54,VIP Champion
CUST_1219,Dakota Garcia,dakota.garcia1219@example.com,Bangkok,Indonesia,2023-05-26,Mobile Safari,7,6,2023-05-30 11:00:00,2023-10-19 12:00:00,1577.13,693.69,12,262.86,VIP Champion
CUST_1444,Dakota Johnson,dakota.johnson1444@example.com,Bangkok,Indonesia,2024-02-29,Mobile Safari,5,5,2024-03-12 06:00:00,2024-05-01 22:00:00,1240.61,494.88,9,248.12,VIP Champion
CUST_1533,Pat Rodriguez,pat.rodriguez1533@example.com,Bangkok,Indonesia,2023-09-14,iOS App,3,3,2023-10-15 14:00:00,2024-07-09 08:00:00,852.39,364.66,6,284.13,Loyal High Value
CUST_1859,Riley Miller,riley.miller1859@example.com,Singapore,Indonesia,2023-02-25,Mobile Chrome,6,6,2023-03-20 13:00:00,2023-06-02 11:00:00,2485.79,1032.95,15,414.3,VIP Champion
CUST_1847,Chris Brown,chris.brown1847@example.com,Jakarta,Indonesia,2024-04-25,iOS App,2,2,2024-07-06 16:00:00,2024-09-22 09:00:00,449.06,197.94,2,224.53,Regular Customer
CUST_2007,Pat Rodriguez,pat.rodriguez2007@example.com,Semarang,Indonesia,2023-09-03,Mobile Chrome,9,9,2023-09-03 01:00:00,2025-12-10 11:00:00,2623.82,1230.00,13,291.54,VIP Champion
CUST_1430,Jordan Martinez,jordan.martinez1430@example.com,Jakarta,Southeast Asia,2023-09-28,iOS App,8,5,2023-09-28 02:00:00,2023-12-08 13:00:00,3402.86,1494.01,21,680.57,VIP Champion
CUST_2127,Casey Jones,casey.jones2127@example.com,Surabaya,Indonesia,2023-11-13,iOS App,3,3,2024-01-19 11:00:00,2024-05-16 07:00:00,1223.89,487.09,7,407.96,Loyal High Value
CUST_2021,Pat Miller,pat.miller2021@example.com,Surabaya,Indonesia,2023-04-12,iOS App,8,8,2023-04-13 03:00:00,2023-08-01 04:00:00,1585.06,619.74,12,198.13,VIP Champion
CUST_1883,Chris Jones,chris.jones1883@example.com,Bandung,Indonesia,2023-03-14,iOS App,6,6,2023-03-28 10:00:00,2024-11-16 02:00:00,1378.54,502.32,9,229.76,VIP Champion
CUST_1054,Taylor Garcia,taylor.garcia1054@example.com,Bandung,Indonesia,2023-09-21,Mobile Chrome,5,5,2023-10-11 22:00:00,2024-02-29 20:00:00,1206.64,561.59,7,241.33,VIP Champion
CUST_1031,Casey Jones,casey.jones1031@example.com,Bandung,Indonesia,2023-08-13,Web Desktop,7,6,2023-08-14 22:00:00,2023-11-28 03:00:00,1934.54,869.52,12,322.42,VIP Champion
CUST_2016,Avery Miller,avery.miller2016@example.com,Kuala Lumpur,Indonesia,2024-01-13,Web Desktop,6,5,2024-02-19 02:00:00,2025-04-15 21:00:00,1845.11,716.82,13,369.02,VIP Champion
CUST_1555,Sam Smith,sam.smith1555@example.com,Kuala Lumpur,Indonesia,2023-05-07,iOS App,9,6,2023-05-10 13:00:00,2024-02-03 01:00:00,3598.12,1467.52,21,599.69,VIP Champion
CUST_1538,Alex Davis,alex.davis1538@example.com,Medan,Indonesia,2023-02-12,Android App,7,7,2023-02-16 14:00:00,2023-10-31 04:00:00,3231.52,1383.63,20,461.65,VIP Champion
CUST_1117,Riley Martinez,riley.martinez1117@example.com,Surabaya,Indonesia,2023-11-12,Mobile Chrome,8,6,2023-11-18 17:00:00,2024-06-03 00:00:00,2275.70,828.44,13,379.28,VIP Champion
CUST_1034,Alex Jones,alex.jones1034@example.com,Bangkok,Indonesia,2023-04-23,iOS App,6,6,2023-05-01 20:00:00,2024-04-03 18:00:00,2265.53,907.18,14,377.59,VIP Champion
CUST_1643,Riley Brown,riley.brown1643@example.com,Bandung,Southeast Asia,2024-03-09,Mobile Safari,8,8,2024-03-19 14:00:00,2024-07-15 07:00:00,2366.36,974.71,17,295.8,VIP Champion
CUST_1892,Chris Williams,chris.williams1892@example.com,Singapore,Indonesia,2024-01-01,Mobile Chrome,11,10,2024-01-02 11:00:00,2024-07-25 05:00:00,2695.03,1163.62,19,269.5,VIP Champion
CUST_1342,Jordan Johnson,jordan.johnson1342@example.com,Singapore,Indonesia,2023-07-11,iOS App,7,6,2023-07-19 09:00:00,2024-04-14 05:00:00,2011.07,853.28,14,335.18,VIP Champion
CUST_1072,Jamie Martinez,jamie.martinez1072@example.com,Bandung,Indonesia,2023-06-07,Web Desktop,5,5,2023-07-18 04:00:00,2023-11-07 09:00:00,1781.97,785.40,9,356.39,VIP Champion
CUST_2015,Chris Jones,chris.jones2015@example.com,Semarang,Indonesia,2023-08-03,Web Desktop,8,8,2023-08-03 17:00:00,2024-04-30 18:00:00,1159.52,435.02,8,144.94,VIP Champion
CUST_2175,Taylor Rodriguez,taylor.rodriguez2175@example.com,Medan,Indonesia,2024-01-18,Android App,3,2,2024-01-18 12:00:00,2024-04-30 09:00:00,510.84,211.45,2,255.42,Loyal High Value
CUST_1954,Alex Williams,alex.williams1954@example.com,Medan,Indonesia,2023-05-04,Web Desktop,8,6,2023-05-07 07:00:00,2024-01-01 05:00:00,3206.34,1437.81,16,534.39,VIP Champion
CUST_1763,Alex Johnson,alex.johnson1763@example.com,Bandung,Indonesia,2023-12-20,iOS App,7,6,2023-12-23 06:00:00,2024-04-02 20:00:00,1236.56,573.68,8,206.09,VIP Champion
CUST_2153,Chris Martinez,chris.martinez2153@example.com,Semarang,Indonesia,2023-07-19,Mobile Safari,5,5,2023-08-17 09:00:00,2023-12-01 08:00:00,1141.93,484.07,9,228.39,VIP Champion
CUST_1648,Casey Rodriguez,casey.rodriguez1648@example.com,Surabaya,Indonesia,2023-06-23,Android App,9,8,2023-07-14 16:00:00,2024-01-06 18:00:00,2222.24,946.57,15,277.78,VIP Champion
CUST_1247,Pat Johnson,pat.johnson1247@example.com,Bangkok,Indonesia,2024-02-20,Mobile Safari,7,7,2024-03-17 20:00:00,2024-08-16 10:00:00,1383.67,495.03,11,197.67,VIP Champion
CUST_1102,Jamie Smith,jamie.smith1102@example.com,Singapore,Indonesia,2023-09-10,Mobile Chrome,6,5,2023-09-17 06:00:00,2024-06-12 19:00:00,1302.02,552.62,9,260.4,VIP Champion
CUST_2028,Jordan Williams,jordan.williams2028@example.com,Bangkok,Indonesia,2024-02-14,Mobile Chrome,4,4,2024-02-22 23:00:00,2024-06-03 03:00:00,1778.10,835.58,8,444.53,Loyal High Value
CUST_1396,Chris Smith,chris.smith1396@example.com,Kuala Lumpur,Indonesia,2023-06-13,Mobile Chrome,8,8,2023-06-17 02:00:00,2023-10-26 20:00:00,2344.51,928.16,23,293.06,VIP Champion
CUST_1021,Jordan Smith,jordan.smith1021@example.com,Kuala Lumpur,Indonesia,2023-02-17,Mobile Chrome,11,10,2023-02-18 22:00:00,2023-12-17 03:00:00,3942.84,1671.99,20,394.28,VIP Champion
CUST_2050,Riley Williams,riley.williams2050@example.com,Jakarta,Indonesia,2023-07-09,Mobile Chrome,9,8,2023-07-18 04:00:00,2024-03-02 11:00:00,2745.94,1114.86,17,343.24,VIP Champion
CUST_1948,Chris Rodriguez,chris.rodriguez1948@example.com,Semarang,Indonesia,2023-04-06,Android App,12,12,2023-04-13 15:00:00,2024-06-06 06:00:00,4819.20,2039.59,34,401.6,VIP Champion
CUST_1046,Sam Jones,sam.jones1046@example.com,Bandung,Indonesia,2023-06-09,iOS App,8,8,2023-06-14 04:00:00,2024-10-13 15:00:00,5450.64,2350.54,25,681.33,VIP Champion
CUST_2133,Sam Smith,sam.smith2133@example.com,Surabaya,Southeast Asia,2023-04-07,Android App,6,5,2023-04-26 20:00:00,2023-11-22 01:00:00,1273.70,483.14,6,254.74,VIP Champion
CUST_2167,Casey Williams,casey.williams2167@example.com,Singapore,Indonesia,2023-04-03,Mobile Chrome,5,4,2023-05-07 09:00:00,2024-04-08 08:00:00,2256.43,913.42,12,564.11,Loyal High Value
CUST_1615,Jordan Brown,jordan.brown1615@example.com,Surabaya,Southeast Asia,2023-04-10,Mobile Chrome,8,8,2023-04-25 13:00:00,2024-01-11 21:00:00,1728.10,671.95,11,216.01,VIP Champion
CUST_1761,Riley Davis,riley.davis1761@example.com,Semarang,Indonesia,2023-12-29,iOS App,7,6,2024-01-09 09:00:00,2024-10-29 11:00:00,1855.33,743.05,11,309.22,VIP Champion
CUST_2003,Jordan Brown,jordan.brown2003@example.com,Surabaya,Indonesia,2023-01-18,Mobile Chrome,5,5,2023-02-16 17:00:00,2023-10-15 13:00:00,2805.18,1003.16,15,561.04,VIP Champion
CUST_2032,Avery Garcia,avery.garcia2032@example.com,Medan,Indonesia,2023-02-14,iOS App,9,9,2023-02-15 02:00:00,2023-06-19 13:00:00,3320.85,1360.24,21,368.98,VIP Champion
CUST_2035,Taylor Brown,taylor.brown2035@example.com,Singapore,Indonesia,2023-09-10,Android App,4,4,2023-09-16 09:00:00,2023-11-12 13:00:00,2197.98,881.11,14,549.5,Loyal High Value
CUST_1574,Avery Johnson,avery.johnson1574@example.com,Semarang,Indonesia,2024-02-20,iOS App,11,9,2024-03-11 04:00:00,2024-12-26 07:00:00,3032.71,1092.54,21,336.97,VIP Champion
CUST_2078,Chris Davis,chris.davis2078@example.com,Singapore,Southeast Asia,2023-12-25,Web Desktop,7,6,2023-12-27 10:00:00,2024-08-31 12:00:00,1274.39,553.38,10,212.4,VIP Champion
CUST_1639,Casey Davis,casey.davis1639@example.com,Kuala Lumpur,Indonesia,2023-08-13,Mobile Chrome,7,7,2023-09-11 13:00:00,2024-04-03 17:00:00,2189.48,968.27,12,312.78,VIP Champion
CUST_2034,Jordan Miller,jordan.miller2034@example.com,Medan,Indonesia,2023-08-08,iOS App,12,11,2023-08-09 23:00:00,2023-12-23 09:00:00,3719.75,1578.55,25,338.16,VIP Champion
CUST_1390,Pat Martinez,pat.martinez1390@example.com,Surabaya,Indonesia,2023-07-15,Web Desktop,11,8,2023-07-16 17:00:00,2024-04-01 14:00:00,2375.54,1055.06,15,296.94,VIP Champion
CUST_1505,Jordan Martinez,jordan.martinez1505@example.com,Jakarta,Indonesia,2023-03-16,iOS App,7,6,2023-03-17 21:00:00,2024-05-05 10:00:00,1294.79,575.84,8,215.8,VIP Champion
CUST_1662,Sam Martinez,sam.martinez1662@example.com,Bandung,Indonesia,2023-09-12,Android App,10,8,2023-09-27 13:00:00,2024-03-26 12:00:00,3760.82,1595.80,20,470.1,VIP Champion
CUST_1014,Jordan Martinez,jordan.martinez1014@example.com,Medan,Indonesia,2024-03-21,Mobile Safari,4,4,2024-05-07 22:00:00,2024-07-13 03:00:00,1512.56,688.65,8,378.14,Loyal High Value
CUST_1093,Jamie Smith,jamie.smith1093@example.com,Semarang,Indonesia,2023-07-02,Web Desktop,7,6,2023-07-20 00:00:00,2024-07-03 13:00:00,2999.63,1482.82,12,499.94,VIP Champion
CUST_1719,Dakota Rodriguez,dakota.rodriguez1719@example.com,Medan,Indonesia,2024-03-13,Mobile Safari,7,7,2024-03-23 16:00:00,2024-09-23 20:00:00,1483.38,557.49,12,211.91,VIP Champion
CUST_2047,Jordan Rodriguez,jordan.rodriguez2047@example.com,Bandung,Indonesia,2023-05-14,Mobile Chrome,7,5,2023-06-10 07:00:00,2023-10-01 12:00:00,2423.41,1042.42,16,484.68,VIP Champion
CUST_1473,Avery Martinez,avery.martinez1473@example.com,Bangkok,Indonesia,2024-05-06,iOS App,7,6,2024-05-12 23:00:00,2025-01-13 09:00:00,2270.50,1079.66,11,378.42,VIP Champion
CUST_1007,Jamie Williams,jamie.williams1007@example.com,Kuala Lumpur,Southeast Asia,2023-12-30,iOS App,8,8,2024-01-03 01:00:00,2024-07-02 01:00:00,1547.43,665.36,14,193.43,VIP Champion
CUST_1041,Taylor Williams,taylor.williams1041@example.com,Bangkok,Indonesia,2023-05-28,iOS App,10,10,2023-05-29 03:00:00,2023-12-14 18:00:00,3048.65,1182.29,26,304.87,VIP Champion
CUST_2061,Avery Rodriguez,avery.rodriguez2061@example.com,Bandung,Indonesia,2023-01-08,iOS App,5,5,2023-01-18 00:00:00,2023-07-02 12:00:00,1611.24,649.93,11,322.25,VIP Champion
CUST_1820,Taylor Williams,taylor.williams1820@example.com,Semarang,Southeast Asia,2023-07-31,iOS App,6,6,2023-08-02 16:00:00,2023-12-30 11:00:00,3136.17,1442.95,16,522.7,VIP Champion
CUST_1255,Jordan Rodriguez,jordan.rodriguez1255@example.com,Medan,Indonesia,2023-07-18,Mobile Safari,7,7,2023-08-07 18:00:00,2024-02-23 06:00:00,1368.14,573.32,10,195.45,VIP Champion
CUST_1139,Dakota Williams,dakota.williams1139@example.com,Jakarta,Indonesia,2023-04-21,Web Desktop,8,6,2023-04-26 07:00:00,2024-04-22 05:00:00,2006.25,825.78,13,334.38,VIP Champion
CUST_1423,Dakota Brown,dakota.brown1423@example.com,Bandung,Indonesia,2024-02-03,Mobile Safari,11,11,2024-02-13 16:00:00,2025-02-06 05:00:00,3041.73,1232.26,21,276.52,VIP Champion
CUST_1300,Jamie Smith,jamie.smith1300@example.com,Jakarta,Indonesia,2023-01-02,Mobile Chrome,6,6,2023-01-31 11:00:00,2023-09-08 09:00:00,3099.75,1252.18,21,516.63,VIP Champion
CUST_1027,Chris Johnson,chris.johnson1027@example.com,Semarang,Indonesia,2023-06-19,Mobile Chrome,9,8,2023-06-28 21:00:00,2023-12-28 00:00:00,2492.54,899.22,15,311.57,VIP Champion
CUST_1571,Jamie Rodriguez,jamie.rodriguez1571@example.com,Semarang,Indonesia,2024-01-04,Mobile Safari,6,5,2024-01-19 14:00:00,2025-01-20 16:00:00,2131.24,884.91,11,426.25,VIP Champion
CUST_2086,Jordan Garcia,jordan.garcia2086@example.com,Surabaya,Indonesia,2023-07-25,Web Desktop,7,7,2023-07-28 05:00:00,2024-12-28 06:00:00,2110.56,812.23,16,301.51,VIP Champion
CUST_1926,Sam Davis,sam.davis1926@example.com,Surabaya,Indonesia,2023-11-21,Mobile Safari,7,6,2023-12-25 14:00:00,2024-05-02 02:00:00,1987.16,792.20,12,331.19,VIP Champion
CUST_1209,Morgan Brown,morgan.brown1209@example.com,Singapore,Indonesia,2023-06-14,Android App,11,11,2023-06-23 07:00:00,2023-12-25 14:00:00,4011.09,1654.22,20,364.64,VIP Champion
CUST_1397,Morgan Williams,morgan.williams1397@example.com,Jakarta,Indonesia,2024-04-27,Mobile Chrome,6,6,2024-05-06 13:00:00,2025-08-05 00:00:00,1986.23,833.45,16,331.04,VIP Champion
CUST_1994,Pat Garcia,pat.garcia1994@example.com,Surabaya,Indonesia,2023-12-03,Android App,10,9,2023-12-19 14:00:00,2024-08-25 17:00:00,1468.54,571.81,10,163.17,VIP Champion
CUST_1917,Avery Martinez,avery.martinez1917@example.com,Surabaya,Indonesia,2024-05-08,iOS App,12,11,2024-05-14 10:00:00,2025-02-23 10:00:00,4416.14,1662.14,23,401.47,VIP Champion
CUST_2012,Riley Garcia,riley.garcia2012@example.com,Medan,Southeast Asia,2024-03-25,Android App,11,11,2024-04-02 00:00:00,2024-11-30 23:00:00,4498.34,1992.82,26,408.94,VIP Champion
CUST_1202,Jordan Johnson,jordan.johnson1202@example.com,Jakarta,Indonesia,2024-04-20,Web Desktop,13,12,2024-04-21 08:00:00,2024-12-03 00:00:00,4362.60,1970.76,27,363.55,VIP Champion
CUST_1835,Riley Brown,riley.brown1835@example.com,Bandung,Indonesia,2023-08-06,Mobile Chrome,11,10,2023-08-27 01:00:00,2024-03-16 10:00:00,2029.89,816.20,12,202.99,VIP Champion
CUST_1553,Riley Johnson,riley.johnson1553@example.com,Jakarta,Indonesia,2023-03-22,Web Desktop,10,8,2023-04-01 18:00:00,2025-01-22 23:00:00,3543.95,1352.10,19,442.99,VIP Champion
CUST_1518,Pat Rodriguez,pat.rodriguez1518@example.com,Medan,Indonesia,2023-09-08,Mobile Safari,8,7,2023-09-10 18:00:00,2024-02-05 02:00:00,2363.42,944.11,12,337.63,VIP Champion
CUST_1654,Dakota Garcia,dakota.garcia1654@example.com,Bangkok,Indonesia,2023-06-18,Mobile Safari,5,4,2023-06-22 03:00:00,2023-12-19 01:00:00,1886.53,834.54,12,471.63,Loyal High Value
CUST_2001,Dakota Brown,dakota.brown2001@example.com,Jakarta,Indonesia,2024-02-25,Android App,6,6,2024-03-03 07:00:00,2024-06-28 16:00:00,3153.52,1200.56,19,525.59,VIP Champion
CUST_2132,Chris Miller,chris.miller2132@example.com,Kuala Lumpur,Indonesia,2023-01-10,Mobile Safari,7,7,2023-01-19 16:00:00,2023-08-28 12:00:00,3340.10,1318.12,20,477.16,VIP Champion
CUST_2108,Morgan Smith,morgan.smith2108@example.com,Surabaya,Indonesia,2023-02-21,Mobile Chrome,8,8,2023-02-24 14:00:00,2024-01-04 14:00:00,2912.27,1232.13,17,364.03,VIP Champion
CUST_2195,Avery Garcia,avery.garcia2195@example.com,Bandung,Indonesia,2023-01-13,Android App,6,6,2023-02-06 20:00:00,2023-09-06 14:00:00,1974.26,805.75,12,329.04,VIP Champion
CUST_2064,Pat Johnson,pat.johnson2064@example.com,Bangkok,Southeast Asia,2023-09-03,Mobile Chrome,5,5,2023-09-05 16:00:00,2023-12-22 16:00:00,1325.85,534.15,7,265.17,VIP Champion
CUST_1241,Pat Johnson,pat.johnson1241@example.com,Singapore,Indonesia,2023-08-11,Web Desktop,10,10,2023-08-13 20:00:00,2024-09-20 05:00:00,3725.00,1610.18,21,372.5,VIP Champion
CUST_2172,Alex Miller,alex.miller2172@example.com,Surabaya,Indonesia,2023-01-04,Android App,6,6,2023-01-25 23:00:00,2023-08-19 22:00:00,2896.20,1185.87,15,482.7,VIP Champion
CUST_1033,Avery Brown,avery.brown1033@example.com,Singapore,Indonesia,2023-09-25,Web Desktop,9,8,2023-10-12 06:00:00,2024-04-27 10:00:00,2398.41,964.58,15,299.8,VIP Champion
CUST_1507,Jordan Williams,jordan.williams1507@example.com,Bangkok,Indonesia,2024-02-28,iOS App,9,9,2024-03-14 19:00:00,2024-10-29 23:00:00,4323.33,1936.41,22,480.37,VIP Champion
CUST_1232,Riley Martinez,riley.martinez1232@example.com,Kuala Lumpur,Indonesia,2023-01-25,Android App,4,4,2023-01-27 01:00:00,2023-04-21 12:00:00,1011.07,438.75,7,252.77,Loyal High Value
CUST_1535,Riley Williams,riley.williams1535@example.com,Surabaya,Southeast Asia,2024-01-15,Mobile Chrome,6,3,2024-02-13 01:00:00,2024-08-06 17:00:00,1442.87,687.70,6,480.96,Loyal High Value
CUST_1513,Dakota Johnson,dakota.johnson1513@example.com,Singapore,Indonesia,2024-01-11,Mobile Safari,3,3,2024-01-15 00:00:00,2024-05-26 22:00:00,1180.75,481.31,8,393.58,Loyal High Value
CUST_1768,Sam Martinez,sam.martinez1768@example.com,Bangkok,Indonesia,2024-01-15,Mobile Safari,6,6,2024-01-20 00:00:00,2024-12-07 10:00:00,1227.60,441.44,9,204.6,VIP Champion
CUST_1321,Sam Garcia,sam.garcia1321@example.com,Jakarta,Indonesia,2024-05-07,Mobile Safari,4,4,2024-05-23 04:00:00,2025-07-12 02:00:00,1382.78,628.13,7,345.7,Loyal High Value
CUST_2092,Alex Jones,alex.jones2092@example.com,Jakarta,Indonesia,2024-04-06,Mobile Chrome,4,4,2024-04-14 17:00:00,2024-06-14 17:00:00,1199.55,486.95,7,299.89,Loyal High Value
CUST_2042,Jamie Johnson,jamie.johnson2042@example.com,Bandung,Indonesia,2023-03-29,Web Desktop,3,2,2023-04-11 13:00:00,2023-06-04 01:00:00,385.80,170.58,2,192.9,Regular Customer
CUST_2026,Jordan Rodriguez,jordan.rodriguez2026@example.com,Bandung,Indonesia,2023-04-02,iOS App,7,6,2023-04-16 03:00:00,2023-07-15 18:00:00,1558.38,669.75,9,259.73,VIP Champion
CUST_2025,Dakota Rodriguez,dakota.rodriguez2025@example.com,Singapore,Indonesia,2023-01-18,Mobile Safari,4,4,2023-03-03 10:00:00,2023-04-28 19:00:00,1082.53,428.27,6,270.63,Loyal High Value
CUST_1270,Alex Rodriguez,alex.rodriguez1270@example.com,Bandung,Indonesia,2023-09-26,Mobile Chrome,7,6,2023-10-18 17:00:00,2024-04-06 14:00:00,3206.65,1351.34,17,534.44,VIP Champion
CUST_1609,Dakota Miller,dakota.miller1609@example.com,Surabaya,Indonesia,2023-09-21,Android App,3,3,2023-10-05 19:00:00,2024-01-31 20:00:00,390.74,165.93,5,130.25,Regular Customer
CUST_1659,Jordan Miller,jordan.miller1659@example.com,Semarang,Southeast Asia,2023-01-08,Mobile Safari,4,4,2023-01-11 03:00:00,2023-08-31 08:00:00,1484.80,620.58,8,371.2,Loyal High Value
CUST_2179,Alex Martinez,alex.martinez2179@example.com,Singapore,Indonesia,2024-02-26,Mobile Safari,4,3,2024-03-19 06:00:00,2024-11-12 09:00:00,1056.44,431.62,5,352.15,Loyal High Value
CUST_1082,Morgan Martinez,morgan.martinez1082@example.com,Bandung,Indonesia,2023-09-07,iOS App,5,5,2023-10-29 05:00:00,2024-06-08 05:00:00,1767.83,852.10,9,353.57,VIP Champion
CUST_1817,Riley Davis,riley.davis1817@example.com,Singapore,Southeast Asia,2024-04-18,Mobile Safari,3,3,2024-05-14 01:00:00,2024-09-28 17:00:00,892.53,383.40,6,297.51,Loyal High Value
CUST_1803,Avery Williams,avery.williams1803@example.com,Medan,Southeast Asia,2023-01-25,Web Desktop,6,6,2023-01-28 13:00:00,2023-07-15 06:00:00,3737.25,1563.17,20,622.88,VIP Champion
CUST_1333,Avery Brown,avery.brown1333@example.com,Surabaya,Southeast Asia,2023-06-30,Web Desktop,4,4,2023-07-23 08:00:00,2024-03-09 04:00:00,1949.01,826.33,13,487.25,Loyal High Value
CUST_1158,Riley Jones,riley.jones1158@example.com,Bangkok,Indonesia,2023-02-05,Android App,4,4,2023-02-16 21:00:00,2023-08-27 19:00:00,839.67,379.20,7,209.92,Loyal High Value
CUST_2135,Jamie Smith,jamie.smith2135@example.com,Singapore,Indonesia,2023-11-16,Android App,5,5,2023-12-11 02:00:00,2024-02-17 00:00:00,1288.77,601.94,10,257.75,VIP Champion
CUST_1502,Casey Jones,casey.jones1502@example.com,Surabaya,Indonesia,2023-08-04,Mobile Safari,10,9,2023-08-10 09:00:00,2024-03-25 06:00:00,3098.24,1335.19,13,344.25,VIP Champion
CUST_1850,Pat Johnson,pat.johnson1850@example.com,Surabaya,Indonesia,2023-09-03,Mobile Chrome,10,10,2023-09-11 23:00:00,2024-12-09 00:00:00,3384.85,1366.09,24,338.49,VIP Champion
CUST_2098,Jordan Rodriguez,jordan.rodriguez2098@example.com,Medan,Indonesia,2023-12-29,Android App,7,7,2023-12-29 02:00:00,2024-06-30 06:00:00,2589.45,1103.31,15,369.92,VIP Champion
CUST_1289,Taylor Smith,taylor.smith1289@example.com,Bangkok,Indonesia,2023-10-08,Mobile Safari,8,8,2023-10-18 16:00:00,2024-02-17 09:00:00,2551.81,1020.33,18,318.98,VIP Champion
CUST_1345,Chris Williams,chris.williams1345@example.com,Surabaya,Indonesia,2024-03-29,iOS App,9,7,2024-04-03 19:00:00,2025-01-03 11:00:00,2639.61,1001.45,16,377.09,VIP Champion
CUST_1221,Jamie Miller,jamie.miller1221@example.com,Surabaya,Indonesia,2023-04-27,Web Desktop,10,8,2023-05-14 23:00:00,2023-11-11 15:00:00,3652.98,1447.94,20,456.62,VIP Champion
CUST_1701,Taylor Garcia,taylor.garcia1701@example.com,Jakarta,Southeast Asia,2024-01-12,Web Desktop,9,8,2024-01-14 03:00:00,2025-03-18 21:00:00,3558.11,1433.59,17,444.76,VIP Champion
CUST_2030,Jordan Martinez,jordan.martinez2030@example.com,Surabaya,Indonesia,2023-10-28,Mobile Safari,7,6,2023-11-24 00:00:00,2024-04-21 16:00:00,2122.67,942.50,11,353.78,VIP Champion
CUST_1468,Pat Williams,pat.williams1468@example.com,Medan,Indonesia,2024-03-14,Android App,5,5,2024-04-14 03:00:00,2024-07-04 19:00:00,3302.98,1369.58,21,660.6,VIP Champion
CUST_1184,Avery Davis,avery.davis1184@example.com,Singapore,Indonesia,2023-02-07,Android App,10,10,2023-02-08 00:00:00,2023-11-25 02:00:00,4670.54,2072.31,26,467.05,VIP Champion
CUST_1471,Casey Jones,casey.jones1471@example.com,Surabaya,Indonesia,2023-07-15,Android App,7,6,2023-07-24 02:00:00,2024-06-11 13:00:00,2067.50,689.49,13,344.58,VIP Champion
CUST_2089,Alex Smith,alex.smith2089@example.com,Singapore,Indonesia,2023-02-03,iOS App,12,11,2023-02-06 14:00:00,2023-08-10 07:00:00,4703.74,1808.52,33,427.61,VIP Champion
CUST_1913,Dakota Martinez,dakota.martinez1913@example.com,Jakarta,Indonesia,2023-01-03,iOS App,13,13,2023-01-11 13:00:00,2024-03-02 00:00:00,5874.58,2572.80,33,451.89,VIP Champion
CUST_1579,Sam Miller,sam.miller1579@example.com,Bangkok,Indonesia,2023-12-07,iOS App,7,7,2023-12-11 15:00:00,2024-06-24 12:00:00,2161.42,926.79,16,308.77,VIP Champion
CUST_1537,Morgan Davis,morgan.davis1537@example.com,Semarang,Indonesia,2023-06-26,iOS App,6,6,2023-07-03 03:00:00,2023-12-12 07:00:00,2168.58,868.00,13,361.43,VIP Champion
CUST_1393,Chris Williams,chris.williams1393@example.com,Kuala Lumpur,Indonesia,2023-12-02,iOS App,5,3,2023-12-02 22:00:00,2024-08-13 14:00:00,1610.76,732.78,8,536.92,Loyal High Value
CUST_1747,Avery Jones,avery.jones1747@example.com,Kuala Lumpur,Indonesia,2023-08-30,Mobile Safari,4,3,2023-09-30 15:00:00,2024-02-27 08:00:00,790.34,325.96,5,263.45,Loyal High Value
CUST_1268,Taylor Martinez,taylor.martinez1268@example.com,Bangkok,Indonesia,2023-11-19,Web Desktop,4,4,2023-11-21 11:00:00,2024-03-13 05:00:00,661.96,248.14,9,165.49,Loyal High Value
CUST_1589,Pat Williams,pat.williams1589@example.com,Kuala Lumpur,Indonesia,2023-02-17,Mobile Safari,8,7,2023-02-20 09:00:00,2023-06-16 06:00:00,2408.48,821.96,14,344.07,VIP Champion
CUST_1815,Sam Smith,sam.smith1815@example.com,Surabaya,Southeast Asia,2023-08-18,Android App,3,3,2023-09-01 00:00:00,2024-03-05 19:00:00,1350.29,547.39,7,450.1,Loyal High Value
CUST_1089,Taylor Rodriguez,taylor.rodriguez1089@example.com,Medan,Indonesia,2024-01-26,Android App,4,4,2024-01-28 20:00:00,2025-05-14 04:00:00,271.27,123.00,5,67.82,Regular Customer
CUST_2062,Sam Williams,sam.williams2062@example.com,Semarang,Indonesia,2024-04-29,Mobile Safari,7,7,2024-06-06 10:00:00,2024-10-01 10:00:00,1983.90,852.42,13,283.41,VIP Champion
CUST_1212,Sam Brown,sam.brown1212@example.com,Surabaya,Indonesia,2023-01-11,Web Desktop,4,4,2023-02-22 21:00:00,2023-06-05 03:00:00,1290.84,626.45,8,322.71,Loyal High Value
CUST_1923,Jamie Brown,jamie.brown1923@example.com,Singapore,Indonesia,2024-05-01,Web Desktop,7,7,2024-05-23 12:00:00,2025-03-22 16:00:00,1860.45,790.38,15,265.78,VIP Champion
CUST_1676,Sam Brown,sam.brown1676@example.com,Surabaya,Southeast Asia,2023-10-06,Android App,5,5,2023-10-12 04:00:00,2024-11-10 23:00:00,1839.09,769.99,13,367.82,VIP Champion
CUST_1707,Alex Smith,alex.smith1707@example.com,Singapore,Indonesia,2023-01-12,Mobile Chrome,7,7,2023-01-12 07:00:00,2023-07-13 18:00:00,3810.78,1478.27,24,544.4,VIP Champion
CUST_1664,Chris Jones,chris.jones1664@example.com,Jakarta,Indonesia,2023-06-04,Mobile Safari,6,6,2023-07-09 06:00:00,2023-12-31 03:00:00,1759.35,712.80,11,293.22,VIP Champion
CUST_1398,Sam Johnson,sam.johnson1398@example.com,Semarang,Indonesia,2024-01-27,iOS App,6,6,2024-02-07 21:00:00,2024-09-29 12:00:00,1272.36,571.30,11,212.06,VIP Champion
CUST_1594,Jamie Johnson,jamie.johnson1594@example.com,Bangkok,Indonesia,2023-06-18,iOS App,4,4,2023-07-04 23:00:00,2023-10-27 08:00:00,1882.52,796.44,10,470.63,Loyal High Value
CUST_1417,Alex Martinez,alex.martinez1417@example.com,Surabaya,Indonesia,2023-08-30,Mobile Chrome,4,4,2023-09-24 22:00:00,2024-01-15 03:00:00,1257.58,469.18,8,314.4,Loyal High Value
CUST_1699,Jordan Smith,jordan.smith1699@example.com,Bandung,Indonesia,2023-12-05,Android App,7,7,2023-12-09 11:00:00,2024-07-30 11:00:00,2578.44,998.68,17,368.35,VIP Champion
CUST_1650,Jordan Garcia,jordan.garcia1650@example.com,Surabaya,Indonesia,2024-02-15,Mobile Chrome,6,6,2024-04-04 17:00:00,2024-08-01 01:00:00,1861.67,656.26,12,310.28,VIP Champion
CUST_2143,Alex Johnson,alex.johnson2143@example.com,Bangkok,Indonesia,2023-02-11,Mobile Chrome,8,8,2023-02-12 15:00:00,2023-11-03 01:00:00,2590.67,1045.80,18,323.83,VIP Champion
CUST_1400,Dakota Johnson,dakota.johnson1400@example.com,Kuala Lumpur,Indonesia,2023-03-01,Web Desktop,4,4,2023-03-26 21:00:00,2023-09-27 17:00:00,1221.32,537.06,8,305.33,Loyal High Value
CUST_2063,Riley Jones,riley.jones2063@example.com,Medan,Indonesia,2023-03-15,Mobile Safari,10,10,2023-03-24 05:00:00,2023-08-08 06:00:00,3587.93,1347.52,25,358.79,VIP Champion
CUST_1880,Dakota Johnson,dakota.johnson1880@example.com,Medan,Southeast Asia,2023-05-29,Web Desktop,4,4,2023-06-22 08:00:00,2024-03-28 14:00:00,1231.02,513.50,6,307.76,Loyal High Value
CUST_1775,Alex Johnson,alex.johnson1775@example.com,Semarang,Indonesia,2023-11-18,Mobile Safari,6,6,2023-12-04 22:00:00,2024-01-08 19:00:00,2937.63,1387.94,12,489.61,VIP Champion
CUST_1331,Morgan Martinez,morgan.martinez1331@example.com,Jakarta,Indonesia,2023-10-12,Mobile Chrome,9,9,2023-10-16 20:00:00,2024-05-01 11:00:00,3802.78,1549.14,20,422.53,VIP Champion
CUST_1207,Riley Garcia,riley.garcia1207@example.com,Kuala Lumpur,Indonesia,2023-09-06,Web Desktop,11,11,2023-09-09 06:00:00,2024-02-28 11:00:00,3178.52,1237.84,21,288.96,VIP Champion
CUST_1780,Morgan Davis,morgan.davis1780@example.com,Surabaya,Indonesia,2023-07-20,Mobile Chrome,8,7,2023-07-28 08:00:00,2024-02-19 15:00:00,3292.94,1320.80,18,470.42,VIP Champion
CUST_1904,Taylor Miller,taylor.miller1904@example.com,Semarang,Indonesia,2024-05-04,Web Desktop,7,7,2024-06-05 14:00:00,2025-03-03 06:00:00,3335.45,1462.45,17,476.49,VIP Champion
CUST_1515,Morgan Smith,morgan.smith1515@example.com,Bangkok,Indonesia,2023-10-08,Android App,6,6,2023-10-21 05:00:00,2024-08-09 01:00:00,1438.55,531.68,9,239.76,VIP Champion
CUST_1586,Morgan Garcia,morgan.garcia1586@example.com,Jakarta,Indonesia,2023-03-16,Web Desktop,6,6,2023-03-17 23:00:00,2023-09-12 01:00:00,1291.75,471.91,9,215.29,VIP Champion
CUST_1192,Morgan Rodriguez,morgan.rodriguez1192@example.com,Surabaya,Indonesia,2023-04-27,Mobile Safari,6,6,2023-06-17 06:00:00,2024-02-07 03:00:00,2094.67,834.57,12,349.11,VIP Champion
CUST_1087,Jamie Johnson,jamie.johnson1087@example.com,Bandung,Indonesia,2023-09-10,iOS App,8,5,2023-09-17 15:00:00,2024-05-16 01:00:00,1169.09,428.35,10,233.82,VIP Champion
CUST_1760,Pat Miller,pat.miller1760@example.com,Singapore,Indonesia,2023-02-16,Mobile Safari,6,6,2023-03-24 03:00:00,2023-11-09 01:00:00,1325.97,522.67,12,221.0,VIP Champion
CUST_1220,Casey Garcia,casey.garcia1220@example.com,Jakarta,Indonesia,2023-02-03,Android App,4,4,2023-02-13 19:00:00,2023-06-05 10:00:00,1532.79,620.22,11,383.2,Loyal High Value
CUST_1959,Morgan Davis,morgan.davis1959@example.com,Bangkok,Indonesia,2023-08-05,Mobile Safari,9,8,2023-08-08 20:00:00,2024-12-14 18:00:00,2807.97,1093.04,18,351.0,VIP Champion
CUST_2116,Riley Miller,riley.miller2116@example.com,Jakarta,Indonesia,2024-02-07,Web Desktop,6,6,2024-02-10 15:00:00,2024-07-06 14:00:00,3013.29,1242.08,19,502.22,VIP Champion
CUST_1394,Sam Williams,sam.williams1394@example.com,Bandung,Indonesia,2023-03-07,Android App,13,11,2023-03-31 17:00:00,2024-01-27 22:00:00,3248.01,1306.96,25,295.27,VIP Champion
CUST_2094,Jordan Martinez,jordan.martinez2094@example.com,Jakarta,Indonesia,2023-05-08,Android App,7,6,2023-05-14 04:00:00,2023-11-17 01:00:00,2767.00,1025.88,16,461.17,VIP Champion
CUST_1143,Avery Garcia,avery.garcia1143@example.com,Singapore,Indonesia,2024-02-09,iOS App,4,4,2024-02-28 02:00:00,2024-07-18 20:00:00,841.22,315.85,7,210.31,Loyal High Value
CUST_1125,Alex Jones,alex.jones1125@example.com,Kuala Lumpur,Southeast Asia,2024-05-10,iOS App,6,5,2024-05-24 17:00:00,2024-12-15 04:00:00,1699.14,698.26,10,339.83,VIP Champion
CUST_1901,Sam Brown,sam.brown1901@example.com,Bandung,Indonesia,2023-10-23,Mobile Safari,9,8,2023-11-10 07:00:00,2024-07-31 23:00:00,1593.73,642.86,11,199.22,VIP Champion
CUST_1921,Alex Williams,alex.williams1921@example.com,Bandung,Indonesia,2023-01-18,Android App,5,5,2023-01-20 16:00:00,2023-07-19 11:00:00,3325.50,1245.01,19,665.1,VIP Champion
CUST_2121,Pat Miller,pat.miller2121@example.com,Semarang,Indonesia,2024-03-03,Android App,5,5,2024-03-10 09:00:00,2024-05-23 21:00:00,848.69,319.25,6,169.74,Loyal High Value
CUST_1452,Riley Jones,riley.jones1452@example.com,Surabaya,Indonesia,2023-12-02,Mobile Safari,5,4,2023-12-03 08:00:00,2024-03-19 14:00:00,495.56,211.44,6,123.89,Regular Customer
CUST_1597,Riley Davis,riley.davis1597@example.com,Medan,Indonesia,2024-01-24,iOS App,7,6,2024-01-29 03:00:00,2024-05-26 16:00:00,3360.95,1253.56,19,560.16,VIP Champion
CUST_2159,Avery Rodriguez,avery.rodriguez2159@example.com,Kuala Lumpur,Indonesia,2023-03-28,iOS App,8,6,2023-04-09 21:00:00,2024-01-08 02:00:00,3123.40,1267.41,15,520.57,VIP Champion
CUST_1479,Alex Johnson,alex.johnson1479@example.com,Singapore,Indonesia,2024-03-29,iOS App,4,4,2024-04-04 21:00:00,2024-11-06 13:00:00,1470.61,562.29,10,367.65,Loyal High Value
CUST_1149,Jamie Johnson,jamie.johnson1149@example.com,Bandung,Indonesia,2023-10-21,iOS App,10,10,2023-10-26 05:00:00,2024-06-24 10:00:00,2327.10,984.02,14,232.71,VIP Champion
CUST_1947,Chris Johnson,chris.johnson1947@example.com,Bangkok,Indonesia,2023-11-01,Mobile Safari,4,4,2023-11-15 23:00:00,2024-04-17 14:00:00,845.94,343.62,4,211.49,Loyal High Value
CUST_1844,Alex Jones,alex.jones1844@example.com,Medan,Indonesia,2023-07-09,iOS App,5,5,2023-07-11 15:00:00,2024-03-15 14:00:00,2282.84,1062.01,13,456.57,VIP Champion
CUST_2122,Morgan Miller,morgan.miller2122@example.com,Bandung,Indonesia,2023-04-06,Android App,5,4,2023-04-07 12:00:00,2023-08-28 02:00:00,1323.28,511.16,15,330.82,Loyal High Value
CUST_1163,Avery Garcia,avery.garcia1163@example.com,Singapore,Indonesia,2023-10-20,Mobile Safari,5,5,2023-11-04 06:00:00,2024-04-12 11:00:00,645.47,241.37,7,129.09,Loyal High Value
CUST_1636,Jordan Jones,jordan.jones1636@example.com,Kuala Lumpur,Indonesia,2023-05-14,Mobile Chrome,6,5,2023-05-16 22:00:00,2024-02-15 15:00:00,3123.94,1462.69,15,624.79,VIP Champion
CUST_1104,Sam Jones,sam.jones1104@example.com,Bandung,Indonesia,2024-02-26,Mobile Chrome,9,8,2024-03-04 14:00:00,2024-09-27 18:00:00,3112.61,1361.04,18,389.08,VIP Champion
CUST_1032,Chris Davis,chris.davis1032@example.com,Medan,Indonesia,2023-08-21,iOS App,5,5,2023-08-24 17:00:00,2024-03-27 16:00:00,1887.48,835.18,9,377.5,VIP Champion
CUST_1487,Jordan Rodriguez,jordan.rodriguez1487@example.com,Singapore,Indonesia,2023-09-05,Mobile Safari,7,7,2023-09-08 07:00:00,2024-04-27 06:00:00,2448.01,940.48,15,349.72,VIP Champion
CUST_1667,Taylor Brown,taylor.brown1667@example.com,Semarang,Indonesia,2024-02-08,Web Desktop,10,9,2024-02-12 14:00:00,2024-10-04 08:00:00,3302.52,1371.29,18,366.95,VIP Champion
CUST_1094,Casey Smith,casey.smith1094@example.com,Singapore,Indonesia,2024-01-04,iOS App,5,4,2024-01-18 09:00:00,2024-03-31 12:00:00,1375.97,534.57,9,343.99,Loyal High Value
CUST_1148,Avery Davis,avery.davis1148@example.com,Kuala Lumpur,Indonesia,2024-01-06,Web Desktop,3,3,2024-01-18 14:00:00,2024-03-12 21:00:00,937.92,340.00,8,312.64,Loyal High Value
CUST_2109,Avery Rodriguez,avery.rodriguez2109@example.com,Kuala Lumpur,Indonesia,2023-09-08,Web Desktop,5,5,2023-09-09 19:00:00,2024-04-20 16:00:00,1870.45,788.07,12,374.09,VIP Champion
CUST_2110,Riley Williams,riley.williams2110@example.com,Bangkok,Southeast Asia,2023-07-17,Web Desktop,6,5,2023-09-28 23:00:00,2024-06-20 00:00:00,917.43,328.16,7,183.49,Loyal High Value
CUST_1546,Pat Smith,pat.smith1546@example.com,Medan,Indonesia,2023-06-24,Android App,2,2,2023-08-15 08:00:00,2023-09-09 18:00:00,256.49,105.77,2,128.25,Regular Customer
CUST_1940,Morgan Martinez,morgan.martinez1940@example.com,Surabaya,Indonesia,2023-05-10,iOS App,5,5,2023-05-13 15:00:00,2024-02-17 18:00:00,1470.23,611.51,10,294.05,VIP Champion
CUST_1724,Chris Williams,chris.williams1724@example.com,Semarang,Indonesia,2023-02-17,Mobile Safari,6,6,2023-04-05 10:00:00,2023-10-18 19:00:00,1309.44,505.21,9,218.24,VIP Champion
CUST_2020,Taylor Rodriguez,taylor.rodriguez2020@example.com,Singapore,Southeast Asia,2023-11-12,iOS App,5,5,2024-01-25 02:00:00,2024-06-28 16:00:00,2808.17,1330.46,13,561.63,VIP Champion
CUST_1813,Dakota Davis,dakota.davis1813@example.com,Medan,Southeast Asia,2023-04-28,Web Desktop,5,4,2023-05-03 13:00:00,2023-09-14 16:00:00,1649.79,804.67,9,412.45,Loyal High Value
CUST_1429,Chris Jones,chris.jones1429@example.com,Kuala Lumpur,Indonesia,2023-06-09,Mobile Safari,8,6,2023-07-12 02:00:00,2023-12-01 01:00:00,1579.90,579.39,10,263.32,VIP Champion
CUST_1967,Taylor Jones,taylor.jones1967@example.com,Semarang,Indonesia,2023-07-20,iOS App,1,1,2023-08-05 20:00:00,2023-08-05 20:00:00,427.81,164.52,2,427.81,One-Time Buyer
CUST_1152,Morgan Rodriguez,morgan.rodriguez1152@example.com,Surabaya,Indonesia,2023-03-09,Mobile Chrome,8,7,2023-04-05 06:00:00,2024-01-15 14:00:00,2125.22,891.59,13,303.6,VIP Champion
CUST_1133,Sam Johnson,sam.johnson1133@example.com,Bandung,Southeast Asia,2023-03-16,Mobile Safari,8,8,2023-03-19 05:00:00,2023-10-01 22:00:00,2207.99,842.47,16,276.0,VIP Champion
CUST_1682,Sam Jones,sam.jones1682@example.com,Jakarta,Indonesia,2023-11-14,iOS App,10,10,2023-11-23 02:00:00,2024-09-18 04:00:00,2783.23,996.56,21,278.32,VIP Champion
CUST_1126,Sam Jones,sam.jones1126@example.com,Bandung,Indonesia,2023-12-24,Mobile Chrome,4,4,2024-02-05 20:00:00,2024-04-10 09:00:00,1221.21,423.18,8,305.3,Loyal High Value
CUST_1387,Chris Brown,chris.brown1387@example.com,Semarang,Indonesia,2023-08-14,iOS App,6,6,2023-08-20 09:00:00,2023-10-12 22:00:00,3518.49,1489.89,19,586.42,VIP Champion
CUST_1929,Morgan Brown,morgan.brown1929@example.com,Semarang,Indonesia,2023-10-02,Mobile Chrome,7,6,2023-10-14 07:00:00,2024-04-01 04:00:00,1390.29,648.57,9,231.72,VIP Champion
CUST_1673,Casey Brown,casey.brown1673@example.com,Bangkok,Indonesia,2023-07-16,Web Desktop,5,4,2023-07-21 11:00:00,2023-10-10 17:00:00,1193.66,480.57,8,298.42,Loyal High Value
CUST_1833,Chris Rodriguez,chris.rodriguez1833@example.com,Surabaya,Indonesia,2023-06-25,iOS App,5,5,2023-07-06 21:00:00,2024-02-27 08:00:00,2762.70,1333.67,16,552.54,VIP Champion
CUST_1376,Dakota Garcia,dakota.garcia1376@example.com,Kuala Lumpur,Indonesia,2024-02-29,iOS App,9,7,2024-03-28 10:00:00,2025-03-18 23:00:00,3099.61,1327.56,20,442.8,VIP Champion
CUST_1668,Alex Miller,alex.miller1668@example.com,Surabaya,Indonesia,2023-04-01,Android App,5,5,2023-04-12 10:00:00,2023-07-15 18:00:00,1466.04,638.41,9,293.21,VIP Champion
CUST_1116,Riley Jones,riley.jones1116@example.com,Surabaya,Indonesia,2023-01-08,Android App,8,8,2023-01-13 05:00:00,2024-02-20 15:00:00,3068.79,1201.68,20,383.6,VIP Champion
CUST_1604,Chris Miller,chris.miller1604@example.com,Kuala Lumpur,Indonesia,2023-02-22,iOS App,11,11,2023-02-23 03:00:00,2023-11-09 19:00:00,2898.40,1187.24,21,263.49,VIP Champion
CUST_1075,Alex Johnson,alex.johnson1075@example.com,Singapore,Indonesia,2023-04-06,iOS App,4,4,2023-04-10 02:00:00,2023-08-04 03:00:00,1413.29,567.44,8,353.32,Loyal High Value
CUST_1110,Taylor Rodriguez,taylor.rodriguez1110@example.com,Medan,Indonesia,2023-07-10,iOS App,8,7,2023-07-31 11:00:00,2024-02-26 13:00:00,2597.33,1018.78,21,371.05,VIP Champion
CUST_1765,Alex Miller,alex.miller1765@example.com,Semarang,Indonesia,2023-09-26,Web Desktop,8,8,2023-10-20 01:00:00,2024-10-01 05:00:00,2841.51,1190.39,23,355.19,VIP Champion
CUST_1111,Chris Jones,chris.jones1111@example.com,Surabaya,Indonesia,2023-05-14,Mobile Chrome,11,11,2023-05-14 11:00:00,2023-08-23 18:00:00,3530.31,1655.12,22,320.94,VIP Champion
CUST_1196,Chris Jones,chris.jones1196@example.com,Jakarta,Indonesia,2023-12-10,Web Desktop,8,7,2023-12-13 03:00:00,2024-05-10 15:00:00,2592.77,1169.61,16,370.4,VIP Champion
CUST_1497,Sam Johnson,sam.johnson1497@example.com,Medan,Southeast Asia,2023-09-17,Web Desktop,7,6,2023-09-18 22:00:00,2024-10-23 04:00:00,2074.57,922.37,15,345.76,VIP Champion
CUST_1049,Taylor Rodriguez,taylor.rodriguez1049@example.com,Jakarta,Indonesia,2023-04-09,Android App,7,7,2023-04-09 18:00:00,2023-11-01 03:00:00,2575.41,1044.71,15,367.92,VIP Champion
CUST_1237,Jordan Rodriguez,jordan.rodriguez1237@example.com,Kuala Lumpur,Indonesia,2023-09-25,iOS App,9,7,2023-09-30 13:00:00,2024-06-22 03:00:00,2966.11,1151.02,17,423.73,VIP Champion
CUST_1638,Jamie Jones,jamie.jones1638@example.com,Semarang,Southeast Asia,2024-04-28,Web Desktop,12,12,2024-04-29 21:00:00,2025-04-15 11:00:00,6742.69,2809.73,36,561.89,VIP Champion
CUST_1591,Chris Williams,chris.williams1591@example.com,Semarang,Indonesia,2024-03-18,Mobile Chrome,6,6,2024-03-27 02:00:00,2024-11-28 15:00:00,2167.44,948.67,14,361.24,VIP Champion
CUST_1490,Taylor Davis,taylor.davis1490@example.com,Surabaya,Indonesia,2023-09-25,Mobile Safari,10,8,2023-09-25 19:00:00,2024-07-13 16:00:00,3172.72,1400.37,19,396.59,VIP Champion
CUST_1810,Casey Garcia,casey.garcia1810@example.com,Singapore,Indonesia,2024-04-02,Mobile Safari,10,10,2024-04-04 07:00:00,2025-06-13 08:00:00,1793.12,819.85,13,179.31,VIP Champion
CUST_1170,Riley Rodriguez,riley.rodriguez1170@example.com,Singapore,Indonesia,2023-08-17,Web Desktop,9,6,2023-08-28 10:00:00,2024-06-26 04:00:00,2023.83,827.92,11,337.31,VIP Champion
CUST_1298,Chris Williams,chris.williams1298@example.com,Jakarta,Indonesia,2023-03-29,iOS App,4,4,2023-03-31 06:00:00,2023-11-21 21:00:00,1444.03,559.32,10,361.01,Loyal High Value
CUST_1045,Morgan Smith,morgan.smith1045@example.com,Jakarta,Indonesia,2023-01-02,Mobile Safari,8,8,2023-02-06 03:00:00,2023-06-08 02:00:00,2292.89,997.00,13,286.61,VIP Champion
CUST_1621,Taylor Jones,taylor.jones1621@example.com,Jakarta,Indonesia,2023-10-25,Mobile Safari,7,7,2023-11-06 10:00:00,2024-08-14 19:00:00,1824.03,908.05,11,260.58,VIP Champion
CUST_1193,Casey Martinez,casey.martinez1193@example.com,Singapore,Indonesia,2023-03-16,Android App,2,2,2023-04-04 08:00:00,2023-04-28 11:00:00,404.33,174.76,4,202.17,Regular Customer
CUST_1277,Casey Johnson,casey.johnson1277@example.com,Medan,Indonesia,2023-11-15,Mobile Chrome,9,9,2023-11-16 09:00:00,2024-06-30 22:00:00,3567.37,1549.34,20,396.37,VIP Champion
CUST_1159,Morgan Brown,morgan.brown1159@example.com,Singapore,Southeast Asia,2023-12-01,Web Desktop,4,4,2023-12-26 11:00:00,2024-10-29 03:00:00,1018.28,415.02,7,254.57,Loyal High Value
CUST_2145,Jordan Brown,jordan.brown2145@example.com,Bangkok,Indonesia,2024-01-11,Mobile Safari,6,5,2024-01-12 22:00:00,2024-08-02 06:00:00,1421.60,403.66,10,284.32,VIP Champion
CUST_1454,Jamie Williams,jamie.williams1454@example.com,Kuala Lumpur,Indonesia,2023-11-01,Mobile Chrome,7,7,2023-11-03 01:00:00,2024-03-31 21:00:00,5638.06,2296.74,24,805.44,VIP Champion
CUST_1199,Riley Smith,riley.smith1199@example.com,Jakarta,Indonesia,2023-11-23,Web Desktop,7,7,2023-12-03 13:00:00,2024-03-20 13:00:00,1706.86,703.65,11,243.84,VIP Champion
CUST_1175,Riley Davis,riley.davis1175@example.com,Kuala Lumpur,Indonesia,2024-03-10,Web Desktop,7,5,2024-03-27 01:00:00,2025-07-18 16:00:00,1807.63,803.13,12,361.53,VIP Champion
CUST_1837,Jordan Miller,jordan.miller1837@example.com,Medan,Indonesia,2023-10-22,Mobile Chrome,3,2,2024-01-30 06:00:00,2024-03-08 07:00:00,719.84,311.17,4,359.92,Loyal High Value
CUST_2160,Jamie Johnson,jamie.johnson2160@example.com,Medan,Indonesia,2023-03-25,Web Desktop,6,5,2023-04-21 06:00:00,2023-11-22 10:00:00,977.94,380.30,5,195.59,Loyal High Value
CUST_2033,Taylor Miller,taylor.miller2033@example.com,Kuala Lumpur,Indonesia,2023-08-02,Web Desktop,10,10,2023-09-08 15:00:00,2024-05-09 06:00:00,3206.93,1340.28,24,320.69,VIP Champion
CUST_1389,Dakota Rodriguez,dakota.rodriguez1389@example.com,Jakarta,Indonesia,2024-04-01,Mobile Safari,5,4,2024-04-10 04:00:00,2024-10-24 09:00:00,1987.94,856.61,11,496.99,Loyal High Value
CUST_2107,Avery Miller,avery.miller2107@example.com,Singapore,Indonesia,2023-10-23,iOS App,5,5,2023-10-26 14:00:00,2024-05-19 17:00:00,851.27,404.35,5,170.25,Loyal High Value
CUST_2166,Sam Williams,sam.williams2166@example.com,Semarang,Indonesia,2024-01-13,Mobile Chrome,6,5,2024-02-05 00:00:00,2024-03-17 01:00:00,1610.79,699.73,10,322.16,VIP Champion
CUST_1698,Alex Williams,alex.williams1698@example.com,Kuala Lumpur,Indonesia,2024-04-18,Mobile Safari,6,6,2024-07-26 23:00:00,2024-09-14 02:00:00,1606.98,742.97,11,267.83,VIP Champion
CUST_2069,Taylor Garcia,taylor.garcia2069@example.com,Medan,Indonesia,2023-11-11,iOS App,7,6,2023-11-20 05:00:00,2024-04-13 19:00:00,1731.62,758.46,12,288.6,VIP Champion
CUST_1644,Chris Rodriguez,chris.rodriguez1644@example.com,Bandung,Indonesia,2023-01-17,Android App,10,10,2023-01-24 00:00:00,2024-01-23 10:00:00,3934.19,1670.65,21,393.42,VIP Champion
CUST_1381,Riley Garcia,riley.garcia1381@example.com,Surabaya,Southeast Asia,2023-10-27,Mobile Chrome,9,9,2023-11-03 10:00:00,2024-03-09 22:00:00,1873.56,716.37,12,208.17,VIP Champion
CUST_1562,Alex Brown,alex.brown1562@example.com,Semarang,Indonesia,2023-10-02,Android App,6,5,2023-10-07 16:00:00,2024-03-27 19:00:00,934.61,384.59,7,186.92,Loyal High Value
CUST_1596,Alex Brown,alex.brown1596@example.com,Semarang,Indonesia,2023-01-25,Mobile Chrome,3,2,2023-03-13 06:00:00,2023-04-11 17:00:00,788.62,280.57,4,394.31,Loyal High Value
CUST_1939,Sam Williams,sam.williams1939@example.com,Semarang,Indonesia,2023-04-05,Web Desktop,2,2,2023-04-07 13:00:00,2023-04-18 19:00:00,905.62,376.81,4,452.81,Loyal High Value
CUST_1249,Casey Martinez,casey.martinez1249@example.com,Jakarta,Indonesia,2024-02-18,Mobile Safari,8,8,2024-03-07 09:00:00,2024-09-14 07:00:00,2002.68,868.55,15,250.34,VIP Champion
CUST_1527,Alex Johnson,alex.johnson1527@example.com,Bangkok,Indonesia,2023-08-04,Mobile Chrome,3,3,2023-08-17 20:00:00,2023-11-12 13:00:00,707.43,335.24,4,235.81,Loyal High Value
CUST_2024,Casey Brown,casey.brown2024@example.com,Kuala Lumpur,Southeast Asia,2024-01-12,Mobile Chrome,4,3,2024-02-12 16:00:00,2024-09-22 01:00:00,857.97,445.00,6,285.99,Loyal High Value
CUST_2022,Sam Smith,sam.smith2022@example.com,Bandung,Indonesia,2023-09-23,iOS App,4,4,2023-10-12 07:00:00,2024-01-23 02:00:00,1474.12,624.05,10,368.53,Loyal High Value
CUST_1460,Dakota Smith,dakota.smith1460@example.com,Singapore,Indonesia,2023-12-16,iOS App,5,4,2023-12-17 05:00:00,2024-02-26 13:00:00,1249.25,526.45,8,312.31,Loyal High Value
CUST_1407,Taylor Miller,taylor.miller1407@example.com,Medan,Indonesia,2023-06-04,Mobile Chrome,6,6,2023-06-19 21:00:00,2023-12-11 23:00:00,2921.84,1367.10,15,486.97,VIP Champion
CUST_1392,Alex Martinez,alex.martinez1392@example.com,Surabaya,Indonesia,2023-06-15,Android App,8,5,2023-06-21 16:00:00,2023-12-19 19:00:00,1974.43,810.04,12,394.89,VIP Champion
CUST_1624,Sam Brown,sam.brown1624@example.com,Surabaya,Indonesia,2023-01-31,iOS App,14,13,2023-02-04 20:00:00,2023-07-17 02:00:00,3744.21,1456.62,26,288.02,VIP Champion
CUST_1174,Alex Smith,alex.smith1174@example.com,Kuala Lumpur,Indonesia,2024-05-09,Mobile Chrome,2,2,2024-05-09 08:00:00,2024-07-04 06:00:00,650.79,281.48,5,325.4,Loyal High Value
CUST_1462,Taylor Jones,taylor.jones1462@example.com,Bangkok,Indonesia,2023-12-15,iOS App,6,6,2024-02-03 23:00:00,2024-11-07 06:00:00,2849.67,1133.39,18,474.95,VIP Champion
CUST_1028,Chris Brown,chris.brown1028@example.com,Singapore,Indonesia,2023-10-13,Android App,8,7,2023-11-05 09:00:00,2024-04-25 05:00:00,2200.53,955.17,13,314.36,VIP Champion
CUST_1854,Alex Rodriguez,alex.rodriguez1854@example.com,Jakarta,Indonesia,2023-11-04,iOS App,3,3,2023-11-22 15:00:00,2024-05-20 16:00:00,1197.78,586.63,7,399.26,Loyal High Value
CUST_1938,Taylor Martinez,taylor.martinez1938@example.com,Kuala Lumpur,Indonesia,2024-04-22,iOS App,7,6,2024-05-24 14:00:00,2024-09-22 23:00:00,1850.34,832.92,13,308.39,VIP Champion
CUST_1796,Pat Davis,pat.davis1796@example.com,Singapore,Indonesia,2023-03-18,Web Desktop,8,6,2023-03-18 16:00:00,2023-12-07 01:00:00,1746.64,717.03,11,291.11,VIP Champion
CUST_1186,Alex Davis,alex.davis1186@example.com,Bandung,Southeast Asia,2023-11-12,Mobile Safari,6,6,2023-11-17 03:00:00,2024-04-22 16:00:00,1986.80,747.72,12,331.13,VIP Champion
CUST_1293,Avery Williams,avery.williams1293@example.com,Singapore,Indonesia,2024-02-08,iOS App,7,7,2024-02-29 00:00:00,2024-12-08 23:00:00,1429.16,643.80,10,204.17,VIP Champion
CUST_1312,Dakota Williams,dakota.williams1312@example.com,Surabaya,Indonesia,2024-02-16,Mobile Chrome,4,3,2024-03-30 15:00:00,2024-06-12 13:00:00,371.64,126.70,3,123.88,Regular Customer
CUST_1370,Taylor Miller,taylor.miller1370@example.com,Bandung,Indonesia,2023-06-09,Mobile Chrome,6,5,2023-06-16 01:00:00,2023-10-11 19:00:00,1784.40,832.75,14,356.88,VIP Champion
CUST_1248,Alex Jones,alex.jones1248@example.com,Jakarta,Indonesia,2023-08-24,Mobile Safari,5,5,2023-09-06 08:00:00,2025-03-06 18:00:00,1264.94,471.13,8,252.99,VIP Champion
CUST_1153,Jordan Brown,jordan.brown1153@example.com,Singapore,Indonesia,2023-04-21,iOS App,6,6,2023-04-22 12:00:00,2023-11-11 15:00:00,2182.78,845.25,12,363.8,VIP Champion
CUST_1015,Casey Davis,casey.davis1015@example.com,Bangkok,Indonesia,2023-08-01,Mobile Chrome,5,4,2023-08-02 06:00:00,2024-01-04 07:00:00,866.60,318.86,5,216.65,Loyal High Value
CUST_1485,Chris Davis,chris.davis1485@example.com,Semarang,Indonesia,2023-08-20,Mobile Safari,9,9,2023-08-24 11:00:00,2024-04-15 22:00:00,2557.74,1084.25,15,284.19,VIP Champion
CUST_1012,Jordan Davis,jordan.davis1012@example.com,Surabaya,Indonesia,2024-01-23,Android App,6,5,2024-01-27 18:00:00,2024-08-17 21:00:00,1733.03,742.01,13,346.61,VIP Champion
CUST_1263,Riley Williams,riley.williams1263@example.com,Medan,Indonesia,2023-05-03,Web Desktop,5,5,2023-06-12 20:00:00,2023-11-12 22:00:00,1745.52,704.46,11,349.1,VIP Champion
CUST_1284,Morgan Smith,morgan.smith1284@example.com,Semarang,Southeast Asia,2023-04-09,Mobile Chrome,4,4,2023-04-10 03:00:00,2023-08-25 10:00:00,1006.47,458.46,8,251.62,Loyal High Value
CUST_1362,Jamie Davis,jamie.davis1362@example.com,Surabaya,Indonesia,2023-06-22,Mobile Chrome,5,5,2023-07-07 16:00:00,2024-03-29 14:00:00,2075.98,895.86,16,415.2,VIP Champion
CUST_1166,Morgan Smith,morgan.smith1166@example.com,Semarang,Indonesia,2023-11-15,iOS App,8,7,2023-12-01 12:00:00,2024-08-03 11:00:00,2250.34,979.50,14,321.48,VIP Champion
CUST_1465,Morgan Garcia,morgan.garcia1465@example.com,Singapore,Indonesia,2023-10-24,Mobile Safari,5,5,2023-10-30 04:00:00,2023-12-30 13:00:00,1848.20,769.27,10,369.64,VIP Champion
CUST_1470,Morgan Davis,morgan.davis1470@example.com,Medan,Indonesia,2023-04-17,Web Desktop,3,2,2023-04-25 11:00:00,2023-10-17 02:00:00,234.97,113.36,2,117.49,Regular Customer
CUST_1346,Pat Williams,pat.williams1346@example.com,Bandung,Indonesia,2023-12-31,iOS App,4,3,2024-01-15 20:00:00,2024-09-02 03:00:00,846.19,380.37,4,282.06,Loyal High Value
CUST_1693,Taylor Brown,taylor.brown1693@example.com,Jakarta,Indonesia,2023-03-22,Android App,6,6,2023-03-27 01:00:00,2023-10-10 09:00:00,1843.13,820.13,13,307.19,VIP Champion
CUST_1259,Casey Williams,casey.williams1259@example.com,Surabaya,Indonesia,2023-01-20,Web Desktop,9,7,2023-01-20 01:00:00,2023-07-22 12:00:00,3210.67,1308.56,17,458.67,VIP Champion
CUST_1112,Sam Garcia,sam.garcia1112@example.com,Bandung,Southeast Asia,2023-08-01,Mobile Safari,7,7,2023-08-01 07:00:00,2025-05-22 05:00:00,2197.52,1015.54,13,313.93,VIP Champion
CUST_1404,Pat Smith,pat.smith1404@example.com,Medan,Southeast Asia,2023-09-17,iOS App,7,6,2023-10-08 23:00:00,2024-09-15 18:00:00,1636.05,711.81,11,272.68,VIP Champion
CUST_1020,Pat Martinez,pat.martinez1020@example.com,Medan,Southeast Asia,2023-02-10,Mobile Safari,4,4,2023-02-14 20:00:00,2023-11-27 15:00:00,2348.53,928.97,11,587.13,Loyal High Value
CUST_1861,Dakota Davis,dakota.davis1861@example.com,Semarang,Southeast Asia,2023-11-01,Web Desktop,8,6,2023-11-09 23:00:00,2024-07-12 11:00:00,1507.39,607.59,11,251.23,VIP Champion
CUST_1377,Jamie Johnson,jamie.johnson1377@example.com,Semarang,Indonesia,2024-03-19,Mobile Chrome,10,9,2024-03-22 20:00:00,2024-08-21 03:00:00,2267.09,783.92,15,251.9,VIP Champion
CUST_1703,Taylor Williams,taylor.williams1703@example.com,Bangkok,Indonesia,2023-07-23,Android App,11,8,2023-07-25 02:00:00,2024-07-30 15:00:00,2489.47,1016.76,14,311.18,VIP Champion
CUST_2189,Riley Davis,riley.davis2189@example.com,Singapore,Indonesia,2024-01-16,Android App,5,4,2024-03-12 04:00:00,2024-06-10 15:00:00,787.84,348.59,6,196.96,Loyal High Value
CUST_1441,Riley Martinez,riley.martinez1441@example.com,Bangkok,Indonesia,2023-07-05,Mobile Safari,6,6,2023-07-08 19:00:00,2023-10-29 21:00:00,2151.19,844.46,19,358.53,VIP Champion
CUST_1493,Jordan Miller,jordan.miller1493@example.com,Bandung,Indonesia,2023-12-02,Web Desktop,9,6,2023-12-13 07:00:00,2024-08-07 02:00:00,1887.99,670.83,13,314.67,VIP Champion
CUST_1123,Dakota Jones,dakota.jones1123@example.com,Kuala Lumpur,Indonesia,2023-10-09,Web Desktop,12,9,2023-10-10 10:00:00,2024-03-29 03:00:00,2547.72,1168.48,13,283.08,VIP Champion
CUST_1317,Jordan Brown,jordan.brown1317@example.com,Kuala Lumpur,Indonesia,2023-09-19,Web Desktop,3,3,2023-09-24 13:00:00,2024-01-23 16:00:00,906.69,444.80,5,302.23,Loyal High Value
CUST_1481,Jordan Martinez,jordan.martinez1481@example.com,Bangkok,Indonesia,2023-04-08,Mobile Chrome,5,5,2023-04-12 20:00:00,2023-09-10 02:00:00,1819.32,753.54,8,363.86,VIP Champion
CUST_2077,Taylor Garcia,taylor.garcia2077@example.com,Singapore,Indonesia,2023-07-08,Mobile Chrome,7,7,2023-07-10 03:00:00,2023-11-14 20:00:00,1758.20,645.75,10,251.17,VIP Champion
CUST_2170,Jamie Garcia,jamie.garcia2170@example.com,Kuala Lumpur,Indonesia,2023-12-30,iOS App,15,14,2024-01-11 04:00:00,2024-06-26 23:00:00,6506.14,3099.77,30,464.72,VIP Champion
CUST_1410,Riley Miller,riley.miller1410@example.com,Jakarta,Indonesia,2024-01-24,Android App,8,7,2024-02-01 10:00:00,2024-09-27 04:00:00,3251.32,1439.39,18,464.47,VIP Champion
CUST_1516,Chris Miller,chris.miller1516@example.com,Bangkok,Indonesia,2023-05-30,Web Desktop,6,4,2023-06-06 19:00:00,2024-02-21 20:00:00,2172.82,845.95,11,543.21,Loyal High Value
CUST_1215,Riley Smith,riley.smith1215@example.com,Singapore,Indonesia,2023-07-21,iOS App,7,7,2023-07-26 10:00:00,2023-12-06 10:00:00,2202.85,906.60,10,314.69,VIP Champion
CUST_1431,Casey Davis,casey.davis1431@example.com,Singapore,Indonesia,2023-11-11,iOS App,7,6,2023-11-28 13:00:00,2024-04-12 11:00:00,2021.98,838.97,15,337.0,VIP Champion
CUST_1522,Casey Rodriguez,casey.rodriguez1522@example.com,Bandung,Southeast Asia,2023-07-15,Android App,15,11,2023-07-21 22:00:00,2024-06-03 03:00:00,4145.04,1757.57,26,376.82,VIP Champion
CUST_1379,Avery Williams,avery.williams1379@example.com,Singapore,Indonesia,2023-12-08,Mobile Safari,4,3,2023-12-14 07:00:00,2025-03-20 07:00:00,626.67,278.82,4,208.89,Loyal High Value
CUST_1458,Morgan Garcia,morgan.garcia1458@example.com,Singapore,Indonesia,2023-02-16,iOS App,5,4,2023-02-23 16:00:00,2023-08-25 02:00:00,1061.37,415.62,8,265.34,Loyal High Value
CUST_1916,Jamie Johnson,jamie.johnson1916@example.com,Bangkok,Indonesia,2023-08-25,iOS App,11,10,2023-09-02 21:00:00,2023-12-24 21:00:00,2498.51,1072.66,15,249.85,VIP Champion
CUST_1910,Taylor Martinez,taylor.martinez1910@example.com,Bandung,Southeast Asia,2023-05-19,Mobile Safari,5,5,2023-05-25 15:00:00,2023-07-17 12:00:00,1455.67,666.97,8,291.13,VIP Champion
CUST_1818,Morgan Miller,morgan.miller1818@example.com,Singapore,Indonesia,2023-05-24,Mobile Chrome,6,6,2023-05-27 22:00:00,2023-11-27 11:00:00,1923.85,712.44,14,320.64,VIP Champion
CUST_1274,Jordan Miller,jordan.miller1274@example.com,Bangkok,Indonesia,2024-03-25,Web Desktop,6,6,2024-03-30 16:00:00,2024-11-04 06:00:00,2828.24,1378.55,14,471.37,VIP Champion
CUST_1690,Avery Johnson,avery.johnson1690@example.com,Singapore,Indonesia,2023-09-12,Web Desktop,7,6,2023-09-14 08:00:00,2023-12-27 23:00:00,1797.52,643.95,13,299.59,VIP Champion
CUST_1806,Sam Jones,sam.jones1806@example.com,Semarang,Southeast Asia,2023-02-20,Mobile Safari,6,6,2023-03-21 01:00:00,2023-07-01 16:00:00,2370.30,977.75,15,395.05,VIP Champion
CUST_1091,Morgan Martinez,morgan.martinez1091@example.com,Jakarta,Indonesia,2023-12-23,Web Desktop,5,5,2024-01-24 11:00:00,2024-05-10 03:00:00,1391.69,627.72,8,278.34,VIP Champion
CUST_2105,Alex Johnson,alex.johnson2105@example.com,Singapore,Indonesia,2024-02-11,Android App,9,8,2024-02-18 18:00:00,2024-06-23 16:00:00,2462.63,995.27,16,307.83,VIP Champion
CUST_1933,Morgan Garcia,morgan.garcia1933@example.com,Medan,Indonesia,2023-06-29,iOS App,5,5,2023-07-11 00:00:00,2023-10-17 10:00:00,1149.17,447.59,11,229.83,VIP Champion
CUST_2099,Pat Garcia,pat.garcia2099@example.com,Singapore,Southeast Asia,2023-09-08,iOS App,12,12,2023-09-17 14:00:00,2024-08-04 22:00:00,3773.03,1634.26,24,314.42,VIP Champion
CUST_1217,Casey Miller,casey.miller1217@example.com,Singapore,Indonesia,2023-07-20,Mobile Safari,9,9,2023-08-08 21:00:00,2024-02-20 10:00:00,3145.16,1428.18,16,349.46,VIP Champion
CUST_1731,Alex Rodriguez,alex.rodriguez1731@example.com,Surabaya,Indonesia,2023-02-10,Mobile Chrome,7,7,2023-02-21 04:00:00,2023-10-07 00:00:00,2037.08,763.49,18,291.01,VIP Champion
CUST_1113,Taylor Williams,taylor.williams1113@example.com,Jakarta,Indonesia,2023-01-20,iOS App,7,6,2023-01-20 05:00:00,2024-01-29 09:00:00,1990.27,903.88,10,331.71,VIP Champion
CUST_1260,Avery Williams,avery.williams1260@example.com,Surabaya,Indonesia,2023-06-27,Web Desktop,4,4,2023-07-19 11:00:00,2023-10-06 04:00:00,1286.31,495.26,9,321.58,Loyal High Value
CUST_1726,Morgan Miller,morgan.miller1726@example.com,Jakarta,Indonesia,2023-11-01,iOS App,8,8,2023-11-24 23:00:00,2024-09-01 17:00:00,2334.46,916.97,14,291.81,VIP Champion
CUST_1685,Jamie Garcia,jamie.garcia1685@example.com,Kuala Lumpur,Indonesia,2024-05-13,iOS App,14,13,2024-05-15 18:00:00,2025-04-02 04:00:00,3218.46,1296.75,21,247.57,VIP Champion
CUST_1588,Dakota Johnson,dakota.johnson1588@example.com,Bandung,Indonesia,2023-04-02,Mobile Safari,4,3,2023-04-21 05:00:00,2023-10-27 18:00:00,737.96,282.05,7,245.99,Loyal High Value
CUST_1580,Sam Brown,sam.brown1580@example.com,Bandung,Indonesia,2024-01-09,Web Desktop,7,7,2024-01-09 13:00:00,2024-04-12 14:00:00,1629.12,764.78,10,232.73,VIP Champion
CUST_2010,Jamie Garcia,jamie.garcia2010@example.com,Surabaya,Indonesia,2024-02-25,Web Desktop,6,6,2024-03-09 11:00:00,2024-11-24 12:00:00,1631.09,726.89,15,271.85,VIP Champion
CUST_1885,Pat Martinez,pat.martinez1885@example.com,Bandung,Indonesia,2023-07-24,Mobile Chrome,7,7,2023-08-01 08:00:00,2024-01-10 18:00:00,2720.47,1169.59,18,388.64,VIP Champion
CUST_1290,Dakota Davis,dakota.davis1290@example.com,Singapore,Indonesia,2023-03-01,Mobile Chrome,4,4,2023-03-05 00:00:00,2023-10-21 05:00:00,3300.57,1380.43,17,825.14,Loyal High Value
CUST_1943,Jamie Smith,jamie.smith1943@example.com,Bandung,Southeast Asia,2023-08-13,iOS App,6,5,2023-08-14 12:00:00,2024-01-03 15:00:00,1036.78,454.55,6,207.36,VIP Champion
CUST_1428,Avery Jones,avery.jones1428@example.com,Medan,Indonesia,2023-06-13,Android App,6,6,2023-06-22 17:00:00,2023-09-27 18:00:00,2364.42,1058.23,13,394.07,VIP Champion
CUST_1282,Pat Smith,pat.smith1282@example.com,Kuala Lumpur,Indonesia,2023-05-14,Web Desktop,8,6,2023-05-17 09:00:00,2023-11-19 06:00:00,1441.44,570.12,10,240.24,VIP Champion
CUST_1358,Taylor Davis,taylor.davis1358@example.com,Surabaya,Indonesia,2023-05-24,Android App,14,13,2023-05-27 21:00:00,2024-04-07 04:00:00,5068.90,1968.68,32,389.92,VIP Champion
CUST_1019,Riley Williams,riley.williams1019@example.com,Jakarta,Indonesia,2024-02-23,Android App,7,7,2024-03-03 14:00:00,2024-06-02 14:00:00,3504.23,1483.72,22,500.6,VIP Champion
CUST_1888,Casey Smith,casey.smith1888@example.com,Singapore,Indonesia,2024-03-14,iOS App,3,2,2024-04-26 09:00:00,2024-09-19 07:00:00,1023.12,462.01,8,511.56,Loyal High Value
CUST_1375,Riley Jones,riley.jones1375@example.com,Medan,Indonesia,2023-12-19,iOS App,6,6,2024-01-06 22:00:00,2024-07-03 22:00:00,2450.81,1034.92,15,408.47,VIP Champion
CUST_1715,Sam Johnson,sam.johnson1715@example.com,Medan,Indonesia,2024-04-18,Web Desktop,6,6,2024-04-26 00:00:00,2024-10-03 08:00:00,1829.41,757.50,11,304.9,VIP Champion
CUST_1329,Alex Davis,alex.davis1329@example.com,Bangkok,Indonesia,2023-02-13,Mobile Safari,11,10,2023-03-07 00:00:00,2024-02-13 22:00:00,3264.28,1453.03,19,326.43,VIP Champion
CUST_1712,Chris Davis,chris.davis1712@example.com,Semarang,Indonesia,2024-02-08,Android App,3,3,2024-04-27 12:00:00,2024-09-17 04:00:00,860.13,390.03,6,286.71,Loyal High Value
CUST_1070,Jamie Jones,jamie.jones1070@example.com,Medan,Indonesia,2023-04-13,Mobile Safari,11,9,2023-04-13 21:00:00,2023-09-26 11:00:00,4140.36,1783.97,24,460.04,VIP Champion
CUST_1675,Jamie Miller,jamie.miller1675@example.com,Kuala Lumpur,Southeast Asia,2023-10-30,Mobile Chrome,5,4,2023-12-09 03:00:00,2024-07-23 03:00:00,1324.03,531.73,9,331.01,Loyal High Value
CUST_1484,Pat Jones,pat.jones1484@example.com,Surabaya,Indonesia,2023-01-20,Mobile Safari,2,2,2023-02-17 20:00:00,2023-03-23 23:00:00,989.15,336.60,4,494.58,Loyal High Value
CUST_1749,Jamie Davis,jamie.davis1749@example.com,Kuala Lumpur,Indonesia,2023-08-22,Mobile Chrome,3,3,2023-09-01 08:00:00,2023-09-17 00:00:00,672.80,239.85,4,224.27,Loyal High Value
CUST_2073,Morgan Williams,morgan.williams2073@example.com,Jakarta,Indonesia,2023-02-11,Mobile Chrome,5,4,2023-02-20 09:00:00,2023-11-03 11:00:00,471.12,170.31,7,117.78,Regular Customer
CUST_2150,Dakota Smith,dakota.smith2150@example.com,Surabaya,Indonesia,2023-02-24,Mobile Safari,4,4,2023-03-05 18:00:00,2023-05-14 15:00:00,1633.59,736.44,9,408.4,Loyal High Value
CUST_1745,Pat Williams,pat.williams1745@example.com,Singapore,Indonesia,2024-04-06,iOS App,4,3,2024-04-16 13:00:00,2024-12-18 14:00:00,2233.88,961.59,11,744.63,Loyal High Value
CUST_1545,Sam Davis,sam.davis1545@example.com,Bandung,Indonesia,2023-06-02,Mobile Chrome,2,2,2023-07-07 03:00:00,2023-08-12 23:00:00,253.94,96.00,2,126.97,Regular Customer
CUST_1960,Morgan Johnson,morgan.johnson1960@example.com,Bandung,Indonesia,2023-10-21,Mobile Chrome,1,1,2023-10-25 19:00:00,2023-10-25 19:00:00,710.99,330.12,4,710.99,Loyal High Value
CUST_1395,Morgan Johnson,morgan.johnson1395@example.com,Surabaya,Indonesia,2023-09-13,iOS App,9,9,2023-09-27 14:00:00,2024-03-25 23:00:00,3218.42,1417.39,18,357.6,VIP Champion
CUST_1832,Casey Miller,casey.miller1832@example.com,Semarang,Indonesia,2023-04-16,iOS App,5,5,2023-05-05 04:00:00,2023-12-15 02:00:00,1228.40,563.72,10,245.68,VIP Champion
CUST_1834,Avery Miller,avery.miller1834@example.com,Semarang,Southeast Asia,2023-06-16,iOS App,10,10,2023-06-22 14:00:00,2024-02-21 08:00:00,2592.86,1045.45,16,259.29,VIP Champion
CUST_2041,Pat Smith,pat.smith2041@example.com,Jakarta,Indonesia,2024-02-09,Web Desktop,7,6,2024-02-28 17:00:00,2024-09-10 07:00:00,1629.52,656.68,10,271.59,VIP Champion
CUST_1677,Morgan Davis,morgan.davis1677@example.com,Bangkok,Indonesia,2023-02-10,Mobile Safari,5,3,2023-02-20 18:00:00,2023-09-16 01:00:00,969.06,466.14,5,323.02,Loyal High Value
CUST_1758,Alex Martinez,alex.martinez1758@example.com,Singapore,Indonesia,2024-05-13,Mobile Safari,7,6,2024-05-20 18:00:00,2024-09-08 22:00:00,3305.88,1471.40,20,550.98,VIP Champion
CUST_2031,Jordan Rodriguez,jordan.rodriguez2031@example.com,Bandung,Indonesia,2024-03-14,Mobile Chrome,2,2,2024-05-14 04:00:00,2024-05-20 10:00:00,194.97,83.95,3,97.49,Regular Customer
CUST_1250,Sam Smith,sam.smith1250@example.com,Jakarta,Indonesia,2024-04-22,Android App,9,7,2024-04-26 08:00:00,2024-10-29 02:00:00,3605.86,1459.33,21,515.12,VIP Champion
CUST_1969,Riley Miller,riley.miller1969@example.com,Medan,Indonesia,2023-05-09,Web Desktop,6,5,2023-06-04 17:00:00,2024-02-03 02:00:00,2613.90,1074.44,16,522.78,VIP Champion
CUST_1056,Morgan Williams,morgan.williams1056@example.com,Jakarta,Indonesia,2023-07-11,Mobile Safari,8,8,2023-08-06 08:00:00,2024-02-10 03:00:00,2027.65,821.55,14,253.46,VIP Champion
CUST_1692,Dakota Jones,dakota.jones1692@example.com,Singapore,Indonesia,2023-12-23,iOS App,10,10,2024-01-02 02:00:00,2024-08-27 16:00:00,5415.26,2381.47,29,541.53,VIP Champion
CUST_2163,Jamie Brown,jamie.brown2163@example.com,Singapore,Indonesia,2023-05-03,Web Desktop,7,7,2023-05-18 19:00:00,2023-12-24 13:00:00,2140.03,924.53,11,305.72,VIP Champion
CUST_2178,Jordan Miller,jordan.miller2178@example.com,Bangkok,Indonesia,2023-01-20,iOS App,5,5,2023-02-02 16:00:00,2024-01-05 05:00:00,3040.82,1317.80,19,608.16,VIP Champion
CUST_1743,Avery Rodriguez,avery.rodriguez1743@example.com,Medan,Indonesia,2023-07-24,Mobile Chrome,6,5,2023-07-24 06:00:00,2024-05-17 12:00:00,1439.05,569.81,8,287.81,VIP Champion
CUST_2005,Riley Davis,riley.davis2005@example.com,Bandung,Indonesia,2023-03-27,Mobile Chrome,4,4,2023-04-18 01:00:00,2023-10-14 12:00:00,1333.89,551.71,8,333.47,Loyal High Value
CUST_1988,Chris Rodriguez,chris.rodriguez1988@example.com,Semarang,Indonesia,2023-08-03,Mobile Safari,5,5,2023-08-17 03:00:00,2023-11-21 20:00:00,1114.58,506.59,8,222.92,VIP Champion
CUST_1528,Pat Davis,pat.davis1528@example.com,Singapore,Indonesia,2023-11-28,iOS App,6,4,2024-01-01 14:00:00,2025-03-28 22:00:00,1028.95,369.00,6,257.24,Loyal High Value
CUST_2066,Jordan Brown,jordan.brown2066@example.com,Kuala Lumpur,Indonesia,2023-08-24,Android App,9,9,2023-09-08 03:00:00,2024-10-27 15:00:00,3942.66,1646.60,24,438.07,VIP Champion
CUST_2147,Casey Martinez,casey.martinez2147@example.com,Singapore,Southeast Asia,2023-06-03,Android App,9,7,2023-06-12 00:00:00,2023-10-16 22:00:00,2328.57,898.68,19,332.65,VIP Champion
CUST_1689,Chris Jones,chris.jones1689@example.com,Jakarta,Indonesia,2024-03-31,Android App,6,4,2024-04-11 18:00:00,2025-03-19 21:00:00,2441.50,1023.82,14,610.38,Loyal High Value
CUST_1540,Dakota Garcia,dakota.garcia1540@example.com,Jakarta,Indonesia,2024-01-17,Mobile Chrome,8,7,2024-02-15 21:00:00,2024-07-24 15:00:00,2176.23,852.52,14,310.89,VIP Champion
CUST_1739,Jamie Smith,jamie.smith1739@example.com,Semarang,Indonesia,2023-07-01,Web Desktop,7,7,2023-07-15 05:00:00,2023-11-12 14:00:00,2765.99,1194.25,16,395.14,VIP Champion
CUST_1900,Jordan Smith,jordan.smith1900@example.com,Bangkok,Indonesia,2023-12-21,Android App,9,9,2023-12-22 17:00:00,2024-05-25 23:00:00,3234.16,1238.31,21,359.35,VIP Champion
CUST_1368,Alex Miller,alex.miller1368@example.com,Semarang,Indonesia,2023-08-30,Web Desktop,5,5,2023-08-30 02:00:00,2024-04-22 23:00:00,2873.59,1111.05,16,574.72,VIP Champion
CUST_1753,Taylor Miller,taylor.miller1753@example.com,Jakarta,Southeast Asia,2023-05-30,Android App,11,11,2023-06-06 01:00:00,2024-11-03 15:00:00,4838.65,2039.61,26,439.88,VIP Champion
CUST_1680,Jordan Davis,jordan.davis1680@example.com,Surabaya,Indonesia,2023-01-24,Android App,10,9,2023-02-04 05:00:00,2023-06-09 03:00:00,2887.81,1180.75,17,320.87,VIP Champion
CUST_1640,Chris Brown,chris.brown1640@example.com,Bandung,Indonesia,2023-04-14,Mobile Chrome,9,9,2023-04-16 17:00:00,2024-05-23 22:00:00,3451.84,1477.16,19,383.54,VIP Champion
CUST_1557,Pat Rodriguez,pat.rodriguez1557@example.com,Singapore,Indonesia,2024-03-12,Mobile Safari,5,5,2024-03-21 07:00:00,2024-09-01 05:00:00,1969.58,973.24,9,393.92,VIP Champion
CUST_1549,Taylor Rodriguez,taylor.rodriguez1549@example.com,Surabaya,Indonesia,2024-02-27,iOS App,7,7,2024-03-04 23:00:00,2024-10-05 04:00:00,2216.84,753.13,13,316.69,VIP Champion
CUST_2131,Dakota Miller,dakota.miller2131@example.com,Jakarta,Indonesia,2023-04-15,Mobile Safari,10,10,2023-05-14 17:00:00,2023-11-17 01:00:00,2656.05,1187.54,21,265.61,VIP Champion
CUST_1374,Avery Garcia,avery.garcia1374@example.com,Bangkok,Indonesia,2023-02-11,Mobile Safari,9,9,2023-02-13 13:00:00,2023-09-15 14:00:00,2832.38,1185.20,15,314.71,VIP Champion
CUST_2082,Pat Rodriguez,pat.rodriguez2082@example.com,Bandung,Indonesia,2023-05-03,iOS App,10,9,2023-05-07 17:00:00,2023-11-08 01:00:00,2302.85,934.04,17,255.87,VIP Champion
CUST_2008,Alex Jones,alex.jones2008@example.com,Surabaya,Indonesia,2023-09-28,Mobile Chrome,8,7,2023-10-02 01:00:00,2024-01-30 16:00:00,2513.79,1003.52,13,359.11,VIP Champion
CUST_1781,Pat Martinez,pat.martinez1781@example.com,Jakarta,Indonesia,2024-05-14,Web Desktop,9,9,2024-05-17 07:00:00,2025-04-14 00:00:00,4091.69,1598.76,24,454.63,VIP Champion
CUST_1653,Dakota Smith,dakota.smith1653@example.com,Bangkok,Southeast Asia,2023-07-28,Android App,6,6,2023-07-30 11:00:00,2024-08-02 17:00:00,1154.83,462.07,10,192.47,VIP Champion
CUST_1050,Jordan Garcia,jordan.garcia1050@example.com,Bangkok,Southeast Asia,2023-06-12,Mobile Safari,6,6,2023-06-13 03:00:00,2025-01-04 11:00:00,1660.17,714.96,10,276.7,VIP Champion
CUST_1078,Sam Garcia,sam.garcia1078@example.com,Semarang,Indonesia,2023-07-04,Mobile Chrome,10,10,2023-07-30 16:00:00,2024-02-14 21:00:00,3529.51,1393.40,22,352.95,VIP Champion
CUST_1857,Alex Davis,alex.davis1857@example.com,Singapore,Indonesia,2023-02-11,Web Desktop,5,4,2023-02-17 02:00:00,2023-08-04 12:00:00,1014.00,420.85,7,253.5,Loyal High Value
CUST_1272,Dakota Martinez,dakota.martinez1272@example.com,Bandung,Southeast Asia,2023-09-06,Android App,8,6,2023-09-07 11:00:00,2024-01-01 08:00:00,1914.08,741.88,14,319.01,VIP Champion
CUST_1352,Jordan Jones,jordan.jones1352@example.com,Medan,Indonesia,2024-04-07,Web Desktop,5,4,2024-04-14 15:00:00,2024-09-05 12:00:00,2295.80,940.32,12,573.95,Loyal High Value
CUST_1016,Riley Martinez,riley.martinez1016@example.com,Medan,Indonesia,2023-08-05,Mobile Chrome,12,11,2023-08-17 08:00:00,2024-09-11 14:00:00,4243.16,1667.46,23,385.74,VIP Champion
CUST_1542,Pat Miller,pat.miller1542@example.com,Kuala Lumpur,Indonesia,2023-02-10,Web Desktop,5,4,2023-02-15 00:00:00,2023-07-05 09:00:00,820.54,348.83,6,205.14,Loyal High Value
CUST_2011,Avery Brown,avery.brown2011@example.com,Surabaya,Indonesia,2024-01-14,Android App,5,3,2024-03-04 00:00:00,2024-05-25 06:00:00,647.89,266.41,5,215.96,Loyal High Value
CUST_1661,Chris Garcia,chris.garcia1661@example.com,Jakarta,Indonesia,2023-02-13,Mobile Safari,3,3,2023-03-06 02:00:00,2023-10-12 09:00:00,944.69,347.19,4,314.9,Loyal High Value
CUST_1584,Chris Smith,chris.smith1584@example.com,Bandung,Indonesia,2024-01-06,Mobile Safari,9,7,2024-01-07 04:00:00,2024-07-27 17:00:00,2865.24,1100.45,16,409.32,VIP Champion
CUST_2029,Sam Rodriguez,sam.rodriguez2029@example.com,Singapore,Indonesia,2023-05-28,Android App,7,5,2023-06-02 05:00:00,2023-10-04 07:00:00,2197.27,917.85,13,439.45,VIP Champion
CUST_1801,Alex Brown,alex.brown1801@example.com,Kuala Lumpur,Indonesia,2024-02-20,Web Desktop,9,9,2024-03-16 18:00:00,2024-09-07 11:00:00,2914.05,1343.27,18,323.78,VIP Champion
CUST_1993,Chris Brown,chris.brown1993@example.com,Bangkok,Indonesia,2024-02-26,Android App,4,4,2024-02-27 19:00:00,2024-05-04 03:00:00,875.48,363.71,6,218.87,Loyal High Value
CUST_2120,Morgan Martinez,morgan.martinez2120@example.com,Bandung,Indonesia,2023-07-11,Web Desktop,4,3,2023-07-28 22:00:00,2024-01-23 19:00:00,665.93,308.85,5,221.98,Loyal High Value
CUST_2169,Riley Williams,riley.williams2169@example.com,Singapore,Indonesia,2023-04-29,Android App,9,9,2023-05-02 23:00:00,2023-10-07 12:00:00,5280.93,2252.82,27,586.77,VIP Champion
CUST_2164,Riley Miller,riley.miller2164@example.com,Bangkok,Indonesia,2024-04-24,Mobile Safari,6,5,2024-04-29 18:00:00,2024-11-17 19:00:00,914.34,369.38,9,182.87,Loyal High Value
CUST_1918,Casey Williams,casey.williams1918@example.com,Bangkok,Indonesia,2023-04-26,Web Desktop,4,4,2023-05-16 12:00:00,2023-08-02 04:00:00,1033.95,385.83,9,258.49,Loyal High Value
CUST_1791,Pat Garcia,pat.garcia1791@example.com,Kuala Lumpur,Indonesia,2023-03-15,Mobile Safari,5,4,2023-04-03 07:00:00,2023-11-29 06:00:00,1860.68,842.59,10,465.17,Loyal High Value
CUST_1391,Chris Garcia,chris.garcia1391@example.com,Semarang,Indonesia,2023-11-12,Mobile Safari,6,5,2023-11-27 23:00:00,2024-05-03 19:00:00,1641.11,588.98,9,328.22,VIP Champion
CUST_2074,Pat Martinez,pat.martinez2074@example.com,Medan,Indonesia,2023-02-03,Android App,7,7,2023-02-07 14:00:00,2023-10-04 19:00:00,3523.03,1541.68,21,503.29,VIP Champion
CUST_1920,Jordan Rodriguez,jordan.rodriguez1920@example.com,Surabaya,Indonesia,2023-10-25,Web Desktop,3,3,2023-10-30 08:00:00,2023-12-31 03:00:00,1505.48,614.55,9,501.83,Loyal High Value
CUST_1637,Casey Smith,casey.smith1637@example.com,Surabaya,Indonesia,2023-02-24,iOS App,11,11,2023-03-09 15:00:00,2024-05-11 07:00:00,5236.83,2207.17,34,476.08,VIP Champion
CUST_1227,Pat Davis,pat.davis1227@example.com,Singapore,Indonesia,2023-08-15,Mobile Chrome,5,5,2023-08-25 19:00:00,2024-10-26 20:00:00,1260.19,591.54,8,252.04,VIP Champion
CUST_1951,Jordan Rodriguez,jordan.rodriguez1951@example.com,Surabaya,Indonesia,2023-12-02,iOS App,3,3,2023-12-16 20:00:00,2024-05-07 05:00:00,708.77,313.89,5,236.26,Loyal High Value
CUST_1975,Taylor Garcia,taylor.garcia1975@example.com,Singapore,Indonesia,2023-10-02,Web Desktop,4,3,2023-10-14 00:00:00,2024-02-20 13:00:00,321.96,162.63,3,107.32,Regular Customer
CUST_2103,Avery Davis,avery.davis2103@example.com,Jakarta,Indonesia,2023-02-25,Android App,3,3,2023-03-07 22:00:00,2023-09-09 18:00:00,606.73,217.18,4,202.24,Loyal High Value
CUST_1189,Chris Miller,chris.miller1189@example.com,Singapore,Indonesia,2023-09-14,Android App,9,8,2023-10-26 10:00:00,2024-08-09 17:00:00,1874.46,694.84,11,234.31,VIP Champion
CUST_1030,Dakota Rodriguez,dakota.rodriguez1030@example.com,Semarang,Southeast Asia,2023-04-26,Web Desktop,4,4,2023-06-21 23:00:00,2023-12-28 11:00:00,2265.02,1126.47,12,566.26,Loyal High Value
CUST_1197,Chris Martinez,chris.martinez1197@example.com,Surabaya,Indonesia,2023-06-05,iOS App,4,3,2023-06-24 10:00:00,2023-09-05 09:00:00,1467.78,566.79,11,489.26,Loyal High Value
CUST_1048,Riley Brown,riley.brown1048@example.com,Jakarta,Indonesia,2023-03-16,Mobile Safari,2,2,2023-03-29 17:00:00,2023-05-27 05:00:00,645.64,215.34,5,322.82,Loyal High Value
CUST_1776,Dakota Martinez,dakota.martinez1776@example.com,Bandung,Indonesia,2023-08-09,Web Desktop,2,2,2023-08-28 19:00:00,2024-05-14 13:00:00,1217.35,448.71,11,608.67,Loyal High Value
CUST_2079,Morgan Garcia,morgan.garcia2079@example.com,Kuala Lumpur,Indonesia,2023-02-28,iOS App,7,6,2023-03-13 21:00:00,2023-11-28 21:00:00,1720.24,787.18,11,286.71,VIP Champion
CUST_2134,Taylor Davis,taylor.davis2134@example.com,Jakarta,Indonesia,2023-07-27,Web Desktop,3,3,2023-08-05 01:00:00,2023-09-19 09:00:00,1422.43,578.58,8,474.14,Loyal High Value
CUST_2171,Avery Martinez,avery.martinez2171@example.com,Jakarta,Indonesia,2024-02-05,Web Desktop,3,3,2024-04-14 08:00:00,2024-10-28 11:00:00,534.80,224.80,4,178.27,Loyal High Value
