customer_id,first_name,last_name,email,city,state,country,segment,registration_date
1,Alexander,Martin,alexander.martin1@example.com,San Diego,CA,United States,Consumer,2024-12-01
2,Henry,Hernandez,henry.hernandez2@example.com,San Diego,CA,United States,Consumer,2024-01-08
3,Michael,Johnson,michael.johnson3@example.com,San Diego,CA,United States,Enterprise,2024-05-06
4,Emma,Smith,emma.smith4@example.com,San Jose,CA,United States,Consumer,2023-01-22
5,Lucas,Martinez,lucas.martinez5@example.com,Chicago,IL,United States,Enterprise,2024-07-20
6,Michael,Jones,michael.jones6@example.com,Chicago,IL,United States,Consumer,2024-10-08
7,Alexander,Moore,alexander.moore7@example.com,Houston,TX,United States,Enterprise,2024-08-23
8,Harper,Rodriguez,harper.rodriguez8@example.com,San Jose,CA,United States,Consumer,2024-07-18
9,Gabriel,Miller,gabriel.miller9@example.com,San Diego,CA,United States,SMB,2023-02-04
10,Sophia,Moore,sophia.moore10@example.com,San Diego,CA,United States,Consumer,2024-01-23
11,Olivia,Martinez,olivia.martinez11@example.com,Houston,TX,United States,Enterprise,2024-04-21
12,Emily,Johnson,emily.johnson12@example.com,San Jose,CA,United States,SMB,2023-09-27
13,Gabriel,Davis,gabriel.davis13@example.com,San Antonio,TX,United States,Consumer,2023-09-09
14,Isabella,Thomas,isabella.thomas14@example.com,Los Angeles,CA,United States,Consumer,2023-02-22
15,Joseph,Rodriguez,joseph.rodriguez15@example.com,New York,NY,United States,SMB,2024-06-04
16,Emily,Davis,emily.davis16@example.com,San Diego,CA,United States,SMB,2023-03-04
17,Lucas,Davis,lucas.davis17@example.com,Chicago,IL,United States,SMB,2024-02-23
18,Daniel,Martinez,daniel.martinez18@example.com,San Antonio,TX,United States,SMB,2023-02-10
19,William,Davis,william.davis19@example.com,Los Angeles,CA,United States,Consumer,2023-02-02
20,Daniel,Williams,daniel.williams20@example.com,San Diego,CA,United States,SMB,2024-12-26
21,James,Williams,james.williams21@example.com,Phoenix,AZ,United States,SMB,2024-04-06
22,Daniel,Wilson,daniel.wilson22@example.com,San Antonio,TX,United States,SMB,2024-01-28
23,Mia,Gonzalez,mia.gonzalez23@example.com,Chicago,IL,United States,SMB,2024-07-28
24,Lucas,Martin,lucas.martin24@example.com,Houston,TX,United States,Consumer,2024-04-29
25,Joseph,Anderson,joseph.anderson25@example.com,Houston,TX,United States,Consumer,2024-06-08
26,Henry,Johnson,henry.johnson26@example.com,San Jose,CA,United States,Consumer,2024-07-10
27,Olivia,Lopez,olivia.lopez27@example.com,Houston,TX,United States,Consumer,2023-11-27
28,Alexander,Smith,alexander.smith28@example.com,New York,NY,United States,Consumer,2024-01-12
29,Evelyn,Gonzalez,evelyn.gonzalez29@example.com,Dallas,TX,United States,Consumer,2023-09-16
30,Isabella,Rodriguez,isabella.rodriguez30@example.com,Phoenix,AZ,United States,Consumer,2023-08-13
31,Emily,Anderson,emily.anderson31@example.com,Philadelphia,PA,United States,Consumer,2024-11-02
32,William,Martin,william.martin32@example.com,New York,NY,United States,Consumer,2024-05-11
33,Emily,Miller,emily.miller33@example.com,Los Angeles,CA,United States,Consumer,2024-01-22
34,Lucas,Taylor,lucas.taylor34@example.com,New York,NY,United States,Consumer,2023-01-02
35,Daniel,Smith,daniel.smith35@example.com,New York,NY,United States,Consumer,2024-02-07
36,Emily,Garcia,emily.garcia36@example.com,San Antonio,TX,United States,SMB,2024-03-14
37,Lucas,Garcia,lucas.garcia37@example.com,San Diego,CA,United States,Consumer,2024-09-01
38,David,Thomas,david.thomas38@example.com,New York,NY,United States,Consumer,2023-07-20
39,Olivia,Thomas,olivia.thomas39@example.com,Chicago,IL,United States,Consumer,2024-10-21
40,Sophia,Jackson,sophia.jackson40@example.com,San Jose,CA,United States,Consumer,2024-05-25
41,Alexander,Martin,alexander.martin41@example.com,Dallas,TX,United States,Consumer,2024-10-01
42,Isabella,Smith,isabella.smith42@example.com,Dallas,TX,United States,Consumer,2024-04-17
43,Mia,Williams,mia.williams43@example.com,San Antonio,TX,United States,SMB,2023-05-24
44,Evelyn,Taylor,evelyn.taylor44@example.com,Los Angeles,CA,United States,Enterprise,2023-10-31
45,Daniel,Jones,daniel.jones45@example.com,San Antonio,TX,United States,Consumer,2023-01-09
46,Henry,Thomas,henry.thomas46@example.com,Chicago,IL,United States,SMB,2024-02-08
47,James,Martin,james.martin47@example.com,New York,NY,United States,SMB,2024-02-24
48,Evelyn,Williams,evelyn.williams48@example.com,Dallas,TX,United States,Enterprise,2023-04-09
49,Harper,Wilson,harper.wilson49@example.com,Los Angeles,CA,United States,Consumer,2024-12-06
50,Amelia,Rodriguez,amelia.rodriguez50@example.com,Houston,TX,United States,Consumer,2023-06-10
51,Charlotte,Thomas,charlotte.thomas51@example.com,Houston,TX,United States,Consumer,2024-05-18
52,Alexander,Williams,alexander.williams52@example.com,New York,NY,United States,Consumer,2024-10-01
53,Emily,Jackson,emily.jackson53@example.com,Philadelphia,PA,United States,Consumer,2024-01-10
54,Olivia,Garcia,olivia.garcia54@example.com,Chicago,IL,United States,SMB,2024-03-13
55,Emma,Smith,emma.smith55@example.com,New York,NY,United States,Consumer,2024-03-28
56,Amelia,Jackson,amelia.jackson56@example.com,Houston,TX,United States,SMB,2024-06-30
57,Lucas,Lopez,lucas.lopez57@example.com,Phoenix,AZ,United States,Consumer,2024-06-01
58,William,Jones,william.jones58@example.com,San Diego,CA,United States,Consumer,2023-12-15
59,Michael,Smith,michael.smith59@example.com,Houston,TX,United States,Consumer,2023-07-10
60,James,Williams,james.williams60@example.com,Los Angeles,CA,United States,Consumer,2024-07-19
61,Isabella,Wilson,isabella.wilson61@example.com,San Diego,CA,United States,Consumer,2024-09-17
62,Emma,Martinez,emma.martinez62@example.com,Los Angeles,CA,United States,Consumer,2023-04-14
63,David,Thomas,david.thomas63@example.com,San Antonio,TX,United States,Consumer,2024-04-21
64,Michael,Moore,michael.moore64@example.com,Dallas,TX,United States,SMB,2024-02-12
65,Alexander,Brown,alexander.brown65@example.com,Houston,TX,United States,Consumer,2023-11-17
66,Charlotte,Thomas,charlotte.thomas66@example.com,Chicago,IL,United States,Consumer,2024-04-15
67,Emma,Johnson,emma.johnson67@example.com,San Antonio,TX,United States,Consumer,2023-02-20
68,Lucas,Martin,lucas.martin68@example.com,San Jose,CA,United States,Consumer,2023-02-23
69,Daniel,Smith,daniel.smith69@example.com,San Diego,CA,United States,Consumer,2023-02-22
70,Emily,Jones,emily.jones70@example.com,San Antonio,TX,United States,SMB,2023-07-15
71,Evelyn,Anderson,evelyn.anderson71@example.com,Chicago,IL,United States,Enterprise,2024-10-17
72,Mia,Jackson,mia.jackson72@example.com,New York,NY,United States,Consumer,2023-04-30
73,Daniel,Rodriguez,daniel.rodriguez73@example.com,Phoenix,AZ,United States,Consumer,2024-10-02
74,James,Anderson,james.anderson74@example.com,Los Angeles,CA,United States,Consumer,2023-04-06
75,Amelia,Davis,amelia.davis75@example.com,Phoenix,AZ,United States,Consumer,2023-09-29
76,Daniel,Williams,daniel.williams76@example.com,San Jose,CA,United States,Consumer,2024-10-17
77,Charlotte,Jones,charlotte.jones77@example.com,New York,NY,United States,SMB,2023-04-04
78,Evelyn,Jones,evelyn.jones78@example.com,San Jose,CA,United States,Consumer,2024-04-18
79,Alexander,Brown,alexander.brown79@example.com,New York,NY,United States,Consumer,2023-09-11
80,Mia,Jones,mia.jones80@example.com,Houston,TX,United States,Consumer,2023-06-29
81,Henry,Smith,henry.smith81@example.com,San Diego,CA,United States,Consumer,2023-11-21
82,Amelia,Thomas,amelia.thomas82@example.com,San Antonio,TX,United States,Consumer,2023-09-15
83,Evelyn,Lopez,evelyn.lopez83@example.com,Los Angeles,CA,United States,Consumer,2024-11-05
84,James,Jackson,james.jackson84@example.com,Phoenix,AZ,United States,Consumer,2023-09-25
85,James,Davis,james.davis85@example.com,San Jose,CA,United States,Consumer,2023-02-12
86,Joseph,Lopez,joseph.lopez86@example.com,Los Angeles,CA,United States,Consumer,2023-09-10
87,Michael,Taylor,michael.taylor87@example.com,San Jose,CA,United States,SMB,2024-08-27
88,Emma,Jackson,emma.jackson88@example.com,Dallas,TX,United States,Consumer,2023-07-15
89,Harper,Gonzalez,harper.gonzalez89@example.com,San Diego,CA,United States,Consumer,2024-02-24
90,Sophia,Martinez,sophia.martinez90@example.com,Phoenix,AZ,United States,Consumer,2024-04-01
91,Michael,Taylor,michael.taylor91@example.com,Chicago,IL,United States,Consumer,2024-07-01
92,Alexander,Jones,alexander.jones92@example.com,New York,NY,United States,SMB,2024-11-25
93,Michael,Rodriguez,michael.rodriguez93@example.com,New York,NY,United States,Consumer,2023-03-03
94,Joseph,Jackson,joseph.jackson94@example.com,New York,NY,United States,Consumer,2024-09-03
95,William,Jackson,william.jackson95@example.com,Dallas,TX,United States,Enterprise,2024-03-30
96,Evelyn,Jackson,evelyn.jackson96@example.com,San Jose,CA,United States,Consumer,2024-01-02
97,Daniel,Williams,daniel.williams97@example.com,Dallas,TX,United States,SMB,2024-04-13
98,Amelia,Miller,amelia.miller98@example.com,Phoenix,AZ,United States,Enterprise,2023-02-11
99,Charlotte,Jones,charlotte.jones99@example.com,Chicago,IL,United States,Consumer,2023-08-03
100,David,Moore,david.moore100@example.com,Dallas,TX,United States,SMB,2023-03-15
101,Lucas,Garcia,lucas.garcia101@example.com,San Antonio,TX,United States,SMB,2023-06-23
102,Mia,Rodriguez,mia.rodriguez102@example.com,Los Angeles,CA,United States,Consumer,2024-09-25
103,Daniel,Garcia,daniel.garcia103@example.com,Chicago,IL,United States,Consumer,2024-10-09
104,James,Martin,james.martin104@example.com,New York,NY,United States,SMB,2024-05-25
105,Joseph,Brown,joseph.brown105@example.com,Houston,TX,United States,SMB,2023-03-11
106,Henry,Lopez,henry.lopez106@example.com,Philadelphia,PA,United States,Consumer,2023-06-16
107,Henry,Miller,henry.miller107@example.com,Chicago,IL,United States,Consumer,2023-06-22
108,Evelyn,Davis,evelyn.davis108@example.com,Dallas,TX,United States,Consumer,2023-01-01
109,Lucas,Smith,lucas.smith109@example.com,Philadelphia,PA,United States,Enterprise,2023-04-27
110,Emily,Gonzalez,emily.gonzalez110@example.com,Phoenix,AZ,United States,Consumer,2023-03-21
111,David,Jones,david.jones111@example.com,Houston,TX,United States,Consumer,2023-08-15
112,Harper,Anderson,harper.anderson112@example.com,Dallas,TX,United States,Consumer,2023-11-01
113,James,Williams,james.williams113@example.com,San Antonio,TX,United States,Enterprise,2023-01-12
114,Amelia,Davis,amelia.davis114@example.com,Philadelphia,PA,United States,Consumer,2024-02-12
115,Isabella,Brown,isabella.brown115@example.com,San Jose,CA,United States,Consumer,2024-10-09
116,Harper,Jones,harper.jones116@example.com,Dallas,TX,United States,Consumer,2024-12-04
117,Lucas,Rodriguez,lucas.rodriguez117@example.com,New York,NY,United States,Consumer,2024-12-24
118,Amelia,Gonzalez,amelia.gonzalez118@example.com,Chicago,IL,United States,Enterprise,2023-09-10
119,Henry,Jones,henry.jones119@example.com,Dallas,TX,United States,Consumer,2024-03-25
120,Harper,Gonzalez,harper.gonzalez120@example.com,Phoenix,AZ,United States,Consumer,2023-04-29
121,James,Moore,james.moore121@example.com,New York,NY,United States,Consumer,2023-10-09
122,Lucas,Gonzalez,lucas.gonzalez122@example.com,New York,NY,United States,Consumer,2024-09-01
123,James,Thomas,james.thomas123@example.com,San Antonio,TX,United States,Consumer,2024-06-01
124,Daniel,Jones,daniel.jones124@example.com,Philadelphia,PA,United States,Consumer,2024-03-12
125,Daniel,Martinez,daniel.martinez125@example.com,San Jose,CA,United States,Consumer,2023-03-24
126,Charlotte,Rodriguez,charlotte.rodriguez126@example.com,New York,NY,United States,Consumer,2023-02-20
127,Sophia,Smith,sophia.smith127@example.com,New York,NY,United States,Consumer,2024-05-02
128,Isabella,Miller,isabella.miller128@example.com,San Jose,CA,United States,Consumer,2023-09-07
129,Michael,Moore,michael.moore129@example.com,New York,NY,United States,Enterprise,2023-02-23
130,Lucas,Thomas,lucas.thomas130@example.com,San Antonio,TX,United States,SMB,2023-07-26
131,Charlotte,Johnson,charlotte.johnson131@example.com,Chicago,IL,United States,Consumer,2023-04-13
132,Emma,Garcia,emma.garcia132@example.com,Los Angeles,CA,United States,Consumer,2023-04-08
133,Gabriel,Jackson,gabriel.jackson133@example.com,Los Angeles,CA,United States,Consumer,2023-11-04
134,James,Anderson,james.anderson134@example.com,San Antonio,TX,United States,SMB,2023-04-16
135,Daniel,Brown,daniel.brown135@example.com,San Jose,CA,United States,SMB,2023-07-03
136,Lucas,Martin,lucas.martin136@example.com,San Diego,CA,United States,Enterprise,2023-03-10
137,Emma,Gonzalez,emma.gonzalez137@example.com,Chicago,IL,United States,Consumer,2023-04-21
138,Amelia,Hernandez,amelia.hernandez138@example.com,Philadelphia,PA,United States,Consumer,2024-06-03
139,Sophia,Williams,sophia.williams139@example.com,Chicago,IL,United States,Consumer,2024-10-28
140,Harper,Jackson,harper.jackson140@example.com,Chicago,IL,United States,Consumer,2023-01-05
141,Mia,Garcia,mia.garcia141@example.com,New York,NY,United States,Consumer,2024-10-06
142,Charlotte,Johnson,charlotte.johnson142@example.com,New York,NY,United States,Consumer,2023-03-19
143,William,Anderson,william.anderson143@example.com,Dallas,TX,United States,Consumer,2023-08-02
144,David,Thomas,david.thomas144@example.com,New York,NY,United States,SMB,2023-01-26
145,Isabella,Taylor,isabella.taylor145@example.com,Chicago,IL,United States,Enterprise,2023-09-10
146,Gabriel,Wilson,gabriel.wilson146@example.com,San Jose,CA,United States,Consumer,2023-01-28
147,Emma,Gonzalez,emma.gonzalez147@example.com,San Jose,CA,United States,Consumer,2024-06-09
148,Henry,Miller,henry.miller148@example.com,Chicago,IL,United States,SMB,2024-09-14
149,David,Anderson,david.anderson149@example.com,Los Angeles,CA,United States,Consumer,2024-05-20
150,Henry,Anderson,henry.anderson150@example.com,Dallas,TX,United States,Consumer,2024-09-22
151,Mia,Miller,mia.miller151@example.com,Dallas,TX,United States,Consumer,2023-09-30
152,Emily,Taylor,emily.taylor152@example.com,Houston,TX,United States,Consumer,2023-01-25
153,Michael,Rodriguez,michael.rodriguez153@example.com,Los Angeles,CA,United States,Consumer,2023-04-21
154,Emma,Anderson,emma.anderson154@example.com,San Diego,CA,United States,Consumer,2024-01-04
155,Mia,Rodriguez,mia.rodriguez155@example.com,Phoenix,AZ,United States,SMB,2024-06-01
156,Emma,Gonzalez,emma.gonzalez156@example.com,Philadelphia,PA,United States,Consumer,2024-01-12
157,Olivia,Garcia,olivia.garcia157@example.com,San Antonio,TX,United States,Consumer,2024-09-15
158,David,Rodriguez,david.rodriguez158@example.com,San Antonio,TX,United States,Consumer,2023-08-31
159,Daniel,Brown,daniel.brown159@example.com,San Diego,CA,United States,SMB,2023-08-11
160,Evelyn,Hernandez,evelyn.hernandez160@example.com,Houston,TX,United States,Enterprise,2024-10-07
161,Olivia,Jackson,olivia.jackson161@example.com,Dallas,TX,United States,Consumer,2023-07-13
162,Isabella,Jackson,isabella.jackson162@example.com,Phoenix,AZ,United States,Enterprise,2023-11-22
163,Sophia,Jackson,sophia.jackson163@example.com,Houston,TX,United States,SMB,2023-08-13
164,Emily,Anderson,emily.anderson164@example.com,New York,NY,United States,SMB,2023-03-31
165,Olivia,Jones,olivia.jones165@example.com,Houston,TX,United States,Consumer,2023-09-16
166,Harper,Martinez,harper.martinez166@example.com,Phoenix,AZ,United States,Enterprise,2024-10-11
167,Joseph,Davis,joseph.davis167@example.com,Los Angeles,CA,United States,Consumer,2024-08-18
168,Daniel,Rodriguez,daniel.rodriguez168@example.com,New York,NY,United States,Consumer,2024-07-03
169,Lucas,Jones,lucas.jones169@example.com,Los Angeles,CA,United States,Enterprise,2023-11-30
170,David,Rodriguez,david.rodriguez170@example.com,Los Angeles,CA,United States,Consumer,2024-08-10
171,James,Davis,james.davis171@example.com,Philadelphia,PA,United States,SMB,2024-07-25
172,Isabella,Hernandez,isabella.hernandez172@example.com,Dallas,TX,United States,Consumer,2023-08-17
173,Michael,Jones,michael.jones173@example.com,Phoenix,AZ,United States,Consumer,2024-01-14
174,Sophia,Gonzalez,sophia.gonzalez174@example.com,San Jose,CA,United States,Consumer,2023-03-30
175,Isabella,Miller,isabella.miller175@example.com,San Diego,CA,United States,SMB,2024-06-09
176,Olivia,Smith,olivia.smith176@example.com,San Antonio,TX,United States,Consumer,2024-07-28
177,Lucas,Smith,lucas.smith177@example.com,San Antonio,TX,United States,Consumer,2024-09-07
178,Alexander,Jackson,alexander.jackson178@example.com,Philadelphia,PA,United States,Consumer,2024-10-07
179,Henry,Davis,henry.davis179@example.com,San Jose,CA,United States,Consumer,2024-03-23
180,Gabriel,Smith,gabriel.smith180@example.com,Houston,TX,United States,SMB,2024-04-22
181,Sophia,Garcia,sophia.garcia181@example.com,Dallas,TX,United States,SMB,2023-04-07
182,James,Brown,james.brown182@example.com,Philadelphia,PA,United States,Consumer,2024-06-05
183,Mia,Smith,mia.smith183@example.com,Philadelphia,PA,United States,Consumer,2023-06-08
184,Joseph,Martin,joseph.martin184@example.com,San Diego,CA,United States,SMB,2023-01-15
185,Daniel,Anderson,daniel.anderson185@example.com,Houston,TX,United States,SMB,2024-11-15
186,Henry,Jackson,henry.jackson186@example.com,Houston,TX,United States,SMB,2023-10-19
187,Daniel,Martin,daniel.martin187@example.com,San Jose,CA,United States,Consumer,2024-07-03
188,Gabriel,Wilson,gabriel.wilson188@example.com,San Jose,CA,United States,Consumer,2023-05-21
189,Harper,Smith,harper.smith189@example.com,San Diego,CA,United States,Enterprise,2024-11-13
190,Sophia,Thomas,sophia.thomas190@example.com,Houston,TX,United States,Enterprise,2023-05-13
191,Isabella,Martinez,isabella.martinez191@example.com,New York,NY,United States,Consumer,2024-08-26
192,William,Jackson,william.jackson192@example.com,San Diego,CA,United States,Enterprise,2023-10-24
193,James,Wilson,james.wilson193@example.com,Phoenix,AZ,United States,Consumer,2024-02-09
194,Sophia,Smith,sophia.smith194@example.com,Philadelphia,PA,United States,Consumer,2024-07-20
195,Gabriel,Anderson,gabriel.anderson195@example.com,Dallas,TX,United States,Consumer,2023-11-05
196,Evelyn,Rodriguez,evelyn.rodriguez196@example.com,Chicago,IL,United States,Consumer,2024-07-28
197,David,Garcia,david.garcia197@example.com,Los Angeles,CA,United States,Consumer,2023-07-29
198,Lucas,Hernandez,lucas.hernandez198@example.com,Chicago,IL,United States,Consumer,2023-07-01
199,Alexander,Martin,alexander.martin199@example.com,Philadelphia,PA,United States,SMB,2024-05-15
200,Lucas,Hernandez,lucas.hernandez200@example.com,Philadelphia,PA,United States,Consumer,2024-10-27
201,Lucas,Miller,lucas.miller201@example.com,New York,NY,United States,Consumer,2023-03-25
202,Evelyn,Davis,evelyn.davis202@example.com,New York,NY,United States,Consumer,2023-11-23
203,Joseph,Jackson,joseph.jackson203@example.com,San Diego,CA,United States,Consumer,2024-12-23
204,Lucas,Gonzalez,lucas.gonzalez204@example.com,San Diego,CA,United States,Consumer,2023-01-19
205,Charlotte,Jackson,charlotte.jackson205@example.com,Los Angeles,CA,United States,Consumer,2023-07-13
206,Lucas,Moore,lucas.moore206@example.com,Philadelphia,PA,United States,Consumer,2024-10-05
207,Alexander,Williams,alexander.williams207@example.com,San Jose,CA,United States,SMB,2024-04-02
208,Emma,Smith,emma.smith208@example.com,San Antonio,TX,United States,Consumer,2023-02-24
209,Harper,Miller,harper.miller209@example.com,San Diego,CA,United States,Consumer,2023-11-09
210,Isabella,Anderson,isabella.anderson210@example.com,Phoenix,AZ,United States,SMB,2024-08-01
211,Gabriel,Davis,gabriel.davis211@example.com,Los Angeles,CA,United States,Enterprise,2023-04-06
212,Charlotte,Hernandez,charlotte.hernandez212@example.com,Houston,TX,United States,Consumer,2024-05-14
213,Charlotte,Thomas,charlotte.thomas213@example.com,Los Angeles,CA,United States,Consumer,2023-01-07
214,James,Jackson,james.jackson214@example.com,Chicago,IL,United States,Consumer,2024-07-01
215,Harper,Johnson,harper.johnson215@example.com,New York,NY,United States,Consumer,2024-12-09
216,Mia,Johnson,mia.johnson216@example.com,Chicago,IL,United States,Consumer,2024-04-15
217,Evelyn,Jones,evelyn.jones217@example.com,Phoenix,AZ,United States,Consumer,2023-09-13
218,Emma,Lopez,emma.lopez218@example.com,Chicago,IL,United States,Enterprise,2024-05-14
219,Emily,Taylor,emily.taylor219@example.com,San Jose,CA,United States,Consumer,2023-06-07
220,Charlotte,Taylor,charlotte.taylor220@example.com,Los Angeles,CA,United States,Consumer,2023-04-25
221,William,Davis,william.davis221@example.com,Los Angeles,CA,United States,Consumer,2023-08-25
222,William,Hernandez,william.hernandez222@example.com,Houston,TX,United States,Consumer,2024-10-27
223,Joseph,Johnson,joseph.johnson223@example.com,San Antonio,TX,United States,SMB,2023-03-16
224,Mia,Brown,mia.brown224@example.com,Dallas,TX,United States,Consumer,2023-02-03
225,Olivia,Lopez,olivia.lopez225@example.com,San Antonio,TX,United States,Consumer,2024-09-20
226,Olivia,Davis,olivia.davis226@example.com,Los Angeles,CA,United States,Consumer,2023-09-25
227,Alexander,Martinez,alexander.martinez227@example.com,New York,NY,United States,SMB,2024-04-20
228,Charlotte,Johnson,charlotte.johnson228@example.com,Philadelphia,PA,United States,Consumer,2023-12-29
229,Sophia,Jackson,sophia.jackson229@example.com,San Jose,CA,United States,Consumer,2023-01-29
230,Isabella,Hernandez,isabella.hernandez230@example.com,Houston,TX,United States,SMB,2023-04-23
231,Isabella,Williams,isabella.williams231@example.com,Philadelphia,PA,United States,Consumer,2023-04-08
232,Daniel,Smith,daniel.smith232@example.com,San Jose,CA,United States,Consumer,2024-07-01
233,Henry,Williams,henry.williams233@example.com,Houston,TX,United States,SMB,2024-05-05
234,Joseph,Hernandez,joseph.hernandez234@example.com,Los Angeles,CA,United States,SMB,2023-07-20
235,William,Rodriguez,william.rodriguez235@example.com,San Diego,CA,United States,Consumer,2023-01-17
236,David,Davis,david.davis236@example.com,San Jose,CA,United States,Consumer,2023-01-25
237,Michael,Moore,michael.moore237@example.com,Phoenix,AZ,United States,Consumer,2023-04-18
238,Olivia,Johnson,olivia.johnson238@example.com,Chicago,IL,United States,Consumer,2024-09-04
239,Lucas,Taylor,lucas.taylor239@example.com,San Jose,CA,United States,Consumer,2024-07-22
240,Gabriel,Lopez,gabriel.lopez240@example.com,San Diego,CA,United States,SMB,2023-12-05
241,Lucas,Jones,lucas.jones241@example.com,Philadelphia,PA,United States,Enterprise,2024-12-10
242,Harper,Lopez,harper.lopez242@example.com,San Jose,CA,United States,Enterprise,2024-05-03
243,Gabriel,Martinez,gabriel.martinez243@example.com,San Antonio,TX,United States,Consumer,2024-02-05
244,Alexander,Wilson,alexander.wilson244@example.com,Phoenix,AZ,United States,Consumer,2024-06-02
245,Amelia,Davis,amelia.davis245@example.com,Los Angeles,CA,United States,SMB,2024-12-27
246,Evelyn,Miller,evelyn.miller246@example.com,Chicago,IL,United States,Consumer,2024-02-06
247,Alexander,Taylor,alexander.taylor247@example.com,San Diego,CA,United States,Consumer,2024-09-11
248,Emma,Williams,emma.williams248@example.com,Phoenix,AZ,United States,Consumer,2023-06-20
249,Emily,Miller,emily.miller249@example.com,San Diego,CA,United States,Consumer,2024-05-11
250,Joseph,Moore,joseph.moore250@example.com,New York,NY,United States,Consumer,2023-01-16
251,Emily,Johnson,emily.johnson251@example.com,San Antonio,TX,United States,Enterprise,2023-06-19
252,Joseph,Gonzalez,joseph.gonzalez252@example.com,Los Angeles,CA,United States,Enterprise,2024-02-20
253,Alexander,Wilson,alexander.wilson253@example.com,Houston,TX,United States,SMB,2023-01-29
254,Emily,Thomas,emily.thomas254@example.com,San Diego,CA,United States,Consumer,2023-08-27
255,Alexander,Martin,alexander.martin255@example.com,Phoenix,AZ,United States,Consumer,2024-07-30
256,Michael,Gonzalez,michael.gonzalez256@example.com,San Diego,CA,United States,SMB,2024-10-31
257,Harper,Jones,harper.jones257@example.com,Dallas,TX,United States,Consumer,2024-03-07
258,Charlotte,Anderson,charlotte.anderson258@example.com,Dallas,TX,United States,Consumer,2024-02-03
259,Sophia,Lopez,sophia.lopez259@example.com,San Jose,CA,United States,Consumer,2023-03-02
260,Olivia,Miller,olivia.miller260@example.com,San Diego,CA,United States,Enterprise,2023-11-15
261,David,Gonzalez,david.gonzalez261@example.com,Los Angeles,CA,United States,SMB,2023-06-02
262,Sophia,Davis,sophia.davis262@example.com,Houston,TX,United States,Consumer,2024-07-28
263,Henry,Gonzalez,henry.gonzalez263@example.com,San Jose,CA,United States,Consumer,2023-04-17
264,William,Taylor,william.taylor264@example.com,San Jose,CA,United States,SMB,2023-09-16
265,Daniel,Jones,daniel.jones265@example.com,Philadelphia,PA,United States,Consumer,2023-02-16
266,William,Williams,william.williams266@example.com,Houston,TX,United States,Consumer,2024-07-26
267,Michael,Moore,michael.moore267@example.com,Los Angeles,CA,United States,Enterprise,2023-03-03
268,Michael,Williams,michael.williams268@example.com,Philadelphia,PA,United States,SMB,2023-04-30
269,William,Brown,william.brown269@example.com,Phoenix,AZ,United States,Consumer,2024-09-01
270,Michael,Rodriguez,michael.rodriguez270@example.com,Chicago,IL,United States,Consumer,2023-11-28
271,Gabriel,Davis,gabriel.davis271@example.com,Dallas,TX,United States,SMB,2023-09-18
272,Emma,Anderson,emma.anderson272@example.com,Philadelphia,PA,United States,Consumer,2023-11-24
273,Amelia,Moore,amelia.moore273@example.com,Philadelphia,PA,United States,Consumer,2023-02-06
274,Joseph,Jones,joseph.jones274@example.com,New York,NY,United States,Consumer,2023-04-24
275,Henry,Williams,henry.williams275@example.com,San Diego,CA,United States,Consumer,2023-02-09
276,Joseph,Gonzalez,joseph.gonzalez276@example.com,New York,NY,United States,Consumer,2023-09-19
277,Amelia,Davis,amelia.davis277@example.com,New York,NY,United States,SMB,2024-07-24
278,William,Gonzalez,william.gonzalez278@example.com,Dallas,TX,United States,Consumer,2024-11-23
279,Olivia,Miller,olivia.miller279@example.com,Phoenix,AZ,United States,SMB,2024-07-10
280,Henry,Martinez,henry.martinez280@example.com,San Jose,CA,United States,Consumer,2024-11-02
281,Alexander,Moore,alexander.moore281@example.com,Houston,TX,United States,SMB,2023-09-15
282,Emily,Miller,emily.miller282@example.com,Los Angeles,CA,United States,Consumer,2023-08-12
283,Lucas,Rodriguez,lucas.rodriguez283@example.com,New York,NY,United States,Consumer,2023-12-26
284,Joseph,Williams,joseph.williams284@example.com,Philadelphia,PA,United States,SMB,2024-04-11
285,Mia,Rodriguez,mia.rodriguez285@example.com,Los Angeles,CA,United States,Consumer,2024-02-16
286,Daniel,Brown,daniel.brown286@example.com,Houston,TX,United States,Consumer,2024-04-28
287,Lucas,Lopez,lucas.lopez287@example.com,Philadelphia,PA,United States,Consumer,2024-02-05
288,James,Moore,james.moore288@example.com,Los Angeles,CA,United States,Enterprise,2023-09-27
289,Emily,Brown,emily.brown289@example.com,Chicago,IL,United States,Consumer,2024-01-16
290,David,Smith,david.smith290@example.com,Philadelphia,PA,United States,SMB,2023-03-20
291,David,Johnson,david.johnson291@example.com,Los Angeles,CA,United States,Enterprise,2023-10-12
292,Michael,Gonzalez,michael.gonzalez292@example.com,Dallas,TX,United States,Consumer,2023-02-08
293,David,Martin,david.martin293@example.com,Los Angeles,CA,United States,Consumer,2024-11-17
294,David,Williams,david.williams294@example.com,New York,NY,United States,Consumer,2024-01-17
295,Gabriel,Thomas,gabriel.thomas295@example.com,Phoenix,AZ,United States,Consumer,2023-03-25
296,Daniel,Williams,daniel.williams296@example.com,New York,NY,United States,SMB,2024-07-23
297,Gabriel,Johnson,gabriel.johnson297@example.com,Chicago,IL,United States,Consumer,2024-06-07
298,Emily,Thomas,emily.thomas298@example.com,San Diego,CA,United States,Consumer,2023-03-01
299,Lucas,Davis,lucas.davis299@example.com,Los Angeles,CA,United States,Consumer,2023-07-18
300,Emily,Williams,emily.williams300@example.com,Houston,TX,United States,Consumer,2024-07-11
301,Charlotte,Miller,charlotte.miller301@example.com,New York,NY,United States,Consumer,2023-08-24
302,William,Garcia,william.garcia302@example.com,Dallas,TX,United States,Consumer,2024-12-26
303,Emma,Davis,emma.davis303@example.com,New York,NY,United States,Consumer,2023-03-13
304,Harper,Wilson,harper.wilson304@example.com,Philadelphia,PA,United States,Consumer,2024-06-27
305,James,Garcia,james.garcia305@example.com,Dallas,TX,United States,SMB,2024-01-27
306,Henry,Rodriguez,henry.rodriguez306@example.com,New York,NY,United States,Enterprise,2024-08-10
307,Gabriel,Thomas,gabriel.thomas307@example.com,Philadelphia,PA,United States,Consumer,2023-03-27
308,James,Martinez,james.martinez308@example.com,San Diego,CA,United States,Consumer,2023-08-30
309,Emma,Smith,emma.smith309@example.com,New York,NY,United States,Consumer,2024-08-11
310,Alexander,Johnson,alexander.johnson310@example.com,Philadelphia,PA,United States,Consumer,2023-03-31
311,Harper,Anderson,harper.anderson311@example.com,Los Angeles,CA,United States,Consumer,2023-04-16
312,Lucas,Davis,lucas.davis312@example.com,Chicago,IL,United States,Consumer,2024-09-26
313,Olivia,Rodriguez,olivia.rodriguez313@example.com,San Antonio,TX,United States,Consumer,2023-08-11
314,Harper,Lopez,harper.lopez314@example.com,San Diego,CA,United States,Consumer,2024-11-20
315,Evelyn,Anderson,evelyn.anderson315@example.com,San Antonio,TX,United States,SMB,2024-04-03
316,Sophia,Garcia,sophia.garcia316@example.com,San Jose,CA,United States,Consumer,2023-01-22
317,Michael,Rodriguez,michael.rodriguez317@example.com,San Jose,CA,United States,Consumer,2023-01-14
318,Emily,Lopez,emily.lopez318@example.com,Dallas,TX,United States,Consumer,2023-10-28
319,Henry,Wilson,henry.wilson319@example.com,Houston,TX,United States,Consumer,2024-11-15
320,Henry,Lopez,henry.lopez320@example.com,Los Angeles,CA,United States,Consumer,2024-12-23
321,William,Williams,william.williams321@example.com,San Jose,CA,United States,Consumer,2023-02-04
322,Gabriel,Smith,gabriel.smith322@example.com,San Antonio,TX,United States,Consumer,2023-11-28
323,Evelyn,Jones,evelyn.jones323@example.com,Houston,TX,United States,SMB,2023-12-30
324,Harper,Taylor,harper.taylor324@example.com,Chicago,IL,United States,Consumer,2024-08-30
325,Emma,Brown,emma.brown325@example.com,Los Angeles,CA,United States,SMB,2023-12-01
326,Olivia,Miller,olivia.miller326@example.com,San Jose,CA,United States,Consumer,2024-01-06
327,Emily,Williams,emily.williams327@example.com,Los Angeles,CA,United States,SMB,2024-07-05
328,James,Williams,james.williams328@example.com,San Jose,CA,United States,Consumer,2024-06-03
329,Mia,Lopez,mia.lopez329@example.com,Los Angeles,CA,United States,Consumer,2024-01-10
330,Olivia,Gonzalez,olivia.gonzalez330@example.com,Dallas,TX,United States,Consumer,2023-11-14
331,Gabriel,Wilson,gabriel.wilson331@example.com,San Diego,CA,United States,Consumer,2023-08-19
332,Emma,Miller,emma.miller332@example.com,Philadelphia,PA,United States,Consumer,2023-05-25
333,Emma,Williams,emma.williams333@example.com,Phoenix,AZ,United States,Consumer,2023-09-18
334,Isabella,Lopez,isabella.lopez334@example.com,San Diego,CA,United States,Enterprise,2024-11-06
335,Gabriel,Hernandez,gabriel.hernandez335@example.com,San Jose,CA,United States,Consumer,2024-12-07
336,Amelia,Martinez,amelia.martinez336@example.com,San Jose,CA,United States,Consumer,2023-12-27
337,Evelyn,Davis,evelyn.davis337@example.com,New York,NY,United States,Consumer,2023-11-09
338,Evelyn,Hernandez,evelyn.hernandez338@example.com,Phoenix,AZ,United States,Consumer,2024-11-17
339,Daniel,Taylor,daniel.taylor339@example.com,New York,NY,United States,SMB,2024-09-23
340,Gabriel,Anderson,gabriel.anderson340@example.com,Philadelphia,PA,United States,Consumer,2024-09-11
341,Evelyn,Moore,evelyn.moore341@example.com,Los Angeles,CA,United States,Consumer,2024-05-25
342,James,Williams,james.williams342@example.com,Philadelphia,PA,United States,Enterprise,2024-04-29
343,Daniel,Smith,daniel.smith343@example.com,New York,NY,United States,Consumer,2024-11-21
344,Mia,Martin,mia.martin344@example.com,Phoenix,AZ,United States,Enterprise,2023-08-30
345,David,Johnson,david.johnson345@example.com,Dallas,TX,United States,Enterprise,2023-11-02
346,Alexander,Anderson,alexander.anderson346@example.com,Los Angeles,CA,United States,Consumer,2024-03-03
347,Joseph,Martin,joseph.martin347@example.com,Los Angeles,CA,United States,Consumer,2024-01-10
348,James,Davis,james.davis348@example.com,Philadelphia,PA,United States,Enterprise,2024-05-31
349,Gabriel,Johnson,gabriel.johnson349@example.com,New York,NY,United States,Enterprise,2023-11-07
350,David,Martinez,david.martinez350@example.com,Los Angeles,CA,United States,SMB,2023-05-25
351,Gabriel,Davis,gabriel.davis351@example.com,New York,NY,United States,Consumer,2024-08-10
352,Charlotte,Brown,charlotte.brown352@example.com,New York,NY,United States,Consumer,2023-01-01
353,Amelia,Wilson,amelia.wilson353@example.com,Phoenix,AZ,United States,Consumer,2023-10-31
354,Emma,Moore,emma.moore354@example.com,Philadelphia,PA,United States,Enterprise,2024-07-28
355,William,Thomas,william.thomas355@example.com,Dallas,TX,United States,Consumer,2024-08-11
356,David,Brown,david.brown356@example.com,Los Angeles,CA,United States,SMB,2024-01-16
357,Sophia,Garcia,sophia.garcia357@example.com,Chicago,IL,United States,SMB,2024-03-29
358,Joseph,Rodriguez,joseph.rodriguez358@example.com,San Antonio,TX,United States,SMB,2023-12-31
359,Alexander,Anderson,alexander.anderson359@example.com,New York,NY,United States,Consumer,2023-03-17
360,Gabriel,Jackson,gabriel.jackson360@example.com,Dallas,TX,United States,Consumer,2024-02-21
361,Lucas,Williams,lucas.williams361@example.com,Philadelphia,PA,United States,Consumer,2023-09-24
362,Charlotte,Wilson,charlotte.wilson362@example.com,San Jose,CA,United States,Consumer,2023-01-03
363,Isabella,Thomas,isabella.thomas363@example.com,Los Angeles,CA,United States,SMB,2024-03-29
364,Emily,Jones,emily.jones364@example.com,Los Angeles,CA,United States,Consumer,2023-10-31
365,Emily,Brown,emily.brown365@example.com,San Antonio,TX,United States,SMB,2023-11-22
366,Emily,Hernandez,emily.hernandez366@example.com,Phoenix,AZ,United States,Consumer,2024-02-11
367,Amelia,Anderson,amelia.anderson367@example.com,Phoenix,AZ,United States,Enterprise,2023-05-04
368,Sophia,Hernandez,sophia.hernandez368@example.com,Chicago,IL,United States,Enterprise,2023-11-20
369,Henry,Johnson,henry.johnson369@example.com,Houston,TX,United States,Consumer,2024-01-08
370,Gabriel,Williams,gabriel.williams370@example.com,San Diego,CA,United States,Consumer,2023-05-24
371,Harper,Johnson,harper.johnson371@example.com,New York,NY,United States,Consumer,2024-08-11
372,David,Miller,david.miller372@example.com,San Jose,CA,United States,Consumer,2023-02-08
373,Alexander,Taylor,alexander.taylor373@example.com,San Jose,CA,United States,Consumer,2024-03-20
374,Sophia,Martin,sophia.martin374@example.com,Houston,TX,United States,Consumer,2024-01-20
375,Joseph,Martinez,joseph.martinez375@example.com,San Antonio,TX,United States,Consumer,2023-04-28
376,William,Rodriguez,william.rodriguez376@example.com,San Jose,CA,United States,Consumer,2024-01-13
377,Mia,Davis,mia.davis377@example.com,San Diego,CA,United States,Consumer,2024-12-20
378,Daniel,Brown,daniel.brown378@example.com,Los Angeles,CA,United States,SMB,2024-10-25
379,Alexander,Martinez,alexander.martinez379@example.com,Dallas,TX,United States,SMB,2023-05-26
380,Mia,Smith,mia.smith380@example.com,San Antonio,TX,United States,Consumer,2023-08-30
381,Lucas,Williams,lucas.williams381@example.com,Los Angeles,CA,United States,Consumer,2024-11-03
382,Lucas,Thomas,lucas.thomas382@example.com,Phoenix,AZ,United States,Consumer,2024-10-16
383,Alexander,Hernandez,alexander.hernandez383@example.com,San Jose,CA,United States,Consumer,2024-08-12
384,Emma,Williams,emma.williams384@example.com,San Antonio,TX,United States,Consumer,2024-08-19
385,Mia,Miller,mia.miller385@example.com,Dallas,TX,United States,Enterprise,2024-04-03
386,Charlotte,Jackson,charlotte.jackson386@example.com,Houston,TX,United States,Consumer,2023-08-06
387,Alexander,Gonzalez,alexander.gonzalez387@example.com,Houston,TX,United States,Consumer,2023-12-19
388,William,Davis,william.davis388@example.com,New York,NY,United States,Consumer,2023-03-11
389,Sophia,Gonzalez,sophia.gonzalez389@example.com,New York,NY,United States,Consumer,2024-10-03
390,Emily,Davis,emily.davis390@example.com,Philadelphia,PA,United States,Consumer,2024-12-12
391,Emily,Williams,emily.williams391@example.com,Philadelphia,PA,United States,Enterprise,2023-05-10
392,Emma,Garcia,emma.garcia392@example.com,New York,NY,United States,Consumer,2023-12-20
393,Evelyn,Davis,evelyn.davis393@example.com,Philadelphia,PA,United States,Enterprise,2024-03-17
394,Joseph,Anderson,joseph.anderson394@example.com,Dallas,TX,United States,Consumer,2023-11-07
395,Amelia,Lopez,amelia.lopez395@example.com,New York,NY,United States,Consumer,2024-02-04
396,Evelyn,Williams,evelyn.williams396@example.com,San Antonio,TX,United States,Enterprise,2023-12-14
397,Daniel,Martin,daniel.martin397@example.com,San Diego,CA,United States,Consumer,2023-09-05
398,Evelyn,Garcia,evelyn.garcia398@example.com,Philadelphia,PA,United States,SMB,2024-03-31
399,James,Thomas,james.thomas399@example.com,Philadelphia,PA,United States,SMB,2024-05-14
400,Charlotte,Brown,charlotte.brown400@example.com,New York,NY,United States,Consumer,2024-10-24
401,Emma,Rodriguez,emma.rodriguez401@example.com,Phoenix,AZ,United States,Consumer,2024-03-24
402,Evelyn,Brown,evelyn.brown402@example.com,Los Angeles,CA,United States,Consumer,2023-11-07
403,David,Anderson,david.anderson403@example.com,Philadelphia,PA,United States,SMB,2023-11-12
404,Mia,Lopez,mia.lopez404@example.com,New York,NY,United States,Consumer,2023-02-11
405,Joseph,Williams,joseph.williams405@example.com,San Diego,CA,United States,SMB,2024-10-31
406,Michael,Thomas,michael.thomas406@example.com,San Antonio,TX,United States,Consumer,2024-06-09
407,Michael,Johnson,michael.johnson407@example.com,Los Angeles,CA,United States,Enterprise,2024-04-10
408,Harper,Martinez,harper.martinez408@example.com,Dallas,TX,United States,SMB,2023-09-10
409,Sophia,Wilson,sophia.wilson409@example.com,New York,NY,United States,SMB,2023-04-20
410,Charlotte,Martin,charlotte.martin410@example.com,Chicago,IL,United States,Consumer,2024-04-27
411,Joseph,Johnson,joseph.johnson411@example.com,San Diego,CA,United States,Consumer,2024-06-20
412,Joseph,Lopez,joseph.lopez412@example.com,Houston,TX,United States,Consumer,2024-10-19
413,Olivia,Hernandez,olivia.hernandez413@example.com,Los Angeles,CA,United States,Consumer,2023-03-01
414,Henry,Jones,henry.jones414@example.com,Chicago,IL,United States,Consumer,2023-12-11
415,David,Moore,david.moore415@example.com,San Diego,CA,United States,Enterprise,2024-04-07
416,Henry,Rodriguez,henry.rodriguez416@example.com,Chicago,IL,United States,Consumer,2023-05-29
417,Charlotte,Jackson,charlotte.jackson417@example.com,San Antonio,TX,United States,Consumer,2023-03-21
418,James,Brown,james.brown418@example.com,Houston,TX,United States,Consumer,2024-09-06
419,Daniel,Miller,daniel.miller419@example.com,Houston,TX,United States,Consumer,2023-08-09
420,Olivia,Miller,olivia.miller420@example.com,Los Angeles,CA,United States,SMB,2023-03-04
421,Michael,Miller,michael.miller421@example.com,Philadelphia,PA,United States,Consumer,2024-06-09
422,Daniel,Johnson,daniel.johnson422@example.com,Phoenix,AZ,United States,SMB,2023-09-03
423,Mia,Miller,mia.miller423@example.com,Phoenix,AZ,United States,Consumer,2023-03-06
424,Harper,Gonzalez,harper.gonzalez424@example.com,Phoenix,AZ,United States,SMB,2024-11-23
425,Joseph,Brown,joseph.brown425@example.com,New York,NY,United States,Consumer,2024-05-11
426,Evelyn,Brown,evelyn.brown426@example.com,Los Angeles,CA,United States,Consumer,2024-07-17
427,Harper,Davis,harper.davis427@example.com,Chicago,IL,United States,SMB,2024-03-11
428,Mia,Martinez,mia.martinez428@example.com,New York,NY,United States,Consumer,2023-04-15
429,William,Rodriguez,william.rodriguez429@example.com,New York,NY,United States,Consumer,2023-05-10
430,James,Martinez,james.martinez430@example.com,Los Angeles,CA,United States,Consumer,2023-08-20
431,David,Johnson,david.johnson431@example.com,San Diego,CA,United States,Consumer,2024-12-26
432,Gabriel,Taylor,gabriel.taylor432@example.com,San Antonio,TX,United States,Consumer,2023-06-22
433,Emily,Smith,emily.smith433@example.com,San Antonio,TX,United States,Consumer,2023-04-11
434,Isabella,Hernandez,isabella.hernandez434@example.com,New York,NY,United States,SMB,2024-09-12
435,Michael,Taylor,michael.taylor435@example.com,Phoenix,AZ,United States,SMB,2023-05-28
436,Charlotte,Brown,charlotte.brown436@example.com,Houston,TX,United States,Enterprise,2024-02-03
437,Henry,Jackson,henry.jackson437@example.com,San Jose,CA,United States,Consumer,2023-09-18
438,Isabella,Martinez,isabella.martinez438@example.com,Philadelphia,PA,United States,Consumer,2024-09-14
439,Lucas,Davis,lucas.davis439@example.com,San Diego,CA,United States,Consumer,2023-11-25
440,Harper,Williams,harper.williams440@example.com,New York,NY,United States,Consumer,2024-01-17
441,William,Rodriguez,william.rodriguez441@example.com,Dallas,TX,United States,Consumer,2024-01-13
442,Harper,Martinez,harper.martinez442@example.com,Phoenix,AZ,United States,Consumer,2024-11-06
443,Isabella,Johnson,isabella.johnson443@example.com,Philadelphia,PA,United States,Enterprise,2024-11-23
444,Amelia,Johnson,amelia.johnson444@example.com,San Jose,CA,United States,Enterprise,2023-09-30
445,William,Davis,william.davis445@example.com,San Jose,CA,United States,Enterprise,2024-09-17
446,Evelyn,Lopez,evelyn.lopez446@example.com,Chicago,IL,United States,Consumer,2024-11-16
447,Michael,Miller,michael.miller447@example.com,New York,NY,United States,Consumer,2023-08-21
448,Joseph,Davis,joseph.davis448@example.com,San Diego,CA,United States,SMB,2023-08-26
449,Emily,Hernandez,emily.hernandez449@example.com,Philadelphia,PA,United States,Enterprise,2024-10-23
450,Joseph,Moore,joseph.moore450@example.com,Los Angeles,CA,United States,Consumer,2024-06-24
451,Evelyn,Moore,evelyn.moore451@example.com,Chicago,IL,United States,SMB,2024-02-11
452,Joseph,Hernandez,joseph.hernandez452@example.com,Phoenix,AZ,United States,SMB,2024-12-01
453,Michael,Jackson,michael.jackson453@example.com,San Antonio,TX,United States,Consumer,2024-02-17
454,Emily,Anderson,emily.anderson454@example.com,Dallas,TX,United States,Consumer,2023-05-08
455,Isabella,Martinez,isabella.martinez455@example.com,San Jose,CA,United States,SMB,2024-10-17
456,Emily,Jones,emily.jones456@example.com,Chicago,IL,United States,Consumer,2024-03-24
457,Michael,Martinez,michael.martinez457@example.com,Los Angeles,CA,United States,Consumer,2024-05-05
458,Charlotte,Miller,charlotte.miller458@example.com,Los Angeles,CA,United States,SMB,2023-04-22
459,Evelyn,Brown,evelyn.brown459@example.com,Philadelphia,PA,United States,SMB,2023-08-22
460,Emily,Taylor,emily.taylor460@example.com,Dallas,TX,United States,SMB,2024-02-22
461,Evelyn,Hernandez,evelyn.hernandez461@example.com,Chicago,IL,United States,SMB,2023-03-11
462,Daniel,Brown,daniel.brown462@example.com,Houston,TX,United States,SMB,2023-01-20
463,Michael,Jones,michael.jones463@example.com,Philadelphia,PA,United States,Consumer,2024-04-13
464,Alexander,Martinez,alexander.martinez464@example.com,Philadelphia,PA,United States,SMB,2023-07-07
465,Evelyn,Taylor,evelyn.taylor465@example.com,San Antonio,TX,United States,Consumer,2024-08-05
466,Charlotte,Williams,charlotte.williams466@example.com,San Diego,CA,United States,Consumer,2023-12-02
467,Evelyn,Brown,evelyn.brown467@example.com,San Diego,CA,United States,Consumer,2024-06-19
468,Harper,Jackson,harper.jackson468@example.com,Chicago,IL,United States,Consumer,2023-11-15
469,Joseph,Lopez,joseph.lopez469@example.com,San Jose,CA,United States,SMB,2023-04-27
470,Henry,Thomas,henry.thomas470@example.com,Houston,TX,United States,Consumer,2023-12-16
471,James,Moore,james.moore471@example.com,Houston,TX,United States,Consumer,2023-04-23
472,Gabriel,Hernandez,gabriel.hernandez472@example.com,Dallas,TX,United States,Consumer,2023-04-28
473,Lucas,Garcia,lucas.garcia473@example.com,Houston,TX,United States,SMB,2024-10-21
474,Gabriel,Garcia,gabriel.garcia474@example.com,San Antonio,TX,United States,Enterprise,2023-05-17
475,Daniel,Martin,daniel.martin475@example.com,San Jose,CA,United States,Consumer,2023-02-19
476,David,Taylor,david.taylor476@example.com,Philadelphia,PA,United States,Consumer,2024-12-10
477,Joseph,Jackson,joseph.jackson477@example.com,Phoenix,AZ,United States,SMB,2024-03-01
478,Henry,Jones,henry.jones478@example.com,Phoenix,AZ,United States,Consumer,2023-02-18
479,Daniel,Brown,daniel.brown479@example.com,Philadelphia,PA,United States,Consumer,2024-08-24
480,Alexander,Miller,alexander.miller480@example.com,Los Angeles,CA,United States,SMB,2024-10-02
481,Sophia,Garcia,sophia.garcia481@example.com,Dallas,TX,United States,Consumer,2023-07-01
482,Emily,Martin,emily.martin482@example.com,San Diego,CA,United States,Consumer,2024-07-01
483,Emily,Martinez,emily.martinez483@example.com,Philadelphia,PA,United States,Consumer,2023-08-08
484,Charlotte,Martinez,charlotte.martinez484@example.com,Philadelphia,PA,United States,SMB,2024-09-09
485,Olivia,Lopez,olivia.lopez485@example.com,Dallas,TX,United States,Consumer,2023-08-16
486,Evelyn,Moore,evelyn.moore486@example.com,San Jose,CA,United States,Consumer,2024-03-16
487,Harper,Smith,harper.smith487@example.com,San Antonio,TX,United States,SMB,2023-03-11
488,Harper,Hernandez,harper.hernandez488@example.com,Houston,TX,United States,Consumer,2024-04-16
489,Alexander,Martinez,alexander.martinez489@example.com,San Jose,CA,United States,SMB,2024-05-06
490,Charlotte,Jones,charlotte.jones490@example.com,San Jose,CA,United States,Consumer,2023-01-21
491,Michael,Jones,michael.jones491@example.com,San Diego,CA,United States,Consumer,2023-11-01
492,Emily,Rodriguez,emily.rodriguez492@example.com,New York,NY,United States,SMB,2023-06-27
493,Mia,Miller,mia.miller493@example.com,Philadelphia,PA,United States,Consumer,2023-10-16
494,Emma,Hernandez,emma.hernandez494@example.com,Dallas,TX,United States,SMB,2024-02-27
495,Lucas,Johnson,lucas.johnson495@example.com,Philadelphia,PA,United States,Consumer,2024-05-08
496,James,Martinez,james.martinez496@example.com,Phoenix,AZ,United States,Enterprise,2024-05-31
497,Amelia,Johnson,amelia.johnson497@example.com,San Jose,CA,United States,SMB,2023-04-08
498,Henry,Miller,henry.miller498@example.com,Philadelphia,PA,United States,Consumer,2024-08-10
499,Isabella,Garcia,isabella.garcia499@example.com,San Jose,CA,United States,Consumer,2024-09-02
500,Lucas,Miller,lucas.miller500@example.com,Phoenix,AZ,United States,Consumer,2024-06-15
501,Sophia,Wilson,sophia.wilson501@example.com,Houston,TX,United States,Consumer,2023-08-02
502,Isabella,Anderson,isabella.anderson502@example.com,Philadelphia,PA,United States,SMB,2024-09-19
503,William,Davis,william.davis503@example.com,San Jose,CA,United States,Consumer,2023-01-26
504,Emma,Williams,emma.williams504@example.com,San Diego,CA,United States,Consumer,2023-02-13
505,Evelyn,Williams,evelyn.williams505@example.com,Philadelphia,PA,United States,Consumer,2024-11-09
506,Harper,Hernandez,harper.hernandez506@example.com,Chicago,IL,United States,Enterprise,2024-12-09
507,Emily,Martinez,emily.martinez507@example.com,San Diego,CA,United States,SMB,2024-05-22
508,Sophia,Jones,sophia.jones508@example.com,Phoenix,AZ,United States,SMB,2023-03-13
509,Gabriel,Anderson,gabriel.anderson509@example.com,San Diego,CA,United States,Consumer,2023-07-29
510,Evelyn,Garcia,evelyn.garcia510@example.com,Los Angeles,CA,United States,Consumer,2024-01-22
511,Harper,Hernandez,harper.hernandez511@example.com,San Diego,CA,United States,Consumer,2024-04-30
512,James,Davis,james.davis512@example.com,Phoenix,AZ,United States,Consumer,2024-11-18
513,Sophia,Garcia,sophia.garcia513@example.com,Philadelphia,PA,United States,Consumer,2024-06-27
514,David,Wilson,david.wilson514@example.com,San Antonio,TX,United States,Enterprise,2023-01-16
515,Joseph,Gonzalez,joseph.gonzalez515@example.com,Los Angeles,CA,United States,Enterprise,2023-09-17
516,Daniel,Williams,daniel.williams516@example.com,New York,NY,United States,SMB,2023-07-15
517,Emma,Jones,emma.jones517@example.com,Chicago,IL,United States,Consumer,2024-12-01
518,William,Martin,william.martin518@example.com,Philadelphia,PA,United States,Consumer,2024-03-09
519,Emily,Hernandez,emily.hernandez519@example.com,Los Angeles,CA,United States,Consumer,2023-12-30
520,Emma,Williams,emma.williams520@example.com,San Jose,CA,United States,Consumer,2023-10-04
521,James,Williams,james.williams521@example.com,Houston,TX,United States,Consumer,2024-06-29
522,Gabriel,Moore,gabriel.moore522@example.com,San Jose,CA,United States,Consumer,2023-03-16
523,Amelia,Taylor,amelia.taylor523@example.com,Phoenix,AZ,United States,Consumer,2024-09-11
524,Gabriel,Williams,gabriel.williams524@example.com,New York,NY,United States,SMB,2024-12-24
525,Emma,Johnson,emma.johnson525@example.com,Chicago,IL,United States,Consumer,2023-09-05
526,Alexander,Garcia,alexander.garcia526@example.com,Dallas,TX,United States,Consumer,2024-10-21
527,Isabella,Williams,isabella.williams527@example.com,Houston,TX,United States,Consumer,2024-03-17
528,Olivia,Anderson,olivia.anderson528@example.com,Phoenix,AZ,United States,SMB,2023-08-15
529,Charlotte,Martin,charlotte.martin529@example.com,Houston,TX,United States,Consumer,2024-04-04
530,William,Williams,william.williams530@example.com,Los Angeles,CA,United States,SMB,2023-04-25
531,Emma,Wilson,emma.wilson531@example.com,Philadelphia,PA,United States,SMB,2023-05-22
532,Isabella,Williams,isabella.williams532@example.com,Chicago,IL,United States,SMB,2024-06-25
533,Evelyn,Taylor,evelyn.taylor533@example.com,Dallas,TX,United States,SMB,2024-02-28
534,Olivia,Thomas,olivia.thomas534@example.com,Dallas,TX,United States,Enterprise,2023-03-24
535,Michael,Martinez,michael.martinez535@example.com,Chicago,IL,United States,SMB,2024-12-13
536,Joseph,Miller,joseph.miller536@example.com,Dallas,TX,United States,SMB,2024-09-27
537,Henry,Anderson,henry.anderson537@example.com,Houston,TX,United States,Consumer,2024-02-02
538,Sophia,Davis,sophia.davis538@example.com,New York,NY,United States,Consumer,2023-10-13
539,James,Martin,james.martin539@example.com,Dallas,TX,United States,Consumer,2024-10-15
540,Michael,Rodriguez,michael.rodriguez540@example.com,Dallas,TX,United States,Consumer,2024-12-08
541,Isabella,Johnson,isabella.johnson541@example.com,Dallas,TX,United States,Consumer,2024-09-28
542,William,Thomas,william.thomas542@example.com,New York,NY,United States,Consumer,2024-03-07
543,Michael,Hernandez,michael.hernandez543@example.com,Los Angeles,CA,United States,Consumer,2024-04-13
544,Daniel,Thomas,daniel.thomas544@example.com,Houston,TX,United States,Consumer,2024-11-14
545,William,Rodriguez,william.rodriguez545@example.com,Houston,TX,United States,SMB,2023-02-04
546,James,Davis,james.davis546@example.com,San Antonio,TX,United States,Consumer,2024-03-06
547,Emily,Wilson,emily.wilson547@example.com,Dallas,TX,United States,SMB,2024-10-20
548,Isabella,Jackson,isabella.jackson548@example.com,Philadelphia,PA,United States,SMB,2024-05-19
549,Sophia,Miller,sophia.miller549@example.com,Houston,TX,United States,SMB,2024-02-10
550,Michael,Lopez,michael.lopez550@example.com,Los Angeles,CA,United States,Consumer,2023-06-11
551,William,Smith,william.smith551@example.com,San Diego,CA,United States,Consumer,2023-03-28
552,Harper,Taylor,harper.taylor552@example.com,Philadelphia,PA,United States,SMB,2024-12-30
553,Henry,Martinez,henry.martinez553@example.com,New York,NY,United States,Consumer,2024-03-16
554,Lucas,Williams,lucas.williams554@example.com,San Diego,CA,United States,Consumer,2023-05-22
555,Joseph,Martin,joseph.martin555@example.com,San Diego,CA,United States,Consumer,2024-11-19
556,Olivia,Taylor,olivia.taylor556@example.com,New York,NY,United States,SMB,2023-07-09
557,Evelyn,Smith,evelyn.smith557@example.com,San Jose,CA,United States,Consumer,2023-12-07
558,Mia,Hernandez,mia.hernandez558@example.com,Philadelphia,PA,United States,Consumer,2024-01-17
559,Daniel,Taylor,daniel.taylor559@example.com,Dallas,TX,United States,Consumer,2024-06-12
560,Henry,Miller,henry.miller560@example.com,San Antonio,TX,United States,Consumer,2023-02-10
561,David,Wilson,david.wilson561@example.com,Chicago,IL,United States,Enterprise,2023-11-29
562,Joseph,Smith,joseph.smith562@example.com,San Diego,CA,United States,SMB,2024-09-11
563,Isabella,Davis,isabella.davis563@example.com,Phoenix,AZ,United States,Consumer,2023-04-19
564,Amelia,Smith,amelia.smith564@example.com,San Jose,CA,United States,Enterprise,2023-04-13
565,Daniel,Davis,daniel.davis565@example.com,Dallas,TX,United States,Consumer,2023-06-23
566,Joseph,Anderson,joseph.anderson566@example.com,San Antonio,TX,United States,Consumer,2024-11-19
567,Harper,Moore,harper.moore567@example.com,Los Angeles,CA,United States,Consumer,2023-11-20
568,Sophia,Moore,sophia.moore568@example.com,Phoenix,AZ,United States,Consumer,2024-10-20
569,Isabella,Martin,isabella.martin569@example.com,New York,NY,United States,Consumer,2023-11-28
570,Gabriel,Rodriguez,gabriel.rodriguez570@example.com,San Antonio,TX,United States,Consumer,2023-04-15
571,Henry,Hernandez,henry.hernandez571@example.com,San Jose,CA,United States,Consumer,2023-07-29
572,William,Miller,william.miller572@example.com,Chicago,IL,United States,Consumer,2023-03-25
573,Emma,Garcia,emma.garcia573@example.com,Chicago,IL,United States,Consumer,2023-12-16
574,Lucas,Rodriguez,lucas.rodriguez574@example.com,Chicago,IL,United States,Consumer,2023-08-23
575,Joseph,Anderson,joseph.anderson575@example.com,San Jose,CA,United States,Consumer,2023-12-23
576,Lucas,Garcia,lucas.garcia576@example.com,Phoenix,AZ,United States,SMB,2024-03-13
577,Sophia,Williams,sophia.williams577@example.com,San Antonio,TX,United States,Consumer,2023-03-14
578,Emily,Johnson,emily.johnson578@example.com,Chicago,IL,United States,SMB,2023-07-14
579,Gabriel,Rodriguez,gabriel.rodriguez579@example.com,San Antonio,TX,United States,SMB,2023-12-26
580,Sophia,Smith,sophia.smith580@example.com,San Diego,CA,United States,Consumer,2024-11-09
581,Daniel,Miller,daniel.miller581@example.com,Houston,TX,United States,SMB,2024-02-25
582,James,Anderson,james.anderson582@example.com,Houston,TX,United States,Consumer,2024-10-30
583,Harper,Williams,harper.williams583@example.com,New York,NY,United States,Consumer,2024-07-29
584,Emma,Thomas,emma.thomas584@example.com,Houston,TX,United States,Enterprise,2024-03-15
585,James,Brown,james.brown585@example.com,New York,NY,United States,Consumer,2024-03-09
586,Michael,Hernandez,michael.hernandez586@example.com,Houston,TX,United States,Consumer,2024-10-27
587,David,Martinez,david.martinez587@example.com,Chicago,IL,United States,SMB,2023-09-19
588,Gabriel,Martinez,gabriel.martinez588@example.com,Phoenix,AZ,United States,Consumer,2023-05-02
589,Mia,Jones,mia.jones589@example.com,Chicago,IL,United States,Consumer,2023-03-28
590,Harper,Rodriguez,harper.rodriguez590@example.com,New York,NY,United States,Consumer,2023-03-18
591,Evelyn,Taylor,evelyn.taylor591@example.com,Philadelphia,PA,United States,Enterprise,2023-03-09
592,William,Taylor,william.taylor592@example.com,Los Angeles,CA,United States,SMB,2023-12-31
593,Henry,Williams,henry.williams593@example.com,San Jose,CA,United States,Consumer,2023-12-20
594,Henry,Taylor,henry.taylor594@example.com,Phoenix,AZ,United States,Consumer,2024-01-18
595,Emily,Hernandez,emily.hernandez595@example.com,San Antonio,TX,United States,Consumer,2024-05-13
596,Michael,Gonzalez,michael.gonzalez596@example.com,Los Angeles,CA,United States,Consumer,2023-05-19
597,Lucas,Williams,lucas.williams597@example.com,Los Angeles,CA,United States,Consumer,2023-04-14
598,Henry,Jones,henry.jones598@example.com,San Antonio,TX,United States,Consumer,2024-06-03
599,Lucas,Jones,lucas.jones599@example.com,Houston,TX,United States,Consumer,2024-10-20
600,Emma,Hernandez,emma.hernandez600@example.com,Philadelphia,PA,United States,Consumer,2024-11-15
601,David,Miller,david.miller601@example.com,Phoenix,AZ,United States,Consumer,2023-07-03
602,Charlotte,Lopez,charlotte.lopez602@example.com,Philadelphia,PA,United States,Enterprise,2024-06-12
603,Amelia,Lopez,amelia.lopez603@example.com,Houston,TX,United States,Consumer,2024-08-04
604,Sophia,Garcia,sophia.garcia604@example.com,New York,NY,United States,Consumer,2023-08-04
605,David,Jackson,david.jackson605@example.com,Los Angeles,CA,United States,SMB,2024-04-09
606,Charlotte,Moore,charlotte.moore606@example.com,Chicago,IL,United States,SMB,2024-11-17
607,Sophia,Miller,sophia.miller607@example.com,Chicago,IL,United States,Enterprise,2023-02-17
608,Isabella,Martin,isabella.martin608@example.com,New York,NY,United States,SMB,2023-12-03
609,Isabella,Jackson,isabella.jackson609@example.com,Philadelphia,PA,United States,Consumer,2023-11-19
610,Joseph,Anderson,joseph.anderson610@example.com,San Antonio,TX,United States,SMB,2024-12-20
611,David,Williams,david.williams611@example.com,Philadelphia,PA,United States,Consumer,2023-11-16
612,Amelia,Lopez,amelia.lopez612@example.com,Los Angeles,CA,United States,Consumer,2024-11-11
613,Gabriel,Williams,gabriel.williams613@example.com,Chicago,IL,United States,Consumer,2024-01-05
614,Lucas,Davis,lucas.davis614@example.com,San Antonio,TX,United States,Consumer,2024-06-25
615,James,Brown,james.brown615@example.com,Dallas,TX,United States,SMB,2024-07-02
616,Daniel,Gonzalez,daniel.gonzalez616@example.com,San Diego,CA,United States,SMB,2024-10-09
617,William,Smith,william.smith617@example.com,Houston,TX,United States,Consumer,2024-06-30
618,Isabella,Rodriguez,isabella.rodriguez618@example.com,Los Angeles,CA,United States,Consumer,2024-01-19
619,Olivia,Hernandez,olivia.hernandez619@example.com,Chicago,IL,United States,Consumer,2024-08-06
620,Joseph,Gonzalez,joseph.gonzalez620@example.com,Los Angeles,CA,United States,Enterprise,2023-02-14
621,Olivia,Thomas,olivia.thomas621@example.com,Los Angeles,CA,United States,Consumer,2024-10-18
622,Mia,Thomas,mia.thomas622@example.com,Philadelphia,PA,United States,Consumer,2023-07-07
623,Joseph,Anderson,joseph.anderson623@example.com,Los Angeles,CA,United States,Consumer,2023-10-22
624,Charlotte,Miller,charlotte.miller624@example.com,Phoenix,AZ,United States,Consumer,2023-11-17
625,Joseph,Jackson,joseph.jackson625@example.com,Phoenix,AZ,United States,SMB,2023-11-09
626,Lucas,Martinez,lucas.martinez626@example.com,San Jose,CA,United States,Consumer,2024-04-28
627,Evelyn,Martin,evelyn.martin627@example.com,Los Angeles,CA,United States,Consumer,2023-01-14
628,Charlotte,Martin,charlotte.martin628@example.com,Phoenix,AZ,United States,Consumer,2024-02-12
629,Sophia,Gonzalez,sophia.gonzalez629@example.com,San Antonio,TX,United States,Consumer,2024-04-10
630,Charlotte,Johnson,charlotte.johnson630@example.com,Los Angeles,CA,United States,SMB,2023-12-20
631,William,Lopez,william.lopez631@example.com,New York,NY,United States,Consumer,2024-08-13
632,Lucas,Moore,lucas.moore632@example.com,Philadelphia,PA,United States,SMB,2023-10-21
633,Harper,Davis,harper.davis633@example.com,Dallas,TX,United States,Consumer,2024-01-25
634,David,Smith,david.smith634@example.com,Chicago,IL,United States,SMB,2023-05-17
635,Emily,Brown,emily.brown635@example.com,Houston,TX,United States,Consumer,2023-05-21
636,Olivia,Thomas,olivia.thomas636@example.com,San Diego,CA,United States,Consumer,2024-11-21
637,James,Martinez,james.martinez637@example.com,San Antonio,TX,United States,SMB,2024-12-25
638,Joseph,Jones,joseph.jones638@example.com,New York,NY,United States,SMB,2024-06-19
639,Lucas,Brown,lucas.brown639@example.com,Dallas,TX,United States,Consumer,2024-08-28
640,Evelyn,Jackson,evelyn.jackson640@example.com,Chicago,IL,United States,Enterprise,2024-10-13
641,Lucas,Jones,lucas.jones641@example.com,Philadelphia,PA,United States,Consumer,2023-10-31
642,William,Williams,william.williams642@example.com,Los Angeles,CA,United States,Consumer,2023-08-15
643,Alexander,Rodriguez,alexander.rodriguez643@example.com,Los Angeles,CA,United States,Consumer,2024-02-01
644,Emma,Thomas,emma.thomas644@example.com,Dallas,TX,United States,SMB,2023-11-25
645,James,Brown,james.brown645@example.com,San Antonio,TX,United States,Consumer,2023-06-22
646,William,Davis,william.davis646@example.com,San Antonio,TX,United States,SMB,2023-10-01
647,Olivia,Lopez,olivia.lopez647@example.com,Phoenix,AZ,United States,SMB,2024-06-23
648,James,Brown,james.brown648@example.com,Phoenix,AZ,United States,Consumer,2023-09-09
649,Joseph,Taylor,joseph.taylor649@example.com,Philadelphia,PA,United States,Consumer,2023-02-23
650,Emily,Anderson,emily.anderson650@example.com,Phoenix,AZ,United States,Consumer,2024-08-08
651,Daniel,Garcia,daniel.garcia651@example.com,San Diego,CA,United States,Consumer,2024-02-02
652,Michael,Anderson,michael.anderson652@example.com,Philadelphia,PA,United States,SMB,2023-01-17
653,Evelyn,Hernandez,evelyn.hernandez653@example.com,Dallas,TX,United States,Consumer,2024-01-13
654,Olivia,Smith,olivia.smith654@example.com,Houston,TX,United States,SMB,2023-04-29
655,Gabriel,Taylor,gabriel.taylor655@example.com,San Diego,CA,United States,Enterprise,2024-08-26
656,Mia,Anderson,mia.anderson656@example.com,Dallas,TX,United States,Consumer,2024-11-04
657,Alexander,Smith,alexander.smith657@example.com,San Antonio,TX,United States,Consumer,2024-06-02
658,Emily,Thomas,emily.thomas658@example.com,Phoenix,AZ,United States,Consumer,2024-04-28
659,Sophia,Anderson,sophia.anderson659@example.com,Chicago,IL,United States,Consumer,2024-04-01
660,Isabella,Smith,isabella.smith660@example.com,San Antonio,TX,United States,Consumer,2024-12-29
661,Joseph,Brown,joseph.brown661@example.com,San Diego,CA,United States,SMB,2023-07-14
662,Emma,Johnson,emma.johnson662@example.com,San Antonio,TX,United States,Consumer,2023-08-06
663,Isabella,Rodriguez,isabella.rodriguez663@example.com,San Antonio,TX,United States,Consumer,2024-10-06
664,Evelyn,Moore,evelyn.moore664@example.com,Philadelphia,PA,United States,Consumer,2023-08-21
665,Emily,Miller,emily.miller665@example.com,San Jose,CA,United States,Consumer,2024-03-16
666,Mia,Gonzalez,mia.gonzalez666@example.com,Chicago,IL,United States,Enterprise,2023-09-24
667,Isabella,Davis,isabella.davis667@example.com,Houston,TX,United States,Consumer,2024-02-16
668,James,Taylor,james.taylor668@example.com,Houston,TX,United States,Consumer,2023-04-12
669,Gabriel,Rodriguez,gabriel.rodriguez669@example.com,Los Angeles,CA,United States,Consumer,2023-01-05
670,William,Hernandez,william.hernandez670@example.com,San Diego,CA,United States,Consumer,2024-07-19
671,Olivia,Johnson,olivia.johnson671@example.com,San Jose,CA,United States,Enterprise,2023-10-04
672,Olivia,Garcia,olivia.garcia672@example.com,Philadelphia,PA,United States,Consumer,2024-03-21
673,Mia,Wilson,mia.wilson673@example.com,Chicago,IL,United States,Consumer,2024-06-01
674,Emily,Gonzalez,emily.gonzalez674@example.com,New York,NY,United States,Enterprise,2024-12-21
675,Joseph,Moore,joseph.moore675@example.com,Philadelphia,PA,United States,Consumer,2024-11-11
676,Michael,Thomas,michael.thomas676@example.com,San Diego,CA,United States,Enterprise,2024-11-29
677,Emily,Hernandez,emily.hernandez677@example.com,Phoenix,AZ,United States,SMB,2024-08-23
678,Olivia,Moore,olivia.moore678@example.com,San Jose,CA,United States,Consumer,2024-01-25
679,Henry,Johnson,henry.johnson679@example.com,New York,NY,United States,Consumer,2024-09-10
680,Amelia,Johnson,amelia.johnson680@example.com,Los Angeles,CA,United States,Consumer,2023-09-04
681,Mia,Davis,mia.davis681@example.com,Houston,TX,United States,Consumer,2024-05-09
682,David,Miller,david.miller682@example.com,New York,NY,United States,Enterprise,2023-07-06
683,Harper,Lopez,harper.lopez683@example.com,Dallas,TX,United States,Consumer,2024-02-25
684,Daniel,Martinez,daniel.martinez684@example.com,Phoenix,AZ,United States,SMB,2024-12-28
685,Isabella,Johnson,isabella.johnson685@example.com,San Antonio,TX,United States,SMB,2024-03-31
686,Daniel,Williams,daniel.williams686@example.com,San Jose,CA,United States,Consumer,2023-09-22
687,Emma,Jackson,emma.jackson687@example.com,New York,NY,United States,Consumer,2024-11-02
688,Alexander,Taylor,alexander.taylor688@example.com,Chicago,IL,United States,SMB,2024-02-08
689,Michael,Williams,michael.williams689@example.com,New York,NY,United States,Consumer,2023-12-25
690,Charlotte,Taylor,charlotte.taylor690@example.com,Los Angeles,CA,United States,Consumer,2024-11-15
691,Evelyn,Moore,evelyn.moore691@example.com,Houston,TX,United States,SMB,2023-04-24
692,Joseph,Martin,joseph.martin692@example.com,Houston,TX,United States,SMB,2023-09-23
693,William,Rodriguez,william.rodriguez693@example.com,Phoenix,AZ,United States,Consumer,2023-07-12
694,Emma,Gonzalez,emma.gonzalez694@example.com,Dallas,TX,United States,Consumer,2024-08-02
695,David,Jackson,david.jackson695@example.com,Phoenix,AZ,United States,Consumer,2023-04-09
696,Henry,Jackson,henry.jackson696@example.com,San Antonio,TX,United States,SMB,2023-10-30
697,Isabella,Jones,isabella.jones697@example.com,Phoenix,AZ,United States,SMB,2024-04-06
698,Mia,Martin,mia.martin698@example.com,Los Angeles,CA,United States,Consumer,2024-09-19
699,Isabella,Rodriguez,isabella.rodriguez699@example.com,Chicago,IL,United States,SMB,2023-04-22
700,Charlotte,Brown,charlotte.brown700@example.com,San Jose,CA,United States,SMB,2023-09-28
701,James,Williams,james.williams701@example.com,San Diego,CA,United States,SMB,2023-10-10
702,Sophia,Johnson,sophia.johnson702@example.com,San Diego,CA,United States,Consumer,2024-06-19
703,Michael,Johnson,michael.johnson703@example.com,Dallas,TX,United States,Consumer,2024-03-08
704,Evelyn,Gonzalez,evelyn.gonzalez704@example.com,Phoenix,AZ,United States,Consumer,2023-09-11
705,William,Garcia,william.garcia705@example.com,Phoenix,AZ,United States,Consumer,2024-10-11
706,Alexander,Garcia,alexander.garcia706@example.com,Phoenix,AZ,United States,Consumer,2023-11-13
707,Henry,Anderson,henry.anderson707@example.com,Houston,TX,United States,SMB,2023-02-07
708,Sophia,Anderson,sophia.anderson708@example.com,Dallas,TX,United States,Consumer,2023-12-09
709,Daniel,Thomas,daniel.thomas709@example.com,Chicago,IL,United States,Consumer,2023-07-25
710,Amelia,Anderson,amelia.anderson710@example.com,Philadelphia,PA,United States,Consumer,2024-07-04
711,Isabella,Taylor,isabella.taylor711@example.com,San Antonio,TX,United States,Consumer,2023-07-21
712,Emma,Rodriguez,emma.rodriguez712@example.com,New York,NY,United States,Consumer,2024-10-12
713,Lucas,Brown,lucas.brown713@example.com,Houston,TX,United States,SMB,2023-04-21
714,Daniel,Garcia,daniel.garcia714@example.com,New York,NY,United States,Consumer,2023-07-10
715,Sophia,Taylor,sophia.taylor715@example.com,Dallas,TX,United States,Consumer,2023-03-29
716,Gabriel,Miller,gabriel.miller716@example.com,Philadelphia,PA,United States,Consumer,2023-01-01
717,Alexander,Taylor,alexander.taylor717@example.com,Los Angeles,CA,United States,Consumer,2024-11-11
718,Joseph,Garcia,joseph.garcia718@example.com,Philadelphia,PA,United States,Enterprise,2023-12-06
719,Michael,Taylor,michael.taylor719@example.com,New York,NY,United States,Consumer,2023-03-17
720,Joseph,Smith,joseph.smith720@example.com,New York,NY,United States,Consumer,2024-04-18
721,Sophia,Moore,sophia.moore721@example.com,New York,NY,United States,SMB,2023-02-12
722,Isabella,Wilson,isabella.wilson722@example.com,San Jose,CA,United States,SMB,2023-09-27
723,Sophia,Jackson,sophia.jackson723@example.com,Philadelphia,PA,United States,Consumer,2023-06-17
724,James,Jones,james.jones724@example.com,Philadelphia,PA,United States,Enterprise,2024-06-08
725,Michael,Jackson,michael.jackson725@example.com,San Jose,CA,United States,Consumer,2023-03-30
726,Sophia,Lopez,sophia.lopez726@example.com,San Antonio,TX,United States,SMB,2024-05-28
727,Henry,Jones,henry.jones727@example.com,San Diego,CA,United States,Consumer,2024-06-02
728,Michael,Moore,michael.moore728@example.com,San Antonio,TX,United States,Consumer,2024-08-17
729,Evelyn,Thomas,evelyn.thomas729@example.com,San Diego,CA,United States,Consumer,2023-05-04
730,Emily,Hernandez,emily.hernandez730@example.com,Phoenix,AZ,United States,Consumer,2023-10-10
731,Olivia,Smith,olivia.smith731@example.com,Phoenix,AZ,United States,SMB,2024-07-22
732,Daniel,Smith,daniel.smith732@example.com,Los Angeles,CA,United States,Consumer,2024-05-03
733,Daniel,Johnson,daniel.johnson733@example.com,San Antonio,TX,United States,Enterprise,2024-03-27
734,Evelyn,Miller,evelyn.miller734@example.com,San Antonio,TX,United States,SMB,2024-06-09
735,Evelyn,Moore,evelyn.moore735@example.com,San Jose,CA,United States,Enterprise,2023-12-27
736,Mia,Taylor,mia.taylor736@example.com,Los Angeles,CA,United States,Consumer,2024-06-01
737,William,Jones,william.jones737@example.com,Los Angeles,CA,United States,Consumer,2024-04-18
738,Lucas,Taylor,lucas.taylor738@example.com,San Antonio,TX,United States,Consumer,2024-01-22
739,Michael,Thomas,michael.thomas739@example.com,Los Angeles,CA,United States,Consumer,2024-09-27
740,Olivia,Hernandez,olivia.hernandez740@example.com,San Antonio,TX,United States,Consumer,2023-10-22
741,Gabriel,Garcia,gabriel.garcia741@example.com,Houston,TX,United States,Consumer,2024-07-06
742,Emily,Jackson,emily.jackson742@example.com,Houston,TX,United States,Consumer,2024-04-27
743,Emma,Williams,emma.williams743@example.com,Philadelphia,PA,United States,Consumer,2024-12-19
744,William,Smith,william.smith744@example.com,Philadelphia,PA,United States,Consumer,2024-03-18
745,Emma,Brown,emma.brown745@example.com,New York,NY,United States,Consumer,2024-08-17
746,Mia,Anderson,mia.anderson746@example.com,Philadelphia,PA,United States,Consumer,2024-07-13
747,Sophia,Johnson,sophia.johnson747@example.com,Dallas,TX,United States,Consumer,2023-10-11
748,Joseph,Brown,joseph.brown748@example.com,San Antonio,TX,United States,Consumer,2023-05-17
749,James,Martinez,james.martinez749@example.com,Houston,TX,United States,SMB,2023-03-14
750,Mia,Garcia,mia.garcia750@example.com,Philadelphia,PA,United States,Consumer,2024-10-18
751,Harper,Williams,harper.williams751@example.com,Houston,TX,United States,Consumer,2024-05-21
752,Gabriel,Anderson,gabriel.anderson752@example.com,Houston,TX,United States,Consumer,2024-08-27
753,Henry,Taylor,henry.taylor753@example.com,Dallas,TX,United States,Consumer,2023-02-10
754,Evelyn,Gonzalez,evelyn.gonzalez754@example.com,San Diego,CA,United States,Consumer,2023-02-08
755,Gabriel,Martin,gabriel.martin755@example.com,New York,NY,United States,Consumer,2024-01-01
756,Amelia,Johnson,amelia.johnson756@example.com,San Diego,CA,United States,Consumer,2023-07-22
757,Michael,Smith,michael.smith757@example.com,Los Angeles,CA,United States,Enterprise,2024-08-28
758,Mia,Moore,mia.moore758@example.com,Philadelphia,PA,United States,SMB,2024-09-30
759,Joseph,Wilson,joseph.wilson759@example.com,Chicago,IL,United States,Consumer,2024-08-25
760,Henry,Wilson,henry.wilson760@example.com,San Jose,CA,United States,Enterprise,2024-12-21
761,Olivia,Hernandez,olivia.hernandez761@example.com,Dallas,TX,United States,Consumer,2023-10-22
762,James,Jones,james.jones762@example.com,Dallas,TX,United States,SMB,2024-07-21
763,Emma,Hernandez,emma.hernandez763@example.com,Philadelphia,PA,United States,Consumer,2024-11-10
764,David,Jones,david.jones764@example.com,Los Angeles,CA,United States,Consumer,2023-03-04
765,David,Gonzalez,david.gonzalez765@example.com,Houston,TX,United States,Consumer,2023-08-02
766,David,Brown,david.brown766@example.com,New York,NY,United States,Consumer,2023-01-03
767,Harper,Smith,harper.smith767@example.com,Philadelphia,PA,United States,Consumer,2023-02-07
768,Daniel,Taylor,daniel.taylor768@example.com,San Jose,CA,United States,SMB,2023-01-21
769,Michael,Gonzalez,michael.gonzalez769@example.com,Houston,TX,United States,Consumer,2024-08-17
770,Daniel,Smith,daniel.smith770@example.com,Houston,TX,United States,Consumer,2023-05-20
771,Mia,Martin,mia.martin771@example.com,San Diego,CA,United States,SMB,2023-06-02
772,Charlotte,Jones,charlotte.jones772@example.com,Houston,TX,United States,Consumer,2024-09-13
773,Mia,Miller,mia.miller773@example.com,New York,NY,United States,SMB,2023-08-01
774,Olivia,Jackson,olivia.jackson774@example.com,Chicago,IL,United States,Consumer,2023-02-08
775,Daniel,Martinez,daniel.martinez775@example.com,San Antonio,TX,United States,Consumer,2024-04-09
776,Amelia,Williams,amelia.williams776@example.com,Dallas,TX,United States,Consumer,2024-12-26
777,Gabriel,Jones,gabriel.jones777@example.com,San Antonio,TX,United States,SMB,2024-10-14
778,Evelyn,Anderson,evelyn.anderson778@example.com,San Antonio,TX,United States,Consumer,2023-02-14
779,Isabella,Johnson,isabella.johnson779@example.com,Phoenix,AZ,United States,SMB,2024-10-07
780,James,Taylor,james.taylor780@example.com,San Jose,CA,United States,Consumer,2024-05-13
781,Mia,Anderson,mia.anderson781@example.com,Chicago,IL,United States,Consumer,2024-11-04
782,David,Wilson,david.wilson782@example.com,San Antonio,TX,United States,Consumer,2023-09-04
783,Henry,Anderson,henry.anderson783@example.com,San Diego,CA,United States,Enterprise,2024-08-06
784,William,Anderson,william.anderson784@example.com,New York,NY,United States,Consumer,2024-04-25
785,Mia,Davis,mia.davis785@example.com,San Jose,CA,United States,Consumer,2024-03-24
786,Emma,Jackson,emma.jackson786@example.com,Philadelphia,PA,United States,Consumer,2023-04-03
787,Joseph,Thomas,joseph.thomas787@example.com,New York,NY,United States,Consumer,2023-09-02
788,Alexander,Taylor,alexander.taylor788@example.com,San Antonio,TX,United States,Consumer,2023-09-26
789,Lucas,Williams,lucas.williams789@example.com,San Antonio,TX,United States,Consumer,2023-11-10
790,James,Taylor,james.taylor790@example.com,New York,NY,United States,Consumer,2023-06-20
791,Michael,Anderson,michael.anderson791@example.com,Phoenix,AZ,United States,SMB,2024-02-20
792,Amelia,Rodriguez,amelia.rodriguez792@example.com,San Diego,CA,United States,SMB,2023-04-03
793,Amelia,Rodriguez,amelia.rodriguez793@example.com,Chicago,IL,United States,Consumer,2023-12-30
794,William,Miller,william.miller794@example.com,Chicago,IL,United States,SMB,2024-10-20
795,Joseph,Anderson,joseph.anderson795@example.com,Chicago,IL,United States,Consumer,2023-05-19
796,Isabella,Moore,isabella.moore796@example.com,Chicago,IL,United States,Consumer,2024-01-19
797,Isabella,Garcia,isabella.garcia797@example.com,Dallas,TX,United States,SMB,2023-10-19
798,Evelyn,Taylor,evelyn.taylor798@example.com,Los Angeles,CA,United States,SMB,2023-11-29
799,Gabriel,Martin,gabriel.martin799@example.com,San Jose,CA,United States,Consumer,2023-11-19
800,Charlotte,Davis,charlotte.davis800@example.com,San Antonio,TX,United States,Consumer,2024-07-27
801,Evelyn,Hernandez,evelyn.hernandez801@example.com,San Jose,CA,United States,SMB,2024-04-23
802,David,Johnson,david.johnson802@example.com,New York,NY,United States,Consumer,2023-12-14
803,Emma,Anderson,emma.anderson803@example.com,Dallas,TX,United States,Consumer,2023-05-16
804,Daniel,Thomas,daniel.thomas804@example.com,San Antonio,TX,United States,Consumer,2024-04-24
805,Lucas,Williams,lucas.williams805@example.com,Phoenix,AZ,United States,Consumer,2023-07-30
806,Alexander,Rodriguez,alexander.rodriguez806@example.com,Philadelphia,PA,United States,SMB,2024-03-17
807,Michael,Brown,michael.brown807@example.com,San Jose,CA,United States,Consumer,2024-04-29
808,Mia,Lopez,mia.lopez808@example.com,San Jose,CA,United States,SMB,2024-03-20
809,Amelia,Davis,amelia.davis809@example.com,San Diego,CA,United States,Consumer,2023-02-28
810,Joseph,Johnson,joseph.johnson810@example.com,San Jose,CA,United States,SMB,2023-10-27
811,Amelia,Taylor,amelia.taylor811@example.com,San Jose,CA,United States,Consumer,2024-05-28
812,Henry,Moore,henry.moore812@example.com,New York,NY,United States,Consumer,2024-01-19
813,Gabriel,Williams,gabriel.williams813@example.com,Philadelphia,PA,United States,Consumer,2023-08-10
814,Joseph,Wilson,joseph.wilson814@example.com,Houston,TX,United States,Consumer,2024-08-08
815,Gabriel,Anderson,gabriel.anderson815@example.com,Houston,TX,United States,SMB,2024-04-24
816,Olivia,Martin,olivia.martin816@example.com,San Jose,CA,United States,Consumer,2023-12-06
817,Isabella,Smith,isabella.smith817@example.com,Phoenix,AZ,United States,Consumer,2024-07-28
818,Michael,Anderson,michael.anderson818@example.com,Phoenix,AZ,United States,SMB,2023-04-30
819,Amelia,Garcia,amelia.garcia819@example.com,Dallas,TX,United States,Consumer,2023-02-25
820,Isabella,Miller,isabella.miller820@example.com,San Diego,CA,United States,SMB,2023-03-18
821,Emma,Davis,emma.davis821@example.com,New York,NY,United States,SMB,2023-07-01
822,Olivia,Thomas,olivia.thomas822@example.com,Houston,TX,United States,Consumer,2024-10-13
823,Mia,Williams,mia.williams823@example.com,Chicago,IL,United States,Consumer,2023-12-17
824,Joseph,Taylor,joseph.taylor824@example.com,Chicago,IL,United States,Consumer,2024-04-03
825,Henry,Hernandez,henry.hernandez825@example.com,Phoenix,AZ,United States,Consumer,2024-08-20
826,Charlotte,Moore,charlotte.moore826@example.com,New York,NY,United States,Consumer,2023-12-22
827,Gabriel,Hernandez,gabriel.hernandez827@example.com,San Jose,CA,United States,Enterprise,2023-12-21
828,Daniel,Martinez,daniel.martinez828@example.com,Chicago,IL,United States,Consumer,2024-06-20
829,Henry,Hernandez,henry.hernandez829@example.com,Los Angeles,CA,United States,Consumer,2023-03-15
830,Evelyn,Thomas,evelyn.thomas830@example.com,Chicago,IL,United States,Enterprise,2024-10-12
831,Daniel,Jones,daniel.jones831@example.com,Chicago,IL,United States,Enterprise,2024-10-22
832,Sophia,Taylor,sophia.taylor832@example.com,San Jose,CA,United States,Enterprise,2024-04-12
833,Charlotte,Hernandez,charlotte.hernandez833@example.com,Los Angeles,CA,United States,Consumer,2023-06-04
834,Harper,Hernandez,harper.hernandez834@example.com,Phoenix,AZ,United States,Consumer,2024-10-06
835,William,Martinez,william.martinez835@example.com,Philadelphia,PA,United States,SMB,2023-03-05
836,James,Anderson,james.anderson836@example.com,San Diego,CA,United States,Consumer,2024-02-10
837,Gabriel,Taylor,gabriel.taylor837@example.com,Los Angeles,CA,United States,Consumer,2024-02-08
838,James,Hernandez,james.hernandez838@example.com,San Diego,CA,United States,Consumer,2023-04-28
839,Olivia,Williams,olivia.williams839@example.com,San Diego,CA,United States,Consumer,2023-03-31
840,Joseph,Johnson,joseph.johnson840@example.com,Phoenix,AZ,United States,Consumer,2024-03-13
841,Isabella,Lopez,isabella.lopez841@example.com,San Diego,CA,United States,SMB,2023-05-30
842,Isabella,Taylor,isabella.taylor842@example.com,Houston,TX,United States,Consumer,2024-09-19
843,Charlotte,Hernandez,charlotte.hernandez843@example.com,San Antonio,TX,United States,Enterprise,2023-02-14
844,Amelia,Rodriguez,amelia.rodriguez844@example.com,Chicago,IL,United States,Consumer,2023-06-28
845,Mia,Taylor,mia.taylor845@example.com,San Antonio,TX,United States,Enterprise,2023-09-21
846,Charlotte,Martin,charlotte.martin846@example.com,San Antonio,TX,United States,Enterprise,2023-11-05
847,Lucas,Taylor,lucas.taylor847@example.com,San Jose,CA,United States,Consumer,2023-12-16
848,Charlotte,Hernandez,charlotte.hernandez848@example.com,Los Angeles,CA,United States,Consumer,2023-03-12
849,Emma,Martin,emma.martin849@example.com,Los Angeles,CA,United States,Enterprise,2023-12-24
850,Evelyn,Anderson,evelyn.anderson850@example.com,Phoenix,AZ,United States,Enterprise,2023-03-25
851,Isabella,Davis,isabella.davis851@example.com,San Diego,CA,United States,Consumer,2023-08-24
852,Isabella,Hernandez,isabella.hernandez852@example.com,San Diego,CA,United States,Consumer,2023-04-03
853,Mia,Miller,mia.miller853@example.com,New York,NY,United States,Consumer,2024-02-24
854,Sophia,Jones,sophia.jones854@example.com,San Jose,CA,United States,SMB,2023-03-27
855,Harper,Garcia,harper.garcia855@example.com,San Diego,CA,United States,Consumer,2024-01-11
856,Emma,Hernandez,emma.hernandez856@example.com,Phoenix,AZ,United States,Consumer,2023-07-11
857,Isabella,Wilson,isabella.wilson857@example.com,San Diego,CA,United States,Consumer,2023-12-21
858,Lucas,Smith,lucas.smith858@example.com,San Antonio,TX,United States,SMB,2024-05-04
859,Mia,Johnson,mia.johnson859@example.com,Dallas,TX,United States,Consumer,2023-03-30
860,Henry,Lopez,henry.lopez860@example.com,San Diego,CA,United States,Consumer,2024-02-03
861,Gabriel,Miller,gabriel.miller861@example.com,New York,NY,United States,SMB,2023-02-01
862,Evelyn,Moore,evelyn.moore862@example.com,Dallas,TX,United States,Consumer,2024-03-22
863,Olivia,Jackson,olivia.jackson863@example.com,San Antonio,TX,United States,SMB,2023-08-15
864,Amelia,Miller,amelia.miller864@example.com,Houston,TX,United States,SMB,2023-07-06
865,Isabella,Gonzalez,isabella.gonzalez865@example.com,New York,NY,United States,Consumer,2023-08-17
866,Joseph,Wilson,joseph.wilson866@example.com,Philadelphia,PA,United States,Enterprise,2023-05-12
867,Isabella,Gonzalez,isabella.gonzalez867@example.com,Philadelphia,PA,United States,Consumer,2023-07-10
868,Michael,Williams,michael.williams868@example.com,Philadelphia,PA,United States,Consumer,2024-12-20
869,Olivia,Davis,olivia.davis869@example.com,San Antonio,TX,United States,Consumer,2023-03-13
870,Olivia,Wilson,olivia.wilson870@example.com,Chicago,IL,United States,SMB,2024-01-22
871,Emily,Taylor,emily.taylor871@example.com,Phoenix,AZ,United States,Enterprise,2024-12-02
872,William,Martin,william.martin872@example.com,San Antonio,TX,United States,Consumer,2024-01-18
873,Joseph,Gonzalez,joseph.gonzalez873@example.com,San Jose,CA,United States,Consumer,2024-09-17
874,Evelyn,Gonzalez,evelyn.gonzalez874@example.com,New York,NY,United States,Consumer,2024-04-25
875,Joseph,Taylor,joseph.taylor875@example.com,San Diego,CA,United States,Consumer,2023-02-27
876,Joseph,Wilson,joseph.wilson876@example.com,San Diego,CA,United States,Consumer,2023-11-11
877,Joseph,Miller,joseph.miller877@example.com,Phoenix,AZ,United States,SMB,2024-05-11
878,Amelia,Johnson,amelia.johnson878@example.com,Philadelphia,PA,United States,Consumer,2024-12-22
879,Alexander,Gonzalez,alexander.gonzalez879@example.com,Los Angeles,CA,United States,SMB,2023-08-26
880,Joseph,Hernandez,joseph.hernandez880@example.com,Phoenix,AZ,United States,Consumer,2024-08-28
881,Lucas,Davis,lucas.davis881@example.com,Chicago,IL,United States,Consumer,2024-09-19
882,Evelyn,Martinez,evelyn.martinez882@example.com,Phoenix,AZ,United States,Consumer,2024-04-15
883,James,Martin,james.martin883@example.com,Dallas,TX,United States,Enterprise,2024-11-24
884,Emily,Williams,emily.williams884@example.com,Los Angeles,CA,United States,Consumer,2024-12-20
885,Gabriel,Lopez,gabriel.lopez885@example.com,New York,NY,United States,Consumer,2023-08-25
886,Isabella,Davis,isabella.davis886@example.com,New York,NY,United States,SMB,2023-04-17
887,Henry,Hernandez,henry.hernandez887@example.com,San Antonio,TX,United States,Consumer,2024-11-13
888,James,Davis,james.davis888@example.com,San Antonio,TX,United States,Consumer,2024-07-21
889,Harper,Garcia,harper.garcia889@example.com,Phoenix,AZ,United States,SMB,2024-05-07
890,Isabella,Rodriguez,isabella.rodriguez890@example.com,New York,NY,United States,Consumer,2023-08-15
891,Lucas,Jackson,lucas.jackson891@example.com,Los Angeles,CA,United States,Consumer,2023-03-04
892,Alexander,Taylor,alexander.taylor892@example.com,Philadelphia,PA,United States,Consumer,2023-05-27
893,Emma,Garcia,emma.garcia893@example.com,San Antonio,TX,United States,SMB,2023-10-20
894,Sophia,Taylor,sophia.taylor894@example.com,Houston,TX,United States,Consumer,2023-02-27
895,Lucas,Rodriguez,lucas.rodriguez895@example.com,Houston,TX,United States,Consumer,2023-09-04
896,Henry,Williams,henry.williams896@example.com,San Diego,CA,United States,Consumer,2024-11-26
897,James,Martinez,james.martinez897@example.com,Los Angeles,CA,United States,Enterprise,2024-08-31
898,Isabella,Thomas,isabella.thomas898@example.com,Los Angeles,CA,United States,Consumer,2024-05-06
899,Gabriel,Thomas,gabriel.thomas899@example.com,San Diego,CA,United States,Consumer,2024-08-10
900,Charlotte,Gonzalez,charlotte.gonzalez900@example.com,Dallas,TX,United States,Consumer,2024-05-25
901,Mia,Rodriguez,mia.rodriguez901@example.com,San Jose,CA,United States,Consumer,2023-12-26
902,Michael,Jones,michael.jones902@example.com,Chicago,IL,United States,Consumer,2023-10-10
903,Gabriel,Williams,gabriel.williams903@example.com,Dallas,TX,United States,Consumer,2024-11-23
904,Gabriel,Johnson,gabriel.johnson904@example.com,San Antonio,TX,United States,Consumer,2023-12-17
905,Emily,Brown,emily.brown905@example.com,San Antonio,TX,United States,Consumer,2024-11-18
906,James,Johnson,james.johnson906@example.com,Chicago,IL,United States,Consumer,2024-01-13
907,Evelyn,Taylor,evelyn.taylor907@example.com,Houston,TX,United States,Consumer,2024-12-26
908,James,Martin,james.martin908@example.com,Philadelphia,PA,United States,Enterprise,2023-05-23
909,Charlotte,Martin,charlotte.martin909@example.com,Dallas,TX,United States,SMB,2023-03-11
910,Amelia,Lopez,amelia.lopez910@example.com,San Antonio,TX,United States,Enterprise,2023-04-01
911,Michael,Davis,michael.davis911@example.com,San Antonio,TX,United States,SMB,2023-07-11
912,Harper,Martinez,harper.martinez912@example.com,Dallas,TX,United States,Consumer,2023-06-29
913,David,Jones,david.jones913@example.com,San Jose,CA,United States,Consumer,2023-08-25
914,Daniel,Gonzalez,daniel.gonzalez914@example.com,Philadelphia,PA,United States,Consumer,2023-07-16
915,Amelia,Johnson,amelia.johnson915@example.com,New York,NY,United States,Consumer,2023-12-26
916,David,Lopez,david.lopez916@example.com,San Antonio,TX,United States,SMB,2024-08-24
917,Isabella,Rodriguez,isabella.rodriguez917@example.com,San Antonio,TX,United States,Consumer,2024-11-28
918,Gabriel,Johnson,gabriel.johnson918@example.com,San Antonio,TX,United States,Consumer,2024-06-26
919,Emily,Smith,emily.smith919@example.com,San Antonio,TX,United States,Consumer,2023-10-05
920,Gabriel,Smith,gabriel.smith920@example.com,New York,NY,United States,Consumer,2023-07-10
921,Mia,Anderson,mia.anderson921@example.com,New York,NY,United States,Consumer,2023-01-22
922,Joseph,Thomas,joseph.thomas922@example.com,San Diego,CA,United States,SMB,2024-12-02
923,Lucas,Gonzalez,lucas.gonzalez923@example.com,New York,NY,United States,Consumer,2023-06-15
924,Charlotte,Gonzalez,charlotte.gonzalez924@example.com,Philadelphia,PA,United States,Consumer,2023-06-12
925,Gabriel,Davis,gabriel.davis925@example.com,Philadelphia,PA,United States,Consumer,2024-05-23
926,Lucas,Williams,lucas.williams926@example.com,Philadelphia,PA,United States,Enterprise,2024-12-09
927,Lucas,Johnson,lucas.johnson927@example.com,San Jose,CA,United States,Consumer,2023-01-05
928,Olivia,Garcia,olivia.garcia928@example.com,Los Angeles,CA,United States,Consumer,2023-05-26
929,Charlotte,Wilson,charlotte.wilson929@example.com,San Antonio,TX,United States,Consumer,2024-01-19
930,Gabriel,Jackson,gabriel.jackson930@example.com,Chicago,IL,United States,Consumer,2023-12-03
931,Evelyn,Brown,evelyn.brown931@example.com,Chicago,IL,United States,SMB,2023-05-02
932,Isabella,Taylor,isabella.taylor932@example.com,San Antonio,TX,United States,Enterprise,2023-12-29
933,Michael,Brown,michael.brown933@example.com,Philadelphia,PA,United States,Consumer,2023-05-08
934,Amelia,Anderson,amelia.anderson934@example.com,Houston,TX,United States,Consumer,2023-07-06
935,Amelia,Brown,amelia.brown935@example.com,San Jose,CA,United States,Consumer,2023-10-11
936,Emma,Williams,emma.williams936@example.com,Philadelphia,PA,United States,Consumer,2023-05-16
937,David,Rodriguez,david.rodriguez937@example.com,San Antonio,TX,United States,SMB,2024-07-10
938,Alexander,Lopez,alexander.lopez938@example.com,Chicago,IL,United States,Consumer,2023-04-13
939,Amelia,Williams,amelia.williams939@example.com,San Jose,CA,United States,Consumer,2023-08-18
940,Daniel,Miller,daniel.miller940@example.com,Los Angeles,CA,United States,SMB,2023-06-20
941,Daniel,Garcia,daniel.garcia941@example.com,San Diego,CA,United States,Consumer,2024-09-25
942,Emily,Brown,emily.brown942@example.com,San Antonio,TX,United States,Consumer,2023-01-06
943,Harper,Anderson,harper.anderson943@example.com,San Diego,CA,United States,Consumer,2024-08-30
944,Mia,Martin,mia.martin944@example.com,Philadelphia,PA,United States,SMB,2024-09-15
945,Michael,Martinez,michael.martinez945@example.com,New York,NY,United States,Enterprise,2023-04-06
946,Sophia,Taylor,sophia.taylor946@example.com,Dallas,TX,United States,Consumer,2024-02-20
947,Olivia,Williams,olivia.williams947@example.com,Philadelphia,PA,United States,Consumer,2023-07-12
948,Amelia,Hernandez,amelia.hernandez948@example.com,San Jose,CA,United States,Enterprise,2024-05-29
949,Emily,Wilson,emily.wilson949@example.com,New York,NY,United States,Consumer,2024-06-13
950,William,Rodriguez,william.rodriguez950@example.com,San Antonio,TX,United States,Consumer,2024-12-14
951,Gabriel,Jones,gabriel.jones951@example.com,Houston,TX,United States,SMB,2023-09-13
952,Emma,Gonzalez,emma.gonzalez952@example.com,San Diego,CA,United States,Consumer,2024-01-03
953,Mia,Wilson,mia.wilson953@example.com,San Jose,CA,United States,Consumer,2024-05-08
954,William,Wilson,william.wilson954@example.com,Chicago,IL,United States,Consumer,2023-04-26
955,Mia,Williams,mia.williams955@example.com,Phoenix,AZ,United States,Enterprise,2024-02-09
956,Alexander,Taylor,alexander.taylor956@example.com,Los Angeles,CA,United States,Consumer,2023-05-01
957,David,Thomas,david.thomas957@example.com,New York,NY,United States,SMB,2024-06-13
958,Amelia,Garcia,amelia.garcia958@example.com,Dallas,TX,United States,Consumer,2023-12-30
959,Gabriel,Thomas,gabriel.thomas959@example.com,San Jose,CA,United States,Consumer,2023-03-17
960,Sophia,Miller,sophia.miller960@example.com,Philadelphia,PA,United States,Consumer,2024-10-03
961,Gabriel,Davis,gabriel.davis961@example.com,San Antonio,TX,United States,Consumer,2024-12-03
962,Charlotte,Davis,charlotte.davis962@example.com,New York,NY,United States,Consumer,2023-03-04
963,Sophia,Davis,sophia.davis963@example.com,Phoenix,AZ,United States,Consumer,2023-03-31
964,Gabriel,Lopez,gabriel.lopez964@example.com,Phoenix,AZ,United States,Consumer,2024-10-24
965,Mia,Miller,mia.miller965@example.com,Houston,TX,United States,SMB,2023-05-04
966,Michael,Anderson,michael.anderson966@example.com,Houston,TX,United States,Consumer,2024-03-06
967,Henry,Gonzalez,henry.gonzalez967@example.com,San Jose,CA,United States,SMB,2023-01-21
968,Evelyn,Martin,evelyn.martin968@example.com,Dallas,TX,United States,Consumer,2023-06-13
969,Amelia,Moore,amelia.moore969@example.com,Phoenix,AZ,United States,Consumer,2023-01-30
970,Emma,Gonzalez,emma.gonzalez970@example.com,Philadelphia,PA,United States,Consumer,2023-08-09
971,Evelyn,Martin,evelyn.martin971@example.com,Houston,TX,United States,Consumer,2024-07-03
972,Gabriel,Anderson,gabriel.anderson972@example.com,Dallas,TX,United States,Consumer,2023-05-28
973,Sophia,Moore,sophia.moore973@example.com,Los Angeles,CA,United States,Consumer,2024-05-31
974,David,Jones,david.jones974@example.com,Philadelphia,PA,United States,Consumer,2023-10-27
975,Mia,Rodriguez,mia.rodriguez975@example.com,San Jose,CA,United States,Enterprise,2024-08-29
976,Henry,Martinez,henry.martinez976@example.com,Chicago,IL,United States,Consumer,2024-03-16
977,Henry,Johnson,henry.johnson977@example.com,Houston,TX,United States,Consumer,2023-05-18
978,Lucas,Thomas,lucas.thomas978@example.com,San Antonio,TX,United States,Consumer,2023-09-02
979,James,Hernandez,james.hernandez979@example.com,San Antonio,TX,United States,SMB,2023-12-07
980,Gabriel,Moore,gabriel.moore980@example.com,New York,NY,United States,Consumer,2023-08-13
981,James,Anderson,james.anderson981@example.com,Phoenix,AZ,United States,SMB,2024-09-09
982,Mia,Brown,mia.brown982@example.com,Chicago,IL,United States,Consumer,2024-02-14
983,Harper,Hernandez,harper.hernandez983@example.com,Chicago,IL,United States,Consumer,2023-01-12
984,Lucas,Johnson,lucas.johnson984@example.com,New York,NY,United States,Consumer,2024-10-17
985,Evelyn,Garcia,evelyn.garcia985@example.com,Dallas,TX,United States,Consumer,2023-04-06
986,Mia,Davis,mia.davis986@example.com,New York,NY,United States,Consumer,2023-12-27
987,Gabriel,Jones,gabriel.jones987@example.com,Philadelphia,PA,United States,Consumer,2024-12-20
988,Evelyn,Moore,evelyn.moore988@example.com,Dallas,TX,United States,Consumer,2023-12-02
989,Emma,Lopez,emma.lopez989@example.com,San Diego,CA,United States,Consumer,2023-03-14
990,William,Martinez,william.martinez990@example.com,Dallas,TX,United States,Consumer,2024-11-18
991,Emma,Smith,emma.smith991@example.com,Chicago,IL,United States,SMB,2024-09-27
992,Emma,Wilson,emma.wilson992@example.com,Los Angeles,CA,United States,SMB,2023-10-12
993,Daniel,Martin,daniel.martin993@example.com,San Antonio,TX,United States,Consumer,2023-10-07
994,Charlotte,Wilson,charlotte.wilson994@example.com,Phoenix,AZ,United States,Consumer,2024-10-19
995,Emma,Lopez,emma.lopez995@example.com,Philadelphia,PA,United States,SMB,2024-03-29
996,Sophia,Wilson,sophia.wilson996@example.com,Houston,TX,United States,SMB,2024-03-15
997,James,Gonzalez,james.gonzalez997@example.com,Houston,TX,United States,Enterprise,2023-05-28
998,Michael,Gonzalez,michael.gonzalez998@example.com,Phoenix,AZ,United States,Consumer,2024-03-27
999,Henry,Wilson,henry.wilson999@example.com,San Antonio,TX,United States,SMB,2024-12-18
1000,Amelia,Taylor,amelia.taylor1000@example.com,San Antonio,TX,United States,Consumer,2023-05-22
1001,Charlotte,Anderson,charlotte.anderson1001@example.com,New York,NY,United States,Consumer,2024-11-11
1002,Emily,Johnson,emily.johnson1002@example.com,Phoenix,AZ,United States,SMB,2023-04-19
1003,Isabella,Wilson,isabella.wilson1003@example.com,New York,NY,United States,SMB,2023-09-02
1004,Lucas,Jackson,lucas.jackson1004@example.com,Philadelphia,PA,United States,Consumer,2023-07-09
1005,Isabella,Gonzalez,isabella.gonzalez1005@example.com,Houston,TX,United States,SMB,2023-10-18
1006,Olivia,Johnson,olivia.johnson1006@example.com,Phoenix,AZ,United States,Consumer,2024-05-22
1007,Isabella,Smith,isabella.smith1007@example.com,Houston,TX,United States,Consumer,2024-08-30
1008,Gabriel,Hernandez,gabriel.hernandez1008@example.com,Philadelphia,PA,United States,Consumer,2024-12-30
1009,Evelyn,Wilson,evelyn.wilson1009@example.com,Chicago,IL,United States,Consumer,2023-07-12
1010,Gabriel,Smith,gabriel.smith1010@example.com,New York,NY,United States,Consumer,2024-12-06
1011,Olivia,Davis,olivia.davis1011@example.com,Chicago,IL,United States,Consumer,2024-11-03
1012,Michael,Jones,michael.jones1012@example.com,Houston,TX,United States,Consumer,2024-09-12
1013,Alexander,Brown,alexander.brown1013@example.com,Chicago,IL,United States,Consumer,2023-04-12
1014,David,Gonzalez,david.gonzalez1014@example.com,Dallas,TX,United States,Consumer,2023-03-27
1015,Gabriel,Gonzalez,gabriel.gonzalez1015@example.com,Philadelphia,PA,United States,Consumer,2023-02-12
1016,Evelyn,Davis,evelyn.davis1016@example.com,San Jose,CA,United States,Consumer,2024-09-18
1017,David,Gonzalez,david.gonzalez1017@example.com,Dallas,TX,United States,Consumer,2023-01-20
1018,Amelia,Miller,amelia.miller1018@example.com,Chicago,IL,United States,Consumer,2023-07-26
1019,Charlotte,Hernandez,charlotte.hernandez1019@example.com,San Jose,CA,United States,SMB,2023-02-11
1020,Olivia,Johnson,olivia.johnson1020@example.com,Chicago,IL,United States,Consumer,2024-03-23
1021,Evelyn,Garcia,evelyn.garcia1021@example.com,New York,NY,United States,SMB,2023-08-08
1022,Isabella,Davis,isabella.davis1022@example.com,Houston,TX,United States,Consumer,2024-01-11
1023,Alexander,Brown,alexander.brown1023@example.com,Dallas,TX,United States,SMB,2024-10-27
1024,Emily,Hernandez,emily.hernandez1024@example.com,Chicago,IL,United States,Consumer,2024-09-20
1025,Amelia,Gonzalez,amelia.gonzalez1025@example.com,Dallas,TX,United States,SMB,2024-01-16
1026,Evelyn,Brown,evelyn.brown1026@example.com,New York,NY,United States,Consumer,2023-01-07
1027,David,Rodriguez,david.rodriguez1027@example.com,San Antonio,TX,United States,Consumer,2024-03-04
1028,David,Anderson,david.anderson1028@example.com,Dallas,TX,United States,SMB,2024-06-21
1029,Henry,Smith,henry.smith1029@example.com,Houston,TX,United States,Consumer,2023-11-30
1030,Lucas,Williams,lucas.williams1030@example.com,Houston,TX,United States,SMB,2023-04-03
1031,Charlotte,Jackson,charlotte.jackson1031@example.com,Philadelphia,PA,United States,Consumer,2024-09-09
1032,Evelyn,Garcia,evelyn.garcia1032@example.com,San Antonio,TX,United States,Enterprise,2023-08-05
1033,Lucas,Moore,lucas.moore1033@example.com,New York,NY,United States,Consumer,2023-06-18
1034,Alexander,Thomas,alexander.thomas1034@example.com,Los Angeles,CA,United States,Consumer,2024-11-03
1035,Emma,Brown,emma.brown1035@example.com,New York,NY,United States,Consumer,2024-10-05
1036,Sophia,Smith,sophia.smith1036@example.com,San Antonio,TX,United States,Consumer,2024-04-22
1037,Michael,Davis,michael.davis1037@example.com,San Diego,CA,United States,Consumer,2023-10-19
1038,David,Wilson,david.wilson1038@example.com,Dallas,TX,United States,Consumer,2024-10-19
1039,Amelia,Williams,amelia.williams1039@example.com,Houston,TX,United States,Consumer,2024-02-25
1040,Amelia,Wilson,amelia.wilson1040@example.com,San Jose,CA,United States,Consumer,2023-02-08
1041,David,Johnson,david.johnson1041@example.com,Houston,TX,United States,Consumer,2024-06-13
1042,Alexander,Smith,alexander.smith1042@example.com,San Jose,CA,United States,Consumer,2024-08-21
1043,Olivia,Garcia,olivia.garcia1043@example.com,San Diego,CA,United States,Consumer,2024-10-25
1044,Daniel,Moore,daniel.moore1044@example.com,Phoenix,AZ,United States,Consumer,2024-06-25
1045,James,Martinez,james.martinez1045@example.com,Phoenix,AZ,United States,Enterprise,2024-06-07
1046,Alexander,Rodriguez,alexander.rodriguez1046@example.com,Philadelphia,PA,United States,Consumer,2024-02-09
1047,James,Hernandez,james.hernandez1047@example.com,Phoenix,AZ,United States,Consumer,2023-09-28
1048,Alexander,Lopez,alexander.lopez1048@example.com,Philadelphia,PA,United States,Consumer,2023-10-01
1049,David,Moore,david.moore1049@example.com,Philadelphia,PA,United States,SMB,2024-02-25
1050,Emily,Hernandez,emily.hernandez1050@example.com,Houston,TX,United States,Consumer,2024-12-22
1051,Emma,Johnson,emma.johnson1051@example.com,Philadelphia,PA,United States,SMB,2024-03-01
1052,Amelia,Wilson,amelia.wilson1052@example.com,San Antonio,TX,United States,Consumer,2024-02-16
1053,Henry,Taylor,henry.taylor1053@example.com,Dallas,TX,United States,SMB,2024-03-04
1054,Daniel,Jones,daniel.jones1054@example.com,San Jose,CA,United States,Consumer,2023-02-22
1055,Mia,Miller,mia.miller1055@example.com,San Jose,CA,United States,Consumer,2023-05-03
1056,Henry,Martinez,henry.martinez1056@example.com,Chicago,IL,United States,Consumer,2024-06-01
1057,Olivia,Gonzalez,olivia.gonzalez1057@example.com,Chicago,IL,United States,Consumer,2023-03-08
1058,Evelyn,Anderson,evelyn.anderson1058@example.com,Houston,TX,United States,Consumer,2024-11-21
1059,Joseph,Davis,joseph.davis1059@example.com,San Antonio,TX,United States,Consumer,2023-01-16
1060,Amelia,Rodriguez,amelia.rodriguez1060@example.com,Phoenix,AZ,United States,Consumer,2023-11-23
1061,Olivia,Johnson,olivia.johnson1061@example.com,Dallas,TX,United States,Consumer,2024-02-12
1062,Emily,Smith,emily.smith1062@example.com,San Jose,CA,United States,Consumer,2024-05-05
1063,Isabella,Taylor,isabella.taylor1063@example.com,Dallas,TX,United States,Consumer,2023-11-02
1064,Lucas,Wilson,lucas.wilson1064@example.com,Dallas,TX,United States,Consumer,2024-02-24
1065,David,Garcia,david.garcia1065@example.com,Phoenix,AZ,United States,Consumer,2024-03-02
1066,Joseph,Hernandez,joseph.hernandez1066@example.com,Los Angeles,CA,United States,Consumer,2023-11-11
1067,Henry,Anderson,henry.anderson1067@example.com,Dallas,TX,United States,Consumer,2023-08-20
1068,James,Brown,james.brown1068@example.com,Dallas,TX,United States,Enterprise,2023-11-19
1069,Olivia,Thomas,olivia.thomas1069@example.com,San Diego,CA,United States,Consumer,2024-03-07
1070,Joseph,Gonzalez,joseph.gonzalez1070@example.com,Phoenix,AZ,United States,Consumer,2024-06-20
1071,Harper,Anderson,harper.anderson1071@example.com,Los Angeles,CA,United States,Consumer,2023-03-07
1072,Joseph,Moore,joseph.moore1072@example.com,Los Angeles,CA,United States,Consumer,2023-04-21
1073,David,Jackson,david.jackson1073@example.com,Chicago,IL,United States,Consumer,2023-11-05
1074,Charlotte,Gonzalez,charlotte.gonzalez1074@example.com,San Diego,CA,United States,Consumer,2023-08-21
1075,David,Jackson,david.jackson1075@example.com,Los Angeles,CA,United States,SMB,2023-03-17
1076,James,Jackson,james.jackson1076@example.com,Houston,TX,United States,Consumer,2023-09-10
1077,Daniel,Williams,daniel.williams1077@example.com,Los Angeles,CA,United States,Consumer,2023-05-07
1078,Amelia,Garcia,amelia.garcia1078@example.com,San Antonio,TX,United States,Consumer,2023-11-06
1079,Amelia,Williams,amelia.williams1079@example.com,San Diego,CA,United States,SMB,2023-08-24
1080,Isabella,Rodriguez,isabella.rodriguez1080@example.com,New York,NY,United States,Consumer,2024-10-07
1081,David,Hernandez,david.hernandez1081@example.com,San Antonio,TX,United States,Consumer,2023-12-18
1082,David,Moore,david.moore1082@example.com,San Antonio,TX,United States,Consumer,2024-04-07
1083,Alexander,Gonzalez,alexander.gonzalez1083@example.com,Los Angeles,CA,United States,SMB,2023-03-29
1084,Isabella,Jackson,isabella.jackson1084@example.com,San Jose,CA,United States,SMB,2023-05-15
1085,Evelyn,Garcia,evelyn.garcia1085@example.com,Dallas,TX,United States,Consumer,2023-09-02
1086,Isabella,Thomas,isabella.thomas1086@example.com,New York,NY,United States,Consumer,2023-12-09
1087,Lucas,Rodriguez,lucas.rodriguez1087@example.com,Los Angeles,CA,United States,Consumer,2024-06-20
1088,William,Garcia,william.garcia1088@example.com,Dallas,TX,United States,Consumer,2024-07-03
1089,David,Wilson,david.wilson1089@example.com,Los Angeles,CA,United States,Consumer,2023-06-17
1090,Michael,Smith,michael.smith1090@example.com,San Diego,CA,United States,Consumer,2024-06-14
1091,Lucas,Martin,lucas.martin1091@example.com,San Diego,CA,United States,SMB,2023-02-04
1092,Sophia,Gonzalez,sophia.gonzalez1092@example.com,New York,NY,United States,Consumer,2024-05-22
1093,Emma,Thomas,emma.thomas1093@example.com,Los Angeles,CA,United States,SMB,2023-08-09
1094,Henry,Thomas,henry.thomas1094@example.com,Philadelphia,PA,United States,Consumer,2024-05-13
1095,Mia,Jackson,mia.jackson1095@example.com,New York,NY,United States,Consumer,2024-03-14
1096,Joseph,Garcia,joseph.garcia1096@example.com,Phoenix,AZ,United States,Consumer,2024-09-25
1097,William,Thomas,william.thomas1097@example.com,San Antonio,TX,United States,Consumer,2023-10-14
1098,Evelyn,Moore,evelyn.moore1098@example.com,San Diego,CA,United States,SMB,2024-01-16
1099,Gabriel,Brown,gabriel.brown1099@example.com,San Diego,CA,United States,Consumer,2024-06-04
1100,Sophia,Taylor,sophia.taylor1100@example.com,Chicago,IL,United States,Consumer,2023-03-10
1101,Evelyn,Anderson,evelyn.anderson1101@example.com,Los Angeles,CA,United States,Consumer,2024-09-14
1102,Joseph,Brown,joseph.brown1102@example.com,San Jose,CA,United States,SMB,2024-09-12
1103,William,Davis,william.davis1103@example.com,Chicago,IL,United States,Consumer,2024-05-10
1104,William,Hernandez,william.hernandez1104@example.com,Chicago,IL,United States,Consumer,2024-04-29
1105,Joseph,Brown,joseph.brown1105@example.com,San Diego,CA,United States,Consumer,2024-10-14
1106,Mia,Rodriguez,mia.rodriguez1106@example.com,Houston,TX,United States,Consumer,2023-07-18
1107,Alexander,Davis,alexander.davis1107@example.com,San Antonio,TX,United States,Consumer,2023-05-31
1108,Henry,Jones,henry.jones1108@example.com,San Antonio,TX,United States,Consumer,2023-03-30
1109,Evelyn,Lopez,evelyn.lopez1109@example.com,San Antonio,TX,United States,Consumer,2023-07-28
1110,Joseph,Miller,joseph.miller1110@example.com,San Jose,CA,United States,Consumer,2024-01-10
1111,Michael,Moore,michael.moore1111@example.com,Philadelphia,PA,United States,Consumer,2023-07-11
1112,Henry,Anderson,henry.anderson1112@example.com,San Diego,CA,United States,Consumer,2023-12-27
1113,Emily,Williams,emily.williams1113@example.com,San Antonio,TX,United States,Consumer,2023-09-27
1114,Olivia,Brown,olivia.brown1114@example.com,San Antonio,TX,United States,Consumer,2024-06-25
1115,Amelia,Anderson,amelia.anderson1115@example.com,Philadelphia,PA,United States,SMB,2023-08-20
1116,Harper,Thomas,harper.thomas1116@example.com,Houston,TX,United States,SMB,2024-08-17
1117,Joseph,Gonzalez,joseph.gonzalez1117@example.com,San Antonio,TX,United States,SMB,2023-06-04
1118,Sophia,Garcia,sophia.garcia1118@example.com,San Diego,CA,United States,SMB,2023-08-03
1119,Lucas,Wilson,lucas.wilson1119@example.com,San Diego,CA,United States,Consumer,2023-11-27
1120,Henry,Johnson,henry.johnson1120@example.com,Chicago,IL,United States,SMB,2023-03-16
1121,Charlotte,Jackson,charlotte.jackson1121@example.com,San Jose,CA,United States,Consumer,2024-11-18
1122,Alexander,Davis,alexander.davis1122@example.com,Chicago,IL,United States,Consumer,2023-04-22
1123,Alexander,Rodriguez,alexander.rodriguez1123@example.com,New York,NY,United States,SMB,2024-10-30
1124,Sophia,Williams,sophia.williams1124@example.com,Chicago,IL,United States,Consumer,2023-08-25
1125,James,Thomas,james.thomas1125@example.com,Philadelphia,PA,United States,Consumer,2023-06-21
1126,David,Martinez,david.martinez1126@example.com,Phoenix,AZ,United States,Consumer,2024-11-20
1127,Daniel,Rodriguez,daniel.rodriguez1127@example.com,New York,NY,United States,SMB,2024-03-07
1128,Michael,Martin,michael.martin1128@example.com,Chicago,IL,United States,Consumer,2023-04-26
1129,Amelia,Taylor,amelia.taylor1129@example.com,San Diego,CA,United States,Consumer,2024-09-19
1130,Harper,Wilson,harper.wilson1130@example.com,Los Angeles,CA,United States,Consumer,2023-12-01
1131,Gabriel,Moore,gabriel.moore1131@example.com,Houston,TX,United States,Consumer,2023-09-04
1132,Michael,Anderson,michael.anderson1132@example.com,Dallas,TX,United States,Consumer,2024-05-02
1133,Evelyn,Taylor,evelyn.taylor1133@example.com,New York,NY,United States,Consumer,2024-06-29
1134,Emily,Wilson,emily.wilson1134@example.com,Dallas,TX,United States,Consumer,2023-12-15
1135,Alexander,Garcia,alexander.garcia1135@example.com,San Diego,CA,United States,Consumer,2023-12-13
1136,Lucas,Jones,lucas.jones1136@example.com,Dallas,TX,United States,Consumer,2024-07-21
1137,Evelyn,Williams,evelyn.williams1137@example.com,Phoenix,AZ,United States,Consumer,2023-11-02
1138,Lucas,Hernandez,lucas.hernandez1138@example.com,New York,NY,United States,Consumer,2024-03-17
1139,Sophia,Miller,sophia.miller1139@example.com,Los Angeles,CA,United States,Consumer,2024-01-25
1140,Daniel,Jones,daniel.jones1140@example.com,Houston,TX,United States,Consumer,2024-03-23
1141,William,Jones,william.jones1141@example.com,San Diego,CA,United States,Consumer,2024-12-13
1142,Emma,Rodriguez,emma.rodriguez1142@example.com,Houston,TX,United States,SMB,2023-12-08
1143,Emma,Garcia,emma.garcia1143@example.com,New York,NY,United States,SMB,2024-06-13
1144,James,Smith,james.smith1144@example.com,San Diego,CA,United States,Consumer,2023-05-12
1145,Harper,Hernandez,harper.hernandez1145@example.com,New York,NY,United States,Consumer,2023-10-11
1146,Sophia,Garcia,sophia.garcia1146@example.com,Los Angeles,CA,United States,SMB,2024-08-21
1147,Lucas,Gonzalez,lucas.gonzalez1147@example.com,San Diego,CA,United States,Consumer,2023-01-18
1148,Lucas,Jones,lucas.jones1148@example.com,San Antonio,TX,United States,Consumer,2023-07-08
1149,Gabriel,Moore,gabriel.moore1149@example.com,San Antonio,TX,United States,Consumer,2023-07-01
1150,Emma,Brown,emma.brown1150@example.com,Chicago,IL,United States,Consumer,2023-03-12
1151,Mia,Miller,mia.miller1151@example.com,San Diego,CA,United States,Consumer,2024-08-04
1152,James,Brown,james.brown1152@example.com,New York,NY,United States,SMB,2023-02-21
1153,Charlotte,Rodriguez,charlotte.rodriguez1153@example.com,San Jose,CA,United States,Consumer,2024-03-10
1154,Olivia,Martin,olivia.martin1154@example.com,San Diego,CA,United States,Consumer,2024-02-15
1155,James,Taylor,james.taylor1155@example.com,New York,NY,United States,Consumer,2024-06-19
1156,Alexander,Jackson,alexander.jackson1156@example.com,Philadelphia,PA,United States,Consumer,2024-11-27
1157,Michael,Hernandez,michael.hernandez1157@example.com,Houston,TX,United States,Consumer,2023-05-06
1158,William,Martinez,william.martinez1158@example.com,Los Angeles,CA,United States,Consumer,2024-06-26
1159,Harper,Taylor,harper.taylor1159@example.com,Philadelphia,PA,United States,Consumer,2024-02-02
1160,Gabriel,Wilson,gabriel.wilson1160@example.com,San Diego,CA,United States,SMB,2023-10-05
1161,Henry,Lopez,henry.lopez1161@example.com,Los Angeles,CA,United States,Consumer,2023-04-24
1162,Evelyn,Garcia,evelyn.garcia1162@example.com,Phoenix,AZ,United States,Enterprise,2023-11-17
1163,Amelia,Lopez,amelia.lopez1163@example.com,Philadelphia,PA,United States,Consumer,2024-11-10
1164,James,Brown,james.brown1164@example.com,San Jose,CA,United States,SMB,2024-12-04
1165,Alexander,Lopez,alexander.lopez1165@example.com,Phoenix,AZ,United States,Consumer,2023-11-23
1166,Emma,Wilson,emma.wilson1166@example.com,Houston,TX,United States,Consumer,2023-07-25
1167,Alexander,Jackson,alexander.jackson1167@example.com,Los Angeles,CA,United States,Consumer,2023-01-10
1168,Lucas,Jones,lucas.jones1168@example.com,Philadelphia,PA,United States,SMB,2023-05-30
1169,Evelyn,Smith,evelyn.smith1169@example.com,Philadelphia,PA,United States,Consumer,2024-05-15
1170,Henry,Moore,henry.moore1170@example.com,Philadelphia,PA,United States,Consumer,2023-02-14
1171,Joseph,Miller,joseph.miller1171@example.com,San Jose,CA,United States,Consumer,2023-04-07
1172,Joseph,Jones,joseph.jones1172@example.com,Los Angeles,CA,United States,SMB,2024-07-20
1173,Amelia,Garcia,amelia.garcia1173@example.com,San Antonio,TX,United States,SMB,2024-12-20
1174,Michael,Anderson,michael.anderson1174@example.com,Chicago,IL,United States,Consumer,2024-02-17
1175,William,Rodriguez,william.rodriguez1175@example.com,San Antonio,TX,United States,SMB,2024-08-05
1176,Harper,Hernandez,harper.hernandez1176@example.com,San Antonio,TX,United States,Consumer,2024-09-08
1177,Charlotte,Martin,charlotte.martin1177@example.com,Philadelphia,PA,United States,Consumer,2023-04-13
1178,Emma,Brown,emma.brown1178@example.com,Phoenix,AZ,United States,Consumer,2023-05-06
1179,James,Martinez,james.martinez1179@example.com,Chicago,IL,United States,Consumer,2023-07-10
1180,Henry,Lopez,henry.lopez1180@example.com,San Diego,CA,United States,Consumer,2024-12-20
1181,Gabriel,Taylor,gabriel.taylor1181@example.com,Los Angeles,CA,United States,Consumer,2024-03-17
1182,Sophia,Moore,sophia.moore1182@example.com,San Antonio,TX,United States,Consumer,2023-01-13
1183,James,Hernandez,james.hernandez1183@example.com,San Jose,CA,United States,Consumer,2024-06-20
1184,David,Garcia,david.garcia1184@example.com,Dallas,TX,United States,Consumer,2024-03-04
1185,Charlotte,Smith,charlotte.smith1185@example.com,New York,NY,United States,SMB,2024-12-28
1186,Emma,Rodriguez,emma.rodriguez1186@example.com,Houston,TX,United States,Consumer,2023-12-03
1187,Harper,Thomas,harper.thomas1187@example.com,San Diego,CA,United States,Consumer,2024-12-15
1188,Harper,Martinez,harper.martinez1188@example.com,New York,NY,United States,SMB,2023-10-01
1189,Evelyn,Jones,evelyn.jones1189@example.com,Los Angeles,CA,United States,Consumer,2024-06-12
1190,Lucas,Brown,lucas.brown1190@example.com,Los Angeles,CA,United States,Consumer,2024-02-08
1191,Gabriel,Hernandez,gabriel.hernandez1191@example.com,Dallas,TX,United States,Consumer,2023-07-24
1192,Gabriel,Jones,gabriel.jones1192@example.com,San Antonio,TX,United States,Consumer,2024-06-14
1193,Charlotte,Taylor,charlotte.taylor1193@example.com,Los Angeles,CA,United States,Consumer,2024-04-24
1194,Emma,Smith,emma.smith1194@example.com,San Jose,CA,United States,Consumer,2023-09-30
1195,Emily,Taylor,emily.taylor1195@example.com,San Diego,CA,United States,Consumer,2024-10-04
1196,Michael,Davis,michael.davis1196@example.com,Houston,TX,United States,Consumer,2024-09-21
1197,Charlotte,Brown,charlotte.brown1197@example.com,San Diego,CA,United States,SMB,2023-07-08
1198,James,Taylor,james.taylor1198@example.com,Dallas,TX,United States,Consumer,2023-09-23
1199,Amelia,Davis,amelia.davis1199@example.com,San Antonio,TX,United States,Consumer,2023-05-14
1200,Amelia,Miller,amelia.miller1200@example.com,Dallas,TX,United States,Consumer,2023-11-30
1201,Charlotte,Miller,charlotte.miller1201@example.com,New York,NY,United States,Consumer,2024-06-21
1202,Evelyn,Williams,evelyn.williams1202@example.com,Houston,TX,United States,SMB,2023-03-09
1203,David,Johnson,david.johnson1203@example.com,New York,NY,United States,Enterprise,2023-05-20
1204,James,Gonzalez,james.gonzalez1204@example.com,San Diego,CA,United States,Consumer,2024-09-01
1205,Amelia,Brown,amelia.brown1205@example.com,San Diego,CA,United States,Consumer,2024-07-31
1206,Gabriel,Gonzalez,gabriel.gonzalez1206@example.com,San Antonio,TX,United States,SMB,2023-12-03
1207,Emma,Martin,emma.martin1207@example.com,Houston,TX,United States,Enterprise,2024-11-29
1208,Emily,Davis,emily.davis1208@example.com,Los Angeles,CA,United States,Enterprise,2024-05-26
1209,Amelia,Jackson,amelia.jackson1209@example.com,Los Angeles,CA,United States,Consumer,2024-07-09
1210,Olivia,Gonzalez,olivia.gonzalez1210@example.com,Houston,TX,United States,Consumer,2023-10-05
1211,Evelyn,Jackson,evelyn.jackson1211@example.com,San Diego,CA,United States,Consumer,2023-03-12
1212,Henry,Garcia,henry.garcia1212@example.com,Houston,TX,United States,SMB,2023-06-04
1213,Daniel,Thomas,daniel.thomas1213@example.com,San Antonio,TX,United States,Consumer,2024-03-18
1214,Gabriel,Williams,gabriel.williams1214@example.com,San Jose,CA,United States,SMB,2024-08-03
1215,Daniel,Rodriguez,daniel.rodriguez1215@example.com,Chicago,IL,United States,Consumer,2023-04-03
1216,Isabella,Hernandez,isabella.hernandez1216@example.com,Philadelphia,PA,United States,Consumer,2024-09-09
1217,Michael,Wilson,michael.wilson1217@example.com,San Antonio,TX,United States,Consumer,2023-01-14
1218,Olivia,Lopez,olivia.lopez1218@example.com,San Antonio,TX,United States,Consumer,2023-08-26
1219,Mia,Taylor,mia.taylor1219@example.com,New York,NY,United States,Consumer,2024-05-30
1220,Emma,Martinez,emma.martinez1220@example.com,Phoenix,AZ,United States,SMB,2023-08-02
1221,Harper,Jones,harper.jones1221@example.com,Chicago,IL,United States,Consumer,2024-10-03
1222,Mia,Johnson,mia.johnson1222@example.com,Philadelphia,PA,United States,Consumer,2024-01-27
1223,David,Lopez,david.lopez1223@example.com,Dallas,TX,United States,Consumer,2023-01-02
1224,David,Brown,david.brown1224@example.com,San Jose,CA,United States,SMB,2024-04-13
1225,Isabella,Brown,isabella.brown1225@example.com,San Jose,CA,United States,Consumer,2024-04-04
1226,Amelia,Moore,amelia.moore1226@example.com,Phoenix,AZ,United States,Consumer,2024-10-22
1227,Alexander,Martin,alexander.martin1227@example.com,San Diego,CA,United States,Consumer,2023-05-15
1228,Olivia,Garcia,olivia.garcia1228@example.com,Philadelphia,PA,United States,Consumer,2024-12-01
1229,Emily,Martinez,emily.martinez1229@example.com,San Antonio,TX,United States,Consumer,2024-03-21
1230,Lucas,Jackson,lucas.jackson1230@example.com,Los Angeles,CA,United States,Consumer,2023-10-21
1231,Mia,Davis,mia.davis1231@example.com,Phoenix,AZ,United States,Consumer,2023-09-05
1232,Alexander,Smith,alexander.smith1232@example.com,Los Angeles,CA,United States,SMB,2023-12-18
1233,Mia,Martinez,mia.martinez1233@example.com,Dallas,TX,United States,Consumer,2023-06-29
1234,Mia,Hernandez,mia.hernandez1234@example.com,San Antonio,TX,United States,Consumer,2023-02-26
1235,Alexander,Davis,alexander.davis1235@example.com,New York,NY,United States,Consumer,2023-08-01
1236,Gabriel,Smith,gabriel.smith1236@example.com,Phoenix,AZ,United States,Consumer,2023-08-14
1237,Henry,Moore,henry.moore1237@example.com,Philadelphia,PA,United States,Consumer,2024-02-06
1238,Isabella,Lopez,isabella.lopez1238@example.com,Phoenix,AZ,United States,SMB,2023-12-09
1239,David,Johnson,david.johnson1239@example.com,San Jose,CA,United States,SMB,2023-08-06
1240,Gabriel,Gonzalez,gabriel.gonzalez1240@example.com,San Diego,CA,United States,Consumer,2024-08-23
1241,Henry,Moore,henry.moore1241@example.com,Phoenix,AZ,United States,Consumer,2023-10-02
1242,Amelia,Smith,amelia.smith1242@example.com,San Diego,CA,United States,Consumer,2024-06-29
1243,Isabella,Moore,isabella.moore1243@example.com,Dallas,TX,United States,Consumer,2023-04-22
1244,Joseph,Jackson,joseph.jackson1244@example.com,Chicago,IL,United States,Consumer,2023-03-31
1245,Emily,Johnson,emily.johnson1245@example.com,Los Angeles,CA,United States,SMB,2024-08-11
1246,Emily,Johnson,emily.johnson1246@example.com,Phoenix,AZ,United States,SMB,2023-10-09
1247,Emily,Thomas,emily.thomas1247@example.com,San Antonio,TX,United States,SMB,2023-09-11
1248,Gabriel,Jones,gabriel.jones1248@example.com,Phoenix,AZ,United States,SMB,2024-04-03
1249,Joseph,Rodriguez,joseph.rodriguez1249@example.com,Phoenix,AZ,United States,Consumer,2024-01-01
1250,Mia,Miller,mia.miller1250@example.com,San Diego,CA,United States,Consumer,2024-02-20
1251,Gabriel,Thomas,gabriel.thomas1251@example.com,Houston,TX,United States,Consumer,2024-12-10
1252,David,Lopez,david.lopez1252@example.com,San Jose,CA,United States,Enterprise,2024-02-25
1253,Amelia,Gonzalez,amelia.gonzalez1253@example.com,New York,NY,United States,SMB,2023-08-07
1254,Joseph,Thomas,joseph.thomas1254@example.com,Houston,TX,United States,Consumer,2024-09-07
1255,Mia,Lopez,mia.lopez1255@example.com,San Jose,CA,United States,Consumer,2023-12-23
1256,James,Rodriguez,james.rodriguez1256@example.com,Phoenix,AZ,United States,Consumer,2024-11-24
1257,Michael,Jones,michael.jones1257@example.com,Los Angeles,CA,United States,SMB,2023-08-14
1258,Mia,Gonzalez,mia.gonzalez1258@example.com,San Jose,CA,United States,Consumer,2024-08-12
1259,Olivia,Brown,olivia.brown1259@example.com,Phoenix,AZ,United States,Consumer,2024-06-28
1260,William,Davis,william.davis1260@example.com,Phoenix,AZ,United States,Consumer,2023-11-03
1261,Gabriel,Garcia,gabriel.garcia1261@example.com,Phoenix,AZ,United States,Consumer,2023-08-09
1262,Henry,Martinez,henry.martinez1262@example.com,Philadelphia,PA,United States,SMB,2023-01-04
1263,Amelia,Davis,amelia.davis1263@example.com,Houston,TX,United States,Consumer,2023-10-08
1264,Emma,Brown,emma.brown1264@example.com,Phoenix,AZ,United States,SMB,2024-06-04
1265,Harper,Hernandez,harper.hernandez1265@example.com,Chicago,IL,United States,Consumer,2024-05-24
1266,Emma,Rodriguez,emma.rodriguez1266@example.com,Houston,TX,United States,Consumer,2024-02-29
1267,Harper,Anderson,harper.anderson1267@example.com,San Jose,CA,United States,Consumer,2023-12-02
1268,Daniel,Johnson,daniel.johnson1268@example.com,San Jose,CA,United States,Consumer,2024-05-27
1269,Lucas,Thomas,lucas.thomas1269@example.com,San Diego,CA,United States,SMB,2024-11-16
1270,Alexander,Taylor,alexander.taylor1270@example.com,Philadelphia,PA,United States,Consumer,2023-05-30
1271,William,Brown,william.brown1271@example.com,San Antonio,TX,United States,Consumer,2023-08-03
1272,Isabella,Anderson,isabella.anderson1272@example.com,San Diego,CA,United States,Consumer,2024-07-13
1273,Emma,Taylor,emma.taylor1273@example.com,San Jose,CA,United States,Consumer,2023-03-21
1274,Joseph,Anderson,joseph.anderson1274@example.com,Houston,TX,United States,Consumer,2024-04-08
1275,Emily,Brown,emily.brown1275@example.com,Chicago,IL,United States,Consumer,2023-08-02
1276,Harper,Moore,harper.moore1276@example.com,San Antonio,TX,United States,Consumer,2024-09-27
1277,Sophia,Lopez,sophia.lopez1277@example.com,San Jose,CA,United States,Consumer,2023-09-03
1278,Gabriel,Thomas,gabriel.thomas1278@example.com,Phoenix,AZ,United States,Consumer,2023-05-25
1279,Joseph,Jackson,joseph.jackson1279@example.com,Los Angeles,CA,United States,Consumer,2023-07-25
1280,Sophia,Martin,sophia.martin1280@example.com,Houston,TX,United States,Consumer,2023-01-19
1281,Alexander,Lopez,alexander.lopez1281@example.com,Phoenix,AZ,United States,Consumer,2024-08-02
1282,Emma,Jones,emma.jones1282@example.com,San Antonio,TX,United States,Consumer,2023-02-11
1283,Alexander,Jones,alexander.jones1283@example.com,San Jose,CA,United States,Consumer,2024-01-29
1284,Henry,Davis,henry.davis1284@example.com,New York,NY,United States,Enterprise,2024-08-26
1285,Charlotte,Taylor,charlotte.taylor1285@example.com,Dallas,TX,United States,SMB,2023-05-25
1286,Evelyn,Davis,evelyn.davis1286@example.com,Philadelphia,PA,United States,Consumer,2023-06-20
1287,Sophia,Moore,sophia.moore1287@example.com,New York,NY,United States,SMB,2024-10-14
1288,James,Hernandez,james.hernandez1288@example.com,New York,NY,United States,Consumer,2024-01-13
1289,Olivia,Smith,olivia.smith1289@example.com,San Antonio,TX,United States,Consumer,2023-08-07
1290,Amelia,Wilson,amelia.wilson1290@example.com,San Antonio,TX,United States,Consumer,2024-01-07
1291,Daniel,Moore,daniel.moore1291@example.com,Philadelphia,PA,United States,Consumer,2023-02-26
1292,James,Smith,james.smith1292@example.com,Chicago,IL,United States,Consumer,2024-03-01
1293,William,Davis,william.davis1293@example.com,Chicago,IL,United States,Consumer,2023-06-02
1294,Olivia,Gonzalez,olivia.gonzalez1294@example.com,San Antonio,TX,United States,Consumer,2024-03-11
1295,Emma,Thomas,emma.thomas1295@example.com,San Antonio,TX,United States,Consumer,2023-07-17
1296,Joseph,Taylor,joseph.taylor1296@example.com,San Antonio,TX,United States,Consumer,2023-07-20
1297,Emma,Jackson,emma.jackson1297@example.com,Chicago,IL,United States,Consumer,2024-05-18
1298,Mia,Martinez,mia.martinez1298@example.com,Houston,TX,United States,Consumer,2023-11-25
1299,Gabriel,Johnson,gabriel.johnson1299@example.com,Houston,TX,United States,SMB,2023-01-19
1300,Alexander,Moore,alexander.moore1300@example.com,Phoenix,AZ,United States,SMB,2023-03-22
1301,Isabella,Gonzalez,isabella.gonzalez1301@example.com,Houston,TX,United States,Consumer,2024-12-09
1302,Sophia,Rodriguez,sophia.rodriguez1302@example.com,Houston,TX,United States,Consumer,2023-11-03
1303,Daniel,Moore,daniel.moore1303@example.com,San Jose,CA,United States,Consumer,2023-02-26
1304,Harper,Taylor,harper.taylor1304@example.com,San Diego,CA,United States,Consumer,2024-12-15
1305,Lucas,Smith,lucas.smith1305@example.com,Dallas,TX,United States,Consumer,2023-09-28
1306,Michael,Jackson,michael.jackson1306@example.com,Houston,TX,United States,Consumer,2023-11-17
1307,Joseph,Smith,joseph.smith1307@example.com,San Jose,CA,United States,Consumer,2023-02-16
1308,Alexander,Moore,alexander.moore1308@example.com,Los Angeles,CA,United States,SMB,2024-11-09
1309,Harper,Lopez,harper.lopez1309@example.com,San Diego,CA,United States,SMB,2024-04-23
1310,Alexander,Brown,alexander.brown1310@example.com,Los Angeles,CA,United States,Consumer,2024-05-22
1311,William,Rodriguez,william.rodriguez1311@example.com,San Diego,CA,United States,Consumer,2023-09-12
1312,Harper,Jones,harper.jones1312@example.com,Houston,TX,United States,Enterprise,2023-06-16
1313,Emily,Johnson,emily.johnson1313@example.com,Philadelphia,PA,United States,Consumer,2023-06-08
1314,Evelyn,Garcia,evelyn.garcia1314@example.com,San Antonio,TX,United States,SMB,2023-03-09
1315,James,Miller,james.miller1315@example.com,Dallas,TX,United States,Consumer,2023-12-17
1316,Daniel,Lopez,daniel.lopez1316@example.com,Los Angeles,CA,United States,SMB,2023-12-24
1317,Alexander,Moore,alexander.moore1317@example.com,Los Angeles,CA,United States,Consumer,2024-08-08
1318,Emily,Taylor,emily.taylor1318@example.com,Houston,TX,United States,Consumer,2023-11-23
1319,Henry,Miller,henry.miller1319@example.com,San Antonio,TX,United States,Consumer,2024-11-04
1320,Olivia,Gonzalez,olivia.gonzalez1320@example.com,San Jose,CA,United States,Consumer,2023-06-28
1321,Emily,Anderson,emily.anderson1321@example.com,Philadelphia,PA,United States,Consumer,2024-11-20
1322,Michael,Williams,michael.williams1322@example.com,Philadelphia,PA,United States,Consumer,2023-03-15
1323,Emily,Thomas,emily.thomas1323@example.com,New York,NY,United States,Consumer,2024-06-02
1324,Emma,Brown,emma.brown1324@example.com,San Jose,CA,United States,SMB,2023-08-19
1325,Evelyn,Garcia,evelyn.garcia1325@example.com,Chicago,IL,United States,SMB,2023-11-21
1326,William,Gonzalez,william.gonzalez1326@example.com,Chicago,IL,United States,Consumer,2023-10-04
1327,Sophia,Williams,sophia.williams1327@example.com,Chicago,IL,United States,Consumer,2023-11-20
1328,Isabella,Thomas,isabella.thomas1328@example.com,Philadelphia,PA,United States,Consumer,2024-04-23
1329,Isabella,Gonzalez,isabella.gonzalez1329@example.com,Houston,TX,United States,Consumer,2023-05-21
1330,Lucas,Brown,lucas.brown1330@example.com,San Diego,CA,United States,Consumer,2023-08-29
1331,William,Johnson,william.johnson1331@example.com,Dallas,TX,United States,Consumer,2024-08-11
1332,Evelyn,Hernandez,evelyn.hernandez1332@example.com,San Jose,CA,United States,Consumer,2024-06-17
1333,Michael,Williams,michael.williams1333@example.com,San Jose,CA,United States,SMB,2024-01-31
1334,Evelyn,Miller,evelyn.miller1334@example.com,San Antonio,TX,United States,Consumer,2023-01-13
1335,Joseph,Lopez,joseph.lopez1335@example.com,San Diego,CA,United States,Consumer,2023-12-19
1336,Amelia,Gonzalez,amelia.gonzalez1336@example.com,Chicago,IL,United States,Consumer,2023-09-16
1337,David,Miller,david.miller1337@example.com,Phoenix,AZ,United States,Consumer,2023-07-03
1338,Evelyn,Johnson,evelyn.johnson1338@example.com,Chicago,IL,United States,Consumer,2024-12-12
1339,Joseph,Miller,joseph.miller1339@example.com,Los Angeles,CA,United States,Consumer,2023-03-11
1340,Evelyn,Johnson,evelyn.johnson1340@example.com,Los Angeles,CA,United States,Consumer,2024-04-08
1341,Alexander,Miller,alexander.miller1341@example.com,New York,NY,United States,SMB,2024-07-10
1342,Charlotte,Garcia,charlotte.garcia1342@example.com,Philadelphia,PA,United States,SMB,2024-10-03
1343,Evelyn,Anderson,evelyn.anderson1343@example.com,New York,NY,United States,Consumer,2024-08-06
1344,Evelyn,Smith,evelyn.smith1344@example.com,Philadelphia,PA,United States,Consumer,2024-09-17
1345,Alexander,Moore,alexander.moore1345@example.com,Philadelphia,PA,United States,Consumer,2024-01-09
1346,Henry,Martinez,henry.martinez1346@example.com,San Jose,CA,United States,Consumer,2024-09-26
1347,Harper,Smith,harper.smith1347@example.com,Philadelphia,PA,United States,Consumer,2023-12-24
1348,Emma,Gonzalez,emma.gonzalez1348@example.com,Dallas,TX,United States,Consumer,2024-04-08
1349,Alexander,Gonzalez,alexander.gonzalez1349@example.com,Houston,TX,United States,Consumer,2023-07-08
1350,Joseph,Miller,joseph.miller1350@example.com,San Jose,CA,United States,Consumer,2024-07-12
1351,Olivia,Jones,olivia.jones1351@example.com,San Antonio,TX,United States,SMB,2024-07-18
1352,Amelia,Jackson,amelia.jackson1352@example.com,Dallas,TX,United States,Consumer,2024-07-29
1353,Henry,Miller,henry.miller1353@example.com,Houston,TX,United States,SMB,2023-01-03
1354,Evelyn,Hernandez,evelyn.hernandez1354@example.com,New York,NY,United States,Consumer,2024-03-17
1355,James,Miller,james.miller1355@example.com,Philadelphia,PA,United States,Consumer,2023-02-15
1356,Sophia,Hernandez,sophia.hernandez1356@example.com,Los Angeles,CA,United States,Consumer,2023-05-03
1357,Michael,Williams,michael.williams1357@example.com,San Antonio,TX,United States,SMB,2023-10-08
1358,Evelyn,Williams,evelyn.williams1358@example.com,Chicago,IL,United States,Consumer,2023-07-29
1359,Mia,Jones,mia.jones1359@example.com,Dallas,TX,United States,Consumer,2023-09-15
1360,Olivia,Martinez,olivia.martinez1360@example.com,Los Angeles,CA,United States,Consumer,2023-03-17
1361,Lucas,Anderson,lucas.anderson1361@example.com,Philadelphia,PA,United States,Enterprise,2024-11-19
1362,Daniel,Wilson,daniel.wilson1362@example.com,San Jose,CA,United States,SMB,2024-12-01
1363,Olivia,Lopez,olivia.lopez1363@example.com,San Jose,CA,United States,Consumer,2024-08-06
1364,Gabriel,Thomas,gabriel.thomas1364@example.com,New York,NY,United States,Consumer,2024-10-17
1365,Evelyn,Anderson,evelyn.anderson1365@example.com,San Diego,CA,United States,Consumer,2023-07-27
1366,Emma,Garcia,emma.garcia1366@example.com,San Jose,CA,United States,Consumer,2024-11-28
1367,Olivia,Wilson,olivia.wilson1367@example.com,Dallas,TX,United States,Consumer,2024-03-31
1368,Alexander,Garcia,alexander.garcia1368@example.com,Phoenix,AZ,United States,SMB,2023-07-19
1369,Evelyn,Davis,evelyn.davis1369@example.com,San Jose,CA,United States,Consumer,2023-10-29
1370,Amelia,Rodriguez,amelia.rodriguez1370@example.com,San Jose,CA,United States,Consumer,2024-01-29
1371,Amelia,Brown,amelia.brown1371@example.com,Houston,TX,United States,Consumer,2023-12-31
1372,Alexander,Rodriguez,alexander.rodriguez1372@example.com,San Diego,CA,United States,Consumer,2023-04-03
1373,Amelia,Garcia,amelia.garcia1373@example.com,Phoenix,AZ,United States,Consumer,2023-08-13
1374,Joseph,Jackson,joseph.jackson1374@example.com,New York,NY,United States,SMB,2023-08-08
1375,Daniel,Martinez,daniel.martinez1375@example.com,San Antonio,TX,United States,Consumer,2023-02-11
1376,Charlotte,Johnson,charlotte.johnson1376@example.com,Dallas,TX,United States,SMB,2023-03-14
1377,James,Martinez,james.martinez1377@example.com,San Jose,CA,United States,Consumer,2024-10-26
1378,Michael,Garcia,michael.garcia1378@example.com,San Jose,CA,United States,SMB,2023-11-22
1379,Harper,Johnson,harper.johnson1379@example.com,Philadelphia,PA,United States,SMB,2024-02-08
1380,Amelia,Martin,amelia.martin1380@example.com,New York,NY,United States,Consumer,2023-07-28
1381,Evelyn,Gonzalez,evelyn.gonzalez1381@example.com,Dallas,TX,United States,SMB,2024-05-09
1382,David,Lopez,david.lopez1382@example.com,San Jose,CA,United States,Consumer,2024-03-24
1383,Mia,Williams,mia.williams1383@example.com,San Diego,CA,United States,Consumer,2024-06-23
1384,Isabella,Thomas,isabella.thomas1384@example.com,New York,NY,United States,Consumer,2023-08-31
1385,Amelia,Anderson,amelia.anderson1385@example.com,Dallas,TX,United States,SMB,2024-12-05
1386,Henry,Brown,henry.brown1386@example.com,Phoenix,AZ,United States,Consumer,2024-04-27
1387,David,Moore,david.moore1387@example.com,Los Angeles,CA,United States,SMB,2023-04-13
1388,Harper,Miller,harper.miller1388@example.com,San Antonio,TX,United States,Consumer,2023-09-16
1389,Lucas,Smith,lucas.smith1389@example.com,Phoenix,AZ,United States,Consumer,2023-06-25
1390,William,Miller,william.miller1390@example.com,Houston,TX,United States,Consumer,2023-10-03
1391,Sophia,Gonzalez,sophia.gonzalez1391@example.com,New York,NY,United States,Consumer,2023-07-07
1392,Amelia,Brown,amelia.brown1392@example.com,Dallas,TX,United States,Consumer,2024-03-14
1393,Henry,Smith,henry.smith1393@example.com,Phoenix,AZ,United States,Consumer,2024-10-01
1394,David,Gonzalez,david.gonzalez1394@example.com,Houston,TX,United States,Consumer,2023-12-23
1395,Sophia,Brown,sophia.brown1395@example.com,Houston,TX,United States,SMB,2024-11-22
1396,Harper,Thomas,harper.thomas1396@example.com,Dallas,TX,United States,Consumer,2024-06-17
1397,Sophia,Lopez,sophia.lopez1397@example.com,San Antonio,TX,United States,Consumer,2024-07-12
1398,Lucas,Thomas,lucas.thomas1398@example.com,Chicago,IL,United States,Consumer,2023-03-14
1399,Lucas,Jones,lucas.jones1399@example.com,Los Angeles,CA,United States,Consumer,2023-06-25
1400,James,Williams,james.williams1400@example.com,San Jose,CA,United States,SMB,2024-05-09
1401,Emma,Jackson,emma.jackson1401@example.com,Dallas,TX,United States,SMB,2023-07-30
1402,Harper,Thomas,harper.thomas1402@example.com,Houston,TX,United States,Consumer,2023-05-20
1403,Charlotte,Lopez,charlotte.lopez1403@example.com,Chicago,IL,United States,SMB,2024-01-24
1404,Mia,Martinez,mia.martinez1404@example.com,New York,NY,United States,SMB,2023-03-10
1405,William,Taylor,william.taylor1405@example.com,New York,NY,United States,SMB,2023-04-10
1406,Harper,Wilson,harper.wilson1406@example.com,Dallas,TX,United States,Consumer,2023-05-23
1407,Mia,Anderson,mia.anderson1407@example.com,Houston,TX,United States,Consumer,2023-03-23
1408,Lucas,Lopez,lucas.lopez1408@example.com,San Antonio,TX,United States,Enterprise,2024-12-20
1409,Michael,Jackson,michael.jackson1409@example.com,Los Angeles,CA,United States,Consumer,2023-03-03
1410,Olivia,Gonzalez,olivia.gonzalez1410@example.com,San Jose,CA,United States,SMB,2024-12-22
1411,Evelyn,Thomas,evelyn.thomas1411@example.com,Dallas,TX,United States,Consumer,2023-11-09
1412,Sophia,Wilson,sophia.wilson1412@example.com,New York,NY,United States,Consumer,2023-04-02
1413,Isabella,Lopez,isabella.lopez1413@example.com,Los Angeles,CA,United States,Consumer,2023-08-24
1414,Daniel,Gonzalez,daniel.gonzalez1414@example.com,Dallas,TX,United States,Consumer,2023-08-22
1415,Michael,Moore,michael.moore1415@example.com,Chicago,IL,United States,Consumer,2024-04-18
1416,William,Johnson,william.johnson1416@example.com,Chicago,IL,United States,Consumer,2024-03-05
1417,Henry,Gonzalez,henry.gonzalez1417@example.com,San Antonio,TX,United States,Consumer,2023-10-27
1418,William,Johnson,william.johnson1418@example.com,Philadelphia,PA,United States,Consumer,2023-06-21
1419,Emily,Anderson,emily.anderson1419@example.com,Los Angeles,CA,United States,Consumer,2023-12-18
1420,Charlotte,Jones,charlotte.jones1420@example.com,San Jose,CA,United States,SMB,2023-04-16
1421,David,Johnson,david.johnson1421@example.com,Phoenix,AZ,United States,Consumer,2023-10-13
1422,Olivia,Williams,olivia.williams1422@example.com,Chicago,IL,United States,Consumer,2023-01-26
1423,Olivia,Hernandez,olivia.hernandez1423@example.com,San Jose,CA,United States,Consumer,2024-12-16
1424,Emma,Hernandez,emma.hernandez1424@example.com,San Antonio,TX,United States,Consumer,2023-12-20
1425,Sophia,Davis,sophia.davis1425@example.com,Houston,TX,United States,Consumer,2024-07-11
1426,Harper,Hernandez,harper.hernandez1426@example.com,San Diego,CA,United States,Consumer,2024-09-01
1427,William,Jackson,william.jackson1427@example.com,Houston,TX,United States,SMB,2024-05-02
1428,Daniel,Hernandez,daniel.hernandez1428@example.com,San Diego,CA,United States,Consumer,2023-07-30
1429,Isabella,Jackson,isabella.jackson1429@example.com,Los Angeles,CA,United States,SMB,2024-11-12
1430,William,Smith,william.smith1430@example.com,Chicago,IL,United States,SMB,2023-08-17
1431,Gabriel,Thomas,gabriel.thomas1431@example.com,San Antonio,TX,United States,Consumer,2024-10-08
1432,Emily,Davis,emily.davis1432@example.com,Phoenix,AZ,United States,Consumer,2023-04-16
1433,Daniel,Taylor,daniel.taylor1433@example.com,San Jose,CA,United States,Consumer,2023-05-13
1434,Joseph,Smith,joseph.smith1434@example.com,San Antonio,TX,United States,Consumer,2023-01-18
1435,Amelia,Gonzalez,amelia.gonzalez1435@example.com,San Antonio,TX,United States,Consumer,2024-10-27
1436,Lucas,Garcia,lucas.garcia1436@example.com,Los Angeles,CA,United States,SMB,2024-01-04
1437,Harper,Garcia,harper.garcia1437@example.com,San Jose,CA,United States,Consumer,2023-08-04
1438,William,Davis,william.davis1438@example.com,San Jose,CA,United States,Consumer,2024-03-21
1439,Olivia,Wilson,olivia.wilson1439@example.com,Philadelphia,PA,United States,Enterprise,2023-09-03
1440,Alexander,Lopez,alexander.lopez1440@example.com,Chicago,IL,United States,SMB,2023-10-05
1441,Amelia,Miller,amelia.miller1441@example.com,San Diego,CA,United States,Consumer,2024-08-23
1442,William,Martinez,william.martinez1442@example.com,Phoenix,AZ,United States,Consumer,2024-11-25
1443,Gabriel,Martin,gabriel.martin1443@example.com,Los Angeles,CA,United States,SMB,2023-08-14
1444,Emma,Williams,emma.williams1444@example.com,Philadelphia,PA,United States,Consumer,2023-05-11
1445,Olivia,Thomas,olivia.thomas1445@example.com,New York,NY,United States,Consumer,2024-02-07
1446,Alexander,Rodriguez,alexander.rodriguez1446@example.com,Houston,TX,United States,Consumer,2024-04-04
1447,David,Brown,david.brown1447@example.com,Phoenix,AZ,United States,Consumer,2023-05-09
1448,Harper,Lopez,harper.lopez1448@example.com,Dallas,TX,United States,Consumer,2023-05-10
1449,Amelia,Thomas,amelia.thomas1449@example.com,San Diego,CA,United States,Consumer,2023-04-09
1450,David,Wilson,david.wilson1450@example.com,Chicago,IL,United States,Consumer,2024-05-10
1451,Mia,Rodriguez,mia.rodriguez1451@example.com,San Jose,CA,United States,SMB,2023-07-11
1452,Henry,Johnson,henry.johnson1452@example.com,San Diego,CA,United States,Enterprise,2023-08-03
1453,Henry,Davis,henry.davis1453@example.com,San Jose,CA,United States,Consumer,2024-06-24
1454,Charlotte,Thomas,charlotte.thomas1454@example.com,New York,NY,United States,Consumer,2024-03-12
1455,Harper,Rodriguez,harper.rodriguez1455@example.com,Philadelphia,PA,United States,Consumer,2024-08-21
1456,James,Martinez,james.martinez1456@example.com,Philadelphia,PA,United States,Consumer,2024-07-09
1457,Joseph,Taylor,joseph.taylor1457@example.com,San Diego,CA,United States,Enterprise,2024-05-20
1458,Emily,Miller,emily.miller1458@example.com,Los Angeles,CA,United States,Consumer,2023-09-05
1459,Daniel,Rodriguez,daniel.rodriguez1459@example.com,Phoenix,AZ,United States,Consumer,2023-09-24
1460,Lucas,Johnson,lucas.johnson1460@example.com,San Diego,CA,United States,Consumer,2024-11-03
1461,Charlotte,Jones,charlotte.jones1461@example.com,Chicago,IL,United States,Consumer,2023-08-08
1462,David,Johnson,david.johnson1462@example.com,San Diego,CA,United States,Consumer,2024-09-08
1463,Emma,Miller,emma.miller1463@example.com,Phoenix,AZ,United States,Consumer,2024-06-16
1464,Evelyn,Gonzalez,evelyn.gonzalez1464@example.com,Phoenix,AZ,United States,Consumer,2023-01-20
1465,Olivia,Martin,olivia.martin1465@example.com,Los Angeles,CA,United States,Consumer,2024-06-20
1466,Olivia,Rodriguez,olivia.rodriguez1466@example.com,Dallas,TX,United States,Consumer,2023-11-19
1467,Henry,Jones,henry.jones1467@example.com,Chicago,IL,United States,Consumer,2024-07-13
1468,Henry,Williams,henry.williams1468@example.com,Phoenix,AZ,United States,Consumer,2023-07-24
1469,Michael,Martin,michael.martin1469@example.com,Phoenix,AZ,United States,SMB,2024-04-16
1470,James,Davis,james.davis1470@example.com,San Diego,CA,United States,Consumer,2023-07-31
1471,Harper,Martin,harper.martin1471@example.com,San Jose,CA,United States,Enterprise,2024-07-04
1472,Amelia,Anderson,amelia.anderson1472@example.com,Dallas,TX,United States,Consumer,2024-05-12
1473,Harper,Gonzalez,harper.gonzalez1473@example.com,Los Angeles,CA,United States,Consumer,2024-06-10
1474,Daniel,Thomas,daniel.thomas1474@example.com,Dallas,TX,United States,SMB,2023-11-26
1475,Lucas,Moore,lucas.moore1475@example.com,San Antonio,TX,United States,Consumer,2024-05-30
1476,Amelia,Williams,amelia.williams1476@example.com,San Jose,CA,United States,SMB,2024-06-24
1477,Charlotte,Anderson,charlotte.anderson1477@example.com,New York,NY,United States,Consumer,2023-06-02
1478,David,Taylor,david.taylor1478@example.com,San Jose,CA,United States,Consumer,2024-02-02
1479,Henry,Miller,henry.miller1479@example.com,San Diego,CA,United States,SMB,2024-08-11
1480,Charlotte,Smith,charlotte.smith1480@example.com,San Antonio,TX,United States,Consumer,2024-05-02
1481,James,Taylor,james.taylor1481@example.com,Chicago,IL,United States,SMB,2023-11-22
1482,Daniel,Johnson,daniel.johnson1482@example.com,Houston,TX,United States,Enterprise,2024-12-08
1483,David,Thomas,david.thomas1483@example.com,San Jose,CA,United States,Consumer,2024-03-20
1484,Lucas,Thomas,lucas.thomas1484@example.com,San Antonio,TX,United States,SMB,2023-09-29
1485,Amelia,Davis,amelia.davis1485@example.com,Chicago,IL,United States,Enterprise,2023-01-21
1486,Sophia,Thomas,sophia.thomas1486@example.com,New York,NY,United States,Consumer,2023-10-15
1487,Evelyn,Johnson,evelyn.johnson1487@example.com,Dallas,TX,United States,Consumer,2024-08-26
1488,Olivia,Williams,olivia.williams1488@example.com,Houston,TX,United States,Consumer,2023-04-13
1489,James,Jones,james.jones1489@example.com,Philadelphia,PA,United States,Consumer,2023-08-14
1490,Joseph,Wilson,joseph.wilson1490@example.com,San Jose,CA,United States,Consumer,2023-07-01
1491,Mia,Taylor,mia.taylor1491@example.com,San Diego,CA,United States,Consumer,2024-02-24
1492,Amelia,Gonzalez,amelia.gonzalez1492@example.com,Philadelphia,PA,United States,Consumer,2023-01-25
1493,Evelyn,Moore,evelyn.moore1493@example.com,Los Angeles,CA,United States,SMB,2023-02-06
1494,Michael,Davis,michael.davis1494@example.com,Houston,TX,United States,Consumer,2023-07-01
1495,Henry,Williams,henry.williams1495@example.com,New York,NY,United States,Consumer,2024-05-10
1496,Henry,Lopez,henry.lopez1496@example.com,Phoenix,AZ,United States,SMB,2024-11-07
1497,Harper,Hernandez,harper.hernandez1497@example.com,San Jose,CA,United States,Consumer,2023-12-30
1498,Gabriel,Martin,gabriel.martin1498@example.com,Houston,TX,United States,Enterprise,2023-08-02
1499,Henry,Hernandez,henry.hernandez1499@example.com,San Diego,CA,United States,Consumer,2024-12-06
1500,David,Jones,david.jones1500@example.com,Los Angeles,CA,United States,Consumer,2024-03-14
1501,Charlotte,Martinez,charlotte.martinez1501@example.com,Chicago,IL,United States,Consumer,2024-04-27
1502,Emily,Lopez,emily.lopez1502@example.com,Chicago,IL,United States,SMB,2024-11-23
1503,David,Miller,david.miller1503@example.com,Dallas,TX,United States,SMB,2023-01-21
1504,Gabriel,Jackson,gabriel.jackson1504@example.com,Philadelphia,PA,United States,Consumer,2023-05-29
1505,Emily,Moore,emily.moore1505@example.com,San Antonio,TX,United States,SMB,2023-05-21
1506,Charlotte,Davis,charlotte.davis1506@example.com,Dallas,TX,United States,Enterprise,2024-09-24
1507,Daniel,Moore,daniel.moore1507@example.com,New York,NY,United States,Consumer,2023-08-31
1508,Lucas,Hernandez,lucas.hernandez1508@example.com,Los Angeles,CA,United States,Consumer,2024-06-01
1509,Michael,Lopez,michael.lopez1509@example.com,Houston,TX,United States,Consumer,2023-01-12
1510,Emma,Anderson,emma.anderson1510@example.com,San Antonio,TX,United States,Consumer,2024-04-24
1511,Charlotte,Lopez,charlotte.lopez1511@example.com,New York,NY,United States,SMB,2024-02-20
1512,Henry,Garcia,henry.garcia1512@example.com,Los Angeles,CA,United States,Consumer,2023-08-17
1513,Olivia,Johnson,olivia.johnson1513@example.com,San Diego,CA,United States,Consumer,2023-02-16
1514,James,Moore,james.moore1514@example.com,Dallas,TX,United States,Consumer,2023-12-29
1515,Alexander,Johnson,alexander.johnson1515@example.com,Philadelphia,PA,United States,SMB,2024-11-05
1516,Mia,Moore,mia.moore1516@example.com,Los Angeles,CA,United States,Consumer,2023-10-07
1517,Joseph,Davis,joseph.davis1517@example.com,Houston,TX,United States,Enterprise,2024-04-19
1518,James,Taylor,james.taylor1518@example.com,Los Angeles,CA,United States,Consumer,2023-10-13
1519,Gabriel,Jones,gabriel.jones1519@example.com,Los Angeles,CA,United States,SMB,2023-01-07
1520,Alexander,Miller,alexander.miller1520@example.com,Phoenix,AZ,United States,Enterprise,2024-04-30
1521,Harper,Lopez,harper.lopez1521@example.com,Dallas,TX,United States,Consumer,2023-01-07
1522,Daniel,Williams,daniel.williams1522@example.com,San Jose,CA,United States,SMB,2023-09-07
1523,Amelia,Hernandez,amelia.hernandez1523@example.com,San Diego,CA,United States,SMB,2024-04-15
1524,Alexander,Wilson,alexander.wilson1524@example.com,Los Angeles,CA,United States,SMB,2024-02-07
1525,Amelia,Jackson,amelia.jackson1525@example.com,Los Angeles,CA,United States,Consumer,2023-02-10
1526,Mia,Martin,mia.martin1526@example.com,Dallas,TX,United States,SMB,2024-02-07
1527,Gabriel,Thomas,gabriel.thomas1527@example.com,San Diego,CA,United States,Consumer,2023-03-15
1528,Henry,Jackson,henry.jackson1528@example.com,Phoenix,AZ,United States,SMB,2024-09-26
1529,James,Thomas,james.thomas1529@example.com,San Jose,CA,United States,SMB,2023-12-05
1530,Michael,Jones,michael.jones1530@example.com,Dallas,TX,United States,SMB,2024-04-10
1531,Emma,Lopez,emma.lopez1531@example.com,Philadelphia,PA,United States,Consumer,2024-09-10
1532,Emily,Johnson,emily.johnson1532@example.com,Dallas,TX,United States,Consumer,2024-01-02
1533,James,Martinez,james.martinez1533@example.com,Los Angeles,CA,United States,Consumer,2023-08-24
1534,Daniel,Smith,daniel.smith1534@example.com,Philadelphia,PA,United States,Consumer,2023-08-24
1535,Joseph,Jackson,joseph.jackson1535@example.com,New York,NY,United States,Consumer,2023-08-23
1536,Isabella,Jones,isabella.jones1536@example.com,New York,NY,United States,Consumer,2024-07-22
1537,William,Williams,william.williams1537@example.com,Los Angeles,CA,United States,SMB,2023-07-18
1538,Evelyn,Moore,evelyn.moore1538@example.com,Dallas,TX,United States,Consumer,2023-11-19
1539,Charlotte,Johnson,charlotte.johnson1539@example.com,Philadelphia,PA,United States,SMB,2024-10-12
1540,Alexander,Hernandez,alexander.hernandez1540@example.com,Chicago,IL,United States,Consumer,2024-07-14
1541,Isabella,Jones,isabella.jones1541@example.com,San Diego,CA,United States,Consumer,2024-06-29
1542,Emily,Taylor,emily.taylor1542@example.com,New York,NY,United States,Consumer,2024-11-17
1543,Amelia,Rodriguez,amelia.rodriguez1543@example.com,New York,NY,United States,Consumer,2024-03-19
1544,Joseph,Jones,joseph.jones1544@example.com,San Jose,CA,United States,Consumer,2023-04-25
1545,James,Martin,james.martin1545@example.com,Dallas,TX,United States,Consumer,2023-08-27
1546,Mia,Rodriguez,mia.rodriguez1546@example.com,New York,NY,United States,Consumer,2023-08-21
1547,Emily,Martinez,emily.martinez1547@example.com,Dallas,TX,United States,Consumer,2024-11-19
1548,David,Brown,david.brown1548@example.com,San Antonio,TX,United States,Consumer,2023-02-22
1549,Alexander,Davis,alexander.davis1549@example.com,New York,NY,United States,SMB,2023-02-25
1550,Emily,Williams,emily.williams1550@example.com,Houston,TX,United States,Consumer,2024-02-19
1551,Sophia,Martin,sophia.martin1551@example.com,San Antonio,TX,United States,Consumer,2023-01-22
1552,James,Miller,james.miller1552@example.com,San Antonio,TX,United States,Consumer,2024-10-01
1553,Alexander,Martinez,alexander.martinez1553@example.com,San Jose,CA,United States,Enterprise,2023-08-20
1554,Emma,Gonzalez,emma.gonzalez1554@example.com,San Antonio,TX,United States,Consumer,2024-01-10
1555,Emily,Taylor,emily.taylor1555@example.com,Los Angeles,CA,United States,Consumer,2023-05-21
1556,Harper,Anderson,harper.anderson1556@example.com,San Diego,CA,United States,Consumer,2024-04-07
1557,Mia,Lopez,mia.lopez1557@example.com,Phoenix,AZ,United States,Consumer,2024-12-13
1558,Amelia,Wilson,amelia.wilson1558@example.com,Dallas,TX,United States,SMB,2023-11-29
1559,Joseph,Jones,joseph.jones1559@example.com,San Jose,CA,United States,Consumer,2023-12-29
1560,Joseph,Hernandez,joseph.hernandez1560@example.com,Dallas,TX,United States,Consumer,2024-01-06
1561,Alexander,Miller,alexander.miller1561@example.com,Philadelphia,PA,United States,Consumer,2024-04-24
1562,Joseph,Miller,joseph.miller1562@example.com,Phoenix,AZ,United States,Consumer,2023-04-29
1563,Isabella,Taylor,isabella.taylor1563@example.com,Houston,TX,United States,Consumer,2024-08-25
1564,Lucas,Martinez,lucas.martinez1564@example.com,San Diego,CA,United States,SMB,2024-02-11
1565,Lucas,Moore,lucas.moore1565@example.com,Houston,TX,United States,Consumer,2024-06-11
1566,Henry,Davis,henry.davis1566@example.com,Philadelphia,PA,United States,Consumer,2024-07-03
1567,William,Brown,william.brown1567@example.com,San Jose,CA,United States,SMB,2024-03-19
1568,Lucas,Anderson,lucas.anderson1568@example.com,Dallas,TX,United States,Consumer,2024-11-18
1569,Alexander,Moore,alexander.moore1569@example.com,Philadelphia,PA,United States,SMB,2024-09-25
1570,Evelyn,Williams,evelyn.williams1570@example.com,Los Angeles,CA,United States,Consumer,2023-08-18
1571,Daniel,Moore,daniel.moore1571@example.com,San Diego,CA,United States,Consumer,2023-04-06
1572,Evelyn,Hernandez,evelyn.hernandez1572@example.com,San Jose,CA,United States,Consumer,2024-11-26
1573,Olivia,Martin,olivia.martin1573@example.com,Phoenix,AZ,United States,Enterprise,2024-10-10
1574,Amelia,Wilson,amelia.wilson1574@example.com,Philadelphia,PA,United States,Consumer,2023-07-11
1575,Evelyn,Jackson,evelyn.jackson1575@example.com,San Antonio,TX,United States,Consumer,2023-10-20
1576,David,Davis,david.davis1576@example.com,New York,NY,United States,Consumer,2024-09-26
1577,Emma,Moore,emma.moore1577@example.com,San Antonio,TX,United States,Consumer,2023-04-23
1578,Charlotte,Miller,charlotte.miller1578@example.com,Philadelphia,PA,United States,Consumer,2024-12-01
1579,Olivia,Martin,olivia.martin1579@example.com,Los Angeles,CA,United States,Consumer,2023-04-23
1580,Emily,Taylor,emily.taylor1580@example.com,San Jose,CA,United States,Consumer,2024-05-26
1581,Emily,Taylor,emily.taylor1581@example.com,Houston,TX,United States,Consumer,2024-12-03
1582,Mia,Hernandez,mia.hernandez1582@example.com,Philadelphia,PA,United States,Consumer,2024-01-14
1583,Gabriel,Johnson,gabriel.johnson1583@example.com,Houston,TX,United States,Consumer,2023-12-23
1584,Isabella,Lopez,isabella.lopez1584@example.com,Phoenix,AZ,United States,Consumer,2024-07-05
1585,Harper,Jackson,harper.jackson1585@example.com,Chicago,IL,United States,Consumer,2023-10-30
1586,Isabella,Thomas,isabella.thomas1586@example.com,Los Angeles,CA,United States,Consumer,2024-11-22
1587,Alexander,Taylor,alexander.taylor1587@example.com,New York,NY,United States,Consumer,2024-01-31
1588,Alexander,Wilson,alexander.wilson1588@example.com,San Antonio,TX,United States,Consumer,2023-05-09
1589,Daniel,Martin,daniel.martin1589@example.com,San Diego,CA,United States,Consumer,2023-11-07
1590,Mia,Taylor,mia.taylor1590@example.com,San Antonio,TX,United States,Enterprise,2023-08-13
1591,David,Rodriguez,david.rodriguez1591@example.com,Chicago,IL,United States,Consumer,2024-03-22
1592,Joseph,Jackson,joseph.jackson1592@example.com,San Jose,CA,United States,Consumer,2023-08-17
1593,Amelia,Smith,amelia.smith1593@example.com,Los Angeles,CA,United States,Consumer,2024-03-30
1594,Joseph,Johnson,joseph.johnson1594@example.com,San Antonio,TX,United States,Consumer,2024-06-10
1595,Emma,Miller,emma.miller1595@example.com,Houston,TX,United States,SMB,2023-01-29
1596,Amelia,Miller,amelia.miller1596@example.com,Phoenix,AZ,United States,SMB,2024-08-15
1597,Henry,Miller,henry.miller1597@example.com,Philadelphia,PA,United States,SMB,2023-03-18
1598,William,Hernandez,william.hernandez1598@example.com,San Diego,CA,United States,Consumer,2024-07-26
1599,Alexander,Jackson,alexander.jackson1599@example.com,Philadelphia,PA,United States,SMB,2023-12-29
1600,Alexander,Johnson,alexander.johnson1600@example.com,Chicago,IL,United States,Consumer,2023-11-20
1601,Lucas,Jones,lucas.jones1601@example.com,San Antonio,TX,United States,Consumer,2023-06-02
1602,James,Jackson,james.jackson1602@example.com,Philadelphia,PA,United States,SMB,2024-06-13
1603,David,Smith,david.smith1603@example.com,New York,NY,United States,Consumer,2023-11-29
1604,James,Martin,james.martin1604@example.com,Chicago,IL,United States,Consumer,2024-04-10
1605,Lucas,Wilson,lucas.wilson1605@example.com,Houston,TX,United States,Consumer,2024-10-18
1606,Emma,Jones,emma.jones1606@example.com,Houston,TX,United States,SMB,2024-11-06
1607,Joseph,Jones,joseph.jones1607@example.com,San Antonio,TX,United States,SMB,2024-08-23
1608,Alexander,Martin,alexander.martin1608@example.com,New York,NY,United States,Consumer,2023-09-27
1609,Lucas,Wilson,lucas.wilson1609@example.com,San Diego,CA,United States,Consumer,2023-12-06
1610,Isabella,Williams,isabella.williams1610@example.com,Dallas,TX,United States,Enterprise,2023-10-02
1611,Gabriel,Martinez,gabriel.martinez1611@example.com,Los Angeles,CA,United States,Consumer,2024-10-23
1612,Joseph,Smith,joseph.smith1612@example.com,Phoenix,AZ,United States,Consumer,2024-12-30
1613,Charlotte,Williams,charlotte.williams1613@example.com,Chicago,IL,United States,Consumer,2023-11-15
1614,Michael,Thomas,michael.thomas1614@example.com,New York,NY,United States,Consumer,2023-06-26
1615,Evelyn,Hernandez,evelyn.hernandez1615@example.com,Dallas,TX,United States,Consumer,2024-09-24
1616,Mia,Hernandez,mia.hernandez1616@example.com,Philadelphia,PA,United States,Enterprise,2023-12-22
1617,David,Gonzalez,david.gonzalez1617@example.com,Phoenix,AZ,United States,Consumer,2023-05-14
1618,Harper,Rodriguez,harper.rodriguez1618@example.com,San Diego,CA,United States,Consumer,2024-10-26
1619,Isabella,Jackson,isabella.jackson1619@example.com,San Diego,CA,United States,Consumer,2023-06-25
1620,Olivia,Williams,olivia.williams1620@example.com,San Jose,CA,United States,SMB,2023-07-12
1621,Sophia,Lopez,sophia.lopez1621@example.com,Philadelphia,PA,United States,Consumer,2023-09-25
1622,Alexander,Miller,alexander.miller1622@example.com,Houston,TX,United States,Consumer,2024-07-17
1623,Joseph,Moore,joseph.moore1623@example.com,Dallas,TX,United States,Consumer,2023-11-10
1624,William,Rodriguez,william.rodriguez1624@example.com,San Jose,CA,United States,Consumer,2024-11-30
1625,Gabriel,Williams,gabriel.williams1625@example.com,Philadelphia,PA,United States,Consumer,2023-11-19
1626,David,Anderson,david.anderson1626@example.com,Houston,TX,United States,SMB,2024-08-26
1627,Gabriel,Moore,gabriel.moore1627@example.com,Los Angeles,CA,United States,Consumer,2023-03-12
1628,Harper,Martin,harper.martin1628@example.com,Dallas,TX,United States,Consumer,2024-08-22
1629,Evelyn,Johnson,evelyn.johnson1629@example.com,San Jose,CA,United States,Consumer,2024-08-28
1630,David,Smith,david.smith1630@example.com,Los Angeles,CA,United States,Consumer,2024-01-11
1631,Emma,Martin,emma.martin1631@example.com,San Antonio,TX,United States,SMB,2023-05-29
1632,Emily,Martin,emily.martin1632@example.com,Los Angeles,CA,United States,Consumer,2024-10-02
1633,James,Wilson,james.wilson1633@example.com,Houston,TX,United States,Consumer,2024-03-28
1634,Joseph,Thomas,joseph.thomas1634@example.com,San Diego,CA,United States,Consumer,2024-12-17
1635,Emma,Thomas,emma.thomas1635@example.com,Philadelphia,PA,United States,Consumer,2023-11-17
1636,Henry,Williams,henry.williams1636@example.com,Phoenix,AZ,United States,Consumer,2024-11-28
1637,Mia,Hernandez,mia.hernandez1637@example.com,Chicago,IL,United States,SMB,2023-05-18
1638,Charlotte,Lopez,charlotte.lopez1638@example.com,San Jose,CA,United States,Consumer,2024-02-20
1639,Henry,Smith,henry.smith1639@example.com,San Diego,CA,United States,SMB,2023-09-10
1640,Emma,Taylor,emma.taylor1640@example.com,San Diego,CA,United States,Consumer,2023-11-04
1641,Emma,Wilson,emma.wilson1641@example.com,New York,NY,United States,Enterprise,2024-10-02
1642,Henry,Brown,henry.brown1642@example.com,San Diego,CA,United States,Consumer,2024-07-10
1643,William,Moore,william.moore1643@example.com,San Jose,CA,United States,Consumer,2023-10-26
1644,Olivia,Jackson,olivia.jackson1644@example.com,San Antonio,TX,United States,Consumer,2024-04-08
1645,James,Jackson,james.jackson1645@example.com,Phoenix,AZ,United States,SMB,2024-05-01
1646,Daniel,Taylor,daniel.taylor1646@example.com,San Jose,CA,United States,Consumer,2023-08-02
1647,James,Johnson,james.johnson1647@example.com,Houston,TX,United States,Consumer,2024-11-30
1648,Mia,Brown,mia.brown1648@example.com,Phoenix,AZ,United States,SMB,2024-10-05
1649,Joseph,Moore,joseph.moore1649@example.com,San Diego,CA,United States,Consumer,2024-12-06
1650,Henry,Rodriguez,henry.rodriguez1650@example.com,Chicago,IL,United States,SMB,2024-09-28
1651,Mia,Rodriguez,mia.rodriguez1651@example.com,Chicago,IL,United States,SMB,2024-03-16
1652,William,Miller,william.miller1652@example.com,San Diego,CA,United States,Consumer,2023-08-24
1653,William,Garcia,william.garcia1653@example.com,San Antonio,TX,United States,Enterprise,2023-06-11
1654,Lucas,Smith,lucas.smith1654@example.com,Chicago,IL,United States,Consumer,2024-11-30
1655,Emma,Rodriguez,emma.rodriguez1655@example.com,San Jose,CA,United States,Consumer,2023-01-14
1656,Gabriel,Davis,gabriel.davis1656@example.com,San Jose,CA,United States,Consumer,2024-07-01
1657,Sophia,Thomas,sophia.thomas1657@example.com,Philadelphia,PA,United States,Consumer,2024-12-16
1658,Isabella,Garcia,isabella.garcia1658@example.com,San Jose,CA,United States,Consumer,2023-04-11
1659,Harper,Martinez,harper.martinez1659@example.com,San Jose,CA,United States,Consumer,2024-11-09
1660,Alexander,Smith,alexander.smith1660@example.com,Houston,TX,United States,SMB,2023-07-07
1661,Mia,Rodriguez,mia.rodriguez1661@example.com,Los Angeles,CA,United States,SMB,2024-01-15
1662,James,Johnson,james.johnson1662@example.com,San Antonio,TX,United States,Consumer,2023-11-13
1663,Evelyn,Smith,evelyn.smith1663@example.com,New York,NY,United States,Consumer,2023-05-13
1664,Lucas,Thomas,lucas.thomas1664@example.com,New York,NY,United States,Consumer,2024-01-04
1665,Charlotte,Hernandez,charlotte.hernandez1665@example.com,San Jose,CA,United States,Consumer,2023-04-09
1666,Lucas,Anderson,lucas.anderson1666@example.com,Dallas,TX,United States,SMB,2024-06-05
1667,Joseph,Moore,joseph.moore1667@example.com,Phoenix,AZ,United States,Consumer,2024-12-10
1668,Lucas,Hernandez,lucas.hernandez1668@example.com,Houston,TX,United States,Consumer,2024-07-13
1669,Daniel,Smith,daniel.smith1669@example.com,Houston,TX,United States,Enterprise,2023-12-22
1670,Michael,Rodriguez,michael.rodriguez1670@example.com,Philadelphia,PA,United States,SMB,2023-08-03
1671,Emma,Hernandez,emma.hernandez1671@example.com,San Jose,CA,United States,Consumer,2023-10-05
1672,Emma,Johnson,emma.johnson1672@example.com,San Jose,CA,United States,Enterprise,2024-12-16
1673,Isabella,Thomas,isabella.thomas1673@example.com,Los Angeles,CA,United States,Consumer,2024-06-10
1674,Isabella,Martinez,isabella.martinez1674@example.com,Phoenix,AZ,United States,Consumer,2023-04-24
1675,Olivia,Hernandez,olivia.hernandez1675@example.com,Phoenix,AZ,United States,Enterprise,2023-10-26
1676,Harper,Moore,harper.moore1676@example.com,San Jose,CA,United States,Consumer,2023-12-20
1677,William,Wilson,william.wilson1677@example.com,Chicago,IL,United States,Consumer,2024-11-01
1678,Sophia,Garcia,sophia.garcia1678@example.com,Houston,TX,United States,Consumer,2024-08-24
1679,Alexander,Taylor,alexander.taylor1679@example.com,Chicago,IL,United States,Consumer,2024-05-23
1680,Olivia,Hernandez,olivia.hernandez1680@example.com,Dallas,TX,United States,Consumer,2023-04-14
1681,Alexander,Jackson,alexander.jackson1681@example.com,San Jose,CA,United States,Consumer,2024-03-01
1682,Gabriel,Gonzalez,gabriel.gonzalez1682@example.com,Dallas,TX,United States,Consumer,2024-12-06
1683,Joseph,Williams,joseph.williams1683@example.com,Dallas,TX,United States,Consumer,2023-03-26
1684,Emma,Davis,emma.davis1684@example.com,Dallas,TX,United States,Consumer,2023-04-22
1685,Isabella,Jones,isabella.jones1685@example.com,Dallas,TX,United States,Consumer,2024-12-05
1686,Sophia,Williams,sophia.williams1686@example.com,San Jose,CA,United States,Consumer,2023-09-27
1687,Joseph,Taylor,joseph.taylor1687@example.com,Chicago,IL,United States,Consumer,2024-03-25
1688,William,Williams,william.williams1688@example.com,Los Angeles,CA,United States,Consumer,2023-01-20
1689,Emma,Taylor,emma.taylor1689@example.com,Philadelphia,PA,United States,SMB,2023-01-31
1690,Mia,Moore,mia.moore1690@example.com,Dallas,TX,United States,Consumer,2023-09-10
1691,Isabella,Williams,isabella.williams1691@example.com,Chicago,IL,United States,Consumer,2023-08-24
1692,Lucas,Brown,lucas.brown1692@example.com,New York,NY,United States,SMB,2024-10-15
1693,Emily,Jones,emily.jones1693@example.com,Houston,TX,United States,Consumer,2023-10-18
1694,Charlotte,Hernandez,charlotte.hernandez1694@example.com,Houston,TX,United States,Consumer,2024-10-09
1695,Emily,Davis,emily.davis1695@example.com,Philadelphia,PA,United States,SMB,2023-02-16
1696,Amelia,Thomas,amelia.thomas1696@example.com,Phoenix,AZ,United States,Consumer,2024-03-11
1697,Sophia,Hernandez,sophia.hernandez1697@example.com,Dallas,TX,United States,Consumer,2024-05-30
1698,Joseph,Thomas,joseph.thomas1698@example.com,San Jose,CA,United States,Consumer,2024-09-05
1699,Alexander,Jackson,alexander.jackson1699@example.com,San Diego,CA,United States,Consumer,2024-12-23
1700,Joseph,Johnson,joseph.johnson1700@example.com,San Jose,CA,United States,Consumer,2024-01-17
1701,William,Smith,william.smith1701@example.com,Houston,TX,United States,Consumer,2023-05-23
1702,Lucas,Gonzalez,lucas.gonzalez1702@example.com,Los Angeles,CA,United States,Consumer,2024-12-21
1703,Isabella,Martin,isabella.martin1703@example.com,Chicago,IL,United States,SMB,2024-09-28
1704,Amelia,Wilson,amelia.wilson1704@example.com,Phoenix,AZ,United States,SMB,2023-06-26
1705,David,Taylor,david.taylor1705@example.com,Chicago,IL,United States,Consumer,2023-09-03
1706,Emily,Anderson,emily.anderson1706@example.com,Los Angeles,CA,United States,Consumer,2023-09-12
1707,Charlotte,Smith,charlotte.smith1707@example.com,San Antonio,TX,United States,Consumer,2023-09-28
1708,Charlotte,Garcia,charlotte.garcia1708@example.com,San Diego,CA,United States,Consumer,2023-09-06
1709,David,Martin,david.martin1709@example.com,Philadelphia,PA,United States,Consumer,2023-03-29
1710,Emma,Martin,emma.martin1710@example.com,New York,NY,United States,Consumer,2024-07-11
1711,Daniel,Davis,daniel.davis1711@example.com,Philadelphia,PA,United States,SMB,2023-06-25
1712,Gabriel,Smith,gabriel.smith1712@example.com,Philadelphia,PA,United States,Consumer,2023-05-11
1713,Charlotte,Brown,charlotte.brown1713@example.com,Los Angeles,CA,United States,Consumer,2024-05-09
1714,Michael,Martinez,michael.martinez1714@example.com,New York,NY,United States,Consumer,2024-05-01
1715,David,Taylor,david.taylor1715@example.com,Phoenix,AZ,United States,Consumer,2024-08-05
1716,Gabriel,Williams,gabriel.williams1716@example.com,Phoenix,AZ,United States,Consumer,2023-03-17
1717,Daniel,Williams,daniel.williams1717@example.com,Dallas,TX,United States,Consumer,2023-05-02
1718,Emma,Thomas,emma.thomas1718@example.com,Dallas,TX,United States,Consumer,2023-01-13
1719,Henry,Martin,henry.martin1719@example.com,New York,NY,United States,SMB,2024-07-03
1720,Harper,Jackson,harper.jackson1720@example.com,Dallas,TX,United States,Consumer,2024-10-14
1721,Joseph,Anderson,joseph.anderson1721@example.com,Houston,TX,United States,Consumer,2024-02-21
1722,Henry,Rodriguez,henry.rodriguez1722@example.com,San Jose,CA,United States,Consumer,2023-12-22
1723,William,Gonzalez,william.gonzalez1723@example.com,Los Angeles,CA,United States,Consumer,2024-08-28
1724,Daniel,Martin,daniel.martin1724@example.com,Dallas,TX,United States,Consumer,2023-09-25
1725,David,Rodriguez,david.rodriguez1725@example.com,Los Angeles,CA,United States,Consumer,2024-12-02
1726,Michael,Martin,michael.martin1726@example.com,New York,NY,United States,Consumer,2023-01-14
1727,Isabella,Jones,isabella.jones1727@example.com,Phoenix,AZ,United States,Enterprise,2024-09-08
1728,William,Moore,william.moore1728@example.com,New York,NY,United States,Consumer,2024-01-21
1729,James,Thomas,james.thomas1729@example.com,San Jose,CA,United States,Consumer,2023-06-21
1730,Gabriel,Anderson,gabriel.anderson1730@example.com,Chicago,IL,United States,Consumer,2023-03-13
1731,Mia,Williams,mia.williams1731@example.com,San Antonio,TX,United States,Consumer,2024-05-11
1732,Sophia,Wilson,sophia.wilson1732@example.com,Phoenix,AZ,United States,SMB,2023-12-28
1733,Sophia,Smith,sophia.smith1733@example.com,New York,NY,United States,SMB,2023-12-12
1734,Evelyn,Anderson,evelyn.anderson1734@example.com,Los Angeles,CA,United States,Consumer,2024-01-15
1735,Joseph,Hernandez,joseph.hernandez1735@example.com,Philadelphia,PA,United States,Consumer,2023-01-15
1736,William,Martin,william.martin1736@example.com,New York,NY,United States,Consumer,2023-01-17
1737,Mia,Jones,mia.jones1737@example.com,Los Angeles,CA,United States,Consumer,2024-03-06
1738,Lucas,Garcia,lucas.garcia1738@example.com,San Diego,CA,United States,Consumer,2023-07-23
1739,Emily,Martinez,emily.martinez1739@example.com,Philadelphia,PA,United States,Consumer,2023-10-03
1740,Alexander,Rodriguez,alexander.rodriguez1740@example.com,San Jose,CA,United States,SMB,2024-06-05
1741,Alexander,Jones,alexander.jones1741@example.com,San Antonio,TX,United States,Consumer,2023-03-08
1742,Gabriel,Martin,gabriel.martin1742@example.com,Phoenix,AZ,United States,Consumer,2023-02-25
1743,Gabriel,Rodriguez,gabriel.rodriguez1743@example.com,San Antonio,TX,United States,Consumer,2024-01-16
1744,Joseph,Davis,joseph.davis1744@example.com,Philadelphia,PA,United States,Consumer,2024-03-10
1745,James,Thomas,james.thomas1745@example.com,Philadelphia,PA,United States,Consumer,2024-07-22
1746,David,Moore,david.moore1746@example.com,San Antonio,TX,United States,Consumer,2024-08-24
1747,Alexander,Martinez,alexander.martinez1747@example.com,Dallas,TX,United States,Consumer,2023-12-31
1748,Alexander,Rodriguez,alexander.rodriguez1748@example.com,San Jose,CA,United States,Consumer,2023-05-11
1749,Evelyn,Johnson,evelyn.johnson1749@example.com,Dallas,TX,United States,Consumer,2023-06-12
1750,Olivia,Gonzalez,olivia.gonzalez1750@example.com,Phoenix,AZ,United States,Consumer,2023-12-19
1751,Henry,Smith,henry.smith1751@example.com,Phoenix,AZ,United States,SMB,2023-04-28
1752,Gabriel,Wilson,gabriel.wilson1752@example.com,Chicago,IL,United States,Consumer,2023-04-17
1753,Olivia,Martin,olivia.martin1753@example.com,Dallas,TX,United States,SMB,2024-04-12
1754,Harper,Jackson,harper.jackson1754@example.com,Dallas,TX,United States,Consumer,2024-09-26
1755,Olivia,Wilson,olivia.wilson1755@example.com,San Jose,CA,United States,Consumer,2023-09-10
1756,Emily,Jackson,emily.jackson1756@example.com,Chicago,IL,United States,SMB,2023-05-29
1757,Henry,Gonzalez,henry.gonzalez1757@example.com,San Diego,CA,United States,Consumer,2023-03-23
1758,Mia,Taylor,mia.taylor1758@example.com,Houston,TX,United States,Consumer,2023-02-13
1759,Sophia,Martinez,sophia.martinez1759@example.com,Dallas,TX,United States,Consumer,2023-11-19
1760,Lucas,Garcia,lucas.garcia1760@example.com,San Jose,CA,United States,Consumer,2024-12-12
1761,Harper,Smith,harper.smith1761@example.com,San Antonio,TX,United States,Consumer,2024-05-17
1762,Daniel,Jackson,daniel.jackson1762@example.com,San Diego,CA,United States,Enterprise,2024-07-03
1763,Gabriel,Miller,gabriel.miller1763@example.com,San Jose,CA,United States,Consumer,2024-09-05
1764,William,Jackson,william.jackson1764@example.com,Phoenix,AZ,United States,SMB,2023-07-18
1765,Evelyn,Miller,evelyn.miller1765@example.com,San Diego,CA,United States,Consumer,2024-04-26
1766,Amelia,Gonzalez,amelia.gonzalez1766@example.com,San Diego,CA,United States,Consumer,2023-01-06
1767,Sophia,Hernandez,sophia.hernandez1767@example.com,Phoenix,AZ,United States,Consumer,2023-09-01
1768,Gabriel,Anderson,gabriel.anderson1768@example.com,San Jose,CA,United States,Consumer,2023-12-08
1769,William,Martinez,william.martinez1769@example.com,Houston,TX,United States,Enterprise,2024-09-16
1770,Harper,Hernandez,harper.hernandez1770@example.com,New York,NY,United States,Consumer,2024-09-06
1771,William,Williams,william.williams1771@example.com,Philadelphia,PA,United States,SMB,2024-03-17
1772,Emma,Wilson,emma.wilson1772@example.com,San Antonio,TX,United States,Consumer,2023-12-22
1773,Daniel,Garcia,daniel.garcia1773@example.com,San Antonio,TX,United States,Consumer,2023-07-26
1774,Sophia,Smith,sophia.smith1774@example.com,Los Angeles,CA,United States,Consumer,2024-01-30
1775,Lucas,Brown,lucas.brown1775@example.com,San Diego,CA,United States,Enterprise,2024-09-14
1776,Joseph,Rodriguez,joseph.rodriguez1776@example.com,Philadelphia,PA,United States,Consumer,2024-01-20
1777,Joseph,Jones,joseph.jones1777@example.com,Los Angeles,CA,United States,Consumer,2024-10-01
1778,Daniel,Brown,daniel.brown1778@example.com,Los Angeles,CA,United States,Consumer,2023-03-05
1779,Amelia,Martinez,amelia.martinez1779@example.com,Los Angeles,CA,United States,SMB,2023-03-01
1780,James,Anderson,james.anderson1780@example.com,New York,NY,United States,Consumer,2023-02-07
1781,Joseph,Smith,joseph.smith1781@example.com,Phoenix,AZ,United States,SMB,2024-01-18
1782,Lucas,Thomas,lucas.thomas1782@example.com,San Diego,CA,United States,Enterprise,2024-03-08
1783,James,Lopez,james.lopez1783@example.com,Phoenix,AZ,United States,Consumer,2024-12-28
1784,James,Smith,james.smith1784@example.com,San Jose,CA,United States,Consumer,2024-10-04
1785,David,Moore,david.moore1785@example.com,Los Angeles,CA,United States,Consumer,2023-05-25
1786,Sophia,Taylor,sophia.taylor1786@example.com,New York,NY,United States,SMB,2024-03-19
1787,Michael,Hernandez,michael.hernandez1787@example.com,Dallas,TX,United States,SMB,2024-07-15
1788,Harper,Jones,harper.jones1788@example.com,San Jose,CA,United States,SMB,2023-09-28
1789,David,Martin,david.martin1789@example.com,Philadelphia,PA,United States,Enterprise,2024-09-28
1790,Amelia,Johnson,amelia.johnson1790@example.com,New York,NY,United States,Enterprise,2023-03-29
1791,Emily,Taylor,emily.taylor1791@example.com,Dallas,TX,United States,SMB,2024-04-20
1792,Henry,Martinez,henry.martinez1792@example.com,San Jose,CA,United States,Consumer,2024-06-26
1793,Charlotte,Rodriguez,charlotte.rodriguez1793@example.com,Chicago,IL,United States,Consumer,2023-06-30
1794,Mia,Thomas,mia.thomas1794@example.com,San Antonio,TX,United States,Consumer,2024-04-17
1795,Amelia,Martin,amelia.martin1795@example.com,Houston,TX,United States,Consumer,2024-09-22
1796,Joseph,Hernandez,joseph.hernandez1796@example.com,Chicago,IL,United States,Consumer,2024-04-30
1797,David,Thomas,david.thomas1797@example.com,Chicago,IL,United States,Consumer,2024-07-02
1798,Michael,Brown,michael.brown1798@example.com,Phoenix,AZ,United States,Enterprise,2023-05-27
1799,Joseph,Smith,joseph.smith1799@example.com,Houston,TX,United States,SMB,2024-03-02
1800,Lucas,Davis,lucas.davis1800@example.com,Philadelphia,PA,United States,Consumer,2024-08-19
1801,Joseph,Hernandez,joseph.hernandez1801@example.com,Los Angeles,CA,United States,Consumer,2024-09-09
1802,David,Martinez,david.martinez1802@example.com,Dallas,TX,United States,Consumer,2023-12-03
1803,Michael,Martin,michael.martin1803@example.com,Chicago,IL,United States,Consumer,2023-01-07
1804,Joseph,Davis,joseph.davis1804@example.com,Philadelphia,PA,United States,Consumer,2024-07-26
1805,Harper,Moore,harper.moore1805@example.com,New York,NY,United States,Enterprise,2024-04-06
1806,James,Miller,james.miller1806@example.com,Phoenix,AZ,United States,SMB,2024-09-10
1807,Lucas,Garcia,lucas.garcia1807@example.com,New York,NY,United States,Consumer,2024-07-15
1808,Emily,Jones,emily.jones1808@example.com,Houston,TX,United States,Consumer,2023-02-28
1809,Lucas,Miller,lucas.miller1809@example.com,San Jose,CA,United States,Consumer,2023-11-07
1810,James,Jackson,james.jackson1810@example.com,Phoenix,AZ,United States,Consumer,2023-02-21
1811,Evelyn,Williams,evelyn.williams1811@example.com,New York,NY,United States,Consumer,2023-10-27
1812,Isabella,Anderson,isabella.anderson1812@example.com,Phoenix,AZ,United States,Consumer,2023-03-09
1813,Evelyn,Jackson,evelyn.jackson1813@example.com,Phoenix,AZ,United States,Consumer,2023-09-17
1814,Emily,Williams,emily.williams1814@example.com,San Jose,CA,United States,SMB,2024-11-17
1815,Harper,Smith,harper.smith1815@example.com,Chicago,IL,United States,Consumer,2024-05-15
1816,Emily,Smith,emily.smith1816@example.com,Chicago,IL,United States,Consumer,2023-03-08
1817,James,Brown,james.brown1817@example.com,San Jose,CA,United States,Consumer,2024-01-23
1818,Harper,Smith,harper.smith1818@example.com,Philadelphia,PA,United States,SMB,2023-06-25
1819,William,Brown,william.brown1819@example.com,Phoenix,AZ,United States,Consumer,2023-08-17
1820,William,Williams,william.williams1820@example.com,Philadelphia,PA,United States,Consumer,2024-08-22
1821,Gabriel,Williams,gabriel.williams1821@example.com,New York,NY,United States,Consumer,2023-03-02
1822,Charlotte,Taylor,charlotte.taylor1822@example.com,Philadelphia,PA,United States,Consumer,2023-11-30
1823,Charlotte,Lopez,charlotte.lopez1823@example.com,New York,NY,United States,SMB,2023-11-29
1824,Emily,Jackson,emily.jackson1824@example.com,Philadelphia,PA,United States,Consumer,2024-02-27
1825,Daniel,Garcia,daniel.garcia1825@example.com,Dallas,TX,United States,Consumer,2023-04-22
1826,Joseph,Martin,joseph.martin1826@example.com,San Jose,CA,United States,Consumer,2024-04-16
1827,Joseph,Williams,joseph.williams1827@example.com,Los Angeles,CA,United States,Consumer,2024-07-17
1828,Henry,Gonzalez,henry.gonzalez1828@example.com,New York,NY,United States,Enterprise,2023-09-05
1829,Michael,Miller,michael.miller1829@example.com,San Diego,CA,United States,Consumer,2024-12-03
1830,Harper,Miller,harper.miller1830@example.com,New York,NY,United States,Consumer,2023-04-23
1831,Isabella,Anderson,isabella.anderson1831@example.com,Houston,TX,United States,SMB,2023-05-12
1832,James,Jones,james.jones1832@example.com,Philadelphia,PA,United States,Consumer,2024-04-26
1833,James,Brown,james.brown1833@example.com,San Antonio,TX,United States,SMB,2024-07-19
1834,James,Smith,james.smith1834@example.com,San Diego,CA,United States,Enterprise,2024-06-11
1835,Harper,Martin,harper.martin1835@example.com,San Jose,CA,United States,SMB,2023-01-12
1836,William,Williams,william.williams1836@example.com,Chicago,IL,United States,Consumer,2023-08-06
1837,Henry,Thomas,henry.thomas1837@example.com,San Diego,CA,United States,SMB,2024-01-22
1838,Harper,Rodriguez,harper.rodriguez1838@example.com,Los Angeles,CA,United States,Consumer,2024-12-11
1839,Henry,Anderson,henry.anderson1839@example.com,Philadelphia,PA,United States,Consumer,2023-07-22
1840,Alexander,Martin,alexander.martin1840@example.com,San Diego,CA,United States,Consumer,2024-06-04
1841,James,Johnson,james.johnson1841@example.com,Chicago,IL,United States,Enterprise,2023-01-20
1842,Mia,Garcia,mia.garcia1842@example.com,New York,NY,United States,Consumer,2023-03-30
1843,Evelyn,Williams,evelyn.williams1843@example.com,San Antonio,TX,United States,Consumer,2023-11-03
1844,Sophia,Davis,sophia.davis1844@example.com,New York,NY,United States,Consumer,2024-02-25
1845,James,Gonzalez,james.gonzalez1845@example.com,Houston,TX,United States,SMB,2024-10-01
1846,Charlotte,Williams,charlotte.williams1846@example.com,Phoenix,AZ,United States,SMB,2024-08-05
1847,Emily,Hernandez,emily.hernandez1847@example.com,San Diego,CA,United States,Consumer,2024-06-27
1848,Emma,Jackson,emma.jackson1848@example.com,Houston,TX,United States,Consumer,2023-07-03
1849,Mia,Thomas,mia.thomas1849@example.com,Houston,TX,United States,Enterprise,2024-04-19
1850,David,Thomas,david.thomas1850@example.com,Houston,TX,United States,Consumer,2023-04-07
1851,William,Rodriguez,william.rodriguez1851@example.com,Dallas,TX,United States,Consumer,2023-09-30
1852,Joseph,Davis,joseph.davis1852@example.com,Los Angeles,CA,United States,Consumer,2024-09-28
1853,James,Lopez,james.lopez1853@example.com,Philadelphia,PA,United States,SMB,2024-05-31
1854,Harper,Taylor,harper.taylor1854@example.com,Los Angeles,CA,United States,SMB,2023-12-05
1855,Isabella,Williams,isabella.williams1855@example.com,San Jose,CA,United States,SMB,2023-01-25
1856,Isabella,Jackson,isabella.jackson1856@example.com,Los Angeles,CA,United States,Consumer,2024-11-20
1857,James,Anderson,james.anderson1857@example.com,Los Angeles,CA,United States,Consumer,2023-08-19
1858,Amelia,Anderson,amelia.anderson1858@example.com,Philadelphia,PA,United States,Consumer,2024-02-29
1859,David,Thomas,david.thomas1859@example.com,Dallas,TX,United States,Consumer,2023-06-09
1860,Amelia,Martin,amelia.martin1860@example.com,New York,NY,United States,Enterprise,2024-07-29
1861,Joseph,Davis,joseph.davis1861@example.com,San Diego,CA,United States,Consumer,2023-09-25
1862,Michael,Smith,michael.smith1862@example.com,Dallas,TX,United States,Consumer,2023-08-02
1863,Emily,Rodriguez,emily.rodriguez1863@example.com,Dallas,TX,United States,SMB,2024-12-22
1864,Alexander,Brown,alexander.brown1864@example.com,New York,NY,United States,Consumer,2023-02-25
1865,Michael,Jones,michael.jones1865@example.com,Chicago,IL,United States,Enterprise,2023-01-23
1866,Harper,Gonzalez,harper.gonzalez1866@example.com,San Antonio,TX,United States,SMB,2024-07-19
1867,Joseph,Thomas,joseph.thomas1867@example.com,Dallas,TX,United States,Consumer,2024-09-01
1868,Daniel,Taylor,daniel.taylor1868@example.com,San Antonio,TX,United States,Consumer,2024-09-03
1869,Evelyn,Johnson,evelyn.johnson1869@example.com,San Diego,CA,United States,Consumer,2023-06-27
1870,David,Gonzalez,david.gonzalez1870@example.com,San Diego,CA,United States,SMB,2023-02-28
1871,Emily,Brown,emily.brown1871@example.com,Phoenix,AZ,United States,Consumer,2023-04-05
1872,Alexander,Jones,alexander.jones1872@example.com,Phoenix,AZ,United States,Consumer,2023-03-22
1873,Olivia,Jackson,olivia.jackson1873@example.com,Phoenix,AZ,United States,SMB,2023-09-23
1874,Gabriel,Gonzalez,gabriel.gonzalez1874@example.com,San Diego,CA,United States,Enterprise,2024-03-02
1875,Sophia,Martinez,sophia.martinez1875@example.com,New York,NY,United States,Consumer,2023-06-06
1876,James,Davis,james.davis1876@example.com,Chicago,IL,United States,Consumer,2024-08-01
1877,Michael,Anderson,michael.anderson1877@example.com,San Diego,CA,United States,Consumer,2023-07-14
1878,Alexander,Moore,alexander.moore1878@example.com,New York,NY,United States,SMB,2024-04-30
1879,Mia,Jackson,mia.jackson1879@example.com,Chicago,IL,United States,Consumer,2023-10-19
1880,James,Rodriguez,james.rodriguez1880@example.com,Chicago,IL,United States,Consumer,2023-12-31
1881,Sophia,Smith,sophia.smith1881@example.com,Houston,TX,United States,Enterprise,2023-03-18
1882,Daniel,Wilson,daniel.wilson1882@example.com,San Antonio,TX,United States,Consumer,2023-04-14
1883,Evelyn,Jackson,evelyn.jackson1883@example.com,Philadelphia,PA,United States,Consumer,2024-04-22
1884,William,Gonzalez,william.gonzalez1884@example.com,San Antonio,TX,United States,Consumer,2023-11-12
1885,Mia,Thomas,mia.thomas1885@example.com,Phoenix,AZ,United States,Consumer,2023-10-06
1886,Emma,Gonzalez,emma.gonzalez1886@example.com,Chicago,IL,United States,Consumer,2023-11-02
1887,James,Davis,james.davis1887@example.com,Philadelphia,PA,United States,Consumer,2024-03-25
1888,Amelia,Hernandez,amelia.hernandez1888@example.com,New York,NY,United States,Consumer,2023-07-02
1889,Isabella,Brown,isabella.brown1889@example.com,San Diego,CA,United States,SMB,2023-05-17
1890,Amelia,Garcia,amelia.garcia1890@example.com,Phoenix,AZ,United States,Consumer,2024-04-13
1891,Henry,Davis,henry.davis1891@example.com,San Diego,CA,United States,Consumer,2024-09-15
1892,Henry,Moore,henry.moore1892@example.com,Dallas,TX,United States,Consumer,2024-03-25
1893,Emily,Johnson,emily.johnson1893@example.com,San Jose,CA,United States,Consumer,2024-02-24
1894,William,Brown,william.brown1894@example.com,Dallas,TX,United States,Consumer,2023-09-12
1895,James,Martinez,james.martinez1895@example.com,Philadelphia,PA,United States,SMB,2023-12-11
1896,Olivia,Moore,olivia.moore1896@example.com,Houston,TX,United States,Consumer,2024-08-14
1897,Isabella,Gonzalez,isabella.gonzalez1897@example.com,San Antonio,TX,United States,SMB,2023-07-07
1898,Alexander,Taylor,alexander.taylor1898@example.com,Los Angeles,CA,United States,SMB,2023-10-15
1899,Henry,Gonzalez,henry.gonzalez1899@example.com,San Antonio,TX,United States,SMB,2024-03-13
1900,James,Thomas,james.thomas1900@example.com,Phoenix,AZ,United States,Consumer,2024-11-05
1901,Henry,Jones,henry.jones1901@example.com,San Antonio,TX,United States,Consumer,2024-11-05
1902,Mia,Johnson,mia.johnson1902@example.com,Philadelphia,PA,United States,SMB,2023-08-16
1903,Gabriel,Davis,gabriel.davis1903@example.com,San Antonio,TX,United States,Consumer,2024-11-16
1904,Charlotte,Gonzalez,charlotte.gonzalez1904@example.com,Phoenix,AZ,United States,Consumer,2024-01-16
1905,Sophia,Martinez,sophia.martinez1905@example.com,Chicago,IL,United States,Consumer,2023-11-04
1906,Olivia,Garcia,olivia.garcia1906@example.com,San Antonio,TX,United States,Consumer,2023-12-30
1907,James,Thomas,james.thomas1907@example.com,San Diego,CA,United States,Consumer,2024-02-29
1908,Gabriel,Lopez,gabriel.lopez1908@example.com,Phoenix,AZ,United States,SMB,2024-11-01
1909,Harper,Lopez,harper.lopez1909@example.com,Chicago,IL,United States,Consumer,2024-01-12
1910,Henry,Moore,henry.moore1910@example.com,New York,NY,United States,Consumer,2023-08-05
1911,Daniel,Johnson,daniel.johnson1911@example.com,New York,NY,United States,Consumer,2024-03-20
1912,Harper,Taylor,harper.taylor1912@example.com,Los Angeles,CA,United States,SMB,2024-11-09
1913,Michael,Lopez,michael.lopez1913@example.com,Chicago,IL,United States,Consumer,2023-09-24
1914,Sophia,Thomas,sophia.thomas1914@example.com,Houston,TX,United States,SMB,2023-04-24
1915,Olivia,Anderson,olivia.anderson1915@example.com,New York,NY,United States,Consumer,2023-03-27
1916,Lucas,Wilson,lucas.wilson1916@example.com,Dallas,TX,United States,Consumer,2023-11-14
1917,Joseph,Williams,joseph.williams1917@example.com,Los Angeles,CA,United States,SMB,2024-09-14
1918,Henry,Thomas,henry.thomas1918@example.com,Los Angeles,CA,United States,SMB,2024-01-26
1919,William,Martinez,william.martinez1919@example.com,Dallas,TX,United States,SMB,2023-09-28
1920,Henry,Hernandez,henry.hernandez1920@example.com,Phoenix,AZ,United States,Consumer,2024-12-06
1921,Joseph,Davis,joseph.davis1921@example.com,Dallas,TX,United States,Consumer,2024-05-05
1922,Amelia,Martinez,amelia.martinez1922@example.com,San Diego,CA,United States,Consumer,2024-03-03
1923,Emily,Martinez,emily.martinez1923@example.com,Los Angeles,CA,United States,Enterprise,2023-05-26
1924,William,Miller,william.miller1924@example.com,Los Angeles,CA,United States,SMB,2023-09-21
1925,Alexander,Rodriguez,alexander.rodriguez1925@example.com,San Diego,CA,United States,Consumer,2023-01-03
1926,Gabriel,Wilson,gabriel.wilson1926@example.com,Los Angeles,CA,United States,Consumer,2024-01-03
1927,Sophia,Martin,sophia.martin1927@example.com,Philadelphia,PA,United States,SMB,2023-06-15
1928,Lucas,Williams,lucas.williams1928@example.com,Philadelphia,PA,United States,Consumer,2024-02-04
1929,Harper,Anderson,harper.anderson1929@example.com,Phoenix,AZ,United States,Consumer,2023-08-29
1930,Michael,Martin,michael.martin1930@example.com,Philadelphia,PA,United States,SMB,2024-06-30
1931,Olivia,Rodriguez,olivia.rodriguez1931@example.com,Phoenix,AZ,United States,Consumer,2023-06-12
1932,Henry,Jackson,henry.jackson1932@example.com,San Antonio,TX,United States,Consumer,2023-11-29
1933,James,Jackson,james.jackson1933@example.com,San Diego,CA,United States,SMB,2024-02-13
1934,Gabriel,Thomas,gabriel.thomas1934@example.com,San Diego,CA,United States,SMB,2023-02-07
1935,Gabriel,Smith,gabriel.smith1935@example.com,San Antonio,TX,United States,Consumer,2023-01-01
1936,William,Gonzalez,william.gonzalez1936@example.com,Houston,TX,United States,Consumer,2024-04-25
1937,Evelyn,Jackson,evelyn.jackson1937@example.com,New York,NY,United States,Consumer,2023-02-05
1938,Harper,Anderson,harper.anderson1938@example.com,San Diego,CA,United States,Consumer,2024-04-25
1939,Sophia,Jones,sophia.jones1939@example.com,San Antonio,TX,United States,Enterprise,2024-09-12
1940,Gabriel,Garcia,gabriel.garcia1940@example.com,New York,NY,United States,Consumer,2024-03-14
1941,Joseph,Garcia,joseph.garcia1941@example.com,San Diego,CA,United States,Consumer,2023-05-31
1942,William,Rodriguez,william.rodriguez1942@example.com,New York,NY,United States,SMB,2024-05-11
1943,Joseph,Lopez,joseph.lopez1943@example.com,San Jose,CA,United States,Consumer,2023-11-07
1944,Emma,Brown,emma.brown1944@example.com,Chicago,IL,United States,Consumer,2024-10-27
1945,Olivia,Williams,olivia.williams1945@example.com,Philadelphia,PA,United States,SMB,2023-09-12
1946,Alexander,Hernandez,alexander.hernandez1946@example.com,San Jose,CA,United States,SMB,2023-07-09
1947,Evelyn,Miller,evelyn.miller1947@example.com,Houston,TX,United States,Consumer,2024-10-01
1948,Daniel,Jackson,daniel.jackson1948@example.com,San Jose,CA,United States,Enterprise,2023-10-20
1949,Henry,Williams,henry.williams1949@example.com,San Jose,CA,United States,SMB,2023-10-26
1950,Lucas,Rodriguez,lucas.rodriguez1950@example.com,Phoenix,AZ,United States,SMB,2023-10-24
1951,Gabriel,Jones,gabriel.jones1951@example.com,Chicago,IL,United States,Consumer,2023-04-01
1952,Evelyn,Martinez,evelyn.martinez1952@example.com,Chicago,IL,United States,SMB,2023-03-02
1953,William,Lopez,william.lopez1953@example.com,Los Angeles,CA,United States,Consumer,2024-11-20
1954,Emma,Williams,emma.williams1954@example.com,Chicago,IL,United States,Consumer,2023-07-15
1955,Harper,Martin,harper.martin1955@example.com,Dallas,TX,United States,Consumer,2024-10-31
1956,David,Taylor,david.taylor1956@example.com,San Jose,CA,United States,Consumer,2023-09-06
1957,Evelyn,Thomas,evelyn.thomas1957@example.com,Houston,TX,United States,Consumer,2024-05-28
1958,Emma,Wilson,emma.wilson1958@example.com,Houston,TX,United States,Consumer,2023-08-29
1959,Michael,Lopez,michael.lopez1959@example.com,Philadelphia,PA,United States,SMB,2023-05-08
1960,Emma,Garcia,emma.garcia1960@example.com,Philadelphia,PA,United States,SMB,2024-10-11
1961,Mia,Martinez,mia.martinez1961@example.com,San Antonio,TX,United States,Consumer,2024-10-04
1962,Mia,Rodriguez,mia.rodriguez1962@example.com,Houston,TX,United States,SMB,2023-06-11
1963,Isabella,Miller,isabella.miller1963@example.com,Philadelphia,PA,United States,Consumer,2024-04-10
1964,Charlotte,Williams,charlotte.williams1964@example.com,Los Angeles,CA,United States,Consumer,2024-06-05
1965,Alexander,Taylor,alexander.taylor1965@example.com,New York,NY,United States,Enterprise,2023-07-11
1966,Gabriel,Jackson,gabriel.jackson1966@example.com,New York,NY,United States,SMB,2023-03-03
1967,Michael,Smith,michael.smith1967@example.com,San Diego,CA,United States,Consumer,2024-08-10
1968,Henry,Lopez,henry.lopez1968@example.com,New York,NY,United States,Consumer,2024-03-10
1969,Sophia,Jones,sophia.jones1969@example.com,Dallas,TX,United States,Consumer,2023-03-27
1970,Sophia,Martin,sophia.martin1970@example.com,Houston,TX,United States,Consumer,2024-09-29
1971,Daniel,Rodriguez,daniel.rodriguez1971@example.com,Los Angeles,CA,United States,Consumer,2024-03-18
1972,Amelia,Taylor,amelia.taylor1972@example.com,Houston,TX,United States,Consumer,2023-12-20
1973,James,Johnson,james.johnson1973@example.com,San Antonio,TX,United States,Consumer,2024-07-06
1974,Emma,Anderson,emma.anderson1974@example.com,San Jose,CA,United States,Consumer,2023-02-11
1975,Lucas,Rodriguez,lucas.rodriguez1975@example.com,Los Angeles,CA,United States,SMB,2023-10-19
1976,Sophia,Thomas,sophia.thomas1976@example.com,Chicago,IL,United States,Consumer,2023-04-07
1977,Olivia,Martinez,olivia.martinez1977@example.com,Houston,TX,United States,Consumer,2023-03-18
1978,Olivia,Hernandez,olivia.hernandez1978@example.com,San Diego,CA,United States,Consumer,2023-03-15
1979,James,Martin,james.martin1979@example.com,San Jose,CA,United States,Consumer,2023-11-28
1980,Isabella,Hernandez,isabella.hernandez1980@example.com,Houston,TX,United States,Consumer,2024-10-29
1981,Henry,Brown,henry.brown1981@example.com,Los Angeles,CA,United States,Consumer,2023-09-02
1982,Amelia,Hernandez,amelia.hernandez1982@example.com,San Jose,CA,United States,Consumer,2024-04-09
1983,Sophia,Jackson,sophia.jackson1983@example.com,Los Angeles,CA,United States,Consumer,2023-06-16
1984,Henry,Thomas,henry.thomas1984@example.com,Philadelphia,PA,United States,SMB,2024-02-13
1985,David,Miller,david.miller1985@example.com,Dallas,TX,United States,Consumer,2023-11-20
1986,Joseph,Brown,joseph.brown1986@example.com,Chicago,IL,United States,SMB,2023-12-20
1987,Emma,Garcia,emma.garcia1987@example.com,Phoenix,AZ,United States,Consumer,2024-03-21
1988,Daniel,Brown,daniel.brown1988@example.com,Dallas,TX,United States,Consumer,2023-04-03
1989,Mia,Thomas,mia.thomas1989@example.com,San Jose,CA,United States,SMB,2024-09-28
1990,Henry,Martinez,henry.martinez1990@example.com,Philadelphia,PA,United States,Enterprise,2023-11-14
1991,Olivia,Anderson,olivia.anderson1991@example.com,Dallas,TX,United States,Consumer,2023-07-06
1992,Sophia,Davis,sophia.davis1992@example.com,San Diego,CA,United States,Consumer,2024-11-21
1993,Mia,Johnson,mia.johnson1993@example.com,Houston,TX,United States,Consumer,2024-08-04
1994,Amelia,Jackson,amelia.jackson1994@example.com,Los Angeles,CA,United States,Consumer,2024-04-17
1995,William,Taylor,william.taylor1995@example.com,San Antonio,TX,United States,Consumer,2023-02-23
1996,Henry,Williams,henry.williams1996@example.com,New York,NY,United States,Consumer,2024-08-02
1997,Isabella,Jackson,isabella.jackson1997@example.com,San Antonio,TX,United States,Consumer,2024-09-22
1998,Olivia,Smith,olivia.smith1998@example.com,San Diego,CA,United States,Consumer,2024-07-16
1999,Gabriel,Hernandez,gabriel.hernandez1999@example.com,Chicago,IL,United States,Enterprise,2023-04-03
2000,Emily,Smith,emily.smith2000@example.com,San Diego,CA,United States,Consumer,2024-08-05
2001,Mia,Garcia,mia.garcia2001@example.com,New York,NY,United States,Consumer,2023-11-02
2002,Lucas,Thomas,lucas.thomas2002@example.com,San Diego,CA,United States,Consumer,2024-12-28
2003,Amelia,Hernandez,amelia.hernandez2003@example.com,Philadelphia,PA,United States,Enterprise,2024-06-30
2004,Daniel,Gonzalez,daniel.gonzalez2004@example.com,San Jose,CA,United States,Consumer,2023-12-12
2005,James,Johnson,james.johnson2005@example.com,San Antonio,TX,United States,SMB,2023-09-23
2006,Alexander,Thomas,alexander.thomas2006@example.com,Phoenix,AZ,United States,Consumer,2024-02-17
2007,Lucas,Thomas,lucas.thomas2007@example.com,Houston,TX,United States,Consumer,2023-10-09
2008,Gabriel,Lopez,gabriel.lopez2008@example.com,Phoenix,AZ,United States,Enterprise,2023-10-25
2009,Emma,Miller,emma.miller2009@example.com,Chicago,IL,United States,Consumer,2023-09-28
2010,Michael,Martinez,michael.martinez2010@example.com,Philadelphia,PA,United States,Consumer,2024-01-25
2011,Alexander,Jones,alexander.jones2011@example.com,Houston,TX,United States,Consumer,2023-03-27
2012,Lucas,Moore,lucas.moore2012@example.com,Los Angeles,CA,United States,Consumer,2023-07-03
2013,Joseph,Anderson,joseph.anderson2013@example.com,Phoenix,AZ,United States,Consumer,2023-10-20
2014,Michael,Williams,michael.williams2014@example.com,Houston,TX,United States,Enterprise,2024-02-16
2015,Harper,Martin,harper.martin2015@example.com,Houston,TX,United States,Consumer,2023-06-03
2016,Lucas,Davis,lucas.davis2016@example.com,San Antonio,TX,United States,SMB,2024-06-03
2017,Emily,Thomas,emily.thomas2017@example.com,Chicago,IL,United States,Consumer,2024-03-22
2018,Emily,Martin,emily.martin2018@example.com,Phoenix,AZ,United States,SMB,2023-10-31
2019,Evelyn,Wilson,evelyn.wilson2019@example.com,San Antonio,TX,United States,Consumer,2023-01-29
2020,William,Brown,william.brown2020@example.com,San Jose,CA,United States,Consumer,2024-12-23
2021,Lucas,Rodriguez,lucas.rodriguez2021@example.com,New York,NY,United States,Consumer,2023-09-22
2022,Henry,Miller,henry.miller2022@example.com,Philadelphia,PA,United States,SMB,2024-09-17
2023,Emily,Martinez,emily.martinez2023@example.com,Phoenix,AZ,United States,Consumer,2024-04-02
2024,Sophia,Jones,sophia.jones2024@example.com,Phoenix,AZ,United States,SMB,2023-05-20
2025,Isabella,Johnson,isabella.johnson2025@example.com,Los Angeles,CA,United States,Consumer,2024-09-09
2026,Gabriel,Jones,gabriel.jones2026@example.com,New York,NY,United States,Consumer,2024-10-23
2027,Henry,Thomas,henry.thomas2027@example.com,Chicago,IL,United States,Consumer,2024-12-07
2028,Harper,Gonzalez,harper.gonzalez2028@example.com,San Jose,CA,United States,Enterprise,2023-05-26
2029,Michael,Lopez,michael.lopez2029@example.com,Houston,TX,United States,Consumer,2024-05-01
2030,Isabella,Rodriguez,isabella.rodriguez2030@example.com,Phoenix,AZ,United States,Consumer,2023-04-04
2031,Amelia,Lopez,amelia.lopez2031@example.com,Phoenix,AZ,United States,Consumer,2023-02-09
2032,Olivia,Jones,olivia.jones2032@example.com,Phoenix,AZ,United States,SMB,2023-06-19
2033,Sophia,Davis,sophia.davis2033@example.com,San Diego,CA,United States,Consumer,2024-04-03
2034,David,Thomas,david.thomas2034@example.com,San Antonio,TX,United States,Enterprise,2024-12-30
2035,Amelia,Anderson,amelia.anderson2035@example.com,Philadelphia,PA,United States,SMB,2023-04-18
2036,Emma,Lopez,emma.lopez2036@example.com,Phoenix,AZ,United States,Enterprise,2024-02-02
2037,Evelyn,Rodriguez,evelyn.rodriguez2037@example.com,San Jose,CA,United States,SMB,2023-09-13
2038,Olivia,Jackson,olivia.jackson2038@example.com,Dallas,TX,United States,Consumer,2023-06-30
2039,Amelia,Martin,amelia.martin2039@example.com,Philadelphia,PA,United States,Consumer,2024-02-25
2040,Emma,Garcia,emma.garcia2040@example.com,Dallas,TX,United States,SMB,2023-12-14
2041,Alexander,Jackson,alexander.jackson2041@example.com,New York,NY,United States,Consumer,2023-08-09
2042,Gabriel,Moore,gabriel.moore2042@example.com,Chicago,IL,United States,Consumer,2023-08-30
2043,Mia,Hernandez,mia.hernandez2043@example.com,San Diego,CA,United States,Consumer,2023-08-15
2044,Henry,Moore,henry.moore2044@example.com,San Diego,CA,United States,Consumer,2024-01-06
2045,Lucas,Lopez,lucas.lopez2045@example.com,Dallas,TX,United States,Consumer,2023-12-30
2046,Alexander,Gonzalez,alexander.gonzalez2046@example.com,Philadelphia,PA,United States,Enterprise,2023-10-07
2047,Sophia,Jackson,sophia.jackson2047@example.com,Dallas,TX,United States,SMB,2023-04-22
2048,Olivia,Davis,olivia.davis2048@example.com,San Diego,CA,United States,Enterprise,2023-10-31
2049,Mia,Gonzalez,mia.gonzalez2049@example.com,San Jose,CA,United States,Consumer,2023-01-14
2050,Evelyn,Garcia,evelyn.garcia2050@example.com,San Antonio,TX,United States,Consumer,2024-07-02
2051,Emily,Garcia,emily.garcia2051@example.com,New York,NY,United States,Enterprise,2023-07-15
2052,Gabriel,Williams,gabriel.williams2052@example.com,San Antonio,TX,United States,Consumer,2024-08-24
2053,Isabella,Hernandez,isabella.hernandez2053@example.com,Dallas,TX,United States,Consumer,2023-05-11
2054,Evelyn,Wilson,evelyn.wilson2054@example.com,San Jose,CA,United States,Consumer,2024-09-14
2055,Sophia,Davis,sophia.davis2055@example.com,Chicago,IL,United States,Consumer,2023-01-05
2056,Amelia,Smith,amelia.smith2056@example.com,Philadelphia,PA,United States,Consumer,2023-01-11
2057,Isabella,Wilson,isabella.wilson2057@example.com,Chicago,IL,United States,Consumer,2023-08-16
2058,Evelyn,Anderson,evelyn.anderson2058@example.com,Phoenix,AZ,United States,Consumer,2024-07-10
2059,Mia,Lopez,mia.lopez2059@example.com,New York,NY,United States,SMB,2023-05-22
2060,Charlotte,Smith,charlotte.smith2060@example.com,Los Angeles,CA,United States,SMB,2023-05-15
2061,Lucas,Jackson,lucas.jackson2061@example.com,San Antonio,TX,United States,Enterprise,2023-05-21
2062,Gabriel,Williams,gabriel.williams2062@example.com,San Diego,CA,United States,Consumer,2024-08-31
2063,Joseph,Davis,joseph.davis2063@example.com,New York,NY,United States,SMB,2024-11-24
2064,Alexander,Anderson,alexander.anderson2064@example.com,Chicago,IL,United States,Consumer,2024-01-25
2065,Emily,Moore,emily.moore2065@example.com,Houston,TX,United States,SMB,2024-12-04
2066,James,Miller,james.miller2066@example.com,Philadelphia,PA,United States,Consumer,2023-03-18
2067,Gabriel,Brown,gabriel.brown2067@example.com,Phoenix,AZ,United States,SMB,2023-11-23
2068,William,Wilson,william.wilson2068@example.com,San Jose,CA,United States,Consumer,2024-08-10
2069,Isabella,Taylor,isabella.taylor2069@example.com,San Diego,CA,United States,SMB,2024-04-21
2070,James,Martin,james.martin2070@example.com,Los Angeles,CA,United States,Consumer,2023-03-09
2071,James,Miller,james.miller2071@example.com,New York,NY,United States,Consumer,2023-09-16
2072,Gabriel,Thomas,gabriel.thomas2072@example.com,San Jose,CA,United States,Consumer,2023-09-03
2073,Olivia,Taylor,olivia.taylor2073@example.com,Phoenix,AZ,United States,SMB,2024-07-25
2074,Lucas,Jackson,lucas.jackson2074@example.com,Los Angeles,CA,United States,SMB,2024-10-12
2075,Mia,Miller,mia.miller2075@example.com,Phoenix,AZ,United States,Consumer,2023-08-24
2076,Harper,Williams,harper.williams2076@example.com,Houston,TX,United States,SMB,2024-06-10
2077,Henry,Lopez,henry.lopez2077@example.com,San Antonio,TX,United States,Consumer,2024-04-13
2078,Alexander,Martinez,alexander.martinez2078@example.com,San Diego,CA,United States,Consumer,2024-05-30
2079,Isabella,Miller,isabella.miller2079@example.com,Phoenix,AZ,United States,SMB,2024-07-08
2080,Mia,Anderson,mia.anderson2080@example.com,Houston,TX,United States,Consumer,2024-07-18
2081,Emily,Smith,emily.smith2081@example.com,San Diego,CA,United States,Consumer,2024-12-09
2082,David,Davis,david.davis2082@example.com,San Antonio,TX,United States,SMB,2024-07-03
2083,Gabriel,Wilson,gabriel.wilson2083@example.com,San Antonio,TX,United States,Consumer,2024-01-31
2084,Amelia,Anderson,amelia.anderson2084@example.com,New York,NY,United States,Consumer,2023-10-04
2085,Mia,Lopez,mia.lopez2085@example.com,San Jose,CA,United States,Consumer,2024-07-28
2086,William,Martin,william.martin2086@example.com,Dallas,TX,United States,Consumer,2023-06-30
2087,Evelyn,Hernandez,evelyn.hernandez2087@example.com,San Antonio,TX,United States,SMB,2023-09-17
2088,David,Rodriguez,david.rodriguez2088@example.com,Dallas,TX,United States,Consumer,2024-05-16
2089,Emma,Wilson,emma.wilson2089@example.com,Chicago,IL,United States,Consumer,2023-08-30
2090,David,Moore,david.moore2090@example.com,Phoenix,AZ,United States,Consumer,2024-01-28
2091,Harper,Jackson,harper.jackson2091@example.com,Chicago,IL,United States,Consumer,2023-11-25
2092,Lucas,Taylor,lucas.taylor2092@example.com,San Antonio,TX,United States,SMB,2024-02-11
2093,William,Jones,william.jones2093@example.com,Chicago,IL,United States,Consumer,2024-12-23
2094,Olivia,Brown,olivia.brown2094@example.com,San Diego,CA,United States,Consumer,2024-11-01
2095,Joseph,Hernandez,joseph.hernandez2095@example.com,Phoenix,AZ,United States,Consumer,2023-07-12
2096,James,Williams,james.williams2096@example.com,San Jose,CA,United States,SMB,2024-11-23
2097,Mia,Davis,mia.davis2097@example.com,Dallas,TX,United States,Consumer,2023-11-16
2098,William,Martinez,william.martinez2098@example.com,Houston,TX,United States,Consumer,2024-09-08
2099,James,Johnson,james.johnson2099@example.com,San Jose,CA,United States,Consumer,2023-05-27
2100,Isabella,Garcia,isabella.garcia2100@example.com,San Jose,CA,United States,Consumer,2023-01-27
2101,Charlotte,Smith,charlotte.smith2101@example.com,Dallas,TX,United States,Consumer,2024-10-19
2102,Emma,Miller,emma.miller2102@example.com,San Diego,CA,United States,Consumer,2023-10-02
2103,Mia,Smith,mia.smith2103@example.com,Philadelphia,PA,United States,Enterprise,2023-05-08
2104,Michael,Hernandez,michael.hernandez2104@example.com,Chicago,IL,United States,Consumer,2024-01-29
2105,David,Anderson,david.anderson2105@example.com,San Jose,CA,United States,Consumer,2023-10-07
2106,Daniel,Brown,daniel.brown2106@example.com,Dallas,TX,United States,Consumer,2024-03-16
2107,Daniel,Thomas,daniel.thomas2107@example.com,San Antonio,TX,United States,SMB,2023-01-01
2108,Emily,Hernandez,emily.hernandez2108@example.com,Chicago,IL,United States,Consumer,2024-11-28
2109,Charlotte,Johnson,charlotte.johnson2109@example.com,Los Angeles,CA,United States,Consumer,2023-09-10
2110,Evelyn,Thomas,evelyn.thomas2110@example.com,San Jose,CA,United States,Consumer,2023-04-19
2111,Henry,Garcia,henry.garcia2111@example.com,Chicago,IL,United States,SMB,2023-07-06
2112,Henry,Davis,henry.davis2112@example.com,San Jose,CA,United States,Consumer,2024-11-08
2113,Harper,Wilson,harper.wilson2113@example.com,Chicago,IL,United States,Consumer,2024-06-23
2114,Gabriel,Brown,gabriel.brown2114@example.com,San Antonio,TX,United States,Consumer,2023-11-18
2115,Amelia,Martinez,amelia.martinez2115@example.com,Chicago,IL,United States,Consumer,2023-06-05
2116,Henry,Jones,henry.jones2116@example.com,San Antonio,TX,United States,Enterprise,2023-01-20
2117,David,Hernandez,david.hernandez2117@example.com,New York,NY,United States,Consumer,2023-11-02
2118,Sophia,Jones,sophia.jones2118@example.com,San Antonio,TX,United States,Consumer,2023-12-19
2119,Isabella,Smith,isabella.smith2119@example.com,Los Angeles,CA,United States,Consumer,2023-06-05
2120,Lucas,Williams,lucas.williams2120@example.com,San Antonio,TX,United States,Consumer,2024-12-12
2121,Michael,Taylor,michael.taylor2121@example.com,Dallas,TX,United States,Consumer,2024-08-20
2122,James,Lopez,james.lopez2122@example.com,Phoenix,AZ,United States,SMB,2024-08-25
2123,David,Davis,david.davis2123@example.com,Phoenix,AZ,United States,Consumer,2023-12-30
2124,Amelia,Williams,amelia.williams2124@example.com,San Jose,CA,United States,Consumer,2024-06-28
2125,Daniel,Thomas,daniel.thomas2125@example.com,Dallas,TX,United States,Consumer,2023-10-19
2126,Emma,Lopez,emma.lopez2126@example.com,New York,NY,United States,SMB,2023-10-13
2127,Emily,Jackson,emily.jackson2127@example.com,Dallas,TX,United States,Consumer,2024-10-25
2128,David,Gonzalez,david.gonzalez2128@example.com,San Diego,CA,United States,Consumer,2024-08-08
2129,Evelyn,Davis,evelyn.davis2129@example.com,Dallas,TX,United States,Consumer,2023-03-12
2130,Emma,Hernandez,emma.hernandez2130@example.com,San Diego,CA,United States,Consumer,2023-01-13
2131,Michael,Wilson,michael.wilson2131@example.com,Los Angeles,CA,United States,Consumer,2024-07-26
2132,Evelyn,Brown,evelyn.brown2132@example.com,Chicago,IL,United States,Consumer,2023-11-21
2133,Gabriel,Jackson,gabriel.jackson2133@example.com,Los Angeles,CA,United States,Consumer,2023-06-21
2134,Lucas,Wilson,lucas.wilson2134@example.com,Philadelphia,PA,United States,Consumer,2024-04-02
2135,Olivia,Thomas,olivia.thomas2135@example.com,San Antonio,TX,United States,Consumer,2024-07-12
2136,Evelyn,Hernandez,evelyn.hernandez2136@example.com,Philadelphia,PA,United States,SMB,2024-02-09
2137,Joseph,Wilson,joseph.wilson2137@example.com,Dallas,TX,United States,Consumer,2023-02-16
2138,Alexander,Lopez,alexander.lopez2138@example.com,San Antonio,TX,United States,Consumer,2023-01-06
2139,Daniel,Rodriguez,daniel.rodriguez2139@example.com,San Diego,CA,United States,Consumer,2023-09-27
2140,Mia,Martin,mia.martin2140@example.com,Houston,TX,United States,Consumer,2024-06-21
2141,Henry,Anderson,henry.anderson2141@example.com,San Diego,CA,United States,Consumer,2024-09-20
2142,Michael,Jones,michael.jones2142@example.com,New York,NY,United States,Consumer,2023-06-09
2143,Evelyn,Martin,evelyn.martin2143@example.com,San Diego,CA,United States,Consumer,2024-12-06
2144,Harper,Smith,harper.smith2144@example.com,San Jose,CA,United States,SMB,2023-04-03
2145,Emily,Davis,emily.davis2145@example.com,Philadelphia,PA,United States,Consumer,2023-12-30
2146,Charlotte,Davis,charlotte.davis2146@example.com,San Diego,CA,United States,Consumer,2023-01-20
2147,Daniel,Rodriguez,daniel.rodriguez2147@example.com,San Diego,CA,United States,Consumer,2023-02-03
2148,Joseph,Miller,joseph.miller2148@example.com,San Antonio,TX,United States,Consumer,2023-06-04
2149,Emily,Smith,emily.smith2149@example.com,New York,NY,United States,Consumer,2024-02-24
2150,Amelia,Williams,amelia.williams2150@example.com,San Antonio,TX,United States,Enterprise,2024-06-19
2151,Amelia,Davis,amelia.davis2151@example.com,San Antonio,TX,United States,Consumer,2023-02-23
2152,Amelia,Hernandez,amelia.hernandez2152@example.com,Philadelphia,PA,United States,Consumer,2023-08-04
2153,Henry,Lopez,henry.lopez2153@example.com,San Diego,CA,United States,Consumer,2023-01-27
2154,Harper,Gonzalez,harper.gonzalez2154@example.com,San Antonio,TX,United States,Consumer,2024-05-17
2155,Isabella,Taylor,isabella.taylor2155@example.com,Dallas,TX,United States,Consumer,2024-09-19
2156,Sophia,Johnson,sophia.johnson2156@example.com,Houston,TX,United States,Consumer,2024-02-06
2157,Mia,Moore,mia.moore2157@example.com,Dallas,TX,United States,Consumer,2023-02-01
2158,Daniel,Taylor,daniel.taylor2158@example.com,Philadelphia,PA,United States,Consumer,2023-01-13
2159,William,Lopez,william.lopez2159@example.com,San Diego,CA,United States,Consumer,2023-04-29
2160,Charlotte,Rodriguez,charlotte.rodriguez2160@example.com,San Antonio,TX,United States,Consumer,2023-02-15
2161,Charlotte,Hernandez,charlotte.hernandez2161@example.com,Phoenix,AZ,United States,Consumer,2023-01-03
2162,Harper,Williams,harper.williams2162@example.com,Los Angeles,CA,United States,SMB,2024-01-24
2163,David,Anderson,david.anderson2163@example.com,San Jose,CA,United States,Consumer,2023-10-30
2164,Joseph,Wilson,joseph.wilson2164@example.com,New York,NY,United States,Consumer,2024-09-12
2165,James,Smith,james.smith2165@example.com,San Jose,CA,United States,SMB,2024-01-11
2166,Emily,Anderson,emily.anderson2166@example.com,Houston,TX,United States,Consumer,2023-11-16
2167,Emma,Lopez,emma.lopez2167@example.com,San Antonio,TX,United States,Consumer,2024-06-04
2168,Isabella,Wilson,isabella.wilson2168@example.com,New York,NY,United States,Consumer,2024-08-21
2169,Emily,Johnson,emily.johnson2169@example.com,Houston,TX,United States,Consumer,2024-08-18
2170,Amelia,Wilson,amelia.wilson2170@example.com,San Diego,CA,United States,Consumer,2023-05-20
2171,Harper,Johnson,harper.johnson2171@example.com,San Antonio,TX,United States,Consumer,2023-12-26
2172,Olivia,Martinez,olivia.martinez2172@example.com,San Diego,CA,United States,Consumer,2023-04-05
2173,Emily,Taylor,emily.taylor2173@example.com,Chicago,IL,United States,Consumer,2024-08-23
2174,Daniel,Thomas,daniel.thomas2174@example.com,Dallas,TX,United States,SMB,2023-06-15
2175,Charlotte,Garcia,charlotte.garcia2175@example.com,Dallas,TX,United States,Enterprise,2024-09-29
2176,Emily,Gonzalez,emily.gonzalez2176@example.com,Houston,TX,United States,Consumer,2023-04-13
2177,Olivia,Moore,olivia.moore2177@example.com,Houston,TX,United States,Consumer,2023-02-09
2178,Isabella,Davis,isabella.davis2178@example.com,New York,NY,United States,SMB,2024-06-29
2179,Sophia,Williams,sophia.williams2179@example.com,Philadelphia,PA,United States,Consumer,2023-12-09
2180,Henry,Jones,henry.jones2180@example.com,San Jose,CA,United States,Consumer,2023-03-25
2181,Emma,Miller,emma.miller2181@example.com,Philadelphia,PA,United States,SMB,2023-10-20
2182,Emma,Martinez,emma.martinez2182@example.com,Philadelphia,PA,United States,Consumer,2024-10-06
2183,Mia,Anderson,mia.anderson2183@example.com,Dallas,TX,United States,Consumer,2024-09-10
2184,Lucas,Rodriguez,lucas.rodriguez2184@example.com,San Antonio,TX,United States,Consumer,2024-05-10
2185,David,Taylor,david.taylor2185@example.com,Houston,TX,United States,Consumer,2023-11-17
2186,Evelyn,Smith,evelyn.smith2186@example.com,Dallas,TX,United States,Consumer,2024-05-06
2187,Joseph,Miller,joseph.miller2187@example.com,San Diego,CA,United States,Consumer,2024-02-16
2188,William,Thomas,william.thomas2188@example.com,San Jose,CA,United States,Consumer,2023-01-11
2189,Emily,Wilson,emily.wilson2189@example.com,Chicago,IL,United States,Consumer,2024-11-14
2190,Lucas,Williams,lucas.williams2190@example.com,New York,NY,United States,Consumer,2024-11-21
2191,Sophia,Thomas,sophia.thomas2191@example.com,Phoenix,AZ,United States,Enterprise,2024-09-12
2192,Joseph,Martin,joseph.martin2192@example.com,San Jose,CA,United States,SMB,2024-04-24
2193,Gabriel,Lopez,gabriel.lopez2193@example.com,New York,NY,United States,SMB,2023-05-01
2194,Olivia,Taylor,olivia.taylor2194@example.com,New York,NY,United States,Consumer,2024-05-19
2195,Daniel,Smith,daniel.smith2195@example.com,Philadelphia,PA,United States,Consumer,2024-12-18
2196,Henry,Smith,henry.smith2196@example.com,New York,NY,United States,Consumer,2023-09-26
2197,Olivia,Garcia,olivia.garcia2197@example.com,New York,NY,United States,Consumer,2023-12-16
2198,Mia,Jackson,mia.jackson2198@example.com,Chicago,IL,United States,Consumer,2024-07-16
2199,Sophia,Martin,sophia.martin2199@example.com,Chicago,IL,United States,SMB,2023-02-11
2200,Emma,Brown,emma.brown2200@example.com,San Diego,CA,United States,Consumer,2024-11-08
2201,Amelia,Miller,amelia.miller2201@example.com,Los Angeles,CA,United States,Consumer,2023-01-26
2202,Henry,Rodriguez,henry.rodriguez2202@example.com,Houston,TX,United States,SMB,2023-04-16
2203,Amelia,Taylor,amelia.taylor2203@example.com,Philadelphia,PA,United States,Consumer,2024-01-31
2204,Isabella,Moore,isabella.moore2204@example.com,Los Angeles,CA,United States,Consumer,2023-06-21
2205,Sophia,Johnson,sophia.johnson2205@example.com,San Diego,CA,United States,Consumer,2023-05-18
2206,David,Moore,david.moore2206@example.com,Philadelphia,PA,United States,Enterprise,2024-04-06
2207,Gabriel,Taylor,gabriel.taylor2207@example.com,Phoenix,AZ,United States,Consumer,2024-02-11
2208,Michael,Miller,michael.miller2208@example.com,Phoenix,AZ,United States,SMB,2024-12-04
2209,Amelia,Thomas,amelia.thomas2209@example.com,San Diego,CA,United States,SMB,2024-05-01
2210,Joseph,Lopez,joseph.lopez2210@example.com,Dallas,TX,United States,SMB,2024-03-22
2211,Daniel,Hernandez,daniel.hernandez2211@example.com,Philadelphia,PA,United States,Consumer,2024-01-06
2212,Alexander,Johnson,alexander.johnson2212@example.com,San Antonio,TX,United States,SMB,2024-12-19
2213,Joseph,Garcia,joseph.garcia2213@example.com,Los Angeles,CA,United States,SMB,2023-08-15
2214,Joseph,Jones,joseph.jones2214@example.com,Dallas,TX,United States,Enterprise,2023-04-28
2215,Henry,Moore,henry.moore2215@example.com,Phoenix,AZ,United States,SMB,2024-01-29
2216,Gabriel,Martin,gabriel.martin2216@example.com,Dallas,TX,United States,SMB,2023-09-08
2217,Sophia,Johnson,sophia.johnson2217@example.com,San Diego,CA,United States,SMB,2024-08-04
2218,Michael,Miller,michael.miller2218@example.com,San Jose,CA,United States,Consumer,2024-10-24
2219,Emma,Taylor,emma.taylor2219@example.com,New York,NY,United States,Consumer,2023-11-22
2220,Joseph,Moore,joseph.moore2220@example.com,San Antonio,TX,United States,Consumer,2024-09-15
2221,Amelia,Lopez,amelia.lopez2221@example.com,Chicago,IL,United States,Consumer,2024-10-09
2222,Gabriel,Johnson,gabriel.johnson2222@example.com,New York,NY,United States,SMB,2024-11-09
2223,James,Garcia,james.garcia2223@example.com,San Jose,CA,United States,Consumer,2024-01-03
2224,Evelyn,Taylor,evelyn.taylor2224@example.com,New York,NY,United States,SMB,2023-03-09
2225,Charlotte,Martin,charlotte.martin2225@example.com,San Jose,CA,United States,Consumer,2023-06-23
2226,David,Moore,david.moore2226@example.com,Los Angeles,CA,United States,Consumer,2023-12-26
2227,Mia,Jones,mia.jones2227@example.com,San Jose,CA,United States,Consumer,2024-01-05
2228,Olivia,Williams,olivia.williams2228@example.com,San Diego,CA,United States,Consumer,2024-08-29
2229,Daniel,Johnson,daniel.johnson2229@example.com,Los Angeles,CA,United States,Consumer,2023-08-24
2230,Evelyn,Smith,evelyn.smith2230@example.com,Houston,TX,United States,Consumer,2023-06-22
2231,Mia,Anderson,mia.anderson2231@example.com,Phoenix,AZ,United States,Consumer,2023-08-05
2232,Daniel,Johnson,daniel.johnson2232@example.com,Dallas,TX,United States,Consumer,2024-03-29
2233,Henry,Wilson,henry.wilson2233@example.com,San Diego,CA,United States,Enterprise,2023-09-30
2234,Mia,Taylor,mia.taylor2234@example.com,San Diego,CA,United States,Consumer,2023-03-06
2235,Sophia,Miller,sophia.miller2235@example.com,Phoenix,AZ,United States,Consumer,2023-01-24
2236,David,Taylor,david.taylor2236@example.com,Phoenix,AZ,United States,Consumer,2023-01-20
2237,Gabriel,Jackson,gabriel.jackson2237@example.com,San Diego,CA,United States,Consumer,2024-05-29
2238,William,Taylor,william.taylor2238@example.com,San Diego,CA,United States,Consumer,2023-02-03
2239,Henry,Gonzalez,henry.gonzalez2239@example.com,Phoenix,AZ,United States,SMB,2023-03-30
2240,Sophia,Brown,sophia.brown2240@example.com,Houston,TX,United States,SMB,2024-06-05
2241,Olivia,Lopez,olivia.lopez2241@example.com,Houston,TX,United States,Consumer,2023-06-25
2242,James,Martinez,james.martinez2242@example.com,San Antonio,TX,United States,SMB,2024-02-02
2243,Charlotte,Williams,charlotte.williams2243@example.com,New York,NY,United States,Consumer,2024-05-15
2244,Michael,Jackson,michael.jackson2244@example.com,Chicago,IL,United States,Consumer,2024-04-04
2245,Mia,Rodriguez,mia.rodriguez2245@example.com,New York,NY,United States,Consumer,2024-02-01
2246,Henry,Hernandez,henry.hernandez2246@example.com,Philadelphia,PA,United States,Consumer,2024-06-19
2247,Olivia,Davis,olivia.davis2247@example.com,Philadelphia,PA,United States,Consumer,2024-09-12
2248,Mia,Williams,mia.williams2248@example.com,Houston,TX,United States,Consumer,2024-06-28
2249,Sophia,Hernandez,sophia.hernandez2249@example.com,Chicago,IL,United States,SMB,2023-01-11
2250,Emily,Rodriguez,emily.rodriguez2250@example.com,Dallas,TX,United States,Consumer,2023-12-28
2251,Evelyn,Thomas,evelyn.thomas2251@example.com,Chicago,IL,United States,Consumer,2024-04-16
2252,Olivia,Martin,olivia.martin2252@example.com,Phoenix,AZ,United States,Consumer,2023-08-24
2253,Joseph,Williams,joseph.williams2253@example.com,Philadelphia,PA,United States,Consumer,2024-02-16
2254,Harper,Wilson,harper.wilson2254@example.com,Phoenix,AZ,United States,Consumer,2024-06-09
2255,Isabella,Anderson,isabella.anderson2255@example.com,Chicago,IL,United States,Consumer,2023-03-31
2256,Henry,Davis,henry.davis2256@example.com,Philadelphia,PA,United States,Consumer,2024-01-07
2257,Gabriel,Williams,gabriel.williams2257@example.com,San Jose,CA,United States,Consumer,2024-04-07
2258,Lucas,Jackson,lucas.jackson2258@example.com,Phoenix,AZ,United States,Consumer,2023-11-21
2259,Charlotte,Moore,charlotte.moore2259@example.com,San Jose,CA,United States,Consumer,2024-08-06
2260,Amelia,Wilson,amelia.wilson2260@example.com,Phoenix,AZ,United States,Consumer,2024-07-21
2261,Sophia,Thomas,sophia.thomas2261@example.com,San Diego,CA,United States,Consumer,2023-09-30
2262,Olivia,Thomas,olivia.thomas2262@example.com,Houston,TX,United States,SMB,2024-07-03
2263,Amelia,Martinez,amelia.martinez2263@example.com,Dallas,TX,United States,Consumer,2023-02-05
2264,Sophia,Lopez,sophia.lopez2264@example.com,San Diego,CA,United States,Consumer,2024-07-07
2265,Harper,Gonzalez,harper.gonzalez2265@example.com,Los Angeles,CA,United States,Consumer,2023-10-04
2266,Daniel,Garcia,daniel.garcia2266@example.com,Philadelphia,PA,United States,Enterprise,2023-03-08
2267,Sophia,Smith,sophia.smith2267@example.com,Houston,TX,United States,Consumer,2024-02-21
2268,Isabella,Jones,isabella.jones2268@example.com,San Jose,CA,United States,SMB,2023-11-18
2269,Lucas,Miller,lucas.miller2269@example.com,Houston,TX,United States,Consumer,2024-10-01
2270,David,Smith,david.smith2270@example.com,Dallas,TX,United States,Consumer,2023-06-29
2271,David,Taylor,david.taylor2271@example.com,San Diego,CA,United States,Consumer,2024-03-18
2272,Evelyn,Moore,evelyn.moore2272@example.com,Philadelphia,PA,United States,Consumer,2023-09-29
2273,Harper,Williams,harper.williams2273@example.com,Philadelphia,PA,United States,Enterprise,2024-08-15
2274,Henry,Miller,henry.miller2274@example.com,Los Angeles,CA,United States,SMB,2024-10-15
2275,Gabriel,Anderson,gabriel.anderson2275@example.com,New York,NY,United States,Consumer,2024-07-08
2276,Daniel,Jones,daniel.jones2276@example.com,Phoenix,AZ,United States,Consumer,2023-03-11
2277,Charlotte,Hernandez,charlotte.hernandez2277@example.com,Houston,TX,United States,Consumer,2024-07-21
2278,William,Williams,william.williams2278@example.com,San Jose,CA,United States,Enterprise,2024-11-18
2279,Sophia,Smith,sophia.smith2279@example.com,Dallas,TX,United States,Consumer,2023-06-30
2280,Henry,Thomas,henry.thomas2280@example.com,San Jose,CA,United States,SMB,2024-09-07
2281,James,Rodriguez,james.rodriguez2281@example.com,Philadelphia,PA,United States,Consumer,2024-12-23
2282,Henry,Moore,henry.moore2282@example.com,Los Angeles,CA,United States,SMB,2024-07-18
2283,Amelia,Miller,amelia.miller2283@example.com,San Diego,CA,United States,Consumer,2023-02-11
2284,Joseph,Lopez,joseph.lopez2284@example.com,San Diego,CA,United States,Consumer,2023-10-09
2285,Henry,Wilson,henry.wilson2285@example.com,Los Angeles,CA,United States,Consumer,2023-02-18
2286,William,Miller,william.miller2286@example.com,New York,NY,United States,Consumer,2024-12-11
2287,Evelyn,Miller,evelyn.miller2287@example.com,San Diego,CA,United States,Consumer,2023-12-02
2288,Mia,Moore,mia.moore2288@example.com,San Antonio,TX,United States,Enterprise,2023-08-01
2289,Daniel,Miller,daniel.miller2289@example.com,Dallas,TX,United States,Consumer,2024-09-29
2290,Lucas,Brown,lucas.brown2290@example.com,San Diego,CA,United States,Consumer,2024-10-24
2291,Mia,Williams,mia.williams2291@example.com,Chicago,IL,United States,Consumer,2024-12-03
2292,Mia,Taylor,mia.taylor2292@example.com,Philadelphia,PA,United States,Consumer,2023-12-16
2293,Sophia,Garcia,sophia.garcia2293@example.com,Dallas,TX,United States,Consumer,2023-11-06
2294,Lucas,Taylor,lucas.taylor2294@example.com,San Jose,CA,United States,Consumer,2024-10-08
2295,Joseph,Williams,joseph.williams2295@example.com,Los Angeles,CA,United States,Consumer,2023-01-16
2296,Olivia,Gonzalez,olivia.gonzalez2296@example.com,San Antonio,TX,United States,Consumer,2023-05-13
2297,Emma,Taylor,emma.taylor2297@example.com,Dallas,TX,United States,Consumer,2023-11-12
2298,Amelia,Martin,amelia.martin2298@example.com,Los Angeles,CA,United States,SMB,2024-01-24
2299,Alexander,Hernandez,alexander.hernandez2299@example.com,Dallas,TX,United States,Consumer,2024-11-27
2300,Lucas,Thomas,lucas.thomas2300@example.com,Philadelphia,PA,United States,Consumer,2023-10-31
2301,Amelia,Thomas,amelia.thomas2301@example.com,Philadelphia,PA,United States,Consumer,2024-12-03
2302,Evelyn,Gonzalez,evelyn.gonzalez2302@example.com,Dallas,TX,United States,SMB,2023-06-09
2303,Charlotte,Martin,charlotte.martin2303@example.com,Dallas,TX,United States,Consumer,2023-06-17
2304,Amelia,Martinez,amelia.martinez2304@example.com,Dallas,TX,United States,SMB,2023-01-31
2305,Lucas,Smith,lucas.smith2305@example.com,Los Angeles,CA,United States,Consumer,2024-04-18
2306,James,Brown,james.brown2306@example.com,Houston,TX,United States,Consumer,2023-05-12
2307,Henry,Gonzalez,henry.gonzalez2307@example.com,Houston,TX,United States,Consumer,2023-11-21
2308,Amelia,Jones,amelia.jones2308@example.com,San Diego,CA,United States,Consumer,2024-03-21
2309,Olivia,Hernandez,olivia.hernandez2309@example.com,Phoenix,AZ,United States,Consumer,2024-12-20
2310,James,Rodriguez,james.rodriguez2310@example.com,Los Angeles,CA,United States,Consumer,2023-10-28
2311,Michael,Martinez,michael.martinez2311@example.com,Dallas,TX,United States,Consumer,2023-06-12
2312,Gabriel,Taylor,gabriel.taylor2312@example.com,San Antonio,TX,United States,Consumer,2024-05-14
2313,Isabella,Brown,isabella.brown2313@example.com,Houston,TX,United States,Consumer,2023-08-27
2314,Olivia,Jones,olivia.jones2314@example.com,New York,NY,United States,Consumer,2024-01-21
2315,Isabella,Jones,isabella.jones2315@example.com,Los Angeles,CA,United States,Consumer,2024-07-19
2316,Emily,Taylor,emily.taylor2316@example.com,Phoenix,AZ,United States,Consumer,2023-10-21
2317,Charlotte,Moore,charlotte.moore2317@example.com,New York,NY,United States,Consumer,2024-09-05
2318,Emily,Hernandez,emily.hernandez2318@example.com,Los Angeles,CA,United States,Consumer,2024-12-21
2319,David,Martin,david.martin2319@example.com,San Jose,CA,United States,SMB,2023-01-29
2320,Lucas,Martin,lucas.martin2320@example.com,San Jose,CA,United States,Enterprise,2024-03-03
2321,Joseph,Lopez,joseph.lopez2321@example.com,Los Angeles,CA,United States,Consumer,2023-12-23
2322,Emma,Martin,emma.martin2322@example.com,Chicago,IL,United States,Consumer,2023-03-16
2323,Henry,Hernandez,henry.hernandez2323@example.com,Dallas,TX,United States,SMB,2024-08-12
2324,Alexander,Thomas,alexander.thomas2324@example.com,Chicago,IL,United States,Consumer,2023-08-09
2325,Alexander,Lopez,alexander.lopez2325@example.com,Los Angeles,CA,United States,Consumer,2023-07-07
2326,Mia,Lopez,mia.lopez2326@example.com,San Diego,CA,United States,Consumer,2024-06-14
2327,Michael,Moore,michael.moore2327@example.com,Los Angeles,CA,United States,Consumer,2024-01-17
2328,James,Martinez,james.martinez2328@example.com,Houston,TX,United States,Consumer,2023-04-04
2329,Harper,Anderson,harper.anderson2329@example.com,Houston,TX,United States,Consumer,2024-06-03
2330,Emily,Lopez,emily.lopez2330@example.com,San Jose,CA,United States,SMB,2024-02-14
2331,Isabella,Smith,isabella.smith2331@example.com,Los Angeles,CA,United States,Consumer,2024-06-06
2332,James,Lopez,james.lopez2332@example.com,Philadelphia,PA,United States,SMB,2024-10-23
2333,Gabriel,Taylor,gabriel.taylor2333@example.com,San Jose,CA,United States,Enterprise,2023-07-05
2334,Amelia,Garcia,amelia.garcia2334@example.com,Chicago,IL,United States,Consumer,2023-06-20
2335,Harper,Brown,harper.brown2335@example.com,Philadelphia,PA,United States,SMB,2024-02-12
2336,Mia,Johnson,mia.johnson2336@example.com,San Diego,CA,United States,SMB,2023-09-19
2337,Lucas,Garcia,lucas.garcia2337@example.com,San Antonio,TX,United States,SMB,2024-01-01
2338,Mia,Hernandez,mia.hernandez2338@example.com,Dallas,TX,United States,SMB,2023-07-15
2339,Emma,Miller,emma.miller2339@example.com,Dallas,TX,United States,SMB,2024-01-24
2340,Sophia,Jackson,sophia.jackson2340@example.com,Houston,TX,United States,Consumer,2024-09-25
2341,Isabella,Taylor,isabella.taylor2341@example.com,San Diego,CA,United States,Consumer,2024-01-10
2342,James,Johnson,james.johnson2342@example.com,New York,NY,United States,Consumer,2023-12-23
2343,Olivia,Miller,olivia.miller2343@example.com,Phoenix,AZ,United States,Consumer,2024-08-28
2344,Amelia,Gonzalez,amelia.gonzalez2344@example.com,Phoenix,AZ,United States,Consumer,2024-02-20
2345,Charlotte,Thomas,charlotte.thomas2345@example.com,Philadelphia,PA,United States,Consumer,2023-12-03
2346,Joseph,Davis,joseph.davis2346@example.com,Chicago,IL,United States,Consumer,2023-03-05
2347,Gabriel,Johnson,gabriel.johnson2347@example.com,San Antonio,TX,United States,Consumer,2024-04-02
2348,Michael,Garcia,michael.garcia2348@example.com,San Jose,CA,United States,SMB,2023-06-27
2349,Lucas,Davis,lucas.davis2349@example.com,San Jose,CA,United States,Consumer,2024-11-14
2350,Emma,Williams,emma.williams2350@example.com,New York,NY,United States,Consumer,2023-01-29
2351,Daniel,Smith,daniel.smith2351@example.com,San Diego,CA,United States,Consumer,2023-03-17
2352,Mia,Anderson,mia.anderson2352@example.com,Phoenix,AZ,United States,Consumer,2023-10-07
2353,Mia,Miller,mia.miller2353@example.com,San Jose,CA,United States,SMB,2024-03-26
2354,William,Martinez,william.martinez2354@example.com,Houston,TX,United States,Consumer,2024-05-21
2355,Lucas,Wilson,lucas.wilson2355@example.com,San Jose,CA,United States,Consumer,2023-02-13
2356,Henry,Jackson,henry.jackson2356@example.com,Philadelphia,PA,United States,Consumer,2024-08-17
2357,Sophia,Johnson,sophia.johnson2357@example.com,San Antonio,TX,United States,Consumer,2024-02-08
2358,Joseph,Taylor,joseph.taylor2358@example.com,Houston,TX,United States,SMB,2024-05-19
2359,Joseph,Williams,joseph.williams2359@example.com,San Jose,CA,United States,Consumer,2023-08-12
2360,Michael,Smith,michael.smith2360@example.com,San Jose,CA,United States,Consumer,2023-08-29
2361,Michael,Gonzalez,michael.gonzalez2361@example.com,Los Angeles,CA,United States,Consumer,2023-11-30
2362,Michael,Jackson,michael.jackson2362@example.com,San Diego,CA,United States,SMB,2024-03-27
2363,David,Smith,david.smith2363@example.com,San Diego,CA,United States,SMB,2024-05-09
2364,Evelyn,Martin,evelyn.martin2364@example.com,San Diego,CA,United States,SMB,2024-01-30
2365,Charlotte,Thomas,charlotte.thomas2365@example.com,New York,NY,United States,Consumer,2023-08-26
2366,Charlotte,Moore,charlotte.moore2366@example.com,Philadelphia,PA,United States,Consumer,2024-10-10
2367,Isabella,Gonzalez,isabella.gonzalez2367@example.com,Los Angeles,CA,United States,Consumer,2023-01-06
2368,Sophia,Miller,sophia.miller2368@example.com,Houston,TX,United States,SMB,2024-01-30
2369,Joseph,Martinez,joseph.martinez2369@example.com,Los Angeles,CA,United States,Consumer,2024-09-13
2370,Isabella,Garcia,isabella.garcia2370@example.com,Houston,TX,United States,SMB,2023-03-16
2371,Emily,Jones,emily.jones2371@example.com,Philadelphia,PA,United States,Consumer,2023-10-02
2372,David,Jones,david.jones2372@example.com,Dallas,TX,United States,Consumer,2023-09-12
2373,Isabella,Garcia,isabella.garcia2373@example.com,Houston,TX,United States,SMB,2023-07-23
2374,Amelia,Martinez,amelia.martinez2374@example.com,Philadelphia,PA,United States,Consumer,2023-11-30
2375,Joseph,Rodriguez,joseph.rodriguez2375@example.com,San Antonio,TX,United States,Consumer,2023-11-28
2376,Sophia,Johnson,sophia.johnson2376@example.com,Chicago,IL,United States,SMB,2024-09-25
2377,Sophia,Garcia,sophia.garcia2377@example.com,Chicago,IL,United States,Consumer,2024-04-02
2378,Lucas,Thomas,lucas.thomas2378@example.com,Dallas,TX,United States,Consumer,2023-07-20
2379,William,Lopez,william.lopez2379@example.com,San Antonio,TX,United States,SMB,2024-07-06
2380,David,Hernandez,david.hernandez2380@example.com,San Diego,CA,United States,Consumer,2024-11-25
2381,Evelyn,Miller,evelyn.miller2381@example.com,Chicago,IL,United States,SMB,2024-08-06
2382,David,Johnson,david.johnson2382@example.com,Dallas,TX,United States,Consumer,2024-09-20
2383,Henry,Miller,henry.miller2383@example.com,Los Angeles,CA,United States,Consumer,2023-10-23
2384,Sophia,Taylor,sophia.taylor2384@example.com,Phoenix,AZ,United States,Consumer,2024-03-03
2385,Evelyn,Gonzalez,evelyn.gonzalez2385@example.com,Dallas,TX,United States,Consumer,2023-12-14
2386,William,Brown,william.brown2386@example.com,Phoenix,AZ,United States,Consumer,2023-01-27
2387,James,Taylor,james.taylor2387@example.com,Dallas,TX,United States,SMB,2024-10-10
2388,Emma,Gonzalez,emma.gonzalez2388@example.com,Dallas,TX,United States,SMB,2024-06-25
2389,James,Jones,james.jones2389@example.com,Chicago,IL,United States,Consumer,2024-11-06
2390,William,Brown,william.brown2390@example.com,Los Angeles,CA,United States,Consumer,2024-04-06
2391,Mia,Williams,mia.williams2391@example.com,San Antonio,TX,United States,Consumer,2024-10-08
2392,Sophia,Moore,sophia.moore2392@example.com,Dallas,TX,United States,SMB,2024-05-18
2393,Isabella,Martinez,isabella.martinez2393@example.com,Phoenix,AZ,United States,SMB,2023-08-03
2394,Michael,Brown,michael.brown2394@example.com,San Jose,CA,United States,Consumer,2023-08-16
2395,Mia,Thomas,mia.thomas2395@example.com,Chicago,IL,United States,SMB,2024-10-30
2396,Harper,Lopez,harper.lopez2396@example.com,Dallas,TX,United States,Consumer,2023-01-16
2397,Emma,Anderson,emma.anderson2397@example.com,San Antonio,TX,United States,Consumer,2023-10-11
2398,Mia,Brown,mia.brown2398@example.com,New York,NY,United States,Consumer,2024-02-04
2399,Amelia,Jackson,amelia.jackson2399@example.com,San Jose,CA,United States,Consumer,2023-06-23
2400,Emily,Smith,emily.smith2400@example.com,Phoenix,AZ,United States,Consumer,2023-03-22
2401,Henry,Moore,henry.moore2401@example.com,San Antonio,TX,United States,Consumer,2024-10-27
2402,Alexander,Wilson,alexander.wilson2402@example.com,Philadelphia,PA,United States,Consumer,2023-05-29
2403,Isabella,Gonzalez,isabella.gonzalez2403@example.com,San Antonio,TX,United States,Consumer,2024-05-19
2404,William,Garcia,william.garcia2404@example.com,Houston,TX,United States,Consumer,2024-04-18
2405,William,Jones,william.jones2405@example.com,Phoenix,AZ,United States,Consumer,2024-06-03
2406,Joseph,Davis,joseph.davis2406@example.com,San Jose,CA,United States,SMB,2024-06-13
2407,Olivia,Johnson,olivia.johnson2407@example.com,San Antonio,TX,United States,Consumer,2023-10-08
2408,David,Smith,david.smith2408@example.com,San Diego,CA,United States,Consumer,2023-07-13
2409,Isabella,Johnson,isabella.johnson2409@example.com,Philadelphia,PA,United States,Enterprise,2024-09-30
2410,Amelia,Davis,amelia.davis2410@example.com,Chicago,IL,United States,Consumer,2024-08-14
2411,Evelyn,Miller,evelyn.miller2411@example.com,San Antonio,TX,United States,SMB,2023-10-31
2412,Charlotte,Moore,charlotte.moore2412@example.com,Los Angeles,CA,United States,SMB,2023-03-21
2413,Joseph,Rodriguez,joseph.rodriguez2413@example.com,San Jose,CA,United States,SMB,2024-06-23
2414,Sophia,Rodriguez,sophia.rodriguez2414@example.com,Chicago,IL,United States,Consumer,2024-08-10
2415,Olivia,Williams,olivia.williams2415@example.com,San Jose,CA,United States,Consumer,2024-07-22
2416,Amelia,Martin,amelia.martin2416@example.com,San Diego,CA,United States,Consumer,2023-09-30
2417,Isabella,Jackson,isabella.jackson2417@example.com,Dallas,TX,United States,Enterprise,2024-11-28
2418,Emily,Taylor,emily.taylor2418@example.com,Los Angeles,CA,United States,Consumer,2023-10-31
2419,Lucas,Davis,lucas.davis2419@example.com,New York,NY,United States,Consumer,2023-09-10
2420,Michael,Thomas,michael.thomas2420@example.com,Los Angeles,CA,United States,Consumer,2024-09-14
2421,Amelia,Brown,amelia.brown2421@example.com,New York,NY,United States,Enterprise,2023-06-10
2422,Harper,Anderson,harper.anderson2422@example.com,San Jose,CA,United States,Consumer,2023-01-30
2423,Amelia,Miller,amelia.miller2423@example.com,New York,NY,United States,Consumer,2023-10-07
2424,Evelyn,Anderson,evelyn.anderson2424@example.com,San Diego,CA,United States,Consumer,2023-02-22
2425,Emma,Moore,emma.moore2425@example.com,Los Angeles,CA,United States,Consumer,2023-09-06
2426,Henry,Anderson,henry.anderson2426@example.com,San Jose,CA,United States,Consumer,2024-08-26
2427,David,Martinez,david.martinez2427@example.com,San Antonio,TX,United States,Consumer,2023-10-24
2428,Joseph,Moore,joseph.moore2428@example.com,New York,NY,United States,SMB,2024-10-07
2429,Olivia,Gonzalez,olivia.gonzalez2429@example.com,Los Angeles,CA,United States,Consumer,2023-11-13
2430,Harper,Hernandez,harper.hernandez2430@example.com,San Jose,CA,United States,Enterprise,2023-02-28
2431,Alexander,Rodriguez,alexander.rodriguez2431@example.com,Phoenix,AZ,United States,Consumer,2023-07-18
2432,Michael,Johnson,michael.johnson2432@example.com,Phoenix,AZ,United States,Consumer,2024-04-15
2433,Evelyn,Miller,evelyn.miller2433@example.com,Philadelphia,PA,United States,Consumer,2023-05-27
2434,Michael,Anderson,michael.anderson2434@example.com,San Antonio,TX,United States,Consumer,2023-05-01
2435,Lucas,Martinez,lucas.martinez2435@example.com,Philadelphia,PA,United States,SMB,2023-01-14
2436,Harper,Jones,harper.jones2436@example.com,San Diego,CA,United States,Consumer,2023-10-22
2437,Sophia,Moore,sophia.moore2437@example.com,Phoenix,AZ,United States,SMB,2023-01-14
2438,Henry,Wilson,henry.wilson2438@example.com,Dallas,TX,United States,Consumer,2024-09-05
2439,Emily,Brown,emily.brown2439@example.com,Dallas,TX,United States,SMB,2024-08-09
2440,Lucas,Davis,lucas.davis2440@example.com,Los Angeles,CA,United States,Consumer,2023-09-24
2441,Olivia,Wilson,olivia.wilson2441@example.com,San Jose,CA,United States,SMB,2024-02-14
2442,Alexander,Davis,alexander.davis2442@example.com,San Diego,CA,United States,Consumer,2023-10-17
2443,Amelia,Rodriguez,amelia.rodriguez2443@example.com,San Antonio,TX,United States,Consumer,2024-12-16
2444,Lucas,Johnson,lucas.johnson2444@example.com,New York,NY,United States,Consumer,2023-08-08
2445,Daniel,Smith,daniel.smith2445@example.com,Houston,TX,United States,SMB,2023-10-13
2446,Olivia,Taylor,olivia.taylor2446@example.com,New York,NY,United States,Consumer,2024-08-01
2447,Isabella,Hernandez,isabella.hernandez2447@example.com,San Diego,CA,United States,Consumer,2024-02-23
2448,Henry,Brown,henry.brown2448@example.com,Dallas,TX,United States,Consumer,2023-03-18
2449,Daniel,Jones,daniel.jones2449@example.com,Houston,TX,United States,Consumer,2023-06-01
2450,Joseph,Thomas,joseph.thomas2450@example.com,Philadelphia,PA,United States,Consumer,2024-01-24
2451,Harper,Davis,harper.davis2451@example.com,Philadelphia,PA,United States,SMB,2024-04-12
2452,Emma,Williams,emma.williams2452@example.com,San Antonio,TX,United States,Enterprise,2023-05-27
2453,Olivia,Wilson,olivia.wilson2453@example.com,Houston,TX,United States,Consumer,2024-03-14
2454,Emma,Miller,emma.miller2454@example.com,Chicago,IL,United States,SMB,2023-08-13
2455,Amelia,Anderson,amelia.anderson2455@example.com,San Diego,CA,United States,SMB,2023-09-28
2456,Charlotte,Garcia,charlotte.garcia2456@example.com,New York,NY,United States,Consumer,2023-10-01
2457,Lucas,Thomas,lucas.thomas2457@example.com,San Diego,CA,United States,Consumer,2023-02-08
2458,Emily,Rodriguez,emily.rodriguez2458@example.com,Houston,TX,United States,Consumer,2023-04-07
2459,Lucas,Taylor,lucas.taylor2459@example.com,New York,NY,United States,Consumer,2024-04-28
2460,Evelyn,Johnson,evelyn.johnson2460@example.com,San Diego,CA,United States,Consumer,2024-02-11
2461,Evelyn,Anderson,evelyn.anderson2461@example.com,Houston,TX,United States,Consumer,2023-01-23
2462,Michael,Johnson,michael.johnson2462@example.com,New York,NY,United States,Consumer,2024-07-11
2463,Henry,Anderson,henry.anderson2463@example.com,Dallas,TX,United States,Consumer,2023-03-19
2464,Lucas,Moore,lucas.moore2464@example.com,Philadelphia,PA,United States,Consumer,2024-03-18
2465,Isabella,Johnson,isabella.johnson2465@example.com,New York,NY,United States,SMB,2024-04-08
2466,David,Anderson,david.anderson2466@example.com,San Diego,CA,United States,SMB,2023-07-13
2467,Olivia,Rodriguez,olivia.rodriguez2467@example.com,San Antonio,TX,United States,Consumer,2024-12-22
2468,William,Brown,william.brown2468@example.com,Dallas,TX,United States,Consumer,2024-04-28
2469,Evelyn,Wilson,evelyn.wilson2469@example.com,San Diego,CA,United States,Consumer,2024-11-01
2470,Joseph,Davis,joseph.davis2470@example.com,San Antonio,TX,United States,Consumer,2024-12-09
2471,Evelyn,Wilson,evelyn.wilson2471@example.com,Los Angeles,CA,United States,SMB,2024-06-22
2472,Evelyn,Brown,evelyn.brown2472@example.com,Phoenix,AZ,United States,Consumer,2024-06-13
2473,Olivia,Thomas,olivia.thomas2473@example.com,Houston,TX,United States,SMB,2024-12-28
2474,Amelia,Thomas,amelia.thomas2474@example.com,Chicago,IL,United States,Consumer,2024-02-05
2475,Michael,Martin,michael.martin2475@example.com,San Antonio,TX,United States,Consumer,2024-04-10
2476,Amelia,Taylor,amelia.taylor2476@example.com,Houston,TX,United States,Consumer,2023-03-20
2477,Isabella,Johnson,isabella.johnson2477@example.com,Chicago,IL,United States,Consumer,2024-04-01
2478,Gabriel,Jackson,gabriel.jackson2478@example.com,Phoenix,AZ,United States,SMB,2024-06-10
2479,David,Davis,david.davis2479@example.com,Philadelphia,PA,United States,Consumer,2024-11-10
2480,Amelia,Miller,amelia.miller2480@example.com,San Jose,CA,United States,Consumer,2023-12-30
2481,Isabella,Miller,isabella.miller2481@example.com,Houston,TX,United States,SMB,2023-02-16
2482,William,Gonzalez,william.gonzalez2482@example.com,Los Angeles,CA,United States,Consumer,2024-01-03
2483,Harper,Davis,harper.davis2483@example.com,Houston,TX,United States,SMB,2024-07-08
2484,Henry,Jackson,henry.jackson2484@example.com,Los Angeles,CA,United States,Consumer,2024-03-10
2485,Isabella,Martin,isabella.martin2485@example.com,Chicago,IL,United States,Consumer,2023-12-28
2486,Evelyn,Rodriguez,evelyn.rodriguez2486@example.com,San Diego,CA,United States,Consumer,2023-05-19
2487,Gabriel,Martin,gabriel.martin2487@example.com,San Antonio,TX,United States,Consumer,2024-07-14
2488,Isabella,Miller,isabella.miller2488@example.com,Los Angeles,CA,United States,SMB,2023-08-10
2489,Olivia,Jones,olivia.jones2489@example.com,Houston,TX,United States,SMB,2023-06-10
2490,Gabriel,Martinez,gabriel.martinez2490@example.com,Chicago,IL,United States,Enterprise,2023-12-23
2491,Joseph,Davis,joseph.davis2491@example.com,Philadelphia,PA,United States,SMB,2023-01-02
2492,Harper,Gonzalez,harper.gonzalez2492@example.com,New York,NY,United States,Consumer,2023-04-18
2493,Daniel,Davis,daniel.davis2493@example.com,Chicago,IL,United States,Consumer,2024-03-19
2494,Henry,Moore,henry.moore2494@example.com,San Diego,CA,United States,Consumer,2023-03-06
2495,Alexander,Lopez,alexander.lopez2495@example.com,San Jose,CA,United States,Consumer,2023-04-17
2496,Olivia,Rodriguez,olivia.rodriguez2496@example.com,Houston,TX,United States,SMB,2023-07-21
2497,Joseph,Rodriguez,joseph.rodriguez2497@example.com,Los Angeles,CA,United States,Consumer,2024-05-12
2498,Emily,Martinez,emily.martinez2498@example.com,Los Angeles,CA,United States,Consumer,2024-06-04
2499,Charlotte,Hernandez,charlotte.hernandez2499@example.com,San Antonio,TX,United States,Consumer,2024-08-15
2500,Alexander,Thomas,alexander.thomas2500@example.com,New York,NY,United States,Enterprise,2023-02-14
