order_item_id,order_id,product_id,quantity,unit_price,discount_percent
1,1,47,1,359.13,0.0
2,2,44,3,270.79,0.0
3,2,10,1,418.35,0.1
4,3,25,1,430.21,0.0
5,4,53,1,280.66,0.0
6,5,35,1,62.83,0.0
7,6,46,1,210.09,0.05
8,7,24,1,439.98,0.0
9,8,27,1,228.1,0.0
10,9,56,2,448.94,0.0
11,10,51,1,25.91,0.2
12,11,24,1,439.98,0.2
13,11,41,3,409.66,0.0
14,11,69,1,98.01,0.0
15,12,18,1,44.33,0.0
16,13,58,1,370.96,0.1
17,14,2,2,225.21,0.15
18,14,64,1,401.71,0.2
19,14,4,1,188.28,0.0
20,15,56,1,448.94,0.05
21,15,6,1,416.95,0.05
22,16,56,2,448.94,0.0
23,17,47,1,359.13,0.0
24,17,44,2,270.79,0.0
25,18,19,1,412.27,0.15
26,19,26,1,326.44,0.1
27,20,65,1,299.72,0.0
28,21,45,1,70.43,0.15
29,22,8,1,178.2,0.0
30,23,26,1,326.44,0.05
31,23,67,1,239.77,0.05
32,24,15,3,159.55,0.15
33,24,53,2,280.66,0.0
34,25,19,3,412.27,0.05
35,25,28,1,324.88,0.0
36,26,9,1,199.05,0.0
37,26,23,1,411.01,0.0
38,26,6,1,416.95,0.05
39,26,30,2,431.14,0.0
40,27,47,1,359.13,0.0
41,28,25,1,430.21,0.05
42,29,31,1,109.88,0.0
43,29,29,1,259.96,0.0
44,30,60,2,133.04,0.1
45,30,2,2,225.21,0.15
46,31,34,1,327.63,0.0
47,32,34,1,327.63,0.0
48,33,21,1,134.9,0.0
49,33,27,1,228.1,0.1
50,33,51,2,25.91,0.05
51,34,49,1,399.06,0.0
52,34,31,2,109.88,0.0
53,35,28,1,324.88,0.0
54,36,67,1,239.77,0.0
55,36,51,1,25.91,0.2
56,36,37,2,131.27,0.0
57,37,45,1,70.43,0.0
58,38,9,1,199.05,0.0
59,38,49,1,399.06,0.0
60,39,45,2,70.43,0.1
61,39,33,2,233.82,0.05
62,40,16,1,230.72,0.05
63,41,2,1,225.21,0.2
64,42,54,2,180.14,0.1
65,42,46,1,210.09,0.0
66,43,67,1,239.77,0.2
67,44,33,1,233.82,0.1
68,44,24,1,439.98,0.1
69,44,26,1,326.44,0.0
70,44,61,3,404.71,0.0
71,45,11,1,71.32,0.0
72,46,32,3,200.98,0.1
73,46,45,1,70.43,0.0
74,47,36,1,95.73,0.05
75,48,21,1,134.9,0.15
76,49,70,2,92.51,0.0
77,49,46,1,210.09,0.0
78,50,14,1,247.01,0.0
79,50,59,1,360.15,0.0
80,51,31,1,109.88,0.1
81,52,17,2,396.49,0.0
82,53,54,2,180.14,0.2
83,53,70,1,92.51,0.0
84,53,9,1,199.05,0.05
85,54,17,1,396.49,0.2
86,54,37,1,131.27,0.0
87,55,10,1,418.35,0.0
88,56,56,3,448.94,0.0
89,56,26,1,326.44,0.0
90,57,62,1,80.44,0.0
91,57,58,1,370.96,0.1
92,57,5,1,441.19,0.0
93,58,39,1,78.78,0.0
94,58,41,1,409.66,0.0
95,58,7,1,290.09,0.0
96,59,56,1,448.94,0.0
97,60,49,1,399.06,0.1
98,61,27,1,228.1,0.2
99,62,30,2,431.14,0.0
100,62,7,1,290.09,0.1
101,63,52,1,372.88,0.2
102,63,61,1,404.71,0.15
103,64,16,2,230.72,0.0
104,64,11,1,71.32,0.0
105,64,14,1,247.01,0.0
106,64,5,1,441.19,0.0
107,65,15,1,159.55,0.0
108,65,36,1,95.73,0.0
109,66,51,2,25.91,0.0
110,66,27,1,228.1,0.0
111,66,13,1,288.11,0.0
112,67,53,2,280.66,0.2
113,67,29,1,259.96,0.1
114,68,22,1,410.91,0.05
115,69,60,1,133.04,0.05
116,70,41,1,409.66,0.0
117,71,32,1,200.98,0.0
118,72,53,1,280.66,0.05
119,73,3,2,156.81,0.0
120,74,13,1,288.11,0.0
121,75,52,1,372.88,0.1
122,75,31,1,109.88,0.0
123,76,29,2,259.96,0.05
124,77,14,1,247.01,0.15
125,77,34,1,327.63,0.1
126,78,65,2,299.72,0.1
127,78,48,1,67.66,0.0
128,79,10,1,418.35,0.1
129,79,48,1,67.66,0.0
130,79,40,2,85.38,0.0
131,80,63,1,394.04,0.05
132,81,28,1,324.88,0.0
133,82,20,1,79.38,0.0
134,83,60,2,133.04,0.0
135,84,21,2,134.9,0.0
136,85,45,1,70.43,0.0
137,86,4,1,188.28,0.0
138,87,21,1,134.9,0.0
139,88,32,1,200.98,0.1
140,88,57,2,100.82,0.0
141,88,45,1,70.43,0.0
142,89,45,1,70.43,0.0
143,89,34,1,327.63,0.0
144,90,47,1,359.13,0.2
145,91,57,1,100.82,0.0
146,92,14,2,247.01,0.0
147,93,45,1,70.43,0.0
148,93,20,2,79.38,0.0
149,94,3,1,156.81,0.05
150,95,53,1,280.66,0.0
151,96,26,1,326.44,0.0
152,97,1,1,374.81,0.05
153,97,64,1,401.71,0.05
154,97,11,2,71.32,0.2
155,98,68,1,238.62,0.0
156,99,23,1,411.01,0.0
157,100,68,1,238.62,0.0
158,101,60,1,133.04,0.2
159,102,19,1,412.27,0.05
160,103,61,1,404.71,0.0
161,103,54,1,180.14,0.1
162,103,47,1,359.13,0.05
163,103,62,1,80.44,0.05
164,104,53,1,280.66,0.1
165,104,72,1,139.44,0.1
166,105,27,1,228.1,0.0
167,106,25,2,430.21,0.1
168,106,13,2,288.11,0.05
169,107,42,1,232.44,0.1
170,108,40,2,85.38,0.05
171,109,61,1,404.71,0.0
172,110,19,1,412.27,0.0
173,111,12,2,206.84,0.15
174,111,10,3,418.35,0.05
175,112,56,1,448.94,0.0
176,113,68,1,238.62,0.0
177,114,72,1,139.44,0.05
178,114,13,1,288.11,0.0
179,115,15,1,159.55,0.0
180,116,41,1,409.66,0.05
181,116,3,1,156.81,0.0
182,117,24,1,439.98,0.0
183,118,44,1,270.79,0.2
184,118,35,1,62.83,0.0
185,118,40,2,85.38,0.1
186,119,68,1,238.62,0.0
187,120,61,1,404.71,0.1
188,121,4,2,188.28,0.0
189,121,51,1,25.91,0.0
190,121,60,1,133.04,0.0
191,121,42,1,232.44,0.0
192,122,18,1,44.33,0.05
193,122,59,1,360.15,0.0
194,123,42,1,232.44,0.1
195,124,67,1,239.77,0.0
196,124,26,1,326.44,0.0
197,124,68,1,238.62,0.1
198,125,60,1,133.04,0.0
199,125,22,1,410.91,0.05
200,125,14,1,247.01,0.0
201,125,6,1,416.95,0.0
202,126,47,1,359.13,0.05
203,126,7,1,290.09,0.0
204,127,68,1,238.62,0.1
205,128,68,1,238.62,0.0
206,128,48,1,67.66,0.1
207,128,54,1,180.14,0.0
208,129,38,1,173.95,0.0
209,130,49,1,399.06,0.0
210,131,30,3,431.14,0.0
211,132,66,1,46.76,0.0
212,133,1,1,374.81,0.0
213,134,32,1,200.98,0.0
214,134,63,2,394.04,0.0
215,134,9,1,199.05,0.2
216,134,72,1,139.44,0.15
217,135,9,1,199.05,0.0
218,136,34,1,327.63,0.1
219,136,23,1,411.01,0.05
220,136,24,1,439.98,0.0
221,137,47,2,359.13,0.0
222,137,49,1,399.06,0.0
223,138,1,1,374.81,0.0
224,139,53,1,280.66,0.0
225,140,33,1,233.82,0.1
226,140,52,1,372.88,0.0
227,141,47,1,359.13,0.1
228,141,31,1,109.88,0.0
229,141,13,1,288.11,0.0
230,142,53,1,280.66,0.2
231,143,55,1,238.87,0.0
232,144,59,2,360.15,0.2
233,144,21,2,134.9,0.1
234,144,2,2,225.21,0.0
235,145,63,1,394.04,0.0
236,145,70,1,92.51,0.2
237,146,4,1,188.28,0.0
238,147,65,1,299.72,0.2
239,147,66,1,46.76,0.1
240,147,19,1,412.27,0.0
241,147,59,1,360.15,0.0
242,148,66,1,46.76,0.0
243,148,6,1,416.95,0.15
244,149,51,3,25.91,0.1
245,149,12,1,206.84,0.0
246,149,24,1,439.98,0.15
247,150,1,3,374.81,0.2
248,151,22,1,410.91,0.0
249,152,66,1,46.76,0.0
250,152,59,3,360.15,0.1
251,153,37,1,131.27,0.05
252,154,72,1,139.44,0.0
253,154,4,1,188.28,0.0
254,154,38,1,173.95,0.0
255,155,20,1,79.38,0.15
256,155,10,2,418.35,0.1
257,155,22,1,410.91,0.0
258,156,16,1,230.72,0.1
259,157,23,2,411.01,0.0
260,158,67,2,239.77,0.05
261,159,63,1,394.04,0.0
262,159,27,2,228.1,0.2
263,160,70,1,92.51,0.2
264,160,34,1,327.63,0.0
265,160,45,1,70.43,0.0
266,161,29,2,259.96,0.1
267,162,45,1,70.43,0.0
268,162,63,1,394.04,0.0
269,163,60,1,133.04,0.0
270,164,31,1,109.88,0.0
271,165,52,1,372.88,0.2
272,166,40,1,85.38,0.05
273,167,64,1,401.71,0.0
274,168,49,1,399.06,0.0
275,168,55,1,238.87,0.0
276,169,37,1,131.27,0.05
277,169,64,1,401.71,0.15
278,170,21,1,134.9,0.15
279,170,20,1,79.38,0.0
280,171,52,1,372.88,0.0
281,172,20,1,79.38,0.0
282,172,15,1,159.55,0.0
283,173,17,1,396.49,0.0
284,173,39,1,78.78,0.0
285,174,66,1,46.76,0.2
286,175,10,1,418.35,0.0
287,176,58,1,370.96,0.0
288,176,72,1,139.44,0.0
289,177,30,1,431.14,0.1
290,178,60,1,133.04,0.0
291,179,31,2,109.88,0.0
292,179,1,1,374.81,0.0
293,180,72,1,139.44,0.1
294,180,12,1,206.84,0.0
295,181,19,1,412.27,0.15
296,181,32,1,200.98,0.1
297,181,51,1,25.91,0.0
298,182,53,2,280.66,0.0
299,183,38,2,173.95,0.05
300,183,46,1,210.09,0.15
301,183,65,1,299.72,0.05
302,184,7,1,290.09,0.0
303,185,27,1,228.1,0.05
304,185,54,1,180.14,0.05
305,186,45,3,70.43,0.0
306,186,54,1,180.14,0.0
307,186,26,1,326.44,0.15
308,186,61,3,404.71,0.15
309,187,65,1,299.72,0.0
310,188,22,1,410.91,0.0
311,189,68,2,238.62,0.0
312,190,36,1,95.73,0.0
313,190,8,2,178.2,0.0
314,190,23,1,411.01,0.2
315,190,33,1,233.82,0.1
316,191,43,1,246.42,0.0
317,191,38,1,173.95,0.0
318,191,63,1,394.04,0.0
319,192,18,1,44.33,0.05
320,193,43,2,246.42,0.05
321,194,66,1,46.76,0.1
322,195,64,1,401.71,0.0
323,195,49,1,399.06,0.0
324,196,69,1,98.01,0.05
325,196,27,1,228.1,0.0
326,196,2,1,225.21,0.0
327,196,29,1,259.96,0.1
328,197,38,2,173.95,0.1
329,198,32,1,200.98,0.0
330,198,16,1,230.72,0.0
331,199,10,1,418.35,0.05
332,199,37,1,131.27,0.0
333,200,67,2,239.77,0.0
334,201,56,3,448.94,0.1
335,202,72,1,139.44,0.15
336,203,33,1,233.82,0.0
337,204,72,1,139.44,0.05
338,204,28,1,324.88,0.05
339,205,60,2,133.04,0.0
340,205,70,1,92.51,0.0
341,205,38,1,173.95,0.0
342,205,14,1,247.01,0.0
343,206,54,1,180.14,0.0
344,206,24,1,439.98,0.0
345,206,70,1,92.51,0.05
346,206,43,1,246.42,0.0
347,207,30,1,431.14,0.0
348,207,17,2,396.49,0.0
349,208,22,2,410.91,0.1
350,208,7,1,290.09,0.0
351,208,44,1,270.79,0.2
352,209,71,2,438.52,0.0
353,210,43,1,246.42,0.05
354,211,23,1,411.01,0.0
355,212,19,1,412.27,0.0
356,212,65,3,299.72,0.0
357,213,8,2,178.2,0.0
358,214,67,2,239.77,0.15
359,215,13,1,288.11,0.0
360,216,18,1,44.33,0.05
361,217,48,1,67.66,0.0
362,218,2,2,225.21,0.0
363,219,25,1,430.21,0.0
364,220,10,1,418.35,0.0
365,221,46,1,210.09,0.0
366,222,62,2,80.44,0.0
367,222,12,1,206.84,0.0
368,222,67,1,239.77,0.0
369,223,13,3,288.11,0.0
370,224,18,1,44.33,0.05
371,224,14,1,247.01,0.0
372,225,7,3,290.09,0.05
373,226,30,1,431.14,0.0
374,227,14,1,247.01,0.0
375,227,38,1,173.95,0.1
376,227,15,2,159.55,0.0
377,227,21,1,134.9,0.0
378,228,53,1,280.66,0.0
379,228,47,1,359.13,0.1
380,228,24,1,439.98,0.0
381,228,46,3,210.09,0.05
382,229,5,1,441.19,0.0
383,229,47,1,359.13,0.0
384,230,19,2,412.27,0.0
385,230,63,1,394.04,0.0
386,231,52,1,372.88,0.0
387,231,63,3,394.04,0.2
388,232,4,1,188.28,0.05
389,232,39,1,78.78,0.0
390,232,55,1,238.87,0.0
391,233,28,1,324.88,0.05
392,234,34,1,327.63,0.1
393,234,54,1,180.14,0.0
394,234,49,1,399.06,0.2
395,235,6,1,416.95,0.15
396,236,21,1,134.9,0.0
397,236,66,1,46.76,0.0
398,237,42,2,232.44,0.0
399,237,62,1,80.44,0.0
400,237,67,1,239.77,0.0
401,237,59,1,360.15,0.0
402,238,71,1,438.52,0.0
403,239,56,1,448.94,0.2
404,240,65,1,299.72,0.0
405,241,64,1,401.71,0.0
406,242,71,1,438.52,0.0
407,243,71,1,438.52,0.0
408,243,39,1,78.78,0.0
409,243,11,1,71.32,0.15
410,244,10,1,418.35,0.0
411,244,26,1,326.44,0.2
412,244,17,2,396.49,0.1
413,245,12,1,206.84,0.15
414,246,53,1,280.66,0.0
415,246,63,1,394.04,0.0
416,247,12,1,206.84,0.05
417,247,44,1,270.79,0.05
418,248,17,1,396.49,0.0
419,248,8,2,178.2,0.0
420,249,62,1,80.44,0.05
421,250,8,1,178.2,0.0
422,251,6,1,416.95,0.2
423,252,8,1,178.2,0.0
424,252,47,1,359.13,0.05
425,252,11,1,71.32,0.05
426,253,17,1,396.49,0.0
427,254,29,1,259.96,0.0
428,255,32,1,200.98,0.1
429,255,72,2,139.44,0.05
430,256,52,2,372.88,0.0
431,256,25,1,430.21,0.0
432,256,71,1,438.52,0.0
433,257,21,1,134.9,0.0
434,258,4,2,188.28,0.0
435,258,9,2,199.05,0.2
436,259,52,1,372.88,0.05
437,259,3,1,156.81,0.0
438,259,22,1,410.91,0.0
439,260,46,1,210.09,0.0
440,261,59,1,360.15,0.2
441,262,48,1,67.66,0.0
442,262,6,1,416.95,0.0
443,263,39,1,78.78,0.2
444,264,72,1,139.44,0.05
445,265,16,1,230.72,0.0
446,266,47,1,359.13,0.15
447,267,60,1,133.04,0.1
448,267,48,2,67.66,0.0
449,268,21,1,134.9,0.05
450,268,69,2,98.01,0.0
451,269,13,2,288.11,0.05
452,270,34,1,327.63,0.0
453,271,58,3,370.96,0.0
454,272,14,1,247.01,0.0
455,273,15,1,159.55,0.0
456,273,20,1,79.38,0.0
457,274,22,1,410.91,0.05
458,275,47,1,359.13,0.0
459,276,41,1,409.66,0.0
460,277,45,1,70.43,0.0
461,278,63,1,394.04,0.0
462,279,6,1,416.95,0.05
463,279,59,1,360.15,0.0
464,280,49,1,399.06,0.15
465,281,21,1,134.9,0.0
466,282,59,1,360.15,0.05
467,282,48,1,67.66,0.0
468,282,29,1,259.96,0.05
469,283,31,1,109.88,0.1
470,284,30,1,431.14,0.15
471,285,35,1,62.83,0.05
472,286,31,1,109.88,0.05
473,287,37,2,131.27,0.0
474,287,21,2,134.9,0.0
475,288,21,1,134.9,0.1
476,289,37,2,131.27,0.15
477,289,50,1,432.01,0.15
478,290,6,1,416.95,0.15
479,291,5,1,441.19,0.0
480,291,8,1,178.2,0.05
481,291,53,1,280.66,0.1
482,291,14,1,247.01,0.0
483,292,24,1,439.98,0.05
484,293,22,2,410.91,0.0
485,293,49,1,399.06,0.0
486,294,70,1,92.51,0.0
487,294,50,2,432.01,0.0
488,295,37,1,131.27,0.15
489,296,31,1,109.88,0.05
490,297,60,3,133.04,0.1
491,298,30,1,431.14,0.1
492,298,6,1,416.95,0.2
493,299,26,1,326.44,0.0
494,300,48,1,67.66,0.15
495,301,26,1,326.44,0.0
496,301,55,2,238.87,0.0
497,302,26,1,326.44,0.0
498,303,24,1,439.98,0.15
499,304,30,1,431.14,0.0
500,304,66,1,46.76,0.0
501,304,71,1,438.52,0.1
502,304,29,1,259.96,0.0
503,305,62,1,80.44,0.0
504,306,55,1,238.87,0.0
505,306,32,1,200.98,0.0
506,306,57,2,100.82,0.0
507,307,6,1,416.95,0.0
508,308,30,1,431.14,0.05
509,308,51,1,25.91,0.0
510,309,47,2,359.13,0.05
511,310,7,2,290.09,0.05
512,310,5,1,441.19,0.0
513,310,70,2,92.51,0.05
514,311,42,1,232.44,0.05
515,312,12,1,206.84,0.05
516,313,52,1,372.88,0.0
517,314,26,1,326.44,0.15
518,314,41,1,409.66,0.0
519,314,3,1,156.81,0.1
520,315,31,1,109.88,0.05
521,316,67,1,239.77,0.0
522,317,28,1,324.88,0.0
523,318,44,1,270.79,0.0
524,319,58,1,370.96,0.0
525,319,57,1,100.82,0.05
526,319,42,1,232.44,0.0
527,320,61,1,404.71,0.0
528,320,16,1,230.72,0.1
529,321,18,1,44.33,0.05
530,322,62,2,80.44,0.1
531,322,39,1,78.78,0.1
532,322,69,1,98.01,0.15
533,322,49,1,399.06,0.0
534,323,62,1,80.44,0.0
535,324,35,1,62.83,0.0
536,325,70,3,92.51,0.0
537,326,7,3,290.09,0.0
538,327,71,2,438.52,0.0
539,327,8,2,178.2,0.1
540,328,52,1,372.88,0.0
541,329,22,1,410.91,0.0
542,330,32,2,200.98,0.0
543,330,62,1,80.44,0.0
544,331,36,3,95.73,0.15
545,331,43,1,246.42,0.0
546,332,21,2,134.9,0.1
547,333,34,1,327.63,0.0
548,333,70,3,92.51,0.0
549,334,25,1,430.21,0.0
550,335,14,1,247.01,0.0
551,336,24,2,439.98,0.1
552,337,1,1,374.81,0.0
553,338,28,1,324.88,0.05
554,338,24,1,439.98,0.0
555,338,4,2,188.28,0.0
556,338,70,1,92.51,0.0
557,339,71,3,438.52,0.05
558,339,50,1,432.01,0.0
559,340,60,1,133.04,0.05
560,340,50,1,432.01,0.1
561,341,72,1,139.44,0.15
562,342,5,2,441.19,0.0
563,343,61,2,404.71,0.0
564,343,70,1,92.51,0.1
565,344,65,1,299.72,0.1
566,345,40,1,85.38,0.0
567,346,17,1,396.49,0.0
568,347,34,3,327.63,0.1
569,348,50,3,432.01,0.0
570,349,65,2,299.72,0.0
571,350,21,1,134.9,0.0
572,351,5,3,441.19,0.0
573,352,41,3,409.66,0.05
574,353,32,1,200.98,0.05
575,354,31,3,109.88,0.0
576,354,45,1,70.43,0.0
577,355,66,1,46.76,0.15
578,356,3,1,156.81,0.05
579,356,6,1,416.95,0.0
580,357,18,1,44.33,0.0
581,358,72,1,139.44,0.0
582,358,31,1,109.88,0.1
583,359,10,1,418.35,0.2
584,360,3,1,156.81,0.0
585,360,38,3,173.95,0.0
586,360,69,1,98.01,0.05
587,361,49,1,399.06,0.0
588,362,69,1,98.01,0.0
589,362,56,2,448.94,0.05
590,363,60,1,133.04,0.0
591,363,71,1,438.52,0.0
592,364,37,1,131.27,0.0
593,365,45,1,70.43,0.0
594,365,49,1,399.06,0.15
595,366,31,2,109.88,0.1
596,367,43,1,246.42,0.0
597,368,15,1,159.55,0.05
598,368,16,2,230.72,0.0
599,369,51,1,25.91,0.2
600,369,64,1,401.71,0.0
601,370,49,3,399.06,0.0
602,371,56,1,448.94,0.0
603,372,14,1,247.01,0.05
604,372,12,3,206.84,0.0
605,373,54,2,180.14,0.0
606,373,38,2,173.95,0.0
607,373,72,1,139.44,0.15
608,373,37,1,131.27,0.0
609,374,19,1,412.27,0.0
610,374,67,1,239.77,0.0
611,374,71,1,438.52,0.15
612,375,18,2,44.33,0.15
613,376,71,1,438.52,0.0
614,377,38,2,173.95,0.05
615,378,19,1,412.27,0.05
616,378,65,1,299.72,0.0
617,378,16,1,230.72,0.0
618,378,56,1,448.94,0.05
619,379,32,1,200.98,0.0
620,380,34,1,327.63,0.1
621,381,56,2,448.94,0.0
622,381,45,1,70.43,0.0
623,382,39,3,78.78,0.0
624,383,13,1,288.11,0.05
625,384,33,1,233.82,0.0
626,385,55,1,238.87,0.2
627,386,66,1,46.76,0.1
628,386,10,1,418.35,0.0
629,386,4,1,188.28,0.15
630,386,27,1,228.1,0.1
631,387,61,1,404.71,0.0
632,388,37,1,131.27,0.0
633,389,24,3,439.98,0.0
634,390,45,1,70.43,0.05
635,390,15,1,159.55,0.0
636,390,29,1,259.96,0.0
637,391,5,2,441.19,0.15
638,391,17,1,396.49,0.05
639,392,57,1,100.82,0.1
640,393,3,1,156.81,0.0
641,394,6,2,416.95,0.0
642,394,47,1,359.13,0.2
643,395,47,1,359.13,0.05
644,395,68,1,238.62,0.0
645,395,38,1,173.95,0.0
646,395,17,2,396.49,0.15
647,396,27,1,228.1,0.15
648,397,50,1,432.01,0.0
649,398,29,1,259.96,0.0
650,399,25,1,430.21,0.0
651,400,53,1,280.66,0.0
652,401,8,2,178.2,0.0
653,402,32,1,200.98,0.15
654,403,31,1,109.88,0.0
655,403,37,1,131.27,0.05
656,403,46,1,210.09,0.0
657,404,42,2,232.44,0.05
658,404,62,1,80.44,0.0
659,404,70,1,92.51,0.1
660,404,20,1,79.38,0.1
661,405,16,1,230.72,0.0
662,406,8,1,178.2,0.0
663,407,35,1,62.83,0.1
664,408,38,1,173.95,0.15
665,409,57,1,100.82,0.1
666,410,65,1,299.72,0.05
667,410,46,1,210.09,0.0
668,410,19,1,412.27,0.0
669,410,38,2,173.95,0.0
670,411,41,1,409.66,0.0
671,411,47,1,359.13,0.0
672,412,6,1,416.95,0.15
673,413,20,1,79.38,0.0
674,414,56,1,448.94,0.0
675,415,35,1,62.83,0.0
676,416,47,1,359.13,0.0
677,417,18,1,44.33,0.0
678,418,67,1,239.77,0.0
679,419,42,2,232.44,0.0
680,420,45,1,70.43,0.0
681,420,52,3,372.88,0.1
682,420,53,1,280.66,0.0
683,420,23,1,411.01,0.2
684,421,11,1,71.32,0.2
685,421,42,2,232.44,0.0
686,421,18,1,44.33,0.05
687,422,7,1,290.09,0.0
688,422,12,1,206.84,0.0
689,423,59,1,360.15,0.0
690,424,33,1,233.82,0.0
691,424,1,1,374.81,0.0
692,425,52,1,372.88,0.0
693,425,50,1,432.01,0.0
694,426,71,1,438.52,0.0
695,427,18,1,44.33,0.0
696,427,48,3,67.66,0.0
697,428,59,2,360.15,0.0
698,429,70,1,92.51,0.0
699,430,47,2,359.13,0.2
700,430,65,1,299.72,0.1
701,431,61,1,404.71,0.0
702,431,67,1,239.77,0.0
703,432,19,1,412.27,0.2
704,433,24,1,439.98,0.0
705,434,38,1,173.95,0.0
706,435,62,1,80.44,0.0
707,435,2,2,225.21,0.15
708,435,38,1,173.95,0.05
709,435,47,1,359.13,0.0
710,436,1,2,374.81,0.0
711,436,54,3,180.14,0.15
712,436,13,1,288.11,0.0
713,436,53,1,280.66,0.1
714,437,18,2,44.33,0.0
715,438,57,2,100.82,0.0
716,439,4,1,188.28,0.0
717,439,69,1,98.01,0.2
718,439,51,1,25.91,0.05
719,440,63,3,394.04,0.1
720,440,3,1,156.81,0.0
721,440,36,1,95.73,0.0
722,441,19,2,412.27,0.2
723,442,51,1,25.91,0.0
724,442,10,2,418.35,0.0
725,443,68,1,238.62,0.0
726,443,27,1,228.1,0.05
727,443,2,1,225.21,0.1
728,444,41,3,409.66,0.0
729,445,41,1,409.66,0.0
730,446,13,1,288.11,0.0
731,446,56,1,448.94,0.0
732,446,34,1,327.63,0.0
733,447,54,1,180.14,0.0
734,448,49,1,399.06,0.2
735,449,60,2,133.04,0.0
736,449,57,3,100.82,0.0
737,450,37,1,131.27,0.15
738,450,16,1,230.72,0.0
739,451,61,1,404.71,0.05
740,452,49,1,399.06,0.05
741,453,57,2,100.82,0.0
742,453,72,1,139.44,0.1
743,454,31,1,109.88,0.0
744,455,59,1,360.15,0.0
745,456,1,3,374.81,0.0
746,456,41,1,409.66,0.0
747,457,55,1,238.87,0.0
748,458,49,1,399.06,0.05
749,459,48,1,67.66,0.0
750,459,65,1,299.72,0.0
751,460,31,1,109.88,0.0
752,461,45,1,70.43,0.2
753,461,35,1,62.83,0.05
754,462,52,1,372.88,0.05
755,462,39,1,78.78,0.0
756,463,22,1,410.91,0.0
757,464,68,1,238.62,0.0
758,465,10,1,418.35,0.0
759,466,13,1,288.11,0.05
760,466,64,1,401.71,0.0
761,467,30,1,431.14,0.1
762,468,6,1,416.95,0.05
763,468,3,2,156.81,0.0
764,469,29,1,259.96,0.05
765,469,18,1,44.33,0.15
766,470,71,1,438.52,0.1
767,471,24,1,439.98,0.05
768,471,67,1,239.77,0.0
769,472,37,1,131.27,0.0
770,472,24,2,439.98,0.0
771,473,44,1,270.79,0.0
772,473,41,1,409.66,0.0
773,473,45,1,70.43,0.0
774,473,37,1,131.27,0.0
775,474,31,1,109.88,0.1
776,474,58,1,370.96,0.0
777,475,43,1,246.42,0.2
778,476,25,1,430.21,0.0
779,477,27,1,228.1,0.0
780,478,44,1,270.79,0.0
781,478,53,3,280.66,0.0
782,478,55,1,238.87,0.0
783,479,29,1,259.96,0.05
784,480,8,1,178.2,0.2
785,481,68,1,238.62,0.1
786,482,68,1,238.62,0.05
787,482,15,1,159.55,0.0
788,482,32,1,200.98,0.0
789,482,6,2,416.95,0.0
790,483,31,1,109.88,0.0
791,484,21,1,134.9,0.05
792,484,36,1,95.73,0.0
793,485,69,3,98.01,0.0
794,485,33,1,233.82,0.0
795,485,44,3,270.79,0.2
796,485,23,1,411.01,0.0
797,486,7,2,290.09,0.0
798,486,43,1,246.42,0.0
799,486,8,1,178.2,0.0
800,487,12,1,206.84,0.0
801,487,28,1,324.88,0.1
802,487,6,1,416.95,0.0
803,488,66,1,46.76,0.0
804,489,72,1,139.44,0.1
805,490,5,1,441.19,0.05
806,491,65,1,299.72,0.1
807,491,47,1,359.13,0.0
808,492,66,1,46.76,0.0
809,492,33,1,233.82,0.0
810,493,3,1,156.81,0.0
811,494,65,1,299.72,0.1
812,495,7,1,290.09,0.0
813,496,28,1,324.88,0.0
814,496,40,1,85.38,0.0
815,496,57,1,100.82,0.0
816,497,26,1,326.44,0.2
817,498,25,1,430.21,0.0
818,498,66,1,46.76,0.05
819,499,37,1,131.27,0.0
820,500,52,1,372.88,0.0
821,500,9,2,199.05,0.0
822,501,54,1,180.14,0.0
823,502,29,1,259.96,0.0
824,503,44,2,270.79,0.2
825,503,8,1,178.2,0.0
826,504,19,2,412.27,0.0
827,505,3,1,156.81,0.1
828,505,42,1,232.44,0.0
829,506,46,1,210.09,0.0
830,507,30,1,431.14,0.05
831,508,54,1,180.14,0.0
832,509,3,1,156.81,0.15
833,509,43,1,246.42,0.0
834,510,3,2,156.81,0.15
835,511,37,1,131.27,0.0
836,511,20,1,79.38,0.05
837,511,3,1,156.81,0.0
838,512,27,3,228.1,0.05
839,513,44,1,270.79,0.0
840,514,9,1,199.05,0.1
841,515,31,3,109.88,0.0
842,515,26,1,326.44,0.0
843,516,55,1,238.87,0.0
844,516,18,1,44.33,0.1
845,517,49,1,399.06,0.1
846,518,72,1,139.44,0.0
847,519,7,1,290.09,0.1
848,520,17,1,396.49,0.15
849,521,3,1,156.81,0.05
850,521,47,3,359.13,0.15
851,522,29,1,259.96,0.15
852,523,24,1,439.98,0.2
853,523,11,1,71.32,0.1
854,524,49,2,399.06,0.0
855,524,32,1,200.98,0.1
856,525,17,1,396.49,0.0
857,525,27,1,228.1,0.15
858,525,61,1,404.71,0.1
859,525,24,1,439.98,0.05
860,526,40,1,85.38,0.05
861,527,40,1,85.38,0.15
862,528,31,3,109.88,0.0
863,529,50,1,432.01,0.05
864,530,55,2,238.87,0.0
865,531,27,1,228.1,0.0
866,532,25,2,430.21,0.0
867,533,39,3,78.78,0.0
868,534,11,1,71.32,0.0
869,534,56,1,448.94,0.0
870,534,38,1,173.95,0.1
871,535,15,2,159.55,0.0
872,536,26,2,326.44,0.0
873,536,68,1,238.62,0.0
874,537,48,1,67.66,0.15
875,538,12,1,206.84,0.05
876,539,51,1,25.91,0.0
877,540,46,1,210.09,0.0
878,541,62,1,80.44,0.05
879,541,41,1,409.66,0.1
880,542,11,1,71.32,0.0
881,543,33,1,233.82,0.0
882,544,17,1,396.49,0.05
883,544,5,1,441.19,0.0
884,545,19,1,412.27,0.1
885,545,2,1,225.21,0.0
886,546,61,1,404.71,0.0
887,547,23,1,411.01,0.0
888,547,50,2,432.01,0.0
889,548,62,1,80.44,0.0
890,548,38,1,173.95,0.05
891,549,39,1,78.78,0.1
892,550,21,1,134.9,0.05
893,551,31,1,109.88,0.05
894,552,49,1,399.06,0.1
895,553,16,1,230.72,0.0
896,554,32,2,200.98,0.0
897,555,39,1,78.78,0.0
898,555,56,1,448.94,0.05
899,556,35,1,62.83,0.0
900,557,6,1,416.95,0.0
901,558,31,1,109.88,0.05
902,559,71,1,438.52,0.0
903,559,54,1,180.14,0.0
904,560,67,2,239.77,0.2
905,561,8,1,178.2,0.0
906,562,31,1,109.88,0.0
907,563,39,1,78.78,0.15
908,563,63,1,394.04,0.0
909,564,8,2,178.2,0.0
910,565,52,3,372.88,0.2
911,565,54,1,180.14,0.0
912,566,69,2,98.01,0.0
913,567,41,3,409.66,0.15
914,568,19,1,412.27,0.0
915,568,64,2,401.71,0.0
916,569,63,1,394.04,0.0
917,570,65,1,299.72,0.0
918,570,59,1,360.15,0.05
919,571,9,1,199.05,0.05
920,571,56,1,448.94,0.0
921,572,3,1,156.81,0.0
922,573,47,2,359.13,0.05
923,574,49,1,399.06,0.0
924,574,1,1,374.81,0.15
925,575,3,1,156.81,0.0
926,575,11,1,71.32,0.15
927,576,51,1,25.91,0.0
928,576,48,3,67.66,0.0
929,577,31,1,109.88,0.05
930,577,23,1,411.01,0.05
931,577,58,1,370.96,0.0
932,578,60,1,133.04,0.1
933,579,71,1,438.52,0.0
934,579,40,3,85.38,0.0
935,580,65,1,299.72,0.0
936,580,37,1,131.27,0.0
937,581,68,1,238.62,0.05
938,581,33,1,233.82,0.2
939,581,28,1,324.88,0.0
940,582,16,2,230.72,0.15
941,583,63,1,394.04,0.05
942,584,69,1,98.01,0.1
943,584,17,3,396.49,0.0
944,584,44,1,270.79,0.0
945,585,52,1,372.88,0.1
946,585,10,3,418.35,0.0
947,585,15,1,159.55,0.0
948,585,70,1,92.51,0.2
949,586,1,1,374.81,0.0
950,586,11,2,71.32,0.0
951,586,31,1,109.88,0.0
952,586,41,1,409.66,0.0
953,587,38,1,173.95,0.05
954,587,39,2,78.78,0.0
955,588,9,1,199.05,0.0
956,589,24,1,439.98,0.0
957,590,60,1,133.04,0.0
958,591,38,1,173.95,0.0
959,592,29,1,259.96,0.0
960,592,45,2,70.43,0.15
961,593,14,2,247.01,0.15
962,593,8,1,178.2,0.1
963,593,2,1,225.21,0.1
964,594,26,1,326.44,0.05
965,595,12,1,206.84,0.05
966,596,4,1,188.28,0.0
967,597,9,1,199.05,0.2
968,598,70,1,92.51,0.0
969,598,42,2,232.44,0.0
970,599,16,1,230.72,0.05
971,599,63,1,394.04,0.1
972,599,14,1,247.01,0.0
973,600,4,1,188.28,0.0
974,601,2,1,225.21,0.0
975,601,17,1,396.49,0.0
976,601,47,1,359.13,0.1
977,602,58,3,370.96,0.15
978,603,46,1,210.09,0.05
979,604,10,1,418.35,0.0
980,605,43,1,246.42,0.0
981,605,59,1,360.15,0.0
982,605,47,1,359.13,0.0
983,605,11,1,71.32,0.0
984,606,35,1,62.83,0.0
985,607,68,2,238.62,0.05
986,608,51,1,25.91,0.1
987,609,46,1,210.09,0.05
988,610,55,1,238.87,0.1
989,610,67,1,239.77,0.0
990,611,72,2,139.44,0.0
991,611,20,1,79.38,0.1
992,611,25,1,430.21,0.0
993,612,63,1,394.04,0.05
994,612,8,2,178.2,0.0
995,612,28,1,324.88,0.15
996,613,14,1,247.01,0.0
997,614,20,1,79.38,0.05
998,615,10,1,418.35,0.05
999,616,33,1,233.82,0.0
1000,616,23,3,411.01,0.15
1001,617,32,1,200.98,0.15
1002,618,15,1,159.55,0.1
1003,619,33,1,233.82,0.2
1004,619,17,1,396.49,0.0
1005,620,59,2,360.15,0.0
1006,621,53,1,280.66,0.0
1007,621,8,1,178.2,0.05
1008,621,55,1,238.87,0.1
1009,622,45,1,70.43,0.0
1010,623,38,1,173.95,0.0
1011,623,10,1,418.35,0.0
1012,624,22,1,410.91,0.0
1013,625,1,1,374.81,0.0
1014,625,72,1,139.44,0.0
1015,626,67,2,239.77,0.0
1016,627,9,1,199.05,0.05
1017,628,70,1,92.51,0.0
1018,629,47,1,359.13,0.2
1019,630,32,2,200.98,0.0
1020,631,20,1,79.38,0.1
1021,631,10,1,418.35,0.0
1022,632,60,1,133.04,0.0
1023,632,31,1,109.88,0.0
1024,633,29,1,259.96,0.05
1025,634,26,1,326.44,0.15
1026,635,23,1,411.01,0.0
1027,636,14,1,247.01,0.0
1028,636,7,1,290.09,0.0
1029,636,29,1,259.96,0.0
1030,636,62,1,80.44,0.0
1031,637,53,3,280.66,0.0
1032,638,26,1,326.44,0.15
1033,638,20,1,79.38,0.0
1034,639,22,1,410.91,0.0
1035,639,9,1,199.05,0.0
1036,639,61,1,404.71,0.1
1037,639,38,1,173.95,0.15
1038,640,1,1,374.81,0.1
1039,640,4,1,188.28,0.0
1040,641,31,1,109.88,0.0
1041,642,39,1,78.78,0.0
1042,643,33,1,233.82,0.0
1043,644,62,1,80.44,0.1
1044,645,53,1,280.66,0.0
1045,645,63,1,394.04,0.05
1046,646,10,1,418.35,0.1
1047,647,61,1,404.71,0.0
1048,648,60,2,133.04,0.2
1049,649,65,2,299.72,0.15
1050,650,66,2,46.76,0.0
1051,651,67,1,239.77,0.15
1052,651,14,1,247.01,0.0
1053,652,44,1,270.79,0.0
1054,652,35,1,62.83,0.0
1055,652,6,1,416.95,0.0
1056,653,68,1,238.62,0.0
1057,653,46,1,210.09,0.05
1058,653,14,1,247.01,0.0
1059,653,31,1,109.88,0.0
1060,654,12,1,206.84,0.0
1061,655,14,3,247.01,0.15
1062,655,15,1,159.55,0.2
1063,656,10,1,418.35,0.0
1064,656,67,1,239.77,0.1
1065,657,32,1,200.98,0.0
1066,658,6,1,416.95,0.05
1067,659,44,1,270.79,0.0
1068,659,6,1,416.95,0.1
1069,660,3,1,156.81,0.05
1070,661,19,1,412.27,0.05
1071,661,43,1,246.42,0.2
1072,662,39,1,78.78,0.1
1073,663,5,1,441.19,0.0
1074,663,23,1,411.01,0.15
1075,664,55,1,238.87,0.0
1076,665,29,1,259.96,0.0
1077,665,28,2,324.88,0.0
1078,666,8,1,178.2,0.0
1079,667,25,1,430.21,0.0
1080,667,29,2,259.96,0.0
1081,667,35,1,62.83,0.1
1082,667,67,1,239.77,0.05
1083,668,64,1,401.71,0.15
1084,669,39,1,78.78,0.0
1085,669,1,1,374.81,0.2
1086,670,58,1,370.96,0.0
1087,670,46,2,210.09,0.15
1088,671,48,3,67.66,0.0
1089,671,8,1,178.2,0.0
1090,671,45,2,70.43,0.0
1091,672,24,2,439.98,0.0
1092,673,18,1,44.33,0.0
1093,673,60,1,133.04,0.0
1094,674,9,2,199.05,0.0
1095,675,62,1,80.44,0.0
1096,676,11,1,71.32,0.0
1097,677,7,1,290.09,0.0
1098,678,45,1,70.43,0.0
1099,678,56,1,448.94,0.2
1100,679,33,1,233.82,0.0
1101,679,54,1,180.14,0.05
1102,680,29,1,259.96,0.0
1103,681,70,2,92.51,0.1
1104,681,46,1,210.09,0.0
1105,681,51,2,25.91,0.0
1106,682,47,1,359.13,0.15
1107,683,46,1,210.09,0.2
1108,683,49,1,399.06,0.0
1109,683,71,1,438.52,0.0
1110,684,64,1,401.71,0.05
1111,684,32,1,200.98,0.1
1112,684,70,1,92.51,0.0
1113,685,70,1,92.51,0.1
1114,686,3,1,156.81,0.05
1115,687,1,1,374.81,0.0
1116,688,42,3,232.44,0.0
1117,688,58,1,370.96,0.0
1118,688,28,1,324.88,0.0
1119,688,72,1,139.44,0.15
1120,689,47,2,359.13,0.0
1121,689,49,1,399.06,0.0
1122,690,35,1,62.83,0.1
1123,691,10,2,418.35,0.0
1124,692,49,1,399.06,0.1
1125,692,18,3,44.33,0.0
1126,692,15,1,159.55,0.2
1127,692,51,1,25.91,0.0
1128,693,23,1,411.01,0.0
1129,693,48,1,67.66,0.05
1130,694,30,2,431.14,0.0
1131,694,11,1,71.32,0.0
1132,695,42,1,232.44,0.1
1133,695,34,2,327.63,0.0
1134,696,58,1,370.96,0.1
1135,697,12,1,206.84,0.2
1136,698,6,1,416.95,0.1
1137,699,37,2,131.27,0.0
1138,699,18,1,44.33,0.15
1139,700,15,2,159.55,0.0
1140,701,15,1,159.55,0.0
1141,701,14,1,247.01,0.0
1142,702,19,1,412.27,0.0
1143,702,65,1,299.72,0.0
1144,703,67,1,239.77,0.15
1145,703,54,1,180.14,0.15
1146,704,72,1,139.44,0.1
1147,705,30,1,431.14,0.0
1148,706,31,1,109.88,0.0
1149,707,62,1,80.44,0.0
1150,708,44,2,270.79,0.0
1151,708,41,1,409.66,0.0
1152,708,46,2,210.09,0.0
1153,708,12,1,206.84,0.0
1154,709,65,1,299.72,0.0
1155,710,72,1,139.44,0.0
1156,710,19,1,412.27,0.0
1157,710,32,1,200.98,0.05
1158,711,41,1,409.66,0.05
1159,711,72,2,139.44,0.0
1160,711,37,1,131.27,0.05
1161,711,62,2,80.44,0.05
1162,712,68,1,238.62,0.05
1163,712,33,1,233.82,0.05
1164,713,29,1,259.96,0.1
1165,714,10,1,418.35,0.0
1166,715,23,2,411.01,0.05
1167,716,63,1,394.04,0.0
1168,717,11,1,71.32,0.0
1169,717,4,1,188.28,0.0
1170,718,16,1,230.72,0.05
1171,718,47,1,359.13,0.05
1172,718,2,1,225.21,0.0
1173,719,38,2,173.95,0.1
1174,719,71,1,438.52,0.1
1175,719,30,1,431.14,0.0
1176,720,51,1,25.91,0.0
1177,720,53,1,280.66,0.0
1178,721,35,1,62.83,0.05
1179,721,11,2,71.32,0.0
1180,722,3,1,156.81,0.0
1181,722,12,1,206.84,0.05
1182,722,8,3,178.2,0.15
1183,723,55,1,238.87,0.1
1184,723,70,1,92.51,0.0
1185,724,11,1,71.32,0.0
1186,724,18,1,44.33,0.0
1187,725,20,1,79.38,0.0
1188,726,70,1,92.51,0.15
1189,727,24,1,439.98,0.0
1190,728,2,1,225.21,0.15
1191,729,53,1,280.66,0.0
1192,730,66,1,46.76,0.05
1193,730,2,1,225.21,0.15
1194,731,50,1,432.01,0.0
1195,732,34,1,327.63,0.05
1196,733,50,1,432.01,0.1
1197,734,57,2,100.82,0.0
1198,734,31,1,109.88,0.05
1199,735,23,1,411.01,0.1
1200,736,71,1,438.52,0.0
1201,737,18,1,44.33,0.1
1202,738,33,1,233.82,0.05
1203,739,34,1,327.63,0.1
1204,739,71,1,438.52,0.0
1205,739,11,2,71.32,0.05
1206,739,51,1,25.91,0.0
1207,740,44,1,270.79,0.0
1208,741,10,1,418.35,0.0
1209,742,33,1,233.82,0.0
1210,743,59,1,360.15,0.0
1211,743,42,1,232.44,0.05
1212,743,23,1,411.01,0.0
1213,743,5,1,441.19,0.0
1214,744,3,2,156.81,0.05
1215,744,28,1,324.88,0.0
1216,744,14,1,247.01,0.0
1217,744,64,1,401.71,0.0
1218,745,68,1,238.62,0.0
1219,745,10,1,418.35,0.0
1220,746,24,1,439.98,0.05
1221,746,29,3,259.96,0.0
1222,747,34,1,327.63,0.0
1223,748,44,1,270.79,0.0
1224,749,20,1,79.38,0.1
1225,750,56,3,448.94,0.0
1226,750,13,1,288.11,0.0
1227,751,67,1,239.77,0.0
1228,752,16,1,230.72,0.05
1229,752,47,2,359.13,0.1
1230,752,62,1,80.44,0.0
1231,753,68,2,238.62,0.0
1232,754,41,1,409.66,0.0
1233,755,44,2,270.79,0.0
1234,755,39,1,78.78,0.0
1235,755,7,1,290.09,0.0
1236,756,32,1,200.98,0.05
1237,757,66,1,46.76,0.15
1238,758,66,1,46.76,0.0
1239,758,26,1,326.44,0.0
1240,759,31,1,109.88,0.05
1241,759,40,1,85.38,0.0
1242,759,18,1,44.33,0.1
1243,760,68,1,238.62,0.1
1244,760,47,2,359.13,0.0
1245,761,67,1,239.77,0.0
1246,761,12,2,206.84,0.05
1247,762,7,2,290.09,0.0
1248,763,15,1,159.55,0.0
1249,764,35,2,62.83,0.15
1250,764,38,3,173.95,0.0
1251,764,37,1,131.27,0.0
1252,765,53,1,280.66,0.0
1253,765,41,1,409.66,0.1
1254,765,64,1,401.71,0.0
1255,765,49,1,399.06,0.0
1256,766,60,1,133.04,0.05
1257,767,67,1,239.77,0.0
1258,768,36,1,95.73,0.2
1259,769,37,1,131.27,0.05
1260,769,9,1,199.05,0.2
1261,769,17,1,396.49,0.0
1262,770,71,1,438.52,0.0
1263,770,12,1,206.84,0.15
1264,771,54,1,180.14,0.05
1265,771,51,1,25.91,0.0
1266,771,20,1,79.38,0.1
1267,771,8,1,178.2,0.05
1268,772,48,2,67.66,0.0
1269,772,56,2,448.94,0.05
1270,772,37,1,131.27,0.05
1271,773,7,2,290.09,0.0
1272,773,19,2,412.27,0.0
1273,773,16,2,230.72,0.0
1274,774,37,1,131.27,0.0
1275,775,1,1,374.81,0.1
1276,775,6,1,416.95,0.1
1277,775,68,2,238.62,0.0
1278,776,4,1,188.28,0.0
1279,776,62,2,80.44,0.05
1280,776,27,1,228.1,0.0
1281,776,20,1,79.38,0.0
1282,777,46,2,210.09,0.0
1283,777,55,1,238.87,0.0
1284,777,21,1,134.9,0.0
1285,777,40,1,85.38,0.0
1286,778,58,2,370.96,0.0
1287,779,60,1,133.04,0.0
1288,779,67,3,239.77,0.0
1289,779,56,2,448.94,0.2
1290,780,69,1,98.01,0.0
1291,780,33,1,233.82,0.0
1292,781,63,1,394.04,0.0
1293,782,68,2,238.62,0.15
1294,782,47,1,359.13,0.05
1295,783,7,1,290.09,0.15
1296,784,51,1,25.91,0.05
1297,785,6,2,416.95,0.05
1298,786,66,1,46.76,0.0
1299,787,47,1,359.13,0.0
1300,787,72,1,139.44,0.15
1301,788,13,1,288.11,0.0
1302,788,1,1,374.81,0.0
1303,789,53,1,280.66,0.0
1304,790,20,1,79.38,0.05
1305,791,43,1,246.42,0.0
1306,791,40,1,85.38,0.1
1307,791,60,1,133.04,0.0
1308,791,19,1,412.27,0.0
1309,792,63,2,394.04,0.0
1310,792,37,1,131.27,0.15
1311,793,58,1,370.96,0.0
1312,793,51,1,25.91,0.15
1313,793,18,1,44.33,0.0
1314,794,14,1,247.01,0.1
1315,795,47,1,359.13,0.15
1316,795,25,1,430.21,0.0
1317,796,3,1,156.81,0.1
1318,797,17,1,396.49,0.0
1319,798,8,1,178.2,0.0
1320,798,59,1,360.15,0.1
1321,799,30,1,431.14,0.0
1322,799,54,1,180.14,0.2
1323,799,39,1,78.78,0.0
1324,800,50,1,432.01,0.0
1325,801,17,1,396.49,0.0
1326,802,64,1,401.71,0.15
1327,803,53,3,280.66,0.05
1328,803,16,2,230.72,0.1
1329,804,60,1,133.04,0.0
1330,805,72,1,139.44,0.0
1331,806,1,1,374.81,0.0
1332,807,7,1,290.09,0.0
1333,808,40,1,85.38,0.05
1334,808,62,1,80.44,0.0
1335,809,51,2,25.91,0.0
1336,809,31,1,109.88,0.0
1337,810,29,1,259.96,0.1
1338,811,36,1,95.73,0.0
1339,812,2,1,225.21,0.0
1340,813,1,2,374.81,0.0
1341,813,21,3,134.9,0.1
1342,813,23,1,411.01,0.0
1343,814,13,1,288.11,0.0
1344,815,67,2,239.77,0.0
1345,816,15,1,159.55,0.0
1346,817,70,1,92.51,0.05
1347,817,24,1,439.98,0.1
1348,818,58,2,370.96,0.0
1349,818,60,1,133.04,0.0
1350,818,67,1,239.77,0.0
1351,818,11,1,71.32,0.1
1352,819,32,1,200.98,0.0
1353,820,56,1,448.94,0.0
1354,820,34,2,327.63,0.0
1355,821,55,1,238.87,0.15
1356,821,20,2,79.38,0.1
1357,822,27,2,228.1,0.0
1358,823,45,1,70.43,0.0
1359,823,2,3,225.21,0.1
1360,823,50,2,432.01,0.0
1361,824,26,1,326.44,0.0
1362,825,29,1,259.96,0.0
1363,825,26,2,326.44,0.0
1364,825,7,2,290.09,0.2
1365,826,51,1,25.91,0.1
1366,827,53,3,280.66,0.1
1367,827,35,1,62.83,0.1
1368,828,49,1,399.06,0.0
1369,828,40,3,85.38,0.1
1370,829,56,1,448.94,0.05
1371,830,9,1,199.05,0.0
1372,830,22,1,410.91,0.05
1373,831,61,1,404.71,0.0
1374,831,26,1,326.44,0.05
1375,832,26,1,326.44,0.0
1376,832,23,1,411.01,0.0
1377,833,44,1,270.79,0.0
1378,834,1,1,374.81,0.0
1379,834,14,2,247.01,0.0
1380,834,18,1,44.33,0.0
1381,835,5,1,441.19,0.2
1382,835,28,1,324.88,0.0
1383,836,43,1,246.42,0.0
1384,837,42,2,232.44,0.05
1385,837,13,1,288.11,0.1
1386,837,33,1,233.82,0.05
1387,837,17,2,396.49,0.0
1388,838,18,1,44.33,0.05
1389,838,43,1,246.42,0.15
1390,839,7,1,290.09,0.0
1391,839,24,2,439.98,0.2
1392,840,44,1,270.79,0.0
1393,841,68,3,238.62,0.0
1394,841,9,1,199.05,0.0
1395,842,4,3,188.28,0.0
1396,842,40,1,85.38,0.0
1397,842,51,2,25.91,0.0
1398,842,22,1,410.91,0.0
1399,843,41,1,409.66,0.0
1400,843,13,1,288.11,0.0
1401,844,24,1,439.98,0.15
1402,845,36,1,95.73,0.0
1403,846,72,1,139.44,0.05
1404,846,65,2,299.72,0.05
1405,847,34,2,327.63,0.0
1406,847,68,1,238.62,0.0
1407,848,69,1,98.01,0.0
1408,848,14,3,247.01,0.0
1409,849,51,2,25.91,0.0
1410,849,9,1,199.05,0.1
1411,850,4,1,188.28,0.0
1412,851,51,1,25.91,0.0
1413,852,42,1,232.44,0.0
1414,853,31,1,109.88,0.0
1415,853,66,1,46.76,0.0
1416,853,70,3,92.51,0.05
1417,854,11,3,71.32,0.0
1418,855,8,1,178.2,0.05
1419,855,65,3,299.72,0.0
1420,856,53,3,280.66,0.0
1421,857,28,3,324.88,0.05
1422,857,2,1,225.21,0.0
1423,857,26,1,326.44,0.05
1424,858,5,1,441.19,0.15
1425,858,26,1,326.44,0.0
1426,859,37,2,131.27,0.05
1427,860,27,1,228.1,0.1
1428,860,61,1,404.71,0.2
1429,861,59,1,360.15,0.1
1430,862,60,1,133.04,0.2
1431,863,25,1,430.21,0.05
1432,864,49,1,399.06,0.0
1433,865,20,1,79.38,0.0
1434,865,7,1,290.09,0.0
1435,866,52,1,372.88,0.15
1436,866,57,1,100.82,0.0
1437,867,21,3,134.9,0.1
1438,867,33,1,233.82,0.0
1439,868,58,2,370.96,0.15
1440,868,53,2,280.66,0.0
1441,868,9,1,199.05,0.05
1442,869,7,1,290.09,0.0
1443,870,51,1,25.91,0.05
1444,870,15,1,159.55,0.0
1445,871,7,1,290.09,0.1
1446,872,7,1,290.09,0.1
1447,873,15,1,159.55,0.0
1448,873,52,1,372.88,0.1
1449,873,4,2,188.28,0.0
1450,873,17,1,396.49,0.0
1451,874,61,1,404.71,0.0
1452,875,48,1,67.66,0.0
1453,876,5,1,441.19,0.0
1454,876,29,1,259.96,0.05
1455,876,57,1,100.82,0.0
1456,877,67,1,239.77,0.0
1457,877,17,2,396.49,0.1
1458,878,9,1,199.05,0.1
1459,879,41,1,409.66,0.0
1460,879,42,2,232.44,0.1
1461,879,9,1,199.05,0.0
1462,880,16,1,230.72,0.0
1463,881,14,3,247.01,0.0
1464,881,52,1,372.88,0.2
1465,881,72,1,139.44,0.0
1466,881,58,1,370.96,0.0
1467,882,33,1,233.82,0.0
1468,882,22,2,410.91,0.15
1469,883,8,1,178.2,0.05
1470,883,57,1,100.82,0.0
1471,883,17,1,396.49,0.0
1472,884,52,2,372.88,0.0
1473,885,43,1,246.42,0.1
1474,885,68,1,238.62,0.1
1475,886,30,2,431.14,0.0
1476,887,50,1,432.01,0.15
1477,887,37,1,131.27,0.0
1478,888,35,1,62.83,0.1
1479,889,25,1,430.21,0.05
1480,890,54,1,180.14,0.2
1481,891,62,2,80.44,0.0
1482,891,27,1,228.1,0.0
1483,891,23,1,411.01,0.0
1484,892,23,1,411.01,0.0
1485,892,64,1,401.71,0.0
1486,893,58,1,370.96,0.1
1487,893,47,3,359.13,0.05
1488,893,22,1,410.91,0.0
1489,894,68,1,238.62,0.05
1490,895,24,1,439.98,0.0
1491,896,15,1,159.55,0.0
1492,897,44,1,270.79,0.0
1493,898,9,1,199.05,0.0
1494,898,41,1,409.66,0.05
1495,899,16,1,230.72,0.0
1496,899,28,1,324.88,0.1
1497,899,66,1,46.76,0.0
1498,900,1,1,374.81,0.0
1499,901,66,1,46.76,0.0
1500,902,45,1,70.43,0.0
1501,903,68,1,238.62,0.0
1502,904,50,1,432.01,0.05
1503,905,46,2,210.09,0.05
1504,905,3,1,156.81,0.1
1505,906,2,1,225.21,0.2
1506,906,44,1,270.79,0.0
1507,907,9,1,199.05,0.0
1508,908,22,1,410.91,0.0
1509,909,45,1,70.43,0.15
1510,910,21,1,134.9,0.1
1511,911,72,1,139.44,0.0
1512,912,40,2,85.38,0.0
1513,912,60,1,133.04,0.0
1514,913,42,1,232.44,0.0
1515,913,50,1,432.01,0.15
1516,914,13,1,288.11,0.0
1517,914,70,1,92.51,0.0
1518,915,64,1,401.71,0.2
1519,915,23,2,411.01,0.0
1520,916,52,2,372.88,0.15
1521,917,55,1,238.87,0.05
1522,918,42,3,232.44,0.0
1523,919,65,1,299.72,0.0
1524,919,29,1,259.96,0.0
1525,919,46,3,210.09,0.1
1526,920,68,1,238.62,0.05
1527,920,71,1,438.52,0.2
1528,921,21,1,134.9,0.1
1529,921,17,1,396.49,0.2
1530,921,26,2,326.44,0.0
1531,922,69,1,98.01,0.0
1532,923,29,1,259.96,0.1
1533,924,28,1,324.88,0.0
1534,925,20,2,79.38,0.0
1535,926,27,3,228.1,0.15
1536,927,4,1,188.28,0.0
1537,928,11,1,71.32,0.05
1538,929,33,1,233.82,0.0
1539,929,46,1,210.09,0.0
1540,930,50,2,432.01,0.1
1541,931,37,1,131.27,0.0
1542,932,57,2,100.82,0.0
1543,933,26,1,326.44,0.0
1544,934,70,1,92.51,0.1
1545,935,71,1,438.52,0.1
1546,936,35,1,62.83,0.0
1547,937,71,1,438.52,0.0
1548,938,45,1,70.43,0.0
1549,938,4,1,188.28,0.0
1550,939,49,1,399.06,0.15
1551,940,59,1,360.15,0.0
1552,941,14,1,247.01,0.15
1553,941,1,1,374.81,0.15
1554,941,9,2,199.05,0.0
1555,942,32,1,200.98,0.0
1556,942,29,1,259.96,0.0
1557,943,52,1,372.88,0.0
1558,944,67,1,239.77,0.0
1559,945,60,2,133.04,0.0
1560,946,30,2,431.14,0.1
1561,947,57,1,100.82,0.0
1562,947,36,2,95.73,0.0
1563,948,64,1,401.71,0.1
1564,949,16,1,230.72,0.05
1565,950,17,1,396.49,0.0
1566,950,28,1,324.88,0.0
1567,951,10,1,418.35,0.0
1568,952,17,1,396.49,0.0
1569,953,16,1,230.72,0.0
1570,954,38,1,173.95,0.0
1571,954,30,1,431.14,0.0
1572,954,39,1,78.78,0.1
1573,955,1,1,374.81,0.15
1574,956,28,1,324.88,0.0
1575,956,31,1,109.88,0.0
1576,956,30,1,431.14,0.0
1577,956,45,2,70.43,0.0
1578,957,36,1,95.73,0.0
1579,958,18,1,44.33,0.0
1580,959,46,2,210.09,0.0
1581,960,57,2,100.82,0.1
1582,961,41,1,409.66,0.0
1583,962,69,2,98.01,0.05
1584,962,57,1,100.82,0.0
1585,963,11,1,71.32,0.05
1586,964,70,2,92.51,0.0
1587,965,36,1,95.73,0.1
1588,966,8,1,178.2,0.0
1589,967,30,1,431.14,0.0
1590,968,39,1,78.78,0.0
1591,969,49,1,399.06,0.2
1592,970,11,3,71.32,0.0
1593,971,34,1,327.63,0.0
1594,972,24,2,439.98,0.0
1595,973,22,1,410.91,0.05
1596,973,32,1,200.98,0.0
1597,974,47,1,359.13,0.0
1598,974,39,1,78.78,0.05
1599,975,30,1,431.14,0.05
1600,975,10,1,418.35,0.0
1601,975,49,1,399.06,0.1
1602,975,32,1,200.98,0.05
1603,976,63,2,394.04,0.15
1604,977,38,1,173.95,0.0
1605,977,53,1,280.66,0.05
1606,977,19,1,412.27,0.0
1607,977,28,1,324.88,0.15
1608,978,23,1,411.01,0.2
1609,979,40,1,85.38,0.05
1610,979,55,1,238.87,0.0
1611,980,57,1,100.82,0.0
1612,981,52,1,372.88,0.05
1613,981,42,1,232.44,0.05
1614,981,55,1,238.87,0.0
1615,982,58,1,370.96,0.1
1616,982,52,2,372.88,0.0
1617,982,27,1,228.1,0.15
1618,983,47,1,359.13,0.05
1619,984,38,3,173.95,0.0
1620,985,59,1,360.15,0.15
1621,986,50,1,432.01,0.1
1622,987,18,1,44.33,0.0
1623,988,51,1,25.91,0.0
1624,989,29,1,259.96,0.15
1625,990,48,1,67.66,0.05
1626,991,3,2,156.81,0.0
1627,991,30,1,431.14,0.2
1628,992,68,1,238.62,0.0
1629,993,60,1,133.04,0.05
1630,994,35,1,62.83,0.1
1631,994,10,1,418.35,0.0
1632,995,2,1,225.21,0.0
1633,996,9,2,199.05,0.0
1634,997,54,1,180.14,0.0
1635,997,49,2,399.06,0.0
1636,997,14,1,247.01,0.0
1637,998,67,2,239.77,0.0
1638,999,69,1,98.01,0.05
1639,999,19,1,412.27,0.05
1640,999,12,1,206.84,0.05
1641,999,2,1,225.21,0.0
1642,1000,36,1,95.73,0.0
1643,1001,67,1,239.77,0.0
1644,1001,63,2,394.04,0.0
1645,1002,15,1,159.55,0.15
1646,1003,22,1,410.91,0.2
1647,1004,56,1,448.94,0.0
1648,1005,18,2,44.33,0.0
1649,1006,58,1,370.96,0.0
1650,1007,44,1,270.79,0.0
1651,1007,57,2,100.82,0.0
1652,1007,39,1,78.78,0.0
1653,1008,44,1,270.79,0.2
1654,1008,32,2,200.98,0.15
1655,1009,22,1,410.91,0.0
1656,1009,34,1,327.63,0.0
1657,1010,37,2,131.27,0.2
1658,1011,19,1,412.27,0.0
1659,1012,72,1,139.44,0.0
1660,1013,71,1,438.52,0.0
1661,1014,54,1,180.14,0.0
1662,1014,45,1,70.43,0.0
1663,1015,40,1,85.38,0.0
1664,1016,69,1,98.01,0.15
1665,1017,41,1,409.66,0.1
1666,1018,55,1,238.87,0.0
1667,1019,8,1,178.2,0.0
1668,1019,40,1,85.38,0.0
1669,1019,51,3,25.91,0.0
1670,1020,8,1,178.2,0.0
1671,1020,3,1,156.81,0.15
1672,1020,71,1,438.52,0.0
1673,1021,63,1,394.04,0.0
1674,1022,36,1,95.73,0.0
1675,1022,57,1,100.82,0.0
1676,1023,52,1,372.88,0.05
1677,1024,47,3,359.13,0.2
1678,1024,28,2,324.88,0.15
1679,1024,7,1,290.09,0.0
1680,1025,66,1,46.76,0.15
1681,1026,1,2,374.81,0.05
1682,1027,49,1,399.06,0.0
1683,1028,6,2,416.95,0.1
1684,1028,60,1,133.04,0.1
1685,1029,2,1,225.21,0.0
1686,1030,28,2,324.88,0.05
1687,1031,62,2,80.44,0.0
1688,1031,26,1,326.44,0.0
1689,1032,7,1,290.09,0.0
1690,1033,6,1,416.95,0.0
1691,1034,42,1,232.44,0.0
1692,1034,34,2,327.63,0.15
1693,1034,6,1,416.95,0.0
1694,1035,43,1,246.42,0.0
1695,1036,24,1,439.98,0.0
1696,1037,63,2,394.04,0.0
1697,1038,52,1,372.88,0.1
1698,1039,11,1,71.32,0.0
1699,1039,59,1,360.15,0.0
1700,1040,47,1,359.13,0.0
1701,1041,50,2,432.01,0.0
1702,1042,15,1,159.55,0.0
1703,1042,20,1,79.38,0.0
1704,1042,5,1,441.19,0.0
1705,1043,38,1,173.95,0.15
1706,1043,21,1,134.9,0.15
1707,1044,54,1,180.14,0.0
1708,1045,10,1,418.35,0.0
1709,1046,12,2,206.84,0.05
1710,1047,47,1,359.13,0.1
1711,1047,43,1,246.42,0.0
1712,1048,42,1,232.44,0.0
1713,1049,60,1,133.04,0.1
1714,1050,27,1,228.1,0.15
1715,1051,6,1,416.95,0.15
1716,1051,33,1,233.82,0.0
1717,1052,50,1,432.01,0.15
1718,1053,30,1,431.14,0.0
1719,1054,41,1,409.66,0.1
1720,1055,14,1,247.01,0.05
1721,1056,10,1,418.35,0.2
1722,1057,2,1,225.21,0.15
1723,1057,17,1,396.49,0.2
1724,1058,57,1,100.82,0.05
1725,1059,11,1,71.32,0.1
1726,1060,23,2,411.01,0.0
1727,1060,71,2,438.52,0.0
1728,1060,42,2,232.44,0.0
1729,1060,25,1,430.21,0.1
1730,1061,68,2,238.62,0.0
1731,1061,20,1,79.38,0.0
1732,1062,31,1,109.88,0.0
1733,1063,61,1,404.71,0.0
1734,1063,16,1,230.72,0.0
1735,1063,49,1,399.06,0.0
1736,1064,49,1,399.06,0.2
1737,1065,64,1,401.71,0.0
1738,1065,40,1,85.38,0.1
1739,1066,68,1,238.62,0.05
1740,1066,47,2,359.13,0.15
1741,1067,13,1,288.11,0.0
1742,1068,21,1,134.9,0.0
1743,1068,66,1,46.76,0.0
1744,1069,47,1,359.13,0.0
1745,1070,62,2,80.44,0.0
1746,1071,40,1,85.38,0.15
1747,1071,65,1,299.72,0.0
1748,1071,30,1,431.14,0.0
1749,1071,3,1,156.81,0.15
1750,1072,20,1,79.38,0.15
1751,1073,23,1,411.01,0.0
1752,1073,39,1,78.78,0.05
1753,1074,54,3,180.14,0.0
1754,1074,35,1,62.83,0.0
1755,1075,9,1,199.05,0.0
1756,1075,35,1,62.83,0.0
1757,1076,16,1,230.72,0.0
1758,1076,4,1,188.28,0.2
1759,1077,62,1,80.44,0.0
1760,1078,63,1,394.04,0.0
1761,1078,42,1,232.44,0.1
1762,1079,31,1,109.88,0.0
1763,1080,56,1,448.94,0.15
1764,1081,53,1,280.66,0.2
1765,1082,6,1,416.95,0.0
1766,1083,29,1,259.96,0.15
1767,1083,64,1,401.71,0.0
1768,1083,54,1,180.14,0.0
1769,1084,48,2,67.66,0.15
1770,1085,53,1,280.66,0.15
1771,1086,29,1,259.96,0.1
1772,1086,71,1,438.52,0.0
1773,1086,25,2,430.21,0.0
1774,1087,30,1,431.14,0.05
1775,1087,9,2,199.05,0.1
1776,1088,46,2,210.09,0.0
1777,1088,50,3,432.01,0.0
1778,1088,28,1,324.88,0.0
1779,1089,26,1,326.44,0.0
1780,1090,63,1,394.04,0.1
1781,1090,29,1,259.96,0.0
1782,1091,71,2,438.52,0.0
1783,1092,36,1,95.73,0.05
1784,1093,66,1,46.76,0.0
1785,1093,63,1,394.04,0.1
1786,1094,29,1,259.96,0.0
1787,1095,34,1,327.63,0.0
1788,1095,24,2,439.98,0.1
1789,1096,60,1,133.04,0.0
1790,1097,51,1,25.91,0.0
1791,1097,66,1,46.76,0.0
1792,1097,21,1,134.9,0.0
1793,1097,32,3,200.98,0.15
1794,1098,70,1,92.51,0.05
1795,1098,69,2,98.01,0.0
1796,1099,35,1,62.83,0.15
1797,1100,52,1,372.88,0.0
1798,1100,14,1,247.01,0.05
1799,1100,24,2,439.98,0.0
1800,1101,25,1,430.21,0.0
1801,1101,65,1,299.72,0.15
1802,1102,18,1,44.33,0.0
1803,1103,53,1,280.66,0.0
1804,1104,16,1,230.72,0.0
1805,1105,30,1,431.14,0.0
1806,1105,4,2,188.28,0.0
1807,1106,72,1,139.44,0.15
1808,1106,65,1,299.72,0.05
1809,1106,7,1,290.09,0.05
1810,1107,40,2,85.38,0.15
1811,1107,52,1,372.88,0.0
1812,1108,46,1,210.09,0.15
1813,1108,37,2,131.27,0.0
1814,1109,41,3,409.66,0.15
1815,1110,44,3,270.79,0.0
1816,1111,52,1,372.88,0.05
1817,1111,58,3,370.96,0.0
1818,1111,8,1,178.2,0.0
1819,1112,26,1,326.44,0.0
1820,1113,62,1,80.44,0.0
1821,1113,71,1,438.52,0.0
1822,1114,37,1,131.27,0.0
1823,1115,19,1,412.27,0.0
1824,1115,24,1,439.98,0.0
1825,1115,62,1,80.44,0.1
1826,1116,64,1,401.71,0.0
1827,1117,7,1,290.09,0.0
1828,1118,32,1,200.98,0.0
1829,1119,59,1,360.15,0.0
1830,1120,41,1,409.66,0.1
1831,1121,8,1,178.2,0.0
1832,1122,65,1,299.72,0.0
1833,1123,48,2,67.66,0.15
1834,1123,7,1,290.09,0.2
1835,1123,17,1,396.49,0.0
1836,1124,29,1,259.96,0.15
1837,1125,44,1,270.79,0.0
1838,1126,57,1,100.82,0.2
1839,1126,27,1,228.1,0.1
1840,1127,20,2,79.38,0.05
1841,1127,3,1,156.81,0.05
1842,1128,71,1,438.52,0.0
1843,1129,38,2,173.95,0.0
1844,1130,72,1,139.44,0.1
1845,1131,11,2,71.32,0.0
1846,1131,52,2,372.88,0.05
1847,1131,3,2,156.81,0.0
1848,1132,63,1,394.04,0.0
1849,1132,49,1,399.06,0.15
1850,1132,56,1,448.94,0.05
1851,1132,64,1,401.71,0.0
1852,1133,64,1,401.71,0.15
1853,1134,57,1,100.82,0.0
1854,1134,40,2,85.38,0.0
1855,1134,24,1,439.98,0.0
1856,1135,19,2,412.27,0.0
1857,1135,71,1,438.52,0.0
1858,1136,32,3,200.98,0.0
1859,1136,36,1,95.73,0.0
1860,1136,58,1,370.96,0.0
1861,1137,49,3,399.06,0.0
1862,1137,61,1,404.71,0.0
1863,1138,72,1,139.44,0.2
1864,1138,47,1,359.13,0.0
1865,1139,17,1,396.49,0.0
1866,1139,55,1,238.87,0.1
1867,1139,32,1,200.98,0.05
1868,1140,50,1,432.01,0.0
1869,1141,35,1,62.83,0.05
1870,1142,72,1,139.44,0.0
1871,1142,54,1,180.14,0.0
1872,1143,3,1,156.81,0.0
1873,1144,30,2,431.14,0.15
1874,1144,10,2,418.35,0.0
1875,1145,46,1,210.09,0.05
1876,1146,61,1,404.71,0.0
1877,1146,20,1,79.38,0.0
1878,1147,28,1,324.88,0.0
1879,1148,60,1,133.04,0.05
1880,1149,38,1,173.95,0.1
1881,1150,31,1,109.88,0.15
1882,1151,54,1,180.14,0.05
1883,1152,3,2,156.81,0.1
1884,1152,36,1,95.73,0.2
1885,1152,20,1,79.38,0.15
1886,1152,69,1,98.01,0.05
1887,1153,71,1,438.52,0.2
1888,1153,66,1,46.76,0.0
1889,1154,49,1,399.06,0.15
1890,1155,60,1,133.04,0.0
1891,1156,42,1,232.44,0.05
1892,1156,51,1,25.91,0.0
1893,1157,58,1,370.96,0.05
1894,1158,5,1,441.19,0.0
1895,1159,72,1,139.44,0.0
1896,1160,1,2,374.81,0.0
1897,1160,52,2,372.88,0.1
1898,1160,40,1,85.38,0.0
1899,1160,27,2,228.1,0.0
1900,1161,35,1,62.83,0.0
1901,1162,43,1,246.42,0.0
1902,1163,14,2,247.01,0.05
1903,1163,5,1,441.19,0.0
1904,1164,12,3,206.84,0.1
1905,1164,10,1,418.35,0.0
1906,1165,20,2,79.38,0.0
1907,1166,25,1,430.21,0.0
1908,1166,61,1,404.71,0.0
1909,1167,21,1,134.9,0.0
1910,1167,61,1,404.71,0.05
1911,1168,46,2,210.09,0.0
1912,1168,5,1,441.19,0.1
1913,1169,24,1,439.98,0.1
1914,1169,61,1,404.71,0.0
1915,1169,36,3,95.73,0.05
1916,1170,52,1,372.88,0.0
1917,1170,19,2,412.27,0.05
1918,1171,7,1,290.09,0.0
1919,1172,56,1,448.94,0.0
1920,1172,60,1,133.04,0.1
1921,1173,18,1,44.33,0.0
1922,1174,24,1,439.98,0.15
1923,1174,21,1,134.9,0.0
1924,1175,68,2,238.62,0.0
1925,1176,47,1,359.13,0.05
1926,1177,53,1,280.66,0.05
1927,1177,37,1,131.27,0.15
1928,1178,58,1,370.96,0.0
1929,1179,37,1,131.27,0.0
1930,1180,61,1,404.71,0.0
1931,1180,53,1,280.66,0.0
1932,1180,37,1,131.27,0.1
1933,1180,28,1,324.88,0.05
1934,1181,15,1,159.55,0.0
1935,1181,62,2,80.44,0.0
1936,1182,43,1,246.42,0.05
1937,1182,30,1,431.14,0.05
1938,1182,39,2,78.78,0.0
1939,1183,2,1,225.21,0.0
1940,1184,16,1,230.72,0.0
1941,1185,11,1,71.32,0.0
1942,1186,44,1,270.79,0.1
1943,1187,7,2,290.09,0.0
1944,1188,19,2,412.27,0.15
1945,1188,36,1,95.73,0.0
1946,1189,45,1,70.43,0.05
1947,1190,27,1,228.1,0.1
1948,1191,37,1,131.27,0.0
1949,1191,71,1,438.52,0.0
1950,1192,60,1,133.04,0.0
1951,1193,11,1,71.32,0.15
1952,1194,24,1,439.98,0.0
1953,1195,51,2,25.91,0.15
1954,1195,55,1,238.87,0.0
1955,1195,26,1,326.44,0.05
1956,1195,43,1,246.42,0.0
1957,1196,39,1,78.78,0.0
1958,1196,38,1,173.95,0.0
1959,1197,49,1,399.06,0.0
1960,1198,71,2,438.52,0.05
1961,1198,56,1,448.94,0.0
1962,1199,53,3,280.66,0.0
1963,1200,55,3,238.87,0.0
1964,1200,72,1,139.44,0.0
1965,1201,29,2,259.96,0.0
1966,1202,70,2,92.51,0.0
1967,1203,64,1,401.71,0.0
1968,1204,43,1,246.42,0.1
1969,1204,53,1,280.66,0.0
1970,1205,53,1,280.66,0.0
1971,1205,63,1,394.04,0.0
1972,1205,11,1,71.32,0.0
1973,1205,27,1,228.1,0.0
1974,1206,39,1,78.78,0.0
1975,1206,64,1,401.71,0.05
1976,1207,52,1,372.88,0.0
1977,1208,35,1,62.83,0.0
1978,1208,16,1,230.72,0.0
1979,1209,71,1,438.52,0.1
1980,1210,33,1,233.82,0.05
1981,1211,17,1,396.49,0.0
1982,1212,1,1,374.81,0.0
1983,1213,67,1,239.77,0.0
1984,1213,36,1,95.73,0.0
1985,1214,55,1,238.87,0.1
1986,1214,37,1,131.27,0.05
1987,1214,40,1,85.38,0.1
1988,1214,10,2,418.35,0.0
1989,1215,68,1,238.62,0.0
1990,1216,52,1,372.88,0.05
1991,1217,60,1,133.04,0.1
1992,1218,14,1,247.01,0.05
1993,1218,30,2,431.14,0.0
1994,1219,9,2,199.05,0.0
1995,1219,63,1,394.04,0.0
1996,1219,50,1,432.01,0.0
1997,1220,2,1,225.21,0.15
1998,1221,19,3,412.27,0.15
1999,1222,1,1,374.81,0.0
2000,1222,31,1,109.88,0.15
2001,1222,13,1,288.11,0.0
2002,1222,8,1,178.2,0.0
2003,1223,5,1,441.19,0.1
2004,1224,4,1,188.28,0.15
2005,1224,49,1,399.06,0.0
2006,1224,23,1,411.01,0.1
2007,1224,11,1,71.32,0.0
2008,1225,5,2,441.19,0.15
2009,1225,32,3,200.98,0.0
2010,1226,68,1,238.62,0.0
2011,1227,24,2,439.98,0.05
2012,1228,10,1,418.35,0.05
2013,1229,61,1,404.71,0.0
2014,1230,34,1,327.63,0.0
2015,1231,19,2,412.27,0.15
2016,1231,53,1,280.66,0.1
2017,1232,22,1,410.91,0.1
2018,1232,59,1,360.15,0.05
2019,1232,55,1,238.87,0.05
2020,1233,8,1,178.2,0.0
2021,1233,36,1,95.73,0.0
2022,1234,40,1,85.38,0.1
2023,1235,72,1,139.44,0.2
2024,1235,47,1,359.13,0.05
2025,1236,14,3,247.01,0.0
2026,1237,54,1,180.14,0.15
2027,1237,4,3,188.28,0.05
2028,1238,51,2,25.91,0.15
2029,1239,71,1,438.52,0.0
2030,1239,1,1,374.81,0.0
2031,1239,33,1,233.82,0.05
2032,1240,33,1,233.82,0.0
2033,1240,60,1,133.04,0.2
2034,1241,39,1,78.78,0.05
2035,1242,53,1,280.66,0.0
2036,1243,36,1,95.73,0.15
2037,1244,29,1,259.96,0.0
2038,1245,27,1,228.1,0.0
2039,1246,44,1,270.79,0.0
2040,1247,45,1,70.43,0.0
2041,1248,7,1,290.09,0.0
2042,1248,42,1,232.44,0.15
2043,1248,35,1,62.83,0.0
2044,1248,39,3,78.78,0.15
2045,1249,23,2,411.01,0.1
2046,1250,60,3,133.04,0.0
2047,1250,46,1,210.09,0.0
2048,1251,70,3,92.51,0.0
2049,1252,28,2,324.88,0.05
2050,1252,61,2,404.71,0.1
2051,1253,43,1,246.42,0.0
2052,1253,63,1,394.04,0.0
2053,1254,44,1,270.79,0.0
2054,1254,11,1,71.32,0.1
2055,1254,19,1,412.27,0.0
2056,1254,33,1,233.82,0.0
2057,1255,1,2,374.81,0.0
2058,1255,58,1,370.96,0.0
2059,1255,14,2,247.01,0.05
2060,1256,54,3,180.14,0.0
2061,1257,17,1,396.49,0.0
2062,1258,12,1,206.84,0.1
2063,1259,19,1,412.27,0.0
2064,1260,25,2,430.21,0.0
2065,1261,39,2,78.78,0.2
2066,1262,12,1,206.84,0.0
2067,1263,28,3,324.88,0.0
2068,1264,49,1,399.06,0.0
2069,1264,20,1,79.38,0.0
2070,1264,59,1,360.15,0.0
2071,1265,11,1,71.32,0.0
2072,1266,71,1,438.52,0.15
2073,1267,1,2,374.81,0.05
2074,1267,16,1,230.72,0.15
2075,1268,37,2,131.27,0.0
2076,1268,22,1,410.91,0.0
2077,1269,41,1,409.66,0.0
2078,1270,50,3,432.01,0.1
2079,1271,6,1,416.95,0.0
2080,1272,16,1,230.72,0.0
2081,1272,45,1,70.43,0.0
2082,1273,43,3,246.42,0.0
2083,1273,37,1,131.27,0.0
2084,1274,65,1,299.72,0.0
2085,1274,71,2,438.52,0.15
2086,1275,25,3,430.21,0.0
2087,1275,60,1,133.04,0.0
2088,1275,55,1,238.87,0.0
2089,1276,35,1,62.83,0.1
2090,1276,48,1,67.66,0.1
2091,1277,33,1,233.82,0.05
2092,1277,49,1,399.06,0.05
2093,1278,31,2,109.88,0.05
2094,1279,6,1,416.95,0.0
2095,1280,40,2,85.38,0.0
2096,1280,57,1,100.82,0.0
2097,1281,59,1,360.15,0.0
2098,1282,6,3,416.95,0.0
2099,1282,39,1,78.78,0.0
2100,1283,42,1,232.44,0.1
2101,1284,25,1,430.21,0.0
2102,1284,70,1,92.51,0.2
2103,1284,29,1,259.96,0.1
2104,1284,54,1,180.14,0.0
2105,1285,2,1,225.21,0.0
2106,1286,5,1,441.19,0.0
2107,1286,62,1,80.44,0.0
2108,1287,51,1,25.91,0.0
2109,1288,22,1,410.91,0.0
2110,1288,70,2,92.51,0.0
2111,1289,68,1,238.62,0.0
2112,1289,32,1,200.98,0.05
2113,1290,50,1,432.01,0.0
2114,1290,5,1,441.19,0.0
2115,1291,56,1,448.94,0.0
2116,1292,46,1,210.09,0.0
2117,1292,66,1,46.76,0.0
2118,1293,26,1,326.44,0.0
2119,1293,41,1,409.66,0.1
2120,1293,21,1,134.9,0.05
2121,1294,34,1,327.63,0.05
2122,1294,9,1,199.05,0.0
2123,1294,2,2,225.21,0.2
2124,1295,54,2,180.14,0.0
2125,1296,10,1,418.35,0.15
2126,1296,25,1,430.21,0.0
2127,1297,37,1,131.27,0.0
2128,1297,28,2,324.88,0.0
2129,1298,52,1,372.88,0.0
2130,1299,53,1,280.66,0.0
2131,1300,67,1,239.77,0.0
2132,1301,35,1,62.83,0.05
2133,1302,2,1,225.21,0.0
2134,1302,18,1,44.33,0.2
2135,1303,26,2,326.44,0.05
2136,1303,8,1,178.2,0.1
2137,1303,63,1,394.04,0.0
2138,1304,3,2,156.81,0.0
2139,1304,46,2,210.09,0.0
2140,1304,40,1,85.38,0.0
2141,1305,13,1,288.11,0.0
2142,1306,23,1,411.01,0.05
2143,1306,55,1,238.87,0.0
2144,1306,48,1,67.66,0.1
2145,1307,32,1,200.98,0.0
2146,1308,43,1,246.42,0.0
2147,1309,4,1,188.28,0.05
2148,1309,17,3,396.49,0.0
2149,1310,45,2,70.43,0.0
2150,1311,66,1,46.76,0.1
2151,1312,65,1,299.72,0.0
2152,1313,28,1,324.88,0.05
2153,1314,54,3,180.14,0.0
2154,1314,1,1,374.81,0.0
2155,1315,27,1,228.1,0.0
2156,1316,62,2,80.44,0.0
2157,1317,72,1,139.44,0.0
2158,1318,54,1,180.14,0.2
2159,1319,5,1,441.19,0.05
2160,1319,67,2,239.77,0.05
2161,1320,29,1,259.96,0.1
2162,1321,65,1,299.72,0.1
2163,1322,70,1,92.51,0.0
2164,1322,48,1,67.66,0.2
2165,1322,33,1,233.82,0.0
2166,1322,24,3,439.98,0.0
2167,1323,13,1,288.11,0.05
2168,1324,56,1,448.94,0.2
2169,1325,23,1,411.01,0.0
2170,1325,12,1,206.84,0.0
2171,1326,6,1,416.95,0.0
2172,1327,63,1,394.04,0.05
2173,1327,30,1,431.14,0.0
2174,1328,36,1,95.73,0.0
2175,1329,10,1,418.35,0.05
2176,1329,5,1,441.19,0.1
2177,1329,31,1,109.88,0.15
2178,1329,32,1,200.98,0.05
2179,1330,54,1,180.14,0.0
2180,1331,29,1,259.96,0.0
2181,1332,72,2,139.44,0.0
2182,1333,46,1,210.09,0.0
2183,1334,66,1,46.76,0.2
2184,1334,61,2,404.71,0.0
2185,1334,6,1,416.95,0.05
2186,1335,72,1,139.44,0.05
2187,1336,54,1,180.14,0.0
2188,1337,49,3,399.06,0.0
2189,1338,57,1,100.82,0.05
2190,1339,36,1,95.73,0.0
2191,1340,38,1,173.95,0.0
2192,1341,22,3,410.91,0.0
2193,1341,50,1,432.01,0.0
2194,1341,7,1,290.09,0.0
2195,1342,20,1,79.38,0.0
2196,1342,18,1,44.33,0.1
2197,1343,71,1,438.52,0.2
2198,1344,33,1,233.82,0.05
2199,1344,63,1,394.04,0.0
2200,1345,60,1,133.04,0.0
2201,1346,20,3,79.38,0.0
2202,1346,70,1,92.51,0.2
2203,1346,65,1,299.72,0.05
2204,1347,21,1,134.9,0.0
2205,1347,72,2,139.44,0.05
2206,1347,18,1,44.33,0.15
2207,1348,45,1,70.43,0.0
2208,1349,13,1,288.11,0.0
2209,1349,41,1,409.66,0.0
2210,1350,8,2,178.2,0.0
2211,1350,50,1,432.01,0.0
2212,1350,37,1,131.27,0.1
2213,1351,8,1,178.2,0.0
2214,1351,35,1,62.83,0.1
2215,1352,20,1,79.38,0.0
2216,1352,70,1,92.51,0.0
2217,1353,20,1,79.38,0.05
2218,1353,7,2,290.09,0.0
2219,1354,46,1,210.09,0.15
2220,1355,5,2,441.19,0.0
2221,1355,37,1,131.27,0.0
2222,1356,34,1,327.63,0.15
2223,1357,63,1,394.04,0.05
2224,1358,26,1,326.44,0.0
2225,1358,23,1,411.01,0.0
2226,1358,30,3,431.14,0.0
2227,1358,32,1,200.98,0.1
2228,1359,57,1,100.82,0.05
2229,1359,8,1,178.2,0.1
2230,1360,15,1,159.55,0.0
2231,1361,8,2,178.2,0.05
2232,1361,58,1,370.96,0.0
2233,1362,11,2,71.32,0.0
2234,1363,67,1,239.77,0.05
2235,1364,17,1,396.49,0.0
2236,1364,11,1,71.32,0.0
2237,1365,11,3,71.32,0.2
2238,1365,39,1,78.78,0.0
2239,1366,30,3,431.14,0.1
2240,1367,71,2,438.52,0.1
2241,1368,41,1,409.66,0.0
2242,1369,57,1,100.82,0.0
2243,1369,11,2,71.32,0.0
2244,1370,47,2,359.13,0.0
2245,1371,10,1,418.35,0.0
2246,1371,38,1,173.95,0.1
2247,1372,42,1,232.44,0.0
2248,1373,48,1,67.66,0.2
2249,1373,54,1,180.14,0.1
2250,1373,3,1,156.81,0.1
2251,1373,36,1,95.73,0.0
2252,1374,60,2,133.04,0.0
2253,1374,54,1,180.14,0.05
2254,1375,54,3,180.14,0.15
2255,1376,17,2,396.49,0.2
2256,1377,8,1,178.2,0.0
2257,1377,21,1,134.9,0.0
2258,1378,41,1,409.66,0.0
2259,1379,51,1,25.91,0.1
2260,1379,19,1,412.27,0.0
2261,1380,15,1,159.55,0.2
2262,1380,31,1,109.88,0.05
2263,1380,36,1,95.73,0.05
2264,1381,12,2,206.84,0.0
2265,1381,67,1,239.77,0.0
2266,1382,6,1,416.95,0.0
2267,1383,8,1,178.2,0.0
2268,1383,65,1,299.72,0.0
2269,1384,20,1,79.38,0.2
2270,1384,23,2,411.01,0.0
2271,1385,6,1,416.95,0.0
2272,1385,33,3,233.82,0.0
2273,1386,39,1,78.78,0.0
2274,1386,31,1,109.88,0.0
2275,1387,63,3,394.04,0.0
2276,1388,63,1,394.04,0.0
2277,1388,68,2,238.62,0.1
2278,1388,27,1,228.1,0.0
2279,1389,17,2,396.49,0.0
2280,1389,57,1,100.82,0.0
2281,1390,9,1,199.05,0.0
2282,1391,9,1,199.05,0.1
2283,1391,40,1,85.38,0.0
2284,1392,12,1,206.84,0.0
2285,1393,19,2,412.27,0.0
2286,1393,39,1,78.78,0.05
2287,1393,25,2,430.21,0.0
2288,1394,56,3,448.94,0.0
2289,1395,13,1,288.11,0.1
2290,1395,47,2,359.13,0.0
2291,1396,51,1,25.91,0.15
2292,1397,1,1,374.81,0.1
2293,1398,15,1,159.55,0.0
2294,1399,12,1,206.84,0.05
2295,1399,40,1,85.38,0.0
2296,1400,46,1,210.09,0.05
2297,1400,53,2,280.66,0.15
2298,1401,68,1,238.62,0.0
2299,1401,38,1,173.95,0.1
2300,1401,39,1,78.78,0.0
2301,1402,46,2,210.09,0.05
2302,1403,58,1,370.96,0.05
2303,1403,56,2,448.94,0.1
2304,1403,42,1,232.44,0.0
2305,1404,8,2,178.2,0.0
2306,1404,29,2,259.96,0.0
2307,1404,34,2,327.63,0.0
2308,1405,5,2,441.19,0.0
2309,1406,35,1,62.83,0.05
2310,1407,50,3,432.01,0.0
2311,1408,41,1,409.66,0.0
2312,1409,4,1,188.28,0.0
2313,1410,27,2,228.1,0.0
2314,1411,25,1,430.21,0.0
2315,1411,21,1,134.9,0.15
2316,1412,71,1,438.52,0.0
2317,1412,7,1,290.09,0.0
2318,1413,48,2,67.66,0.0
2319,1413,7,1,290.09,0.0
2320,1414,6,2,416.95,0.0
2321,1414,15,1,159.55,0.0
2322,1415,71,1,438.52,0.0
2323,1416,15,2,159.55,0.0
2324,1417,14,1,247.01,0.0
2325,1418,19,1,412.27,0.1
2326,1419,7,1,290.09,0.0
2327,1419,56,1,448.94,0.1
2328,1419,17,1,396.49,0.1
2329,1420,4,2,188.28,0.0
2330,1421,37,3,131.27,0.15
2331,1422,63,1,394.04,0.0
2332,1422,53,2,280.66,0.1
2333,1422,47,1,359.13,0.1
2334,1422,24,1,439.98,0.0
2335,1423,61,1,404.71,0.0
2336,1424,38,2,173.95,0.0
2337,1425,51,1,25.91,0.0
2338,1426,30,2,431.14,0.0
2339,1426,48,1,67.66,0.15
2340,1427,20,1,79.38,0.0
2341,1428,46,1,210.09,0.2
2342,1428,55,1,238.87,0.2
2343,1428,54,1,180.14,0.0
2344,1429,45,1,70.43,0.0
2345,1429,21,1,134.9,0.05
2346,1430,66,1,46.76,0.0
2347,1431,2,3,225.21,0.15
2348,1432,10,1,418.35,0.05
2349,1432,58,1,370.96,0.0
2350,1433,41,1,409.66,0.0
2351,1433,53,1,280.66,0.0
2352,1434,47,1,359.13,0.0
2353,1434,18,1,44.33,0.0
2354,1434,20,1,79.38,0.0
2355,1434,68,3,238.62,0.05
2356,1435,36,1,95.73,0.0
2357,1436,11,1,71.32,0.0
2358,1437,58,1,370.96,0.05
2359,1437,8,1,178.2,0.05
2360,1438,27,3,228.1,0.1
2361,1438,6,1,416.95,0.0
2362,1438,48,1,67.66,0.05
2363,1439,57,1,100.82,0.05
2364,1440,23,1,411.01,0.0
2365,1441,15,1,159.55,0.0
2366,1441,58,2,370.96,0.05
2367,1442,56,1,448.94,0.0
2368,1443,65,1,299.72,0.0
2369,1444,64,1,401.71,0.1
2370,1445,17,1,396.49,0.05
2371,1445,69,1,98.01,0.0
2372,1446,68,2,238.62,0.15
2373,1446,24,1,439.98,0.0
2374,1447,53,1,280.66,0.05
2375,1448,65,1,299.72,0.1
2376,1448,6,1,416.95,0.05
2377,1448,21,1,134.9,0.15
2378,1448,5,1,441.19,0.0
2379,1449,22,1,410.91,0.0
2380,1450,51,1,25.91,0.1
2381,1450,65,1,299.72,0.0
2382,1450,56,1,448.94,0.0
2383,1451,47,1,359.13,0.0
2384,1451,18,2,44.33,0.0
2385,1452,10,1,418.35,0.15
2386,1453,50,1,432.01,0.15
2387,1454,14,1,247.01,0.0
2388,1455,4,1,188.28,0.1
2389,1456,37,1,131.27,0.15
2390,1457,8,1,178.2,0.0
2391,1458,40,2,85.38,0.0
2392,1459,22,3,410.91,0.1
2393,1460,8,2,178.2,0.0
2394,1460,50,1,432.01,0.1
2395,1461,49,1,399.06,0.15
2396,1461,69,1,98.01,0.0
2397,1461,9,1,199.05,0.1
2398,1462,59,1,360.15,0.05
2399,1462,14,1,247.01,0.1
2400,1462,54,1,180.14,0.0
2401,1462,26,1,326.44,0.1
2402,1463,24,1,439.98,0.0
2403,1464,16,1,230.72,0.15
2404,1465,25,1,430.21,0.0
2405,1466,17,1,396.49,0.05
2406,1467,68,1,238.62,0.0
2407,1468,58,1,370.96,0.05
2408,1468,19,1,412.27,0.0
2409,1468,1,2,374.81,0.0
2410,1469,32,1,200.98,0.0
2411,1470,34,2,327.63,0.05
2412,1470,9,1,199.05,0.0
2413,1471,50,1,432.01,0.05
2414,1472,2,1,225.21,0.0
2415,1472,65,1,299.72,0.05
2416,1473,12,3,206.84,0.0
2417,1473,71,1,438.52,0.0
2418,1474,45,1,70.43,0.0
2419,1474,36,1,95.73,0.1
2420,1475,10,1,418.35,0.0
2421,1475,44,1,270.79,0.05
2422,1476,20,1,79.38,0.0
2423,1476,50,1,432.01,0.0
2424,1477,47,1,359.13,0.1
2425,1477,23,1,411.01,0.0
2426,1478,40,2,85.38,0.05
2427,1479,72,1,139.44,0.0
2428,1480,50,1,432.01,0.05
2429,1480,51,1,25.91,0.1
2430,1481,40,1,85.38,0.1
2431,1482,18,2,44.33,0.0
2432,1483,48,2,67.66,0.0
2433,1483,2,1,225.21,0.0
2434,1484,23,1,411.01,0.0
2435,1484,45,1,70.43,0.0
2436,1484,42,1,232.44,0.0
2437,1485,43,1,246.42,0.05
2438,1485,42,1,232.44,0.0
2439,1485,22,2,410.91,0.0
2440,1485,53,1,280.66,0.0
2441,1486,45,1,70.43,0.0
2442,1486,32,1,200.98,0.0
2443,1487,13,1,288.11,0.1
2444,1487,65,1,299.72,0.0
2445,1487,44,1,270.79,0.0
2446,1488,5,1,441.19,0.0
2447,1488,11,1,71.32,0.0
2448,1489,48,1,67.66,0.05
2449,1489,53,1,280.66,0.0
2450,1489,30,2,431.14,0.0
2451,1490,45,1,70.43,0.1
2452,1490,34,1,327.63,0.0
2453,1490,21,2,134.9,0.0
2454,1491,5,3,441.19,0.0
2455,1492,30,1,431.14,0.0
2456,1492,11,2,71.32,0.0
2457,1492,54,1,180.14,0.1
2458,1493,37,1,131.27,0.0
2459,1494,21,1,134.9,0.0
2460,1494,52,1,372.88,0.0
2461,1495,1,3,374.81,0.1
2462,1496,4,1,188.28,0.05
2463,1497,15,1,159.55,0.0
2464,1497,12,1,206.84,0.1
2465,1498,37,1,131.27,0.2
2466,1498,55,2,238.87,0.15
2467,1499,58,1,370.96,0.05
2468,1499,72,1,139.44,0.0
2469,1499,18,1,44.33,0.0
2470,1500,32,1,200.98,0.1
2471,1500,2,1,225.21,0.2
2472,1501,57,1,100.82,0.1
2473,1501,16,1,230.72,0.0
2474,1502,63,1,394.04,0.0
2475,1503,4,1,188.28,0.0
2476,1504,58,3,370.96,0.0
2477,1504,52,2,372.88,0.0
2478,1505,63,1,394.04,0.05
2479,1505,50,2,432.01,0.0
2480,1506,2,1,225.21,0.0
2481,1507,20,1,79.38,0.0
2482,1508,27,1,228.1,0.0
2483,1508,20,1,79.38,0.1
2484,1508,46,3,210.09,0.0
2485,1509,37,1,131.27,0.1
2486,1509,51,1,25.91,0.0
2487,1510,16,1,230.72,0.0
2488,1511,54,1,180.14,0.05
2489,1512,2,1,225.21,0.0
2490,1513,33,1,233.82,0.0
2491,1514,42,1,232.44,0.1
2492,1515,64,1,401.71,0.15
2493,1515,24,1,439.98,0.05
2494,1516,48,3,67.66,0.1
2495,1517,66,1,46.76,0.0
2496,1518,40,1,85.38,0.05
2497,1518,54,1,180.14,0.0
2498,1518,22,1,410.91,0.05
2499,1519,8,1,178.2,0.0
2500,1520,32,3,200.98,0.1
2501,1520,49,1,399.06,0.0
2502,1520,13,1,288.11,0.0
2503,1521,6,1,416.95,0.0
2504,1521,23,1,411.01,0.0
2505,1522,43,1,246.42,0.0
2506,1522,11,3,71.32,0.05
2507,1523,27,1,228.1,0.0
2508,1523,53,1,280.66,0.0
2509,1523,71,1,438.52,0.0
2510,1524,42,1,232.44,0.05
2511,1524,49,1,399.06,0.0
2512,1525,37,1,131.27,0.0
2513,1525,29,1,259.96,0.05
2514,1526,42,1,232.44,0.0
2515,1526,59,1,360.15,0.0
2516,1527,5,2,441.19,0.2
2517,1527,64,1,401.71,0.0
2518,1527,29,1,259.96,0.05
2519,1528,13,2,288.11,0.0
2520,1529,60,2,133.04,0.1
2521,1529,23,3,411.01,0.0
2522,1529,53,1,280.66,0.2
2523,1530,5,1,441.19,0.0
2524,1531,13,1,288.11,0.0
2525,1532,38,1,173.95,0.2
2526,1532,60,1,133.04,0.2
2527,1532,72,1,139.44,0.1
2528,1533,22,1,410.91,0.0
2529,1534,28,1,324.88,0.0
2530,1534,56,1,448.94,0.15
2531,1534,41,1,409.66,0.0
2532,1535,58,2,370.96,0.0
2533,1535,6,1,416.95,0.0
2534,1536,22,1,410.91,0.0
2535,1537,40,1,85.38,0.0
2536,1538,15,1,159.55,0.05
2537,1538,51,3,25.91,0.05
2538,1539,69,1,98.01,0.0
2539,1540,33,1,233.82,0.1
2540,1541,58,1,370.96,0.0
2541,1541,3,1,156.81,0.0
2542,1541,38,1,173.95,0.0
2543,1542,64,1,401.71,0.1
2544,1542,18,1,44.33,0.0
2545,1543,34,1,327.63,0.0
2546,1544,3,1,156.81,0.05
2547,1545,51,2,25.91,0.05
2548,1546,65,1,299.72,0.1
2549,1547,7,1,290.09,0.1
2550,1548,66,1,46.76,0.0
2551,1549,69,1,98.01,0.0
2552,1549,16,3,230.72,0.0
2553,1550,26,1,326.44,0.1
2554,1550,7,1,290.09,0.15
2555,1550,17,1,396.49,0.05
2556,1551,23,1,411.01,0.0
2557,1552,47,2,359.13,0.0
2558,1552,21,1,134.9,0.05
2559,1552,28,1,324.88,0.0
2560,1553,23,1,411.01,0.0
2561,1553,29,1,259.96,0.0
2562,1554,12,1,206.84,0.05
2563,1555,42,2,232.44,0.0
2564,1556,17,1,396.49,0.0
2565,1557,38,1,173.95,0.0
2566,1557,21,1,134.9,0.05
2567,1558,53,1,280.66,0.0
2568,1558,30,1,431.14,0.0
2569,1559,19,3,412.27,0.0
2570,1560,54,1,180.14,0.1
2571,1561,38,1,173.95,0.0
2572,1561,24,2,439.98,0.0
2573,1562,49,1,399.06,0.0
2574,1563,26,1,326.44,0.05
2575,1563,56,1,448.94,0.0
2576,1564,40,1,85.38,0.0
2577,1565,23,1,411.01,0.05
2578,1565,20,1,79.38,0.15
2579,1565,11,1,71.32,0.0
2580,1566,15,1,159.55,0.1
2581,1567,37,3,131.27,0.05
2582,1567,49,1,399.06,0.0
2583,1568,34,1,327.63,0.0
2584,1568,71,1,438.52,0.0
2585,1569,21,1,134.9,0.0
2586,1569,25,1,430.21,0.05
2587,1570,39,1,78.78,0.0
2588,1570,54,1,180.14,0.1
2589,1570,66,1,46.76,0.0
2590,1570,68,1,238.62,0.0
2591,1571,32,1,200.98,0.05
2592,1572,28,1,324.88,0.15
2593,1573,72,1,139.44,0.0
2594,1573,4,1,188.28,0.0
2595,1573,25,1,430.21,0.05
2596,1573,9,1,199.05,0.0
2597,1574,68,2,238.62,0.0
2598,1575,15,2,159.55,0.0
2599,1576,1,1,374.81,0.05
2600,1577,1,1,374.81,0.0
2601,1577,64,1,401.71,0.05
2602,1577,16,2,230.72,0.0
2603,1577,42,1,232.44,0.0
2604,1578,3,1,156.81,0.0
2605,1579,40,1,85.38,0.0
2606,1580,22,1,410.91,0.0
2607,1581,40,1,85.38,0.1
2608,1582,68,1,238.62,0.0
2609,1582,49,2,399.06,0.05
2610,1583,26,1,326.44,0.0
2611,1584,16,1,230.72,0.0
2612,1584,45,1,70.43,0.0
2613,1584,67,1,239.77,0.0
2614,1585,61,1,404.71,0.0
2615,1586,42,1,232.44,0.05
2616,1586,72,1,139.44,0.0
2617,1586,29,1,259.96,0.05
2618,1587,57,1,100.82,0.0
2619,1587,3,1,156.81,0.0
2620,1588,58,1,370.96,0.05
2621,1588,10,1,418.35,0.05
2622,1589,58,1,370.96,0.0
2623,1589,21,1,134.9,0.0
2624,1589,57,2,100.82,0.15
2625,1589,34,1,327.63,0.2
2626,1590,14,1,247.01,0.0
2627,1590,65,2,299.72,0.0
2628,1590,66,2,46.76,0.2
2629,1590,72,1,139.44,0.0
2630,1591,25,1,430.21,0.0
2631,1591,9,1,199.05,0.1
2632,1591,15,1,159.55,0.0
2633,1592,54,1,180.14,0.0
2634,1592,46,2,210.09,0.0
2635,1592,37,1,131.27,0.1
2636,1593,9,1,199.05,0.05
2637,1594,26,3,326.44,0.0
2638,1595,4,1,188.28,0.0
2639,1596,24,1,439.98,0.1
2640,1597,41,1,409.66,0.0
2641,1597,50,1,432.01,0.1
2642,1598,52,1,372.88,0.0
2643,1599,5,1,441.19,0.0
2644,1600,28,3,324.88,0.1
2645,1601,58,2,370.96,0.05
2646,1602,67,1,239.77,0.0
2647,1603,58,1,370.96,0.0
2648,1603,42,1,232.44,0.0
2649,1604,66,2,46.76,0.0
2650,1604,52,1,372.88,0.0
2651,1604,32,1,200.98,0.05
2652,1604,11,2,71.32,0.0
2653,1605,35,1,62.83,0.0
2654,1605,59,1,360.15,0.05
2655,1606,60,1,133.04,0.0
2656,1607,12,1,206.84,0.0
2657,1608,15,1,159.55,0.0
2658,1608,11,2,71.32,0.0
2659,1609,45,1,70.43,0.0
2660,1609,64,1,401.71,0.15
2661,1610,61,1,404.71,0.0
2662,1611,34,1,327.63,0.05
2663,1612,47,1,359.13,0.05
2664,1612,56,1,448.94,0.0
2665,1613,26,1,326.44,0.05
2666,1614,26,2,326.44,0.05
2667,1614,20,2,79.38,0.0
2668,1614,39,1,78.78,0.0
2669,1615,22,1,410.91,0.0
2670,1615,7,1,290.09,0.15
2671,1616,30,3,431.14,0.2
2672,1617,33,1,233.82,0.0
2673,1617,42,1,232.44,0.05
2674,1618,1,3,374.81,0.05
2675,1619,57,1,100.82,0.0
2676,1619,26,2,326.44,0.1
2677,1619,14,2,247.01,0.0
2678,1620,54,1,180.14,0.05
2679,1621,22,1,410.91,0.0
2680,1622,33,2,233.82,0.0
2681,1623,21,1,134.9,0.15
2682,1623,44,1,270.79,0.0
2683,1624,51,1,25.91,0.1
2684,1624,68,1,238.62,0.0
2685,1625,71,1,438.52,0.2
2686,1625,47,1,359.13,0.0
2687,1625,20,1,79.38,0.0
2688,1626,66,1,46.76,0.0
2689,1627,54,2,180.14,0.05
2690,1628,66,2,46.76,0.0
2691,1628,19,2,412.27,0.0
2692,1628,67,1,239.77,0.05
2693,1629,68,1,238.62,0.1
2694,1630,8,1,178.2,0.0
2695,1630,5,2,441.19,0.0
2696,1631,49,1,399.06,0.0
2697,1631,48,2,67.66,0.0
2698,1632,45,1,70.43,0.0
2699,1632,51,1,25.91,0.0
2700,1632,8,1,178.2,0.0
2701,1633,56,2,448.94,0.0
2702,1633,22,2,410.91,0.05
2703,1633,70,1,92.51,0.0
2704,1634,59,1,360.15,0.15
2705,1635,25,1,430.21,0.0
2706,1636,20,1,79.38,0.0
2707,1636,15,1,159.55,0.05
2708,1636,21,1,134.9,0.0
2709,1637,44,1,270.79,0.0
2710,1637,72,2,139.44,0.0
2711,1638,12,1,206.84,0.1
2712,1638,51,1,25.91,0.0
2713,1639,9,1,199.05,0.05
2714,1640,49,1,399.06,0.0
2715,1641,24,1,439.98,0.0
2716,1642,66,3,46.76,0.05
2717,1643,47,1,359.13,0.0
2718,1644,21,1,134.9,0.0
2719,1645,24,2,439.98,0.15
2720,1645,36,1,95.73,0.0
2721,1646,58,1,370.96,0.05
2722,1647,61,1,404.71,0.15
2723,1648,41,1,409.66,0.05
2724,1648,35,1,62.83,0.0
2725,1648,39,1,78.78,0.1
2726,1649,60,2,133.04,0.0
2727,1650,68,1,238.62,0.05
2728,1651,68,1,238.62,0.0
2729,1652,51,1,25.91,0.2
2730,1653,61,1,404.71,0.0
2731,1654,66,1,46.76,0.0
2732,1655,42,2,232.44,0.0
2733,1656,46,1,210.09,0.0
2734,1656,66,1,46.76,0.0
2735,1656,7,3,290.09,0.05
2736,1657,52,1,372.88,0.0
2737,1658,3,1,156.81,0.1
2738,1659,60,1,133.04,0.1
2739,1659,37,1,131.27,0.05
2740,1660,46,1,210.09,0.2
2741,1660,7,2,290.09,0.1
2742,1661,58,2,370.96,0.0
2743,1662,5,2,441.19,0.0
2744,1663,19,2,412.27,0.15
2745,1664,8,2,178.2,0.0
2746,1665,67,1,239.77,0.0
2747,1665,70,1,92.51,0.0
2748,1665,65,1,299.72,0.1
2749,1666,36,1,95.73,0.05
2750,1667,48,1,67.66,0.0
2751,1668,57,3,100.82,0.0
2752,1668,21,1,134.9,0.0
2753,1668,39,3,78.78,0.0
2754,1669,47,1,359.13,0.1
2755,1669,55,1,238.87,0.0
2756,1670,44,2,270.79,0.1
2757,1671,2,1,225.21,0.0
2758,1672,57,1,100.82,0.0
2759,1673,19,1,412.27,0.0
2760,1673,54,2,180.14,0.0
2761,1673,21,1,134.9,0.0
2762,1673,33,3,233.82,0.0
2763,1674,10,1,418.35,0.1
2764,1675,13,1,288.11,0.0
2765,1675,72,1,139.44,0.0
2766,1675,3,1,156.81,0.15
2767,1675,48,1,67.66,0.0
2768,1676,57,1,100.82,0.0
2769,1677,60,1,133.04,0.0
2770,1677,69,2,98.01,0.05
2771,1678,65,1,299.72,0.2
2772,1678,27,1,228.1,0.05
2773,1679,37,1,131.27,0.05
2774,1680,30,1,431.14,0.0
2775,1681,70,2,92.51,0.0
2776,1681,64,1,401.71,0.0
2777,1681,14,1,247.01,0.05
2778,1682,36,1,95.73,0.15
2779,1683,15,1,159.55,0.0
2780,1683,45,3,70.43,0.0
2781,1684,30,1,431.14,0.0
2782,1685,23,1,411.01,0.05
2783,1686,57,1,100.82,0.1
2784,1686,9,1,199.05,0.05
2785,1687,54,2,180.14,0.0
2786,1687,40,1,85.38,0.0
2787,1687,52,1,372.88,0.2
2788,1688,60,1,133.04,0.0
2789,1688,10,1,418.35,0.1
2790,1689,27,1,228.1,0.0
2791,1690,29,1,259.96,0.0
2792,1691,7,1,290.09,0.0
2793,1692,1,1,374.81,0.0
2794,1692,49,2,399.06,0.0
2795,1693,11,1,71.32,0.0
2796,1694,28,1,324.88,0.0
2797,1694,29,1,259.96,0.15
2798,1695,24,2,439.98,0.0
2799,1695,18,1,44.33,0.0
2800,1696,37,3,131.27,0.0
2801,1697,36,1,95.73,0.0
2802,1698,68,1,238.62,0.0
2803,1699,44,1,270.79,0.0
2804,1700,3,1,156.81,0.05
2805,1701,18,1,44.33,0.0
2806,1701,49,3,399.06,0.0
2807,1702,18,1,44.33,0.0
2808,1703,15,1,159.55,0.0
2809,1704,12,1,206.84,0.1
2810,1704,18,2,44.33,0.0
2811,1704,71,1,438.52,0.0
2812,1705,44,1,270.79,0.05
2813,1706,55,1,238.87,0.05
2814,1707,46,1,210.09,0.2
2815,1708,40,1,85.38,0.1
2816,1709,6,2,416.95,0.0
2817,1709,12,1,206.84,0.15
2818,1710,46,1,210.09,0.0
2819,1710,14,1,247.01,0.0
2820,1711,67,1,239.77,0.05
2821,1712,44,2,270.79,0.15
2822,1713,24,1,439.98,0.0
2823,1713,27,1,228.1,0.0
2824,1713,6,1,416.95,0.0
2825,1714,46,2,210.09,0.05
2826,1714,60,2,133.04,0.1
2827,1715,26,1,326.44,0.1
2828,1716,14,1,247.01,0.0
2829,1716,43,1,246.42,0.0
2830,1717,55,1,238.87,0.0
2831,1717,11,1,71.32,0.0
2832,1718,15,1,159.55,0.05
2833,1718,12,1,206.84,0.0
2834,1719,72,1,139.44,0.0
2835,1720,42,1,232.44,0.0
2836,1720,28,1,324.88,0.0
2837,1721,38,1,173.95,0.0
2838,1722,8,1,178.2,0.1
2839,1722,11,2,71.32,0.0
2840,1723,59,1,360.15,0.0
2841,1723,29,2,259.96,0.0
2842,1724,49,1,399.06,0.0
2843,1725,8,1,178.2,0.05
2844,1726,68,1,238.62,0.1
2845,1726,57,1,100.82,0.0
2846,1727,36,3,95.73,0.0
2847,1728,54,1,180.14,0.05
2848,1729,61,1,404.71,0.0
2849,1730,67,1,239.77,0.0
2850,1731,30,1,431.14,0.05
2851,1732,14,1,247.01,0.15
2852,1732,59,3,360.15,0.0
2853,1732,2,1,225.21,0.2
2854,1733,22,1,410.91,0.0
2855,1734,22,2,410.91,0.1
2856,1735,38,1,173.95,0.0
2857,1735,19,3,412.27,0.05
2858,1736,19,1,412.27,0.0
2859,1736,28,3,324.88,0.0
2860,1737,58,1,370.96,0.0
2861,1738,6,2,416.95,0.15
2862,1738,1,1,374.81,0.1
2863,1739,69,1,98.01,0.0
2864,1740,2,1,225.21,0.0
2865,1740,24,1,439.98,0.2
2866,1741,57,1,100.82,0.0
2867,1742,58,1,370.96,0.0
2868,1743,69,1,98.01,0.0
2869,1744,56,1,448.94,0.1
2870,1744,5,1,441.19,0.0
2871,1744,27,1,228.1,0.0
2872,1745,25,1,430.21,0.0
2873,1745,18,2,44.33,0.0
2874,1746,36,2,95.73,0.0
2875,1746,69,1,98.01,0.2
2876,1747,3,1,156.81,0.05
2877,1748,43,1,246.42,0.0
2878,1748,32,1,200.98,0.0
2879,1748,11,1,71.32,0.05
2880,1749,5,1,441.19,0.0
2881,1749,29,1,259.96,0.0
2882,1750,62,1,80.44,0.0
2883,1750,71,1,438.52,0.0
2884,1750,8,2,178.2,0.0
2885,1751,48,1,67.66,0.05
2886,1752,53,1,280.66,0.0
2887,1753,33,2,233.82,0.0
2888,1753,13,2,288.11,0.1
2889,1754,64,2,401.71,0.0
2890,1755,56,1,448.94,0.05
2891,1756,46,1,210.09,0.0
2892,1757,26,2,326.44,0.0
2893,1757,62,3,80.44,0.1
2894,1758,20,1,79.38,0.0
2895,1759,48,1,67.66,0.0
2896,1760,56,3,448.94,0.0
2897,1760,57,2,100.82,0.2
2898,1761,70,2,92.51,0.15
2899,1762,6,3,416.95,0.0
2900,1762,71,2,438.52,0.0
2901,1763,1,1,374.81,0.0
2902,1764,12,1,206.84,0.0
2903,1765,22,2,410.91,0.0
2904,1766,55,1,238.87,0.0
2905,1766,6,1,416.95,0.15
2906,1767,66,3,46.76,0.05
2907,1768,34,1,327.63,0.0
2908,1769,60,1,133.04,0.0
2909,1769,71,2,438.52,0.0
2910,1770,70,2,92.51,0.0
2911,1771,24,2,439.98,0.1
2912,1772,3,2,156.81,0.15
2913,1773,38,1,173.95,0.0
2914,1774,33,1,233.82,0.05
2915,1774,51,1,25.91,0.0
2916,1775,31,1,109.88,0.0
2917,1775,3,2,156.81,0.05
2918,1776,34,1,327.63,0.05
2919,1777,49,1,399.06,0.0
2920,1778,27,1,228.1,0.0
2921,1778,38,1,173.95,0.05
2922,1778,62,1,80.44,0.05
2923,1779,19,2,412.27,0.1
2924,1780,48,2,67.66,0.0
2925,1781,17,1,396.49,0.05
2926,1781,49,1,399.06,0.0
2927,1782,31,1,109.88,0.0
2928,1783,45,1,70.43,0.0
2929,1783,21,1,134.9,0.15
2930,1783,13,1,288.11,0.0
2931,1784,6,1,416.95,0.0
2932,1784,59,1,360.15,0.2
2933,1785,65,1,299.72,0.15
2934,1786,32,1,200.98,0.15
2935,1787,6,1,416.95,0.0
2936,1788,68,1,238.62,0.0
2937,1789,67,2,239.77,0.0
2938,1789,44,1,270.79,0.0
2939,1790,45,1,70.43,0.15
2940,1790,44,1,270.79,0.0
2941,1791,58,2,370.96,0.05
2942,1792,26,1,326.44,0.1
2943,1793,70,1,92.51,0.0
2944,1794,10,1,418.35,0.0
2945,1795,20,1,79.38,0.0
2946,1795,63,1,394.04,0.1
2947,1795,57,3,100.82,0.0
2948,1796,23,1,411.01,0.0
2949,1797,8,1,178.2,0.05
2950,1797,34,1,327.63,0.1
2951,1798,39,1,78.78,0.1
2952,1798,18,1,44.33,0.0
2953,1799,4,1,188.28,0.0
2954,1799,37,1,131.27,0.2
2955,1800,68,1,238.62,0.15
2956,1801,27,2,228.1,0.0
2957,1802,48,1,67.66,0.0
2958,1803,67,1,239.77,0.0
2959,1804,56,1,448.94,0.2
2960,1805,49,1,399.06,0.0
2961,1806,44,2,270.79,0.0
2962,1807,46,1,210.09,0.2
2963,1808,32,1,200.98,0.0
2964,1808,26,1,326.44,0.0
2965,1809,69,1,98.01,0.0
2966,1810,9,2,199.05,0.0
2967,1810,21,2,134.9,0.0
2968,1810,68,1,238.62,0.0
2969,1811,72,1,139.44,0.0
2970,1812,15,2,159.55,0.0
2971,1813,64,1,401.71,0.0
2972,1814,12,1,206.84,0.0
2973,1815,55,1,238.87,0.0
2974,1815,42,1,232.44,0.1
2975,1816,72,1,139.44,0.2
2976,1817,67,1,239.77,0.0
2977,1818,65,1,299.72,0.0
2978,1818,17,2,396.49,0.15
2979,1818,16,2,230.72,0.0
2980,1819,34,2,327.63,0.0
2981,1820,30,1,431.14,0.0
2982,1820,18,1,44.33,0.0
2983,1821,58,1,370.96,0.05
2984,1821,52,1,372.88,0.2
2985,1821,32,1,200.98,0.0
2986,1822,56,1,448.94,0.2
2987,1822,66,1,46.76,0.05
2988,1823,60,3,133.04,0.1
2989,1824,62,1,80.44,0.0
2990,1824,30,1,431.14,0.05
2991,1824,55,1,238.87,0.0
2992,1825,19,1,412.27,0.15
2993,1825,6,1,416.95,0.0
2994,1826,7,2,290.09,0.1
2995,1827,5,1,441.19,0.0
2996,1828,25,1,430.21,0.2
2997,1829,48,3,67.66,0.0
2998,1829,24,1,439.98,0.0
2999,1829,71,2,438.52,0.1
3000,1830,69,1,98.01,0.1
3001,1830,9,1,199.05,0.0
3002,1831,17,1,396.49,0.0
3003,1831,44,1,270.79,0.0
3004,1832,22,1,410.91,0.0
3005,1833,34,2,327.63,0.15
3006,1833,71,1,438.52,0.0
3007,1833,56,1,448.94,0.05
3008,1834,69,1,98.01,0.0
3009,1834,64,1,401.71,0.1
3010,1835,13,1,288.11,0.0
3011,1835,7,1,290.09,0.0
3012,1836,70,2,92.51,0.2
3013,1837,10,1,418.35,0.0
3014,1838,66,1,46.76,0.1
3015,1839,32,1,200.98,0.0
3016,1840,49,3,399.06,0.0
3017,1841,50,1,432.01,0.15
3018,1842,7,1,290.09,0.0
3019,1843,13,1,288.11,0.1
3020,1844,25,1,430.21,0.0
3021,1845,38,1,173.95,0.15
3022,1845,56,1,448.94,0.0
3023,1846,6,1,416.95,0.0
3024,1847,49,1,399.06,0.0
3025,1847,41,1,409.66,0.0
3026,1847,12,1,206.84,0.05
3027,1848,70,2,92.51,0.0
3028,1848,11,1,71.32,0.0
3029,1849,61,1,404.71,0.05
3030,1850,46,1,210.09,0.0
3031,1851,16,1,230.72,0.1
3032,1852,16,1,230.72,0.0
3033,1853,11,1,71.32,0.0
3034,1853,55,1,238.87,0.15
3035,1854,28,1,324.88,0.05
3036,1854,48,1,67.66,0.0
3037,1855,33,3,233.82,0.0
3038,1856,50,1,432.01,0.0
3039,1857,13,1,288.11,0.0
3040,1858,67,1,239.77,0.0
3041,1858,30,1,431.14,0.1
3042,1859,6,1,416.95,0.0
3043,1860,45,1,70.43,0.2
3044,1861,61,1,404.71,0.15
3045,1862,5,1,441.19,0.15
3046,1862,40,1,85.38,0.0
3047,1862,68,1,238.62,0.2
3048,1862,37,3,131.27,0.0
3049,1863,15,2,159.55,0.0
3050,1864,21,1,134.9,0.0
3051,1865,65,1,299.72,0.0
3052,1865,47,1,359.13,0.1
3053,1865,63,3,394.04,0.1
3054,1866,60,2,133.04,0.0
3055,1867,50,1,432.01,0.0
3056,1867,71,1,438.52,0.0
3057,1868,60,1,133.04,0.0
3058,1868,37,1,131.27,0.15
3059,1868,41,2,409.66,0.0
3060,1869,43,1,246.42,0.0
3061,1869,18,2,44.33,0.0
3062,1870,34,1,327.63,0.0
3063,1871,25,1,430.21,0.0
3064,1872,6,2,416.95,0.05
3065,1873,7,1,290.09,0.0
3066,1874,62,1,80.44,0.0
3067,1874,27,1,228.1,0.0
3068,1874,18,1,44.33,0.0
3069,1875,66,1,46.76,0.05
3070,1876,27,1,228.1,0.05
3071,1877,14,1,247.01,0.0
3072,1878,4,1,188.28,0.0
3073,1878,18,1,44.33,0.15
3074,1879,47,1,359.13,0.15
3075,1879,61,2,404.71,0.1
3076,1880,51,1,25.91,0.15
3077,1881,14,2,247.01,0.0
3078,1881,22,1,410.91,0.2
3079,1882,13,2,288.11,0.0
3080,1882,25,1,430.21,0.0
3081,1883,32,1,200.98,0.0
3082,1883,25,1,430.21,0.15
3083,1883,72,1,139.44,0.05
3084,1884,3,3,156.81,0.15
3085,1884,59,1,360.15,0.0
3086,1885,16,1,230.72,0.0
3087,1885,35,1,62.83,0.0
3088,1886,36,1,95.73,0.15
3089,1887,46,1,210.09,0.0
3090,1888,62,1,80.44,0.0
3091,1888,45,1,70.43,0.05
3092,1888,39,1,78.78,0.15
3093,1888,28,1,324.88,0.05
3094,1889,68,1,238.62,0.0
3095,1890,40,1,85.38,0.0
3096,1891,32,1,200.98,0.0
3097,1892,30,1,431.14,0.0
3098,1893,15,1,159.55,0.0
3099,1894,6,1,416.95,0.2
3100,1894,54,2,180.14,0.1
3101,1895,19,1,412.27,0.0
3102,1896,46,1,210.09,0.05
3103,1897,66,1,46.76,0.2
3104,1897,61,1,404.71,0.0
3105,1897,23,1,411.01,0.1
3106,1898,14,1,247.01,0.0
3107,1899,30,1,431.14,0.0
3108,1899,9,1,199.05,0.05
3109,1900,60,1,133.04,0.0
3110,1901,64,1,401.71,0.0
3111,1901,7,1,290.09,0.0
3112,1902,1,2,374.81,0.05
3113,1903,29,2,259.96,0.1
3114,1904,1,3,374.81,0.0
3115,1905,9,1,199.05,0.0
3116,1906,58,1,370.96,0.0
3117,1906,42,2,232.44,0.0
3118,1906,21,1,134.9,0.0
3119,1907,30,1,431.14,0.0
3120,1908,46,1,210.09,0.1
3121,1909,31,1,109.88,0.1
3122,1909,25,1,430.21,0.05
3123,1909,58,1,370.96,0.15
3124,1910,31,1,109.88,0.05
3125,1911,22,2,410.91,0.0
3126,1912,63,1,394.04,0.1
3127,1912,21,1,134.9,0.0
3128,1912,55,1,238.87,0.2
3129,1912,67,1,239.77,0.0
3130,1913,10,1,418.35,0.05
3131,1913,15,1,159.55,0.0
3132,1914,41,2,409.66,0.05
3133,1914,61,1,404.71,0.1
3134,1915,45,1,70.43,0.1
3135,1916,16,1,230.72,0.0
3136,1917,17,1,396.49,0.0
3137,1918,53,2,280.66,0.0
3138,1919,42,2,232.44,0.0
3139,1919,16,3,230.72,0.0
3140,1920,15,1,159.55,0.1
3141,1921,38,1,173.95,0.0
3142,1922,6,1,416.95,0.2
3143,1922,60,2,133.04,0.0
3144,1923,66,1,46.76,0.0
3145,1924,67,1,239.77,0.0
3146,1924,33,3,233.82,0.0
3147,1924,59,1,360.15,0.0
3148,1925,66,1,46.76,0.0
3149,1925,46,1,210.09,0.15
3150,1926,8,1,178.2,0.0
3151,1927,32,1,200.98,0.0
3152,1927,8,1,178.2,0.0
3153,1927,7,1,290.09,0.1
3154,1928,29,1,259.96,0.0
3155,1928,24,1,439.98,0.0
3156,1928,39,1,78.78,0.0
3157,1929,19,1,412.27,0.1
3158,1930,23,1,411.01,0.0
3159,1931,20,1,79.38,0.0
3160,1932,10,1,418.35,0.0
3161,1932,35,1,62.83,0.2
3162,1933,60,1,133.04,0.0
3163,1934,71,1,438.52,0.2
3164,1935,48,1,67.66,0.0
3165,1936,49,1,399.06,0.15
3166,1937,7,1,290.09,0.15
3167,1938,62,3,80.44,0.0
3168,1938,36,1,95.73,0.0
3169,1938,47,1,359.13,0.0
3170,1938,54,1,180.14,0.05
3171,1939,63,1,394.04,0.05
3172,1940,38,3,173.95,0.0
3173,1940,48,1,67.66,0.15
3174,1940,65,1,299.72,0.0
3175,1941,43,1,246.42,0.0
3176,1941,19,1,412.27,0.0
3177,1942,7,1,290.09,0.1
3178,1942,56,1,448.94,0.0
3179,1943,41,1,409.66,0.2
3180,1944,50,3,432.01,0.15
3181,1944,31,1,109.88,0.0
3182,1945,53,1,280.66,0.05
3183,1945,59,1,360.15,0.0
3184,1946,37,1,131.27,0.0
3185,1947,57,1,100.82,0.1
3186,1948,35,1,62.83,0.0
3187,1948,5,2,441.19,0.0
3188,1949,40,1,85.38,0.15
3189,1950,35,1,62.83,0.0
3190,1950,58,1,370.96,0.05
3191,1950,63,1,394.04,0.0
3192,1951,53,1,280.66,0.0
3193,1951,58,1,370.96,0.05
3194,1951,27,1,228.1,0.1
3195,1952,61,2,404.71,0.0
3196,1953,42,1,232.44,0.0
3197,1953,72,1,139.44,0.05
3198,1953,54,1,180.14,0.0
3199,1953,41,1,409.66,0.1
3200,1954,62,1,80.44,0.0
3201,1955,33,1,233.82,0.15
3202,1956,53,1,280.66,0.0
3203,1957,71,2,438.52,0.1
3204,1958,22,1,410.91,0.0
3205,1959,33,2,233.82,0.0
3206,1960,52,1,372.88,0.0
3207,1960,14,2,247.01,0.0
3208,1960,35,1,62.83,0.0
3209,1961,66,2,46.76,0.0
3210,1962,40,1,85.38,0.0
3211,1963,56,1,448.94,0.0
3212,1964,65,1,299.72,0.0
3213,1965,69,1,98.01,0.0
3214,1965,20,1,79.38,0.05
3215,1965,62,1,80.44,0.15
3216,1966,4,1,188.28,0.1
3217,1967,14,1,247.01,0.05
3218,1968,70,1,92.51,0.0
3219,1968,53,1,280.66,0.05
3220,1968,59,1,360.15,0.2
3221,1968,26,1,326.44,0.1
3222,1969,63,1,394.04,0.0
3223,1970,2,1,225.21,0.0
3224,1971,15,1,159.55,0.2
3225,1972,71,2,438.52,0.0
3226,1973,50,2,432.01,0.15
3227,1973,58,1,370.96,0.0
3228,1973,35,1,62.83,0.0
3229,1974,16,1,230.72,0.0
3230,1975,44,1,270.79,0.0
3231,1976,23,1,411.01,0.0
3232,1976,34,1,327.63,0.0
3233,1977,49,1,399.06,0.0
3234,1978,39,1,78.78,0.0
3235,1978,5,1,441.19,0.0
3236,1979,24,1,439.98,0.05
3237,1980,62,1,80.44,0.05
3238,1981,41,1,409.66,0.0
3239,1981,54,1,180.14,0.0
3240,1981,25,1,430.21,0.15
3241,1982,5,1,441.19,0.2
3242,1982,70,3,92.51,0.0
3243,1983,71,2,438.52,0.0
3244,1984,45,2,70.43,0.0
3245,1984,50,2,432.01,0.15
3246,1985,2,1,225.21,0.0
3247,1985,28,1,324.88,0.0
3248,1986,67,1,239.77,0.2
3249,1986,52,1,372.88,0.0
3250,1987,43,1,246.42,0.0
3251,1987,34,1,327.63,0.05
3252,1988,72,1,139.44,0.0
3253,1989,63,3,394.04,0.0
3254,1989,53,1,280.66,0.0
3255,1990,41,1,409.66,0.0
3256,1991,30,1,431.14,0.0
3257,1991,46,1,210.09,0.0
3258,1992,21,3,134.9,0.0
3259,1993,44,1,270.79,0.0
3260,1994,72,1,139.44,0.15
3261,1995,27,1,228.1,0.15
3262,1996,31,2,109.88,0.1
3263,1997,51,1,25.91,0.05
3264,1998,35,1,62.83,0.0
3265,1998,12,2,206.84,0.05
3266,1998,57,1,100.82,0.1
3267,1999,64,1,401.71,0.05
3268,1999,30,1,431.14,0.05
3269,1999,23,1,411.01,0.0
3270,1999,58,1,370.96,0.0
3271,2000,38,1,173.95,0.1
3272,2001,41,1,409.66,0.0
3273,2002,56,1,448.94,0.15
3274,2002,39,1,78.78,0.0
3275,2003,46,1,210.09,0.0
3276,2004,61,1,404.71,0.0
3277,2004,15,2,159.55,0.05
3278,2005,59,1,360.15,0.0
3279,2006,9,3,199.05,0.0
3280,2007,72,1,139.44,0.0
3281,2008,27,1,228.1,0.0
3282,2009,64,2,401.71,0.0
3283,2010,39,2,78.78,0.0
3284,2010,46,1,210.09,0.05
3285,2011,8,1,178.2,0.1
3286,2012,24,2,439.98,0.05
3287,2013,41,1,409.66,0.0
3288,2014,55,1,238.87,0.0
3289,2015,34,3,327.63,0.0
3290,2016,10,1,418.35,0.0
3291,2017,66,1,46.76,0.0
3292,2018,60,1,133.04,0.0
3293,2018,44,1,270.79,0.0
3294,2019,21,2,134.9,0.0
3295,2020,5,2,441.19,0.0
3296,2020,59,1,360.15,0.0
3297,2021,40,1,85.38,0.0
3298,2021,31,1,109.88,0.0
3299,2022,28,1,324.88,0.0
3300,2023,12,1,206.84,0.2
3301,2023,48,1,67.66,0.0
3302,2024,41,1,409.66,0.0
3303,2024,3,1,156.81,0.0
3304,2025,22,2,410.91,0.0
3305,2026,21,1,134.9,0.0
3306,2026,15,2,159.55,0.0
3307,2027,5,1,441.19,0.0
3308,2028,36,1,95.73,0.15
3309,2028,44,1,270.79,0.0
3310,2029,28,1,324.88,0.0
3311,2029,32,1,200.98,0.0
3312,2030,57,1,100.82,0.0
3313,2031,10,1,418.35,0.1
3314,2032,45,2,70.43,0.0
3315,2033,12,1,206.84,0.0
3316,2034,35,1,62.83,0.0
3317,2034,51,1,25.91,0.0
3318,2034,64,1,401.71,0.15
3319,2035,19,2,412.27,0.0
3320,2036,43,1,246.42,0.0
3321,2037,33,1,233.82,0.0
3322,2037,32,1,200.98,0.1
3323,2038,53,2,280.66,0.0
3324,2039,51,2,25.91,0.0
3325,2040,10,1,418.35,0.05
3326,2040,11,1,71.32,0.0
3327,2041,20,1,79.38,0.0
3328,2042,7,2,290.09,0.0
3329,2043,9,3,199.05,0.0
3330,2044,28,1,324.88,0.0
3331,2044,9,1,199.05,0.0
3332,2045,70,1,92.51,0.0
3333,2046,30,1,431.14,0.1
3334,2046,53,2,280.66,0.1
3335,2047,37,2,131.27,0.1
3336,2047,2,1,225.21,0.05
3337,2047,68,1,238.62,0.0
3338,2048,2,1,225.21,0.0
3339,2048,5,1,441.19,0.15
3340,2049,24,1,439.98,0.0
3341,2050,25,1,430.21,0.1
3342,2051,65,1,299.72,0.05
3343,2052,29,1,259.96,0.0
3344,2053,12,2,206.84,0.05
3345,2054,16,3,230.72,0.05
3346,2054,48,2,67.66,0.0
3347,2054,70,1,92.51,0.0
3348,2055,59,2,360.15,0.0
3349,2056,21,1,134.9,0.0
3350,2057,52,2,372.88,0.1
3351,2057,60,1,133.04,0.05
3352,2058,52,1,372.88,0.1
3353,2059,46,1,210.09,0.0
3354,2060,4,1,188.28,0.0
3355,2061,39,1,78.78,0.0
3356,2062,25,1,430.21,0.05
3357,2062,71,1,438.52,0.0
3358,2063,23,1,411.01,0.15
3359,2064,46,1,210.09,0.1
3360,2065,17,1,396.49,0.05
3361,2066,8,1,178.2,0.05
3362,2067,45,1,70.43,0.0
3363,2067,71,1,438.52,0.15
3364,2068,72,1,139.44,0.15
3365,2068,23,1,411.01,0.05
3366,2069,37,2,131.27,0.0
3367,2070,8,1,178.2,0.1
3368,2071,53,2,280.66,0.0
3369,2071,45,2,70.43,0.0
3370,2071,52,1,372.88,0.2
3371,2072,4,1,188.28,0.1
3372,2073,27,3,228.1,0.1
3373,2074,63,1,394.04,0.0
3374,2074,18,1,44.33,0.05
3375,2075,61,1,404.71,0.05
3376,2076,12,1,206.84,0.0
3377,2077,22,1,410.91,0.0
3378,2077,3,3,156.81,0.15
3379,2078,36,1,95.73,0.0
3380,2079,28,1,324.88,0.2
3381,2079,62,1,80.44,0.0
3382,2080,29,1,259.96,0.05
3383,2080,55,3,238.87,0.0
3384,2080,17,2,396.49,0.0
3385,2081,33,1,233.82,0.1
3386,2081,9,1,199.05,0.0
3387,2081,70,1,92.51,0.0
3388,2081,45,1,70.43,0.0
3389,2082,34,1,327.63,0.0
3390,2083,67,3,239.77,0.0
3391,2084,45,1,70.43,0.0
3392,2084,49,2,399.06,0.15
3393,2085,39,2,78.78,0.05
3394,2086,35,1,62.83,0.0
3395,2087,55,1,238.87,0.15
3396,2088,1,2,374.81,0.1
3397,2088,66,1,46.76,0.0
3398,2088,41,2,409.66,0.0
3399,2088,39,1,78.78,0.05
3400,2089,7,3,290.09,0.0
3401,2089,54,1,180.14,0.15
3402,2090,33,1,233.82,0.0
3403,2091,13,2,288.11,0.05
3404,2091,42,1,232.44,0.05
3405,2092,60,1,133.04,0.0
3406,2093,48,2,67.66,0.0
3407,2094,40,1,85.38,0.0
3408,2094,36,3,95.73,0.0
3409,2095,54,1,180.14,0.1
3410,2096,26,1,326.44,0.1
3411,2097,51,1,25.91,0.0
3412,2097,71,1,438.52,0.05
3413,2097,61,1,404.71,0.0
3414,2098,67,1,239.77,0.0
3415,2098,39,1,78.78,0.0
3416,2099,72,2,139.44,0.0
3417,2100,11,2,71.32,0.1
3418,2101,50,1,432.01,0.05
3419,2102,20,2,79.38,0.0
3420,2102,39,2,78.78,0.0
3421,2102,37,3,131.27,0.0
3422,2103,20,1,79.38,0.0
3423,2104,68,1,238.62,0.05
3424,2105,51,1,25.91,0.15
3425,2106,26,3,326.44,0.0
3426,2107,25,3,430.21,0.0
3427,2108,40,1,85.38,0.0
3428,2109,23,1,411.01,0.0
3429,2109,4,1,188.28,0.1
3430,2109,25,1,430.21,0.05
3431,2110,13,1,288.11,0.2
3432,2110,1,1,374.81,0.1
3433,2111,67,1,239.77,0.0
3434,2112,17,1,396.49,0.0
3435,2113,17,1,396.49,0.15
3436,2114,72,1,139.44,0.05
3437,2115,17,1,396.49,0.0
3438,2116,38,1,173.95,0.0
3439,2116,72,2,139.44,0.05
3440,2117,58,1,370.96,0.1
3441,2117,56,1,448.94,0.1
3442,2118,57,3,100.82,0.0
3443,2119,11,1,71.32,0.0
3444,2119,60,1,133.04,0.0
3445,2120,28,2,324.88,0.0
3446,2121,69,1,98.01,0.05
3447,2122,8,1,178.2,0.0
3448,2123,11,3,71.32,0.0
3449,2124,63,1,394.04,0.05
3450,2124,4,1,188.28,0.0
3451,2125,32,1,200.98,0.0
3452,2125,51,2,25.91,0.0
3453,2125,7,1,290.09,0.1
3454,2126,39,1,78.78,0.0
3455,2126,37,1,131.27,0.0
3456,2127,42,2,232.44,0.0
3457,2128,65,1,299.72,0.0
3458,2128,1,1,374.81,0.1
3459,2129,60,1,133.04,0.05
3460,2130,51,3,25.91,0.0
3461,2130,1,1,374.81,0.0
3462,2131,61,1,404.71,0.0
3463,2132,40,1,85.38,0.1
3464,2132,42,2,232.44,0.0
3465,2133,44,1,270.79,0.05
3466,2134,62,1,80.44,0.0
3467,2134,10,1,418.35,0.0
3468,2134,56,1,448.94,0.0
3469,2134,15,1,159.55,0.1
3470,2135,67,1,239.77,0.0
3471,2136,30,1,431.14,0.0
3472,2137,42,2,232.44,0.0
3473,2138,69,1,98.01,0.2
3474,2138,71,2,438.52,0.05
3475,2138,36,1,95.73,0.0
3476,2139,47,3,359.13,0.05
3477,2139,69,1,98.01,0.0
3478,2140,31,2,109.88,0.05
3479,2140,58,3,370.96,0.0
3480,2141,66,1,46.76,0.0
3481,2141,15,1,159.55,0.05
3482,2142,29,2,259.96,0.0
3483,2143,5,1,441.19,0.0
3484,2143,38,1,173.95,0.0
3485,2144,40,1,85.38,0.15
3486,2145,23,1,411.01,0.15
3487,2145,41,1,409.66,0.05
3488,2145,4,1,188.28,0.2
3489,2145,45,1,70.43,0.0
3490,2146,18,1,44.33,0.05
3491,2146,6,1,416.95,0.0
3492,2146,13,1,288.11,0.0
3493,2147,22,1,410.91,0.0
3494,2147,24,1,439.98,0.0
3495,2148,66,1,46.76,0.15
3496,2148,19,1,412.27,0.1
3497,2148,26,1,326.44,0.1
3498,2149,31,1,109.88,0.05
3499,2150,47,1,359.13,0.0
3500,2151,9,1,199.05,0.0
3501,2151,41,1,409.66,0.05
3502,2151,42,1,232.44,0.05
3503,2152,17,1,396.49,0.0
3504,2153,58,1,370.96,0.0
3505,2153,11,1,71.32,0.05
3506,2154,10,1,418.35,0.0
3507,2155,3,2,156.81,0.0
3508,2156,49,2,399.06,0.2
3509,2157,50,1,432.01,0.0
3510,2157,34,1,327.63,0.0
3511,2158,49,3,399.06,0.0
3512,2159,26,1,326.44,0.0
3513,2160,54,1,180.14,0.0
3514,2160,30,1,431.14,0.0
3515,2161,33,1,233.82,0.0
3516,2162,61,1,404.71,0.0
3517,2162,68,1,238.62,0.0
3518,2162,43,1,246.42,0.0
3519,2163,23,1,411.01,0.0
3520,2164,67,1,239.77,0.05
3521,2165,60,1,133.04,0.0
3522,2166,12,1,206.84,0.0
3523,2167,1,1,374.81,0.0
3524,2167,68,1,238.62,0.1
3525,2168,50,2,432.01,0.0
3526,2168,35,3,62.83,0.05
3527,2168,42,1,232.44,0.0
3528,2169,3,1,156.81,0.05
3529,2170,70,1,92.51,0.0
3530,2171,7,1,290.09,0.0
3531,2171,21,3,134.9,0.0
3532,2172,39,3,78.78,0.0
3533,2173,50,1,432.01,0.2
3534,2173,27,1,228.1,0.0
3535,2174,20,1,79.38,0.2
3536,2174,70,1,92.51,0.1
3537,2174,41,1,409.66,0.1
3538,2175,62,1,80.44,0.05
3539,2175,19,1,412.27,0.05
3540,2176,19,1,412.27,0.0
3541,2176,6,1,416.95,0.0
3542,2176,4,1,188.28,0.2
3543,2177,17,1,396.49,0.1
3544,2177,13,2,288.11,0.0
3545,2178,6,1,416.95,0.1
3546,2178,22,1,410.91,0.2
3547,2179,45,1,70.43,0.0
3548,2180,3,3,156.81,0.0
3549,2181,26,2,326.44,0.0
3550,2181,2,1,225.21,0.15
3551,2181,49,1,399.06,0.0
3552,2182,7,1,290.09,0.0
3553,2182,44,1,270.79,0.0
3554,2183,1,1,374.81,0.0
3555,2184,35,1,62.83,0.0
3556,2185,27,1,228.1,0.05
3557,2186,63,2,394.04,0.05
3558,2187,71,1,438.52,0.05
3559,2187,50,1,432.01,0.0
3560,2188,11,1,71.32,0.1
3561,2188,34,1,327.63,0.0
3562,2188,12,1,206.84,0.0
3563,2189,2,1,225.21,0.1
3564,2190,40,1,85.38,0.0
3565,2191,52,1,372.88,0.0
3566,2191,13,2,288.11,0.05
3567,2192,62,1,80.44,0.05
3568,2193,1,1,374.81,0.0
3569,2194,12,1,206.84,0.15
3570,2195,28,2,324.88,0.0
3571,2195,15,1,159.55,0.0
3572,2196,71,1,438.52,0.0
3573,2196,49,1,399.06,0.1
3574,2197,68,1,238.62,0.05
3575,2197,36,1,95.73,0.0
3576,2198,15,1,159.55,0.05
3577,2199,52,2,372.88,0.15
3578,2199,71,1,438.52,0.0
3579,2200,10,1,418.35,0.0
3580,2201,51,2,25.91,0.2
3581,2202,13,1,288.11,0.0
3582,2202,2,1,225.21,0.0
3583,2202,52,1,372.88,0.0
3584,2203,34,2,327.63,0.2
3585,2204,58,3,370.96,0.0
3586,2205,50,2,432.01,0.0
3587,2206,16,3,230.72,0.15
3588,2206,25,1,430.21,0.15
3589,2207,54,1,180.14,0.0
3590,2208,62,1,80.44,0.15
3591,2209,27,1,228.1,0.15
3592,2209,37,3,131.27,0.0
3593,2209,20,1,79.38,0.0
3594,2209,55,1,238.87,0.05
3595,2210,39,1,78.78,0.15
3596,2210,31,1,109.88,0.15
3597,2210,11,1,71.32,0.0
3598,2211,61,1,404.71,0.0
3599,2212,70,1,92.51,0.05
3600,2212,28,1,324.88,0.2
3601,2213,12,1,206.84,0.0
3602,2213,6,1,416.95,0.05
3603,2214,18,2,44.33,0.0
3604,2214,33,2,233.82,0.0
3605,2214,34,1,327.63,0.0
3606,2214,31,1,109.88,0.15
3607,2215,67,1,239.77,0.0
3608,2215,26,1,326.44,0.0
3609,2215,32,1,200.98,0.1
3610,2215,57,2,100.82,0.0
3611,2216,6,1,416.95,0.15
3612,2216,11,2,71.32,0.0
3613,2217,38,1,173.95,0.0
3614,2217,27,1,228.1,0.0
3615,2218,56,1,448.94,0.0
3616,2219,25,1,430.21,0.1
3617,2220,43,2,246.42,0.0
3618,2221,17,1,396.49,0.0
3619,2222,36,2,95.73,0.0
3620,2222,64,1,401.71,0.05
3621,2223,57,2,100.82,0.0
3622,2224,7,1,290.09,0.0
3623,2224,40,1,85.38,0.15
3624,2225,38,2,173.95,0.05
3625,2226,24,2,439.98,0.05
3626,2227,48,1,67.66,0.0
3627,2228,10,1,418.35,0.0
3628,2228,49,1,399.06,0.0
3629,2229,25,1,430.21,0.1
3630,2229,29,1,259.96,0.0
3631,2229,36,1,95.73,0.0
3632,2230,68,1,238.62,0.05
3633,2230,30,1,431.14,0.0
3634,2230,35,2,62.83,0.1
3635,2231,35,2,62.83,0.0
3636,2231,41,1,409.66,0.2
3637,2231,36,1,95.73,0.1
3638,2232,41,2,409.66,0.0
3639,2233,38,1,173.95,0.05
3640,2234,31,1,109.88,0.05
3641,2234,17,1,396.49,0.15
3642,2235,65,1,299.72,0.2
3643,2235,70,1,92.51,0.0
3644,2235,41,1,409.66,0.0
3645,2235,15,1,159.55,0.2
3646,2236,32,1,200.98,0.0
3647,2237,64,1,401.71,0.0
3648,2237,14,1,247.01,0.0
3649,2238,53,1,280.66,0.15
3650,2238,59,1,360.15,0.05
3651,2238,21,1,134.9,0.0
3652,2238,44,2,270.79,0.0
3653,2239,35,2,62.83,0.0
3654,2240,22,1,410.91,0.0
3655,2240,50,1,432.01,0.05
3656,2241,62,1,80.44,0.15
3657,2242,44,1,270.79,0.0
3658,2242,50,1,432.01,0.0
3659,2243,18,1,44.33,0.0
3660,2244,56,2,448.94,0.0
3661,2244,34,1,327.63,0.0
3662,2245,34,1,327.63,0.0
3663,2245,28,1,324.88,0.05
3664,2246,53,1,280.66,0.0
3665,2246,33,1,233.82,0.05
3666,2246,38,1,173.95,0.0
3667,2247,62,1,80.44,0.05
3668,2248,16,3,230.72,0.1
3669,2249,35,1,62.83,0.05
3670,2249,49,1,399.06,0.0
3671,2250,70,1,92.51,0.15
3672,2251,54,1,180.14,0.0
3673,2252,35,1,62.83,0.0
3674,2253,21,1,134.9,0.0
3675,2254,14,1,247.01,0.0
3676,2254,8,1,178.2,0.0
3677,2254,20,3,79.38,0.2
3678,2255,14,2,247.01,0.0
3679,2255,25,1,430.21,0.0
3680,2255,16,1,230.72,0.0
3681,2256,28,3,324.88,0.15
3682,2257,54,1,180.14,0.0
3683,2257,36,1,95.73,0.2
3684,2258,38,1,173.95,0.0
3685,2259,23,1,411.01,0.0
3686,2260,63,1,394.04,0.0
3687,2260,39,1,78.78,0.1
3688,2260,57,1,100.82,0.0
3689,2260,9,1,199.05,0.05
3690,2261,2,1,225.21,0.0
3691,2261,10,1,418.35,0.0
3692,2262,17,1,396.49,0.0
3693,2262,38,1,173.95,0.0
3694,2263,68,1,238.62,0.0
3695,2264,17,2,396.49,0.1
3696,2264,38,1,173.95,0.2
3697,2265,35,1,62.83,0.0
3698,2266,36,1,95.73,0.0
3699,2267,66,2,46.76,0.05
3700,2268,31,1,109.88,0.05
3701,2268,28,1,324.88,0.1
3702,2269,57,2,100.82,0.1
3703,2270,25,1,430.21,0.0
3704,2270,34,1,327.63,0.0
3705,2271,40,1,85.38,0.0
3706,2271,4,1,188.28,0.15
3707,2271,15,1,159.55,0.05
3708,2272,63,2,394.04,0.0
3709,2273,47,1,359.13,0.0
3710,2274,66,1,46.76,0.15
3711,2275,70,1,92.51,0.0
3712,2275,23,1,411.01,0.0
3713,2276,54,1,180.14,0.2
3714,2276,33,1,233.82,0.05
3715,2276,71,1,438.52,0.05
3716,2277,58,1,370.96,0.0
3717,2278,11,1,71.32,0.0
3718,2278,4,2,188.28,0.0
3719,2279,18,1,44.33,0.0
3720,2279,61,1,404.71,0.05
3721,2280,20,1,79.38,0.1
3722,2280,13,1,288.11,0.2
3723,2280,3,1,156.81,0.05
3724,2281,67,3,239.77,0.0
3725,2282,57,1,100.82,0.0
3726,2283,2,1,225.21,0.15
3727,2284,56,2,448.94,0.1
3728,2284,36,2,95.73,0.2
3729,2284,60,1,133.04,0.0
3730,2284,14,1,247.01,0.1
3731,2285,13,1,288.11,0.15
3732,2285,70,1,92.51,0.0
3733,2286,52,2,372.88,0.0
3734,2287,68,1,238.62,0.1
3735,2288,19,1,412.27,0.0
3736,2289,22,1,410.91,0.0
3737,2290,63,1,394.04,0.0
3738,2290,45,1,70.43,0.0
3739,2290,34,1,327.63,0.0
3740,2290,65,1,299.72,0.2
3741,2291,34,1,327.63,0.1
3742,2291,50,1,432.01,0.0
3743,2291,67,1,239.77,0.0
3744,2292,61,1,404.71,0.0
3745,2292,41,1,409.66,0.0
3746,2293,69,1,98.01,0.05
3747,2293,40,1,85.38,0.05
3748,2294,68,1,238.62,0.0
3749,2295,52,1,372.88,0.15
3750,2295,9,1,199.05,0.0
3751,2296,47,1,359.13,0.0
3752,2296,70,1,92.51,0.1
3753,2297,21,1,134.9,0.0
3754,2297,39,1,78.78,0.0
3755,2298,68,1,238.62,0.0
3756,2298,13,1,288.11,0.1
3757,2299,6,1,416.95,0.0
3758,2300,1,1,374.81,0.15
3759,2300,39,2,78.78,0.15
3760,2300,43,1,246.42,0.0
3761,2301,48,1,67.66,0.05
3762,2301,59,1,360.15,0.15
3763,2302,50,1,432.01,0.0
3764,2302,72,1,139.44,0.2
3765,2303,31,1,109.88,0.0
3766,2304,69,1,98.01,0.0
3767,2305,54,1,180.14,0.05
3768,2305,46,1,210.09,0.05
3769,2305,47,1,359.13,0.05
3770,2306,65,1,299.72,0.0
3771,2307,29,1,259.96,0.15
3772,2308,54,1,180.14,0.0
3773,2309,26,1,326.44,0.15
3774,2309,65,1,299.72,0.05
3775,2310,2,2,225.21,0.0
3776,2310,63,1,394.04,0.0
3777,2311,32,1,200.98,0.0
3778,2312,51,3,25.91,0.0
3779,2312,8,2,178.2,0.05
3780,2313,25,2,430.21,0.0
3781,2314,63,1,394.04,0.0
3782,2315,71,3,438.52,0.0
3783,2316,15,1,159.55,0.1
3784,2317,22,1,410.91,0.0
3785,2318,59,1,360.15,0.0
3786,2319,24,1,439.98,0.15
3787,2320,51,1,25.91,0.2
3788,2320,25,1,430.21,0.15
3789,2321,26,1,326.44,0.05
3790,2321,52,1,372.88,0.0
3791,2321,46,1,210.09,0.0
3792,2321,40,1,85.38,0.0
3793,2322,5,1,441.19,0.0
3794,2323,71,1,438.52,0.0
3795,2323,20,2,79.38,0.0
3796,2324,21,1,134.9,0.05
3797,2324,60,2,133.04,0.0
3798,2325,60,1,133.04,0.0
3799,2325,14,1,247.01,0.0
3800,2325,9,1,199.05,0.0
3801,2326,39,1,78.78,0.0
3802,2326,2,1,225.21,0.0
3803,2326,43,1,246.42,0.0
3804,2327,52,1,372.88,0.0
3805,2328,4,2,188.28,0.0
3806,2329,49,1,399.06,0.15
3807,2330,58,1,370.96,0.0
3808,2331,27,1,228.1,0.15
3809,2331,60,3,133.04,0.0
3810,2331,21,1,134.9,0.05
3811,2331,34,2,327.63,0.0
3812,2332,61,2,404.71,0.0
3813,2332,8,2,178.2,0.15
3814,2333,64,1,401.71,0.05
3815,2333,22,1,410.91,0.05
3816,2333,58,1,370.96,0.0
3817,2334,36,1,95.73,0.0
3818,2335,1,1,374.81,0.0
3819,2336,50,1,432.01,0.2
3820,2336,14,1,247.01,0.0
3821,2337,41,1,409.66,0.0
3822,2338,18,1,44.33,0.0
3823,2338,52,1,372.88,0.15
3824,2338,51,3,25.91,0.0
3825,2338,66,2,46.76,0.1
3826,2339,34,1,327.63,0.05
3827,2339,48,1,67.66,0.0
3828,2339,72,1,139.44,0.05
3829,2340,33,2,233.82,0.1
3830,2340,22,1,410.91,0.0
3831,2340,46,1,210.09,0.15
3832,2340,23,1,411.01,0.0
3833,2341,71,1,438.52,0.0
3834,2342,4,1,188.28,0.0
3835,2342,59,1,360.15,0.0
3836,2343,70,1,92.51,0.05
3837,2343,27,1,228.1,0.0
3838,2344,58,2,370.96,0.0
3839,2345,47,1,359.13,0.0
3840,2346,68,1,238.62,0.1
3841,2347,64,1,401.71,0.0
3842,2347,20,1,79.38,0.0
3843,2347,54,2,180.14,0.05
3844,2348,58,1,370.96,0.1
3845,2349,6,1,416.95,0.2
3846,2350,18,1,44.33,0.1
3847,2350,68,1,238.62,0.05
3848,2351,14,1,247.01,0.0
3849,2352,69,1,98.01,0.0
3850,2353,61,1,404.71,0.2
3851,2354,2,1,225.21,0.05
3852,2354,53,1,280.66,0.0
3853,2354,7,1,290.09,0.0
3854,2355,31,1,109.88,0.0
3855,2355,8,1,178.2,0.05
3856,2356,54,1,180.14,0.0
3857,2357,8,1,178.2,0.0
3858,2358,49,1,399.06,0.0
3859,2359,46,1,210.09,0.0
3860,2359,31,2,109.88,0.0
3861,2360,68,3,238.62,0.0
3862,2360,20,2,79.38,0.0
3863,2360,69,2,98.01,0.15
3864,2360,57,1,100.82,0.1
3865,2361,55,1,238.87,0.1
3866,2362,35,2,62.83,0.05
3867,2363,24,1,439.98,0.0
3868,2363,40,1,85.38,0.0
3869,2364,14,1,247.01,0.1
3870,2365,14,1,247.01,0.2
3871,2365,17,1,396.49,0.0
3872,2366,53,1,280.66,0.0
3873,2366,19,2,412.27,0.0
3874,2366,36,1,95.73,0.15
3875,2366,25,1,430.21,0.2
3876,2367,59,1,360.15,0.0
3877,2367,69,1,98.01,0.2
3878,2367,70,1,92.51,0.2
3879,2368,46,3,210.09,0.1
3880,2369,66,1,46.76,0.0
3881,2370,49,1,399.06,0.15
3882,2371,24,1,439.98,0.0
3883,2372,62,1,80.44,0.05
3884,2373,47,1,359.13,0.05
3885,2374,18,1,44.33,0.0
3886,2375,20,1,79.38,0.0
3887,2376,68,1,238.62,0.05
3888,2377,14,2,247.01,0.05
3889,2377,17,3,396.49,0.15
3890,2378,45,1,70.43,0.1
3891,2379,7,1,290.09,0.0
3892,2380,42,1,232.44,0.0
3893,2381,71,2,438.52,0.0
3894,2382,9,1,199.05,0.0
3895,2383,27,1,228.1,0.0
3896,2384,64,1,401.71,0.1
3897,2385,42,1,232.44,0.15
3898,2386,42,1,232.44,0.05
3899,2387,42,2,232.44,0.0
3900,2388,38,1,173.95,0.0
3901,2388,66,1,46.76,0.0
3902,2389,19,1,412.27,0.0
3903,2389,70,1,92.51,0.0
3904,2390,54,2,180.14,0.1
3905,2391,63,1,394.04,0.05
3906,2391,64,1,401.71,0.0
3907,2392,51,1,25.91,0.0
3908,2392,60,1,133.04,0.0
3909,2393,48,1,67.66,0.1
3910,2393,37,1,131.27,0.05
3911,2394,61,1,404.71,0.2
3912,2394,37,1,131.27,0.2
3913,2395,65,1,299.72,0.05
3914,2396,53,1,280.66,0.0
3915,2396,34,2,327.63,0.0
3916,2397,11,1,71.32,0.0
3917,2397,15,1,159.55,0.05
3918,2397,6,1,416.95,0.05
3919,2398,30,1,431.14,0.0
3920,2399,20,1,79.38,0.0
3921,2400,66,1,46.76,0.05
3922,2401,63,1,394.04,0.2
3923,2401,50,1,432.01,0.05
3924,2402,63,2,394.04,0.0
3925,2402,17,2,396.49,0.0
3926,2403,42,2,232.44,0.1
3927,2404,42,1,232.44,0.15
3928,2404,19,1,412.27,0.0
3929,2404,68,2,238.62,0.0
3930,2405,64,1,401.71,0.0
3931,2406,10,1,418.35,0.0
3932,2407,7,1,290.09,0.05
3933,2408,41,1,409.66,0.05
3934,2408,59,1,360.15,0.0
3935,2408,29,1,259.96,0.05
3936,2409,71,1,438.52,0.1
3937,2409,10,1,418.35,0.0
3938,2410,72,1,139.44,0.0
3939,2410,47,1,359.13,0.05
3940,2411,11,2,71.32,0.0
3941,2411,68,1,238.62,0.05
3942,2412,62,1,80.44,0.15
3943,2413,23,1,411.01,0.0
3944,2414,70,1,92.51,0.0
3945,2415,42,1,232.44,0.0
3946,2416,40,1,85.38,0.2
3947,2416,17,1,396.49,0.05
3948,2417,39,1,78.78,0.0
3949,2418,49,1,399.06,0.0
3950,2418,36,2,95.73,0.0
3951,2418,24,1,439.98,0.0
3952,2418,3,1,156.81,0.05
3953,2419,58,1,370.96,0.0
3954,2420,7,1,290.09,0.0
3955,2421,47,1,359.13,0.1
3956,2422,7,1,290.09,0.0
3957,2422,10,2,418.35,0.0
3958,2422,65,1,299.72,0.0
3959,2423,56,2,448.94,0.15
3960,2423,26,1,326.44,0.0
3961,2423,6,1,416.95,0.0
3962,2423,27,1,228.1,0.0
3963,2424,10,1,418.35,0.0
3964,2425,32,1,200.98,0.0
3965,2425,7,1,290.09,0.0
3966,2425,61,1,404.71,0.0
3967,2426,71,1,438.52,0.2
3968,2426,56,1,448.94,0.2
3969,2426,11,1,71.32,0.05
3970,2427,38,1,173.95,0.0
3971,2428,49,1,399.06,0.0
3972,2429,12,2,206.84,0.15
3973,2430,53,1,280.66,0.0
3974,2430,63,1,394.04,0.0
3975,2431,47,1,359.13,0.0
3976,2432,24,1,439.98,0.1
3977,2432,13,2,288.11,0.0
3978,2432,36,3,95.73,0.05
3979,2432,63,1,394.04,0.1
3980,2433,18,3,44.33,0.0
3981,2433,65,1,299.72,0.0
3982,2434,42,3,232.44,0.0
3983,2435,55,1,238.87,0.0
3984,2436,62,2,80.44,0.0
3985,2436,27,1,228.1,0.0
3986,2437,68,1,238.62,0.0
3987,2437,50,3,432.01,0.1
3988,2438,2,1,225.21,0.05
3989,2438,36,1,95.73,0.15
3990,2439,50,1,432.01,0.0
3991,2440,15,1,159.55,0.1
3992,2441,57,1,100.82,0.0
3993,2442,9,1,199.05,0.0
3994,2443,36,1,95.73,0.0
3995,2444,25,2,430.21,0.0
3996,2445,4,1,188.28,0.1
3997,2446,60,1,133.04,0.0
3998,2446,64,1,401.71,0.05
3999,2447,45,1,70.43,0.1
4000,2448,38,2,173.95,0.0
4001,2449,10,1,418.35,0.0
4002,2450,47,1,359.13,0.15
4003,2451,1,1,374.81,0.0
4004,2451,4,2,188.28,0.0
4005,2452,43,1,246.42,0.15
4006,2452,17,1,396.49,0.05
4007,2453,65,2,299.72,0.0
4008,2453,50,1,432.01,0.0
4009,2454,70,1,92.51,0.0
4010,2455,49,1,399.06,0.0
4011,2455,59,1,360.15,0.0
4012,2456,4,1,188.28,0.0
4013,2457,59,1,360.15,0.0
4014,2457,62,1,80.44,0.0
4015,2458,28,1,324.88,0.05
4016,2459,26,1,326.44,0.0
4017,2459,10,1,418.35,0.15
4018,2460,7,1,290.09,0.05
4019,2460,53,1,280.66,0.15
4020,2461,33,1,233.82,0.15
4021,2461,2,3,225.21,0.0
4022,2462,59,1,360.15,0.0
4023,2462,51,1,25.91,0.1
4024,2463,55,1,238.87,0.15
4025,2464,60,1,133.04,0.0
4026,2464,47,2,359.13,0.05
4027,2464,30,1,431.14,0.0
4028,2465,23,1,411.01,0.15
4029,2466,54,1,180.14,0.15
4030,2466,46,1,210.09,0.0
4031,2467,70,1,92.51,0.0
4032,2467,34,1,327.63,0.0
4033,2467,38,1,173.95,0.0
4034,2468,43,1,246.42,0.0
4035,2469,34,1,327.63,0.15
4036,2469,57,1,100.82,0.1
4037,2469,67,2,239.77,0.0
4038,2470,58,1,370.96,0.0
4039,2470,9,1,199.05,0.0
4040,2470,71,1,438.52,0.1
4041,2470,57,1,100.82,0.0
4042,2471,57,1,100.82,0.1
4043,2472,59,2,360.15,0.0
4044,2472,37,1,131.27,0.1
4045,2472,33,1,233.82,0.0
4046,2473,8,1,178.2,0.0
4047,2474,70,1,92.51,0.15
4048,2474,54,1,180.14,0.05
4049,2475,13,1,288.11,0.2
4050,2476,33,1,233.82,0.0
4051,2476,26,1,326.44,0.0
4052,2477,28,3,324.88,0.05
4053,2477,69,1,98.01,0.1
4054,2477,62,1,80.44,0.05
4055,2478,18,1,44.33,0.0
4056,2478,42,1,232.44,0.0
4057,2478,66,1,46.76,0.0
4058,2478,41,2,409.66,0.2
4059,2479,51,1,25.91,0.05
4060,2480,68,1,238.62,0.0
4061,2481,5,1,441.19,0.0
4062,2482,7,1,290.09,0.05
4063,2483,34,2,327.63,0.05
4064,2483,8,1,178.2,0.0
4065,2483,45,1,70.43,0.0
4066,2484,38,1,173.95,0.0
4067,2485,61,1,404.71,0.0
4068,2486,62,1,80.44,0.0
4069,2487,18,1,44.33,0.0
4070,2487,10,1,418.35,0.0
4071,2487,3,1,156.81,0.15
4072,2488,26,1,326.44,0.15
4073,2488,46,1,210.09,0.15
4074,2488,8,1,178.2,0.0
4075,2489,33,1,233.82,0.15
4076,2489,26,1,326.44,0.0
4077,2490,42,1,232.44,0.15
4078,2490,1,1,374.81,0.05
4079,2491,61,1,404.71,0.05
4080,2492,49,2,399.06,0.0
4081,2492,65,1,299.72,0.0
4082,2492,34,1,327.63,0.1
4083,2493,70,1,92.51,0.0
4084,2494,35,1,62.83,0.1
4085,2494,23,2,411.01,0.05
4086,2494,13,1,288.11,0.1
4087,2494,45,1,70.43,0.05
4088,2495,58,2,370.96,0.05
4089,2495,29,1,259.96,0.0
4090,2495,46,1,210.09,0.0
4091,2496,67,1,239.77,0.0
4092,2496,6,1,416.95,0.05
4093,2497,24,1,439.98,0.1
4094,2498,67,1,239.77,0.15
4095,2498,19,1,412.27,0.1
4096,2499,52,1,372.88,0.0
4097,2499,56,1,448.94,0.0
4098,2500,16,1,230.72,0.0
4099,2500,42,1,232.44,0.1
4100,2501,69,1,98.01,0.0
4101,2502,4,1,188.28,0.0
4102,2503,48,1,67.66,0.0
4103,2504,27,1,228.1,0.0
4104,2505,33,1,233.82,0.0
4105,2506,1,1,374.81,0.0
4106,2506,35,1,62.83,0.15
4107,2506,51,1,25.91,0.05
4108,2507,66,1,46.76,0.15
4109,2507,45,1,70.43,0.15
4110,2508,50,1,432.01,0.0
4111,2509,67,2,239.77,0.0
4112,2510,65,1,299.72,0.0
4113,2510,19,1,412.27,0.0
4114,2510,9,1,199.05,0.0
4115,2511,3,1,156.81,0.15
4116,2512,45,1,70.43,0.0
4117,2512,41,3,409.66,0.0
4118,2512,46,1,210.09,0.0
4119,2513,54,1,180.14,0.0
4120,2514,1,1,374.81,0.15
4121,2515,17,1,396.49,0.0
4122,2516,32,1,200.98,0.0
4123,2516,21,1,134.9,0.0
4124,2517,46,1,210.09,0.0
4125,2518,65,1,299.72,0.0
4126,2519,70,1,92.51,0.0
4127,2519,27,1,228.1,0.0
4128,2520,48,1,67.66,0.2
4129,2520,4,1,188.28,0.0
4130,2521,1,3,374.81,0.1
4131,2521,5,1,441.19,0.0
4132,2522,72,1,139.44,0.0
4133,2523,42,1,232.44,0.0
4134,2523,23,1,411.01,0.0
4135,2524,8,1,178.2,0.05
4136,2525,6,1,416.95,0.0
4137,2526,31,1,109.88,0.0
4138,2526,43,1,246.42,0.0
4139,2526,30,1,431.14,0.0
4140,2527,13,2,288.11,0.15
4141,2527,36,2,95.73,0.15
4142,2528,5,2,441.19,0.05
4143,2528,25,2,430.21,0.0
4144,2529,34,1,327.63,0.05
4145,2529,24,2,439.98,0.0
4146,2530,1,2,374.81,0.1
4147,2531,41,2,409.66,0.0
4148,2532,57,1,100.82,0.2
4149,2533,16,2,230.72,0.0
4150,2534,1,1,374.81,0.15
4151,2534,13,1,288.11,0.1
4152,2535,5,1,441.19,0.0
4153,2535,46,1,210.09,0.1
4154,2536,17,1,396.49,0.0
4155,2536,32,1,200.98,0.0
4156,2536,30,2,431.14,0.0
4157,2536,8,1,178.2,0.0
4158,2537,49,2,399.06,0.0
4159,2538,16,1,230.72,0.0
4160,2538,42,1,232.44,0.0
4161,2538,31,2,109.88,0.15
4162,2538,6,2,416.95,0.0
4163,2539,14,2,247.01,0.0
4164,2540,47,1,359.13,0.1
4165,2541,56,1,448.94,0.2
4166,2542,42,1,232.44,0.05
4167,2543,64,1,401.71,0.0
4168,2544,38,1,173.95,0.05
4169,2545,2,1,225.21,0.1
4170,2545,59,1,360.15,0.0
4171,2545,31,2,109.88,0.1
4172,2546,60,1,133.04,0.1
4173,2547,6,1,416.95,0.0
4174,2548,10,1,418.35,0.0
4175,2548,13,1,288.11,0.0
4176,2549,19,1,412.27,0.0
4177,2549,55,1,238.87,0.0
4178,2549,53,1,280.66,0.0
4179,2550,29,1,259.96,0.0
4180,2550,66,1,46.76,0.0
4181,2551,38,1,173.95,0.1
4182,2552,8,1,178.2,0.05
4183,2552,6,1,416.95,0.1
4184,2553,62,1,80.44,0.0
4185,2554,58,2,370.96,0.05
4186,2555,52,1,372.88,0.0
4187,2556,34,1,327.63,0.15
4188,2557,45,1,70.43,0.0
4189,2557,12,1,206.84,0.0
4190,2558,65,1,299.72,0.0
4191,2559,28,1,324.88,0.0
4192,2560,23,2,411.01,0.0
4193,2561,38,1,173.95,0.0
4194,2561,53,1,280.66,0.0
4195,2562,14,1,247.01,0.0
4196,2562,17,1,396.49,0.2
4197,2562,43,1,246.42,0.1
4198,2563,67,3,239.77,0.1
4199,2563,53,3,280.66,0.0
4200,2564,65,1,299.72,0.0
4201,2565,42,1,232.44,0.1
4202,2565,50,1,432.01,0.0
4203,2565,54,1,180.14,0.1
4204,2566,13,1,288.11,0.0
4205,2566,54,1,180.14,0.0
4206,2566,17,1,396.49,0.0
4207,2567,27,1,228.1,0.0
4208,2567,6,1,416.95,0.1
4209,2568,10,1,418.35,0.05
4210,2569,29,1,259.96,0.0
4211,2570,2,1,225.21,0.0
4212,2571,34,1,327.63,0.05
4213,2572,44,1,270.79,0.15
4214,2572,18,1,44.33,0.0
4215,2572,47,1,359.13,0.1
4216,2572,5,1,441.19,0.0
4217,2573,70,1,92.51,0.0
4218,2574,34,1,327.63,0.0
4219,2574,37,1,131.27,0.0
4220,2575,58,1,370.96,0.0
4221,2575,14,1,247.01,0.0
4222,2576,57,1,100.82,0.0
4223,2577,16,2,230.72,0.1
4224,2577,67,1,239.77,0.0
4225,2577,39,1,78.78,0.15
4226,2578,32,1,200.98,0.0
4227,2579,35,1,62.83,0.0
4228,2580,21,1,134.9,0.0
4229,2581,68,1,238.62,0.0
4230,2582,58,1,370.96,0.0
4231,2583,19,1,412.27,0.0
4232,2584,2,1,225.21,0.0
4233,2584,63,1,394.04,0.0
4234,2585,54,1,180.14,0.0
4235,2585,47,2,359.13,0.1
4236,2586,66,1,46.76,0.15
4237,2587,44,2,270.79,0.1
4238,2588,58,1,370.96,0.0
4239,2589,52,3,372.88,0.0
4240,2590,35,1,62.83,0.05
4241,2590,11,1,71.32,0.0
4242,2590,68,1,238.62,0.15
4243,2591,36,3,95.73,0.05
4244,2592,29,2,259.96,0.1
4245,2592,8,1,178.2,0.15
4246,2593,5,3,441.19,0.0
4247,2594,39,1,78.78,0.1
4248,2594,50,2,432.01,0.0
4249,2595,72,1,139.44,0.0
4250,2596,57,1,100.82,0.0
4251,2596,46,1,210.09,0.1
4252,2597,3,1,156.81,0.0
4253,2598,66,1,46.76,0.0
4254,2598,32,1,200.98,0.15
4255,2599,14,1,247.01,0.0
4256,2599,58,1,370.96,0.2
4257,2600,24,1,439.98,0.0
4258,2601,12,1,206.84,0.1
4259,2601,41,1,409.66,0.1
4260,2601,48,1,67.66,0.0
4261,2602,3,1,156.81,0.0
4262,2602,14,1,247.01,0.0
4263,2603,57,3,100.82,0.05
4264,2604,70,1,92.51,0.0
4265,2605,49,1,399.06,0.0
4266,2606,50,1,432.01,0.15
4267,2607,3,1,156.81,0.15
4268,2607,34,1,327.63,0.0
4269,2608,58,1,370.96,0.05
4270,2609,40,1,85.38,0.1
4271,2610,7,2,290.09,0.05
4272,2610,3,1,156.81,0.0
4273,2610,17,1,396.49,0.15
4274,2611,31,1,109.88,0.0
4275,2611,45,2,70.43,0.0
4276,2611,24,1,439.98,0.0
4277,2612,33,1,233.82,0.05
4278,2612,55,1,238.87,0.05
4279,2612,45,1,70.43,0.0
4280,2613,52,1,372.88,0.1
4281,2614,35,1,62.83,0.15
4282,2614,36,2,95.73,0.05
4283,2615,37,2,131.27,0.05
4284,2615,59,1,360.15,0.05
4285,2615,42,2,232.44,0.0
4286,2615,6,1,416.95,0.2
4287,2616,40,1,85.38,0.0
4288,2617,26,2,326.44,0.05
4289,2618,49,1,399.06,0.2
4290,2618,6,1,416.95,0.2
4291,2619,39,3,78.78,0.0
4292,2620,61,1,404.71,0.0
4293,2620,65,1,299.72,0.1
4294,2620,4,1,188.28,0.0
4295,2621,28,2,324.88,0.05
4296,2622,71,1,438.52,0.0
4297,2623,16,1,230.72,0.0
4298,2624,53,1,280.66,0.15
4299,2625,28,1,324.88,0.0
4300,2626,26,1,326.44,0.2
4301,2626,5,1,441.19,0.05
4302,2626,30,1,431.14,0.0
4303,2627,29,1,259.96,0.0
4304,2627,52,2,372.88,0.0
4305,2628,28,1,324.88,0.1
4306,2628,67,1,239.77,0.0
4307,2628,21,1,134.9,0.15
4308,2628,4,1,188.28,0.0
4309,2629,45,1,70.43,0.0
4310,2630,22,1,410.91,0.0
4311,2631,13,1,288.11,0.0
4312,2632,44,1,270.79,0.0
4313,2632,12,1,206.84,0.0
4314,2633,29,1,259.96,0.2
4315,2633,48,2,67.66,0.0
4316,2634,61,1,404.71,0.05
4317,2634,44,1,270.79,0.0
4318,2635,58,1,370.96,0.0
4319,2635,7,2,290.09,0.15
4320,2636,53,1,280.66,0.0
4321,2637,35,1,62.83,0.05
4322,2638,8,1,178.2,0.15
4323,2639,41,1,409.66,0.0
4324,2639,31,2,109.88,0.05
4325,2640,41,1,409.66,0.05
4326,2641,62,1,80.44,0.15
4327,2641,27,1,228.1,0.0
4328,2641,17,1,396.49,0.15
4329,2642,40,1,85.38,0.1
4330,2642,58,1,370.96,0.15
4331,2643,47,1,359.13,0.0
4332,2643,51,1,25.91,0.05
4333,2644,22,1,410.91,0.15
4334,2645,56,1,448.94,0.0
4335,2645,27,1,228.1,0.05
4336,2646,4,3,188.28,0.1
4337,2647,10,3,418.35,0.0
4338,2648,11,1,71.32,0.0
4339,2648,24,1,439.98,0.0
4340,2649,38,1,173.95,0.15
4341,2649,36,1,95.73,0.15
4342,2650,14,1,247.01,0.0
4343,2651,49,1,399.06,0.1
4344,2651,43,2,246.42,0.05
4345,2651,3,1,156.81,0.1
4346,2652,19,1,412.27,0.0
4347,2653,55,1,238.87,0.0
4348,2653,34,1,327.63,0.0
4349,2653,3,1,156.81,0.1
4350,2654,30,2,431.14,0.0
4351,2654,17,1,396.49,0.0
4352,2655,58,1,370.96,0.2
4353,2655,57,2,100.82,0.0
4354,2655,42,1,232.44,0.05
4355,2656,51,2,25.91,0.05
4356,2657,11,3,71.32,0.0
4357,2657,7,1,290.09,0.15
4358,2657,30,1,431.14,0.1
4359,2658,64,2,401.71,0.0
4360,2659,66,1,46.76,0.15
4361,2659,67,1,239.77,0.0
4362,2659,65,1,299.72,0.1
4363,2660,30,1,431.14,0.1
4364,2661,40,1,85.38,0.05
4365,2662,68,1,238.62,0.15
4366,2662,51,3,25.91,0.0
4367,2663,67,1,239.77,0.0
4368,2663,28,1,324.88,0.0
4369,2664,62,2,80.44,0.15
4370,2665,35,1,62.83,0.1
4371,2665,67,1,239.77,0.0
4372,2666,10,1,418.35,0.05
4373,2667,70,1,92.51,0.0
4374,2668,36,1,95.73,0.0
4375,2668,68,1,238.62,0.15
4376,2669,57,1,100.82,0.0
4377,2670,45,1,70.43,0.0
4378,2671,37,2,131.27,0.2
4379,2671,29,3,259.96,0.1
4380,2672,9,1,199.05,0.0
4381,2672,41,2,409.66,0.0
4382,2673,50,1,432.01,0.0
4383,2673,10,1,418.35,0.0
4384,2674,4,1,188.28,0.15
4385,2675,10,1,418.35,0.1
4386,2676,13,1,288.11,0.05
4387,2677,28,1,324.88,0.0
4388,2678,32,2,200.98,0.0
4389,2679,23,1,411.01,0.0
4390,2679,68,1,238.62,0.0
4391,2680,39,1,78.78,0.0
4392,2681,14,1,247.01,0.0
4393,2682,59,1,360.15,0.0
4394,2683,60,2,133.04,0.0
4395,2683,44,1,270.79,0.05
4396,2684,27,1,228.1,0.0
4397,2685,57,1,100.82,0.0
4398,2686,39,1,78.78,0.0
4399,2687,39,1,78.78,0.0
4400,2687,49,1,399.06,0.0
4401,2688,14,1,247.01,0.05
4402,2689,47,1,359.13,0.15
4403,2689,39,1,78.78,0.0
4404,2690,38,1,173.95,0.0
4405,2690,26,1,326.44,0.1
4406,2691,40,2,85.38,0.05
4407,2691,20,1,79.38,0.0
4408,2692,8,1,178.2,0.0
4409,2693,17,1,396.49,0.0
4410,2693,1,2,374.81,0.2
4411,2694,49,1,399.06,0.15
4412,2694,7,1,290.09,0.0
4413,2694,33,2,233.82,0.0
4414,2694,28,1,324.88,0.15
4415,2695,12,1,206.84,0.0
4416,2696,52,1,372.88,0.2
4417,2696,50,2,432.01,0.2
4418,2697,15,1,159.55,0.15
4419,2698,48,1,67.66,0.0
4420,2699,23,1,411.01,0.0
4421,2700,8,1,178.2,0.1
4422,2700,24,1,439.98,0.0
4423,2701,37,1,131.27,0.0
4424,2701,62,1,80.44,0.0
4425,2701,48,2,67.66,0.0
4426,2701,6,1,416.95,0.1
4427,2702,4,1,188.28,0.0
4428,2703,37,1,131.27,0.0
4429,2704,1,1,374.81,0.05
4430,2705,36,1,95.73,0.0
4431,2706,26,1,326.44,0.0
4432,2707,63,1,394.04,0.05
4433,2707,65,1,299.72,0.0
4434,2708,9,1,199.05,0.0
4435,2709,35,2,62.83,0.05
4436,2710,35,1,62.83,0.0
4437,2710,3,1,156.81,0.05
4438,2711,48,2,67.66,0.0
4439,2711,26,1,326.44,0.0
4440,2712,52,1,372.88,0.0
4441,2712,5,1,441.19,0.0
4442,2713,71,1,438.52,0.0
4443,2714,54,1,180.14,0.05
4444,2715,15,2,159.55,0.0
4445,2716,12,1,206.84,0.0
4446,2717,59,1,360.15,0.0
4447,2717,33,1,233.82,0.1
4448,2718,58,1,370.96,0.0
4449,2719,17,1,396.49,0.0
4450,2719,56,1,448.94,0.0
4451,2720,41,1,409.66,0.0
4452,2721,52,1,372.88,0.0
4453,2721,20,1,79.38,0.15
4454,2722,28,1,324.88,0.0
4455,2723,25,1,430.21,0.1
4456,2724,25,1,430.21,0.05
4457,2724,36,1,95.73,0.15
4458,2724,72,1,139.44,0.05
4459,2725,4,1,188.28,0.2
4460,2725,15,1,159.55,0.05
4461,2726,19,1,412.27,0.0
4462,2726,41,1,409.66,0.1
4463,2727,30,1,431.14,0.05
4464,2727,39,1,78.78,0.05
4465,2727,50,3,432.01,0.1
4466,2728,46,1,210.09,0.0
4467,2728,26,2,326.44,0.0
4468,2729,33,2,233.82,0.2
4469,2730,50,1,432.01,0.2
4470,2731,11,1,71.32,0.0
4471,2732,47,1,359.13,0.0
4472,2732,56,2,448.94,0.0
4473,2733,41,1,409.66,0.1
4474,2733,15,1,159.55,0.1
4475,2734,59,2,360.15,0.0
4476,2734,39,1,78.78,0.0
4477,2734,64,2,401.71,0.0
4478,2735,41,1,409.66,0.0
4479,2735,54,1,180.14,0.0
4480,2736,45,2,70.43,0.0
4481,2736,50,1,432.01,0.0
4482,2737,9,1,199.05,0.0
4483,2737,33,3,233.82,0.0
4484,2738,46,2,210.09,0.1
4485,2738,56,1,448.94,0.0
4486,2739,45,2,70.43,0.0
4487,2740,64,3,401.71,0.0
4488,2740,41,1,409.66,0.2
4489,2740,9,3,199.05,0.0
4490,2741,43,1,246.42,0.0
4491,2741,69,1,98.01,0.0
4492,2742,61,3,404.71,0.0
4493,2743,70,1,92.51,0.2
4494,2744,58,1,370.96,0.0
4495,2745,59,1,360.15,0.2
4496,2746,1,1,374.81,0.0
4497,2746,25,1,430.21,0.1
4498,2747,2,2,225.21,0.0
4499,2747,66,2,46.76,0.15
4500,2748,38,1,173.95,0.0
4501,2749,40,2,85.38,0.15
4502,2749,69,1,98.01,0.0
4503,2749,43,1,246.42,0.0
4504,2749,21,1,134.9,0.0
4505,2750,37,1,131.27,0.0
4506,2751,60,2,133.04,0.05
4507,2751,64,1,401.71,0.0
4508,2751,1,1,374.81,0.0
4509,2752,66,1,46.76,0.05
4510,2753,9,1,199.05,0.0
4511,2754,52,3,372.88,0.0
4512,2754,64,2,401.71,0.0
4513,2754,20,1,79.38,0.0
4514,2755,45,1,70.43,0.0
4515,2755,32,1,200.98,0.0
4516,2756,22,1,410.91,0.05
4517,2757,69,1,98.01,0.2
4518,2758,42,1,232.44,0.05
4519,2758,38,1,173.95,0.0
4520,2758,65,1,299.72,0.0
4521,2759,70,1,92.51,0.0
4522,2759,69,2,98.01,0.0
4523,2760,6,1,416.95,0.05
4524,2760,10,1,418.35,0.0
4525,2761,61,3,404.71,0.0
4526,2761,35,1,62.83,0.15
4527,2762,26,1,326.44,0.1
4528,2763,11,1,71.32,0.0
4529,2764,10,1,418.35,0.0
4530,2764,65,1,299.72,0.1
4531,2765,1,2,374.81,0.0
4532,2766,9,1,199.05,0.05
4533,2766,53,1,280.66,0.15
4534,2767,35,1,62.83,0.0
4535,2768,70,3,92.51,0.05
4536,2769,32,2,200.98,0.0
4537,2769,12,1,206.84,0.0
4538,2770,33,1,233.82,0.0
4539,2771,2,1,225.21,0.0
4540,2771,45,1,70.43,0.0
4541,2772,66,1,46.76,0.0
4542,2773,37,2,131.27,0.05
4543,2773,65,1,299.72,0.0
4544,2773,18,1,44.33,0.15
4545,2774,11,2,71.32,0.0
4546,2775,29,2,259.96,0.1
4547,2776,30,1,431.14,0.0
4548,2777,40,1,85.38,0.15
4549,2778,47,2,359.13,0.0
4550,2778,10,2,418.35,0.0
4551,2779,34,1,327.63,0.0
4552,2779,53,1,280.66,0.0
4553,2779,67,1,239.77,0.0
4554,2779,62,1,80.44,0.0
4555,2780,41,1,409.66,0.0
4556,2781,36,1,95.73,0.0
4557,2782,53,1,280.66,0.05
4558,2783,67,2,239.77,0.0
4559,2783,1,1,374.81,0.0
4560,2784,8,1,178.2,0.1
4561,2784,67,2,239.77,0.0
4562,2784,59,1,360.15,0.0
4563,2784,63,1,394.04,0.2
4564,2785,5,1,441.19,0.0
4565,2785,52,1,372.88,0.2
4566,2785,61,1,404.71,0.0
4567,2785,49,1,399.06,0.0
4568,2786,22,3,410.91,0.0
4569,2787,48,3,67.66,0.0
4570,2788,46,1,210.09,0.0
4571,2788,59,1,360.15,0.05
4572,2789,30,1,431.14,0.2
4573,2790,27,1,228.1,0.1
4574,2791,41,1,409.66,0.0
4575,2792,48,1,67.66,0.0
4576,2793,65,3,299.72,0.0
4577,2793,15,1,159.55,0.0
4578,2794,16,1,230.72,0.1
4579,2794,21,2,134.9,0.0
4580,2794,61,1,404.71,0.0
4581,2795,69,1,98.01,0.2
4582,2796,12,1,206.84,0.0
4583,2797,56,2,448.94,0.0
4584,2797,53,3,280.66,0.0
4585,2798,27,1,228.1,0.05
4586,2799,50,1,432.01,0.0
4587,2800,17,2,396.49,0.15
4588,2801,60,1,133.04,0.0
4589,2801,11,1,71.32,0.1
4590,2802,66,1,46.76,0.0
4591,2803,62,1,80.44,0.05
4592,2803,24,1,439.98,0.15
4593,2803,25,1,430.21,0.15
4594,2804,3,1,156.81,0.0
4595,2804,13,1,288.11,0.0
4596,2805,38,1,173.95,0.0
4597,2806,4,1,188.28,0.05
4598,2807,66,2,46.76,0.1
4599,2808,40,1,85.38,0.0
4600,2809,18,1,44.33,0.0
4601,2810,38,1,173.95,0.0
4602,2811,42,1,232.44,0.1
4603,2812,1,1,374.81,0.0
4604,2813,61,2,404.71,0.1
4605,2813,56,3,448.94,0.0
4606,2813,10,2,418.35,0.05
4607,2813,62,2,80.44,0.0
4608,2814,27,2,228.1,0.1
4609,2814,66,1,46.76,0.0
4610,2814,17,1,396.49,0.05
4611,2815,22,1,410.91,0.0
4612,2815,24,1,439.98,0.2
4613,2815,39,1,78.78,0.05
4614,2816,26,1,326.44,0.0
4615,2816,57,2,100.82,0.0
4616,2817,16,3,230.72,0.1
4617,2817,24,1,439.98,0.0
4618,2817,34,1,327.63,0.05
4619,2817,11,1,71.32,0.15
4620,2818,23,1,411.01,0.0
4621,2819,2,1,225.21,0.0
4622,2819,69,1,98.01,0.0
4623,2820,66,1,46.76,0.05
4624,2820,51,1,25.91,0.0
4625,2821,4,1,188.28,0.05
4626,2822,36,1,95.73,0.05
4627,2823,51,1,25.91,0.1
4628,2823,48,1,67.66,0.05
4629,2824,2,1,225.21,0.1
4630,2824,24,1,439.98,0.0
4631,2825,56,1,448.94,0.0
4632,2826,6,1,416.95,0.0
4633,2827,48,1,67.66,0.05
4634,2828,4,3,188.28,0.05
4635,2828,17,1,396.49,0.0
4636,2828,47,1,359.13,0.1
4637,2829,63,1,394.04,0.0
4638,2829,72,1,139.44,0.05
4639,2830,40,1,85.38,0.0
4640,2830,3,1,156.81,0.05
4641,2831,13,1,288.11,0.05
4642,2831,21,1,134.9,0.0
4643,2832,9,1,199.05,0.0
4644,2832,38,1,173.95,0.15
4645,2832,25,1,430.21,0.05
4646,2832,24,1,439.98,0.0
4647,2833,64,1,401.71,0.05
4648,2834,10,2,418.35,0.05
4649,2835,46,2,210.09,0.05
4650,2836,49,1,399.06,0.0
4651,2836,51,1,25.91,0.0
4652,2837,50,1,432.01,0.05
4653,2838,1,1,374.81,0.15
4654,2838,56,1,448.94,0.15
4655,2839,12,1,206.84,0.0
4656,2840,30,2,431.14,0.0
4657,2840,67,1,239.77,0.15
4658,2840,34,2,327.63,0.2
4659,2841,47,1,359.13,0.0
4660,2842,61,2,404.71,0.0
4661,2843,46,1,210.09,0.05
4662,2844,17,1,396.49,0.0
4663,2845,18,1,44.33,0.0
4664,2846,10,2,418.35,0.0
4665,2847,42,1,232.44,0.1
4666,2848,49,1,399.06,0.0
4667,2849,49,1,399.06,0.0
4668,2849,28,1,324.88,0.0
4669,2850,24,2,439.98,0.05
4670,2851,10,2,418.35,0.0
4671,2852,35,1,62.83,0.0
4672,2852,39,1,78.78,0.1
4673,2852,15,1,159.55,0.0
4674,2853,26,1,326.44,0.2
4675,2854,37,1,131.27,0.0
4676,2854,68,1,238.62,0.0
4677,2855,53,1,280.66,0.0
4678,2856,12,1,206.84,0.15
4679,2856,62,1,80.44,0.0
4680,2857,26,1,326.44,0.0
4681,2857,37,1,131.27,0.1
4682,2858,36,1,95.73,0.0
4683,2859,20,1,79.38,0.0
4684,2859,38,1,173.95,0.0
4685,2860,42,1,232.44,0.0
4686,2861,68,1,238.62,0.0
4687,2862,4,2,188.28,0.0
4688,2862,32,1,200.98,0.0
4689,2863,60,1,133.04,0.0
4690,2863,58,1,370.96,0.0
4691,2863,4,1,188.28,0.0
4692,2863,50,1,432.01,0.15
4693,2864,62,3,80.44,0.0
4694,2865,25,1,430.21,0.0
4695,2865,63,1,394.04,0.0
4696,2865,30,1,431.14,0.15
4697,2866,59,1,360.15,0.1
4698,2867,72,1,139.44,0.0
4699,2868,41,1,409.66,0.15
4700,2868,36,1,95.73,0.0
4701,2869,23,1,411.01,0.0
4702,2869,70,1,92.51,0.0
4703,2869,64,1,401.71,0.05
4704,2870,41,1,409.66,0.05
4705,2870,43,3,246.42,0.2
4706,2871,34,1,327.63,0.0
4707,2872,8,1,178.2,0.0
4708,2872,68,1,238.62,0.05
4709,2872,70,2,92.51,0.1
4710,2872,34,1,327.63,0.1
4711,2873,5,1,441.19,0.05
4712,2874,42,1,232.44,0.0
4713,2874,8,1,178.2,0.0
4714,2875,48,2,67.66,0.0
4715,2876,56,2,448.94,0.2
4716,2877,11,3,71.32,0.15
4717,2878,40,1,85.38,0.0
4718,2879,35,1,62.83,0.05
4719,2880,70,2,92.51,0.0
4720,2881,12,1,206.84,0.0
4721,2881,63,1,394.04,0.0
4722,2882,64,1,401.71,0.05
4723,2882,59,2,360.15,0.0
4724,2883,40,2,85.38,0.0
4725,2883,16,1,230.72,0.15
4726,2884,58,1,370.96,0.0
4727,2884,37,1,131.27,0.05
4728,2884,65,1,299.72,0.0
4729,2885,56,1,448.94,0.0
4730,2886,52,1,372.88,0.05
4731,2886,12,1,206.84,0.15
4732,2886,5,1,441.19,0.2
4733,2887,8,1,178.2,0.0
4734,2888,33,1,233.82,0.0
4735,2889,2,1,225.21,0.0
4736,2890,28,1,324.88,0.0
4737,2891,10,1,418.35,0.0
4738,2891,12,1,206.84,0.1
4739,2892,61,2,404.71,0.0
4740,2892,13,1,288.11,0.0
4741,2892,38,2,173.95,0.0
4742,2892,53,1,280.66,0.15
4743,2893,6,1,416.95,0.15
4744,2893,57,1,100.82,0.0
4745,2893,40,1,85.38,0.0
4746,2893,10,2,418.35,0.0
4747,2894,2,1,225.21,0.0
4748,2894,60,1,133.04,0.2
4749,2895,9,2,199.05,0.0
4750,2896,62,1,80.44,0.05
4751,2897,54,1,180.14,0.0
4752,2898,29,1,259.96,0.1
4753,2898,10,1,418.35,0.0
4754,2899,37,1,131.27,0.0
4755,2900,33,1,233.82,0.0
4756,2900,29,1,259.96,0.2
4757,2900,70,2,92.51,0.15
4758,2901,41,1,409.66,0.15
4759,2902,66,2,46.76,0.0
4760,2903,71,1,438.52,0.05
4761,2904,9,1,199.05,0.0
4762,2904,37,2,131.27,0.05
4763,2905,32,1,200.98,0.0
4764,2906,2,1,225.21,0.05
4765,2906,47,1,359.13,0.1
4766,2907,39,3,78.78,0.1
4767,2907,2,1,225.21,0.0
4768,2907,38,3,173.95,0.1
4769,2908,52,1,372.88,0.0
4770,2909,22,1,410.91,0.0
4771,2910,16,1,230.72,0.0
4772,2910,21,1,134.9,0.0
4773,2911,37,1,131.27,0.0
4774,2912,27,1,228.1,0.05
4775,2913,64,1,401.71,0.05
4776,2914,65,1,299.72,0.0
4777,2914,24,1,439.98,0.0
4778,2914,18,2,44.33,0.0
4779,2915,19,3,412.27,0.0
4780,2915,29,1,259.96,0.0
4781,2915,30,2,431.14,0.0
4782,2916,55,1,238.87,0.2
4783,2917,49,1,399.06,0.0
4784,2917,33,1,233.82,0.0
4785,2918,21,2,134.9,0.0
4786,2919,51,1,25.91,0.05
4787,2919,23,1,411.01,0.0
4788,2919,14,1,247.01,0.05
4789,2920,40,2,85.38,0.0
4790,2921,58,1,370.96,0.0
4791,2921,68,1,238.62,0.2
4792,2921,50,3,432.01,0.0
4793,2922,12,1,206.84,0.05
4794,2922,48,1,67.66,0.05
4795,2922,32,1,200.98,0.05
4796,2922,4,1,188.28,0.0
4797,2923,59,1,360.15,0.0
4798,2924,61,1,404.71,0.05
4799,2924,38,1,173.95,0.0
4800,2924,5,1,441.19,0.0
4801,2924,19,1,412.27,0.1
4802,2925,13,1,288.11,0.1
4803,2925,70,1,92.51,0.05
4804,2926,16,1,230.72,0.0
4805,2927,27,1,228.1,0.0
4806,2927,20,1,79.38,0.0
4807,2928,2,2,225.21,0.1
4808,2928,18,1,44.33,0.05
4809,2929,57,1,100.82,0.05
4810,2929,13,1,288.11,0.0
4811,2930,7,1,290.09,0.0
4812,2930,12,1,206.84,0.0
4813,2931,26,1,326.44,0.0
4814,2931,47,1,359.13,0.0
4815,2931,42,1,232.44,0.0
4816,2932,69,1,98.01,0.0
4817,2933,6,1,416.95,0.0
4818,2934,61,1,404.71,0.15
4819,2934,47,1,359.13,0.0
4820,2935,6,1,416.95,0.0
4821,2935,26,1,326.44,0.05
4822,2936,66,2,46.76,0.0
4823,2937,15,1,159.55,0.0
4824,2937,49,1,399.06,0.0
4825,2938,48,2,67.66,0.0
4826,2939,26,1,326.44,0.0
4827,2940,67,1,239.77,0.0
4828,2940,36,2,95.73,0.05
4829,2941,23,1,411.01,0.1
4830,2942,68,1,238.62,0.0
4831,2942,20,1,79.38,0.15
4832,2942,35,1,62.83,0.0
4833,2943,46,1,210.09,0.05
4834,2944,53,1,280.66,0.0
4835,2944,63,1,394.04,0.0
4836,2945,10,1,418.35,0.0
4837,2946,65,1,299.72,0.0
4838,2947,63,1,394.04,0.0
4839,2948,40,1,85.38,0.0
4840,2949,12,1,206.84,0.0
4841,2950,66,2,46.76,0.0
4842,2950,29,1,259.96,0.0
4843,2950,26,1,326.44,0.0
4844,2951,55,1,238.87,0.05
4845,2952,72,1,139.44,0.05
4846,2953,32,1,200.98,0.1
4847,2953,9,1,199.05,0.0
4848,2954,53,1,280.66,0.0
4849,2955,3,1,156.81,0.0
4850,2956,60,2,133.04,0.05
4851,2956,57,3,100.82,0.0
4852,2956,5,1,441.19,0.0
4853,2957,52,1,372.88,0.0
4854,2958,22,1,410.91,0.0
4855,2958,40,1,85.38,0.0
4856,2959,65,1,299.72,0.05
4857,2959,59,3,360.15,0.1
4858,2959,35,1,62.83,0.0
4859,2959,27,1,228.1,0.0
4860,2960,70,1,92.51,0.0
4861,2961,61,1,404.71,0.1
4862,2962,43,1,246.42,0.1
4863,2963,69,2,98.01,0.0
4864,2964,30,1,431.14,0.0
4865,2964,28,1,324.88,0.0
4866,2965,24,1,439.98,0.0
4867,2965,68,1,238.62,0.0
4868,2966,44,1,270.79,0.0
4869,2966,46,1,210.09,0.0
4870,2966,60,1,133.04,0.05
4871,2967,38,1,173.95,0.0
4872,2968,56,1,448.94,0.0
4873,2969,30,1,431.14,0.0
4874,2970,12,1,206.84,0.05
4875,2970,60,1,133.04,0.0
4876,2970,47,2,359.13,0.0
4877,2971,54,2,180.14,0.05
4878,2972,54,1,180.14,0.0
4879,2973,8,1,178.2,0.05
4880,2973,42,1,232.44,0.0
4881,2973,54,1,180.14,0.05
4882,2974,2,1,225.21,0.05
4883,2975,58,1,370.96,0.0
4884,2975,24,1,439.98,0.0
4885,2976,2,1,225.21,0.05
4886,2976,13,1,288.11,0.05
4887,2977,64,1,401.71,0.1
4888,2978,56,1,448.94,0.0
4889,2979,52,1,372.88,0.0
4890,2979,47,1,359.13,0.15
4891,2979,36,1,95.73,0.0
4892,2980,63,2,394.04,0.1
4893,2980,46,1,210.09,0.0
4894,2980,43,1,246.42,0.0
4895,2981,56,1,448.94,0.0
4896,2982,8,1,178.2,0.0
4897,2982,70,1,92.51,0.0
4898,2983,38,1,173.95,0.0
4899,2984,13,1,288.11,0.0
4900,2985,3,1,156.81,0.1
4901,2986,9,2,199.05,0.0
4902,2987,6,1,416.95,0.0
4903,2987,23,3,411.01,0.0
4904,2988,23,1,411.01,0.2
4905,2989,63,2,394.04,0.0
4906,2990,11,2,71.32,0.1
4907,2990,26,1,326.44,0.0
4908,2990,24,1,439.98,0.0
4909,2990,66,1,46.76,0.0
4910,2991,20,1,79.38,0.0
4911,2992,44,1,270.79,0.0
4912,2992,29,1,259.96,0.0
4913,2992,64,1,401.71,0.0
4914,2993,43,1,246.42,0.0
4915,2993,47,1,359.13,0.0
4916,2993,6,2,416.95,0.0
4917,2993,11,1,71.32,0.0
4918,2994,41,1,409.66,0.0
4919,2995,64,1,401.71,0.0
4920,2995,21,2,134.9,0.0
4921,2996,26,1,326.44,0.15
4922,2996,69,1,98.01,0.0
4923,2997,4,1,188.28,0.05
4924,2997,14,1,247.01,0.0
4925,2998,18,1,44.33,0.0
4926,2998,17,1,396.49,0.0
4927,2999,6,2,416.95,0.0
4928,2999,44,1,270.79,0.05
4929,3000,42,1,232.44,0.05
4930,3001,21,1,134.9,0.0
4931,3002,17,1,396.49,0.0
4932,3003,62,1,80.44,0.0
4933,3004,61,1,404.71,0.0
4934,3004,14,1,247.01,0.0
4935,3004,7,1,290.09,0.05
4936,3005,30,1,431.14,0.05
4937,3006,22,2,410.91,0.0
4938,3007,43,1,246.42,0.15
4939,3007,47,1,359.13,0.0
4940,3007,16,1,230.72,0.0
4941,3007,27,1,228.1,0.0
4942,3008,7,1,290.09,0.1
4943,3009,43,1,246.42,0.15
4944,3009,18,1,44.33,0.2
4945,3009,3,1,156.81,0.0
4946,3009,69,1,98.01,0.0
4947,3010,38,1,173.95,0.15
4948,3010,49,1,399.06,0.0
4949,3011,41,1,409.66,0.0
4950,3012,29,3,259.96,0.0
4951,3013,43,1,246.42,0.0
4952,3014,21,1,134.9,0.0
4953,3014,15,3,159.55,0.05
4954,3015,30,1,431.14,0.0
4955,3015,11,1,71.32,0.0
4956,3015,6,1,416.95,0.0
4957,3016,3,2,156.81,0.15
4958,3017,61,2,404.71,0.0
4959,3017,18,2,44.33,0.0
4960,3018,47,1,359.13,0.0
4961,3018,14,2,247.01,0.15
4962,3019,17,1,396.49,0.15
4963,3020,67,1,239.77,0.0
4964,3021,30,1,431.14,0.0
4965,3021,28,1,324.88,0.0
4966,3022,18,1,44.33,0.05
4967,3022,21,1,134.9,0.0
4968,3022,44,1,270.79,0.2
4969,3023,33,1,233.82,0.2
4970,3024,64,3,401.71,0.15
4971,3024,3,1,156.81,0.1
4972,3025,52,1,372.88,0.2
4973,3026,58,1,370.96,0.0
4974,3027,28,1,324.88,0.1
4975,3028,17,1,396.49,0.0
4976,3029,33,1,233.82,0.0
4977,3029,42,1,232.44,0.0
4978,3030,2,1,225.21,0.0
4979,3030,31,1,109.88,0.05
4980,3031,49,1,399.06,0.0
4981,3031,58,3,370.96,0.0
4982,3031,5,1,441.19,0.0
4983,3032,10,2,418.35,0.0
4984,3032,54,1,180.14,0.0
4985,3032,66,2,46.76,0.2
4986,3033,25,1,430.21,0.0
4987,3034,68,2,238.62,0.0
4988,3035,36,1,95.73,0.0
4989,3036,22,1,410.91,0.0
4990,3036,30,1,431.14,0.0
4991,3036,2,1,225.21,0.0
4992,3037,9,1,199.05,0.0
4993,3037,50,3,432.01,0.0
4994,3038,60,2,133.04,0.0
4995,3038,53,1,280.66,0.0
4996,3039,59,1,360.15,0.0
4997,3040,56,1,448.94,0.0
4998,3041,9,1,199.05,0.0
4999,3042,34,1,327.63,0.05
5000,3043,2,1,225.21,0.0
5001,3044,14,1,247.01,0.15
5002,3045,46,1,210.09,0.2
5003,3045,56,1,448.94,0.1
5004,3045,13,1,288.11,0.2
5005,3046,20,1,79.38,0.05
5006,3047,64,3,401.71,0.05
5007,3048,34,1,327.63,0.0
5008,3048,4,1,188.28,0.0
5009,3049,41,1,409.66,0.1
5010,3050,48,2,67.66,0.15
5011,3051,18,1,44.33,0.1
5012,3052,55,1,238.87,0.1
5013,3052,13,1,288.11,0.0
5014,3053,23,1,411.01,0.05
5015,3054,10,2,418.35,0.0
5016,3055,6,1,416.95,0.0
5017,3055,35,1,62.83,0.05
5018,3055,59,1,360.15,0.1
5019,3056,10,1,418.35,0.0
5020,3057,34,1,327.63,0.0
5021,3057,23,1,411.01,0.0
5022,3058,43,1,246.42,0.1
5023,3058,61,1,404.71,0.1
5024,3058,39,2,78.78,0.05
5025,3058,69,1,98.01,0.05
5026,3059,6,1,416.95,0.0
5027,3060,51,1,25.91,0.0
5028,3060,27,1,228.1,0.0
5029,3061,11,1,71.32,0.0
5030,3062,30,1,431.14,0.0
5031,3063,44,1,270.79,0.0
5032,3064,1,1,374.81,0.0
5033,3064,22,2,410.91,0.0
5034,3065,67,1,239.77,0.0
5035,3066,36,1,95.73,0.0
5036,3067,16,1,230.72,0.0
5037,3068,9,1,199.05,0.2
5038,3069,69,1,98.01,0.0
5039,3069,72,1,139.44,0.0
5040,3070,46,1,210.09,0.0
5041,3070,66,1,46.76,0.0
5042,3071,69,1,98.01,0.0
5043,3072,66,3,46.76,0.05
5044,3072,68,3,238.62,0.0
5045,3073,38,1,173.95,0.0
5046,3073,22,1,410.91,0.0
5047,3074,2,1,225.21,0.05
5048,3074,47,1,359.13,0.0
5049,3074,38,2,173.95,0.05
5050,3075,10,1,418.35,0.0
5051,3075,8,2,178.2,0.15
5052,3076,22,1,410.91,0.05
5053,3077,15,1,159.55,0.0
5054,3078,46,1,210.09,0.0
5055,3078,43,1,246.42,0.1
5056,3078,3,1,156.81,0.0
5057,3079,70,1,92.51,0.0
5058,3080,61,1,404.71,0.1
5059,3080,11,1,71.32,0.0
5060,3081,15,1,159.55,0.1
5061,3081,57,1,100.82,0.0
5062,3082,43,1,246.42,0.0
5063,3083,38,1,173.95,0.0
5064,3084,47,1,359.13,0.0
5065,3085,13,1,288.11,0.0
5066,3086,68,1,238.62,0.0
5067,3087,12,1,206.84,0.05
5068,3088,17,1,396.49,0.0
5069,3088,48,1,67.66,0.15
5070,3089,64,1,401.71,0.05
5071,3090,22,2,410.91,0.05
5072,3091,55,2,238.87,0.0
5073,3091,40,1,85.38,0.0
5074,3091,20,1,79.38,0.0
5075,3092,66,1,46.76,0.0
5076,3093,44,3,270.79,0.2
5077,3094,41,1,409.66,0.0
5078,3094,17,2,396.49,0.1
5079,3095,55,1,238.87,0.0
5080,3096,45,1,70.43,0.1
5081,3096,65,3,299.72,0.0
5082,3097,20,1,79.38,0.0
5083,3097,59,1,360.15,0.0
5084,3098,31,2,109.88,0.2
5085,3098,57,1,100.82,0.0
5086,3098,2,1,225.21,0.0
5087,3099,33,3,233.82,0.15
5088,3099,2,1,225.21,0.0
5089,3100,16,1,230.72,0.0
5090,3100,42,1,232.44,0.0
5091,3101,59,2,360.15,0.2
5092,3102,33,1,233.82,0.05
5093,3103,14,1,247.01,0.0
5094,3104,69,1,98.01,0.0
5095,3104,17,1,396.49,0.05
5096,3105,52,1,372.88,0.0
5097,3106,21,1,134.9,0.0
5098,3107,50,1,432.01,0.0
5099,3107,33,1,233.82,0.05
5100,3108,67,1,239.77,0.0
5101,3109,45,2,70.43,0.05
5102,3109,12,1,206.84,0.1
5103,3110,58,1,370.96,0.0
5104,3111,53,1,280.66,0.0
5105,3112,72,1,139.44,0.0
5106,3113,25,1,430.21,0.15
5107,3113,50,1,432.01,0.1
5108,3114,30,1,431.14,0.0
5109,3114,3,1,156.81,0.0
5110,3115,26,1,326.44,0.0
5111,3116,40,3,85.38,0.0
5112,3116,34,2,327.63,0.05
5113,3117,11,1,71.32,0.15
5114,3117,65,1,299.72,0.0
5115,3117,72,1,139.44,0.0
5116,3117,7,1,290.09,0.0
5117,3118,59,1,360.15,0.2
5118,3118,64,1,401.71,0.0
5119,3119,62,1,80.44,0.0
5120,3120,13,1,288.11,0.0
5121,3121,43,2,246.42,0.0
5122,3122,54,1,180.14,0.0
5123,3122,21,1,134.9,0.05
5124,3122,14,2,247.01,0.0
5125,3123,59,1,360.15,0.0
5126,3124,61,1,404.71,0.0
5127,3125,27,1,228.1,0.0
5128,3126,29,1,259.96,0.0
5129,3127,69,1,98.01,0.0
5130,3128,67,1,239.77,0.15
5131,3128,39,2,78.78,0.0
5132,3129,38,1,173.95,0.0
5133,3129,32,1,200.98,0.0
5134,3130,7,1,290.09,0.05
5135,3131,38,1,173.95,0.15
5136,3131,47,1,359.13,0.1
5137,3132,35,1,62.83,0.0
5138,3133,67,1,239.77,0.05
5139,3133,44,1,270.79,0.15
5140,3134,8,1,178.2,0.0
5141,3135,28,3,324.88,0.0
5142,3135,32,1,200.98,0.05
5143,3135,69,1,98.01,0.15
5144,3136,17,2,396.49,0.0
5145,3137,1,1,374.81,0.1
5146,3137,60,1,133.04,0.05
5147,3138,2,1,225.21,0.0
5148,3139,14,1,247.01,0.0
5149,3140,38,1,173.95,0.0
5150,3141,60,1,133.04,0.0
5151,3142,67,2,239.77,0.0
5152,3142,14,3,247.01,0.05
5153,3143,54,1,180.14,0.0
5154,3143,18,1,44.33,0.0
5155,3143,71,1,438.52,0.0
5156,3144,13,1,288.11,0.0
5157,3144,24,1,439.98,0.0
5158,3144,51,2,25.91,0.0
5159,3145,6,1,416.95,0.2
5160,3146,31,1,109.88,0.0
5161,3146,35,1,62.83,0.15
5162,3147,38,1,173.95,0.05
5163,3148,16,1,230.72,0.05
5164,3148,4,1,188.28,0.1
5165,3149,64,2,401.71,0.0
5166,3150,55,1,238.87,0.15
5167,3150,54,3,180.14,0.1
5168,3151,23,1,411.01,0.0
5169,3151,71,1,438.52,0.0
5170,3152,5,3,441.19,0.1
5171,3153,40,1,85.38,0.0
5172,3153,36,1,95.73,0.0
5173,3153,14,1,247.01,0.0
5174,3154,44,1,270.79,0.0
5175,3154,62,1,80.44,0.0
5176,3155,3,2,156.81,0.0
5177,3156,47,1,359.13,0.0
5178,3156,17,1,396.49,0.0
5179,3156,37,2,131.27,0.0
5180,3157,3,1,156.81,0.0
5181,3157,61,1,404.71,0.0
5182,3158,65,1,299.72,0.15
5183,3159,16,1,230.72,0.0
5184,3159,53,2,280.66,0.0
5185,3159,27,1,228.1,0.0
5186,3159,26,1,326.44,0.0
5187,3160,26,2,326.44,0.15
5188,3160,8,1,178.2,0.0
5189,3161,33,1,233.82,0.05
5190,3161,12,1,206.84,0.0
5191,3162,57,1,100.82,0.0
5192,3163,71,2,438.52,0.0
5193,3163,32,1,200.98,0.0
5194,3164,41,1,409.66,0.05
5195,3165,14,1,247.01,0.05
5196,3166,9,1,199.05,0.0
5197,3166,14,1,247.01,0.0
5198,3166,61,1,404.71,0.05
5199,3167,41,1,409.66,0.0
5200,3168,31,1,109.88,0.0
5201,3168,51,1,25.91,0.05
5202,3168,6,1,416.95,0.0
5203,3168,45,1,70.43,0.05
5204,3169,5,2,441.19,0.0
5205,3170,34,1,327.63,0.1
5206,3170,45,1,70.43,0.0
5207,3171,16,1,230.72,0.0
5208,3171,5,1,441.19,0.0
5209,3172,26,2,326.44,0.0
5210,3173,29,3,259.96,0.0
5211,3174,32,1,200.98,0.0
5212,3174,38,2,173.95,0.0
5213,3174,21,1,134.9,0.0
5214,3175,70,1,92.51,0.2
5215,3176,64,1,401.71,0.05
5216,3177,12,1,206.84,0.05
5217,3177,22,1,410.91,0.0
5218,3178,6,1,416.95,0.05
5219,3178,20,1,79.38,0.0
5220,3179,39,1,78.78,0.05
5221,3179,43,1,246.42,0.0
5222,3180,66,1,46.76,0.0
5223,3180,20,1,79.38,0.2
5224,3180,62,1,80.44,0.0
5225,3181,43,1,246.42,0.0
5226,3182,11,1,71.32,0.1
5227,3182,28,1,324.88,0.0
5228,3183,10,1,418.35,0.0
5229,3184,21,2,134.9,0.15
5230,3185,13,2,288.11,0.05
5231,3185,49,1,399.06,0.15
5232,3185,55,1,238.87,0.0
5233,3186,20,1,79.38,0.0
5234,3186,49,3,399.06,0.0
5235,3187,25,1,430.21,0.1
5236,3188,68,3,238.62,0.0
5237,3188,36,1,95.73,0.0
5238,3189,40,1,85.38,0.0
5239,3190,19,1,412.27,0.1
5240,3191,44,1,270.79,0.15
5241,3192,20,1,79.38,0.0
5242,3192,17,1,396.49,0.0
5243,3193,12,1,206.84,0.0
5244,3194,6,1,416.95,0.05
5245,3195,39,2,78.78,0.0
5246,3196,11,1,71.32,0.2
5247,3196,2,1,225.21,0.0
5248,3196,15,2,159.55,0.15
5249,3197,34,1,327.63,0.0
5250,3198,47,1,359.13,0.1
5251,3198,63,2,394.04,0.05
5252,3199,27,1,228.1,0.0
5253,3200,10,1,418.35,0.0
5254,3200,39,1,78.78,0.0
5255,3200,64,1,401.71,0.1
5256,3201,38,1,173.95,0.0
5257,3202,29,1,259.96,0.15
5258,3203,35,1,62.83,0.0
5259,3204,14,3,247.01,0.0
5260,3204,30,1,431.14,0.0
5261,3204,9,1,199.05,0.0
5262,3205,21,1,134.9,0.0
5263,3206,17,2,396.49,0.1
5264,3206,42,2,232.44,0.0
5265,3207,33,1,233.82,0.0
5266,3208,67,1,239.77,0.0
5267,3208,8,1,178.2,0.0
5268,3208,51,1,25.91,0.0
5269,3209,8,1,178.2,0.0
5270,3210,20,1,79.38,0.2
5271,3211,65,1,299.72,0.0
5272,3211,46,3,210.09,0.1
5273,3212,34,1,327.63,0.0
5274,3213,58,2,370.96,0.0
5275,3213,3,2,156.81,0.0
5276,3214,48,2,67.66,0.15
5277,3215,15,2,159.55,0.0
5278,3215,72,1,139.44,0.15
5279,3216,20,1,79.38,0.0
5280,3216,36,1,95.73,0.0
5281,3217,52,1,372.88,0.0
5282,3218,9,1,199.05,0.0
5283,3218,37,1,131.27,0.2
5284,3219,21,3,134.9,0.0
5285,3219,40,1,85.38,0.0
5286,3220,16,1,230.72,0.05
5287,3220,61,1,404.71,0.15
5288,3221,67,1,239.77,0.15
5289,3221,70,2,92.51,0.05
5290,3221,15,1,159.55,0.0
5291,3222,4,2,188.28,0.0
5292,3223,23,3,411.01,0.0
5293,3223,40,1,85.38,0.0
5294,3224,30,1,431.14,0.0
5295,3224,52,1,372.88,0.0
5296,3224,22,2,410.91,0.05
5297,3225,32,1,200.98,0.1
5298,3226,69,1,98.01,0.15
5299,3227,4,1,188.28,0.0
5300,3227,59,1,360.15,0.0
5301,3227,3,2,156.81,0.0
5302,3228,39,1,78.78,0.1
5303,3228,35,1,62.83,0.0
5304,3229,17,1,396.49,0.0
5305,3229,13,1,288.11,0.0
5306,3229,9,2,199.05,0.0
5307,3230,51,1,25.91,0.0
5308,3230,4,1,188.28,0.0
5309,3230,36,1,95.73,0.0
5310,3231,70,1,92.51,0.0
5311,3231,68,1,238.62,0.05
5312,3232,59,1,360.15,0.0
5313,3233,52,1,372.88,0.0
5314,3234,10,1,418.35,0.0
5315,3234,20,1,79.38,0.05
5316,3234,68,3,238.62,0.0
5317,3235,62,1,80.44,0.0
5318,3236,50,1,432.01,0.05
5319,3236,49,2,399.06,0.05
5320,3237,42,1,232.44,0.15
5321,3237,35,1,62.83,0.0
5322,3237,19,1,412.27,0.0
5323,3238,10,1,418.35,0.0
5324,3239,36,1,95.73,0.0
5325,3240,69,1,98.01,0.15
5326,3241,63,3,394.04,0.0
5327,3242,36,1,95.73,0.1
5328,3243,29,1,259.96,0.05
5329,3244,69,1,98.01,0.1
5330,3245,63,1,394.04,0.0
5331,3246,6,1,416.95,0.1
5332,3247,23,1,411.01,0.0
5333,3247,30,3,431.14,0.15
5334,3248,60,1,133.04,0.0
5335,3249,37,1,131.27,0.0
5336,3250,59,1,360.15,0.0
5337,3250,37,1,131.27,0.0
5338,3250,46,1,210.09,0.0
5339,3251,67,2,239.77,0.0
5340,3252,20,1,79.38,0.1
5341,3253,45,2,70.43,0.0
5342,3254,37,1,131.27,0.0
5343,3254,47,1,359.13,0.05
5344,3255,5,2,441.19,0.0
5345,3256,35,2,62.83,0.1
5346,3256,31,1,109.88,0.0
5347,3256,23,1,411.01,0.0
5348,3257,20,3,79.38,0.05
5349,3257,25,1,430.21,0.05
5350,3257,66,2,46.76,0.1
5351,3257,33,1,233.82,0.0
5352,3258,35,1,62.83,0.15
5353,3258,9,1,199.05,0.1
5354,3259,10,1,418.35,0.0
5355,3259,59,1,360.15,0.0
5356,3259,43,3,246.42,0.0
5357,3260,33,1,233.82,0.05
5358,3261,68,1,238.62,0.0
5359,3261,12,1,206.84,0.0
5360,3262,44,1,270.79,0.0
5361,3263,27,1,228.1,0.1
5362,3264,57,1,100.82,0.1
5363,3265,70,1,92.51,0.15
5364,3265,29,2,259.96,0.0
5365,3266,46,1,210.09,0.0
5366,3267,62,1,80.44,0.05
5367,3268,55,1,238.87,0.0
5368,3269,63,1,394.04,0.0
5369,3270,46,1,210.09,0.1
5370,3271,35,1,62.83,0.05
5371,3271,6,1,416.95,0.15
5372,3271,68,1,238.62,0.05
5373,3271,24,1,439.98,0.1
5374,3272,63,1,394.04,0.0
5375,3273,44,1,270.79,0.0
5376,3274,54,1,180.14,0.0
5377,3275,11,2,71.32,0.0
5378,3276,21,1,134.9,0.0
5379,3276,23,1,411.01,0.15
5380,3277,16,1,230.72,0.0
5381,3278,22,1,410.91,0.05
5382,3278,56,1,448.94,0.1
5383,3279,36,2,95.73,0.05
5384,3280,47,1,359.13,0.0
5385,3281,42,1,232.44,0.0
5386,3282,61,1,404.71,0.05
5387,3283,61,1,404.71,0.0
5388,3283,12,1,206.84,0.0
5389,3283,59,1,360.15,0.0
5390,3284,48,1,67.66,0.15
5391,3284,61,1,404.71,0.0
5392,3284,42,1,232.44,0.0
5393,3284,63,1,394.04,0.0
5394,3285,52,1,372.88,0.0
5395,3285,4,2,188.28,0.05
5396,3286,37,1,131.27,0.0
5397,3286,4,1,188.28,0.2
5398,3287,51,1,25.91,0.0
5399,3288,65,1,299.72,0.0
5400,3289,53,3,280.66,0.0
5401,3290,69,1,98.01,0.05
5402,3290,37,2,131.27,0.1
5403,3290,59,1,360.15,0.1
5404,3291,1,1,374.81,0.0
5405,3291,4,1,188.28,0.0
5406,3291,10,1,418.35,0.0
5407,3292,47,1,359.13,0.0
5408,3293,18,3,44.33,0.05
5409,3293,41,1,409.66,0.15
5410,3293,27,1,228.1,0.05
5411,3294,9,1,199.05,0.0
5412,3295,19,1,412.27,0.0
5413,3296,35,1,62.83,0.0
5414,3297,13,1,288.11,0.1
5415,3297,18,1,44.33,0.0
5416,3298,11,1,71.32,0.0
5417,3299,11,1,71.32,0.0
5418,3300,29,1,259.96,0.0
5419,3301,5,1,441.19,0.15
5420,3302,70,1,92.51,0.05
5421,3303,24,1,439.98,0.1
5422,3303,2,1,225.21,0.0
5423,3303,63,1,394.04,0.0
5424,3304,69,1,98.01,0.0
5425,3304,1,1,374.81,0.0
5426,3305,1,2,374.81,0.0
5427,3306,2,2,225.21,0.1
5428,3307,63,2,394.04,0.05
5429,3307,3,1,156.81,0.15
5430,3308,40,2,85.38,0.15
5431,3309,57,2,100.82,0.0
5432,3309,55,3,238.87,0.05
5433,3309,42,1,232.44,0.05
5434,3310,18,1,44.33,0.2
5435,3310,63,1,394.04,0.05
5436,3311,31,3,109.88,0.0
5437,3312,20,1,79.38,0.15
5438,3313,57,1,100.82,0.05
5439,3314,1,1,374.81,0.0
5440,3315,46,1,210.09,0.0
5441,3315,28,1,324.88,0.0
5442,3316,4,1,188.28,0.0
5443,3316,65,2,299.72,0.0
5444,3317,35,1,62.83,0.0
5445,3317,54,1,180.14,0.2
5446,3318,15,1,159.55,0.05
5447,3318,45,2,70.43,0.0
5448,3319,41,1,409.66,0.05
5449,3319,68,3,238.62,0.0
5450,3320,17,1,396.49,0.15
5451,3321,51,1,25.91,0.0
5452,3322,47,1,359.13,0.05
5453,3322,57,1,100.82,0.05
5454,3323,38,1,173.95,0.05
5455,3324,12,1,206.84,0.2
5456,3325,51,1,25.91,0.15
5457,3326,46,1,210.09,0.15
5458,3326,23,1,411.01,0.05
5459,3327,57,2,100.82,0.0
5460,3328,63,3,394.04,0.0
5461,3329,37,1,131.27,0.15
5462,3330,21,1,134.9,0.0
5463,3330,12,1,206.84,0.1
5464,3330,27,2,228.1,0.0
5465,3331,66,1,46.76,0.0
5466,3331,68,1,238.62,0.0
5467,3331,3,1,156.81,0.0
5468,3332,45,1,70.43,0.0
5469,3333,72,1,139.44,0.0
5470,3333,32,1,200.98,0.0
5471,3333,33,1,233.82,0.0
5472,3334,45,1,70.43,0.0
5473,3334,55,2,238.87,0.0
5474,3334,37,3,131.27,0.0
5475,3335,20,2,79.38,0.15
5476,3335,50,1,432.01,0.0
5477,3336,56,1,448.94,0.0
5478,3337,68,1,238.62,0.0
5479,3337,65,1,299.72,0.15
5480,3337,2,1,225.21,0.0
5481,3338,55,2,238.87,0.0
5482,3338,44,1,270.79,0.0
5483,3339,71,1,438.52,0.2
5484,3339,6,1,416.95,0.0
5485,3339,53,1,280.66,0.0
5486,3339,33,2,233.82,0.1
5487,3340,25,2,430.21,0.0
5488,3340,40,1,85.38,0.0
5489,3340,72,2,139.44,0.0
5490,3341,35,1,62.83,0.0
5491,3341,12,1,206.84,0.0
5492,3341,4,1,188.28,0.0
5493,3342,7,2,290.09,0.0
5494,3343,39,3,78.78,0.0
5495,3344,4,2,188.28,0.15
5496,3345,6,1,416.95,0.0
5497,3345,17,1,396.49,0.05
5498,3346,4,1,188.28,0.0
5499,3347,66,1,46.76,0.0
5500,3347,49,1,399.06,0.05
5501,3347,23,1,411.01,0.1
5502,3348,15,1,159.55,0.0
5503,3349,46,1,210.09,0.0
5504,3350,39,1,78.78,0.0
5505,3351,15,1,159.55,0.0
5506,3352,45,1,70.43,0.0
5507,3352,27,2,228.1,0.0
5508,3352,65,1,299.72,0.0
5509,3352,70,2,92.51,0.15
5510,3353,67,1,239.77,0.05
5511,3354,26,1,326.44,0.05
5512,3354,70,1,92.51,0.0
5513,3355,21,1,134.9,0.0
5514,3355,20,1,79.38,0.0
5515,3356,59,2,360.15,0.0
5516,3356,63,2,394.04,0.0
5517,3356,61,1,404.71,0.0
5518,3356,67,1,239.77,0.05
5519,3357,22,1,410.91,0.15
5520,3358,15,2,159.55,0.0
5521,3359,21,2,134.9,0.0
5522,3359,56,1,448.94,0.0
5523,3360,18,2,44.33,0.0
5524,3361,43,1,246.42,0.0
5525,3362,14,1,247.01,0.05
5526,3363,50,1,432.01,0.0
5527,3364,63,2,394.04,0.0
5528,3364,60,1,133.04,0.15
5529,3365,33,1,233.82,0.1
5530,3365,16,1,230.72,0.0
5531,3366,18,1,44.33,0.0
5532,3366,30,1,431.14,0.0
5533,3367,17,1,396.49,0.0
5534,3368,50,2,432.01,0.0
5535,3369,72,1,139.44,0.05
5536,3369,19,1,412.27,0.05
5537,3369,9,1,199.05,0.15
5538,3370,69,2,98.01,0.05
5539,3370,17,1,396.49,0.05
5540,3371,30,1,431.14,0.0
5541,3372,16,1,230.72,0.05
5542,3373,43,1,246.42,0.0
5543,3374,30,1,431.14,0.0
5544,3375,42,1,232.44,0.1
5545,3376,41,1,409.66,0.0
5546,3376,62,1,80.44,0.05
5547,3376,61,1,404.71,0.1
5548,3377,63,1,394.04,0.0
5549,3378,37,1,131.27,0.0
5550,3378,40,1,85.38,0.05
5551,3378,29,3,259.96,0.0
5552,3379,17,1,396.49,0.0
5553,3379,42,1,232.44,0.0
5554,3379,57,1,100.82,0.15
5555,3380,3,2,156.81,0.0
5556,3381,15,2,159.55,0.0
5557,3381,33,1,233.82,0.0
5558,3381,2,1,225.21,0.0
5559,3382,44,1,270.79,0.15
5560,3383,72,1,139.44,0.0
5561,3384,4,1,188.28,0.05
5562,3385,6,1,416.95,0.0
5563,3385,13,1,288.11,0.0
5564,3386,1,2,374.81,0.2
5565,3387,39,2,78.78,0.1
5566,3387,20,1,79.38,0.0
5567,3388,66,2,46.76,0.1
5568,3389,30,1,431.14,0.1
5569,3390,35,1,62.83,0.05
5570,3391,57,1,100.82,0.2
5571,3392,9,2,199.05,0.0
5572,3392,67,1,239.77,0.0
5573,3392,22,1,410.91,0.0
5574,3392,27,1,228.1,0.0
5575,3393,62,1,80.44,0.0
5576,3394,31,2,109.88,0.15
5577,3394,11,1,71.32,0.0
5578,3395,18,2,44.33,0.2
5579,3395,21,3,134.9,0.15
5580,3396,37,1,131.27,0.0
5581,3397,61,1,404.71,0.0
5582,3397,6,1,416.95,0.1
5583,3397,28,1,324.88,0.05
5584,3398,14,1,247.01,0.1
5585,3399,58,1,370.96,0.0
5586,3400,8,1,178.2,0.0
5587,3401,9,1,199.05,0.1
5588,3401,55,1,238.87,0.15
5589,3401,47,2,359.13,0.05
5590,3402,19,1,412.27,0.0
5591,3402,56,1,448.94,0.0
5592,3403,55,3,238.87,0.0
5593,3403,6,2,416.95,0.15
5594,3404,52,1,372.88,0.0
5595,3404,12,2,206.84,0.05
5596,3405,15,2,159.55,0.1
5597,3406,26,3,326.44,0.0
5598,3406,11,1,71.32,0.2
5599,3407,18,1,44.33,0.0
5600,3408,31,1,109.88,0.0
5601,3409,6,1,416.95,0.0
5602,3410,7,1,290.09,0.0
5603,3411,54,1,180.14,0.05
5604,3412,15,1,159.55,0.05
5605,3413,71,1,438.52,0.15
5606,3413,38,3,173.95,0.1
5607,3413,11,2,71.32,0.05
5608,3414,54,1,180.14,0.1
5609,3415,71,1,438.52,0.15
5610,3415,65,1,299.72,0.15
5611,3415,68,1,238.62,0.0
5612,3416,11,2,71.32,0.0
5613,3416,70,1,92.51,0.0
5614,3416,13,1,288.11,0.0
5615,3417,50,1,432.01,0.2
5616,3418,25,1,430.21,0.15
5617,3418,28,2,324.88,0.15
5618,3419,15,2,159.55,0.0
5619,3420,19,1,412.27,0.05
5620,3421,19,1,412.27,0.0
5621,3421,28,1,324.88,0.0
5622,3422,22,3,410.91,0.0
5623,3422,41,1,409.66,0.05
5624,3423,40,1,85.38,0.15
5625,3424,27,1,228.1,0.0
5626,3425,23,1,411.01,0.05
5627,3426,51,1,25.91,0.0
5628,3426,55,2,238.87,0.0
5629,3427,61,1,404.71,0.0
5630,3428,64,1,401.71,0.0
5631,3428,18,1,44.33,0.0
5632,3428,4,1,188.28,0.0
5633,3429,30,3,431.14,0.1
5634,3429,63,1,394.04,0.05
5635,3430,33,1,233.82,0.0
5636,3431,36,1,95.73,0.0
5637,3431,7,1,290.09,0.2
5638,3432,55,2,238.87,0.0
5639,3433,47,1,359.13,0.0
5640,3434,46,1,210.09,0.05
5641,3434,29,1,259.96,0.15
5642,3435,67,1,239.77,0.0
5643,3435,4,1,188.28,0.0
5644,3436,71,1,438.52,0.0
5645,3437,3,1,156.81,0.0
5646,3438,4,1,188.28,0.0
5647,3439,62,1,80.44,0.0
5648,3440,61,1,404.71,0.05
5649,3440,10,1,418.35,0.0
5650,3440,45,1,70.43,0.1
5651,3441,22,1,410.91,0.05
5652,3442,35,3,62.83,0.0
5653,3443,14,1,247.01,0.0
5654,3443,53,1,280.66,0.0
5655,3444,37,1,131.27,0.15
5656,3444,48,2,67.66,0.05
5657,3445,13,2,288.11,0.0
5658,3445,52,1,372.88,0.0
5659,3446,17,1,396.49,0.0
5660,3446,13,1,288.11,0.0
5661,3447,19,2,412.27,0.0
5662,3447,40,1,85.38,0.0
5663,3448,44,1,270.79,0.15
5664,3449,21,1,134.9,0.05
5665,3450,3,1,156.81,0.15
5666,3450,50,1,432.01,0.15
5667,3451,65,1,299.72,0.0
5668,3451,47,1,359.13,0.2
5669,3451,27,1,228.1,0.0
5670,3452,23,1,411.01,0.0
5671,3452,6,1,416.95,0.05
5672,3453,41,3,409.66,0.1
5673,3453,59,1,360.15,0.0
5674,3453,36,1,95.73,0.0
5675,3454,44,1,270.79,0.05
5676,3454,69,1,98.01,0.05
5677,3454,33,1,233.82,0.2
5678,3454,57,1,100.82,0.05
5679,3455,52,1,372.88,0.0
5680,3455,5,1,441.19,0.15
5681,3456,41,1,409.66,0.05
5682,3456,26,2,326.44,0.05
5683,3456,50,1,432.01,0.05
5684,3456,11,1,71.32,0.1
5685,3457,68,1,238.62,0.15
5686,3458,12,1,206.84,0.0
5687,3458,67,3,239.77,0.0
5688,3459,37,1,131.27,0.0
5689,3460,72,1,139.44,0.1
5690,3461,1,1,374.81,0.05
5691,3462,61,2,404.71,0.0
5692,3463,14,1,247.01,0.0
5693,3464,4,2,188.28,0.0
5694,3464,8,1,178.2,0.05
5695,3464,50,1,432.01,0.05
5696,3465,11,1,71.32,0.0
5697,3466,39,1,78.78,0.05
5698,3467,51,1,25.91,0.0
5699,3467,44,1,270.79,0.0
5700,3467,18,1,44.33,0.15
5701,3467,25,1,430.21,0.0
5702,3468,57,1,100.82,0.2
5703,3468,2,1,225.21,0.0
5704,3468,9,1,199.05,0.0
5705,3469,11,1,71.32,0.0
5706,3469,67,1,239.77,0.1
5707,3469,13,2,288.11,0.0
5708,3470,14,1,247.01,0.1
5709,3470,15,1,159.55,0.1
5710,3471,29,1,259.96,0.1
5711,3472,26,1,326.44,0.1
5712,3473,20,1,79.38,0.0
5713,3474,67,1,239.77,0.2
5714,3475,53,1,280.66,0.1
5715,3475,15,1,159.55,0.0
5716,3476,37,1,131.27,0.0
5717,3477,9,1,199.05,0.05
5718,3478,66,1,46.76,0.0
5719,3478,37,1,131.27,0.0
5720,3479,10,1,418.35,0.1
5721,3480,8,1,178.2,0.0
5722,3481,28,1,324.88,0.1
5723,3481,25,1,430.21,0.05
5724,3482,68,2,238.62,0.1
5725,3483,6,1,416.95,0.0
5726,3483,21,1,134.9,0.0
5727,3484,69,1,98.01,0.05
5728,3485,60,1,133.04,0.0
5729,3486,17,1,396.49,0.0
5730,3487,56,1,448.94,0.2
5731,3488,40,1,85.38,0.1
5732,3488,42,1,232.44,0.0
5733,3489,1,1,374.81,0.15
5734,3489,17,2,396.49,0.0
5735,3490,44,1,270.79,0.15
5736,3490,23,1,411.01,0.0
5737,3491,18,1,44.33,0.0
5738,3491,67,1,239.77,0.0
5739,3492,14,1,247.01,0.0
5740,3493,5,1,441.19,0.0
5741,3493,15,2,159.55,0.05
5742,3494,52,1,372.88,0.1
5743,3495,41,1,409.66,0.15
5744,3496,52,1,372.88,0.0
5745,3496,35,1,62.83,0.0
5746,3497,57,2,100.82,0.05
5747,3498,20,3,79.38,0.0
5748,3499,62,1,80.44,0.0
5749,3500,53,1,280.66,0.0
5750,3500,72,2,139.44,0.0
5751,3501,31,3,109.88,0.0
5752,3501,24,1,439.98,0.0
5753,3502,59,3,360.15,0.0
5754,3502,33,1,233.82,0.2
5755,3502,64,2,401.71,0.05
5756,3503,31,1,109.88,0.0
5757,3503,62,1,80.44,0.0
5758,3504,25,1,430.21,0.15
5759,3505,2,1,225.21,0.0
5760,3505,20,2,79.38,0.1
5761,3506,10,2,418.35,0.0
5762,3507,58,1,370.96,0.1
5763,3508,34,1,327.63,0.1
5764,3509,5,1,441.19,0.0
5765,3510,9,1,199.05,0.05
5766,3511,70,1,92.51,0.0
5767,3512,39,1,78.78,0.05
5768,3512,66,1,46.76,0.0
5769,3513,55,1,238.87,0.1
5770,3514,10,1,418.35,0.0
5771,3515,63,1,394.04,0.0
5772,3515,38,2,173.95,0.1
5773,3516,62,1,80.44,0.15
5774,3516,40,1,85.38,0.0
5775,3516,42,1,232.44,0.05
5776,3516,3,1,156.81,0.0
5777,3517,61,1,404.71,0.0
5778,3517,34,2,327.63,0.0
5779,3517,48,1,67.66,0.0
5780,3518,21,1,134.9,0.0
5781,3519,55,1,238.87,0.0
5782,3520,13,1,288.11,0.2
5783,3520,37,1,131.27,0.0
5784,3520,8,1,178.2,0.1
5785,3521,46,1,210.09,0.15
5786,3522,49,1,399.06,0.0
5787,3522,63,1,394.04,0.0
5788,3522,48,2,67.66,0.0
5789,3523,67,1,239.77,0.0
5790,3523,57,1,100.82,0.0
5791,3524,2,1,225.21,0.0
5792,3524,46,1,210.09,0.0
5793,3525,62,1,80.44,0.0
5794,3525,52,2,372.88,0.0
5795,3525,66,1,46.76,0.0
5796,3525,37,1,131.27,0.0
5797,3526,43,2,246.42,0.1
5798,3527,58,1,370.96,0.1
5799,3528,52,1,372.88,0.1
5800,3529,63,1,394.04,0.1
5801,3529,13,1,288.11,0.0
5802,3530,49,1,399.06,0.0
5803,3531,32,1,200.98,0.0
5804,3532,42,1,232.44,0.1
5805,3532,60,1,133.04,0.05
5806,3533,30,3,431.14,0.05
5807,3534,20,1,79.38,0.0
5808,3534,39,2,78.78,0.0
5809,3534,59,1,360.15,0.0
5810,3535,39,3,78.78,0.0
5811,3535,14,1,247.01,0.15
5812,3536,27,1,228.1,0.0
5813,3536,64,1,401.71,0.15
5814,3536,8,1,178.2,0.0
5815,3537,41,1,409.66,0.0
5816,3538,68,1,238.62,0.0
5817,3539,34,1,327.63,0.0
5818,3540,23,1,411.01,0.05
5819,3540,56,1,448.94,0.0
5820,3541,5,1,441.19,0.0
5821,3542,15,1,159.55,0.0
5822,3542,33,1,233.82,0.0
5823,3543,69,1,98.01,0.0
5824,3543,12,2,206.84,0.0
5825,3544,5,2,441.19,0.0
5826,3545,55,1,238.87,0.0
5827,3546,66,1,46.76,0.0
5828,3547,7,1,290.09,0.0
5829,3548,52,1,372.88,0.0
5830,3548,40,2,85.38,0.0
5831,3548,30,1,431.14,0.15
5832,3549,72,2,139.44,0.0
5833,3549,32,2,200.98,0.0
5834,3550,2,1,225.21,0.0
5835,3550,55,2,238.87,0.0
5836,3551,52,3,372.88,0.2
5837,3552,35,1,62.83,0.0
5838,3553,33,1,233.82,0.1
5839,3554,49,2,399.06,0.0
5840,3555,21,1,134.9,0.05
5841,3555,54,1,180.14,0.15
5842,3555,62,1,80.44,0.2
5843,3556,7,1,290.09,0.0
5844,3556,62,1,80.44,0.0
5845,3557,55,1,238.87,0.0
5846,3558,57,1,100.82,0.0
5847,3558,39,1,78.78,0.1
5848,3559,56,1,448.94,0.05
5849,3560,34,3,327.63,0.0
5850,3560,13,1,288.11,0.0
5851,3561,12,1,206.84,0.0
5852,3562,61,2,404.71,0.0
5853,3563,9,1,199.05,0.0
5854,3564,22,1,410.91,0.05
5855,3564,57,2,100.82,0.05
5856,3565,44,1,270.79,0.2
5857,3566,52,1,372.88,0.0
5858,3566,49,1,399.06,0.0
5859,3566,42,3,232.44,0.0
5860,3567,53,1,280.66,0.0
5861,3567,68,1,238.62,0.0
5862,3568,54,1,180.14,0.1
5863,3569,8,2,178.2,0.2
5864,3569,47,1,359.13,0.0
5865,3570,2,1,225.21,0.0
5866,3570,24,1,439.98,0.1
5867,3570,50,1,432.01,0.0
5868,3571,56,1,448.94,0.0
5869,3571,63,3,394.04,0.0
5870,3572,9,2,199.05,0.0
5871,3573,42,2,232.44,0.0
5872,3573,17,1,396.49,0.0
5873,3574,7,1,290.09,0.05
5874,3575,49,1,399.06,0.0
5875,3576,43,2,246.42,0.1
5876,3577,10,1,418.35,0.0
5877,3577,65,1,299.72,0.0
5878,3578,67,1,239.77,0.0
5879,3579,27,1,228.1,0.0
5880,3579,54,1,180.14,0.1
5881,3580,46,1,210.09,0.0
5882,3581,12,1,206.84,0.0
5883,3582,3,1,156.81,0.1
5884,3583,10,1,418.35,0.05
5885,3583,32,1,200.98,0.0
5886,3583,68,1,238.62,0.0
5887,3584,60,1,133.04,0.0
5888,3585,50,1,432.01,0.05
5889,3585,35,2,62.83,0.0
5890,3586,66,1,46.76,0.0
5891,3587,11,1,71.32,0.0
5892,3587,10,1,418.35,0.1
5893,3587,52,1,372.88,0.2
5894,3588,21,1,134.9,0.15
5895,3589,25,1,430.21,0.0
5896,3590,1,1,374.81,0.0
5897,3591,20,1,79.38,0.05
5898,3592,46,1,210.09,0.0
5899,3592,5,1,441.19,0.05
5900,3593,16,1,230.72,0.05
5901,3593,18,1,44.33,0.0
5902,3593,48,2,67.66,0.0
5903,3594,70,1,92.51,0.0
5904,3595,65,1,299.72,0.0
5905,3595,9,1,199.05,0.0
5906,3596,57,1,100.82,0.0
5907,3596,20,1,79.38,0.1
5908,3597,8,1,178.2,0.1
5909,3598,59,1,360.15,0.0
5910,3599,70,1,92.51,0.1
5911,3600,59,2,360.15,0.0
5912,3600,17,1,396.49,0.05
5913,3601,28,1,324.88,0.15
5914,3602,70,1,92.51,0.0
5915,3602,2,1,225.21,0.0
5916,3603,27,3,228.1,0.2
5917,3604,15,1,159.55,0.0
5918,3604,72,1,139.44,0.0
5919,3604,69,1,98.01,0.1
5920,3605,4,1,188.28,0.15
5921,3606,58,1,370.96,0.0
5922,3606,11,1,71.32,0.15
5923,3607,17,1,396.49,0.0
5924,3607,61,1,404.71,0.2
5925,3608,60,2,133.04,0.1
5926,3609,58,1,370.96,0.0
5927,3609,19,1,412.27,0.0
5928,3610,55,1,238.87,0.0
5929,3611,59,1,360.15,0.1
5930,3612,7,3,290.09,0.0
5931,3613,31,2,109.88,0.1
5932,3613,45,1,70.43,0.0
5933,3613,29,1,259.96,0.2
5934,3614,8,1,178.2,0.0
5935,3614,62,1,80.44,0.0
5936,3614,16,1,230.72,0.0
5937,3614,67,2,239.77,0.05
5938,3615,49,1,399.06,0.1
5939,3616,62,3,80.44,0.0
5940,3617,17,1,396.49,0.0
5941,3618,48,1,67.66,0.1
5942,3619,62,1,80.44,0.0
5943,3620,64,1,401.71,0.0
5944,3620,15,3,159.55,0.0
5945,3621,12,2,206.84,0.0
5946,3622,39,1,78.78,0.05
5947,3623,26,1,326.44,0.1
5948,3624,40,1,85.38,0.0
5949,3624,26,1,326.44,0.0
5950,3625,6,1,416.95,0.1
5951,3625,19,1,412.27,0.0
5952,3625,71,1,438.52,0.0
5953,3626,2,1,225.21,0.0
5954,3627,1,1,374.81,0.05
5955,3628,37,1,131.27,0.0
5956,3629,59,1,360.15,0.1
5957,3630,42,1,232.44,0.0
5958,3630,41,1,409.66,0.0
5959,3631,38,1,173.95,0.0
5960,3631,25,1,430.21,0.0
5961,3632,5,1,441.19,0.05
5962,3633,69,1,98.01,0.0
5963,3634,16,1,230.72,0.15
5964,3634,43,1,246.42,0.0
5965,3634,63,1,394.04,0.1
5966,3635,25,2,430.21,0.0
5967,3635,36,1,95.73,0.0
5968,3636,9,2,199.05,0.05
5969,3637,11,1,71.32,0.0
5970,3638,32,2,200.98,0.0
5971,3639,70,1,92.51,0.0
5972,3640,3,1,156.81,0.0
5973,3641,1,1,374.81,0.0
5974,3641,25,1,430.21,0.0
5975,3642,66,1,46.76,0.15
5976,3642,44,1,270.79,0.0
5977,3643,2,3,225.21,0.0
5978,3643,17,1,396.49,0.0
5979,3643,15,1,159.55,0.05
5980,3643,4,1,188.28,0.0
5981,3644,34,1,327.63,0.0
5982,3644,58,1,370.96,0.0
5983,3645,9,1,199.05,0.0
5984,3646,2,1,225.21,0.0
5985,3647,41,1,409.66,0.05
5986,3647,51,2,25.91,0.1
5987,3647,35,1,62.83,0.05
5988,3648,41,1,409.66,0.0
5989,3648,5,1,441.19,0.0
5990,3649,60,1,133.04,0.0
5991,3650,56,1,448.94,0.1
5992,3651,33,1,233.82,0.05
5993,3652,41,1,409.66,0.0
5994,3652,62,1,80.44,0.0
5995,3653,56,3,448.94,0.05
5996,3653,59,1,360.15,0.05
5997,3653,65,1,299.72,0.2
5998,3654,8,1,178.2,0.0
5999,3654,11,1,71.32,0.0
6000,3654,26,1,326.44,0.1
6001,3654,23,1,411.01,0.0
6002,3655,60,1,133.04,0.0
6003,3655,5,1,441.19,0.0
6004,3655,58,1,370.96,0.2
6005,3655,62,1,80.44,0.0
6006,3656,15,3,159.55,0.05
6007,3657,38,2,173.95,0.2
6008,3658,46,1,210.09,0.0
6009,3658,63,1,394.04,0.0
6010,3658,62,1,80.44,0.0
6011,3658,66,3,46.76,0.0
6012,3659,62,1,80.44,0.1
6013,3660,23,1,411.01,0.1
6014,3660,60,2,133.04,0.2
6015,3660,66,1,46.76,0.0
6016,3660,55,1,238.87,0.05
6017,3661,36,1,95.73,0.05
6018,3662,61,1,404.71,0.0
6019,3663,33,3,233.82,0.0
6020,3663,21,1,134.9,0.0
6021,3663,15,2,159.55,0.1
6022,3663,3,2,156.81,0.0
6023,3664,8,3,178.2,0.0
6024,3664,71,1,438.52,0.0
6025,3665,36,1,95.73,0.0
6026,3666,67,2,239.77,0.2
6027,3666,8,1,178.2,0.15
6028,3667,7,1,290.09,0.0
6029,3668,72,1,139.44,0.0
6030,3668,56,2,448.94,0.0
6031,3669,18,1,44.33,0.1
6032,3669,44,1,270.79,0.0
6033,3669,41,1,409.66,0.0
6034,3670,26,1,326.44,0.0
6035,3671,50,1,432.01,0.1
6036,3671,66,3,46.76,0.0
6037,3672,66,1,46.76,0.0
6038,3673,71,1,438.52,0.0
6039,3673,17,1,396.49,0.0
6040,3673,23,2,411.01,0.05
6041,3674,8,2,178.2,0.0
6042,3674,72,2,139.44,0.2
6043,3675,24,1,439.98,0.15
6044,3676,1,1,374.81,0.1
6045,3677,7,1,290.09,0.05
6046,3677,3,1,156.81,0.15
6047,3677,59,1,360.15,0.05
6048,3678,20,1,79.38,0.05
6049,3679,12,1,206.84,0.05
6050,3680,26,1,326.44,0.0
6051,3681,51,1,25.91,0.0
6052,3682,34,2,327.63,0.2
6053,3682,1,1,374.81,0.0
6054,3683,9,1,199.05,0.0
6055,3684,35,1,62.83,0.0
6056,3684,50,1,432.01,0.0
6057,3684,11,1,71.32,0.0
6058,3685,40,1,85.38,0.05
6059,3686,2,2,225.21,0.0
6060,3687,42,2,232.44,0.0
6061,3688,31,3,109.88,0.0
6062,3689,19,1,412.27,0.15
6063,3689,48,1,67.66,0.05
6064,3690,3,1,156.81,0.0
6065,3691,52,3,372.88,0.0
6066,3692,5,1,441.19,0.0
6067,3692,35,1,62.83,0.0
6068,3692,27,3,228.1,0.05
6069,3693,23,1,411.01,0.0
6070,3693,32,1,200.98,0.05
6071,3694,68,2,238.62,0.05
6072,3694,59,1,360.15,0.0
6073,3694,34,1,327.63,0.0
6074,3695,46,2,210.09,0.0
6075,3695,18,2,44.33,0.1
6076,3696,62,1,80.44,0.0
6077,3696,14,3,247.01,0.0
6078,3697,49,1,399.06,0.0
6079,3697,71,2,438.52,0.05
6080,3697,3,1,156.81,0.0
6081,3697,56,1,448.94,0.1
6082,3698,9,1,199.05,0.1
6083,3698,69,1,98.01,0.0
6084,3698,72,1,139.44,0.15
6085,3699,3,2,156.81,0.0
6086,3700,18,3,44.33,0.0
6087,3700,58,1,370.96,0.0
6088,3700,46,1,210.09,0.0
6089,3700,13,1,288.11,0.05
6090,3701,33,1,233.82,0.0
6091,3701,8,1,178.2,0.0
6092,3702,31,1,109.88,0.2
6093,3703,11,1,71.32,0.0
6094,3703,4,1,188.28,0.0
6095,3703,3,1,156.81,0.0
6096,3704,61,1,404.71,0.15
6097,3705,12,1,206.84,0.05
6098,3705,34,2,327.63,0.0
6099,3706,22,2,410.91,0.0
6100,3707,66,1,46.76,0.0
6101,3708,3,1,156.81,0.05
6102,3709,27,1,228.1,0.2
6103,3709,23,1,411.01,0.2
6104,3710,39,1,78.78,0.05
6105,3710,40,1,85.38,0.0
6106,3710,72,2,139.44,0.05
6107,3711,41,1,409.66,0.1
6108,3712,2,1,225.21,0.0
6109,3713,54,2,180.14,0.1
6110,3714,16,1,230.72,0.05
6111,3715,29,1,259.96,0.0
6112,3716,14,1,247.01,0.05
6113,3716,10,2,418.35,0.05
6114,3716,58,1,370.96,0.0
6115,3716,15,1,159.55,0.0
6116,3717,8,1,178.2,0.0
6117,3717,64,1,401.71,0.05
6118,3718,27,1,228.1,0.15
6119,3719,64,1,401.71,0.0
6120,3720,47,1,359.13,0.0
6121,3720,14,1,247.01,0.05
6122,3721,32,1,200.98,0.0
6123,3722,65,2,299.72,0.0
6124,3723,43,1,246.42,0.0
6125,3723,17,1,396.49,0.0
6126,3724,14,2,247.01,0.15
6127,3725,47,1,359.13,0.2
6128,3725,2,1,225.21,0.0
6129,3725,17,1,396.49,0.0
6130,3726,36,2,95.73,0.0
6131,3726,2,1,225.21,0.0
6132,3726,60,2,133.04,0.0
6133,3726,30,1,431.14,0.0
6134,3727,47,2,359.13,0.0
6135,3728,58,1,370.96,0.15
6136,3729,35,1,62.83,0.15
6137,3730,7,1,290.09,0.0
6138,3731,22,3,410.91,0.0
6139,3731,7,1,290.09,0.1
6140,3731,37,2,131.27,0.0
6141,3731,31,3,109.88,0.0
6142,3732,33,1,233.82,0.15
6143,3733,71,1,438.52,0.0
6144,3734,52,1,372.88,0.0
6145,3735,4,1,188.28,0.05
6146,3736,65,1,299.72,0.15
6147,3736,70,1,92.51,0.0
6148,3737,69,1,98.01,0.0
6149,3737,56,1,448.94,0.05
6150,3738,39,3,78.78,0.0
6151,3738,46,1,210.09,0.0
6152,3739,66,1,46.76,0.0
6153,3739,35,1,62.83,0.0
6154,3739,59,1,360.15,0.0
6155,3740,39,1,78.78,0.0
6156,3741,9,1,199.05,0.15
6157,3742,19,1,412.27,0.0
6158,3743,44,1,270.79,0.05
6159,3743,46,1,210.09,0.0
6160,3743,47,1,359.13,0.0
6161,3744,48,1,67.66,0.1
6162,3744,60,1,133.04,0.05
6163,3744,62,1,80.44,0.0
6164,3745,69,1,98.01,0.0
6165,3746,28,1,324.88,0.1
6166,3746,68,1,238.62,0.2
6167,3747,7,1,290.09,0.1
6168,3748,59,1,360.15,0.0
6169,3749,31,2,109.88,0.0
6170,3749,32,1,200.98,0.0
6171,3750,28,1,324.88,0.0
6172,3750,42,1,232.44,0.0
6173,3750,20,2,79.38,0.0
6174,3751,37,2,131.27,0.05
6175,3752,55,2,238.87,0.0
6176,3753,13,1,288.11,0.0
6177,3753,27,1,228.1,0.0
6178,3754,56,1,448.94,0.0
6179,3754,31,1,109.88,0.0
6180,3755,7,1,290.09,0.15
6181,3755,64,1,401.71,0.0
6182,3756,48,2,67.66,0.0
6183,3757,57,1,100.82,0.05
6184,3757,1,1,374.81,0.0
6185,3758,71,1,438.52,0.0
6186,3759,42,1,232.44,0.0
6187,3759,48,2,67.66,0.0
6188,3760,40,1,85.38,0.0
6189,3761,20,1,79.38,0.0
6190,3762,25,2,430.21,0.15
6191,3763,16,1,230.72,0.0
6192,3764,64,1,401.71,0.0
6193,3764,55,1,238.87,0.05
6194,3764,29,1,259.96,0.0
6195,3765,62,1,80.44,0.1
6196,3765,1,1,374.81,0.0
6197,3766,5,1,441.19,0.0
6198,3766,9,1,199.05,0.0
6199,3767,62,1,80.44,0.0
6200,3768,62,1,80.44,0.1
6201,3769,69,1,98.01,0.05
6202,3769,59,1,360.15,0.05
6203,3770,39,2,78.78,0.0
6204,3771,20,1,79.38,0.0
6205,3771,27,1,228.1,0.0
6206,3771,1,1,374.81,0.1
6207,3772,47,1,359.13,0.0
6208,3773,12,1,206.84,0.05
6209,3773,9,1,199.05,0.0
6210,3773,51,1,25.91,0.0
6211,3773,10,1,418.35,0.0
6212,3774,25,1,430.21,0.0
6213,3774,69,1,98.01,0.0
6214,3775,66,1,46.76,0.0
6215,3776,30,1,431.14,0.0
6216,3776,18,1,44.33,0.05
6217,3777,44,1,270.79,0.05
6218,3777,68,1,238.62,0.0
6219,3778,35,1,62.83,0.0
6220,3779,56,1,448.94,0.0
6221,3779,42,1,232.44,0.2
6222,3779,44,1,270.79,0.0
6223,3780,24,1,439.98,0.0
6224,3781,68,1,238.62,0.0
6225,3782,3,1,156.81,0.15
6226,3783,35,1,62.83,0.0
6227,3784,55,1,238.87,0.1
6228,3784,66,1,46.76,0.0
6229,3785,53,1,280.66,0.0
6230,3786,4,1,188.28,0.0
6231,3786,31,3,109.88,0.05
6232,3787,64,1,401.71,0.2
6233,3787,20,1,79.38,0.15
6234,3787,22,2,410.91,0.0
6235,3788,25,1,430.21,0.1
6236,3789,32,2,200.98,0.05
6237,3790,47,1,359.13,0.0
6238,3790,8,1,178.2,0.05
6239,3791,28,1,324.88,0.0
6240,3792,54,1,180.14,0.0
6241,3793,66,1,46.76,0.05
6242,3793,58,1,370.96,0.0
6243,3793,13,1,288.11,0.1
6244,3794,50,1,432.01,0.2
6245,3795,14,1,247.01,0.1
6246,3796,4,1,188.28,0.05
6247,3796,30,1,431.14,0.1
6248,3797,37,1,131.27,0.0
6249,3797,39,1,78.78,0.1
6250,3798,3,1,156.81,0.0
6251,3799,59,1,360.15,0.1
6252,3800,9,2,199.05,0.0
6253,3801,71,1,438.52,0.0
6254,3802,54,1,180.14,0.0
6255,3802,67,1,239.77,0.05
6256,3802,10,1,418.35,0.0
6257,3803,7,1,290.09,0.0
6258,3803,25,1,430.21,0.15
6259,3804,37,1,131.27,0.15
6260,3805,35,1,62.83,0.1
6261,3806,3,1,156.81,0.0
6262,3807,19,1,412.27,0.0
6263,3808,68,3,238.62,0.0
6264,3809,54,2,180.14,0.05
6265,3809,40,1,85.38,0.1
6266,3809,9,1,199.05,0.0
6267,3809,6,1,416.95,0.2
6268,3810,11,1,71.32,0.0
6269,3810,29,1,259.96,0.1
6270,3811,24,3,439.98,0.0
6271,3811,1,1,374.81,0.0
6272,3812,18,2,44.33,0.05
6273,3812,39,1,78.78,0.0
6274,3812,34,1,327.63,0.1
6275,3813,18,1,44.33,0.0
6276,3813,57,1,100.82,0.05
6277,3813,27,1,228.1,0.05
6278,3813,41,1,409.66,0.0
6279,3814,35,2,62.83,0.0
6280,3814,2,1,225.21,0.0
6281,3815,68,1,238.62,0.2
6282,3816,37,1,131.27,0.05
6283,3816,62,3,80.44,0.0
6284,3816,11,1,71.32,0.15
6285,3817,28,2,324.88,0.0
6286,3818,11,2,71.32,0.05
6287,3818,63,1,394.04,0.0
6288,3818,19,1,412.27,0.05
6289,3818,41,1,409.66,0.0
6290,3819,56,1,448.94,0.1
6291,3819,71,1,438.52,0.15
6292,3820,48,1,67.66,0.0
6293,3820,57,1,100.82,0.0
6294,3821,61,1,404.71,0.0
6295,3821,64,1,401.71,0.1
6296,3821,32,1,200.98,0.0
6297,3822,10,1,418.35,0.0
6298,3822,11,1,71.32,0.0
6299,3823,10,1,418.35,0.05
6300,3824,41,1,409.66,0.0
6301,3824,53,3,280.66,0.0
6302,3824,42,1,232.44,0.0
6303,3825,8,1,178.2,0.15
6304,3826,57,1,100.82,0.0
6305,3827,20,2,79.38,0.0
6306,3827,71,1,438.52,0.0
6307,3828,44,1,270.79,0.0
6308,3829,29,1,259.96,0.0
6309,3830,11,1,71.32,0.0
6310,3830,23,1,411.01,0.0
6311,3831,33,3,233.82,0.05
6312,3831,60,1,133.04,0.0
6313,3831,22,3,410.91,0.0
6314,3832,28,1,324.88,0.15
6315,3833,67,1,239.77,0.0
6316,3834,9,1,199.05,0.2
6317,3835,39,1,78.78,0.0
6318,3836,63,1,394.04,0.0
6319,3837,46,3,210.09,0.0
6320,3837,4,1,188.28,0.15
6321,3838,24,1,439.98,0.1
6322,3839,18,1,44.33,0.0
6323,3839,10,2,418.35,0.05
6324,3840,33,1,233.82,0.05
6325,3840,34,1,327.63,0.0
6326,3841,72,1,139.44,0.0
6327,3841,45,1,70.43,0.0
6328,3842,69,2,98.01,0.0
6329,3843,29,1,259.96,0.1
6330,3844,10,1,418.35,0.0
6331,3844,3,1,156.81,0.05
6332,3845,12,1,206.84,0.1
6333,3846,3,1,156.81,0.0
6334,3847,14,1,247.01,0.1
6335,3847,69,3,98.01,0.0
6336,3848,60,2,133.04,0.05
6337,3849,23,3,411.01,0.0
6338,3850,8,2,178.2,0.1
6339,3851,46,2,210.09,0.0
6340,3851,25,1,430.21,0.15
6341,3852,17,1,396.49,0.05
6342,3853,20,1,79.38,0.2
6343,3854,14,2,247.01,0.0
6344,3854,1,1,374.81,0.15
6345,3854,18,1,44.33,0.0
6346,3855,29,1,259.96,0.0
6347,3856,6,2,416.95,0.1
6348,3856,37,1,131.27,0.0
6349,3856,4,1,188.28,0.0
6350,3856,44,1,270.79,0.05
6351,3857,4,1,188.28,0.1
6352,3858,25,1,430.21,0.15
6353,3858,54,1,180.14,0.0
6354,3858,41,3,409.66,0.05
6355,3859,31,1,109.88,0.0
6356,3860,67,1,239.77,0.05
6357,3860,9,1,199.05,0.1
6358,3860,35,1,62.83,0.05
6359,3860,5,1,441.19,0.0
6360,3861,15,1,159.55,0.05
6361,3861,11,1,71.32,0.05
6362,3862,53,1,280.66,0.0
6363,3862,62,1,80.44,0.0
6364,3863,53,1,280.66,0.05
6365,3864,66,1,46.76,0.0
6366,3864,55,1,238.87,0.05
6367,3864,7,2,290.09,0.15
6368,3865,30,1,431.14,0.15
6369,3865,31,1,109.88,0.0
6370,3866,22,2,410.91,0.0
6371,3866,4,1,188.28,0.0
6372,3867,21,1,134.9,0.15
6373,3868,7,1,290.09,0.0
6374,3868,13,1,288.11,0.05
6375,3868,41,1,409.66,0.05
6376,3869,38,1,173.95,0.1
6377,3870,17,1,396.49,0.0
6378,3870,50,1,432.01,0.05
6379,3871,49,2,399.06,0.15
6380,3871,58,1,370.96,0.15
6381,3872,49,1,399.06,0.0
6382,3873,31,2,109.88,0.0
6383,3874,26,1,326.44,0.05
6384,3874,56,1,448.94,0.1
6385,3874,16,1,230.72,0.0
6386,3874,48,3,67.66,0.0
6387,3875,32,1,200.98,0.0
6388,3876,22,1,410.91,0.0
6389,3877,29,1,259.96,0.15
6390,3877,41,2,409.66,0.05
6391,3877,28,2,324.88,0.1
6392,3878,48,2,67.66,0.2
6393,3879,3,1,156.81,0.0
6394,3879,46,1,210.09,0.15
6395,3880,64,1,401.71,0.15
6396,3880,12,1,206.84,0.0
6397,3880,47,1,359.13,0.1
6398,3881,28,1,324.88,0.05
6399,3881,64,1,401.71,0.0
6400,3882,11,1,71.32,0.2
6401,3883,29,1,259.96,0.0
6402,3883,41,1,409.66,0.0
6403,3884,42,1,232.44,0.05
6404,3885,55,1,238.87,0.0
6405,3886,8,1,178.2,0.0
6406,3886,5,1,441.19,0.15
6407,3886,49,1,399.06,0.0
6408,3887,20,1,79.38,0.1
6409,3888,70,1,92.51,0.05
6410,3888,48,1,67.66,0.0
6411,3888,65,1,299.72,0.15
6412,3889,64,1,401.71,0.1
6413,3889,63,1,394.04,0.05
6414,3890,51,1,25.91,0.05
6415,3891,36,1,95.73,0.0
6416,3892,32,1,200.98,0.0
6417,3893,23,1,411.01,0.15
6418,3893,5,1,441.19,0.05
6419,3894,5,2,441.19,0.05
6420,3895,13,2,288.11,0.05
6421,3895,69,1,98.01,0.0
6422,3895,52,1,372.88,0.0
6423,3896,28,1,324.88,0.0
6424,3896,71,1,438.52,0.0
6425,3896,64,2,401.71,0.0
6426,3897,41,1,409.66,0.05
6427,3897,58,1,370.96,0.0
6428,3897,52,1,372.88,0.0
6429,3898,2,1,225.21,0.05
6430,3899,71,1,438.52,0.0
6431,3900,21,1,134.9,0.2
6432,3901,54,1,180.14,0.0
6433,3901,53,1,280.66,0.1
6434,3902,15,1,159.55,0.0
6435,3903,21,1,134.9,0.2
6436,3904,39,1,78.78,0.1
6437,3904,26,1,326.44,0.0
6438,3905,32,1,200.98,0.0
6439,3905,30,1,431.14,0.0
6440,3905,3,1,156.81,0.05
6441,3906,71,1,438.52,0.1
6442,3907,13,1,288.11,0.05
6443,3907,7,1,290.09,0.0
6444,3908,20,1,79.38,0.0
6445,3909,64,1,401.71,0.05
6446,3910,22,1,410.91,0.1
6447,3910,21,2,134.9,0.0
6448,3911,31,1,109.88,0.0
6449,3912,37,1,131.27,0.0
6450,3912,62,1,80.44,0.1
6451,3912,2,1,225.21,0.05
6452,3913,38,1,173.95,0.0
6453,3914,2,1,225.21,0.0
6454,3915,70,3,92.51,0.1
6455,3916,38,1,173.95,0.0
6456,3916,53,1,280.66,0.0
6457,3916,50,1,432.01,0.0
6458,3917,56,1,448.94,0.0
6459,3917,11,1,71.32,0.0
6460,3917,67,2,239.77,0.15
6461,3918,11,1,71.32,0.2
6462,3918,20,2,79.38,0.0
6463,3918,47,1,359.13,0.0
6464,3919,35,1,62.83,0.15
6465,3920,60,2,133.04,0.05
6466,3920,52,1,372.88,0.15
6467,3921,72,2,139.44,0.0
6468,3921,23,1,411.01,0.0
6469,3921,17,2,396.49,0.15
6470,3922,4,1,188.28,0.05
6471,3922,9,1,199.05,0.0
6472,3923,56,1,448.94,0.0
6473,3924,43,2,246.42,0.2
6474,3924,31,1,109.88,0.0
6475,3924,65,1,299.72,0.0
6476,3925,71,1,438.52,0.1
6477,3925,42,2,232.44,0.2
6478,3926,21,1,134.9,0.1
6479,3927,23,1,411.01,0.0
6480,3927,5,1,441.19,0.0
6481,3928,51,3,25.91,0.1
6482,3928,56,2,448.94,0.1
6483,3928,18,1,44.33,0.0
6484,3929,67,1,239.77,0.2
6485,3930,68,1,238.62,0.0
6486,3931,65,1,299.72,0.05
6487,3932,5,1,441.19,0.0
6488,3933,65,1,299.72,0.0
6489,3934,55,3,238.87,0.05
6490,3934,14,2,247.01,0.0
6491,3935,22,1,410.91,0.15
6492,3936,33,2,233.82,0.15
6493,3937,1,1,374.81,0.0
6494,3938,69,1,98.01,0.1
6495,3939,41,1,409.66,0.0
6496,3939,8,1,178.2,0.0
6497,3939,7,1,290.09,0.0
6498,3940,32,1,200.98,0.05
6499,3941,48,1,67.66,0.0
6500,3942,16,2,230.72,0.0
6501,3943,34,1,327.63,0.1
6502,3943,26,1,326.44,0.0
6503,3944,33,1,233.82,0.05
6504,3945,71,1,438.52,0.1
6505,3946,53,1,280.66,0.0
6506,3946,58,2,370.96,0.2
6507,3946,28,1,324.88,0.15
6508,3947,40,2,85.38,0.0
6509,3947,23,1,411.01,0.05
6510,3947,61,1,404.71,0.0
6511,3948,2,1,225.21,0.05
6512,3949,65,1,299.72,0.1
6513,3950,62,1,80.44,0.15
6514,3950,4,1,188.28,0.05
6515,3950,14,1,247.01,0.05
6516,3951,3,1,156.81,0.05
6517,3952,68,2,238.62,0.0
6518,3953,52,1,372.88,0.2
6519,3953,64,1,401.71,0.0
6520,3954,66,1,46.76,0.0
6521,3954,63,1,394.04,0.0
6522,3955,18,1,44.33,0.05
6523,3956,22,1,410.91,0.0
6524,3956,63,1,394.04,0.0
6525,3957,71,1,438.52,0.0
6526,3957,13,1,288.11,0.1
6527,3958,55,1,238.87,0.0
6528,3959,53,1,280.66,0.2
6529,3959,26,3,326.44,0.0
6530,3960,43,1,246.42,0.0
6531,3960,32,1,200.98,0.0
6532,3961,37,1,131.27,0.2
6533,3962,38,1,173.95,0.0
6534,3962,59,2,360.15,0.0
6535,3963,68,1,238.62,0.05
6536,3963,33,1,233.82,0.05
6537,3964,65,1,299.72,0.05
6538,3964,51,1,25.91,0.15
6539,3964,5,1,441.19,0.0
6540,3965,42,1,232.44,0.0
6541,3965,56,2,448.94,0.15
6542,3966,39,1,78.78,0.2
6543,3966,43,3,246.42,0.05
6544,3966,68,1,238.62,0.0
6545,3967,50,2,432.01,0.0
6546,3967,11,1,71.32,0.0
6547,3968,70,1,92.51,0.0
6548,3968,26,1,326.44,0.05
6549,3968,72,1,139.44,0.2
6550,3969,66,1,46.76,0.0
6551,3970,16,1,230.72,0.15
6552,3970,56,1,448.94,0.0
6553,3970,69,1,98.01,0.0
6554,3971,38,1,173.95,0.0
6555,3972,33,3,233.82,0.0
6556,3972,51,1,25.91,0.0
6557,3973,19,1,412.27,0.0
6558,3974,61,1,404.71,0.05
6559,3975,65,1,299.72,0.0
6560,3976,20,1,79.38,0.2
6561,3976,62,1,80.44,0.15
6562,3977,35,1,62.83,0.05
6563,3978,42,1,232.44,0.0
6564,3979,32,1,200.98,0.15
6565,3980,66,1,46.76,0.0
6566,3981,14,1,247.01,0.0
6567,3982,60,1,133.04,0.05
6568,3982,58,1,370.96,0.1
6569,3983,40,1,85.38,0.0
6570,3983,41,1,409.66,0.15
6571,3984,67,1,239.77,0.1
6572,3984,70,1,92.51,0.15
6573,3985,34,1,327.63,0.0
6574,3986,37,2,131.27,0.0
6575,3986,23,1,411.01,0.0
6576,3987,19,3,412.27,0.0
6577,3988,56,2,448.94,0.0
6578,3989,13,1,288.11,0.1
6579,3990,31,1,109.88,0.15
6580,3990,50,1,432.01,0.0
6581,3990,27,2,228.1,0.05
6582,3991,52,1,372.88,0.05
6583,3991,39,2,78.78,0.0
6584,3992,51,1,25.91,0.0
6585,3992,14,2,247.01,0.0
6586,3993,15,2,159.55,0.0
6587,3994,41,1,409.66,0.15
6588,3995,10,1,418.35,0.05
6589,3996,35,1,62.83,0.0
6590,3997,60,1,133.04,0.1
6591,3998,65,2,299.72,0.0
6592,3998,70,1,92.51,0.05
6593,3998,1,1,374.81,0.0
6594,3998,46,1,210.09,0.0
6595,3999,51,1,25.91,0.1
6596,4000,53,1,280.66,0.15
6597,4000,14,1,247.01,0.15
6598,4001,55,2,238.87,0.05
6599,4002,65,3,299.72,0.0
6600,4002,37,1,131.27,0.1
6601,4002,49,3,399.06,0.0
6602,4003,44,1,270.79,0.0
6603,4003,40,1,85.38,0.0
6604,4003,66,1,46.76,0.1
6605,4004,62,1,80.44,0.15
6606,4004,72,2,139.44,0.0
6607,4004,46,1,210.09,0.2
6608,4005,40,1,85.38,0.2
6609,4006,37,1,131.27,0.0
6610,4007,40,1,85.38,0.0
6611,4008,41,2,409.66,0.0
6612,4009,55,3,238.87,0.0
6613,4010,48,1,67.66,0.15
6614,4011,70,1,92.51,0.0
6615,4012,60,1,133.04,0.0
6616,4013,49,1,399.06,0.0
6617,4014,48,1,67.66,0.0
6618,4015,29,2,259.96,0.1
6619,4015,53,1,280.66,0.0
6620,4015,72,1,139.44,0.1
6621,4015,31,1,109.88,0.0
6622,4016,11,2,71.32,0.0
6623,4017,29,3,259.96,0.05
6624,4017,33,1,233.82,0.0
6625,4018,16,1,230.72,0.0
6626,4018,26,1,326.44,0.1
6627,4019,56,1,448.94,0.15
6628,4019,48,1,67.66,0.0
6629,4019,28,1,324.88,0.0
6630,4020,7,1,290.09,0.0
6631,4021,2,1,225.21,0.0
6632,4022,6,1,416.95,0.0
6633,4022,71,1,438.52,0.0
6634,4023,33,1,233.82,0.15
6635,4024,58,1,370.96,0.05
6636,4025,31,2,109.88,0.0
6637,4026,26,1,326.44,0.2
6638,4026,6,1,416.95,0.1
6639,4027,49,2,399.06,0.0
6640,4028,52,1,372.88,0.2
6641,4028,69,1,98.01,0.0
6642,4028,36,1,95.73,0.0
6643,4029,1,1,374.81,0.15
6644,4030,27,1,228.1,0.0
6645,4030,57,1,100.82,0.0
6646,4030,2,1,225.21,0.0
6647,4031,33,3,233.82,0.15
6648,4032,8,1,178.2,0.15
6649,4033,40,1,85.38,0.0
6650,4033,4,1,188.28,0.0
6651,4033,50,2,432.01,0.15
6652,4034,68,1,238.62,0.0
6653,4035,24,1,439.98,0.1
6654,4035,29,1,259.96,0.2
6655,4036,4,2,188.28,0.05
6656,4036,11,1,71.32,0.0
6657,4037,52,3,372.88,0.15
6658,4038,22,1,410.91,0.1
6659,4039,42,1,232.44,0.0
6660,4039,9,1,199.05,0.0
6661,4039,65,1,299.72,0.0
6662,4040,43,1,246.42,0.0
6663,4040,39,1,78.78,0.0
6664,4040,65,2,299.72,0.05
6665,4041,23,1,411.01,0.0
6666,4042,54,1,180.14,0.0
6667,4043,62,1,80.44,0.05
6668,4043,61,1,404.71,0.05
6669,4044,27,1,228.1,0.05
6670,4045,68,1,238.62,0.15
6671,4045,1,3,374.81,0.1
6672,4046,67,1,239.77,0.0
6673,4047,30,1,431.14,0.1
6674,4048,51,1,25.91,0.1
6675,4048,13,2,288.11,0.0
6676,4048,40,2,85.38,0.0
6677,4049,30,1,431.14,0.0
6678,4050,5,2,441.19,0.1
6679,4051,58,1,370.96,0.0
6680,4051,18,1,44.33,0.0
6681,4051,67,2,239.77,0.0
6682,4051,66,1,46.76,0.1
6683,4052,32,1,200.98,0.05
6684,4053,68,1,238.62,0.2
6685,4053,65,3,299.72,0.0
6686,4054,38,1,173.95,0.05
6687,4054,69,1,98.01,0.0
6688,4055,59,1,360.15,0.0
6689,4056,69,1,98.01,0.05
6690,4057,39,1,78.78,0.2
6691,4058,23,2,411.01,0.0
6692,4058,7,1,290.09,0.0
6693,4059,17,1,396.49,0.0
6694,4060,23,3,411.01,0.2
6695,4061,67,1,239.77,0.0
6696,4062,22,3,410.91,0.0
6697,4063,23,1,411.01,0.0
6698,4064,28,1,324.88,0.0
6699,4064,5,1,441.19,0.15
6700,4064,64,1,401.71,0.0
6701,4065,20,1,79.38,0.0
6702,4066,26,1,326.44,0.0
6703,4066,63,1,394.04,0.0
6704,4067,53,1,280.66,0.0
6705,4068,16,1,230.72,0.0
6706,4069,55,1,238.87,0.15
6707,4070,47,1,359.13,0.2
6708,4070,62,1,80.44,0.0
6709,4071,61,1,404.71,0.2
6710,4071,63,1,394.04,0.0
6711,4071,60,3,133.04,0.15
6712,4072,34,1,327.63,0.0
6713,4072,56,1,448.94,0.1
6714,4073,61,1,404.71,0.0
6715,4074,48,1,67.66,0.0
6716,4074,3,2,156.81,0.0
6717,4075,70,2,92.51,0.0
6718,4075,21,1,134.9,0.0
6719,4075,52,3,372.88,0.0
6720,4076,43,1,246.42,0.0
6721,4077,68,2,238.62,0.0
6722,4077,42,1,232.44,0.2
6723,4078,65,1,299.72,0.0
6724,4078,61,1,404.71,0.0
6725,4078,6,3,416.95,0.0
6726,4078,47,1,359.13,0.0
6727,4079,44,2,270.79,0.0
6728,4079,55,1,238.87,0.2
6729,4080,51,1,25.91,0.0
6730,4081,12,1,206.84,0.1
6731,4081,19,2,412.27,0.0
6732,4081,61,1,404.71,0.0
6733,4082,53,1,280.66,0.15
6734,4083,11,2,71.32,0.0
6735,4084,66,2,46.76,0.15
6736,4084,55,1,238.87,0.0
6737,4085,40,1,85.38,0.0
6738,4086,72,1,139.44,0.1
6739,4086,66,1,46.76,0.0
6740,4087,69,1,98.01,0.0
6741,4088,68,2,238.62,0.0
6742,4089,5,1,441.19,0.0
6743,4090,53,1,280.66,0.05
6744,4090,39,1,78.78,0.0
6745,4090,30,1,431.14,0.1
6746,4090,12,2,206.84,0.0
6747,4091,41,1,409.66,0.0
6748,4092,49,1,399.06,0.0
6749,4093,21,1,134.9,0.05
6750,4094,13,1,288.11,0.05
6751,4094,20,3,79.38,0.0
6752,4094,32,1,200.98,0.2
6753,4095,45,1,70.43,0.05
6754,4096,23,1,411.01,0.1
6755,4097,60,1,133.04,0.0
6756,4098,25,2,430.21,0.05
6757,4098,71,1,438.52,0.1
6758,4098,45,1,70.43,0.0
6759,4099,69,1,98.01,0.0
6760,4100,21,1,134.9,0.2
6761,4100,6,1,416.95,0.05
6762,4101,25,1,430.21,0.0
6763,4101,34,1,327.63,0.0
6764,4101,61,1,404.71,0.0
6765,4102,6,2,416.95,0.0
6766,4102,34,1,327.63,0.2
6767,4103,10,1,418.35,0.0
6768,4104,60,2,133.04,0.0
6769,4105,31,1,109.88,0.15
6770,4105,6,1,416.95,0.0
6771,4106,45,1,70.43,0.1
6772,4106,63,1,394.04,0.1
6773,4106,2,1,225.21,0.0
6774,4107,1,1,374.81,0.2
6775,4108,54,1,180.14,0.05
6776,4109,49,1,399.06,0.0
6777,4109,53,3,280.66,0.0
6778,4109,8,1,178.2,0.0
6779,4110,6,1,416.95,0.0
6780,4110,59,1,360.15,0.0
6781,4110,14,1,247.01,0.1
6782,4111,52,1,372.88,0.15
6783,4111,39,1,78.78,0.0
6784,4111,22,1,410.91,0.0
6785,4112,55,1,238.87,0.0
6786,4113,70,1,92.51,0.1
6787,4114,51,1,25.91,0.05
6788,4114,68,1,238.62,0.05
6789,4115,68,1,238.62,0.0
6790,4116,58,1,370.96,0.1
6791,4117,12,1,206.84,0.0
6792,4117,72,1,139.44,0.0
6793,4118,2,1,225.21,0.0
6794,4119,7,1,290.09,0.1
6795,4120,10,1,418.35,0.0
6796,4120,48,1,67.66,0.1
6797,4120,51,1,25.91,0.0
6798,4121,32,1,200.98,0.0
6799,4121,55,1,238.87,0.0
6800,4121,47,1,359.13,0.0
6801,4122,65,1,299.72,0.0
6802,4122,29,1,259.96,0.0
6803,4123,19,1,412.27,0.0
6804,4124,68,1,238.62,0.05
6805,4124,54,1,180.14,0.05
6806,4124,20,1,79.38,0.0
6807,4125,46,1,210.09,0.0
6808,4125,6,1,416.95,0.1
6809,4126,37,1,131.27,0.15
6810,4126,30,1,431.14,0.0
6811,4126,47,3,359.13,0.0
6812,4127,46,1,210.09,0.0
6813,4128,31,1,109.88,0.05
6814,4129,31,1,109.88,0.05
6815,4129,13,1,288.11,0.0
6816,4130,33,1,233.82,0.05
6817,4131,64,2,401.71,0.05
6818,4132,56,1,448.94,0.15
6819,4132,21,1,134.9,0.05
6820,4133,49,1,399.06,0.1
6821,4133,62,1,80.44,0.2
6822,4133,7,1,290.09,0.0
6823,4134,27,1,228.1,0.1
6824,4135,41,1,409.66,0.1
6825,4135,26,1,326.44,0.0
6826,4136,63,1,394.04,0.0
6827,4137,12,1,206.84,0.0
6828,4138,46,1,210.09,0.0
6829,4138,7,2,290.09,0.1
6830,4138,50,1,432.01,0.0
6831,4139,33,1,233.82,0.1
6832,4140,37,1,131.27,0.0
6833,4140,21,1,134.9,0.0
6834,4141,37,2,131.27,0.0
6835,4141,14,1,247.01,0.0
6836,4142,33,3,233.82,0.0
6837,4143,71,1,438.52,0.15
6838,4144,39,1,78.78,0.1
6839,4145,37,1,131.27,0.05
6840,4146,41,1,409.66,0.1
6841,4147,16,1,230.72,0.2
6842,4147,23,1,411.01,0.0
6843,4147,35,2,62.83,0.0
6844,4148,63,1,394.04,0.05
6845,4149,20,1,79.38,0.2
6846,4150,19,1,412.27,0.0
6847,4151,22,1,410.91,0.0
6848,4151,10,1,418.35,0.0
6849,4152,36,1,95.73,0.15
6850,4153,64,1,401.71,0.05
6851,4153,15,1,159.55,0.0
6852,4154,41,1,409.66,0.0
6853,4154,22,1,410.91,0.0
6854,4154,62,1,80.44,0.0
6855,4155,13,1,288.11,0.15
6856,4156,27,1,228.1,0.0
6857,4156,10,1,418.35,0.0
6858,4156,40,1,85.38,0.05
6859,4157,68,2,238.62,0.2
6860,4157,11,2,71.32,0.05
6861,4158,60,1,133.04,0.0
6862,4158,8,1,178.2,0.0
6863,4159,53,1,280.66,0.0
6864,4159,34,1,327.63,0.2
6865,4159,31,1,109.88,0.1
6866,4159,15,1,159.55,0.15
6867,4160,66,1,46.76,0.15
6868,4160,60,1,133.04,0.1
6869,4160,41,1,409.66,0.0
6870,4161,48,2,67.66,0.0
6871,4162,51,1,25.91,0.0
6872,4163,37,1,131.27,0.0
6873,4163,62,1,80.44,0.2
6874,4164,65,2,299.72,0.0
6875,4165,8,1,178.2,0.0
6876,4166,31,1,109.88,0.2
6877,4167,11,1,71.32,0.0
6878,4167,26,1,326.44,0.0
6879,4167,18,2,44.33,0.0
6880,4168,8,2,178.2,0.0
6881,4168,9,1,199.05,0.1
6882,4169,16,1,230.72,0.0
6883,4170,29,1,259.96,0.1
6884,4171,7,1,290.09,0.05
6885,4171,53,1,280.66,0.1
6886,4172,16,1,230.72,0.0
6887,4172,35,1,62.83,0.0
6888,4172,34,1,327.63,0.1
6889,4173,48,1,67.66,0.1
6890,4173,29,1,259.96,0.0
6891,4173,24,1,439.98,0.2
6892,4174,12,1,206.84,0.15
6893,4174,72,1,139.44,0.1
6894,4174,24,1,439.98,0.2
6895,4175,34,1,327.63,0.15
6896,4175,45,1,70.43,0.05
6897,4175,22,1,410.91,0.0
6898,4176,40,2,85.38,0.0
6899,4177,62,1,80.44,0.0
6900,4178,34,3,327.63,0.0
6901,4178,31,1,109.88,0.0
6902,4178,46,1,210.09,0.0
6903,4178,23,1,411.01,0.1
6904,4179,15,1,159.55,0.0
6905,4180,65,3,299.72,0.15
6906,4181,54,1,180.14,0.1
6907,4182,56,2,448.94,0.1
6908,4183,70,2,92.51,0.0
6909,4184,50,1,432.01,0.0
6910,4184,21,1,134.9,0.0
6911,4185,6,2,416.95,0.0
6912,4186,17,1,396.49,0.05
6913,4187,9,1,199.05,0.15
6914,4188,57,1,100.82,0.15
6915,4189,9,1,199.05,0.2
6916,4190,24,2,439.98,0.0
6917,4191,10,2,418.35,0.0
6918,4191,67,2,239.77,0.0
6919,4192,55,2,238.87,0.0
6920,4193,12,1,206.84,0.0
6921,4193,6,1,416.95,0.15
6922,4194,64,1,401.71,0.15
6923,4194,18,1,44.33,0.1
6924,4195,24,1,439.98,0.0
6925,4196,40,1,85.38,0.1
6926,4197,10,1,418.35,0.05
6927,4198,41,2,409.66,0.0
6928,4199,41,1,409.66,0.0
6929,4200,44,1,270.79,0.0
6930,4201,55,1,238.87,0.0
6931,4201,53,1,280.66,0.0
6932,4201,69,1,98.01,0.05
6933,4202,65,1,299.72,0.0
6934,4202,66,1,46.76,0.05
6935,4203,55,1,238.87,0.2
6936,4203,20,1,79.38,0.15
6937,4204,61,2,404.71,0.0
6938,4204,21,1,134.9,0.05
6939,4205,32,2,200.98,0.0
6940,4205,5,1,441.19,0.0
6941,4206,7,1,290.09,0.0
6942,4207,29,1,259.96,0.0
6943,4207,1,2,374.81,0.0
6944,4207,31,1,109.88,0.15
6945,4208,4,1,188.28,0.0
6946,4209,63,1,394.04,0.0
6947,4209,6,1,416.95,0.2
6948,4210,8,1,178.2,0.0
6949,4211,30,3,431.14,0.0
6950,4211,52,1,372.88,0.0
6951,4211,54,1,180.14,0.1
6952,4212,34,3,327.63,0.0
6953,4212,63,1,394.04,0.05
6954,4212,28,2,324.88,0.0
6955,4212,54,1,180.14,0.0
6956,4213,12,1,206.84,0.15
6957,4214,37,1,131.27,0.0
6958,4214,65,1,299.72,0.2
6959,4215,60,2,133.04,0.0
6960,4216,49,1,399.06,0.0
6961,4217,14,1,247.01,0.0
6962,4218,64,1,401.71,0.05
6963,4218,63,1,394.04,0.0
6964,4219,42,1,232.44,0.0
6965,4220,5,1,441.19,0.0
6966,4220,45,1,70.43,0.2
6967,4220,17,1,396.49,0.0
6968,4220,46,1,210.09,0.15
6969,4221,67,1,239.77,0.15
6970,4222,47,1,359.13,0.05
6971,4223,5,2,441.19,0.0
6972,4224,41,2,409.66,0.0
6973,4224,56,1,448.94,0.0
6974,4224,16,1,230.72,0.0
6975,4225,68,1,238.62,0.0
6976,4226,5,2,441.19,0.0
6977,4227,68,2,238.62,0.15
6978,4228,40,1,85.38,0.0
6979,4228,56,1,448.94,0.0
6980,4229,69,3,98.01,0.05
6981,4229,20,1,79.38,0.05
6982,4229,72,1,139.44,0.0
6983,4230,43,1,246.42,0.05
6984,4231,3,1,156.81,0.1
6985,4231,48,1,67.66,0.0
6986,4232,32,2,200.98,0.1
6987,4233,64,1,401.71,0.0
6988,4233,40,2,85.38,0.0
6989,4233,15,1,159.55,0.0
6990,4233,31,1,109.88,0.05
6991,4234,50,1,432.01,0.0
6992,4235,13,1,288.11,0.0
6993,4235,42,1,232.44,0.0
6994,4235,38,1,173.95,0.1
6995,4236,62,1,80.44,0.1
6996,4237,6,1,416.95,0.0
6997,4238,31,1,109.88,0.0
6998,4238,19,1,412.27,0.05
6999,4238,44,1,270.79,0.0
7000,4238,72,2,139.44,0.15
7001,4239,45,2,70.43,0.0
7002,4239,32,1,200.98,0.0
7003,4239,71,1,438.52,0.05
7004,4240,31,1,109.88,0.1
7005,4241,60,1,133.04,0.2
7006,4242,9,3,199.05,0.05
7007,4243,65,1,299.72,0.0
7008,4243,69,1,98.01,0.0
7009,4244,59,1,360.15,0.15
7010,4245,4,2,188.28,0.0
7011,4245,11,1,71.32,0.1
7012,4246,55,1,238.87,0.1
7013,4246,72,1,139.44,0.0
7014,4246,35,1,62.83,0.15
7015,4247,44,1,270.79,0.0
7016,4247,62,1,80.44,0.0
7017,4248,48,1,67.66,0.0
7018,4249,39,2,78.78,0.0
7019,4249,14,1,247.01,0.0
7020,4249,37,1,131.27,0.0
7021,4250,65,1,299.72,0.1
7022,4251,14,2,247.01,0.2
7023,4252,60,3,133.04,0.0
7024,4252,16,1,230.72,0.05
7025,4253,25,1,430.21,0.2
7026,4254,19,1,412.27,0.0
7027,4255,24,1,439.98,0.0
7028,4255,62,1,80.44,0.0
7029,4255,40,1,85.38,0.1
7030,4256,19,1,412.27,0.05
7031,4257,30,1,431.14,0.0
7032,4258,8,1,178.2,0.05
7033,4259,23,1,411.01,0.1
7034,4260,13,1,288.11,0.0
7035,4260,61,1,404.71,0.0
7036,4261,7,3,290.09,0.0
7037,4262,14,2,247.01,0.0
7038,4263,65,1,299.72,0.0
7039,4264,9,1,199.05,0.0
7040,4265,12,1,206.84,0.1
7041,4266,64,1,401.71,0.0
7042,4267,64,1,401.71,0.0
7043,4268,48,1,67.66,0.0
7044,4269,22,1,410.91,0.0
7045,4269,38,1,173.95,0.0
7046,4269,31,1,109.88,0.0
7047,4270,57,1,100.82,0.0
7048,4271,17,1,396.49,0.0
7049,4272,14,1,247.01,0.0
7050,4272,66,2,46.76,0.05
7051,4273,12,1,206.84,0.2
7052,4273,48,1,67.66,0.15
7053,4274,18,1,44.33,0.0
7054,4275,26,1,326.44,0.2
7055,4276,11,1,71.32,0.1
7056,4277,48,1,67.66,0.0
7057,4277,66,2,46.76,0.0
7058,4277,12,1,206.84,0.0
7059,4277,72,1,139.44,0.15
7060,4278,54,2,180.14,0.0
7061,4279,56,1,448.94,0.0
7062,4279,63,1,394.04,0.0
7063,4280,64,1,401.71,0.1
7064,4280,59,1,360.15,0.1
7065,4281,1,1,374.81,0.0
7066,4281,61,1,404.71,0.0
7067,4281,71,1,438.52,0.0
7068,4282,54,1,180.14,0.0
7069,4283,25,2,430.21,0.0
7070,4284,39,1,78.78,0.0
7071,4284,9,1,199.05,0.15
7072,4285,61,1,404.71,0.0
7073,4286,33,1,233.82,0.0
7074,4287,48,1,67.66,0.0
7075,4287,24,2,439.98,0.05
7076,4288,66,1,46.76,0.0
7077,4288,4,1,188.28,0.0
7078,4288,14,1,247.01,0.0
7079,4289,11,3,71.32,0.0
7080,4289,18,2,44.33,0.0
7081,4290,66,1,46.76,0.05
7082,4290,48,1,67.66,0.05
7083,4291,57,1,100.82,0.2
7084,4291,29,1,259.96,0.0
7085,4292,48,2,67.66,0.0
7086,4293,40,1,85.38,0.0
7087,4293,63,2,394.04,0.0
7088,4294,32,1,200.98,0.15
7089,4295,24,1,439.98,0.0
7090,4295,12,1,206.84,0.0
7091,4295,70,1,92.51,0.0
7092,4296,1,1,374.81,0.0
7093,4297,15,3,159.55,0.15
7094,4297,23,1,411.01,0.05
7095,4297,24,1,439.98,0.05
7096,4298,9,1,199.05,0.0
7097,4298,29,1,259.96,0.1
7098,4299,1,1,374.81,0.0
7099,4299,43,1,246.42,0.0
7100,4300,7,1,290.09,0.0
7101,4300,18,2,44.33,0.05
7102,4300,25,1,430.21,0.0
7103,4301,24,1,439.98,0.0
7104,4301,60,1,133.04,0.0
7105,4302,26,3,326.44,0.0
7106,4303,71,1,438.52,0.0
7107,4304,58,1,370.96,0.1
7108,4305,54,1,180.14,0.05
7109,4306,2,1,225.21,0.0
7110,4307,67,1,239.77,0.1
7111,4307,36,1,95.73,0.05
7112,4308,37,1,131.27,0.1
7113,4309,52,2,372.88,0.05
7114,4309,37,1,131.27,0.0
7115,4310,53,1,280.66,0.0
7116,4311,71,2,438.52,0.0
7117,4311,38,1,173.95,0.05
7118,4312,23,1,411.01,0.0
7119,4313,62,1,80.44,0.0
7120,4313,6,1,416.95,0.05
7121,4313,42,1,232.44,0.0
7122,4314,6,1,416.95,0.0
7123,4315,27,1,228.1,0.0
7124,4316,23,1,411.01,0.05
7125,4316,60,1,133.04,0.0
7126,4316,3,1,156.81,0.1
7127,4317,22,1,410.91,0.15
7128,4318,29,1,259.96,0.15
7129,4319,36,1,95.73,0.0
7130,4320,24,2,439.98,0.05
7131,4321,24,1,439.98,0.15
7132,4322,53,1,280.66,0.0
7133,4322,66,1,46.76,0.0
7134,4322,18,1,44.33,0.0
7135,4323,67,1,239.77,0.0
7136,4324,19,1,412.27,0.0
7137,4325,35,2,62.83,0.05
7138,4325,46,1,210.09,0.0
7139,4326,66,1,46.76,0.0
7140,4326,45,1,70.43,0.1
7141,4327,67,1,239.77,0.05
7142,4327,18,1,44.33,0.1
7143,4327,58,1,370.96,0.0
7144,4328,33,1,233.82,0.0
7145,4329,9,1,199.05,0.0
7146,4329,21,1,134.9,0.0
7147,4329,48,1,67.66,0.0
7148,4329,11,2,71.32,0.1
7149,4330,13,3,288.11,0.0
7150,4331,44,1,270.79,0.0
7151,4332,67,1,239.77,0.0
7152,4332,31,1,109.88,0.0
7153,4332,55,1,238.87,0.0
7154,4332,13,1,288.11,0.0
7155,4333,10,1,418.35,0.0
7156,4334,13,1,288.11,0.1
7157,4334,23,2,411.01,0.05
7158,4335,22,1,410.91,0.05
7159,4335,49,1,399.06,0.0
7160,4335,17,1,396.49,0.0
7161,4336,10,1,418.35,0.0
7162,4337,1,1,374.81,0.15
7163,4337,65,1,299.72,0.0
7164,4338,56,2,448.94,0.15
7165,4339,3,1,156.81,0.0
7166,4339,64,1,401.71,0.0
7167,4339,45,1,70.43,0.05
7168,4340,29,2,259.96,0.1
7169,4340,32,1,200.98,0.0
7170,4340,33,1,233.82,0.0
7171,4341,46,1,210.09,0.0
7172,4342,22,1,410.91,0.05
7173,4342,26,1,326.44,0.0
7174,4342,11,1,71.32,0.0
7175,4343,66,1,46.76,0.0
7176,4343,51,1,25.91,0.0
7177,4344,48,3,67.66,0.0
7178,4345,68,1,238.62,0.0
7179,4346,63,1,394.04,0.0
7180,4346,44,3,270.79,0.0
7181,4346,48,1,67.66,0.0
7182,4347,22,1,410.91,0.1
7183,4347,33,1,233.82,0.0
7184,4348,56,1,448.94,0.0
7185,4348,9,1,199.05,0.0
7186,4348,40,1,85.38,0.0
7187,4349,60,1,133.04,0.1
7188,4349,50,1,432.01,0.05
7189,4350,26,1,326.44,0.0
7190,4351,61,1,404.71,0.0
7191,4351,43,2,246.42,0.0
7192,4352,62,2,80.44,0.0
7193,4352,59,2,360.15,0.0
7194,4353,8,2,178.2,0.0
7195,4353,39,1,78.78,0.0
7196,4354,46,1,210.09,0.1
7197,4355,60,1,133.04,0.2
7198,4356,20,3,79.38,0.1
7199,4357,6,1,416.95,0.0
7200,4358,53,1,280.66,0.05
7201,4358,18,1,44.33,0.0
7202,4359,48,1,67.66,0.1
7203,4360,28,1,324.88,0.05
7204,4361,38,1,173.95,0.05
7205,4361,50,1,432.01,0.0
7206,4362,7,2,290.09,0.0
7207,4363,44,1,270.79,0.0
7208,4363,40,3,85.38,0.0
7209,4364,46,1,210.09,0.15
7210,4365,54,2,180.14,0.1
7211,4366,63,3,394.04,0.1
7212,4366,16,1,230.72,0.0
7213,4366,54,1,180.14,0.0
7214,4367,68,2,238.62,0.0
7215,4367,72,1,139.44,0.0
7216,4368,4,2,188.28,0.15
7217,4369,58,1,370.96,0.05
7218,4370,41,1,409.66,0.1
7219,4370,33,1,233.82,0.05
7220,4371,25,1,430.21,0.0
7221,4372,61,1,404.71,0.0
7222,4373,33,2,233.82,0.0
7223,4373,26,1,326.44,0.2
7224,4374,40,2,85.38,0.0
7225,4374,54,2,180.14,0.0
7226,4375,64,1,401.71,0.0
7227,4376,42,2,232.44,0.0
7228,4377,48,1,67.66,0.0
7229,4378,60,1,133.04,0.0
7230,4379,37,1,131.27,0.1
7231,4379,71,3,438.52,0.0
7232,4380,37,2,131.27,0.0
7233,4380,42,1,232.44,0.0
7234,4380,54,1,180.14,0.0
7235,4380,57,1,100.82,0.0
7236,4381,25,1,430.21,0.0
7237,4382,15,2,159.55,0.0
7238,4383,13,1,288.11,0.0
7239,4383,70,2,92.51,0.1
7240,4384,51,1,25.91,0.15
7241,4384,47,1,359.13,0.0
7242,4385,56,1,448.94,0.2
7243,4385,7,1,290.09,0.05
7244,4385,42,1,232.44,0.1
7245,4385,3,2,156.81,0.15
7246,4386,8,2,178.2,0.0
7247,4386,57,1,100.82,0.0
7248,4387,23,1,411.01,0.1
7249,4388,71,2,438.52,0.0
7250,4389,37,2,131.27,0.1
7251,4390,1,1,374.81,0.15
7252,4390,66,2,46.76,0.0
7253,4391,28,1,324.88,0.0
7254,4392,25,1,430.21,0.05
7255,4393,16,1,230.72,0.0
7256,4394,33,1,233.82,0.0
7257,4394,3,2,156.81,0.0
7258,4395,47,1,359.13,0.0
7259,4396,54,3,180.14,0.15
7260,4397,17,1,396.49,0.1
7261,4397,40,1,85.38,0.2
7262,4398,69,1,98.01,0.05
7263,4399,17,1,396.49,0.0
7264,4400,30,1,431.14,0.15
7265,4401,14,1,247.01,0.05
7266,4401,20,1,79.38,0.1
7267,4402,4,1,188.28,0.2
7268,4402,69,1,98.01,0.0
7269,4403,60,1,133.04,0.05
7270,4403,26,1,326.44,0.0
7271,4404,9,1,199.05,0.0
7272,4404,71,1,438.52,0.0
7273,4405,27,1,228.1,0.0
7274,4405,34,1,327.63,0.0
7275,4406,71,1,438.52,0.0
7276,4407,50,1,432.01,0.0
7277,4408,29,1,259.96,0.05
7278,4408,9,2,199.05,0.0
7279,4409,16,1,230.72,0.0
7280,4409,55,1,238.87,0.05
7281,4409,30,1,431.14,0.1
7282,4409,37,3,131.27,0.0
7283,4410,22,2,410.91,0.0
7284,4411,13,1,288.11,0.05
7285,4412,60,1,133.04,0.0
7286,4413,57,1,100.82,0.0
7287,4414,68,1,238.62,0.1
7288,4415,17,1,396.49,0.05
7289,4415,32,1,200.98,0.1
7290,4415,11,1,71.32,0.0
7291,4415,28,2,324.88,0.0
7292,4416,22,1,410.91,0.15
7293,4417,47,3,359.13,0.0
7294,4418,69,1,98.01,0.05
7295,4418,7,1,290.09,0.0
7296,4418,6,1,416.95,0.0
7297,4419,6,3,416.95,0.0
7298,4419,27,1,228.1,0.15
7299,4420,59,1,360.15,0.0
7300,4420,68,1,238.62,0.1
7301,4421,36,3,95.73,0.15
7302,4422,16,1,230.72,0.0
7303,4423,49,1,399.06,0.0
7304,4424,27,1,228.1,0.0
7305,4425,43,1,246.42,0.0
7306,4426,14,2,247.01,0.05
7307,4426,36,1,95.73,0.15
7308,4427,15,1,159.55,0.1
7309,4428,41,1,409.66,0.0
7310,4428,70,1,92.51,0.1
7311,4429,59,1,360.15,0.15
7312,4430,26,1,326.44,0.0
7313,4430,17,3,396.49,0.05
7314,4431,4,1,188.28,0.0
7315,4432,26,2,326.44,0.0
7316,4432,23,1,411.01,0.0
7317,4433,18,1,44.33,0.0
7318,4433,24,1,439.98,0.15
7319,4433,33,2,233.82,0.0
7320,4433,65,1,299.72,0.05
7321,4434,18,1,44.33,0.0
7322,4435,14,1,247.01,0.0
7323,4435,38,1,173.95,0.0
7324,4436,33,1,233.82,0.15
7325,4436,19,2,412.27,0.0
7326,4436,3,1,156.81,0.0
7327,4437,72,1,139.44,0.0
7328,4437,3,1,156.81,0.0
7329,4438,22,2,410.91,0.0
7330,4439,25,1,430.21,0.2
7331,4440,25,1,430.21,0.1
7332,4441,19,1,412.27,0.0
7333,4442,35,1,62.83,0.0
7334,4442,34,1,327.63,0.1
7335,4442,15,1,159.55,0.0
7336,4443,43,3,246.42,0.0
7337,4443,29,2,259.96,0.05
7338,4444,64,2,401.71,0.05
7339,4444,49,1,399.06,0.05
7340,4444,17,1,396.49,0.0
7341,4444,25,1,430.21,0.2
7342,4445,30,1,431.14,0.0
7343,4446,46,1,210.09,0.0
7344,4446,1,1,374.81,0.0
7345,4447,69,1,98.01,0.0
7346,4448,59,2,360.15,0.0
7347,4449,26,1,326.44,0.1
7348,4449,63,1,394.04,0.0
7349,4450,3,1,156.81,0.2
7350,4451,62,2,80.44,0.05
7351,4451,67,2,239.77,0.0
7352,4452,15,1,159.55,0.0
7353,4453,53,1,280.66,0.0
7354,4453,60,1,133.04,0.05
7355,4453,36,1,95.73,0.0
7356,4453,39,1,78.78,0.0
7357,4454,52,1,372.88,0.0
7358,4455,30,1,431.14,0.05
7359,4455,56,1,448.94,0.05
7360,4456,14,2,247.01,0.0
7361,4456,17,2,396.49,0.05
7362,4457,41,3,409.66,0.0
7363,4458,3,1,156.81,0.05
7364,4458,30,2,431.14,0.0
7365,4459,26,1,326.44,0.1
7366,4460,36,2,95.73,0.0
7367,4460,2,1,225.21,0.1
7368,4460,42,1,232.44,0.05
7369,4460,24,1,439.98,0.0
7370,4461,24,1,439.98,0.0
7371,4461,64,3,401.71,0.1
7372,4462,68,2,238.62,0.05
7373,4462,65,1,299.72,0.0
7374,4463,72,1,139.44,0.05
7375,4464,40,1,85.38,0.0
7376,4464,65,1,299.72,0.0
7377,4465,25,3,430.21,0.1
7378,4466,63,1,394.04,0.0
7379,4466,24,1,439.98,0.0
7380,4467,70,1,92.51,0.0
7381,4468,69,1,98.01,0.0
7382,4469,68,2,238.62,0.0
7383,4470,38,1,173.95,0.1
7384,4470,19,1,412.27,0.05
7385,4470,9,1,199.05,0.0
7386,4470,68,2,238.62,0.2
7387,4471,41,3,409.66,0.15
7388,4472,37,1,131.27,0.05
7389,4473,46,3,210.09,0.0
7390,4474,47,3,359.13,0.2
7391,4474,71,1,438.52,0.0
7392,4474,22,1,410.91,0.0
7393,4475,65,1,299.72,0.15
7394,4475,29,1,259.96,0.15
7395,4476,20,3,79.38,0.0
7396,4477,55,2,238.87,0.05
7397,4478,21,1,134.9,0.0
7398,4479,46,1,210.09,0.0
7399,4480,5,1,441.19,0.0
7400,4480,39,1,78.78,0.0
7401,4481,67,1,239.77,0.15
7402,4482,21,1,134.9,0.0
7403,4483,49,1,399.06,0.0
7404,4484,39,2,78.78,0.2
7405,4484,2,1,225.21,0.1
7406,4485,19,1,412.27,0.15
7407,4486,63,1,394.04,0.15
7408,4486,20,1,79.38,0.0
7409,4486,29,1,259.96,0.15
7410,4487,7,1,290.09,0.0
7411,4487,46,1,210.09,0.1
7412,4488,30,1,431.14,0.05
7413,4489,53,1,280.66,0.0
7414,4489,42,1,232.44,0.0
7415,4489,39,1,78.78,0.0
7416,4490,57,1,100.82,0.1
7417,4490,4,1,188.28,0.1
7418,4490,3,1,156.81,0.0
7419,4491,31,2,109.88,0.0
7420,4491,1,1,374.81,0.2
7421,4492,20,1,79.38,0.0
7422,4493,65,1,299.72,0.05
7423,4493,25,1,430.21,0.1
7424,4494,39,1,78.78,0.0
7425,4495,45,1,70.43,0.0
7426,4495,43,1,246.42,0.0
7427,4496,71,1,438.52,0.0
7428,4497,39,3,78.78,0.0
7429,4497,1,1,374.81,0.15
7430,4497,34,1,327.63,0.0
7431,4498,11,3,71.32,0.0
7432,4498,61,2,404.71,0.05
7433,4498,53,1,280.66,0.0
7434,4499,29,1,259.96,0.0
7435,4500,24,2,439.98,0.0
7436,4501,12,1,206.84,0.0
7437,4501,27,1,228.1,0.0
7438,4501,30,1,431.14,0.0
7439,4502,26,1,326.44,0.1
7440,4503,42,1,232.44,0.0
7441,4503,21,1,134.9,0.0
7442,4503,22,1,410.91,0.15
7443,4503,20,1,79.38,0.0
7444,4504,57,1,100.82,0.0
7445,4504,51,1,25.91,0.15
7446,4505,42,2,232.44,0.1
7447,4505,70,1,92.51,0.15
7448,4506,16,1,230.72,0.15
7449,4506,59,1,360.15,0.0
7450,4506,43,3,246.42,0.05
7451,4506,19,1,412.27,0.1
7452,4507,55,1,238.87,0.0
7453,4508,1,3,374.81,0.0
7454,4509,72,1,139.44,0.0
7455,4510,69,1,98.01,0.05
7456,4510,33,1,233.82,0.0
7457,4511,54,1,180.14,0.0
7458,4511,58,1,370.96,0.15
7459,4511,67,1,239.77,0.05
7460,4511,33,1,233.82,0.15
7461,4512,12,1,206.84,0.1
7462,4513,44,1,270.79,0.0
7463,4513,10,1,418.35,0.0
7464,4513,33,1,233.82,0.0
7465,4514,62,1,80.44,0.0
7466,4514,14,3,247.01,0.0
7467,4515,23,1,411.01,0.2
7468,4515,35,2,62.83,0.15
7469,4515,38,1,173.95,0.1
7470,4516,69,1,98.01,0.0
7471,4516,13,1,288.11,0.0
7472,4517,61,1,404.71,0.0
7473,4518,1,2,374.81,0.0
7474,4518,35,1,62.83,0.05
7475,4518,40,1,85.38,0.0
7476,4519,30,1,431.14,0.0
7477,4519,63,1,394.04,0.0
7478,4520,39,1,78.78,0.0
7479,4521,51,1,25.91,0.0
7480,4522,41,1,409.66,0.0
7481,4522,33,1,233.82,0.0
7482,4523,12,1,206.84,0.2
7483,4523,19,1,412.27,0.0
7484,4523,43,1,246.42,0.0
7485,4523,49,1,399.06,0.0
7486,4524,14,1,247.01,0.0
7487,4524,66,1,46.76,0.0
7488,4524,26,3,326.44,0.0
7489,4525,34,3,327.63,0.0
7490,4525,69,1,98.01,0.0
7491,4526,42,1,232.44,0.0
7492,4527,60,1,133.04,0.0
7493,4528,44,1,270.79,0.05
7494,4528,57,2,100.82,0.0
7495,4528,72,2,139.44,0.05
7496,4528,34,1,327.63,0.0
7497,4529,40,1,85.38,0.05
7498,4529,37,3,131.27,0.0
7499,4529,36,1,95.73,0.0
7500,4529,31,1,109.88,0.15
7501,4530,25,1,430.21,0.0
7502,4531,36,1,95.73,0.0
7503,4531,12,1,206.84,0.05
7504,4531,66,1,46.76,0.0
7505,4532,48,1,67.66,0.0
7506,4533,39,1,78.78,0.15
7507,4534,11,1,71.32,0.0
7508,4535,7,1,290.09,0.0
7509,4535,49,1,399.06,0.0
7510,4536,64,2,401.71,0.0
7511,4537,11,1,71.32,0.0
7512,4538,68,3,238.62,0.0
7513,4538,72,1,139.44,0.0
7514,4538,65,2,299.72,0.0
7515,4538,32,2,200.98,0.15
7516,4539,60,1,133.04,0.0
7517,4540,28,1,324.88,0.0
7518,4540,15,1,159.55,0.0
7519,4541,37,1,131.27,0.0
7520,4541,9,2,199.05,0.0
7521,4541,53,1,280.66,0.15
7522,4542,61,1,404.71,0.1
7523,4543,49,1,399.06,0.1
7524,4544,18,1,44.33,0.0
7525,4545,12,1,206.84,0.2
7526,4545,67,1,239.77,0.0
7527,4546,36,2,95.73,0.1
7528,4547,6,1,416.95,0.15
7529,4547,35,1,62.83,0.0
7530,4547,12,1,206.84,0.0
7531,4548,10,1,418.35,0.2
7532,4548,46,1,210.09,0.0
7533,4549,8,1,178.2,0.0
7534,4550,29,1,259.96,0.15
7535,4551,48,1,67.66,0.0
7536,4551,7,1,290.09,0.0
7537,4552,66,1,46.76,0.0
7538,4552,26,1,326.44,0.2
7539,4553,53,1,280.66,0.0
7540,4554,57,1,100.82,0.0
7541,4555,36,1,95.73,0.15
7542,4556,3,2,156.81,0.0
7543,4556,7,1,290.09,0.0
7544,4557,1,1,374.81,0.05
7545,4558,54,1,180.14,0.0
7546,4559,2,1,225.21,0.0
7547,4559,18,1,44.33,0.05
7548,4560,45,1,70.43,0.0
7549,4560,57,1,100.82,0.05
7550,4560,24,1,439.98,0.0
7551,4561,2,1,225.21,0.05
7552,4562,68,2,238.62,0.0
7553,4563,37,2,131.27,0.0
7554,4564,68,1,238.62,0.0
7555,4564,24,1,439.98,0.1
7556,4565,51,1,25.91,0.05
7557,4566,50,1,432.01,0.0
7558,4567,8,1,178.2,0.15
7559,4567,3,1,156.81,0.0
7560,4567,45,1,70.43,0.05
7561,4568,16,1,230.72,0.0
7562,4569,36,3,95.73,0.0
7563,4569,41,1,409.66,0.0
7564,4569,10,1,418.35,0.0
7565,4570,45,1,70.43,0.0
7566,4571,1,1,374.81,0.05
7567,4571,19,1,412.27,0.0
7568,4572,23,2,411.01,0.0
7569,4573,28,2,324.88,0.15
7570,4573,11,2,71.32,0.0
7571,4573,31,1,109.88,0.1
7572,4574,68,1,238.62,0.0
7573,4574,64,1,401.71,0.1
7574,4575,17,1,396.49,0.0
7575,4576,14,1,247.01,0.0
7576,4576,37,1,131.27,0.0
7577,4577,25,1,430.21,0.0
7578,4577,56,1,448.94,0.1
7579,4578,24,1,439.98,0.0
7580,4578,58,1,370.96,0.2
7581,4579,33,1,233.82,0.15
7582,4580,17,1,396.49,0.1
7583,4581,54,3,180.14,0.05
7584,4582,9,1,199.05,0.0
7585,4583,44,2,270.79,0.0
7586,4584,41,1,409.66,0.0
7587,4585,41,1,409.66,0.0
7588,4586,2,2,225.21,0.05
7589,4587,18,1,44.33,0.05
7590,4587,44,1,270.79,0.0
7591,4588,68,1,238.62,0.0
7592,4589,11,1,71.32,0.0
7593,4590,10,2,418.35,0.0
7594,4591,67,1,239.77,0.05
7595,4591,27,1,228.1,0.0
7596,4591,51,1,25.91,0.0
7597,4592,39,1,78.78,0.0
7598,4592,72,3,139.44,0.05
7599,4592,56,1,448.94,0.15
7600,4593,30,1,431.14,0.0
7601,4594,7,1,290.09,0.2
7602,4594,25,2,430.21,0.1
7603,4594,68,1,238.62,0.0
7604,4595,1,1,374.81,0.1
7605,4596,7,2,290.09,0.05
7606,4596,60,1,133.04,0.0
7607,4597,49,1,399.06,0.0
7608,4598,54,1,180.14,0.15
7609,4598,2,1,225.21,0.2
7610,4599,3,1,156.81,0.05
7611,4600,63,1,394.04,0.15
7612,4601,10,1,418.35,0.0
7613,4602,46,1,210.09,0.0
7614,4602,58,1,370.96,0.0
7615,4602,50,1,432.01,0.0
7616,4603,41,1,409.66,0.0
7617,4604,9,1,199.05,0.0
7618,4604,48,1,67.66,0.0
7619,4605,65,2,299.72,0.1
7620,4605,31,1,109.88,0.0
7621,4606,42,2,232.44,0.1
7622,4607,48,1,67.66,0.15
7623,4607,25,1,430.21,0.0
7624,4608,14,1,247.01,0.0
7625,4609,21,2,134.9,0.15
7626,4610,4,1,188.28,0.0
7627,4611,8,1,178.2,0.15
7628,4612,64,1,401.71,0.0
7629,4612,7,1,290.09,0.0
7630,4613,6,1,416.95,0.0
7631,4614,49,2,399.06,0.05
7632,4614,59,1,360.15,0.0
7633,4615,19,1,412.27,0.05
7634,4616,57,1,100.82,0.0
7635,4616,56,2,448.94,0.15
7636,4616,16,1,230.72,0.2
7637,4617,46,1,210.09,0.0
7638,4618,31,2,109.88,0.0
7639,4618,28,2,324.88,0.0
7640,4618,43,1,246.42,0.0
7641,4619,35,2,62.83,0.0
7642,4620,6,1,416.95,0.1
7643,4620,35,2,62.83,0.05
7644,4620,15,2,159.55,0.0
7645,4621,62,1,80.44,0.1
7646,4622,16,1,230.72,0.0
7647,4623,29,1,259.96,0.0
7648,4624,61,1,404.71,0.05
7649,4624,53,1,280.66,0.0
7650,4625,51,1,25.91,0.0
7651,4626,13,1,288.11,0.0
7652,4626,11,3,71.32,0.15
7653,4626,4,1,188.28,0.0
7654,4626,70,1,92.51,0.0
7655,4627,10,2,418.35,0.0
7656,4628,65,1,299.72,0.0
7657,4628,48,2,67.66,0.2
7658,4628,28,1,324.88,0.05
7659,4629,1,3,374.81,0.0
7660,4630,29,1,259.96,0.0
7661,4630,51,1,25.91,0.1
7662,4631,53,1,280.66,0.0
7663,4632,60,1,133.04,0.0
7664,4632,36,1,95.73,0.2
7665,4632,57,1,100.82,0.0
7666,4633,42,1,232.44,0.0
7667,4633,67,3,239.77,0.0
7668,4634,11,1,71.32,0.0
7669,4635,4,1,188.28,0.05
7670,4635,17,1,396.49,0.0
7671,4635,1,1,374.81,0.15
7672,4636,65,3,299.72,0.0
7673,4636,53,1,280.66,0.15
7674,4637,56,3,448.94,0.0
7675,4637,27,1,228.1,0.2
7676,4638,34,1,327.63,0.0
7677,4639,68,1,238.62,0.0
7678,4639,33,1,233.82,0.05
7679,4640,64,1,401.71,0.1
7680,4641,25,1,430.21,0.0
7681,4642,29,1,259.96,0.0
7682,4643,23,2,411.01,0.05
7683,4643,5,1,441.19,0.1
7684,4644,29,1,259.96,0.1
7685,4645,29,2,259.96,0.0
7686,4646,71,1,438.52,0.0
7687,4647,11,2,71.32,0.0
7688,4648,68,1,238.62,0.0
7689,4648,44,1,270.79,0.15
7690,4649,30,1,431.14,0.1
7691,4650,9,1,199.05,0.0
7692,4650,46,1,210.09,0.0
7693,4651,37,2,131.27,0.0
7694,4651,29,2,259.96,0.1
7695,4652,50,1,432.01,0.0
7696,4652,38,1,173.95,0.0
7697,4652,59,1,360.15,0.0
7698,4653,65,1,299.72,0.0
7699,4654,36,1,95.73,0.1
7700,4654,47,1,359.13,0.05
7701,4655,9,1,199.05,0.0
7702,4656,51,1,25.91,0.15
7703,4657,5,2,441.19,0.1
7704,4658,13,2,288.11,0.0
7705,4658,35,2,62.83,0.0
7706,4658,61,1,404.71,0.0
7707,4659,67,1,239.77,0.1
7708,4659,50,1,432.01,0.15
7709,4660,2,2,225.21,0.05
7710,4660,62,1,80.44,0.2
7711,4660,6,1,416.95,0.0
7712,4661,14,1,247.01,0.0
7713,4662,55,1,238.87,0.0
7714,4663,63,1,394.04,0.0
7715,4664,65,1,299.72,0.0
7716,4665,41,2,409.66,0.0
7717,4666,11,1,71.32,0.0
7718,4667,27,1,228.1,0.0
7719,4667,58,1,370.96,0.0
7720,4668,58,1,370.96,0.0
7721,4669,39,1,78.78,0.0
7722,4670,64,1,401.71,0.0
7723,4670,47,1,359.13,0.0
7724,4671,33,3,233.82,0.0
7725,4672,25,1,430.21,0.0
7726,4672,2,1,225.21,0.1
7727,4672,37,1,131.27,0.0
7728,4673,7,1,290.09,0.0
7729,4674,65,1,299.72,0.0
7730,4675,43,1,246.42,0.1
7731,4675,21,1,134.9,0.15
7732,4676,23,1,411.01,0.05
7733,4677,46,1,210.09,0.15
7734,4677,28,3,324.88,0.2
7735,4678,9,1,199.05,0.0
7736,4678,11,1,71.32,0.0
7737,4678,40,1,85.38,0.0
7738,4679,49,1,399.06,0.0
7739,4680,52,3,372.88,0.0
7740,4680,38,1,173.95,0.15
7741,4680,44,1,270.79,0.0
7742,4681,6,1,416.95,0.0
7743,4681,34,1,327.63,0.0
7744,4682,59,1,360.15,0.0
7745,4682,14,1,247.01,0.0
7746,4682,33,1,233.82,0.0
7747,4683,11,1,71.32,0.0
7748,4683,37,1,131.27,0.2
7749,4683,19,1,412.27,0.05
7750,4683,64,1,401.71,0.0
7751,4684,35,1,62.83,0.15
7752,4685,68,1,238.62,0.0
7753,4686,7,1,290.09,0.0
7754,4687,26,2,326.44,0.0
7755,4688,54,1,180.14,0.0
7756,4689,12,1,206.84,0.0
7757,4690,16,1,230.72,0.0
7758,4690,18,1,44.33,0.0
7759,4690,4,1,188.28,0.0
7760,4691,58,1,370.96,0.1
7761,4692,41,1,409.66,0.15
7762,4692,45,1,70.43,0.1
7763,4692,61,1,404.71,0.0
7764,4693,14,1,247.01,0.15
7765,4694,13,1,288.11,0.05
7766,4695,25,2,430.21,0.0
7767,4696,33,1,233.82,0.0
7768,4696,11,1,71.32,0.1
7769,4696,49,1,399.06,0.0
7770,4697,20,1,79.38,0.0
7771,4697,9,1,199.05,0.0
7772,4697,5,1,441.19,0.0
7773,4698,39,3,78.78,0.0
7774,4699,22,1,410.91,0.0
7775,4700,24,1,439.98,0.0
7776,4700,50,1,432.01,0.0
7777,4701,71,1,438.52,0.15
7778,4702,26,1,326.44,0.0
7779,4703,2,1,225.21,0.0
7780,4703,46,3,210.09,0.0
7781,4703,72,1,139.44,0.0
7782,4704,6,1,416.95,0.15
7783,4705,21,2,134.9,0.0
7784,4705,30,1,431.14,0.05
7785,4705,59,1,360.15,0.1
7786,4706,24,1,439.98,0.0
7787,4707,26,1,326.44,0.0
7788,4708,46,1,210.09,0.0
7789,4709,45,1,70.43,0.05
7790,4709,58,1,370.96,0.15
7791,4710,68,1,238.62,0.05
7792,4710,58,1,370.96,0.0
7793,4711,54,1,180.14,0.0
7794,4711,10,1,418.35,0.15
7795,4712,72,2,139.44,0.0
7796,4712,33,1,233.82,0.0
7797,4712,12,1,206.84,0.0
7798,4713,44,1,270.79,0.0
7799,4713,28,1,324.88,0.15
7800,4713,62,1,80.44,0.0
7801,4713,68,3,238.62,0.0
7802,4714,3,1,156.81,0.0
7803,4715,2,1,225.21,0.0
7804,4716,48,2,67.66,0.15
7805,4716,65,2,299.72,0.0
7806,4716,34,1,327.63,0.2
7807,4717,8,1,178.2,0.0
7808,4718,15,1,159.55,0.0
7809,4718,26,1,326.44,0.0
7810,4719,6,1,416.95,0.05
7811,4720,63,1,394.04,0.0
7812,4720,35,2,62.83,0.0
7813,4720,42,1,232.44,0.0
7814,4721,62,1,80.44,0.0
7815,4722,37,1,131.27,0.0
7816,4723,20,1,79.38,0.0
7817,4723,21,1,134.9,0.0
7818,4723,2,1,225.21,0.0
7819,4723,3,1,156.81,0.0
7820,4724,19,1,412.27,0.2
7821,4725,40,1,85.38,0.0
7822,4726,23,1,411.01,0.0
7823,4726,50,1,432.01,0.05
7824,4727,63,1,394.04,0.0
7825,4727,29,1,259.96,0.05
7826,4728,65,1,299.72,0.0
7827,4729,1,1,374.81,0.0
7828,4730,46,1,210.09,0.1
7829,4730,36,1,95.73,0.0
7830,4731,45,1,70.43,0.0
7831,4731,70,1,92.51,0.0
7832,4732,50,2,432.01,0.15
7833,4732,69,1,98.01,0.1
7834,4733,4,1,188.28,0.0
7835,4734,65,1,299.72,0.0
7836,4735,66,1,46.76,0.1
7837,4736,56,1,448.94,0.0
7838,4737,7,1,290.09,0.15
7839,4738,20,1,79.38,0.0
7840,4739,54,1,180.14,0.0
7841,4739,17,2,396.49,0.0
7842,4739,46,1,210.09,0.0
7843,4740,47,2,359.13,0.05
7844,4740,43,1,246.42,0.0
7845,4740,45,1,70.43,0.2
7846,4741,52,1,372.88,0.05
7847,4742,33,2,233.82,0.2
7848,4743,60,1,133.04,0.2
7849,4744,3,1,156.81,0.2
7850,4745,65,2,299.72,0.15
7851,4746,22,1,410.91,0.0
7852,4747,56,1,448.94,0.0
7853,4748,56,1,448.94,0.1
7854,4748,53,1,280.66,0.0
7855,4749,67,1,239.77,0.05
7856,4750,26,1,326.44,0.2
7857,4751,13,1,288.11,0.0
7858,4752,42,1,232.44,0.05
7859,4753,61,3,404.71,0.0
7860,4753,33,1,233.82,0.0
7861,4754,55,1,238.87,0.1
7862,4754,58,1,370.96,0.0
7863,4754,41,1,409.66,0.0
7864,4755,38,2,173.95,0.1
7865,4756,14,1,247.01,0.05
7866,4756,68,1,238.62,0.0
7867,4757,25,1,430.21,0.15
7868,4758,29,2,259.96,0.0
7869,4759,68,1,238.62,0.05
7870,4760,72,1,139.44,0.05
7871,4761,58,1,370.96,0.0
7872,4762,59,1,360.15,0.0
7873,4762,71,1,438.52,0.0
7874,4763,17,1,396.49,0.0
7875,4763,6,1,416.95,0.0
7876,4763,36,1,95.73,0.15
7877,4764,59,1,360.15,0.0
7878,4765,18,1,44.33,0.0
7879,4766,27,1,228.1,0.0
7880,4766,69,1,98.01,0.0
7881,4767,41,1,409.66,0.05
7882,4767,38,1,173.95,0.0
7883,4768,65,2,299.72,0.1
7884,4769,71,1,438.52,0.0
7885,4770,66,1,46.76,0.0
7886,4771,28,1,324.88,0.0
7887,4772,43,1,246.42,0.15
7888,4773,58,1,370.96,0.0
7889,4774,21,1,134.9,0.0
7890,4775,66,1,46.76,0.15
7891,4775,20,1,79.38,0.2
7892,4776,59,2,360.15,0.0
7893,4777,35,1,62.83,0.0
7894,4778,40,1,85.38,0.0
7895,4779,29,1,259.96,0.05
7896,4780,71,1,438.52,0.05
7897,4780,49,3,399.06,0.0
7898,4780,46,1,210.09,0.0
7899,4781,51,2,25.91,0.0
7900,4782,24,1,439.98,0.1
7901,4783,48,1,67.66,0.15
7902,4783,15,1,159.55,0.0
7903,4784,2,1,225.21,0.05
7904,4785,3,1,156.81,0.0
7905,4786,42,1,232.44,0.0
7906,4786,19,1,412.27,0.0
7907,4786,7,1,290.09,0.0
7908,4787,6,1,416.95,0.15
7909,4788,35,1,62.83,0.0
7910,4788,29,1,259.96,0.05
7911,4789,5,2,441.19,0.0
7912,4790,60,1,133.04,0.15
7913,4790,42,1,232.44,0.2
7914,4791,59,1,360.15,0.0
7915,4792,45,1,70.43,0.2
7916,4793,1,2,374.81,0.0
7917,4794,5,3,441.19,0.0
7918,4795,23,1,411.01,0.05
7919,4796,25,1,430.21,0.0
7920,4797,61,1,404.71,0.0
7921,4797,34,1,327.63,0.05
7922,4798,23,1,411.01,0.0
7923,4799,25,1,430.21,0.0
7924,4799,19,1,412.27,0.1
7925,4800,41,2,409.66,0.0
7926,4800,40,1,85.38,0.0
7927,4801,13,1,288.11,0.0
7928,4801,21,1,134.9,0.0
7929,4802,69,1,98.01,0.05
7930,4803,47,1,359.13,0.0
7931,4803,16,1,230.72,0.1
7932,4804,71,1,438.52,0.0
7933,4805,9,1,199.05,0.05
7934,4805,60,2,133.04,0.0
7935,4806,67,1,239.77,0.1
7936,4806,30,1,431.14,0.05
7937,4807,60,1,133.04,0.0
7938,4808,18,1,44.33,0.15
7939,4808,43,1,246.42,0.15
7940,4809,38,2,173.95,0.05
7941,4810,4,1,188.28,0.0
7942,4811,32,1,200.98,0.1
7943,4811,25,1,430.21,0.0
7944,4812,71,1,438.52,0.0
7945,4812,10,1,418.35,0.1
7946,4812,5,1,441.19,0.05
7947,4813,5,1,441.19,0.0
7948,4813,29,1,259.96,0.05
7949,4814,1,1,374.81,0.1
7950,4814,47,1,359.13,0.0
7951,4814,56,1,448.94,0.0
7952,4815,25,1,430.21,0.0
7953,4816,57,1,100.82,0.0
7954,4817,47,1,359.13,0.15
7955,4818,43,1,246.42,0.0
7956,4819,38,1,173.95,0.0
7957,4819,69,1,98.01,0.0
7958,4820,49,2,399.06,0.0
7959,4820,48,1,67.66,0.0
7960,4821,5,1,441.19,0.0
7961,4821,64,2,401.71,0.0
7962,4822,27,1,228.1,0.0
7963,4822,26,3,326.44,0.15
7964,4823,46,1,210.09,0.0
7965,4823,10,1,418.35,0.0
7966,4823,35,3,62.83,0.15
7967,4824,64,1,401.71,0.0
7968,4825,26,1,326.44,0.05
7969,4826,62,1,80.44,0.1
7970,4827,16,1,230.72,0.1
7971,4828,15,1,159.55,0.15
7972,4829,36,1,95.73,0.0
7973,4830,60,1,133.04,0.0
7974,4830,28,2,324.88,0.0
7975,4830,35,2,62.83,0.0
7976,4831,53,1,280.66,0.0
7977,4831,64,1,401.71,0.0
7978,4832,61,1,404.71,0.0
7979,4832,40,1,85.38,0.2
7980,4833,7,2,290.09,0.0
7981,4833,23,1,411.01,0.0
7982,4833,3,1,156.81,0.05
7983,4834,38,1,173.95,0.0
7984,4834,68,1,238.62,0.05
7985,4835,58,1,370.96,0.2
7986,4836,54,1,180.14,0.0
7987,4837,7,2,290.09,0.0
7988,4838,31,2,109.88,0.05
7989,4838,32,2,200.98,0.1
7990,4839,49,1,399.06,0.0
7991,4839,70,1,92.51,0.0
7992,4839,8,1,178.2,0.0
7993,4839,65,1,299.72,0.1
7994,4840,72,2,139.44,0.05
7995,4840,52,1,372.88,0.0
7996,4841,19,1,412.27,0.05
7997,4841,21,1,134.9,0.0
7998,4841,33,2,233.82,0.05
7999,4842,59,1,360.15,0.0
8000,4842,20,1,79.38,0.2
8001,4842,40,2,85.38,0.1
8002,4843,11,1,71.32,0.05
8003,4843,53,1,280.66,0.0
8004,4844,61,2,404.71,0.0
8005,4845,2,1,225.21,0.05
8006,4846,21,1,134.9,0.0
8007,4847,28,1,324.88,0.0
8008,4848,18,1,44.33,0.05
8009,4849,39,1,78.78,0.0
8010,4850,21,1,134.9,0.2
8011,4850,26,1,326.44,0.1
8012,4851,57,1,100.82,0.0
8013,4852,65,1,299.72,0.0
8014,4853,68,1,238.62,0.0
8015,4854,71,1,438.52,0.0
8016,4855,16,1,230.72,0.1
8017,4856,59,1,360.15,0.15
8018,4856,47,1,359.13,0.1
8019,4857,43,1,246.42,0.0
8020,4858,35,1,62.83,0.0
8021,4858,37,2,131.27,0.0
8022,4858,38,3,173.95,0.0
8023,4858,1,1,374.81,0.15
8024,4859,61,2,404.71,0.0
8025,4859,65,2,299.72,0.0
8026,4860,68,1,238.62,0.0
8027,4861,67,1,239.77,0.1
8028,4861,26,2,326.44,0.0
8029,4862,9,1,199.05,0.0
8030,4863,10,2,418.35,0.15
8031,4864,15,1,159.55,0.0
8032,4864,35,1,62.83,0.15
8033,4864,34,1,327.63,0.0
8034,4865,45,1,70.43,0.2
8035,4866,10,1,418.35,0.2
8036,4867,22,3,410.91,0.0
8037,4867,18,1,44.33,0.0
8038,4868,68,2,238.62,0.0
8039,4868,28,2,324.88,0.1
8040,4869,57,3,100.82,0.0
8041,4870,10,1,418.35,0.1
8042,4871,69,1,98.01,0.0
8043,4872,21,1,134.9,0.0
8044,4872,72,1,139.44,0.0
8045,4873,26,2,326.44,0.0
8046,4874,14,2,247.01,0.05
8047,4875,30,1,431.14,0.15
8048,4876,72,2,139.44,0.0
8049,4877,17,1,396.49,0.05
8050,4877,61,1,404.71,0.1
8051,4878,13,1,288.11,0.0
8052,4878,46,2,210.09,0.1
8053,4879,42,2,232.44,0.05
8054,4880,4,1,188.28,0.15
8055,4881,33,1,233.82,0.0
8056,4881,25,1,430.21,0.05
8057,4882,39,1,78.78,0.15
8058,4883,39,1,78.78,0.0
8059,4883,51,1,25.91,0.1
8060,4884,37,1,131.27,0.2
8061,4885,38,1,173.95,0.0
8062,4885,36,1,95.73,0.15
8063,4886,69,1,98.01,0.0
8064,4886,29,1,259.96,0.0
8065,4887,5,2,441.19,0.1
8066,4887,48,1,67.66,0.2
8067,4888,11,1,71.32,0.05
8068,4889,44,1,270.79,0.0
8069,4890,27,1,228.1,0.05
8070,4891,19,2,412.27,0.0
8071,4892,12,1,206.84,0.1
8072,4893,45,1,70.43,0.0
8073,4893,7,1,290.09,0.1
8074,4894,35,1,62.83,0.0
8075,4894,59,1,360.15,0.0
8076,4895,54,1,180.14,0.0
8077,4895,29,2,259.96,0.05
8078,4896,44,1,270.79,0.0
8079,4896,17,2,396.49,0.05
8080,4896,6,1,416.95,0.0
8081,4897,55,1,238.87,0.05
8082,4898,14,1,247.01,0.0
8083,4899,1,1,374.81,0.0
8084,4900,19,2,412.27,0.0
8085,4900,31,1,109.88,0.0
8086,4900,45,1,70.43,0.2
8087,4901,28,1,324.88,0.0
8088,4901,61,1,404.71,0.05
8089,4902,5,1,441.19,0.0
8090,4902,58,3,370.96,0.05
8091,4903,14,1,247.01,0.0
8092,4904,71,1,438.52,0.1
8093,4904,56,1,448.94,0.0
8094,4905,59,1,360.15,0.0
8095,4905,8,2,178.2,0.0
8096,4905,16,1,230.72,0.05
8097,4906,12,1,206.84,0.0
8098,4906,7,1,290.09,0.0
8099,4907,60,1,133.04,0.0
8100,4907,23,1,411.01,0.0
8101,4908,64,1,401.71,0.0
8102,4909,43,2,246.42,0.1
8103,4909,20,1,79.38,0.0
8104,4910,38,1,173.95,0.15
8105,4911,43,1,246.42,0.0
8106,4912,65,1,299.72,0.0
8107,4912,3,1,156.81,0.0
8108,4912,72,1,139.44,0.15
8109,4912,57,1,100.82,0.0
8110,4913,22,3,410.91,0.0
8111,4914,46,1,210.09,0.0
8112,4914,31,1,109.88,0.0
8113,4914,68,1,238.62,0.05
8114,4915,38,1,173.95,0.05
8115,4916,64,1,401.71,0.2
8116,4916,36,1,95.73,0.0
8117,4917,64,1,401.71,0.2
8118,4917,3,1,156.81,0.05
8119,4918,54,2,180.14,0.1
8120,4918,40,3,85.38,0.05
8121,4919,43,1,246.42,0.05
8122,4919,59,1,360.15,0.0
8123,4920,37,2,131.27,0.0
8124,4921,49,2,399.06,0.2
8125,4922,50,1,432.01,0.0
8126,4922,57,1,100.82,0.2
8127,4922,72,1,139.44,0.1
8128,4923,27,1,228.1,0.1
8129,4923,44,1,270.79,0.0
8130,4924,42,1,232.44,0.0
8131,4925,59,1,360.15,0.0
8132,4925,69,1,98.01,0.0
8133,4925,26,1,326.44,0.05
8134,4926,12,1,206.84,0.15
8135,4926,41,1,409.66,0.0
8136,4926,44,1,270.79,0.0
8137,4927,41,1,409.66,0.05
8138,4928,22,1,410.91,0.0
8139,4928,26,1,326.44,0.0
8140,4929,29,1,259.96,0.0
8141,4930,5,1,441.19,0.0
8142,4931,50,1,432.01,0.0
8143,4932,68,1,238.62,0.15
8144,4933,17,1,396.49,0.1
8145,4934,34,1,327.63,0.0
8146,4935,47,2,359.13,0.15
8147,4936,66,1,46.76,0.05
8148,4936,72,1,139.44,0.0
8149,4937,11,2,71.32,0.0
8150,4938,2,1,225.21,0.0
8151,4939,57,1,100.82,0.0
8152,4939,52,1,372.88,0.0
8153,4939,27,1,228.1,0.1
8154,4940,47,1,359.13,0.05
8155,4940,37,1,131.27,0.0
8156,4940,32,1,200.98,0.2
8157,4941,58,1,370.96,0.05
8158,4942,53,1,280.66,0.0
8159,4942,5,1,441.19,0.0
8160,4942,59,2,360.15,0.15
8161,4942,57,3,100.82,0.0
8162,4943,62,1,80.44,0.1
8163,4943,16,1,230.72,0.0
8164,4944,69,1,98.01,0.0
8165,4945,10,1,418.35,0.0
8166,4945,64,1,401.71,0.0
8167,4946,29,1,259.96,0.15
8168,4947,8,1,178.2,0.0
8169,4948,18,1,44.33,0.2
8170,4949,60,2,133.04,0.05
8171,4949,59,1,360.15,0.0
8172,4949,22,1,410.91,0.0
8173,4950,11,1,71.32,0.05
8174,4951,45,2,70.43,0.05
8175,4952,41,1,409.66,0.0
8176,4952,66,1,46.76,0.0
8177,4953,36,1,95.73,0.1
8178,4953,16,1,230.72,0.0
8179,4954,19,1,412.27,0.05
8180,4954,47,1,359.13,0.0
8181,4954,33,1,233.82,0.0
8182,4955,26,1,326.44,0.0
8183,4956,9,1,199.05,0.0
8184,4957,39,1,78.78,0.0
8185,4958,2,2,225.21,0.0
8186,4959,29,2,259.96,0.0
8187,4960,53,1,280.66,0.0
8188,4960,2,1,225.21,0.2
8189,4961,54,1,180.14,0.05
8190,4962,43,1,246.42,0.0
8191,4963,47,1,359.13,0.0
8192,4964,68,1,238.62,0.1
8193,4965,7,1,290.09,0.05
8194,4965,9,1,199.05,0.0
8195,4966,35,1,62.83,0.0
8196,4967,24,1,439.98,0.0
8197,4967,67,1,239.77,0.15
8198,4968,34,1,327.63,0.05
8199,4968,26,1,326.44,0.0
8200,4968,55,1,238.87,0.0
8201,4968,49,1,399.06,0.2
8202,4969,32,1,200.98,0.05
8203,4970,69,1,98.01,0.05
8204,4971,58,2,370.96,0.0
8205,4971,16,1,230.72,0.0
8206,4972,60,1,133.04,0.1
8207,4973,33,1,233.82,0.1
8208,4974,72,1,139.44,0.0
8209,4974,2,1,225.21,0.05
8210,4975,46,1,210.09,0.0
8211,4975,68,1,238.62,0.05
8212,4975,30,1,431.14,0.0
8213,4975,17,1,396.49,0.0
8214,4976,31,1,109.88,0.0
8215,4977,72,1,139.44,0.0
8216,4978,52,1,372.88,0.0
8217,4979,70,1,92.51,0.0
8218,4980,52,1,372.88,0.0
8219,4980,21,1,134.9,0.0
8220,4981,10,3,418.35,0.0
8221,4982,15,1,159.55,0.0
8222,4982,22,1,410.91,0.0
8223,4982,37,1,131.27,0.05
8224,4983,44,1,270.79,0.0
8225,4983,27,1,228.1,0.0
8226,4983,2,1,225.21,0.2
8227,4984,5,1,441.19,0.0
8228,4984,13,1,288.11,0.0
8229,4984,65,1,299.72,0.0
8230,4985,40,2,85.38,0.05
8231,4986,26,1,326.44,0.1
8232,4987,42,1,232.44,0.0
8233,4987,57,1,100.82,0.0
8234,4987,45,3,70.43,0.0
8235,4988,22,1,410.91,0.15
8236,4989,2,1,225.21,0.05
8237,4990,23,1,411.01,0.0
8238,4991,17,1,396.49,0.1
8239,4991,72,1,139.44,0.05
8240,4992,65,1,299.72,0.0
8241,4992,52,1,372.88,0.0
8242,4992,6,1,416.95,0.0
8243,4993,39,1,78.78,0.0
8244,4994,71,1,438.52,0.0
8245,4994,38,1,173.95,0.05
8246,4995,62,2,80.44,0.0
8247,4996,64,1,401.71,0.05
8248,4997,21,1,134.9,0.15
8249,4998,32,1,200.98,0.0
8250,4999,6,2,416.95,0.1
8251,5000,10,3,418.35,0.0
8252,5001,8,1,178.2,0.0
8253,5001,18,1,44.33,0.0
8254,5002,11,1,71.32,0.0
8255,5002,69,1,98.01,0.0
8256,5002,47,1,359.13,0.2
8257,5003,12,1,206.84,0.0
8258,5004,24,1,439.98,0.0
8259,5004,14,1,247.01,0.1
8260,5005,19,1,412.27,0.15
8261,5005,35,2,62.83,0.0
8262,5005,68,1,238.62,0.0
8263,5006,14,2,247.01,0.1
8264,5006,47,1,359.13,0.05
8265,5007,33,1,233.82,0.15
8266,5007,18,1,44.33,0.15
8267,5007,20,1,79.38,0.0
8268,5008,42,1,232.44,0.1
8269,5009,66,1,46.76,0.2
8270,5010,27,1,228.1,0.05
8271,5011,27,1,228.1,0.0
8272,5011,69,1,98.01,0.0
8273,5012,63,1,394.04,0.15
8274,5013,31,1,109.88,0.0
8275,5013,70,1,92.51,0.0
8276,5014,41,1,409.66,0.0
8277,5014,12,1,206.84,0.1
8278,5014,32,3,200.98,0.0
8279,5014,53,1,280.66,0.1
8280,5015,24,1,439.98,0.0
8281,5015,15,1,159.55,0.15
8282,5016,67,1,239.77,0.0
8283,5017,26,1,326.44,0.0
8284,5017,2,1,225.21,0.0
8285,5017,69,1,98.01,0.0
8286,5018,61,1,404.71,0.2
8287,5019,48,1,67.66,0.1
8288,5019,45,1,70.43,0.0
8289,5019,71,1,438.52,0.05
8290,5020,57,1,100.82,0.15
8291,5020,11,1,71.32,0.0
8292,5021,35,2,62.83,0.2
8293,5022,72,1,139.44,0.0
8294,5022,9,1,199.05,0.0
8295,5023,49,1,399.06,0.0
8296,5023,33,1,233.82,0.1
8297,5024,17,3,396.49,0.05
8298,5024,12,1,206.84,0.0
8299,5024,66,1,46.76,0.0
8300,5025,40,1,85.38,0.1
8301,5026,64,1,401.71,0.0
8302,5026,12,2,206.84,0.0
8303,5027,23,2,411.01,0.15
8304,5028,38,1,173.95,0.05
8305,5029,9,1,199.05,0.1
8306,5030,41,2,409.66,0.0
8307,5031,26,1,326.44,0.0
8308,5031,22,1,410.91,0.0
8309,5032,62,1,80.44,0.0
8310,5033,72,1,139.44,0.0
8311,5033,28,2,324.88,0.05
8312,5034,48,1,67.66,0.05
8313,5034,65,1,299.72,0.0
8314,5035,33,1,233.82,0.0
8315,5036,5,1,441.19,0.0
8316,5036,46,1,210.09,0.0
8317,5036,1,1,374.81,0.05
8318,5037,6,1,416.95,0.0
8319,5038,23,1,411.01,0.0
8320,5039,70,2,92.51,0.15
8321,5040,46,1,210.09,0.05
8322,5040,15,2,159.55,0.0
8323,5040,1,1,374.81,0.1
8324,5041,4,1,188.28,0.2
8325,5041,47,2,359.13,0.0
8326,5041,1,1,374.81,0.0
8327,5041,7,1,290.09,0.0
8328,5042,55,1,238.87,0.15
8329,5043,24,1,439.98,0.1
8330,5044,3,3,156.81,0.0
8331,5045,15,1,159.55,0.05
8332,5046,57,1,100.82,0.0
8333,5046,42,2,232.44,0.05
8334,5047,27,1,228.1,0.0
8335,5048,47,1,359.13,0.05
8336,5049,38,1,173.95,0.0
8337,5049,55,1,238.87,0.15
8338,5050,4,1,188.28,0.0
8339,5050,35,2,62.83,0.15
8340,5051,41,2,409.66,0.05
8341,5052,2,1,225.21,0.05
8342,5052,58,1,370.96,0.0
8343,5053,20,1,79.38,0.0
8344,5054,41,1,409.66,0.0
8345,5055,1,1,374.81,0.1
8346,5055,49,1,399.06,0.0
8347,5055,42,1,232.44,0.0
8348,5056,23,1,411.01,0.0
8349,5057,45,3,70.43,0.0
8350,5057,17,1,396.49,0.15
8351,5057,71,1,438.52,0.0
8352,5057,34,1,327.63,0.05
8353,5058,72,3,139.44,0.0
8354,5059,41,1,409.66,0.0
8355,5060,59,1,360.15,0.0
8356,5061,45,1,70.43,0.0
8357,5062,3,1,156.81,0.15
8358,5063,7,1,290.09,0.0
8359,5063,6,1,416.95,0.0
8360,5063,56,1,448.94,0.0
8361,5064,30,1,431.14,0.2
8362,5065,60,1,133.04,0.0
8363,5066,1,1,374.81,0.0
8364,5067,45,1,70.43,0.05
8365,5068,57,1,100.82,0.05
8366,5069,45,2,70.43,0.15
8367,5070,6,2,416.95,0.0
8368,5071,28,2,324.88,0.0
8369,5071,53,1,280.66,0.0
8370,5071,67,1,239.77,0.0
8371,5072,54,1,180.14,0.2
8372,5073,5,2,441.19,0.05
8373,5073,39,1,78.78,0.1
8374,5074,46,1,210.09,0.1
8375,5075,31,1,109.88,0.05
8376,5075,2,1,225.21,0.0
8377,5076,11,1,71.32,0.0
8378,5077,20,1,79.38,0.0
8379,5077,12,1,206.84,0.0
8380,5077,43,1,246.42,0.0
8381,5078,57,2,100.82,0.0
8382,5079,56,1,448.94,0.2
8383,5080,44,1,270.79,0.0
8384,5080,31,1,109.88,0.0
8385,5081,46,1,210.09,0.0
8386,5081,59,2,360.15,0.0
8387,5082,1,1,374.81,0.0
8388,5083,7,1,290.09,0.05
8389,5083,32,2,200.98,0.0
8390,5084,55,1,238.87,0.05
8391,5085,25,1,430.21,0.0
8392,5085,44,1,270.79,0.05
8393,5086,12,1,206.84,0.0
8394,5087,69,1,98.01,0.0
8395,5087,51,1,25.91,0.1
8396,5088,57,1,100.82,0.0
8397,5088,12,1,206.84,0.05
8398,5089,61,1,404.71,0.05
8399,5090,51,1,25.91,0.1
8400,5091,11,1,71.32,0.1
8401,5092,30,1,431.14,0.05
8402,5093,23,2,411.01,0.05
8403,5093,40,1,85.38,0.05
8404,5093,4,3,188.28,0.0
8405,5094,61,1,404.71,0.0
8406,5094,14,1,247.01,0.1
8407,5094,11,1,71.32,0.0
8408,5094,33,1,233.82,0.1
8409,5095,4,1,188.28,0.0
8410,5096,58,1,370.96,0.0
8411,5097,49,1,399.06,0.0
8412,5098,34,2,327.63,0.0
8413,5098,43,1,246.42,0.15
8414,5099,62,2,80.44,0.1
8415,5100,62,1,80.44,0.1
8416,5101,43,2,246.42,0.2
8417,5102,24,1,439.98,0.0
8418,5103,48,1,67.66,0.1
8419,5103,49,2,399.06,0.05
8420,5104,30,1,431.14,0.0
8421,5104,21,1,134.9,0.0
8422,5104,33,2,233.82,0.0
8423,5105,12,1,206.84,0.0
8424,5106,30,1,431.14,0.05
8425,5107,35,1,62.83,0.0
8426,5107,43,2,246.42,0.05
8427,5108,2,1,225.21,0.0
8428,5109,15,1,159.55,0.0
8429,5110,43,1,246.42,0.05
8430,5111,71,1,438.52,0.1
8431,5112,65,1,299.72,0.0
8432,5113,45,3,70.43,0.0
8433,5113,70,2,92.51,0.05
8434,5113,72,1,139.44,0.05
8435,5114,69,1,98.01,0.0
8436,5115,13,1,288.11,0.0
8437,5116,26,2,326.44,0.1
8438,5117,71,1,438.52,0.0
8439,5118,20,2,79.38,0.1
8440,5119,55,2,238.87,0.05
8441,5120,11,1,71.32,0.05
8442,5120,46,1,210.09,0.0
8443,5120,1,1,374.81,0.0
8444,5121,35,2,62.83,0.05
8445,5122,29,1,259.96,0.0
8446,5123,48,1,67.66,0.0
8447,5124,43,1,246.42,0.0
8448,5124,26,1,326.44,0.0
8449,5124,33,1,233.82,0.0
8450,5124,47,1,359.13,0.0
8451,5125,61,1,404.71,0.0
8452,5126,54,1,180.14,0.0
8453,5126,55,3,238.87,0.0
8454,5127,48,1,67.66,0.0
8455,5127,9,2,199.05,0.0
8456,5128,6,1,416.95,0.0
8457,5129,26,1,326.44,0.0
8458,5129,22,1,410.91,0.15
8459,5130,18,1,44.33,0.05
8460,5130,54,1,180.14,0.0
8461,5130,24,1,439.98,0.0
8462,5131,6,1,416.95,0.2
8463,5132,63,2,394.04,0.0
8464,5132,1,1,374.81,0.0
8465,5133,19,1,412.27,0.0
8466,5133,57,1,100.82,0.0
8467,5133,50,1,432.01,0.05
8468,5133,31,1,109.88,0.0
8469,5134,4,1,188.28,0.0
8470,5135,71,1,438.52,0.05
8471,5136,17,2,396.49,0.2
8472,5137,54,1,180.14,0.15
8473,5137,58,1,370.96,0.05
8474,5137,26,1,326.44,0.0
8475,5137,44,1,270.79,0.05
8476,5138,48,1,67.66,0.0
8477,5139,48,2,67.66,0.1
8478,5139,71,1,438.52,0.0
8479,5140,33,1,233.82,0.0
8480,5140,48,3,67.66,0.0
8481,5141,22,1,410.91,0.0
8482,5141,43,1,246.42,0.0
8483,5141,66,1,46.76,0.0
8484,5141,4,1,188.28,0.0
8485,5142,49,2,399.06,0.05
8486,5142,32,1,200.98,0.05
8487,5142,67,1,239.77,0.0
8488,5143,49,1,399.06,0.0
8489,5143,40,1,85.38,0.05
8490,5144,68,1,238.62,0.15
8491,5145,69,1,98.01,0.0
8492,5146,12,2,206.84,0.0
8493,5147,70,2,92.51,0.0
8494,5148,27,1,228.1,0.0
8495,5148,12,1,206.84,0.15
8496,5149,51,1,25.91,0.0
8497,5150,2,1,225.21,0.15
8498,5150,18,3,44.33,0.15
8499,5151,45,1,70.43,0.0
8500,5151,33,1,233.82,0.0
8501,5152,11,1,71.32,0.0
8502,5153,66,1,46.76,0.1
8503,5153,64,1,401.71,0.0
8504,5153,65,1,299.72,0.0
8505,5154,9,1,199.05,0.0
8506,5154,54,2,180.14,0.0
8507,5155,64,2,401.71,0.0
8508,5155,72,1,139.44,0.0
8509,5156,24,1,439.98,0.05
8510,5157,27,1,228.1,0.0
8511,5157,19,1,412.27,0.05
8512,5157,15,1,159.55,0.0
8513,5157,48,1,67.66,0.0
8514,5158,15,1,159.55,0.15
8515,5158,56,1,448.94,0.2
8516,5159,70,1,92.51,0.0
8517,5159,39,1,78.78,0.0
8518,5160,57,1,100.82,0.0
8519,5161,4,1,188.28,0.0
8520,5162,25,1,430.21,0.0
8521,5162,67,1,239.77,0.0
8522,5162,7,1,290.09,0.1
8523,5162,40,1,85.38,0.0
8524,5163,35,1,62.83,0.0
8525,5163,70,1,92.51,0.0
8526,5164,54,1,180.14,0.0
8527,5165,12,1,206.84,0.0
8528,5165,40,1,85.38,0.0
8529,5165,56,1,448.94,0.0
8530,5166,37,1,131.27,0.0
8531,5166,42,1,232.44,0.0
8532,5166,12,1,206.84,0.1
8533,5167,8,1,178.2,0.0
8534,5168,51,1,25.91,0.0
8535,5169,26,2,326.44,0.05
8536,5170,41,1,409.66,0.0
8537,5170,70,1,92.51,0.2
8538,5170,5,1,441.19,0.15
8539,5170,63,1,394.04,0.0
8540,5171,6,1,416.95,0.0
8541,5171,36,3,95.73,0.15
8542,5172,49,1,399.06,0.05
8543,5172,32,1,200.98,0.0
8544,5173,61,1,404.71,0.2
8545,5173,16,1,230.72,0.1
8546,5173,36,2,95.73,0.05
8547,5174,61,2,404.71,0.0
8548,5174,48,1,67.66,0.15
8549,5174,58,3,370.96,0.0
8550,5174,12,1,206.84,0.05
8551,5175,68,1,238.62,0.0
8552,5176,40,1,85.38,0.1
8553,5177,58,1,370.96,0.0
8554,5178,55,1,238.87,0.0
8555,5179,40,1,85.38,0.0
8556,5179,17,1,396.49,0.15
8557,5180,62,1,80.44,0.0
8558,5180,2,1,225.21,0.1
8559,5180,23,1,411.01,0.1
8560,5181,59,1,360.15,0.0
8561,5181,36,3,95.73,0.0
8562,5181,54,1,180.14,0.0
8563,5182,54,1,180.14,0.05
8564,5183,38,1,173.95,0.0
8565,5183,65,1,299.72,0.0
8566,5183,35,1,62.83,0.05
8567,5184,39,1,78.78,0.0
8568,5185,22,1,410.91,0.15
8569,5185,27,3,228.1,0.0
8570,5186,35,2,62.83,0.1
8571,5187,4,1,188.28,0.05
8572,5188,49,1,399.06,0.0
8573,5189,62,1,80.44,0.0
8574,5189,42,2,232.44,0.0
8575,5189,14,1,247.01,0.0
8576,5190,61,1,404.71,0.2
8577,5190,1,3,374.81,0.0
8578,5191,61,1,404.71,0.0
8579,5192,16,1,230.72,0.0
8580,5193,62,1,80.44,0.1
8581,5193,20,1,79.38,0.1
8582,5194,72,1,139.44,0.1
8583,5194,8,1,178.2,0.15
8584,5194,34,1,327.63,0.05
8585,5194,64,1,401.71,0.1
8586,5195,39,3,78.78,0.0
8587,5196,4,3,188.28,0.1
8588,5196,18,1,44.33,0.1
8589,5197,25,1,430.21,0.2
8590,5197,39,1,78.78,0.0
8591,5197,23,2,411.01,0.05
8592,5197,49,1,399.06,0.0
8593,5198,36,1,95.73,0.0
8594,5199,35,2,62.83,0.2
8595,5199,70,1,92.51,0.1
8596,5200,43,1,246.42,0.05
8597,5201,47,1,359.13,0.2
8598,5202,38,1,173.95,0.0
8599,5203,69,1,98.01,0.0
8600,5204,47,1,359.13,0.0
8601,5205,57,1,100.82,0.0
8602,5206,12,1,206.84,0.05
8603,5206,25,2,430.21,0.0
8604,5206,45,1,70.43,0.0
8605,5207,56,2,448.94,0.0
8606,5207,61,1,404.71,0.0
8607,5208,69,2,98.01,0.0
8608,5209,59,2,360.15,0.0
8609,5209,54,2,180.14,0.1
8610,5209,2,1,225.21,0.0
8611,5210,6,1,416.95,0.0
8612,5210,4,1,188.28,0.1
8613,5211,5,1,441.19,0.0
8614,5212,24,1,439.98,0.0
8615,5212,51,2,25.91,0.0
8616,5213,33,1,233.82,0.0
8617,5213,53,1,280.66,0.1
8618,5214,57,1,100.82,0.0
8619,5215,14,1,247.01,0.1
8620,5215,47,1,359.13,0.2
8621,5216,27,1,228.1,0.0
8622,5217,67,1,239.77,0.0
8623,5217,7,1,290.09,0.05
8624,5218,2,1,225.21,0.0
8625,5219,54,2,180.14,0.05
8626,5219,55,1,238.87,0.0
8627,5220,68,1,238.62,0.0
8628,5221,37,2,131.27,0.0
8629,5222,26,1,326.44,0.0
8630,5223,4,1,188.28,0.05
8631,5224,17,1,396.49,0.0
8632,5225,23,1,411.01,0.0
8633,5226,56,1,448.94,0.0
8634,5227,40,2,85.38,0.15
8635,5228,65,1,299.72,0.2
8636,5228,1,1,374.81,0.1
8637,5228,54,2,180.14,0.0
8638,5229,54,1,180.14,0.0
8639,5230,72,1,139.44,0.2
8640,5231,65,1,299.72,0.15
8641,5231,37,1,131.27,0.05
8642,5232,6,1,416.95,0.0
8643,5233,68,1,238.62,0.05
8644,5234,48,2,67.66,0.1
8645,5235,19,1,412.27,0.0
8646,5235,5,1,441.19,0.05
8647,5236,2,3,225.21,0.0
8648,5237,58,1,370.96,0.2
8649,5237,27,1,228.1,0.0
8650,5238,60,1,133.04,0.0
8651,5239,32,2,200.98,0.05
8652,5239,68,1,238.62,0.05
8653,5240,64,1,401.71,0.1
8654,5240,18,1,44.33,0.05
8655,5241,36,2,95.73,0.0
8656,5242,64,1,401.71,0.2
8657,5242,44,2,270.79,0.0
8658,5243,62,1,80.44,0.15
8659,5243,54,2,180.14,0.1
8660,5243,19,1,412.27,0.0
8661,5244,63,3,394.04,0.2
8662,5245,63,1,394.04,0.2
8663,5246,27,1,228.1,0.0
8664,5246,41,1,409.66,0.0
8665,5247,31,2,109.88,0.0
8666,5247,36,1,95.73,0.0
8667,5247,69,1,98.01,0.0
8668,5248,12,1,206.84,0.05
8669,5248,3,2,156.81,0.0
8670,5248,57,2,100.82,0.0
8671,5249,45,1,70.43,0.0
8672,5249,58,1,370.96,0.0
8673,5250,4,2,188.28,0.15
8674,5251,15,1,159.55,0.0
8675,5252,48,1,67.66,0.0
8676,5252,53,1,280.66,0.0
8677,5253,62,1,80.44,0.05
8678,5253,60,2,133.04,0.15
8679,5254,29,1,259.96,0.0
8680,5254,9,3,199.05,0.0
8681,5254,65,1,299.72,0.0
8682,5255,57,1,100.82,0.2
8683,5256,3,2,156.81,0.0
8684,5257,21,1,134.9,0.05
8685,5258,49,1,399.06,0.0
8686,5258,70,2,92.51,0.0
8687,5259,68,1,238.62,0.15
8688,5260,16,1,230.72,0.1
8689,5260,51,1,25.91,0.15
8690,5261,4,1,188.28,0.05
8691,5261,12,1,206.84,0.15
8692,5262,71,1,438.52,0.05
8693,5262,30,1,431.14,0.0
8694,5263,44,2,270.79,0.0
8695,5263,17,1,396.49,0.0
8696,5264,52,1,372.88,0.2
8697,5265,22,1,410.91,0.0
8698,5266,6,2,416.95,0.0
8699,5267,62,1,80.44,0.15
8700,5268,17,1,396.49,0.0
8701,5268,19,1,412.27,0.0
8702,5269,52,1,372.88,0.0
8703,5270,26,1,326.44,0.0
8704,5270,46,1,210.09,0.15
8705,5271,39,2,78.78,0.0
8706,5271,8,1,178.2,0.0
8707,5272,58,1,370.96,0.15
8708,5273,39,1,78.78,0.05
8709,5273,53,1,280.66,0.15
8710,5273,22,1,410.91,0.1
8711,5274,1,1,374.81,0.0
8712,5275,4,1,188.28,0.0
8713,5275,5,1,441.19,0.1
8714,5276,8,1,178.2,0.15
8715,5277,14,1,247.01,0.1
8716,5277,25,1,430.21,0.15
8717,5277,37,1,131.27,0.0
8718,5277,34,2,327.63,0.0
8719,5278,52,1,372.88,0.1
8720,5278,35,1,62.83,0.0
8721,5278,50,1,432.01,0.0
8722,5279,68,1,238.62,0.0
8723,5279,12,1,206.84,0.1
8724,5280,24,1,439.98,0.0
8725,5281,52,3,372.88,0.0
8726,5282,63,1,394.04,0.0
8727,5283,32,1,200.98,0.0
8728,5283,29,2,259.96,0.0
8729,5284,51,1,25.91,0.0
8730,5284,68,2,238.62,0.1
8731,5284,62,1,80.44,0.15
8732,5284,60,1,133.04,0.0
8733,5285,18,1,44.33,0.0
8734,5286,49,1,399.06,0.0
8735,5286,14,2,247.01,0.0
8736,5287,50,1,432.01,0.05
8737,5287,69,1,98.01,0.0
8738,5288,72,1,139.44,0.0
8739,5288,33,1,233.82,0.0
8740,5288,21,1,134.9,0.0
8741,5289,53,1,280.66,0.1
8742,5290,15,1,159.55,0.0
8743,5290,31,1,109.88,0.0
8744,5291,55,1,238.87,0.0
8745,5291,1,1,374.81,0.0
8746,5292,43,1,246.42,0.0
8747,5292,33,1,233.82,0.0
8748,5293,28,1,324.88,0.0
8749,5294,48,1,67.66,0.1
8750,5295,21,1,134.9,0.15
8751,5296,72,1,139.44,0.05
8752,5296,27,1,228.1,0.15
8753,5296,1,1,374.81,0.2
8754,5297,55,1,238.87,0.0
8755,5297,26,3,326.44,0.15
8756,5297,32,1,200.98,0.05
8757,5298,57,3,100.82,0.1
8758,5298,44,1,270.79,0.0
8759,5299,54,1,180.14,0.05
8760,5299,68,1,238.62,0.1
8761,5299,3,1,156.81,0.0
8762,5299,42,1,232.44,0.1
8763,5300,55,1,238.87,0.0
8764,5300,16,2,230.72,0.05
8765,5301,26,1,326.44,0.0
8766,5302,20,2,79.38,0.05
8767,5303,31,1,109.88,0.0
8768,5304,60,1,133.04,0.1
8769,5304,16,1,230.72,0.0
8770,5305,7,1,290.09,0.0
8771,5305,72,1,139.44,0.2
8772,5306,2,1,225.21,0.0
8773,5306,54,1,180.14,0.0
8774,5307,30,1,431.14,0.0
8775,5307,19,1,412.27,0.0
8776,5308,18,1,44.33,0.1
8777,5309,36,3,95.73,0.1
8778,5309,39,1,78.78,0.0
8779,5309,13,1,288.11,0.1
8780,5310,56,1,448.94,0.15
8781,5311,18,1,44.33,0.2
8782,5311,51,1,25.91,0.15
8783,5312,57,1,100.82,0.0
8784,5312,9,1,199.05,0.15
8785,5312,55,1,238.87,0.2
8786,5313,51,2,25.91,0.0
8787,5313,54,1,180.14,0.0
8788,5314,19,1,412.27,0.0
8789,5314,25,2,430.21,0.05
8790,5315,6,1,416.95,0.05
8791,5315,67,3,239.77,0.0
8792,5316,63,2,394.04,0.0
8793,5317,7,1,290.09,0.0
8794,5318,32,1,200.98,0.0
8795,5319,43,2,246.42,0.1
8796,5320,32,1,200.98,0.1
8797,5321,39,1,78.78,0.0
8798,5322,15,1,159.55,0.1
8799,5323,57,1,100.82,0.0
8800,5323,17,1,396.49,0.0
8801,5323,46,1,210.09,0.0
8802,5324,19,1,412.27,0.15
8803,5325,29,1,259.96,0.1
8804,5326,61,1,404.71,0.0
8805,5326,31,1,109.88,0.15
8806,5327,16,1,230.72,0.0
8807,5328,59,1,360.15,0.2
8808,5329,35,1,62.83,0.2
8809,5329,42,1,232.44,0.1
8810,5330,57,1,100.82,0.15
8811,5331,43,1,246.42,0.0
8812,5332,66,1,46.76,0.05
8813,5332,70,1,92.51,0.1
8814,5333,17,1,396.49,0.0
8815,5333,24,1,439.98,0.0
8816,5334,44,1,270.79,0.05
8817,5334,70,1,92.51,0.1
8818,5335,13,1,288.11,0.05
8819,5336,25,1,430.21,0.0
8820,5336,39,1,78.78,0.0
8821,5336,32,1,200.98,0.05
8822,5337,20,1,79.38,0.0
8823,5338,26,1,326.44,0.15
8824,5338,47,1,359.13,0.0
8825,5339,30,1,431.14,0.0
8826,5339,28,1,324.88,0.1
8827,5339,44,1,270.79,0.15
8828,5340,51,1,25.91,0.0
8829,5340,67,1,239.77,0.0
8830,5340,53,2,280.66,0.0
8831,5341,7,1,290.09,0.2
8832,5342,6,1,416.95,0.05
8833,5342,24,1,439.98,0.05
8834,5342,54,1,180.14,0.0
8835,5343,69,1,98.01,0.0
8836,5344,13,1,288.11,0.0
8837,5345,53,1,280.66,0.0
8838,5346,48,1,67.66,0.0
8839,5346,23,1,411.01,0.1
8840,5347,11,1,71.32,0.0
8841,5347,29,1,259.96,0.0
8842,5348,38,2,173.95,0.0
8843,5349,9,1,199.05,0.0
8844,5350,60,1,133.04,0.0
8845,5351,5,1,441.19,0.0
8846,5351,17,1,396.49,0.05
8847,5352,45,3,70.43,0.0
8848,5352,65,1,299.72,0.0
8849,5353,10,1,418.35,0.0
8850,5353,1,2,374.81,0.0
8851,5353,5,1,441.19,0.0
8852,5354,59,1,360.15,0.1
8853,5355,32,2,200.98,0.2
8854,5356,53,2,280.66,0.2
8855,5357,15,1,159.55,0.0
8856,5358,28,1,324.88,0.0
8857,5358,71,2,438.52,0.0
8858,5359,48,1,67.66,0.0
8859,5359,37,3,131.27,0.0
8860,5360,17,1,396.49,0.0
8861,5361,14,1,247.01,0.0
8862,5362,42,1,232.44,0.0
8863,5363,30,2,431.14,0.05
8864,5364,46,3,210.09,0.0
8865,5365,6,1,416.95,0.0
8866,5365,41,1,409.66,0.1
8867,5366,23,1,411.01,0.1
8868,5366,47,1,359.13,0.0
8869,5367,55,1,238.87,0.0
8870,5368,62,1,80.44,0.0
8871,5368,64,2,401.71,0.0
8872,5368,7,3,290.09,0.0
8873,5368,45,1,70.43,0.0
8874,5369,23,1,411.01,0.0
8875,5369,66,3,46.76,0.1
8876,5370,6,1,416.95,0.05
8877,5370,49,1,399.06,0.15
8878,5371,23,2,411.01,0.0
8879,5372,23,1,411.01,0.2
8880,5372,5,2,441.19,0.05
8881,5373,41,1,409.66,0.05
8882,5374,24,1,439.98,0.0
8883,5375,26,1,326.44,0.0
8884,5376,17,1,396.49,0.0
8885,5377,63,1,394.04,0.1
8886,5378,41,1,409.66,0.0
8887,5379,34,1,327.63,0.0
8888,5379,61,1,404.71,0.0
8889,5379,11,1,71.32,0.0
8890,5379,36,1,95.73,0.0
8891,5380,44,1,270.79,0.0
8892,5381,4,1,188.28,0.0
8893,5381,61,3,404.71,0.0
8894,5382,51,1,25.91,0.0
8895,5383,15,1,159.55,0.0
8896,5384,2,1,225.21,0.05
8897,5385,24,1,439.98,0.2
8898,5386,70,1,92.51,0.15
8899,5386,26,2,326.44,0.0
8900,5386,11,1,71.32,0.0
8901,5387,39,1,78.78,0.0
8902,5388,30,1,431.14,0.0
8903,5388,17,2,396.49,0.0
8904,5389,30,1,431.14,0.0
8905,5390,4,1,188.28,0.05
8906,5391,69,3,98.01,0.2
8907,5392,59,1,360.15,0.0
8908,5393,59,2,360.15,0.0
8909,5393,45,1,70.43,0.1
8910,5394,53,1,280.66,0.0
8911,5395,7,1,290.09,0.15
8912,5395,27,1,228.1,0.0
8913,5396,11,1,71.32,0.1
8914,5396,12,1,206.84,0.0
8915,5397,35,1,62.83,0.1
8916,5398,7,1,290.09,0.0
8917,5398,27,3,228.1,0.1
8918,5399,13,2,288.11,0.0
8919,5400,23,1,411.01,0.0
8920,5400,56,1,448.94,0.05
8921,5400,34,1,327.63,0.05
8922,5400,50,1,432.01,0.05
8923,5401,29,1,259.96,0.0
8924,5401,8,1,178.2,0.15
8925,5402,47,1,359.13,0.0
8926,5403,42,1,232.44,0.1
8927,5404,70,1,92.51,0.1
8928,5405,11,1,71.32,0.0
8929,5406,7,1,290.09,0.0
8930,5406,62,1,80.44,0.1
8931,5407,25,2,430.21,0.05
8932,5408,50,1,432.01,0.0
8933,5408,14,1,247.01,0.1
8934,5409,37,1,131.27,0.0
8935,5409,72,1,139.44,0.0
8936,5410,61,1,404.71,0.05
8937,5411,53,1,280.66,0.0
8938,5412,34,1,327.63,0.1
8939,5413,49,1,399.06,0.0
8940,5413,41,1,409.66,0.15
8941,5414,70,1,92.51,0.0
8942,5415,29,1,259.96,0.0
8943,5416,51,1,25.91,0.05
8944,5417,55,1,238.87,0.0
8945,5417,33,1,233.82,0.0
8946,5418,47,1,359.13,0.0
8947,5419,12,1,206.84,0.0
8948,5420,27,1,228.1,0.0
8949,5421,5,1,441.19,0.0
8950,5422,28,1,324.88,0.15
8951,5422,41,1,409.66,0.2
8952,5422,2,1,225.21,0.1
8953,5423,3,1,156.81,0.0
8954,5423,9,1,199.05,0.15
8955,5424,64,1,401.71,0.05
8956,5424,72,1,139.44,0.0
8957,5425,13,3,288.11,0.0
8958,5426,52,1,372.88,0.0
8959,5427,3,1,156.81,0.05
8960,5428,57,1,100.82,0.0
8961,5428,18,2,44.33,0.1
8962,5428,48,1,67.66,0.0
8963,5429,68,1,238.62,0.0
8964,5429,30,1,431.14,0.0
8965,5429,29,1,259.96,0.0
8966,5430,42,1,232.44,0.0
8967,5431,53,1,280.66,0.0
8968,5432,26,1,326.44,0.0
8969,5433,9,1,199.05,0.05
8970,5433,58,1,370.96,0.0
8971,5434,49,1,399.06,0.1
8972,5434,31,1,109.88,0.0
8973,5435,15,2,159.55,0.0
8974,5436,51,3,25.91,0.0
8975,5436,15,1,159.55,0.0
8976,5436,46,1,210.09,0.0
8977,5436,61,1,404.71,0.0
8978,5437,36,1,95.73,0.0
8979,5437,43,1,246.42,0.15
8980,5438,43,2,246.42,0.1
8981,5438,49,1,399.06,0.1
8982,5438,63,1,394.04,0.2
8983,5439,34,2,327.63,0.0
8984,5440,60,1,133.04,0.0
8985,5441,24,1,439.98,0.05
8986,5442,51,1,25.91,0.0
8987,5443,27,1,228.1,0.05
8988,5443,41,1,409.66,0.0
8989,5444,57,1,100.82,0.0
8990,5445,18,1,44.33,0.05
8991,5446,60,1,133.04,0.05
8992,5446,54,1,180.14,0.0
8993,5447,29,1,259.96,0.0
8994,5447,45,1,70.43,0.15
8995,5448,5,1,441.19,0.0
8996,5448,59,2,360.15,0.2
8997,5448,48,1,67.66,0.0
8998,5449,66,1,46.76,0.0
8999,5450,38,1,173.95,0.2
9000,5451,65,1,299.72,0.0
9001,5452,33,1,233.82,0.0
9002,5453,35,1,62.83,0.0
9003,5454,67,1,239.77,0.15
9004,5454,64,1,401.71,0.1
9005,5454,27,1,228.1,0.0
9006,5454,53,2,280.66,0.0
9007,5455,68,1,238.62,0.15
9008,5456,13,2,288.11,0.0
9009,5456,67,1,239.77,0.0
9010,5456,26,1,326.44,0.05
9011,5456,12,1,206.84,0.0
9012,5457,56,1,448.94,0.0
9013,5458,18,1,44.33,0.05
9014,5459,69,2,98.01,0.0
9015,5460,1,1,374.81,0.05
9016,5461,55,1,238.87,0.0
9017,5461,6,1,416.95,0.1
9018,5461,40,1,85.38,0.05
9019,5461,56,1,448.94,0.05
9020,5462,57,1,100.82,0.0
9021,5463,28,1,324.88,0.0
9022,5463,53,1,280.66,0.0
9023,5464,28,2,324.88,0.0
9024,5465,70,1,92.51,0.0
9025,5466,29,1,259.96,0.05
9026,5466,67,1,239.77,0.0
9027,5467,13,1,288.11,0.0
9028,5468,55,1,238.87,0.05
9029,5469,36,1,95.73,0.0
9030,5469,52,1,372.88,0.05
9031,5470,6,1,416.95,0.05
9032,5470,19,1,412.27,0.0
9033,5471,23,2,411.01,0.15
9034,5472,54,3,180.14,0.0
9035,5472,29,1,259.96,0.05
9036,5472,56,3,448.94,0.0
9037,5473,53,1,280.66,0.05
9038,5474,15,2,159.55,0.0
9039,5474,36,2,95.73,0.0
9040,5475,5,1,441.19,0.05
9041,5476,64,1,401.71,0.0
9042,5477,4,1,188.28,0.0
9043,5478,21,1,134.9,0.1
9044,5479,53,1,280.66,0.05
9045,5479,38,1,173.95,0.0
9046,5479,51,1,25.91,0.0
9047,5480,32,3,200.98,0.0
9048,5480,16,2,230.72,0.2
9049,5481,60,1,133.04,0.0
9050,5481,11,2,71.32,0.15
9051,5482,20,1,79.38,0.0
9052,5483,17,1,396.49,0.0
9053,5484,53,1,280.66,0.0
9054,5484,2,2,225.21,0.1
9055,5485,72,1,139.44,0.05
9056,5485,28,3,324.88,0.0
9057,5486,49,1,399.06,0.0
9058,5487,69,1,98.01,0.0
9059,5488,24,1,439.98,0.2
9060,5488,53,1,280.66,0.0
9061,5489,14,1,247.01,0.15
9062,5489,49,1,399.06,0.0
9063,5490,10,1,418.35,0.1
9064,5490,66,1,46.76,0.0
9065,5491,54,1,180.14,0.1
9066,5492,54,1,180.14,0.0
9067,5492,1,1,374.81,0.05
9068,5493,42,1,232.44,0.0
9069,5493,39,2,78.78,0.15
9070,5493,64,1,401.71,0.0
9071,5493,18,1,44.33,0.0
9072,5494,3,1,156.81,0.0
9073,5495,22,1,410.91,0.0
9074,5496,64,1,401.71,0.15
9075,5497,14,2,247.01,0.1
9076,5498,27,1,228.1,0.05
9077,5499,43,1,246.42,0.0
9078,5500,5,2,441.19,0.0
9079,5501,15,1,159.55,0.0
9080,5501,51,1,25.91,0.0
9081,5502,23,2,411.01,0.15
9082,5503,67,3,239.77,0.0
9083,5504,1,2,374.81,0.0
9084,5504,69,1,98.01,0.1
9085,5505,4,1,188.28,0.1
9086,5506,41,1,409.66,0.15
9087,5506,62,1,80.44,0.1
9088,5507,16,1,230.72,0.0
9089,5508,60,1,133.04,0.0
9090,5509,45,1,70.43,0.05
9091,5509,60,1,133.04,0.0
9092,5510,18,1,44.33,0.1
9093,5511,42,1,232.44,0.0
9094,5512,67,1,239.77,0.05
9095,5512,26,1,326.44,0.0
9096,5513,59,1,360.15,0.2
9097,5514,29,1,259.96,0.0
9098,5514,65,1,299.72,0.05
9099,5515,68,1,238.62,0.05
9100,5516,63,1,394.04,0.2
9101,5517,22,1,410.91,0.2
9102,5518,58,1,370.96,0.0
9103,5519,40,1,85.38,0.0
9104,5519,33,3,233.82,0.1
9105,5519,52,1,372.88,0.0
9106,5520,70,1,92.51,0.0
9107,5520,55,3,238.87,0.0
9108,5520,33,1,233.82,0.0
9109,5521,18,1,44.33,0.1
9110,5521,1,1,374.81,0.0
9111,5522,38,1,173.95,0.2
9112,5523,46,2,210.09,0.0
9113,5523,53,1,280.66,0.0
9114,5523,15,1,159.55,0.0
9115,5524,1,1,374.81,0.15
9116,5524,63,2,394.04,0.15
9117,5525,71,1,438.52,0.0
9118,5526,12,1,206.84,0.15
9119,5527,41,1,409.66,0.15
9120,5528,29,1,259.96,0.0
9121,5528,18,1,44.33,0.0
9122,5528,22,1,410.91,0.0
9123,5528,55,1,238.87,0.05
9124,5529,52,3,372.88,0.15
9125,5530,16,1,230.72,0.0
9126,5530,72,1,139.44,0.0
9127,5531,28,1,324.88,0.05
9128,5532,16,2,230.72,0.1
9129,5532,57,1,100.82,0.05
9130,5533,13,1,288.11,0.0
9131,5534,57,1,100.82,0.0
9132,5534,20,1,79.38,0.0
9133,5535,51,1,25.91,0.0
9134,5536,17,2,396.49,0.0
9135,5536,40,1,85.38,0.1
9136,5537,17,1,396.49,0.05
9137,5538,31,2,109.88,0.0
9138,5538,7,1,290.09,0.0
9139,5539,12,1,206.84,0.0
9140,5540,22,1,410.91,0.0
9141,5540,17,2,396.49,0.0
9142,5541,42,2,232.44,0.15
9143,5542,60,1,133.04,0.0
9144,5542,13,2,288.11,0.15
9145,5543,38,1,173.95,0.2
9146,5543,33,1,233.82,0.2
9147,5543,58,2,370.96,0.0
9148,5544,15,3,159.55,0.0
9149,5545,58,1,370.96,0.15
9150,5545,48,1,67.66,0.0
9151,5546,67,1,239.77,0.0
9152,5546,17,1,396.49,0.0
9153,5547,41,1,409.66,0.05
9154,5547,71,1,438.52,0.05
9155,5547,38,2,173.95,0.0
9156,5547,55,1,238.87,0.0
9157,5548,27,1,228.1,0.05
9158,5548,8,1,178.2,0.1
9159,5549,70,1,92.51,0.05
9160,5550,29,1,259.96,0.15
9161,5551,72,1,139.44,0.0
9162,5551,37,1,131.27,0.0
9163,5552,19,3,412.27,0.0
9164,5552,56,1,448.94,0.2
9165,5553,28,1,324.88,0.1
9166,5553,10,1,418.35,0.0
9167,5554,26,1,326.44,0.2
9168,5555,5,3,441.19,0.0
9169,5556,11,1,71.32,0.1
9170,5556,30,2,431.14,0.0
9171,5557,55,1,238.87,0.0
9172,5558,60,2,133.04,0.15
9173,5558,43,1,246.42,0.0
9174,5559,24,3,439.98,0.15
9175,5559,69,1,98.01,0.05
9176,5559,10,1,418.35,0.0
9177,5560,7,1,290.09,0.1
9178,5561,57,2,100.82,0.0
9179,5562,59,1,360.15,0.05
9180,5563,63,1,394.04,0.0
9181,5564,49,1,399.06,0.0
9182,5564,21,2,134.9,0.1
9183,5564,51,2,25.91,0.0
9184,5565,37,3,131.27,0.1
9185,5566,47,1,359.13,0.0
9186,5567,13,2,288.11,0.05
9187,5567,11,1,71.32,0.0
9188,5568,50,2,432.01,0.0
9189,5568,14,1,247.01,0.0
9190,5569,37,1,131.27,0.1
9191,5570,59,2,360.15,0.0
9192,5571,62,1,80.44,0.05
9193,5571,29,1,259.96,0.0
9194,5572,40,1,85.38,0.0
9195,5573,19,2,412.27,0.0
9196,5573,16,1,230.72,0.0
9197,5573,14,1,247.01,0.0
9198,5574,50,2,432.01,0.0
9199,5574,2,1,225.21,0.1
9200,5574,15,1,159.55,0.15
9201,5575,13,1,288.11,0.05
9202,5576,14,1,247.01,0.05
9203,5576,7,1,290.09,0.0
9204,5577,67,2,239.77,0.2
9205,5578,18,1,44.33,0.0
9206,5578,58,1,370.96,0.0
9207,5579,20,1,79.38,0.0
9208,5580,40,1,85.38,0.0
9209,5580,55,1,238.87,0.0
9210,5581,38,1,173.95,0.1
9211,5581,53,1,280.66,0.0
9212,5582,27,1,228.1,0.0
9213,5583,67,1,239.77,0.0
9214,5583,31,1,109.88,0.15
9215,5584,43,1,246.42,0.1
9216,5584,41,1,409.66,0.05
9217,5584,15,1,159.55,0.05
9218,5584,1,1,374.81,0.05
9219,5585,42,1,232.44,0.0
9220,5585,36,1,95.73,0.1
9221,5585,57,1,100.82,0.0
9222,5586,72,1,139.44,0.05
9223,5586,10,1,418.35,0.0
9224,5587,70,1,92.51,0.0
9225,5588,5,1,441.19,0.0
9226,5589,42,1,232.44,0.0
9227,5590,47,1,359.13,0.0
9228,5590,29,1,259.96,0.0
9229,5591,23,1,411.01,0.15
9230,5591,16,3,230.72,0.0
9231,5592,64,1,401.71,0.15
9232,5593,69,1,98.01,0.0
9233,5593,63,1,394.04,0.0
9234,5593,5,1,441.19,0.05
9235,5594,8,2,178.2,0.05
9236,5595,71,1,438.52,0.1
9237,5596,58,1,370.96,0.0
9238,5596,9,1,199.05,0.0
9239,5597,29,1,259.96,0.05
9240,5597,65,2,299.72,0.0
9241,5598,52,1,372.88,0.0
9242,5598,12,2,206.84,0.0
9243,5598,54,1,180.14,0.0
9244,5599,59,1,360.15,0.0
9245,5599,57,2,100.82,0.1
9246,5600,66,1,46.76,0.0
9247,5601,70,1,92.51,0.2
9248,5602,31,1,109.88,0.0
9249,5602,7,1,290.09,0.05
9250,5603,68,2,238.62,0.0
9251,5604,22,1,410.91,0.0
9252,5604,45,2,70.43,0.0
9253,5604,72,1,139.44,0.2
9254,5605,4,3,188.28,0.0
9255,5606,31,2,109.88,0.1
9256,5606,39,2,78.78,0.05
9257,5607,70,1,92.51,0.05
9258,5607,29,1,259.96,0.0
9259,5608,72,1,139.44,0.0
9260,5609,8,1,178.2,0.0
9261,5610,35,1,62.83,0.0
9262,5611,3,2,156.81,0.1
9263,5611,35,2,62.83,0.0
9264,5612,49,1,399.06,0.05
9265,5613,69,1,98.01,0.0
9266,5614,50,1,432.01,0.05
9267,5614,32,1,200.98,0.0
9268,5615,57,2,100.82,0.0
9269,5616,37,1,131.27,0.0
9270,5617,1,1,374.81,0.0
9271,5618,52,1,372.88,0.0
9272,5619,67,1,239.77,0.05
9273,5620,12,1,206.84,0.0
9274,5621,32,3,200.98,0.05
9275,5621,40,1,85.38,0.0
9276,5621,63,1,394.04,0.0
9277,5622,12,1,206.84,0.0
9278,5623,20,1,79.38,0.0
9279,5624,8,1,178.2,0.0
9280,5625,13,2,288.11,0.2
9281,5626,5,1,441.19,0.2
9282,5627,12,1,206.84,0.05
9283,5628,40,1,85.38,0.0
9284,5629,72,2,139.44,0.2
9285,5630,41,1,409.66,0.15
9286,5630,55,1,238.87,0.1
9287,5631,20,3,79.38,0.0
9288,5631,68,2,238.62,0.1
9289,5631,11,3,71.32,0.0
9290,5631,19,1,412.27,0.2
9291,5632,1,1,374.81,0.0
9292,5633,54,1,180.14,0.0
9293,5634,62,1,80.44,0.15
9294,5634,67,3,239.77,0.0
9295,5635,24,1,439.98,0.0
9296,5635,28,3,324.88,0.05
9297,5636,40,1,85.38,0.1
9298,5636,45,1,70.43,0.15
9299,5637,34,1,327.63,0.0
9300,5637,5,1,441.19,0.05
9301,5638,37,1,131.27,0.0
9302,5638,8,1,178.2,0.0
9303,5639,35,1,62.83,0.0
9304,5639,29,1,259.96,0.0
9305,5639,59,1,360.15,0.15
9306,5639,64,1,401.71,0.05
9307,5640,59,1,360.15,0.0
9308,5641,22,1,410.91,0.2
9309,5642,5,2,441.19,0.0
9310,5642,16,1,230.72,0.0
9311,5642,46,1,210.09,0.2
9312,5643,1,1,374.81,0.05
9313,5644,46,1,210.09,0.0
9314,5645,22,1,410.91,0.0
9315,5646,63,1,394.04,0.0
9316,5646,27,1,228.1,0.0
9317,5647,61,1,404.71,0.0
9318,5647,3,2,156.81,0.0
9319,5648,43,1,246.42,0.0
9320,5649,52,1,372.88,0.0
9321,5649,59,1,360.15,0.0
9322,5650,15,1,159.55,0.0
9323,5650,22,1,410.91,0.2
9324,5651,29,1,259.96,0.05
9325,5651,10,1,418.35,0.0
9326,5651,9,1,199.05,0.0
9327,5652,15,1,159.55,0.0
9328,5653,19,2,412.27,0.1
9329,5654,34,2,327.63,0.0
9330,5655,45,2,70.43,0.0
9331,5656,26,1,326.44,0.05
9332,5656,58,1,370.96,0.0
9333,5657,48,1,67.66,0.0
9334,5658,26,1,326.44,0.0
9335,5658,34,1,327.63,0.15
9336,5658,58,2,370.96,0.0
9337,5658,15,1,159.55,0.0
9338,5659,63,1,394.04,0.0
9339,5660,7,1,290.09,0.0
9340,5660,13,1,288.11,0.0
9341,5661,16,2,230.72,0.0
9342,5661,59,2,360.15,0.0
9343,5662,35,2,62.83,0.0
9344,5663,19,1,412.27,0.0
9345,5663,27,1,228.1,0.0
9346,5663,52,3,372.88,0.2
9347,5664,40,1,85.38,0.0
9348,5664,20,3,79.38,0.15
9349,5665,51,2,25.91,0.2
9350,5665,36,1,95.73,0.05
9351,5666,28,1,324.88,0.0
9352,5666,22,1,410.91,0.0
9353,5666,21,1,134.9,0.0
9354,5666,30,1,431.14,0.0
9355,5667,54,1,180.14,0.0
9356,5668,70,1,92.51,0.0
9357,5669,11,1,71.32,0.1
9358,5670,41,1,409.66,0.05
9359,5670,65,1,299.72,0.0
9360,5670,8,1,178.2,0.15
9361,5671,34,1,327.63,0.15
9362,5671,36,1,95.73,0.0
9363,5671,17,1,396.49,0.0
9364,5671,10,1,418.35,0.0
9365,5672,69,1,98.01,0.0
9366,5672,53,1,280.66,0.0
9367,5673,39,1,78.78,0.0
9368,5674,48,1,67.66,0.15
9369,5674,6,3,416.95,0.05
9370,5675,51,1,25.91,0.0
9371,5676,41,1,409.66,0.0
9372,5677,29,1,259.96,0.0
9373,5677,61,1,404.71,0.0
9374,5678,38,1,173.95,0.0
9375,5678,52,1,372.88,0.0
9376,5679,53,1,280.66,0.05
9377,5679,4,1,188.28,0.0
9378,5680,17,1,396.49,0.0
9379,5680,30,1,431.14,0.15
9380,5680,49,1,399.06,0.1
9381,5681,22,1,410.91,0.0
9382,5681,35,2,62.83,0.0
9383,5681,45,1,70.43,0.2
9384,5682,43,1,246.42,0.15
9385,5682,16,1,230.72,0.15
9386,5683,50,1,432.01,0.0
9387,5684,35,1,62.83,0.05
9388,5684,20,1,79.38,0.0
9389,5685,58,1,370.96,0.05
9390,5686,27,1,228.1,0.15
9391,5687,71,1,438.52,0.0
9392,5687,3,1,156.81,0.0
9393,5688,35,1,62.83,0.1
9394,5689,54,1,180.14,0.1
9395,5689,6,1,416.95,0.0
9396,5690,66,3,46.76,0.05
9397,5691,48,3,67.66,0.2
9398,5692,70,1,92.51,0.0
9399,5693,4,2,188.28,0.1
9400,5693,9,2,199.05,0.0
9401,5694,51,1,25.91,0.0
9402,5695,38,1,173.95,0.1
9403,5695,55,1,238.87,0.0
9404,5695,18,1,44.33,0.0
9405,5695,54,1,180.14,0.0
9406,5696,72,1,139.44,0.0
9407,5697,13,1,288.11,0.0
9408,5698,59,1,360.15,0.0
9409,5698,46,1,210.09,0.0
9410,5698,31,1,109.88,0.1
9411,5699,59,1,360.15,0.0
9412,5699,6,3,416.95,0.1
9413,5700,6,1,416.95,0.2
9414,5701,8,1,178.2,0.0
9415,5701,68,1,238.62,0.15
9416,5701,21,1,134.9,0.0
9417,5701,43,1,246.42,0.0
9418,5702,39,2,78.78,0.0
9419,5702,9,1,199.05,0.1
9420,5702,26,1,326.44,0.1
9421,5702,12,1,206.84,0.1
9422,5703,34,1,327.63,0.0
9423,5704,32,1,200.98,0.0
9424,5705,35,1,62.83,0.1
9425,5705,18,1,44.33,0.1
9426,5705,16,1,230.72,0.0
9427,5706,12,1,206.84,0.0
9428,5706,19,3,412.27,0.0
9429,5707,53,1,280.66,0.1
9430,5707,55,1,238.87,0.05
9431,5708,65,1,299.72,0.0
9432,5708,1,1,374.81,0.0
9433,5708,17,1,396.49,0.0
9434,5709,5,1,441.19,0.0
9435,5709,34,2,327.63,0.0
9436,5710,24,1,439.98,0.05
9437,5710,50,2,432.01,0.2
9438,5711,22,1,410.91,0.0
9439,5712,50,1,432.01,0.2
9440,5713,56,2,448.94,0.0
9441,5714,21,1,134.9,0.05
9442,5714,39,1,78.78,0.1
9443,5715,36,1,95.73,0.0
9444,5716,4,1,188.28,0.1
9445,5717,62,1,80.44,0.15
9446,5717,30,1,431.14,0.0
9447,5718,70,1,92.51,0.1
9448,5719,40,2,85.38,0.05
9449,5720,24,1,439.98,0.05
9450,5721,49,1,399.06,0.15
9451,5722,39,1,78.78,0.0
9452,5722,60,1,133.04,0.2
9453,5723,59,1,360.15,0.1
9454,5723,18,1,44.33,0.15
9455,5723,8,1,178.2,0.1
9456,5724,17,1,396.49,0.1
9457,5724,12,1,206.84,0.0
9458,5725,35,1,62.83,0.0
9459,5725,7,2,290.09,0.0
9460,5725,71,1,438.52,0.0
9461,5726,33,1,233.82,0.1
9462,5726,70,1,92.51,0.0
9463,5727,46,1,210.09,0.15
9464,5728,43,2,246.42,0.0
9465,5728,28,1,324.88,0.0
9466,5729,55,2,238.87,0.0
9467,5730,28,1,324.88,0.1
9468,5730,67,1,239.77,0.15
9469,5730,19,1,412.27,0.1
9470,5731,23,1,411.01,0.0
9471,5731,63,1,394.04,0.1
9472,5731,30,1,431.14,0.0
9473,5731,4,2,188.28,0.1
9474,5732,16,1,230.72,0.0
9475,5733,29,2,259.96,0.0
9476,5733,15,1,159.55,0.0
9477,5734,32,1,200.98,0.0
9478,5734,1,1,374.81,0.0
9479,5734,34,1,327.63,0.0
9480,5735,2,1,225.21,0.0
9481,5735,30,1,431.14,0.0
9482,5736,47,2,359.13,0.0
9483,5737,55,1,238.87,0.15
9484,5737,15,1,159.55,0.0
9485,5737,29,1,259.96,0.05
9486,5737,46,1,210.09,0.15
9487,5738,1,2,374.81,0.0
9488,5739,45,1,70.43,0.2
9489,5740,12,1,206.84,0.0
9490,5740,25,1,430.21,0.0
9491,5741,25,1,430.21,0.2
9492,5741,9,1,199.05,0.0
9493,5741,55,1,238.87,0.0
9494,5741,18,1,44.33,0.1
9495,5742,31,3,109.88,0.0
9496,5743,41,1,409.66,0.05
9497,5744,16,1,230.72,0.0
9498,5744,56,1,448.94,0.0
9499,5744,40,1,85.38,0.0
9500,5745,57,1,100.82,0.0
9501,5745,26,1,326.44,0.2
9502,5745,52,1,372.88,0.0
9503,5745,13,1,288.11,0.2
9504,5746,33,1,233.82,0.0
9505,5747,6,1,416.95,0.0
9506,5747,46,1,210.09,0.0
9507,5748,46,1,210.09,0.2
9508,5748,3,1,156.81,0.0
9509,5748,4,1,188.28,0.0
9510,5749,43,3,246.42,0.1
9511,5749,23,1,411.01,0.0
9512,5749,28,3,324.88,0.05
9513,5750,53,1,280.66,0.0
9514,5751,21,1,134.9,0.0
9515,5752,66,2,46.76,0.05
9516,5753,72,1,139.44,0.0
9517,5753,17,1,396.49,0.2
9518,5754,58,1,370.96,0.0
9519,5755,27,2,228.1,0.0
9520,5756,39,1,78.78,0.0
9521,5756,35,1,62.83,0.1
9522,5757,39,2,78.78,0.15
9523,5757,64,1,401.71,0.15
9524,5757,43,2,246.42,0.0
9525,5758,59,2,360.15,0.15
9526,5759,12,1,206.84,0.1
9527,5759,68,1,238.62,0.0
9528,5759,66,1,46.76,0.1
9529,5760,54,2,180.14,0.1
9530,5760,11,1,71.32,0.15
9531,5761,19,1,412.27,0.0
9532,5762,59,1,360.15,0.0
9533,5762,44,2,270.79,0.05
9534,5763,61,2,404.71,0.0
9535,5763,46,1,210.09,0.0
9536,5763,11,1,71.32,0.05
9537,5764,39,2,78.78,0.15
9538,5765,13,1,288.11,0.0
9539,5765,5,1,441.19,0.0
9540,5766,56,1,448.94,0.0
9541,5767,32,1,200.98,0.0
9542,5767,46,2,210.09,0.0
9543,5767,24,1,439.98,0.1
9544,5768,15,1,159.55,0.0
9545,5768,58,2,370.96,0.15
9546,5769,45,1,70.43,0.0
9547,5769,40,1,85.38,0.0
9548,5770,50,1,432.01,0.1
9549,5771,51,1,25.91,0.0
9550,5771,64,1,401.71,0.0
9551,5772,20,1,79.38,0.1
9552,5772,61,1,404.71,0.0
9553,5772,31,1,109.88,0.0
9554,5772,38,1,173.95,0.0
9555,5773,45,1,70.43,0.0
9556,5773,69,2,98.01,0.0
9557,5773,1,1,374.81,0.2
9558,5774,61,2,404.71,0.0
9559,5775,27,1,228.1,0.1
9560,5775,22,1,410.91,0.0
9561,5776,14,1,247.01,0.0
9562,5776,5,1,441.19,0.05
9563,5777,36,1,95.73,0.0
9564,5778,6,1,416.95,0.0
9565,5779,10,1,418.35,0.15
9566,5779,67,1,239.77,0.0
9567,5779,3,1,156.81,0.0
9568,5780,60,1,133.04,0.05
9569,5780,19,1,412.27,0.0
9570,5781,31,3,109.88,0.0
9571,5781,51,1,25.91,0.0
9572,5781,66,1,46.76,0.0
9573,5781,23,1,411.01,0.0
9574,5782,1,1,374.81,0.0
9575,5783,53,1,280.66,0.0
9576,5784,62,1,80.44,0.0
9577,5784,29,1,259.96,0.15
9578,5785,18,1,44.33,0.1
9579,5786,67,1,239.77,0.0
9580,5786,16,1,230.72,0.0
9581,5786,28,1,324.88,0.15
9582,5787,5,1,441.19,0.0
9583,5788,11,1,71.32,0.05
9584,5789,37,1,131.27,0.0
9585,5790,58,1,370.96,0.0
9586,5790,4,1,188.28,0.0
9587,5791,41,1,409.66,0.05
9588,5791,6,1,416.95,0.0
9589,5791,10,1,418.35,0.0
9590,5791,60,1,133.04,0.05
9591,5792,10,1,418.35,0.0
9592,5792,4,1,188.28,0.1
9593,5793,1,1,374.81,0.05
9594,5793,13,1,288.11,0.05
9595,5793,41,1,409.66,0.0
9596,5794,22,1,410.91,0.05
9597,5795,50,1,432.01,0.0
9598,5796,55,1,238.87,0.0
9599,5796,5,1,441.19,0.0
9600,5796,69,1,98.01,0.0
9601,5797,21,1,134.9,0.0
9602,5797,11,1,71.32,0.1
9603,5798,50,1,432.01,0.05
9604,5798,67,3,239.77,0.0
9605,5799,42,2,232.44,0.0
9606,5799,6,2,416.95,0.0
9607,5799,38,1,173.95,0.0
9608,5800,4,1,188.28,0.0
9609,5801,11,1,71.32,0.0
9610,5802,33,1,233.82,0.15
9611,5802,11,1,71.32,0.0
9612,5803,13,1,288.11,0.05
9613,5804,48,1,67.66,0.1
9614,5804,17,3,396.49,0.0
9615,5805,7,1,290.09,0.0
9616,5805,21,1,134.9,0.0
9617,5806,62,2,80.44,0.0
9618,5806,15,1,159.55,0.0
9619,5806,5,1,441.19,0.0
9620,5806,23,1,411.01,0.05
9621,5807,54,1,180.14,0.0
9622,5808,29,2,259.96,0.2
9623,5808,71,1,438.52,0.0
9624,5809,42,1,232.44,0.0
9625,5810,52,1,372.88,0.0
9626,5810,54,2,180.14,0.1
9627,5810,44,1,270.79,0.0
9628,5811,29,1,259.96,0.15
9629,5811,64,2,401.71,0.05
9630,5812,8,1,178.2,0.0
9631,5813,4,2,188.28,0.0
9632,5813,2,2,225.21,0.2
9633,5814,2,1,225.21,0.0
9634,5814,30,1,431.14,0.05
9635,5814,56,1,448.94,0.0
9636,5814,23,1,411.01,0.0
9637,5815,34,1,327.63,0.0
9638,5815,39,1,78.78,0.05
9639,5816,39,2,78.78,0.0
9640,5816,67,1,239.77,0.0
9641,5816,30,1,431.14,0.0
9642,5817,60,1,133.04,0.15
9643,5818,71,1,438.52,0.0
9644,5819,1,1,374.81,0.0
9645,5819,72,1,139.44,0.15
9646,5820,1,1,374.81,0.1
9647,5821,62,1,80.44,0.0
9648,5822,19,1,412.27,0.0
9649,5823,6,1,416.95,0.05
9650,5823,30,2,431.14,0.15
9651,5823,1,1,374.81,0.05
9652,5824,42,1,232.44,0.0
9653,5824,14,1,247.01,0.2
9654,5824,15,1,159.55,0.05
9655,5825,63,1,394.04,0.0
9656,5826,38,1,173.95,0.0
9657,5826,39,1,78.78,0.05
9658,5826,72,1,139.44,0.2
9659,5827,53,1,280.66,0.1
9660,5827,22,1,410.91,0.0
9661,5828,19,1,412.27,0.0
9662,5828,31,1,109.88,0.0
9663,5829,2,1,225.21,0.05
9664,5830,32,1,200.98,0.15
9665,5830,2,1,225.21,0.0
9666,5830,59,3,360.15,0.05
9667,5830,37,1,131.27,0.0
9668,5831,61,1,404.71,0.2
9669,5832,31,1,109.88,0.05
9670,5832,71,1,438.52,0.0
9671,5833,71,2,438.52,0.0
9672,5833,29,3,259.96,0.0
9673,5834,59,2,360.15,0.1
9674,5835,42,1,232.44,0.0
9675,5835,57,1,100.82,0.15
9676,5836,47,1,359.13,0.1
9677,5837,50,1,432.01,0.0
9678,5837,58,1,370.96,0.0
9679,5837,36,1,95.73,0.0
9680,5837,35,1,62.83,0.0
9681,5838,66,1,46.76,0.0
9682,5839,5,1,441.19,0.0
9683,5840,72,1,139.44,0.15
9684,5840,66,1,46.76,0.0
9685,5840,37,1,131.27,0.0
9686,5841,40,1,85.38,0.0
9687,5842,27,1,228.1,0.05
9688,5842,5,1,441.19,0.0
9689,5843,54,1,180.14,0.0
9690,5843,48,1,67.66,0.05
9691,5843,64,1,401.71,0.0
9692,5843,8,2,178.2,0.0
9693,5844,49,1,399.06,0.0
9694,5844,67,1,239.77,0.0
9695,5844,9,1,199.05,0.0
9696,5845,21,1,134.9,0.1
9697,5846,15,3,159.55,0.0
9698,5847,29,1,259.96,0.1
9699,5848,3,1,156.81,0.1
9700,5848,57,2,100.82,0.05
9701,5849,12,2,206.84,0.0
9702,5849,14,2,247.01,0.05
9703,5850,41,1,409.66,0.1
9704,5851,37,1,131.27,0.0
9705,5851,44,1,270.79,0.0
9706,5851,16,1,230.72,0.0
9707,5852,12,2,206.84,0.05
9708,5852,6,1,416.95,0.05
9709,5853,5,1,441.19,0.0
9710,5853,31,1,109.88,0.15
9711,5853,15,2,159.55,0.15
9712,5853,26,3,326.44,0.0
9713,5854,28,2,324.88,0.15
9714,5855,12,1,206.84,0.15
9715,5855,37,1,131.27,0.2
9716,5856,6,1,416.95,0.0
9717,5857,64,1,401.71,0.0
9718,5857,42,1,232.44,0.0
9719,5857,54,1,180.14,0.0
9720,5857,2,1,225.21,0.05
9721,5858,1,2,374.81,0.05
9722,5859,39,1,78.78,0.0
9723,5860,33,2,233.82,0.0
9724,5860,58,1,370.96,0.0
9725,5861,45,3,70.43,0.15
9726,5862,60,1,133.04,0.0
9727,5863,10,1,418.35,0.0
9728,5863,56,1,448.94,0.05
9729,5864,22,2,410.91,0.0
9730,5864,29,1,259.96,0.0
9731,5865,49,1,399.06,0.0
9732,5866,13,1,288.11,0.0
9733,5866,59,1,360.15,0.05
9734,5866,62,3,80.44,0.0
9735,5867,29,1,259.96,0.1
9736,5867,34,1,327.63,0.0
9737,5867,56,1,448.94,0.05
9738,5868,28,1,324.88,0.0
9739,5869,41,1,409.66,0.2
9740,5869,14,1,247.01,0.0
9741,5870,7,1,290.09,0.05
9742,5871,55,1,238.87,0.2
9743,5871,21,2,134.9,0.15
9744,5872,42,1,232.44,0.0
9745,5872,54,1,180.14,0.0
9746,5873,15,1,159.55,0.0
9747,5874,61,1,404.71,0.0
9748,5874,32,1,200.98,0.0
9749,5874,65,1,299.72,0.0
9750,5875,47,1,359.13,0.1
9751,5876,39,3,78.78,0.0
9752,5877,46,1,210.09,0.05
9753,5877,52,1,372.88,0.1
9754,5878,14,1,247.01,0.05
9755,5878,47,1,359.13,0.0
9756,5879,63,1,394.04,0.0
9757,5880,72,1,139.44,0.05
9758,5880,63,1,394.04,0.05
9759,5880,46,1,210.09,0.2
9760,5881,55,1,238.87,0.0
9761,5882,46,2,210.09,0.0
9762,5882,44,2,270.79,0.1
9763,5882,70,1,92.51,0.05
9764,5883,50,1,432.01,0.1
9765,5883,44,1,270.79,0.0
9766,5884,25,1,430.21,0.0
9767,5884,22,3,410.91,0.05
9768,5884,67,2,239.77,0.0
9769,5885,5,1,441.19,0.05
9770,5886,29,1,259.96,0.0
9771,5887,72,1,139.44,0.0
9772,5888,63,1,394.04,0.05
9773,5888,38,1,173.95,0.0
9774,5889,49,1,399.06,0.0
9775,5890,6,1,416.95,0.0
9776,5891,45,1,70.43,0.0
9777,5892,53,1,280.66,0.0
9778,5892,24,1,439.98,0.15
9779,5892,8,1,178.2,0.05
9780,5893,23,2,411.01,0.0
9781,5893,11,1,71.32,0.1
9782,5894,26,1,326.44,0.1
9783,5894,59,1,360.15,0.0
9784,5895,44,1,270.79,0.0
9785,5896,72,1,139.44,0.0
9786,5897,71,2,438.52,0.15
9787,5897,13,3,288.11,0.2
9788,5898,54,1,180.14,0.0
9789,5898,60,2,133.04,0.0
9790,5899,13,1,288.11,0.0
9791,5899,48,3,67.66,0.05
9792,5899,60,1,133.04,0.0
9793,5900,27,1,228.1,0.0
9794,5901,39,2,78.78,0.05
9795,5902,41,1,409.66,0.0
9796,5902,8,1,178.2,0.05
9797,5903,2,1,225.21,0.1
9798,5904,26,1,326.44,0.0
9799,5904,46,1,210.09,0.0
9800,5904,34,1,327.63,0.0
9801,5905,31,1,109.88,0.0
9802,5906,36,3,95.73,0.0
9803,5906,32,1,200.98,0.0
9804,5907,69,1,98.01,0.0
9805,5907,54,1,180.14,0.0
9806,5907,67,1,239.77,0.0
9807,5908,69,1,98.01,0.2
9808,5909,65,1,299.72,0.0
9809,5909,30,1,431.14,0.05
9810,5910,45,1,70.43,0.05
9811,5910,22,1,410.91,0.1
9812,5910,14,1,247.01,0.15
9813,5911,63,1,394.04,0.0
9814,5912,5,1,441.19,0.05
9815,5912,34,2,327.63,0.0
9816,5912,42,1,232.44,0.05
9817,5913,50,1,432.01,0.0
9818,5914,29,1,259.96,0.05
9819,5914,30,1,431.14,0.05
9820,5914,16,1,230.72,0.0
9821,5914,13,1,288.11,0.05
9822,5915,65,1,299.72,0.0
9823,5915,23,1,411.01,0.0
9824,5916,66,2,46.76,0.05
9825,5916,9,1,199.05,0.0
9826,5917,19,1,412.27,0.05
9827,5917,3,1,156.81,0.0
9828,5918,70,1,92.51,0.0
9829,5918,7,1,290.09,0.0
9830,5919,68,1,238.62,0.0
9831,5920,41,1,409.66,0.1
9832,5921,36,1,95.73,0.0
9833,5921,69,1,98.01,0.05
9834,5922,54,1,180.14,0.2
9835,5923,32,1,200.98,0.0
9836,5923,29,1,259.96,0.0
9837,5924,52,1,372.88,0.0
9838,5924,46,1,210.09,0.1
9839,5925,47,1,359.13,0.1
9840,5925,33,1,233.82,0.0
9841,5926,39,1,78.78,0.15
9842,5927,3,1,156.81,0.0
9843,5928,69,1,98.01,0.05
9844,5929,54,1,180.14,0.0
9845,5929,38,1,173.95,0.15
9846,5930,7,2,290.09,0.0
9847,5931,20,1,79.38,0.1
9848,5932,69,2,98.01,0.0
9849,5933,57,2,100.82,0.0
9850,5934,37,1,131.27,0.15
9851,5935,7,1,290.09,0.0
9852,5935,37,1,131.27,0.1
9853,5936,69,1,98.01,0.1
9854,5937,50,1,432.01,0.0
9855,5938,49,1,399.06,0.1
9856,5938,46,1,210.09,0.0
9857,5939,72,1,139.44,0.0
9858,5940,56,1,448.94,0.0
9859,5941,58,2,370.96,0.15
9860,5942,51,1,25.91,0.1
9861,5943,25,1,430.21,0.0
9862,5943,27,1,228.1,0.0
9863,5944,1,1,374.81,0.15
9864,5944,31,1,109.88,0.0
9865,5944,40,1,85.38,0.2
9866,5944,70,2,92.51,0.05
9867,5945,13,1,288.11,0.0
9868,5946,28,1,324.88,0.0
9869,5946,58,2,370.96,0.1
9870,5947,40,1,85.38,0.05
9871,5947,34,1,327.63,0.0
9872,5948,41,1,409.66,0.0
9873,5949,70,1,92.51,0.15
9874,5950,5,1,441.19,0.0
9875,5950,24,1,439.98,0.0
9876,5951,67,1,239.77,0.15
9877,5951,17,1,396.49,0.0
9878,5951,24,1,439.98,0.0
9879,5952,66,1,46.76,0.0
9880,5952,37,2,131.27,0.0
9881,5953,8,2,178.2,0.0
9882,5954,32,1,200.98,0.0
9883,5954,27,1,228.1,0.05
9884,5954,61,1,404.71,0.0
9885,5955,5,1,441.19,0.0
9886,5955,20,1,79.38,0.0
9887,5956,32,1,200.98,0.0
9888,5956,30,1,431.14,0.1
9889,5957,68,1,238.62,0.2
9890,5958,29,1,259.96,0.0
9891,5959,34,1,327.63,0.0
9892,5960,19,1,412.27,0.1
9893,5961,14,1,247.01,0.15
9894,5961,46,1,210.09,0.0
9895,5962,38,1,173.95,0.0
9896,5963,22,1,410.91,0.0
9897,5963,26,1,326.44,0.05
9898,5963,20,1,79.38,0.0
9899,5963,8,1,178.2,0.05
9900,5964,72,1,139.44,0.0
9901,5964,10,1,418.35,0.0
9902,5964,36,2,95.73,0.2
9903,5965,64,1,401.71,0.0
9904,5966,42,1,232.44,0.0
9905,5967,24,1,439.98,0.0
9906,5968,35,1,62.83,0.0
9907,5969,70,1,92.51,0.0
9908,5970,48,1,67.66,0.0
9909,5971,26,1,326.44,0.0
9910,5972,33,2,233.82,0.1
9911,5972,49,1,399.06,0.0
9912,5973,50,1,432.01,0.0
9913,5974,5,2,441.19,0.0
9914,5975,48,1,67.66,0.0
9915,5976,34,3,327.63,0.1
9916,5977,39,1,78.78,0.0
9917,5977,11,1,71.32,0.05
9918,5978,23,1,411.01,0.05
9919,5978,14,1,247.01,0.0
9920,5978,58,1,370.96,0.2
9921,5978,17,1,396.49,0.1
9922,5979,17,2,396.49,0.0
9923,5980,65,1,299.72,0.05
9924,5981,41,1,409.66,0.0
9925,5982,61,1,404.71,0.0
9926,5982,53,1,280.66,0.0
9927,5983,32,1,200.98,0.1
9928,5984,18,2,44.33,0.05
9929,5985,25,2,430.21,0.0
9930,5985,23,1,411.01,0.1
9931,5985,53,1,280.66,0.05
9932,5985,69,1,98.01,0.0
9933,5986,57,1,100.82,0.0
9934,5987,31,1,109.88,0.05
9935,5988,42,1,232.44,0.0
9936,5988,18,1,44.33,0.15
9937,5989,28,1,324.88,0.0
9938,5989,71,2,438.52,0.05
9939,5990,6,1,416.95,0.0
9940,5990,7,1,290.09,0.0
9941,5991,27,1,228.1,0.1
9942,5991,42,1,232.44,0.05
9943,5991,48,3,67.66,0.1
9944,5992,32,1,200.98,0.15
9945,5992,33,2,233.82,0.1
9946,5993,4,2,188.28,0.0
9947,5994,35,1,62.83,0.0
9948,5995,15,1,159.55,0.0
9949,5996,32,1,200.98,0.0
9950,5996,21,1,134.9,0.0
9951,5996,67,2,239.77,0.15
9952,5996,18,1,44.33,0.0
9953,5997,63,1,394.04,0.0
9954,5998,58,1,370.96,0.15
9955,5999,9,1,199.05,0.0
9956,6000,38,2,173.95,0.05
9957,6000,50,1,432.01,0.0
9958,6000,5,1,441.19,0.1
9959,6001,49,1,399.06,0.1
9960,6001,2,1,225.21,0.05
9961,6002,62,1,80.44,0.0
9962,6002,28,1,324.88,0.1
9963,6003,2,2,225.21,0.0
9964,6004,68,1,238.62,0.1
9965,6005,9,1,199.05,0.0
9966,6006,63,1,394.04,0.0
9967,6006,8,1,178.2,0.0
9968,6006,54,2,180.14,0.1
9969,6007,18,1,44.33,0.0
9970,6007,28,1,324.88,0.0
9971,6008,13,2,288.11,0.05
9972,6008,52,1,372.88,0.1
9973,6009,52,1,372.88,0.0
9974,6010,25,1,430.21,0.0
9975,6010,43,1,246.42,0.0
9976,6011,24,1,439.98,0.0
9977,6012,64,2,401.71,0.0
9978,6012,18,1,44.33,0.15
9979,6013,14,2,247.01,0.05
9980,6014,20,1,79.38,0.0
9981,6015,33,1,233.82,0.0
9982,6016,6,1,416.95,0.0
9983,6016,57,1,100.82,0.0
9984,6016,29,1,259.96,0.0
9985,6016,30,1,431.14,0.05
9986,6017,56,1,448.94,0.0
9987,6018,52,2,372.88,0.0
9988,6019,1,2,374.81,0.15
9989,6020,21,1,134.9,0.05
9990,6021,10,1,418.35,0.0
9991,6021,31,1,109.88,0.0
9992,6022,30,3,431.14,0.05
9993,6022,64,1,401.71,0.1
9994,6023,7,1,290.09,0.0
9995,6024,58,1,370.96,0.0
9996,6024,27,1,228.1,0.0
9997,6025,13,1,288.11,0.15
9998,6025,57,1,100.82,0.15
9999,6026,24,1,439.98,0.0
10000,6026,42,2,232.44,0.05
10001,6027,53,2,280.66,0.0
10002,6027,3,3,156.81,0.0
10003,6027,7,1,290.09,0.1
10004,6028,14,2,247.01,0.05
10005,6028,31,1,109.88,0.0
10006,6029,35,1,62.83,0.1
10007,6030,62,1,80.44,0.0
10008,6031,49,1,399.06,0.1
10009,6032,67,1,239.77,0.0
10010,6033,40,1,85.38,0.15
10011,6034,41,1,409.66,0.0
10012,6035,46,2,210.09,0.0
10013,6035,4,1,188.28,0.0
10014,6036,63,1,394.04,0.05
10015,6036,7,1,290.09,0.05
10016,6037,55,2,238.87,0.0
10017,6038,62,1,80.44,0.05
10018,6038,55,1,238.87,0.0
10019,6039,36,1,95.73,0.1
10020,6040,43,3,246.42,0.0
10021,6041,48,1,67.66,0.05
10022,6042,39,2,78.78,0.0
10023,6043,49,1,399.06,0.15
10024,6044,57,2,100.82,0.0
10025,6045,52,1,372.88,0.05
10026,6046,53,1,280.66,0.1
10027,6047,14,1,247.01,0.0
10028,6047,25,1,430.21,0.0
10029,6048,25,1,430.21,0.05
10030,6048,38,1,173.95,0.1
10031,6048,22,1,410.91,0.0
10032,6048,59,1,360.15,0.05
10033,6049,26,1,326.44,0.2
10034,6050,15,1,159.55,0.0
10035,6051,65,1,299.72,0.0
10036,6051,23,1,411.01,0.0
10037,6052,69,1,98.01,0.0
10038,6053,44,1,270.79,0.0
10039,6054,51,1,25.91,0.1
10040,6055,4,1,188.28,0.0
10041,6056,12,1,206.84,0.1
10042,6057,6,1,416.95,0.1
10043,6057,32,1,200.98,0.05
10044,6057,61,2,404.71,0.2
10045,6058,21,1,134.9,0.0
10046,6059,43,1,246.42,0.1
10047,6059,34,1,327.63,0.05
10048,6059,56,1,448.94,0.15
10049,6060,10,1,418.35,0.0
10050,6061,50,1,432.01,0.1
10051,6062,5,1,441.19,0.0
10052,6062,1,1,374.81,0.05
10053,6063,17,1,396.49,0.05
10054,6063,62,1,80.44,0.1
10055,6064,45,2,70.43,0.0
10056,6065,59,1,360.15,0.15
10057,6066,22,2,410.91,0.0
10058,6067,7,1,290.09,0.15
10059,6068,42,1,232.44,0.1
10060,6068,31,2,109.88,0.0
10061,6069,19,1,412.27,0.0
10062,6070,46,1,210.09,0.0
10063,6070,24,1,439.98,0.0
10064,6070,35,1,62.83,0.0
10065,6070,64,1,401.71,0.0
10066,6071,23,1,411.01,0.0
10067,6071,11,1,71.32,0.0
10068,6072,7,1,290.09,0.05
10069,6073,45,1,70.43,0.0
10070,6074,3,1,156.81,0.0
10071,6075,11,1,71.32,0.0
10072,6076,7,1,290.09,0.0
10073,6076,49,1,399.06,0.0
10074,6077,17,1,396.49,0.0
10075,6078,50,1,432.01,0.0
10076,6079,24,2,439.98,0.1
10077,6080,50,1,432.01,0.0
10078,6080,14,1,247.01,0.0
10079,6081,64,1,401.71,0.0
10080,6081,59,1,360.15,0.1
10081,6082,61,1,404.71,0.0
10082,6082,64,1,401.71,0.0
10083,6082,39,1,78.78,0.2
10084,6082,42,1,232.44,0.1
10085,6083,35,1,62.83,0.15
10086,6083,37,1,131.27,0.0
10087,6084,53,1,280.66,0.05
10088,6085,64,2,401.71,0.0
10089,6085,5,1,441.19,0.0
10090,6085,66,1,46.76,0.15
10091,6085,56,1,448.94,0.0
10092,6086,30,1,431.14,0.05
10093,6087,52,1,372.88,0.0
10094,6087,34,1,327.63,0.05
10095,6088,59,2,360.15,0.0
10096,6089,8,2,178.2,0.0
10097,6089,56,1,448.94,0.0
10098,6090,20,2,79.38,0.05
10099,6091,6,1,416.95,0.0
10100,6092,47,1,359.13,0.1
10101,6093,70,1,92.51,0.2
10102,6093,3,1,156.81,0.0
10103,6094,40,1,85.38,0.0
10104,6094,61,2,404.71,0.05
10105,6095,38,1,173.95,0.05
10106,6096,16,1,230.72,0.05
10107,6097,58,3,370.96,0.0
10108,6097,13,1,288.11,0.0
10109,6098,29,1,259.96,0.0
10110,6099,31,1,109.88,0.1
10111,6100,18,1,44.33,0.0
10112,6100,37,1,131.27,0.0
10113,6101,69,1,98.01,0.0
10114,6102,27,1,228.1,0.0
10115,6103,14,1,247.01,0.1
10116,6104,57,1,100.82,0.0
10117,6105,25,2,430.21,0.2
10118,6106,36,1,95.73,0.1
10119,6107,35,1,62.83,0.1
10120,6108,52,1,372.88,0.15
10121,6108,23,1,411.01,0.0
10122,6109,51,1,25.91,0.0
10123,6109,3,1,156.81,0.0
10124,6109,34,1,327.63,0.0
10125,6109,65,1,299.72,0.0
10126,6110,8,1,178.2,0.05
10127,6111,39,3,78.78,0.0
10128,6111,43,1,246.42,0.15
10129,6111,48,1,67.66,0.05
10130,6111,47,1,359.13,0.0
10131,6112,4,1,188.28,0.0
10132,6112,28,1,324.88,0.0
10133,6112,40,1,85.38,0.1
10134,6112,12,1,206.84,0.2
10135,6113,13,1,288.11,0.1
10136,6114,5,1,441.19,0.05
10137,6115,56,1,448.94,0.0
10138,6116,25,1,430.21,0.0
10139,6117,39,1,78.78,0.0
10140,6118,12,1,206.84,0.0
10141,6119,66,1,46.76,0.1
10142,6120,46,1,210.09,0.0
10143,6120,3,1,156.81,0.05
10144,6121,27,1,228.1,0.0
10145,6122,12,1,206.84,0.0
10146,6123,12,1,206.84,0.0
10147,6124,5,2,441.19,0.0
10148,6125,18,1,44.33,0.1
10149,6125,34,2,327.63,0.2
10150,6125,64,1,401.71,0.0
10151,6126,67,1,239.77,0.15
10152,6126,15,1,159.55,0.0
10153,6127,41,1,409.66,0.0
10154,6127,48,2,67.66,0.05
10155,6127,72,1,139.44,0.1
10156,6128,32,1,200.98,0.0
10157,6129,26,2,326.44,0.0
10158,6130,15,1,159.55,0.0
10159,6130,12,3,206.84,0.0
10160,6131,67,1,239.77,0.0
10161,6131,69,1,98.01,0.0
10162,6132,51,1,25.91,0.2
10163,6133,53,1,280.66,0.0
10164,6134,48,2,67.66,0.0
10165,6135,65,1,299.72,0.0
10166,6136,72,1,139.44,0.15
10167,6137,51,1,25.91,0.15
10168,6138,20,1,79.38,0.0
10169,6138,58,2,370.96,0.0
10170,6139,66,1,46.76,0.0
10171,6140,67,1,239.77,0.05
10172,6141,28,1,324.88,0.0
10173,6141,21,1,134.9,0.05
10174,6141,3,1,156.81,0.1
10175,6142,54,1,180.14,0.0
10176,6142,22,1,410.91,0.0
10177,6143,5,1,441.19,0.1
10178,6143,3,2,156.81,0.0
10179,6143,23,1,411.01,0.1
10180,6143,48,1,67.66,0.05
10181,6144,70,1,92.51,0.15
10182,6145,33,1,233.82,0.05
10183,6146,14,1,247.01,0.05
10184,6146,5,2,441.19,0.0
10185,6146,2,1,225.21,0.0
10186,6146,68,1,238.62,0.0
10187,6147,52,1,372.88,0.05
10188,6147,38,3,173.95,0.0
10189,6148,1,1,374.81,0.2
10190,6148,32,1,200.98,0.0
10191,6149,62,1,80.44,0.0
10192,6150,3,1,156.81,0.0
10193,6150,54,1,180.14,0.0
10194,6151,71,1,438.52,0.05
10195,6152,46,1,210.09,0.0
10196,6152,34,2,327.63,0.05
10197,6153,12,1,206.84,0.0
10198,6153,14,2,247.01,0.0
10199,6154,27,1,228.1,0.05
10200,6154,4,1,188.28,0.05
10201,6155,39,1,78.78,0.1
10202,6156,40,1,85.38,0.0
10203,6156,46,1,210.09,0.0
10204,6157,22,2,410.91,0.05
10205,6157,48,1,67.66,0.1
10206,6157,67,2,239.77,0.0
10207,6158,49,1,399.06,0.0
10208,6159,12,1,206.84,0.0
10209,6160,63,3,394.04,0.0
10210,6160,27,1,228.1,0.0
10211,6161,26,1,326.44,0.1
10212,6162,71,1,438.52,0.0
10213,6163,5,1,441.19,0.05
10214,6163,23,1,411.01,0.0
10215,6163,9,1,199.05,0.0
10216,6164,11,1,71.32,0.2
10217,6165,25,2,430.21,0.0
10218,6166,48,1,67.66,0.0
10219,6166,22,2,410.91,0.0
10220,6167,65,1,299.72,0.0
10221,6167,66,1,46.76,0.0
10222,6168,24,1,439.98,0.15
10223,6168,71,1,438.52,0.05
10224,6169,68,1,238.62,0.0
10225,6170,58,1,370.96,0.0
10226,6171,65,1,299.72,0.0
10227,6171,40,1,85.38,0.0
10228,6172,21,1,134.9,0.0
10229,6172,9,2,199.05,0.0
10230,6172,8,2,178.2,0.0
10231,6173,13,1,288.11,0.0
10232,6174,30,1,431.14,0.0
10233,6175,45,1,70.43,0.0
10234,6176,55,1,238.87,0.1
10235,6176,20,1,79.38,0.2
10236,6176,63,1,394.04,0.0
10237,6177,5,1,441.19,0.0
10238,6178,45,1,70.43,0.0
10239,6178,51,1,25.91,0.0
10240,6179,28,1,324.88,0.0
10241,6180,50,1,432.01,0.0
10242,6181,3,1,156.81,0.1
10243,6181,31,1,109.88,0.0
10244,6182,53,1,280.66,0.0
10245,6183,52,1,372.88,0.05
10246,6183,29,1,259.96,0.0
10247,6184,53,1,280.66,0.0
10248,6184,45,1,70.43,0.05
10249,6185,58,1,370.96,0.0
10250,6186,3,2,156.81,0.0
10251,6187,64,2,401.71,0.0
10252,6188,65,1,299.72,0.0
10253,6188,60,2,133.04,0.1
10254,6189,55,1,238.87,0.0
10255,6189,49,1,399.06,0.0
10256,6190,8,1,178.2,0.05
10257,6191,58,1,370.96,0.1
10258,6191,55,1,238.87,0.0
10259,6192,45,2,70.43,0.0
10260,6193,51,1,25.91,0.0
10261,6194,33,1,233.82,0.0
10262,6195,36,2,95.73,0.05
10263,6196,44,1,270.79,0.1
10264,6196,37,1,131.27,0.0
10265,6196,57,1,100.82,0.2
10266,6197,56,2,448.94,0.15
10267,6197,58,1,370.96,0.0
10268,6197,32,1,200.98,0.0
10269,6198,14,1,247.01,0.0
10270,6198,45,2,70.43,0.2
10271,6198,36,1,95.73,0.0
10272,6199,27,1,228.1,0.0
10273,6200,50,1,432.01,0.1
10274,6200,26,1,326.44,0.1
10275,6201,33,1,233.82,0.0
10276,6202,62,1,80.44,0.05
10277,6203,15,1,159.55,0.2
10278,6204,66,1,46.76,0.05
10279,6204,16,1,230.72,0.0
10280,6204,49,1,399.06,0.15
10281,6204,39,1,78.78,0.0
10282,6205,34,1,327.63,0.0
10283,6205,71,1,438.52,0.0
10284,6206,7,1,290.09,0.0
10285,6206,55,1,238.87,0.0
10286,6207,4,1,188.28,0.2
10287,6208,66,1,46.76,0.15
10288,6209,28,3,324.88,0.0
10289,6209,69,1,98.01,0.2
10290,6210,55,1,238.87,0.0
10291,6211,52,2,372.88,0.0
10292,6211,57,1,100.82,0.0
10293,6211,51,2,25.91,0.2
10294,6212,62,1,80.44,0.0
10295,6212,13,3,288.11,0.0
10296,6213,68,1,238.62,0.1
10297,6213,57,2,100.82,0.0
10298,6214,41,1,409.66,0.0
10299,6215,34,1,327.63,0.1
10300,6215,7,1,290.09,0.0
10301,6215,30,1,431.14,0.1
10302,6216,27,1,228.1,0.0
10303,6217,5,1,441.19,0.0
10304,6217,58,2,370.96,0.0
10305,6218,50,1,432.01,0.0
10306,6218,59,1,360.15,0.0
10307,6218,58,2,370.96,0.1
10308,6218,70,1,92.51,0.15
10309,6219,42,1,232.44,0.0
10310,6220,25,1,430.21,0.0
10311,6221,54,1,180.14,0.0
10312,6221,1,1,374.81,0.0
10313,6222,65,1,299.72,0.0
10314,6223,26,1,326.44,0.1
10315,6224,15,1,159.55,0.2
10316,6224,14,3,247.01,0.1
10317,6224,56,1,448.94,0.0
10318,6225,65,2,299.72,0.0
10319,6226,32,2,200.98,0.0
10320,6227,30,1,431.14,0.05
10321,6227,36,1,95.73,0.1
10322,6228,64,1,401.71,0.1
10323,6229,4,1,188.28,0.0
10324,6230,67,1,239.77,0.0
10325,6230,47,1,359.13,0.0
10326,6230,59,1,360.15,0.0
10327,6231,45,3,70.43,0.15
10328,6231,40,1,85.38,0.0
10329,6231,20,1,79.38,0.0
10330,6232,6,1,416.95,0.1
10331,6232,3,1,156.81,0.0
10332,6232,4,1,188.28,0.05
10333,6232,38,1,173.95,0.2
10334,6233,14,1,247.01,0.0
10335,6233,40,2,85.38,0.0
10336,6233,18,1,44.33,0.0
10337,6234,36,1,95.73,0.0
10338,6235,19,1,412.27,0.0
10339,6235,57,2,100.82,0.0
10340,6236,62,2,80.44,0.0
10341,6237,68,1,238.62,0.05
10342,6238,15,1,159.55,0.15
10343,6239,44,1,270.79,0.0
10344,6240,4,1,188.28,0.0
10345,6241,14,2,247.01,0.1
10346,6241,54,1,180.14,0.0
10347,6241,16,3,230.72,0.0
10348,6241,62,1,80.44,0.15
10349,6242,16,1,230.72,0.0
10350,6243,53,1,280.66,0.05
10351,6244,29,1,259.96,0.0
10352,6245,55,2,238.87,0.05
10353,6246,41,2,409.66,0.05
10354,6247,15,1,159.55,0.0
10355,6248,18,1,44.33,0.0
10356,6249,13,1,288.11,0.0
10357,6250,15,1,159.55,0.1
10358,6251,46,1,210.09,0.0
10359,6251,72,2,139.44,0.1
10360,6252,40,1,85.38,0.0
10361,6253,24,2,439.98,0.1
10362,6253,70,1,92.51,0.0
10363,6254,68,2,238.62,0.05
10364,6255,19,1,412.27,0.0
10365,6256,31,1,109.88,0.0
10366,6256,38,1,173.95,0.1
10367,6257,69,1,98.01,0.0
10368,6257,63,1,394.04,0.0
10369,6258,15,1,159.55,0.0
10370,6258,17,2,396.49,0.0
10371,6259,65,1,299.72,0.0
10372,6260,70,1,92.51,0.2
10373,6261,14,1,247.01,0.0
10374,6262,69,1,98.01,0.0
10375,6263,27,3,228.1,0.05
10376,6264,8,1,178.2,0.0
10377,6264,34,1,327.63,0.0
10378,6265,42,1,232.44,0.0
10379,6265,41,2,409.66,0.0
10380,6265,14,1,247.01,0.0
10381,6265,57,1,100.82,0.0
10382,6266,2,1,225.21,0.0
10383,6267,41,1,409.66,0.0
10384,6268,50,1,432.01,0.0
10385,6269,66,1,46.76,0.05
10386,6270,38,1,173.95,0.0
10387,6270,22,2,410.91,0.05
10388,6271,66,1,46.76,0.0
10389,6272,8,1,178.2,0.2
10390,6273,47,1,359.13,0.05
10391,6273,13,1,288.11,0.0
10392,6273,35,1,62.83,0.15
10393,6274,71,1,438.52,0.0
10394,6275,39,2,78.78,0.1
10395,6275,34,1,327.63,0.0
10396,6276,26,1,326.44,0.0
10397,6277,63,1,394.04,0.15
10398,6277,19,1,412.27,0.0
10399,6278,62,1,80.44,0.0
10400,6279,7,1,290.09,0.0
10401,6279,18,1,44.33,0.05
10402,6280,51,2,25.91,0.1
10403,6281,7,1,290.09,0.0
10404,6282,41,1,409.66,0.0
10405,6283,45,1,70.43,0.2
10406,6283,20,1,79.38,0.0
10407,6284,21,1,134.9,0.1
10408,6285,60,1,133.04,0.0
10409,6286,3,1,156.81,0.1
10410,6287,9,1,199.05,0.0
10411,6287,16,3,230.72,0.2
10412,6287,56,1,448.94,0.1
10413,6288,20,1,79.38,0.0
10414,6289,72,1,139.44,0.0
10415,6289,14,1,247.01,0.0
10416,6289,52,1,372.88,0.1
10417,6290,20,1,79.38,0.0
10418,6290,4,1,188.28,0.0
10419,6291,21,2,134.9,0.0
10420,6292,65,1,299.72,0.0
10421,6292,3,1,156.81,0.15
10422,6293,64,1,401.71,0.05
10423,6294,38,2,173.95,0.0
10424,6295,11,1,71.32,0.0
10425,6296,58,1,370.96,0.05
10426,6297,60,1,133.04,0.0
10427,6298,63,2,394.04,0.0
10428,6298,65,1,299.72,0.05
10429,6299,30,1,431.14,0.0
10430,6299,21,1,134.9,0.1
10431,6299,40,1,85.38,0.0
10432,6300,34,1,327.63,0.15
10433,6300,49,1,399.06,0.0
10434,6301,41,1,409.66,0.0
10435,6302,53,1,280.66,0.0
10436,6302,37,1,131.27,0.0
10437,6303,32,1,200.98,0.2
10438,6304,27,1,228.1,0.0
10439,6304,25,1,430.21,0.0
10440,6304,10,1,418.35,0.0
10441,6305,4,1,188.28,0.0
10442,6306,28,1,324.88,0.0
10443,6306,48,1,67.66,0.0
10444,6306,6,1,416.95,0.05
10445,6307,31,1,109.88,0.0
10446,6307,34,1,327.63,0.0
10447,6307,63,2,394.04,0.0
10448,6308,37,2,131.27,0.0
10449,6309,13,1,288.11,0.15
10450,6310,14,1,247.01,0.0
10451,6311,19,2,412.27,0.0
10452,6312,31,3,109.88,0.0
10453,6312,35,1,62.83,0.05
10454,6313,41,1,409.66,0.15
10455,6313,20,1,79.38,0.2
10456,6314,29,1,259.96,0.15
10457,6315,31,1,109.88,0.1
10458,6316,1,1,374.81,0.05
10459,6317,2,3,225.21,0.0
10460,6318,55,1,238.87,0.0
10461,6319,46,1,210.09,0.15
10462,6320,63,1,394.04,0.05
10463,6321,45,1,70.43,0.1
10464,6322,44,1,270.79,0.05
10465,6322,32,1,200.98,0.0
10466,6323,6,1,416.95,0.2
10467,6323,58,1,370.96,0.0
10468,6324,45,1,70.43,0.0
10469,6325,19,3,412.27,0.0
10470,6326,24,2,439.98,0.1
10471,6326,43,1,246.42,0.0
10472,6327,72,1,139.44,0.05
10473,6327,18,2,44.33,0.1
10474,6327,56,3,448.94,0.15
10475,6328,12,2,206.84,0.05
10476,6328,24,1,439.98,0.05
10477,6328,66,1,46.76,0.0
10478,6329,61,1,404.71,0.0
10479,6329,12,1,206.84,0.0
10480,6330,43,3,246.42,0.0
10481,6330,67,2,239.77,0.0
10482,6330,31,1,109.88,0.15
10483,6331,62,1,80.44,0.0
10484,6332,13,1,288.11,0.0
10485,6332,29,2,259.96,0.0
10486,6333,62,1,80.44,0.15
10487,6334,2,1,225.21,0.1
10488,6334,38,1,173.95,0.0
10489,6335,35,1,62.83,0.0
10490,6336,18,1,44.33,0.0
10491,6337,35,1,62.83,0.05
10492,6338,63,1,394.04,0.0
10493,6339,48,2,67.66,0.0
10494,6339,38,1,173.95,0.1
10495,6340,34,1,327.63,0.0
10496,6341,54,2,180.14,0.0
10497,6341,58,1,370.96,0.2
10498,6341,62,1,80.44,0.0
10499,6341,49,2,399.06,0.05
10500,6342,53,3,280.66,0.0
10501,6343,9,1,199.05,0.0
10502,6343,7,1,290.09,0.2
10503,6344,14,1,247.01,0.0
10504,6345,56,1,448.94,0.0
10505,6345,3,2,156.81,0.0
10506,6346,38,1,173.95,0.05
10507,6346,23,2,411.01,0.0
10508,6346,58,1,370.96,0.1
10509,6346,33,1,233.82,0.15
10510,6347,23,1,411.01,0.05
10511,6347,6,1,416.95,0.0
10512,6348,69,3,98.01,0.2
10513,6348,21,1,134.9,0.0
10514,6349,33,1,233.82,0.05
10515,6349,42,1,232.44,0.0
10516,6350,4,1,188.28,0.0
10517,6350,58,1,370.96,0.05
10518,6351,12,1,206.84,0.05
10519,6351,50,2,432.01,0.0
10520,6352,22,1,410.91,0.0
10521,6353,30,1,431.14,0.2
10522,6353,14,1,247.01,0.0
10523,6354,47,1,359.13,0.0
10524,6355,7,1,290.09,0.1
10525,6356,54,1,180.14,0.0
10526,6357,42,1,232.44,0.05
10527,6358,39,2,78.78,0.2
10528,6358,33,2,233.82,0.05
10529,6358,3,1,156.81,0.0
10530,6359,20,3,79.38,0.0
10531,6360,72,1,139.44,0.0
10532,6360,71,1,438.52,0.0
10533,6361,7,1,290.09,0.05
10534,6362,21,1,134.9,0.2
10535,6363,45,1,70.43,0.0
10536,6363,60,1,133.04,0.0
10537,6364,5,1,441.19,0.1
10538,6365,14,1,247.01,0.0
10539,6365,44,2,270.79,0.05
10540,6365,34,1,327.63,0.0
10541,6366,44,1,270.79,0.0
10542,6367,19,1,412.27,0.0
10543,6367,35,1,62.83,0.05
10544,6367,20,2,79.38,0.0
10545,6368,3,1,156.81,0.0
10546,6369,18,1,44.33,0.0
10547,6369,59,2,360.15,0.0
10548,6369,6,1,416.95,0.0
10549,6369,34,3,327.63,0.0
10550,6370,30,2,431.14,0.1
10551,6370,58,1,370.96,0.0
10552,6371,54,1,180.14,0.05
10553,6372,18,1,44.33,0.15
10554,6372,50,1,432.01,0.0
10555,6373,62,1,80.44,0.0
10556,6374,47,1,359.13,0.0
10557,6375,26,1,326.44,0.15
10558,6376,50,3,432.01,0.0
10559,6377,52,1,372.88,0.1
10560,6378,32,1,200.98,0.0
10561,6378,6,1,416.95,0.1
10562,6378,64,1,401.71,0.0
10563,6379,38,2,173.95,0.0
10564,6379,27,2,228.1,0.0
10565,6379,43,2,246.42,0.2
10566,6380,7,2,290.09,0.0
10567,6381,55,1,238.87,0.0
10568,6381,38,1,173.95,0.15
10569,6382,18,1,44.33,0.15
10570,6383,9,1,199.05,0.0
10571,6383,23,2,411.01,0.0
10572,6383,28,2,324.88,0.05
10573,6384,4,2,188.28,0.0
10574,6384,3,1,156.81,0.0
10575,6385,26,2,326.44,0.05
10576,6385,20,1,79.38,0.2
10577,6386,21,1,134.9,0.0
10578,6387,2,1,225.21,0.0
10579,6388,64,1,401.71,0.1
10580,6389,25,1,430.21,0.05
10581,6390,67,1,239.77,0.0
10582,6390,13,1,288.11,0.05
10583,6390,39,1,78.78,0.0
10584,6391,60,1,133.04,0.0
10585,6391,52,2,372.88,0.0
10586,6391,35,2,62.83,0.0
10587,6392,51,1,25.91,0.05
10588,6392,1,1,374.81,0.0
10589,6393,3,1,156.81,0.0
10590,6394,23,1,411.01,0.0
10591,6394,24,1,439.98,0.0
10592,6395,26,1,326.44,0.05
10593,6395,25,2,430.21,0.0
10594,6396,39,1,78.78,0.0
10595,6397,37,1,131.27,0.2
10596,6397,29,1,259.96,0.0
10597,6397,23,1,411.01,0.0
10598,6398,2,1,225.21,0.0
10599,6398,24,2,439.98,0.0
10600,6399,29,1,259.96,0.0
10601,6400,11,1,71.32,0.0
10602,6400,43,1,246.42,0.0
10603,6401,11,1,71.32,0.0
10604,6402,3,1,156.81,0.0
10605,6403,69,1,98.01,0.2
10606,6403,30,2,431.14,0.05
10607,6404,2,1,225.21,0.1
10608,6405,7,2,290.09,0.1
10609,6406,44,1,270.79,0.0
10610,6406,56,1,448.94,0.05
10611,6406,2,1,225.21,0.0
10612,6407,23,1,411.01,0.15
10613,6407,6,1,416.95,0.0
10614,6407,20,3,79.38,0.15
10615,6408,5,1,441.19,0.0
10616,6409,29,3,259.96,0.0
10617,6410,31,1,109.88,0.0
10618,6411,42,1,232.44,0.05
10619,6412,40,1,85.38,0.2
10620,6412,58,2,370.96,0.05
10621,6413,63,1,394.04,0.0
10622,6413,61,1,404.71,0.05
10623,6413,26,1,326.44,0.0
10624,6414,64,2,401.71,0.1
10625,6414,31,2,109.88,0.0
10626,6415,48,1,67.66,0.2
10627,6416,1,1,374.81,0.0
10628,6417,2,1,225.21,0.0
10629,6418,37,3,131.27,0.1
10630,6419,26,1,326.44,0.0
10631,6419,22,3,410.91,0.15
10632,6420,4,2,188.28,0.1
10633,6421,62,3,80.44,0.2
10634,6421,1,1,374.81,0.05
10635,6421,69,1,98.01,0.2
10636,6422,50,1,432.01,0.0
10637,6422,28,1,324.88,0.15
10638,6423,38,1,173.95,0.0
10639,6424,17,1,396.49,0.0
10640,6425,71,1,438.52,0.0
10641,6426,41,1,409.66,0.0
10642,6426,44,1,270.79,0.0
10643,6426,60,1,133.04,0.0
10644,6427,11,2,71.32,0.1
10645,6428,38,1,173.95,0.0
10646,6429,46,2,210.09,0.1
10647,6429,10,1,418.35,0.0
10648,6429,35,1,62.83,0.0
10649,6430,60,3,133.04,0.0
10650,6431,61,3,404.71,0.0
10651,6432,66,1,46.76,0.0
10652,6433,3,1,156.81,0.05
10653,6434,68,1,238.62,0.0
10654,6435,63,1,394.04,0.0
10655,6436,70,1,92.51,0.0
10656,6437,36,2,95.73,0.0
10657,6438,23,1,411.01,0.05
10658,6439,63,1,394.04,0.0
10659,6439,41,1,409.66,0.05
10660,6440,32,1,200.98,0.0
10661,6441,11,1,71.32,0.0
10662,6442,14,1,247.01,0.0
10663,6443,4,1,188.28,0.0
10664,6444,50,1,432.01,0.0
10665,6445,28,1,324.88,0.0
10666,6446,63,1,394.04,0.0
10667,6447,4,1,188.28,0.0
10668,6448,43,1,246.42,0.05
10669,6449,55,2,238.87,0.0
10670,6450,1,1,374.81,0.0
10671,6450,10,1,418.35,0.0
10672,6451,17,1,396.49,0.05
10673,6451,36,1,95.73,0.0
10674,6452,19,1,412.27,0.15
10675,6452,25,1,430.21,0.0
10676,6453,53,1,280.66,0.0
10677,6454,32,1,200.98,0.0
10678,6455,67,1,239.77,0.05
10679,6456,30,1,431.14,0.1
10680,6456,13,1,288.11,0.1
10681,6456,12,1,206.84,0.15
10682,6457,22,2,410.91,0.0
10683,6457,9,1,199.05,0.05
10684,6458,68,3,238.62,0.0
10685,6459,16,1,230.72,0.0
10686,6459,34,1,327.63,0.0
10687,6459,61,1,404.71,0.2
10688,6459,56,1,448.94,0.15
10689,6460,52,1,372.88,0.15
10690,6461,29,1,259.96,0.05
10691,6461,39,1,78.78,0.2
10692,6461,42,1,232.44,0.0
10693,6462,36,1,95.73,0.0
10694,6462,6,2,416.95,0.0
10695,6463,26,3,326.44,0.15
10696,6463,23,1,411.01,0.0
10697,6464,31,1,109.88,0.0
10698,6465,28,1,324.88,0.05
10699,6466,3,2,156.81,0.05
10700,6467,7,1,290.09,0.1
10701,6467,23,1,411.01,0.0
10702,6468,10,1,418.35,0.0
10703,6469,56,1,448.94,0.1
10704,6470,19,1,412.27,0.0
10705,6471,2,2,225.21,0.0
10706,6472,43,1,246.42,0.0
10707,6472,35,1,62.83,0.15
10708,6473,30,1,431.14,0.15
10709,6473,7,1,290.09,0.0
10710,6474,30,1,431.14,0.1
10711,6474,24,1,439.98,0.05
10712,6475,44,1,270.79,0.15
10713,6475,60,1,133.04,0.0
10714,6476,6,1,416.95,0.0
10715,6476,62,1,80.44,0.15
10716,6477,8,1,178.2,0.05
10717,6478,22,1,410.91,0.2
10718,6479,37,1,131.27,0.0
10719,6480,43,1,246.42,0.05
10720,6481,34,1,327.63,0.15
10721,6481,29,1,259.96,0.2
10722,6481,6,1,416.95,0.0
10723,6482,5,1,441.19,0.1
10724,6483,54,1,180.14,0.05
10725,6484,27,1,228.1,0.0
10726,6485,20,1,79.38,0.0
10727,6486,3,1,156.81,0.05
10728,6486,17,1,396.49,0.0
10729,6487,41,1,409.66,0.1
10730,6488,45,1,70.43,0.0
10731,6489,15,1,159.55,0.05
10732,6489,26,1,326.44,0.05
10733,6490,1,2,374.81,0.0
10734,6490,67,2,239.77,0.0
10735,6490,21,1,134.9,0.1
10736,6491,32,1,200.98,0.0
10737,6492,45,1,70.43,0.1
10738,6492,64,1,401.71,0.0
10739,6492,4,1,188.28,0.0
10740,6493,52,1,372.88,0.0
10741,6493,43,1,246.42,0.05
10742,6494,66,1,46.76,0.0
10743,6495,12,1,206.84,0.1
10744,6496,68,1,238.62,0.0
10745,6496,16,2,230.72,0.0
10746,6497,13,1,288.11,0.0
10747,6498,4,1,188.28,0.1
10748,6499,11,1,71.32,0.0
10749,6500,68,1,238.62,0.0
10750,6501,49,1,399.06,0.0
10751,6502,47,2,359.13,0.1
10752,6503,38,1,173.95,0.1
10753,6504,72,1,139.44,0.0
10754,6504,32,1,200.98,0.0
10755,6504,71,1,438.52,0.1
10756,6504,58,3,370.96,0.0
10757,6505,21,1,134.9,0.0
10758,6506,3,1,156.81,0.0
10759,6507,31,1,109.88,0.0
10760,6507,2,1,225.21,0.0
10761,6507,26,1,326.44,0.15
10762,6508,32,2,200.98,0.0
10763,6508,52,1,372.88,0.0
10764,6509,13,1,288.11,0.0
10765,6510,10,1,418.35,0.1
10766,6510,26,2,326.44,0.2
10767,6511,13,1,288.11,0.0
10768,6512,67,1,239.77,0.0
10769,6512,10,3,418.35,0.0
10770,6512,21,1,134.9,0.05
10771,6513,57,1,100.82,0.0
10772,6513,31,1,109.88,0.0
10773,6514,37,1,131.27,0.1
10774,6514,34,1,327.63,0.1
10775,6515,66,1,46.76,0.0
10776,6516,6,1,416.95,0.0
10777,6517,44,2,270.79,0.0
10778,6517,69,1,98.01,0.15
10779,6518,46,1,210.09,0.1
10780,6519,4,1,188.28,0.1
10781,6519,32,1,200.98,0.05
10782,6520,18,1,44.33,0.0
10783,6520,60,1,133.04,0.1
10784,6521,26,1,326.44,0.0
10785,6522,13,1,288.11,0.1
10786,6523,16,1,230.72,0.0
10787,6523,70,3,92.51,0.0
10788,6524,22,1,410.91,0.0
10789,6525,39,1,78.78,0.0
10790,6526,16,1,230.72,0.05
10791,6526,34,1,327.63,0.05
10792,6527,27,2,228.1,0.0
10793,6528,14,1,247.01,0.05
10794,6528,27,1,228.1,0.2
10795,6528,50,1,432.01,0.0
10796,6529,22,1,410.91,0.15
10797,6529,72,1,139.44,0.05
10798,6529,57,1,100.82,0.1
10799,6530,28,1,324.88,0.1
10800,6531,28,1,324.88,0.2
10801,6531,3,1,156.81,0.0
10802,6532,63,1,394.04,0.15
10803,6533,8,1,178.2,0.15
10804,6533,64,1,401.71,0.0
10805,6533,3,1,156.81,0.0
10806,6534,23,1,411.01,0.0
10807,6534,15,1,159.55,0.1
10808,6535,26,1,326.44,0.1
10809,6536,37,1,131.27,0.2
10810,6537,20,1,79.38,0.0
10811,6538,8,1,178.2,0.0
10812,6539,71,1,438.52,0.0
10813,6540,58,1,370.96,0.0
10814,6541,42,1,232.44,0.1
10815,6542,3,1,156.81,0.15
10816,6543,19,1,412.27,0.0
10817,6544,1,2,374.81,0.1
10818,6544,56,1,448.94,0.05
10819,6544,7,1,290.09,0.1
10820,6545,56,1,448.94,0.0
10821,6545,29,2,259.96,0.0
10822,6546,47,1,359.13,0.05
10823,6546,61,1,404.71,0.1
10824,6547,29,2,259.96,0.0
10825,6547,37,1,131.27,0.05
10826,6547,1,1,374.81,0.0
10827,6548,31,1,109.88,0.15
10828,6548,29,2,259.96,0.0
10829,6549,21,2,134.9,0.1
10830,6549,31,1,109.88,0.0
10831,6549,37,1,131.27,0.0
10832,6550,48,1,67.66,0.1
10833,6551,14,1,247.01,0.15
10834,6551,57,1,100.82,0.0
10835,6552,34,2,327.63,0.0
10836,6552,43,2,246.42,0.0
10837,6552,9,1,199.05,0.0
10838,6553,5,1,441.19,0.05
10839,6554,6,1,416.95,0.0
10840,6554,64,1,401.71,0.15
10841,6554,68,1,238.62,0.1
10842,6554,5,1,441.19,0.0
10843,6555,67,1,239.77,0.0
10844,6556,16,1,230.72,0.0
10845,6557,4,3,188.28,0.0
10846,6557,48,1,67.66,0.0
10847,6558,40,1,85.38,0.2
10848,6559,54,3,180.14,0.15
10849,6559,48,1,67.66,0.05
10850,6560,65,2,299.72,0.0
10851,6560,72,1,139.44,0.0
10852,6560,68,1,238.62,0.15
10853,6560,33,1,233.82,0.0
10854,6561,32,1,200.98,0.15
10855,6562,6,1,416.95,0.0
10856,6563,21,1,134.9,0.0
10857,6563,68,1,238.62,0.05
10858,6563,67,1,239.77,0.0
10859,6563,33,1,233.82,0.0
10860,6564,19,1,412.27,0.0
10861,6564,1,2,374.81,0.1
10862,6565,23,1,411.01,0.0
10863,6566,65,1,299.72,0.0
10864,6567,26,1,326.44,0.0
10865,6568,3,2,156.81,0.0
10866,6569,9,1,199.05,0.0
10867,6570,23,1,411.01,0.15
10868,6571,64,1,401.71,0.0
10869,6571,55,2,238.87,0.0
10870,6571,11,1,71.32,0.0
10871,6571,65,1,299.72,0.15
10872,6572,52,1,372.88,0.0
10873,6572,67,2,239.77,0.0
10874,6572,2,1,225.21,0.15
10875,6572,39,1,78.78,0.0
10876,6573,20,1,79.38,0.2
10877,6573,38,1,173.95,0.05
10878,6574,29,2,259.96,0.0
10879,6575,40,1,85.38,0.0
10880,6576,72,1,139.44,0.05
10881,6577,8,1,178.2,0.0
10882,6577,32,1,200.98,0.0
10883,6578,44,3,270.79,0.0
10884,6579,57,1,100.82,0.0
10885,6580,21,1,134.9,0.05
10886,6581,22,1,410.91,0.0
10887,6581,59,1,360.15,0.0
10888,6582,61,1,404.71,0.0
10889,6582,54,1,180.14,0.0
10890,6583,9,1,199.05,0.0
10891,6584,25,1,430.21,0.0
10892,6585,5,1,441.19,0.15
10893,6585,45,1,70.43,0.2
10894,6586,45,1,70.43,0.0
10895,6587,23,2,411.01,0.0
10896,6587,2,2,225.21,0.0
10897,6587,31,1,109.88,0.05
10898,6587,72,2,139.44,0.0
10899,6588,60,1,133.04,0.0
10900,6588,40,1,85.38,0.1
10901,6589,46,1,210.09,0.05
10902,6590,58,1,370.96,0.1
10903,6590,10,1,418.35,0.0
10904,6591,3,1,156.81,0.0
10905,6592,24,3,439.98,0.05
10906,6592,43,1,246.42,0.0
10907,6592,39,1,78.78,0.1
10908,6593,39,3,78.78,0.15
10909,6594,38,1,173.95,0.05
10910,6595,57,1,100.82,0.0
10911,6595,20,1,79.38,0.0
10912,6596,63,1,394.04,0.1
10913,6596,50,1,432.01,0.0
10914,6597,65,1,299.72,0.05
10915,6597,44,1,270.79,0.0
10916,6598,33,1,233.82,0.0
10917,6598,20,1,79.38,0.15
10918,6599,11,1,71.32,0.0
10919,6599,3,1,156.81,0.15
10920,6600,2,1,225.21,0.0
10921,6601,64,1,401.71,0.0
10922,6601,54,1,180.14,0.15
10923,6602,3,1,156.81,0.1
10924,6602,68,1,238.62,0.05
10925,6603,25,1,430.21,0.0
10926,6604,14,2,247.01,0.0
10927,6605,29,1,259.96,0.0
10928,6606,36,1,95.73,0.0
10929,6607,12,2,206.84,0.05
10930,6607,53,1,280.66,0.0
10931,6607,15,1,159.55,0.05
10932,6608,33,3,233.82,0.1
10933,6608,52,2,372.88,0.0
10934,6608,26,1,326.44,0.1
10935,6608,66,1,46.76,0.0
10936,6609,60,1,133.04,0.0
10937,6610,68,2,238.62,0.0
10938,6610,72,1,139.44,0.0
10939,6611,36,1,95.73,0.0
10940,6611,38,1,173.95,0.0
10941,6612,3,1,156.81,0.0
10942,6612,30,1,431.14,0.0
10943,6612,32,1,200.98,0.0
10944,6613,18,1,44.33,0.0
10945,6614,60,1,133.04,0.0
10946,6614,33,2,233.82,0.2
10947,6615,24,1,439.98,0.0
10948,6616,41,1,409.66,0.0
10949,6616,50,2,432.01,0.05
10950,6617,63,1,394.04,0.0
10951,6617,22,3,410.91,0.05
10952,6617,58,1,370.96,0.05
10953,6618,27,1,228.1,0.1
10954,6618,30,1,431.14,0.0
10955,6619,40,1,85.38,0.05
10956,6620,72,2,139.44,0.0
10957,6620,18,2,44.33,0.0
10958,6620,22,1,410.91,0.2
10959,6620,63,1,394.04,0.0
10960,6621,2,2,225.21,0.0
10961,6621,63,2,394.04,0.0
10962,6621,29,1,259.96,0.0
10963,6622,70,1,92.51,0.05
10964,6623,8,2,178.2,0.2
10965,6623,10,1,418.35,0.15
10966,6624,47,1,359.13,0.0
10967,6625,34,1,327.63,0.0
10968,6626,66,1,46.76,0.0
10969,6627,42,1,232.44,0.05
10970,6627,43,1,246.42,0.0
10971,6627,66,3,46.76,0.0
10972,6628,14,1,247.01,0.05
10973,6629,40,1,85.38,0.0
10974,6629,3,1,156.81,0.05
10975,6630,32,1,200.98,0.0
10976,6631,50,1,432.01,0.15
10977,6632,69,1,98.01,0.0
10978,6632,45,1,70.43,0.2
10979,6632,21,1,134.9,0.0
10980,6633,12,1,206.84,0.0
10981,6634,10,1,418.35,0.1
10982,6635,57,2,100.82,0.0
10983,6636,70,1,92.51,0.15
10984,6636,38,2,173.95,0.15
10985,6637,56,1,448.94,0.05
10986,6637,8,1,178.2,0.0
10987,6638,11,1,71.32,0.1
10988,6639,2,1,225.21,0.0
10989,6640,9,1,199.05,0.0
10990,6640,49,1,399.06,0.1
10991,6641,36,1,95.73,0.0
10992,6641,7,2,290.09,0.0
10993,6642,27,1,228.1,0.0
10994,6642,24,1,439.98,0.15
10995,6642,12,2,206.84,0.05
10996,6643,28,1,324.88,0.2
10997,6644,19,1,412.27,0.0
10998,6645,53,1,280.66,0.1
10999,6646,44,1,270.79,0.2
11000,6646,45,1,70.43,0.2
11001,6647,13,1,288.11,0.1
11002,6648,53,1,280.66,0.0
11003,6649,4,1,188.28,0.0
11004,6650,7,1,290.09,0.0
11005,6650,70,1,92.51,0.05
11006,6651,69,1,98.01,0.0
11007,6652,26,2,326.44,0.0
11008,6653,64,1,401.71,0.05
11009,6653,39,1,78.78,0.0
11010,6654,50,1,432.01,0.05
11011,6655,9,1,199.05,0.0
11012,6655,51,3,25.91,0.0
11013,6656,32,1,200.98,0.0
11014,6657,34,2,327.63,0.0
11015,6658,7,1,290.09,0.0
11016,6659,20,3,79.38,0.0
11017,6659,62,1,80.44,0.05
11018,6660,57,1,100.82,0.0
11019,6661,7,1,290.09,0.15
11020,6662,49,1,399.06,0.05
11021,6662,1,1,374.81,0.0
11022,6662,69,2,98.01,0.0
11023,6663,29,1,259.96,0.0
11024,6664,41,1,409.66,0.05
11025,6665,50,3,432.01,0.15
11026,6666,67,1,239.77,0.1
11027,6667,12,1,206.84,0.0
11028,6668,45,1,70.43,0.0
11029,6668,46,1,210.09,0.0
11030,6668,33,1,233.82,0.1
11031,6669,13,1,288.11,0.05
11032,6669,41,1,409.66,0.15
11033,6669,26,2,326.44,0.0
11034,6669,39,1,78.78,0.0
11035,6670,53,1,280.66,0.0
11036,6671,32,2,200.98,0.0
11037,6672,70,1,92.51,0.0
11038,6673,27,1,228.1,0.0
11039,6673,43,1,246.42,0.0
11040,6673,71,1,438.52,0.05
11041,6674,29,2,259.96,0.0
11042,6675,61,1,404.71,0.0
11043,6675,62,1,80.44,0.0
11044,6675,16,1,230.72,0.2
11045,6675,4,1,188.28,0.0
11046,6676,72,1,139.44,0.0
11047,6677,37,1,131.27,0.0
11048,6678,17,1,396.49,0.0
11049,6678,47,1,359.13,0.05
11050,6678,37,1,131.27,0.0
11051,6679,65,1,299.72,0.2
11052,6680,15,1,159.55,0.05
11053,6681,57,1,100.82,0.1
11054,6682,44,1,270.79,0.0
11055,6683,23,1,411.01,0.15
11056,6683,61,1,404.71,0.0
11057,6684,61,1,404.71,0.0
11058,6685,68,1,238.62,0.05
11059,6685,14,2,247.01,0.1
11060,6686,20,1,79.38,0.0
11061,6686,39,1,78.78,0.0
11062,6686,69,1,98.01,0.0
11063,6687,51,1,25.91,0.0
11064,6687,65,1,299.72,0.05
11065,6688,8,2,178.2,0.0
11066,6689,31,1,109.88,0.2
11067,6689,17,1,396.49,0.0
11068,6689,62,1,80.44,0.0
11069,6689,3,1,156.81,0.0
11070,6690,35,1,62.83,0.0
11071,6691,31,1,109.88,0.0
11072,6692,17,1,396.49,0.05
11073,6693,30,1,431.14,0.0
11074,6694,42,1,232.44,0.0
11075,6695,15,1,159.55,0.0
11076,6696,34,1,327.63,0.05
11077,6696,18,1,44.33,0.05
11078,6697,70,1,92.51,0.1
11079,6697,72,1,139.44,0.0
11080,6697,31,1,109.88,0.2
11081,6698,13,2,288.11,0.15
11082,6699,50,1,432.01,0.0
11083,6699,23,1,411.01,0.0
11084,6700,62,2,80.44,0.0
11085,6700,23,1,411.01,0.1
11086,6700,61,2,404.71,0.0
11087,6701,68,1,238.62,0.15
11088,6701,10,3,418.35,0.05
11089,6702,14,2,247.01,0.1
11090,6703,25,2,430.21,0.05
11091,6703,62,1,80.44,0.2
11092,6703,65,1,299.72,0.15
11093,6704,20,1,79.38,0.0
11094,6704,22,2,410.91,0.0
11095,6705,44,1,270.79,0.0
11096,6706,49,1,399.06,0.05
11097,6706,72,1,139.44,0.1
11098,6707,72,3,139.44,0.1
11099,6708,69,1,98.01,0.0
11100,6708,64,2,401.71,0.15
11101,6708,11,1,71.32,0.0
11102,6709,1,1,374.81,0.0
11103,6709,27,1,228.1,0.0
11104,6710,72,1,139.44,0.0
11105,6711,25,2,430.21,0.15
11106,6712,28,1,324.88,0.2
11107,6712,20,1,79.38,0.05
11108,6713,65,1,299.72,0.15
11109,6714,35,2,62.83,0.0
11110,6714,59,2,360.15,0.05
11111,6715,42,1,232.44,0.0
11112,6716,7,1,290.09,0.0
11113,6716,35,1,62.83,0.0
11114,6716,9,2,199.05,0.0
11115,6717,16,1,230.72,0.0
11116,6718,58,1,370.96,0.0
11117,6718,45,3,70.43,0.05
11118,6718,25,1,430.21,0.0
11119,6719,31,1,109.88,0.0
11120,6719,8,1,178.2,0.15
11121,6720,24,2,439.98,0.0
11122,6721,58,1,370.96,0.0
11123,6722,72,1,139.44,0.0
11124,6723,65,1,299.72,0.0
11125,6723,61,1,404.71,0.0
11126,6724,68,1,238.62,0.05
11127,6724,3,1,156.81,0.05
11128,6724,26,2,326.44,0.0
11129,6725,20,1,79.38,0.0
11130,6726,2,1,225.21,0.0
11131,6726,48,1,67.66,0.0
11132,6726,7,1,290.09,0.05
11133,6727,58,1,370.96,0.0
11134,6727,31,1,109.88,0.05
11135,6727,7,2,290.09,0.0
11136,6728,40,1,85.38,0.0
11137,6728,54,3,180.14,0.0
11138,6728,59,1,360.15,0.1
11139,6729,8,1,178.2,0.05
11140,6730,16,2,230.72,0.1
11141,6730,20,1,79.38,0.0
11142,6731,33,1,233.82,0.05
11143,6732,2,1,225.21,0.0
11144,6732,55,1,238.87,0.05
11145,6733,36,2,95.73,0.05
11146,6733,59,1,360.15,0.15
11147,6734,12,1,206.84,0.05
11148,6734,35,1,62.83,0.05
11149,6734,63,1,394.04,0.1
11150,6734,45,2,70.43,0.15
11151,6735,30,1,431.14,0.0
11152,6735,7,1,290.09,0.0
11153,6736,57,1,100.82,0.15
11154,6736,5,1,441.19,0.0
11155,6737,44,1,270.79,0.1
11156,6737,49,1,399.06,0.0
11157,6737,59,1,360.15,0.1
11158,6738,11,1,71.32,0.0
11159,6739,56,2,448.94,0.0
11160,6739,58,2,370.96,0.1
11161,6740,62,3,80.44,0.05
11162,6741,49,1,399.06,0.15
11163,6741,57,1,100.82,0.1
11164,6742,28,3,324.88,0.0
11165,6742,57,1,100.82,0.15
11166,6742,56,1,448.94,0.0
11167,6743,5,1,441.19,0.15
11168,6743,3,1,156.81,0.05
11169,6744,20,2,79.38,0.0
11170,6744,13,1,288.11,0.0
11171,6744,26,1,326.44,0.1
11172,6745,49,1,399.06,0.0
11173,6746,54,1,180.14,0.15
11174,6746,16,1,230.72,0.0
11175,6747,67,2,239.77,0.0
11176,6747,37,1,131.27,0.0
11177,6748,12,1,206.84,0.15
11178,6749,61,1,404.71,0.05
11179,6750,4,1,188.28,0.0
11180,6751,30,1,431.14,0.2
11181,6752,15,2,159.55,0.0
11182,6753,36,1,95.73,0.15
11183,6754,18,1,44.33,0.0
11184,6754,24,1,439.98,0.0
11185,6754,41,1,409.66,0.0
11186,6754,49,1,399.06,0.0
11187,6755,47,3,359.13,0.0
11188,6755,16,2,230.72,0.1
11189,6756,18,1,44.33,0.05
11190,6757,68,3,238.62,0.1
11191,6757,71,1,438.52,0.2
11192,6758,62,1,80.44,0.1
11193,6759,63,1,394.04,0.15
11194,6759,58,1,370.96,0.0
11195,6760,9,1,199.05,0.0
11196,6760,5,1,441.19,0.05
11197,6761,66,1,46.76,0.0
11198,6761,31,1,109.88,0.0
11199,6761,11,1,71.32,0.2
11200,6762,23,1,411.01,0.0
11201,6763,19,1,412.27,0.1
11202,6764,7,1,290.09,0.15
11203,6765,43,1,246.42,0.05
11204,6766,71,2,438.52,0.0
11205,6767,7,1,290.09,0.1
11206,6767,26,1,326.44,0.0
11207,6768,43,1,246.42,0.0
11208,6768,25,1,430.21,0.15
11209,6769,57,1,100.82,0.15
11210,6770,2,1,225.21,0.0
11211,6771,70,1,92.51,0.0
11212,6772,63,1,394.04,0.1
11213,6773,12,1,206.84,0.0
11214,6774,70,1,92.51,0.05
11215,6775,64,1,401.71,0.0
11216,6775,69,1,98.01,0.05
11217,6775,54,1,180.14,0.05
11218,6776,8,1,178.2,0.1
11219,6777,2,1,225.21,0.2
11220,6778,50,1,432.01,0.0
11221,6779,32,3,200.98,0.05
11222,6780,12,1,206.84,0.2
11223,6781,58,1,370.96,0.0
11224,6781,64,1,401.71,0.0
11225,6782,26,1,326.44,0.05
11226,6782,45,1,70.43,0.2
11227,6783,46,2,210.09,0.0
11228,6784,26,1,326.44,0.0
11229,6785,4,1,188.28,0.0
11230,6786,20,3,79.38,0.0
11231,6787,6,3,416.95,0.0
11232,6788,57,1,100.82,0.2
11233,6789,55,3,238.87,0.0
11234,6790,49,1,399.06,0.0
11235,6791,68,2,238.62,0.05
11236,6791,60,1,133.04,0.2
11237,6792,2,1,225.21,0.0
11238,6793,38,1,173.95,0.1
11239,6794,32,1,200.98,0.0
11240,6795,28,2,324.88,0.05
11241,6795,36,1,95.73,0.0
11242,6795,5,1,441.19,0.0
11243,6795,7,1,290.09,0.0
11244,6796,51,2,25.91,0.0
11245,6797,54,1,180.14,0.05
11246,6797,44,2,270.79,0.0
11247,6797,24,1,439.98,0.0
11248,6798,58,1,370.96,0.2
11249,6799,3,1,156.81,0.0
11250,6800,14,1,247.01,0.1
11251,6800,7,1,290.09,0.0
11252,6800,52,1,372.88,0.0
11253,6801,45,2,70.43,0.05
11254,6802,10,1,418.35,0.0
11255,6802,12,1,206.84,0.0
11256,6802,14,1,247.01,0.0
11257,6803,9,1,199.05,0.0
11258,6803,59,1,360.15,0.0
11259,6804,1,1,374.81,0.1
11260,6804,13,1,288.11,0.0
11261,6805,23,1,411.01,0.15
11262,6805,58,1,370.96,0.0
11263,6805,47,1,359.13,0.1
11264,6806,43,1,246.42,0.0
11265,6807,32,1,200.98,0.0
11266,6808,15,1,159.55,0.1
11267,6809,33,2,233.82,0.0
11268,6809,3,1,156.81,0.15
11269,6810,72,2,139.44,0.15
11270,6810,48,1,67.66,0.0
11271,6811,34,1,327.63,0.0
11272,6812,68,1,238.62,0.1
11273,6812,25,3,430.21,0.0
11274,6812,28,1,324.88,0.0
11275,6813,48,2,67.66,0.0
11276,6813,23,1,411.01,0.0
11277,6814,27,1,228.1,0.0
11278,6814,67,1,239.77,0.1
11279,6815,56,1,448.94,0.05
11280,6815,7,1,290.09,0.0
11281,6815,18,1,44.33,0.0
11282,6816,28,1,324.88,0.0
11283,6817,18,1,44.33,0.0
11284,6818,40,1,85.38,0.05
11285,6819,7,1,290.09,0.1
11286,6819,52,1,372.88,0.05
11287,6819,58,1,370.96,0.0
11288,6820,13,1,288.11,0.1
11289,6820,64,1,401.71,0.0
11290,6821,52,1,372.88,0.1
11291,6822,31,2,109.88,0.05
11292,6823,51,1,25.91,0.05
11293,6823,58,1,370.96,0.0
11294,6823,14,3,247.01,0.1
11295,6824,21,1,134.9,0.0
11296,6824,2,1,225.21,0.0
11297,6824,46,1,210.09,0.1
11298,6825,39,1,78.78,0.05
11299,6825,1,1,374.81,0.0
11300,6825,25,1,430.21,0.0
11301,6826,45,2,70.43,0.05
11302,6827,42,1,232.44,0.0
11303,6828,72,1,139.44,0.0
11304,6828,54,1,180.14,0.0
11305,6828,9,1,199.05,0.0
11306,6828,48,1,67.66,0.0
11307,6829,28,1,324.88,0.0
11308,6829,30,3,431.14,0.05
11309,6830,39,1,78.78,0.0
11310,6830,36,1,95.73,0.15
11311,6831,31,1,109.88,0.05
11312,6832,14,2,247.01,0.0
11313,6833,1,1,374.81,0.15
11314,6833,70,1,92.51,0.0
11315,6834,35,2,62.83,0.0
11316,6835,33,1,233.82,0.0
11317,6836,66,2,46.76,0.2
11318,6836,11,1,71.32,0.15
11319,6836,12,1,206.84,0.0
11320,6837,17,1,396.49,0.0
11321,6838,31,1,109.88,0.0
11322,6839,62,1,80.44,0.1
11323,6840,37,1,131.27,0.0
11324,6841,42,1,232.44,0.05
11325,6841,54,1,180.14,0.0
11326,6841,15,1,159.55,0.0
11327,6842,48,1,67.66,0.05
11328,6842,43,1,246.42,0.0
11329,6842,66,1,46.76,0.05
11330,6843,69,1,98.01,0.15
11331,6843,28,1,324.88,0.1
11332,6844,57,1,100.82,0.05
11333,6844,67,1,239.77,0.15
11334,6845,17,1,396.49,0.0
11335,6845,36,2,95.73,0.2
11336,6846,19,1,412.27,0.05
11337,6847,22,1,410.91,0.1
11338,6848,35,1,62.83,0.1
11339,6848,15,1,159.55,0.0
11340,6848,10,1,418.35,0.0
11341,6849,22,1,410.91,0.0
11342,6849,18,1,44.33,0.0
11343,6850,53,1,280.66,0.0
11344,6851,29,1,259.96,0.05
11345,6852,65,1,299.72,0.2
11346,6853,24,1,439.98,0.05
11347,6853,51,1,25.91,0.0
11348,6854,21,1,134.9,0.1
11349,6854,72,1,139.44,0.05
11350,6855,1,2,374.81,0.0
11351,6856,41,1,409.66,0.0
11352,6856,5,2,441.19,0.0
11353,6857,42,1,232.44,0.0
11354,6857,1,1,374.81,0.0
11355,6858,27,1,228.1,0.0
11356,6858,19,1,412.27,0.0
11357,6858,14,1,247.01,0.0
11358,6859,38,1,173.95,0.0
11359,6859,54,1,180.14,0.05
11360,6860,59,1,360.15,0.0
11361,6860,70,1,92.51,0.15
11362,6861,16,1,230.72,0.15
11363,6862,65,1,299.72,0.0
11364,6863,61,1,404.71,0.0
11365,6864,25,1,430.21,0.0
11366,6864,20,1,79.38,0.0
11367,6865,20,1,79.38,0.0
11368,6866,6,3,416.95,0.2
11369,6867,5,1,441.19,0.0
11370,6868,66,1,46.76,0.0
11371,6868,18,3,44.33,0.0
11372,6869,8,1,178.2,0.1
11373,6869,25,1,430.21,0.0
11374,6869,63,1,394.04,0.0
11375,6870,10,1,418.35,0.05
11376,6871,55,1,238.87,0.15
11377,6871,10,2,418.35,0.2
11378,6872,13,1,288.11,0.1
11379,6872,58,2,370.96,0.1
11380,6873,10,1,418.35,0.0
11381,6874,20,1,79.38,0.0
11382,6875,21,1,134.9,0.1
11383,6875,62,1,80.44,0.05
11384,6875,61,1,404.71,0.2
11385,6876,10,1,418.35,0.0
11386,6877,54,1,180.14,0.1
11387,6878,28,1,324.88,0.0
11388,6879,13,1,288.11,0.05
11389,6880,38,1,173.95,0.0
11390,6881,32,1,200.98,0.15
11391,6882,69,1,98.01,0.0
11392,6882,30,1,431.14,0.0
11393,6883,51,1,25.91,0.2
11394,6884,65,1,299.72,0.0
11395,6885,66,1,46.76,0.0
11396,6886,57,3,100.82,0.2
11397,6887,68,1,238.62,0.2
11398,6888,24,2,439.98,0.0
11399,6889,23,3,411.01,0.1
11400,6889,59,1,360.15,0.15
11401,6889,41,1,409.66,0.0
11402,6889,25,1,430.21,0.0
11403,6890,53,1,280.66,0.0
11404,6891,41,1,409.66,0.2
11405,6892,2,1,225.21,0.0
11406,6893,50,1,432.01,0.0
11407,6894,67,1,239.77,0.0
11408,6895,3,1,156.81,0.2
11409,6896,69,2,98.01,0.15
11410,6896,65,3,299.72,0.2
11411,6897,24,2,439.98,0.0
11412,6897,48,1,67.66,0.0
11413,6898,8,1,178.2,0.0
11414,6898,6,1,416.95,0.0
11415,6898,49,1,399.06,0.0
11416,6899,62,1,80.44,0.05
11417,6899,58,1,370.96,0.0
11418,6899,69,1,98.01,0.05
11419,6900,34,1,327.63,0.2
11420,6901,15,2,159.55,0.05
11421,6901,8,1,178.2,0.2
11422,6901,18,1,44.33,0.2
11423,6901,65,3,299.72,0.0
11424,6902,3,1,156.81,0.0
11425,6903,13,3,288.11,0.0
11426,6904,72,1,139.44,0.0
11427,6904,17,1,396.49,0.05
11428,6905,62,1,80.44,0.05
11429,6905,27,1,228.1,0.05
11430,6906,67,1,239.77,0.0
11431,6907,55,1,238.87,0.0
11432,6907,63,1,394.04,0.1
11433,6908,57,1,100.82,0.0
11434,6909,30,3,431.14,0.0
11435,6909,15,1,159.55,0.1
11436,6910,24,3,439.98,0.0
11437,6911,12,1,206.84,0.1
11438,6911,59,3,360.15,0.1
11439,6912,15,1,159.55,0.05
11440,6913,23,1,411.01,0.0
11441,6913,22,1,410.91,0.1
11442,6913,65,1,299.72,0.0
11443,6914,62,1,80.44,0.0
11444,6915,41,1,409.66,0.05
11445,6915,19,1,412.27,0.0
11446,6916,55,1,238.87,0.0
11447,6916,18,2,44.33,0.0
11448,6916,38,1,173.95,0.0
11449,6917,23,2,411.01,0.15
11450,6917,32,1,200.98,0.0
11451,6918,29,1,259.96,0.0
11452,6918,52,1,372.88,0.05
11453,6918,51,1,25.91,0.05
11454,6918,46,2,210.09,0.1
11455,6919,24,1,439.98,0.0
11456,6920,45,1,70.43,0.0
11457,6920,19,1,412.27,0.2
11458,6920,12,2,206.84,0.0
11459,6920,17,1,396.49,0.0
11460,6921,23,1,411.01,0.0
11461,6921,50,2,432.01,0.05
11462,6922,43,1,246.42,0.0
11463,6922,37,1,131.27,0.2
11464,6922,62,2,80.44,0.0
11465,6923,18,1,44.33,0.0
11466,6923,8,1,178.2,0.05
11467,6924,65,1,299.72,0.2
11468,6925,9,1,199.05,0.0
11469,6926,35,1,62.83,0.05
11470,6926,57,1,100.82,0.0
11471,6927,8,1,178.2,0.0
11472,6927,28,3,324.88,0.15
11473,6928,7,1,290.09,0.0
11474,6929,13,1,288.11,0.0
11475,6930,43,1,246.42,0.0
11476,6931,62,1,80.44,0.0
11477,6932,46,1,210.09,0.0
11478,6932,20,1,79.38,0.1
11479,6932,33,1,233.82,0.0
11480,6933,61,1,404.71,0.0
11481,6933,6,1,416.95,0.15
11482,6934,9,3,199.05,0.0
11483,6934,21,1,134.9,0.0
11484,6934,4,1,188.28,0.0
11485,6935,64,1,401.71,0.0
11486,6936,9,1,199.05,0.1
11487,6937,28,1,324.88,0.0
11488,6937,35,1,62.83,0.15
11489,6938,48,1,67.66,0.1
11490,6939,64,1,401.71,0.0
11491,6939,37,2,131.27,0.0
11492,6940,29,1,259.96,0.0
11493,6940,58,1,370.96,0.1
11494,6941,8,1,178.2,0.0
11495,6942,51,2,25.91,0.1
11496,6942,60,1,133.04,0.0
11497,6942,4,3,188.28,0.1
11498,6943,46,1,210.09,0.05
11499,6944,62,1,80.44,0.0
11500,6945,19,3,412.27,0.0
11501,6946,42,1,232.44,0.0
11502,6947,42,1,232.44,0.1
11503,6948,44,1,270.79,0.0
11504,6948,10,1,418.35,0.0
11505,6948,6,1,416.95,0.0
11506,6948,29,1,259.96,0.1
11507,6949,47,1,359.13,0.1
11508,6949,33,1,233.82,0.0
11509,6950,31,1,109.88,0.2
11510,6950,63,1,394.04,0.0
11511,6950,64,2,401.71,0.15
11512,6951,15,1,159.55,0.0
11513,6951,12,2,206.84,0.0
11514,6952,44,1,270.79,0.0
11515,6953,24,1,439.98,0.0
11516,6954,35,3,62.83,0.0
11517,6955,58,1,370.96,0.0
11518,6955,2,1,225.21,0.0
11519,6956,23,2,411.01,0.0
11520,6957,34,3,327.63,0.0
11521,6957,40,1,85.38,0.1
11522,6957,2,1,225.21,0.0
11523,6958,69,1,98.01,0.15
11524,6959,43,1,246.42,0.1
11525,6959,48,1,67.66,0.0
11526,6960,34,1,327.63,0.0
11527,6961,44,1,270.79,0.15
11528,6962,48,2,67.66,0.0
11529,6963,62,1,80.44,0.0
11530,6964,34,1,327.63,0.0
11531,6964,69,1,98.01,0.0
11532,6964,28,1,324.88,0.05
11533,6964,54,2,180.14,0.0
11534,6965,47,2,359.13,0.0
11535,6965,7,2,290.09,0.0
11536,6965,53,1,280.66,0.0
11537,6966,70,1,92.51,0.0
11538,6966,61,2,404.71,0.05
11539,6966,39,3,78.78,0.0
11540,6966,64,1,401.71,0.0
11541,6967,25,1,430.21,0.0
11542,6968,52,1,372.88,0.15
11543,6969,40,2,85.38,0.1
11544,6970,71,1,438.52,0.0
11545,6971,53,1,280.66,0.15
11546,6971,68,1,238.62,0.0
11547,6971,28,1,324.88,0.15
11548,6972,17,1,396.49,0.0
11549,6972,40,3,85.38,0.0
11550,6973,5,3,441.19,0.0
11551,6974,59,1,360.15,0.15
11552,6974,69,1,98.01,0.0
11553,6975,27,1,228.1,0.05
11554,6975,23,1,411.01,0.0
11555,6976,33,1,233.82,0.0
11556,6977,42,1,232.44,0.15
11557,6977,71,1,438.52,0.0
11558,6977,3,1,156.81,0.0
11559,6978,71,1,438.52,0.0
11560,6978,14,1,247.01,0.0
11561,6979,2,1,225.21,0.0
11562,6979,52,2,372.88,0.0
11563,6980,55,1,238.87,0.2
11564,6981,35,1,62.83,0.1
11565,6982,64,1,401.71,0.0
11566,6982,2,1,225.21,0.0
11567,6983,22,2,410.91,0.0
11568,6984,64,1,401.71,0.0
11569,6985,36,1,95.73,0.1
11570,6985,64,1,401.71,0.0
11571,6986,70,1,92.51,0.05
11572,6987,25,2,430.21,0.0
11573,6988,26,1,326.44,0.0
11574,6988,47,1,359.13,0.05
11575,6988,23,1,411.01,0.15
11576,6989,4,1,188.28,0.0
11577,6990,30,1,431.14,0.1
11578,6990,8,2,178.2,0.0
11579,6991,9,1,199.05,0.0
11580,6992,32,2,200.98,0.0
11581,6993,11,1,71.32,0.0
11582,6994,16,1,230.72,0.05
11583,6994,51,1,25.91,0.1
11584,6995,67,1,239.77,0.0
11585,6995,6,2,416.95,0.0
11586,6996,39,1,78.78,0.1
11587,6996,46,2,210.09,0.0
11588,6996,24,1,439.98,0.1
11589,6997,61,2,404.71,0.0
11590,6998,45,1,70.43,0.1
11591,6999,37,1,131.27,0.0
11592,7000,20,1,79.38,0.05
11593,7001,46,1,210.09,0.0
11594,7002,29,1,259.96,0.15
11595,7002,46,1,210.09,0.0
11596,7002,17,2,396.49,0.0
11597,7003,54,1,180.14,0.0
11598,7004,31,1,109.88,0.15
11599,7005,70,1,92.51,0.05
11600,7005,28,1,324.88,0.0
11601,7006,8,1,178.2,0.0
11602,7007,27,1,228.1,0.0
11603,7008,34,1,327.63,0.0
11604,7008,37,1,131.27,0.2
11605,7009,60,1,133.04,0.0
11606,7009,3,1,156.81,0.0
11607,7010,63,1,394.04,0.0
11608,7010,26,1,326.44,0.0
11609,7010,64,1,401.71,0.0
11610,7010,54,1,180.14,0.0
11611,7011,66,1,46.76,0.0
11612,7012,72,1,139.44,0.0
11613,7012,6,1,416.95,0.0
11614,7012,52,1,372.88,0.0
11615,7013,33,1,233.82,0.0
11616,7014,14,1,247.01,0.0
11617,7015,21,1,134.9,0.05
11618,7015,50,1,432.01,0.15
11619,7015,62,1,80.44,0.15
11620,7015,26,1,326.44,0.0
11621,7016,26,1,326.44,0.0
11622,7017,18,1,44.33,0.0
11623,7017,59,1,360.15,0.0
11624,7018,52,2,372.88,0.0
11625,7019,1,1,374.81,0.1
11626,7020,11,1,71.32,0.0
11627,7020,2,2,225.21,0.05
11628,7021,56,1,448.94,0.1
11629,7022,29,2,259.96,0.05
11630,7022,4,1,188.28,0.0
11631,7023,20,1,79.38,0.0
11632,7023,9,1,199.05,0.0
11633,7024,53,2,280.66,0.1
11634,7025,27,1,228.1,0.0
11635,7026,62,1,80.44,0.0
11636,7026,41,1,409.66,0.0
11637,7027,16,1,230.72,0.0
11638,7028,60,1,133.04,0.1
11639,7029,43,1,246.42,0.2
11640,7030,53,1,280.66,0.0
11641,7030,65,1,299.72,0.0
11642,7031,12,1,206.84,0.0
11643,7032,27,1,228.1,0.0
11644,7033,49,1,399.06,0.1
11645,7034,31,2,109.88,0.05
11646,7034,35,3,62.83,0.1
11647,7034,58,2,370.96,0.0
11648,7034,20,1,79.38,0.0
11649,7035,67,1,239.77,0.1
11650,7036,46,1,210.09,0.05
11651,7036,50,1,432.01,0.2
11652,7037,32,2,200.98,0.2
11653,7038,16,1,230.72,0.0
11654,7039,65,1,299.72,0.1
11655,7039,40,1,85.38,0.0
11656,7040,5,1,441.19,0.0
11657,7041,32,2,200.98,0.15
11658,7041,10,1,418.35,0.0
11659,7042,69,1,98.01,0.0
11660,7042,27,1,228.1,0.0
11661,7043,59,1,360.15,0.15
11662,7044,61,1,404.71,0.05
11663,7044,44,3,270.79,0.05
11664,7044,19,1,412.27,0.0
11665,7044,60,1,133.04,0.0
11666,7045,7,2,290.09,0.05
11667,7045,38,1,173.95,0.15
11668,7045,10,1,418.35,0.0
11669,7046,37,2,131.27,0.0
11670,7047,71,1,438.52,0.0
11671,7048,53,2,280.66,0.0
11672,7049,42,1,232.44,0.0
11673,7050,63,1,394.04,0.1
11674,7051,17,1,396.49,0.0
11675,7052,13,1,288.11,0.0
11676,7053,45,1,70.43,0.0
11677,7054,66,1,46.76,0.0
11678,7055,2,1,225.21,0.05
11679,7056,47,2,359.13,0.15
11680,7057,60,1,133.04,0.0
11681,7058,61,1,404.71,0.15
11682,7059,35,1,62.83,0.0
11683,7059,56,1,448.94,0.0
11684,7060,37,1,131.27,0.0
11685,7060,63,1,394.04,0.05
11686,7061,52,1,372.88,0.05
11687,7062,20,1,79.38,0.0
11688,7063,6,1,416.95,0.2
11689,7064,39,2,78.78,0.0
11690,7065,25,1,430.21,0.0
11691,7065,30,1,431.14,0.05
11692,7065,28,1,324.88,0.0
11693,7065,45,2,70.43,0.0
11694,7066,41,1,409.66,0.0
11695,7067,25,2,430.21,0.0
11696,7068,20,2,79.38,0.0
11697,7068,18,1,44.33,0.1
11698,7069,57,1,100.82,0.0
11699,7070,70,1,92.51,0.0
11700,7071,63,1,394.04,0.0
11701,7071,53,1,280.66,0.0
11702,7072,34,1,327.63,0.05
11703,7073,6,1,416.95,0.0
11704,7074,38,1,173.95,0.1
11705,7075,57,3,100.82,0.0
11706,7076,53,3,280.66,0.0
11707,7077,37,2,131.27,0.0
11708,7077,9,1,199.05,0.0
11709,7077,66,1,46.76,0.0
11710,7078,2,1,225.21,0.0
11711,7078,1,1,374.81,0.0
11712,7079,45,1,70.43,0.05
11713,7079,65,1,299.72,0.0
11714,7079,25,1,430.21,0.0
11715,7080,44,1,270.79,0.0
11716,7080,53,1,280.66,0.15
11717,7080,62,1,80.44,0.05
11718,7081,65,1,299.72,0.05
11719,7082,32,1,200.98,0.1
11720,7082,71,1,438.52,0.0
11721,7083,47,1,359.13,0.0
11722,7084,24,2,439.98,0.05
11723,7085,11,3,71.32,0.0
11724,7086,8,1,178.2,0.0
11725,7086,19,1,412.27,0.2
11726,7087,29,1,259.96,0.1
11727,7087,33,1,233.82,0.0
11728,7088,72,1,139.44,0.05
11729,7089,35,1,62.83,0.2
11730,7090,1,1,374.81,0.1
11731,7090,35,1,62.83,0.15
11732,7091,60,1,133.04,0.1
11733,7092,58,1,370.96,0.0
11734,7093,45,1,70.43,0.0
11735,7094,63,1,394.04,0.15
11736,7094,10,1,418.35,0.0
11737,7095,49,1,399.06,0.0
11738,7096,20,1,79.38,0.05
11739,7096,67,1,239.77,0.05
11740,7097,61,1,404.71,0.0
11741,7097,56,1,448.94,0.2
11742,7098,14,1,247.01,0.0
11743,7099,72,1,139.44,0.0
11744,7099,33,1,233.82,0.0
11745,7100,25,3,430.21,0.1
11746,7100,39,1,78.78,0.0
11747,7101,6,1,416.95,0.0
11748,7101,43,2,246.42,0.15
11749,7102,6,1,416.95,0.05
11750,7102,3,1,156.81,0.1
11751,7103,30,2,431.14,0.0
11752,7104,33,1,233.82,0.0
11753,7105,36,1,95.73,0.05
11754,7106,43,1,246.42,0.0
11755,7107,15,1,159.55,0.2
11756,7107,4,2,188.28,0.0
11757,7107,58,1,370.96,0.1
11758,7108,62,1,80.44,0.0
11759,7108,58,1,370.96,0.2
11760,7108,36,2,95.73,0.0
11761,7109,37,1,131.27,0.0
11762,7110,23,1,411.01,0.0
11763,7111,37,1,131.27,0.05
11764,7111,12,1,206.84,0.15
11765,7112,1,1,374.81,0.2
11766,7113,39,1,78.78,0.05
11767,7114,37,1,131.27,0.0
11768,7114,66,1,46.76,0.0
11769,7115,42,1,232.44,0.0
11770,7115,37,1,131.27,0.05
11771,7115,43,2,246.42,0.1
11772,7116,56,3,448.94,0.05
11773,7116,9,1,199.05,0.05
11774,7117,30,1,431.14,0.2
11775,7118,46,1,210.09,0.1
11776,7119,21,1,134.9,0.2
11777,7119,2,1,225.21,0.05
11778,7120,2,1,225.21,0.0
11779,7120,63,1,394.04,0.2
11780,7121,16,1,230.72,0.0
11781,7121,39,1,78.78,0.15
11782,7121,19,1,412.27,0.0
11783,7122,33,1,233.82,0.1
11784,7123,26,1,326.44,0.0
11785,7124,59,1,360.15,0.2
11786,7125,26,1,326.44,0.0
11787,7125,66,1,46.76,0.0
11788,7126,9,1,199.05,0.0
11789,7127,62,1,80.44,0.0
11790,7127,70,1,92.51,0.05
11791,7128,22,1,410.91,0.0
11792,7129,10,1,418.35,0.0
11793,7130,64,1,401.71,0.0
11794,7131,54,1,180.14,0.1
11795,7132,17,1,396.49,0.0
11796,7132,14,1,247.01,0.2
11797,7133,19,1,412.27,0.0
11798,7133,40,1,85.38,0.0
11799,7134,13,1,288.11,0.0
11800,7135,51,1,25.91,0.15
11801,7135,48,1,67.66,0.0
11802,7136,1,1,374.81,0.0
11803,7137,23,1,411.01,0.0
11804,7138,30,2,431.14,0.0
11805,7138,28,1,324.88,0.0
11806,7139,69,1,98.01,0.1
11807,7140,18,1,44.33,0.0
11808,7141,7,2,290.09,0.0
11809,7141,3,1,156.81,0.05
11810,7141,25,2,430.21,0.0
11811,7142,17,1,396.49,0.15
11812,7142,45,1,70.43,0.15
11813,7143,19,1,412.27,0.0
11814,7143,68,1,238.62,0.0
11815,7144,18,1,44.33,0.15
11816,7144,51,3,25.91,0.1
11817,7145,57,3,100.82,0.0
11818,7146,14,1,247.01,0.05
11819,7146,46,1,210.09,0.1
11820,7146,51,1,25.91,0.0
11821,7146,19,1,412.27,0.05
11822,7147,31,1,109.88,0.05
11823,7148,42,1,232.44,0.0
11824,7148,65,1,299.72,0.0
11825,7149,57,1,100.82,0.2
11826,7150,68,1,238.62,0.05
11827,7150,21,1,134.9,0.15
11828,7151,49,2,399.06,0.15
11829,7152,62,1,80.44,0.1
11830,7153,48,1,67.66,0.05
11831,7153,46,1,210.09,0.1
11832,7154,1,1,374.81,0.05
11833,7155,6,1,416.95,0.0
11834,7155,35,1,62.83,0.0
11835,7155,54,1,180.14,0.0
11836,7155,1,1,374.81,0.15
11837,7156,59,1,360.15,0.15
11838,7157,56,1,448.94,0.15
11839,7157,37,1,131.27,0.0
11840,7157,15,2,159.55,0.05
11841,7158,39,1,78.78,0.0
11842,7158,44,1,270.79,0.2
11843,7158,6,3,416.95,0.0
11844,7159,14,2,247.01,0.1
11845,7160,64,3,401.71,0.15
11846,7160,2,1,225.21,0.0
11847,7161,8,1,178.2,0.05
11848,7162,34,3,327.63,0.0
11849,7162,70,1,92.51,0.05
11850,7163,20,1,79.38,0.2
11851,7163,22,2,410.91,0.05
11852,7163,10,1,418.35,0.0
11853,7164,48,1,67.66,0.05
11854,7165,4,2,188.28,0.05
11855,7166,4,1,188.28,0.1
11856,7167,52,3,372.88,0.05
11857,7168,34,1,327.63,0.1
11858,7169,5,1,441.19,0.0
11859,7169,22,2,410.91,0.0
11860,7170,60,2,133.04,0.2
11861,7170,54,1,180.14,0.0
11862,7170,14,1,247.01,0.0
11863,7171,39,1,78.78,0.0
11864,7172,4,1,188.28,0.0
11865,7173,65,2,299.72,0.0
11866,7173,68,2,238.62,0.0
11867,7174,70,1,92.51,0.0
11868,7174,39,1,78.78,0.0
11869,7175,52,2,372.88,0.1
11870,7175,58,1,370.96,0.0
11871,7175,9,1,199.05,0.0
11872,7176,65,2,299.72,0.0
11873,7177,18,1,44.33,0.0
11874,7178,9,1,199.05,0.0
11875,7179,23,1,411.01,0.1
11876,7179,13,1,288.11,0.0
11877,7180,10,1,418.35,0.0
11878,7181,68,1,238.62,0.0
11879,7182,53,1,280.66,0.0
11880,7183,68,2,238.62,0.0
11881,7183,3,2,156.81,0.0
11882,7184,36,1,95.73,0.1
11883,7185,62,1,80.44,0.1
11884,7185,43,1,246.42,0.0
11885,7186,19,1,412.27,0.1
11886,7187,12,1,206.84,0.0
11887,7188,4,1,188.28,0.0
11888,7189,30,1,431.14,0.1
11889,7190,44,1,270.79,0.0
11890,7190,27,1,228.1,0.1
11891,7191,45,1,70.43,0.15
11892,7192,64,1,401.71,0.1
11893,7193,66,1,46.76,0.05
11894,7194,52,1,372.88,0.0
11895,7195,43,1,246.42,0.2
11896,7196,33,1,233.82,0.0
11897,7197,51,1,25.91,0.0
11898,7197,35,1,62.83,0.1
11899,7197,69,1,98.01,0.05
11900,7197,15,1,159.55,0.0
11901,7198,38,1,173.95,0.1
11902,7199,52,1,372.88,0.0
11903,7199,54,1,180.14,0.0
11904,7200,6,1,416.95,0.15
11905,7200,14,1,247.01,0.05
11906,7201,46,1,210.09,0.0
11907,7202,2,1,225.21,0.0
11908,7202,62,1,80.44,0.0
11909,7202,30,1,431.14,0.2
11910,7203,13,1,288.11,0.0
11911,7203,58,1,370.96,0.0
11912,7204,33,2,233.82,0.1
11913,7205,19,1,412.27,0.0
11914,7206,32,1,200.98,0.0
11915,7207,15,1,159.55,0.15
11916,7207,17,1,396.49,0.05
11917,7207,64,1,401.71,0.05
11918,7207,24,1,439.98,0.15
11919,7208,68,1,238.62,0.0
11920,7209,53,1,280.66,0.0
11921,7209,4,1,188.28,0.0
11922,7210,14,2,247.01,0.1
11923,7211,64,1,401.71,0.0
11924,7212,16,1,230.72,0.0
11925,7212,45,3,70.43,0.0
11926,7213,71,3,438.52,0.0
11927,7213,61,1,404.71,0.05
11928,7214,40,1,85.38,0.0
11929,7215,3,1,156.81,0.0
11930,7216,10,1,418.35,0.0
11931,7216,34,1,327.63,0.1
11932,7217,4,1,188.28,0.15
11933,7218,53,1,280.66,0.1
11934,7218,9,1,199.05,0.0
11935,7219,57,1,100.82,0.0
11936,7219,17,1,396.49,0.0
11937,7219,21,1,134.9,0.0
11938,7220,61,1,404.71,0.0
11939,7221,70,1,92.51,0.0
11940,7221,20,1,79.38,0.0
11941,7222,33,1,233.82,0.0
11942,7223,20,1,79.38,0.15
11943,7223,51,1,25.91,0.0
11944,7223,60,1,133.04,0.0
11945,7223,65,1,299.72,0.0
11946,7224,41,1,409.66,0.0
11947,7225,30,1,431.14,0.0
11948,7225,7,1,290.09,0.1
11949,7225,21,1,134.9,0.05
11950,7226,55,2,238.87,0.1
11951,7226,4,1,188.28,0.0
11952,7227,24,1,439.98,0.0
11953,7227,44,2,270.79,0.0
11954,7228,59,1,360.15,0.05
11955,7229,25,3,430.21,0.1
11956,7229,41,2,409.66,0.1
11957,7230,37,1,131.27,0.0
11958,7230,70,1,92.51,0.0
11959,7231,70,2,92.51,0.0
11960,7232,42,1,232.44,0.0
11961,7233,7,1,290.09,0.1
11962,7234,64,1,401.71,0.0
11963,7235,68,1,238.62,0.0
11964,7235,47,1,359.13,0.0
11965,7236,36,1,95.73,0.2
11966,7236,53,1,280.66,0.0
11967,7236,12,3,206.84,0.0
11968,7236,13,1,288.11,0.0
11969,7237,39,1,78.78,0.05
11970,7237,67,1,239.77,0.15
11971,7237,8,1,178.2,0.15
11972,7238,48,3,67.66,0.1
11973,7239,27,1,228.1,0.0
11974,7239,18,1,44.33,0.05
11975,7239,51,1,25.91,0.0
11976,7240,28,1,324.88,0.15
11977,7241,1,1,374.81,0.0
11978,7241,46,1,210.09,0.0
11979,7241,51,1,25.91,0.05
11980,7242,12,1,206.84,0.0
11981,7243,13,2,288.11,0.05
11982,7244,20,1,79.38,0.0
11983,7245,8,1,178.2,0.15
11984,7245,6,2,416.95,0.0
11985,7246,27,1,228.1,0.0
11986,7247,71,1,438.52,0.0
11987,7248,2,1,225.21,0.0
11988,7248,1,1,374.81,0.0
11989,7249,7,1,290.09,0.0
11990,7250,8,1,178.2,0.0
11991,7250,46,2,210.09,0.0
11992,7250,63,1,394.04,0.2
11993,7251,66,1,46.76,0.0
11994,7252,19,2,412.27,0.0
11995,7253,61,3,404.71,0.0
11996,7253,22,1,410.91,0.0
11997,7254,42,1,232.44,0.0
11998,7255,53,1,280.66,0.15
11999,7256,10,1,418.35,0.05
12000,7257,70,2,92.51,0.0
12001,7258,57,2,100.82,0.1
12002,7258,40,1,85.38,0.0
12003,7258,9,1,199.05,0.0
12004,7259,53,1,280.66,0.0
12005,7260,65,3,299.72,0.15
12006,7261,48,1,67.66,0.05
12007,7262,2,1,225.21,0.0
12008,7263,44,2,270.79,0.0
12009,7264,20,1,79.38,0.05
12010,7264,38,1,173.95,0.0
12011,7264,53,1,280.66,0.0
12012,7265,8,1,178.2,0.0
12013,7265,27,2,228.1,0.05
12014,7266,38,1,173.95,0.1
12015,7266,17,1,396.49,0.0
12016,7267,42,1,232.44,0.15
12017,7268,30,1,431.14,0.0
12018,7269,4,1,188.28,0.0
12019,7270,11,1,71.32,0.2
12020,7270,4,1,188.28,0.0
12021,7271,72,1,139.44,0.0
12022,7272,45,2,70.43,0.05
12023,7272,55,1,238.87,0.1
12024,7273,9,1,199.05,0.05
12025,7273,72,1,139.44,0.2
12026,7274,6,1,416.95,0.0
12027,7275,44,2,270.79,0.05
12028,7275,11,1,71.32,0.2
12029,7275,50,1,432.01,0.05
12030,7276,7,2,290.09,0.0
12031,7276,24,1,439.98,0.0
12032,7277,63,1,394.04,0.0
12033,7277,34,1,327.63,0.15
12034,7278,23,1,411.01,0.0
12035,7279,46,1,210.09,0.0
12036,7279,24,1,439.98,0.15
12037,7280,7,2,290.09,0.1
12038,7281,68,1,238.62,0.1
12039,7282,24,1,439.98,0.0
12040,7283,64,1,401.71,0.0
12041,7283,18,1,44.33,0.15
12042,7283,14,1,247.01,0.0
12043,7284,42,2,232.44,0.0
12044,7285,32,1,200.98,0.0
12045,7286,25,1,430.21,0.0
12046,7287,26,1,326.44,0.1
12047,7287,4,1,188.28,0.0
12048,7288,41,1,409.66,0.1
12049,7289,6,2,416.95,0.0
12050,7290,9,1,199.05,0.0
12051,7290,58,1,370.96,0.0
12052,7290,56,1,448.94,0.05
12053,7291,10,1,418.35,0.0
12054,7292,10,1,418.35,0.0
12055,7292,37,1,131.27,0.0
12056,7293,35,1,62.83,0.1
12057,7293,60,2,133.04,0.05
12058,7294,2,1,225.21,0.0
12059,7295,68,1,238.62,0.05
12060,7296,51,1,25.91,0.0
12061,7297,15,1,159.55,0.15
12062,7297,57,1,100.82,0.0
12063,7297,27,1,228.1,0.0
12064,7298,13,1,288.11,0.0
12065,7299,63,1,394.04,0.0
12066,7300,64,1,401.71,0.0
12067,7300,55,1,238.87,0.15
12068,7301,49,1,399.06,0.0
12069,7301,65,1,299.72,0.0
12070,7302,2,1,225.21,0.0
12071,7302,16,1,230.72,0.0
12072,7302,28,1,324.88,0.0
12073,7303,38,1,173.95,0.0
12074,7303,41,1,409.66,0.0
12075,7304,5,2,441.19,0.0
12076,7305,14,1,247.01,0.0
12077,7306,55,1,238.87,0.0
12078,7307,48,1,67.66,0.0
12079,7307,72,1,139.44,0.1
12080,7308,38,1,173.95,0.1
12081,7309,26,1,326.44,0.0
12082,7310,22,2,410.91,0.15
12083,7310,44,2,270.79,0.0
12084,7311,41,2,409.66,0.0
12085,7311,7,1,290.09,0.0
12086,7312,16,2,230.72,0.0
12087,7312,44,1,270.79,0.15
12088,7313,13,1,288.11,0.0
12089,7313,71,2,438.52,0.15
12090,7313,55,1,238.87,0.2
12091,7314,52,1,372.88,0.0
12092,7315,23,3,411.01,0.0
12093,7316,34,1,327.63,0.0
12094,7316,32,1,200.98,0.0
12095,7317,45,1,70.43,0.0
12096,7318,26,1,326.44,0.1
12097,7319,59,1,360.15,0.05
12098,7319,65,1,299.72,0.0
12099,7320,60,1,133.04,0.0
12100,7320,30,1,431.14,0.1
12101,7320,37,1,131.27,0.2
12102,7321,19,1,412.27,0.0
12103,7321,6,2,416.95,0.0
12104,7321,29,2,259.96,0.0
12105,7321,52,1,372.88,0.2
12106,7322,29,1,259.96,0.15
12107,7322,50,1,432.01,0.0
12108,7322,13,1,288.11,0.0
12109,7323,70,1,92.51,0.2
12110,7323,8,3,178.2,0.05
12111,7324,49,1,399.06,0.0
12112,7325,60,1,133.04,0.2
12113,7326,22,1,410.91,0.0
12114,7326,8,1,178.2,0.15
12115,7327,19,2,412.27,0.0
12116,7328,28,1,324.88,0.0
12117,7328,15,1,159.55,0.05
12118,7329,51,1,25.91,0.0
12119,7329,64,2,401.71,0.0
12120,7329,55,1,238.87,0.0
12121,7330,61,2,404.71,0.1
12122,7330,64,1,401.71,0.0
12123,7330,20,1,79.38,0.0
12124,7331,17,1,396.49,0.0
12125,7332,36,1,95.73,0.15
12126,7333,25,1,430.21,0.0
12127,7334,66,1,46.76,0.0
12128,7335,8,1,178.2,0.15
12129,7335,23,1,411.01,0.0
12130,7336,43,1,246.42,0.05
12131,7336,42,1,232.44,0.0
12132,7337,3,2,156.81,0.15
12133,7338,64,1,401.71,0.05
12134,7338,18,1,44.33,0.0
12135,7339,21,1,134.9,0.1
12136,7339,28,1,324.88,0.0
12137,7339,14,3,247.01,0.0
12138,7340,26,2,326.44,0.0
12139,7340,67,1,239.77,0.0
12140,7341,9,1,199.05,0.05
12141,7342,44,2,270.79,0.1
12142,7342,60,1,133.04,0.15
12143,7343,7,1,290.09,0.15
12144,7344,65,1,299.72,0.0
12145,7345,15,1,159.55,0.0
12146,7345,72,1,139.44,0.1
12147,7346,50,1,432.01,0.0
12148,7347,36,3,95.73,0.2
12149,7348,15,1,159.55,0.05
12150,7348,18,1,44.33,0.0
12151,7349,41,1,409.66,0.0
12152,7350,34,1,327.63,0.0
12153,7350,72,1,139.44,0.0
12154,7351,57,1,100.82,0.15
12155,7352,56,1,448.94,0.1
12156,7353,36,1,95.73,0.05
12157,7354,68,1,238.62,0.0
12158,7355,8,2,178.2,0.0
12159,7356,54,1,180.14,0.0
12160,7357,72,1,139.44,0.0
12161,7358,54,1,180.14,0.05
12162,7359,27,1,228.1,0.05
12163,7359,1,1,374.81,0.0
12164,7360,1,1,374.81,0.0
12165,7360,7,1,290.09,0.0
12166,7361,1,2,374.81,0.15
12167,7361,21,1,134.9,0.0
12168,7361,22,1,410.91,0.0
12169,7362,3,2,156.81,0.0
12170,7363,44,2,270.79,0.1
12171,7363,68,1,238.62,0.0
12172,7364,67,1,239.77,0.05
12173,7365,3,1,156.81,0.0
12174,7365,10,1,418.35,0.0
12175,7365,28,1,324.88,0.0
12176,7366,42,1,232.44,0.15
12177,7367,7,1,290.09,0.0
12178,7368,52,1,372.88,0.0
12179,7369,16,3,230.72,0.1
12180,7369,36,1,95.73,0.05
12181,7370,63,1,394.04,0.05
12182,7371,64,1,401.71,0.0
12183,7371,32,1,200.98,0.1
12184,7372,49,1,399.06,0.0
12185,7373,68,2,238.62,0.0
12186,7374,58,1,370.96,0.0
12187,7374,23,2,411.01,0.05
12188,7374,65,1,299.72,0.0
12189,7374,24,2,439.98,0.15
12190,7375,44,1,270.79,0.0
12191,7375,39,1,78.78,0.0
12192,7375,54,1,180.14,0.0
12193,7376,50,1,432.01,0.0
12194,7377,69,1,98.01,0.05
12195,7378,48,1,67.66,0.0
12196,7379,27,1,228.1,0.15
12197,7379,64,1,401.71,0.0
12198,7380,57,1,100.82,0.0
12199,7381,67,1,239.77,0.1
12200,7382,20,1,79.38,0.0
12201,7383,43,1,246.42,0.0
12202,7384,32,1,200.98,0.0
12203,7384,30,1,431.14,0.0
12204,7385,57,1,100.82,0.1
12205,7385,43,2,246.42,0.1
12206,7386,27,2,228.1,0.05
12207,7386,13,1,288.11,0.05
12208,7386,44,1,270.79,0.0
12209,7386,62,1,80.44,0.0
12210,7387,3,1,156.81,0.0
12211,7387,36,1,95.73,0.05
12212,7387,51,1,25.91,0.1
12213,7388,31,1,109.88,0.1
12214,7388,45,1,70.43,0.0
12215,7389,27,1,228.1,0.0
12216,7390,72,1,139.44,0.1
12217,7391,46,1,210.09,0.05
12218,7392,35,1,62.83,0.0
12219,7393,44,1,270.79,0.0
12220,7393,27,1,228.1,0.0
12221,7394,41,1,409.66,0.0
12222,7395,31,1,109.88,0.0
12223,7395,58,1,370.96,0.0
12224,7396,3,1,156.81,0.0
12225,7397,25,1,430.21,0.1
12226,7397,55,1,238.87,0.0
12227,7397,21,1,134.9,0.0
12228,7398,57,1,100.82,0.0
12229,7399,7,1,290.09,0.0
12230,7400,1,2,374.81,0.15
12231,7400,66,1,46.76,0.15
12232,7400,72,2,139.44,0.05
12233,7401,69,1,98.01,0.0
12234,7401,60,1,133.04,0.15
12235,7401,47,1,359.13,0.05
12236,7402,39,2,78.78,0.1
12237,7402,72,1,139.44,0.0
12238,7403,51,1,25.91,0.15
12239,7404,58,1,370.96,0.0
12240,7405,1,1,374.81,0.0
12241,7405,67,1,239.77,0.0
12242,7405,35,1,62.83,0.15
12243,7406,48,1,67.66,0.15
12244,7407,53,1,280.66,0.05
12245,7408,53,1,280.66,0.0
12246,7409,59,1,360.15,0.05
12247,7410,47,1,359.13,0.0
12248,7411,53,1,280.66,0.0
12249,7412,19,1,412.27,0.0
12250,7412,63,2,394.04,0.0
12251,7412,49,1,399.06,0.0
12252,7413,43,1,246.42,0.0
12253,7413,12,1,206.84,0.0
12254,7413,21,1,134.9,0.0
12255,7413,37,1,131.27,0.0
12256,7414,2,1,225.21,0.1
12257,7415,59,1,360.15,0.0
12258,7416,6,1,416.95,0.0
12259,7416,15,1,159.55,0.0
12260,7416,35,1,62.83,0.0
12261,7417,37,1,131.27,0.1
12262,7418,36,3,95.73,0.05
12263,7418,6,1,416.95,0.0
12264,7419,40,2,85.38,0.0
12265,7419,2,1,225.21,0.0
12266,7419,63,1,394.04,0.0
12267,7419,53,1,280.66,0.0
12268,7420,39,1,78.78,0.05
12269,7421,50,1,432.01,0.0
12270,7421,60,1,133.04,0.05
12271,7422,70,2,92.51,0.0
12272,7423,65,1,299.72,0.0
12273,7424,34,1,327.63,0.05
12274,7425,51,1,25.91,0.05
12275,7425,18,1,44.33,0.15
12276,7425,10,1,418.35,0.0
12277,7426,11,3,71.32,0.1
12278,7426,66,1,46.76,0.2
12279,7426,63,1,394.04,0.0
12280,7427,19,1,412.27,0.0
12281,7428,40,2,85.38,0.0
12282,7429,56,1,448.94,0.0
12283,7430,6,1,416.95,0.05
12284,7431,47,2,359.13,0.15
12285,7432,22,1,410.91,0.05
12286,7432,43,3,246.42,0.0
12287,7433,1,1,374.81,0.0
12288,7434,70,1,92.51,0.05
12289,7435,12,1,206.84,0.0
12290,7435,14,1,247.01,0.05
12291,7436,7,1,290.09,0.05
12292,7437,65,1,299.72,0.15
12293,7437,27,1,228.1,0.0
12294,7438,33,2,233.82,0.2
12295,7439,49,1,399.06,0.0
12296,7439,21,1,134.9,0.0
12297,7440,32,1,200.98,0.0
12298,7440,34,2,327.63,0.05
12299,7441,66,1,46.76,0.1
12300,7441,45,2,70.43,0.0
12301,7441,3,1,156.81,0.0
12302,7442,32,3,200.98,0.0
12303,7442,38,1,173.95,0.0
12304,7443,42,1,232.44,0.0
12305,7443,70,2,92.51,0.05
12306,7444,27,1,228.1,0.0
12307,7444,65,3,299.72,0.15
12308,7444,21,1,134.9,0.0
12309,7445,28,1,324.88,0.1
12310,7446,15,1,159.55,0.15
12311,7447,4,1,188.28,0.0
12312,7448,38,1,173.95,0.1
12313,7448,50,1,432.01,0.0
12314,7448,15,1,159.55,0.2
12315,7449,44,1,270.79,0.05
12316,7450,47,2,359.13,0.0
12317,7450,55,2,238.87,0.0
12318,7451,58,1,370.96,0.2
12319,7451,57,1,100.82,0.0
12320,7452,54,1,180.14,0.15
12321,7453,69,1,98.01,0.15
12322,7453,70,1,92.51,0.1
12323,7454,68,2,238.62,0.0
12324,7454,49,1,399.06,0.0
12325,7454,55,2,238.87,0.0
12326,7454,64,1,401.71,0.05
12327,7455,52,1,372.88,0.0
12328,7456,43,1,246.42,0.0
12329,7457,47,3,359.13,0.0
12330,7457,62,1,80.44,0.0
12331,7457,5,1,441.19,0.0
12332,7458,60,1,133.04,0.0
12333,7459,29,1,259.96,0.1
12334,7459,55,1,238.87,0.05
12335,7460,5,1,441.19,0.0
12336,7461,40,1,85.38,0.0
12337,7461,51,1,25.91,0.0
12338,7461,5,1,441.19,0.0
12339,7462,39,2,78.78,0.0
12340,7462,52,2,372.88,0.05
12341,7462,59,1,360.15,0.0
12342,7462,13,2,288.11,0.05
12343,7463,21,1,134.9,0.0
12344,7463,9,1,199.05,0.05
12345,7464,55,1,238.87,0.0
12346,7464,12,1,206.84,0.0
12347,7464,36,2,95.73,0.15
12348,7465,10,1,418.35,0.05
12349,7465,45,1,70.43,0.05
12350,7466,46,1,210.09,0.15
12351,7466,29,1,259.96,0.1
12352,7467,15,1,159.55,0.0
12353,7467,29,1,259.96,0.05
12354,7468,3,1,156.81,0.0
12355,7468,45,2,70.43,0.1
12356,7469,42,1,232.44,0.0
12357,7470,59,1,360.15,0.0
12358,7471,45,1,70.43,0.0
12359,7472,21,1,134.9,0.2
12360,7473,37,1,131.27,0.0
12361,7474,70,2,92.51,0.0
12362,7475,59,1,360.15,0.05
12363,7476,9,1,199.05,0.05
12364,7477,67,3,239.77,0.15
12365,7478,2,1,225.21,0.0
12366,7478,66,1,46.76,0.0
12367,7479,2,1,225.21,0.0
12368,7479,61,1,404.71,0.05
12369,7480,45,1,70.43,0.0
12370,7481,44,1,270.79,0.1
12371,7482,7,1,290.09,0.05
12372,7482,8,1,178.2,0.0
12373,7483,35,1,62.83,0.0
12374,7484,56,2,448.94,0.15
12375,7485,19,1,412.27,0.0
12376,7486,56,1,448.94,0.0
12377,7487,13,1,288.11,0.0
12378,7488,16,1,230.72,0.1
12379,7489,65,1,299.72,0.0
12380,7489,49,1,399.06,0.0
12381,7490,19,1,412.27,0.05
12382,7491,63,1,394.04,0.1
12383,7492,7,1,290.09,0.0
12384,7492,71,1,438.52,0.1
12385,7492,41,1,409.66,0.0
12386,7493,43,2,246.42,0.1
12387,7494,70,1,92.51,0.05
12388,7495,63,1,394.04,0.15
12389,7495,55,1,238.87,0.0
12390,7496,12,1,206.84,0.1
12391,7496,62,1,80.44,0.0
12392,7497,9,1,199.05,0.15
12393,7497,30,3,431.14,0.1
12394,7498,10,1,418.35,0.0
12395,7499,19,1,412.27,0.05
12396,7500,34,1,327.63,0.1
12397,7501,18,1,44.33,0.0
12398,7502,21,1,134.9,0.1
12399,7502,16,1,230.72,0.05
12400,7503,65,1,299.72,0.15
12401,7503,2,1,225.21,0.05
12402,7504,39,1,78.78,0.0
12403,7504,43,1,246.42,0.05
12404,7505,23,1,411.01,0.0
12405,7505,45,1,70.43,0.05
12406,7506,2,2,225.21,0.0
12407,7507,57,1,100.82,0.0
12408,7507,37,1,131.27,0.0
12409,7508,28,2,324.88,0.0
12410,7508,1,1,374.81,0.0
12411,7509,36,1,95.73,0.0
12412,7509,33,1,233.82,0.1
12413,7510,7,1,290.09,0.0
12414,7511,61,1,404.71,0.15
12415,7511,49,1,399.06,0.15
12416,7512,30,1,431.14,0.0
12417,7512,37,1,131.27,0.0
12418,7512,50,1,432.01,0.0
12419,7513,57,1,100.82,0.0
12420,7513,31,1,109.88,0.15
12421,7514,60,1,133.04,0.0
12422,7514,7,2,290.09,0.0
12423,7514,13,2,288.11,0.0
12424,7515,57,2,100.82,0.0
12425,7515,6,1,416.95,0.0
12426,7516,72,1,139.44,0.0
12427,7517,19,3,412.27,0.2
12428,7517,39,2,78.78,0.0
12429,7518,56,1,448.94,0.0
12430,7518,21,2,134.9,0.0
12431,7519,59,3,360.15,0.0
12432,7520,25,2,430.21,0.15
12433,7520,28,3,324.88,0.05
12434,7521,49,2,399.06,0.05
12435,7522,12,1,206.84,0.05
12436,7523,67,1,239.77,0.1
12437,7524,64,3,401.71,0.05
12438,7524,52,1,372.88,0.05
12439,7524,42,1,232.44,0.0
12440,7524,40,1,85.38,0.0
12441,7525,47,1,359.13,0.0
12442,7526,9,1,199.05,0.1
12443,7527,50,1,432.01,0.15
12444,7527,36,1,95.73,0.1
12445,7528,56,2,448.94,0.15
12446,7529,4,1,188.28,0.1
12447,7529,61,1,404.71,0.0
12448,7530,22,1,410.91,0.05
12449,7530,72,2,139.44,0.1
12450,7531,17,1,396.49,0.0
12451,7532,2,1,225.21,0.0
12452,7532,7,1,290.09,0.05
12453,7533,68,1,238.62,0.0
12454,7533,70,1,92.51,0.05
12455,7534,31,2,109.88,0.0
12456,7535,45,1,70.43,0.0
12457,7536,72,2,139.44,0.0
12458,7537,26,1,326.44,0.0
12459,7538,29,1,259.96,0.0
12460,7538,52,2,372.88,0.2
12461,7539,58,2,370.96,0.05
12462,7539,43,1,246.42,0.0
12463,7539,45,1,70.43,0.0
12464,7539,33,1,233.82,0.05
12465,7540,28,1,324.88,0.0
12466,7541,23,1,411.01,0.0
12467,7542,23,1,411.01,0.0
12468,7543,54,1,180.14,0.0
12469,7543,71,1,438.52,0.2
12470,7544,62,1,80.44,0.2
12471,7545,46,1,210.09,0.0
12472,7546,7,1,290.09,0.0
12473,7547,23,1,411.01,0.0
12474,7548,60,3,133.04,0.0
12475,7549,23,1,411.01,0.0
12476,7550,9,1,199.05,0.0
12477,7550,63,1,394.04,0.0
12478,7551,42,1,232.44,0.05
12479,7552,1,1,374.81,0.0
12480,7553,24,1,439.98,0.0
12481,7554,48,1,67.66,0.05
12482,7555,33,1,233.82,0.0
12483,7556,2,1,225.21,0.15
12484,7556,29,1,259.96,0.0
12485,7557,37,1,131.27,0.0
12486,7557,41,1,409.66,0.05
12487,7558,43,1,246.42,0.0
12488,7559,70,1,92.51,0.0
12489,7560,24,1,439.98,0.0
12490,7560,5,1,441.19,0.05
12491,7561,20,1,79.38,0.0
12492,7562,64,1,401.71,0.0
12493,7563,6,1,416.95,0.0
12494,7564,47,1,359.13,0.2
12495,7564,2,1,225.21,0.2
12496,7565,22,1,410.91,0.1
12497,7565,28,1,324.88,0.0
12498,7565,62,2,80.44,0.0
12499,7566,21,1,134.9,0.2
12500,7567,65,1,299.72,0.0
12501,7568,37,1,131.27,0.05
12502,7568,51,1,25.91,0.05
12503,7569,53,2,280.66,0.0
12504,7570,66,1,46.76,0.05
12505,7570,58,2,370.96,0.0
12506,7571,51,2,25.91,0.05
12507,7572,10,1,418.35,0.0
12508,7573,58,1,370.96,0.0
12509,7573,46,1,210.09,0.0
12510,7573,47,1,359.13,0.0
12511,7574,33,1,233.82,0.0
12512,7575,33,1,233.82,0.15
12513,7576,28,1,324.88,0.1
12514,7577,7,2,290.09,0.0
12515,7578,69,2,98.01,0.05
12516,7579,61,1,404.71,0.0
12517,7580,5,1,441.19,0.05
12518,7581,52,1,372.88,0.05
12519,7581,47,1,359.13,0.15
12520,7581,30,2,431.14,0.0
12521,7582,64,1,401.71,0.0
12522,7583,22,2,410.91,0.0
12523,7584,18,2,44.33,0.1
12524,7585,20,1,79.38,0.0
12525,7585,9,1,199.05,0.0
12526,7586,22,2,410.91,0.0
12527,7586,71,1,438.52,0.0
12528,7587,27,2,228.1,0.0
12529,7587,30,1,431.14,0.15
12530,7587,57,1,100.82,0.0
12531,7588,31,1,109.88,0.05
12532,7588,36,2,95.73,0.1
12533,7589,15,1,159.55,0.0
12534,7589,20,1,79.38,0.0
12535,7589,35,2,62.83,0.0
12536,7589,29,1,259.96,0.15
12537,7590,72,2,139.44,0.0
12538,7591,67,1,239.77,0.0
12539,7591,59,3,360.15,0.0
12540,7592,48,1,67.66,0.15
12541,7593,52,1,372.88,0.2
12542,7594,72,2,139.44,0.05
12543,7594,23,1,411.01,0.1
12544,7595,54,1,180.14,0.05
12545,7596,18,1,44.33,0.2
12546,7596,65,1,299.72,0.0
12547,7596,71,2,438.52,0.0
12548,7597,14,1,247.01,0.05
12549,7597,11,1,71.32,0.0
12550,7598,26,2,326.44,0.0
12551,7598,39,2,78.78,0.1
12552,7599,7,1,290.09,0.0
12553,7600,36,1,95.73,0.0
12554,7600,32,1,200.98,0.15
12555,7601,67,1,239.77,0.05
12556,7602,62,1,80.44,0.0
12557,7602,60,3,133.04,0.0
12558,7603,40,1,85.38,0.0
12559,7604,27,1,228.1,0.0
12560,7604,12,1,206.84,0.0
12561,7605,8,1,178.2,0.2
12562,7606,2,1,225.21,0.0
12563,7607,68,3,238.62,0.0
12564,7607,15,1,159.55,0.0
12565,7607,28,1,324.88,0.2
12566,7607,27,1,228.1,0.0
12567,7608,6,1,416.95,0.15
12568,7609,62,1,80.44,0.0
12569,7609,71,1,438.52,0.0
12570,7610,47,1,359.13,0.05
12571,7611,38,2,173.95,0.05
12572,7612,7,1,290.09,0.1
12573,7612,32,1,200.98,0.0
12574,7613,4,1,188.28,0.15
12575,7613,13,3,288.11,0.05
12576,7613,47,1,359.13,0.0
12577,7614,41,1,409.66,0.0
12578,7614,42,1,232.44,0.05
12579,7615,53,1,280.66,0.0
12580,7615,8,1,178.2,0.0
12581,7615,64,1,401.71,0.05
12582,7615,10,1,418.35,0.1
12583,7616,8,1,178.2,0.0
12584,7616,26,1,326.44,0.0
12585,7617,26,1,326.44,0.0
12586,7617,64,1,401.71,0.2
12587,7617,59,3,360.15,0.0
12588,7618,68,1,238.62,0.0
12589,7618,65,1,299.72,0.15
12590,7619,36,3,95.73,0.0
12591,7619,29,1,259.96,0.1
12592,7620,55,1,238.87,0.0
12593,7620,59,1,360.15,0.1
12594,7620,71,2,438.52,0.0
12595,7620,11,1,71.32,0.0
12596,7621,4,1,188.28,0.05
12597,7621,26,2,326.44,0.0
12598,7622,19,1,412.27,0.15
12599,7623,39,1,78.78,0.1
12600,7624,70,1,92.51,0.15
12601,7624,60,1,133.04,0.0
12602,7625,55,1,238.87,0.0
12603,7625,3,1,156.81,0.0
12604,7625,28,1,324.88,0.1
12605,7625,42,1,232.44,0.0
12606,7626,59,1,360.15,0.0
12607,7626,47,2,359.13,0.0
12608,7627,62,1,80.44,0.0
12609,7628,35,1,62.83,0.05
12610,7628,42,1,232.44,0.0
12611,7629,66,2,46.76,0.0
12612,7630,1,1,374.81,0.0
12613,7631,40,2,85.38,0.0
12614,7632,11,1,71.32,0.05
12615,7632,41,2,409.66,0.0
12616,7633,46,1,210.09,0.0
12617,7634,27,1,228.1,0.2
12618,7635,35,1,62.83,0.0
12619,7636,39,1,78.78,0.0
12620,7637,63,1,394.04,0.0
12621,7638,66,1,46.76,0.05
12622,7638,71,1,438.52,0.1
12623,7639,61,1,404.71,0.1
12624,7640,20,2,79.38,0.0
12625,7640,69,1,98.01,0.0
12626,7641,28,1,324.88,0.05
12627,7642,43,1,246.42,0.05
12628,7642,48,1,67.66,0.05
12629,7643,57,3,100.82,0.0
12630,7644,42,1,232.44,0.0
12631,7644,9,1,199.05,0.0
12632,7645,60,1,133.04,0.0
12633,7646,51,1,25.91,0.0
12634,7646,52,1,372.88,0.0
12635,7647,35,1,62.83,0.0
12636,7648,26,1,326.44,0.0
12637,7649,8,1,178.2,0.0
12638,7649,45,1,70.43,0.1
12639,7650,66,1,46.76,0.0
12640,7650,43,1,246.42,0.0
12641,7650,10,1,418.35,0.0
12642,7651,12,1,206.84,0.05
12643,7651,26,2,326.44,0.1
12644,7652,59,1,360.15,0.1
12645,7653,63,1,394.04,0.1
12646,7654,24,3,439.98,0.05
12647,7655,70,1,92.51,0.0
12648,7655,46,1,210.09,0.0
12649,7655,4,1,188.28,0.0
12650,7656,62,1,80.44,0.1
12651,7656,24,1,439.98,0.1
12652,7657,59,1,360.15,0.2
12653,7657,30,1,431.14,0.0
12654,7658,69,2,98.01,0.15
12655,7658,58,1,370.96,0.05
12656,7659,14,1,247.01,0.2
12657,7660,34,1,327.63,0.0
12658,7660,19,1,412.27,0.0
12659,7660,24,1,439.98,0.0
12660,7661,27,2,228.1,0.0
12661,7661,21,1,134.9,0.0
12662,7661,47,1,359.13,0.0
12663,7662,44,1,270.79,0.0
12664,7662,1,1,374.81,0.05
12665,7662,16,1,230.72,0.0
12666,7663,50,1,432.01,0.0
12667,7663,48,1,67.66,0.0
12668,7663,29,1,259.96,0.15
12669,7664,24,1,439.98,0.0
12670,7665,2,1,225.21,0.0
12671,7666,37,1,131.27,0.1
12672,7666,24,1,439.98,0.0
12673,7667,21,1,134.9,0.0
12674,7668,59,1,360.15,0.2
12675,7668,67,1,239.77,0.0
12676,7668,70,1,92.51,0.0
12677,7669,70,1,92.51,0.0
12678,7670,11,2,71.32,0.0
12679,7671,60,1,133.04,0.0
12680,7671,52,1,372.88,0.0
12681,7671,22,1,410.91,0.0
12682,7671,62,1,80.44,0.0
12683,7672,28,1,324.88,0.2
12684,7673,63,1,394.04,0.0
12685,7673,35,1,62.83,0.0
12686,7673,16,1,230.72,0.05
12687,7673,2,1,225.21,0.0
12688,7674,63,1,394.04,0.0
12689,7675,35,1,62.83,0.2
12690,7675,3,1,156.81,0.0
12691,7676,15,2,159.55,0.0
12692,7676,53,1,280.66,0.1
12693,7677,2,1,225.21,0.2
12694,7678,7,1,290.09,0.0
12695,7678,54,1,180.14,0.0
12696,7679,47,1,359.13,0.0
12697,7679,6,1,416.95,0.0
12698,7680,66,1,46.76,0.1
12699,7681,12,2,206.84,0.15
12700,7681,3,3,156.81,0.0
12701,7682,22,1,410.91,0.0
12702,7682,63,1,394.04,0.0
12703,7683,40,2,85.38,0.0
12704,7683,18,1,44.33,0.0
12705,7684,69,1,98.01,0.0
12706,7684,5,1,441.19,0.0
12707,7685,68,1,238.62,0.0
12708,7685,3,1,156.81,0.0
12709,7686,46,1,210.09,0.0
12710,7686,34,2,327.63,0.0
12711,7687,46,1,210.09,0.0
12712,7687,72,1,139.44,0.0
12713,7688,64,1,401.71,0.0
12714,7688,55,1,238.87,0.05
12715,7689,4,1,188.28,0.15
12716,7689,50,1,432.01,0.0
12717,7689,9,1,199.05,0.0
12718,7690,54,1,180.14,0.0
12719,7691,31,2,109.88,0.0
12720,7691,48,1,67.66,0.2
12721,7692,7,1,290.09,0.0
12722,7693,12,1,206.84,0.1
12723,7694,40,1,85.38,0.0
12724,7695,14,1,247.01,0.0
12725,7695,44,1,270.79,0.0
12726,7695,34,1,327.63,0.05
12727,7696,7,1,290.09,0.0
12728,7697,1,1,374.81,0.0
12729,7697,24,1,439.98,0.0
12730,7698,51,1,25.91,0.0
12731,7699,71,1,438.52,0.0
12732,7700,11,2,71.32,0.0
12733,7701,23,1,411.01,0.1
12734,7702,41,1,409.66,0.0
12735,7702,8,2,178.2,0.0
12736,7703,67,1,239.77,0.0
12737,7704,70,1,92.51,0.0
12738,7705,55,1,238.87,0.05
12739,7706,41,1,409.66,0.1
12740,7706,1,1,374.81,0.0
12741,7707,42,1,232.44,0.0
12742,7708,28,1,324.88,0.0
12743,7709,68,1,238.62,0.0
12744,7710,32,1,200.98,0.05
12745,7710,62,1,80.44,0.05
12746,7710,30,1,431.14,0.05
12747,7710,48,1,67.66,0.0
12748,7711,44,1,270.79,0.0
12749,7711,45,2,70.43,0.2
12750,7711,55,1,238.87,0.0
12751,7712,38,1,173.95,0.05
12752,7713,54,1,180.14,0.0
12753,7714,39,1,78.78,0.0
12754,7715,13,1,288.11,0.0
12755,7716,32,1,200.98,0.0
12756,7717,18,1,44.33,0.0
12757,7718,48,2,67.66,0.1
12758,7719,38,1,173.95,0.0
12759,7720,5,1,441.19,0.0
12760,7721,31,1,109.88,0.0
12761,7721,14,2,247.01,0.05
12762,7722,21,2,134.9,0.0
12763,7723,60,1,133.04,0.0
12764,7723,70,1,92.51,0.0
12765,7723,50,1,432.01,0.1
12766,7724,47,1,359.13,0.1
12767,7725,47,1,359.13,0.1
12768,7726,46,3,210.09,0.2
12769,7726,22,2,410.91,0.0
12770,7727,28,1,324.88,0.0
12771,7727,71,1,438.52,0.0
12772,7728,49,1,399.06,0.0
12773,7729,55,1,238.87,0.0
12774,7729,9,1,199.05,0.0
12775,7730,55,1,238.87,0.0
12776,7731,29,1,259.96,0.0
12777,7732,28,1,324.88,0.0
12778,7733,36,1,95.73,0.0
12779,7734,7,2,290.09,0.0
12780,7734,22,2,410.91,0.0
12781,7734,3,1,156.81,0.0
12782,7735,45,2,70.43,0.0
12783,7736,24,1,439.98,0.05
12784,7737,66,1,46.76,0.1
12785,7738,47,1,359.13,0.0
12786,7738,41,1,409.66,0.0
12787,7739,53,1,280.66,0.0
12788,7739,32,1,200.98,0.05
12789,7739,26,1,326.44,0.0
12790,7740,38,1,173.95,0.0
12791,7740,59,1,360.15,0.1
12792,7741,13,1,288.11,0.0
12793,7741,69,1,98.01,0.05
12794,7742,44,2,270.79,0.1
12795,7743,2,1,225.21,0.0
12796,7744,24,1,439.98,0.0
12797,7744,29,1,259.96,0.1
12798,7744,63,1,394.04,0.0
12799,7744,14,1,247.01,0.1
12800,7745,2,1,225.21,0.1
12801,7745,71,1,438.52,0.0
12802,7746,63,1,394.04,0.0
12803,7747,10,1,418.35,0.0
12804,7748,48,1,67.66,0.0
12805,7749,54,1,180.14,0.05
12806,7750,68,2,238.62,0.0
12807,7751,19,1,412.27,0.0
12808,7752,55,2,238.87,0.0
12809,7752,27,1,228.1,0.0
12810,7752,59,1,360.15,0.0
12811,7753,14,1,247.01,0.0
12812,7753,44,3,270.79,0.1
12813,7754,14,1,247.01,0.1
12814,7755,13,1,288.11,0.05
12815,7756,38,1,173.95,0.0
12816,7757,21,1,134.9,0.15
12817,7757,43,2,246.42,0.15
12818,7758,8,1,178.2,0.15
12819,7759,8,1,178.2,0.0
12820,7759,56,2,448.94,0.0
12821,7759,71,1,438.52,0.0
12822,7760,36,1,95.73,0.1
12823,7761,70,1,92.51,0.15
12824,7762,35,3,62.83,0.0
12825,7762,57,1,100.82,0.0
12826,7762,3,1,156.81,0.0
12827,7763,33,1,233.82,0.1
12828,7763,68,1,238.62,0.0
12829,7764,58,1,370.96,0.05
12830,7765,55,1,238.87,0.0
12831,7765,16,1,230.72,0.0
12832,7766,48,1,67.66,0.0
12833,7766,24,1,439.98,0.0
12834,7767,37,2,131.27,0.0
12835,7768,9,1,199.05,0.0
12836,7768,42,1,232.44,0.15
12837,7769,40,1,85.38,0.1
12838,7770,18,1,44.33,0.0
12839,7771,61,1,404.71,0.0
12840,7771,26,1,326.44,0.0
12841,7772,15,2,159.55,0.0
12842,7772,17,1,396.49,0.1
12843,7773,44,2,270.79,0.1
12844,7773,14,1,247.01,0.0
12845,7773,31,1,109.88,0.15
12846,7774,48,1,67.66,0.05
12847,7774,18,1,44.33,0.0
12848,7774,47,1,359.13,0.0
12849,7775,16,1,230.72,0.0
12850,7775,58,1,370.96,0.2
12851,7776,11,2,71.32,0.0
12852,7777,68,1,238.62,0.0
12853,7778,37,2,131.27,0.1
12854,7778,21,1,134.9,0.1
12855,7779,58,1,370.96,0.0
12856,7780,50,1,432.01,0.0
12857,7780,28,1,324.88,0.05
12858,7780,64,1,401.71,0.15
12859,7781,60,1,133.04,0.05
12860,7782,15,2,159.55,0.0
12861,7782,4,1,188.28,0.0
12862,7783,41,1,409.66,0.0
12863,7784,69,1,98.01,0.05
12864,7784,8,1,178.2,0.0
12865,7785,71,1,438.52,0.0
12866,7786,41,1,409.66,0.0
12867,7786,34,1,327.63,0.0
12868,7787,66,1,46.76,0.05
12869,7787,37,1,131.27,0.0
12870,7788,42,1,232.44,0.0
12871,7788,57,1,100.82,0.05
12872,7788,23,1,411.01,0.0
12873,7788,29,1,259.96,0.0
12874,7789,55,1,238.87,0.0
12875,7790,67,1,239.77,0.0
12876,7791,57,1,100.82,0.0
12877,7791,47,1,359.13,0.2
12878,7792,61,1,404.71,0.05
12879,7792,24,1,439.98,0.0
12880,7792,15,1,159.55,0.0
12881,7793,19,2,412.27,0.05
12882,7794,40,1,85.38,0.15
12883,7795,5,1,441.19,0.15
12884,7796,45,1,70.43,0.0
12885,7796,44,2,270.79,0.15
12886,7796,11,2,71.32,0.05
12887,7797,69,1,98.01,0.1
12888,7797,53,1,280.66,0.15
12889,7798,22,1,410.91,0.05
12890,7798,62,1,80.44,0.0
12891,7799,65,1,299.72,0.0
12892,7800,2,1,225.21,0.1
12893,7801,64,1,401.71,0.05
12894,7802,44,1,270.79,0.1
12895,7803,37,1,131.27,0.15
12896,7804,9,2,199.05,0.05
12897,7804,44,1,270.79,0.1
12898,7805,57,1,100.82,0.1
12899,7806,50,1,432.01,0.0
12900,7807,1,1,374.81,0.05
12901,7807,30,2,431.14,0.0
12902,7808,30,2,431.14,0.15
12903,7809,40,1,85.38,0.0
12904,7810,29,1,259.96,0.15
12905,7811,68,2,238.62,0.0
12906,7812,9,1,199.05,0.05
12907,7813,53,1,280.66,0.05
12908,7814,4,1,188.28,0.0
12909,7815,44,1,270.79,0.05
12910,7816,9,1,199.05,0.05
12911,7817,49,2,399.06,0.0
12912,7817,38,1,173.95,0.0
12913,7818,25,2,430.21,0.1
12914,7818,1,2,374.81,0.1
12915,7818,13,1,288.11,0.0
12916,7818,37,1,131.27,0.1
12917,7819,11,1,71.32,0.0
12918,7819,47,1,359.13,0.0
12919,7820,15,1,159.55,0.0
12920,7820,42,1,232.44,0.0
12921,7821,40,1,85.38,0.0
12922,7822,22,1,410.91,0.0
12923,7823,20,2,79.38,0.1
12924,7823,32,3,200.98,0.0
12925,7824,58,1,370.96,0.15
12926,7825,55,1,238.87,0.0
12927,7825,68,1,238.62,0.15
12928,7826,29,1,259.96,0.0
12929,7827,65,2,299.72,0.1
12930,7827,36,1,95.73,0.0
12931,7827,54,1,180.14,0.2
12932,7828,62,1,80.44,0.15
12933,7829,60,2,133.04,0.0
12934,7829,45,1,70.43,0.15
12935,7830,9,1,199.05,0.0
12936,7831,37,1,131.27,0.0
12937,7831,65,1,299.72,0.05
12938,7831,29,1,259.96,0.0
12939,7832,57,1,100.82,0.0
12940,7832,33,1,233.82,0.2
12941,7832,62,3,80.44,0.0
12942,7833,63,1,394.04,0.0
12943,7833,38,1,173.95,0.05
12944,7833,20,1,79.38,0.0
12945,7834,13,2,288.11,0.0
12946,7835,11,1,71.32,0.0
12947,7836,50,2,432.01,0.0
12948,7837,8,1,178.2,0.0
12949,7838,25,1,430.21,0.1
12950,7839,15,1,159.55,0.0
12951,7840,54,1,180.14,0.1
12952,7840,36,1,95.73,0.2
12953,7841,54,1,180.14,0.0
12954,7841,19,3,412.27,0.0
12955,7841,65,1,299.72,0.0
12956,7842,61,2,404.71,0.0
12957,7843,23,1,411.01,0.0
12958,7844,15,1,159.55,0.0
12959,7844,5,1,441.19,0.1
12960,7845,36,2,95.73,0.05
12961,7846,39,1,78.78,0.0
12962,7847,30,1,431.14,0.1
12963,7847,40,1,85.38,0.0
12964,7848,34,1,327.63,0.0
12965,7848,8,1,178.2,0.0
12966,7848,60,1,133.04,0.0
12967,7849,41,3,409.66,0.0
12968,7850,26,1,326.44,0.0
12969,7851,69,2,98.01,0.0
12970,7852,62,1,80.44,0.0
12971,7852,15,1,159.55,0.0
12972,7853,5,2,441.19,0.1
12973,7854,39,2,78.78,0.05
12974,7855,12,1,206.84,0.0
12975,7856,2,1,225.21,0.0
12976,7857,55,1,238.87,0.05
12977,7858,39,2,78.78,0.0
12978,7858,23,3,411.01,0.05
12979,7858,19,1,412.27,0.0
12980,7859,43,1,246.42,0.0
12981,7860,26,2,326.44,0.05
12982,7860,32,3,200.98,0.0
12983,7861,50,1,432.01,0.1
12984,7861,68,1,238.62,0.0
12985,7862,19,2,412.27,0.0
12986,7862,39,1,78.78,0.15
12987,7862,64,1,401.71,0.0
12988,7862,67,1,239.77,0.0
12989,7863,38,2,173.95,0.15
12990,7864,59,3,360.15,0.0
12991,7865,71,1,438.52,0.05
12992,7865,46,1,210.09,0.05
12993,7866,33,2,233.82,0.0
12994,7867,68,1,238.62,0.0
12995,7867,7,2,290.09,0.0
12996,7868,60,2,133.04,0.0
12997,7868,33,1,233.82,0.0
12998,7869,45,1,70.43,0.0
12999,7869,72,1,139.44,0.0
13000,7869,18,1,44.33,0.05
13001,7870,1,1,374.81,0.15
13002,7871,42,2,232.44,0.0
13003,7871,68,1,238.62,0.0
13004,7872,23,1,411.01,0.0
13005,7872,48,1,67.66,0.0
13006,7872,62,1,80.44,0.1
13007,7873,14,1,247.01,0.1
13008,7873,67,1,239.77,0.0
13009,7874,19,1,412.27,0.0
13010,7874,32,1,200.98,0.05
13011,7875,8,1,178.2,0.0
13012,7876,41,1,409.66,0.0
13013,7876,57,1,100.82,0.0
13014,7877,60,1,133.04,0.0
13015,7878,36,1,95.73,0.0
13016,7879,1,1,374.81,0.0
13017,7880,63,1,394.04,0.0
13018,7881,15,1,159.55,0.0
13019,7882,67,1,239.77,0.1
13020,7883,71,1,438.52,0.0
13021,7883,57,1,100.82,0.1
13022,7883,32,1,200.98,0.05
13023,7883,61,1,404.71,0.05
13024,7884,55,1,238.87,0.0
13025,7885,72,1,139.44,0.15
13026,7886,53,1,280.66,0.0
13027,7887,34,1,327.63,0.0
13028,7887,35,1,62.83,0.0
13029,7887,63,1,394.04,0.0
13030,7888,36,1,95.73,0.0
13031,7889,44,1,270.79,0.1
13032,7890,4,1,188.28,0.0
13033,7891,66,1,46.76,0.0
13034,7891,45,1,70.43,0.05
13035,7892,33,1,233.82,0.2
13036,7893,40,2,85.38,0.0
13037,7894,63,1,394.04,0.2
13038,7895,67,1,239.77,0.0
13039,7896,25,2,430.21,0.0
13040,7896,48,1,67.66,0.1
13041,7896,70,1,92.51,0.1
13042,7896,52,1,372.88,0.0
13043,7897,13,1,288.11,0.2
13044,7898,65,1,299.72,0.2
13045,7899,41,2,409.66,0.1
13046,7900,34,1,327.63,0.0
13047,7901,58,1,370.96,0.0
13048,7901,53,1,280.66,0.0
13049,7901,35,2,62.83,0.0
13050,7902,30,1,431.14,0.0
13051,7903,32,1,200.98,0.0
13052,7903,62,2,80.44,0.0
13053,7904,28,1,324.88,0.0
13054,7905,27,1,228.1,0.2
13055,7905,64,1,401.71,0.0
13056,7905,17,2,396.49,0.0
13057,7905,18,2,44.33,0.1
13058,7906,36,1,95.73,0.1
13059,7907,56,1,448.94,0.0
13060,7908,24,1,439.98,0.1
13061,7909,57,1,100.82,0.0
13062,7909,22,2,410.91,0.0
13063,7910,1,1,374.81,0.1
13064,7910,15,1,159.55,0.0
13065,7911,30,2,431.14,0.05
13066,7911,50,1,432.01,0.0
13067,7912,36,1,95.73,0.2
13068,7913,5,1,441.19,0.0
13069,7913,48,1,67.66,0.0
13070,7914,8,1,178.2,0.0
13071,7914,21,1,134.9,0.0
13072,7915,30,1,431.14,0.15
13073,7916,31,1,109.88,0.0
13074,7917,16,1,230.72,0.0
13075,7917,44,2,270.79,0.1
13076,7918,64,1,401.71,0.0
13077,7919,43,1,246.42,0.05
13078,7920,59,1,360.15,0.0
13079,7921,11,3,71.32,0.0
13080,7922,42,1,232.44,0.2
13081,7922,1,1,374.81,0.0
13082,7923,51,1,25.91,0.05
13083,7924,47,1,359.13,0.1
13084,7924,29,1,259.96,0.0
13085,7925,54,1,180.14,0.0
13086,7925,61,1,404.71,0.0
13087,7926,66,1,46.76,0.05
13088,7927,69,1,98.01,0.0
13089,7928,37,3,131.27,0.0
13090,7928,14,1,247.01,0.0
13091,7928,5,1,441.19,0.15
13092,7929,68,1,238.62,0.0
13093,7929,38,1,173.95,0.0
13094,7930,56,1,448.94,0.0
13095,7931,6,1,416.95,0.05
13096,7932,38,2,173.95,0.0
13097,7933,34,1,327.63,0.15
13098,7934,43,3,246.42,0.0
13099,7935,13,1,288.11,0.0
13100,7936,9,1,199.05,0.2
13101,7937,71,1,438.52,0.0
13102,7938,53,1,280.66,0.15
13103,7938,36,1,95.73,0.0
13104,7938,20,1,79.38,0.2
13105,7939,40,1,85.38,0.0
13106,7939,20,1,79.38,0.0
13107,7940,64,2,401.71,0.0
13108,7941,42,2,232.44,0.05
13109,7942,13,1,288.11,0.0
13110,7943,57,3,100.82,0.0
13111,7944,16,1,230.72,0.0
13112,7944,40,1,85.38,0.0
13113,7945,55,1,238.87,0.0
13114,7946,54,1,180.14,0.0
13115,7947,25,2,430.21,0.0
13116,7948,38,1,173.95,0.0
13117,7949,40,1,85.38,0.0
13118,7950,15,1,159.55,0.0
13119,7951,59,1,360.15,0.05
13120,7951,31,1,109.88,0.0
13121,7952,30,2,431.14,0.0
13122,7952,39,1,78.78,0.1
13123,7953,40,1,85.38,0.1
13124,7954,51,2,25.91,0.15
13125,7955,26,1,326.44,0.0
13126,7955,40,2,85.38,0.0
13127,7955,48,1,67.66,0.2
13128,7955,47,2,359.13,0.0
13129,7956,47,2,359.13,0.0
13130,7956,64,1,401.71,0.05
13131,7957,24,1,439.98,0.0
13132,7957,61,1,404.71,0.0
13133,7958,72,1,139.44,0.1
13134,7959,53,1,280.66,0.0
13135,7960,62,2,80.44,0.0
13136,7961,48,1,67.66,0.15
13137,7961,63,1,394.04,0.1
13138,7962,17,1,396.49,0.05
13139,7963,23,1,411.01,0.0
13140,7963,50,1,432.01,0.0
13141,7964,17,1,396.49,0.0
13142,7964,55,1,238.87,0.0
13143,7965,6,2,416.95,0.15
13144,7966,50,1,432.01,0.0
13145,7967,12,1,206.84,0.2
13146,7968,41,1,409.66,0.0
13147,7969,43,2,246.42,0.0
13148,7969,26,1,326.44,0.0
13149,7970,63,1,394.04,0.0
13150,7971,22,1,410.91,0.0
13151,7971,48,1,67.66,0.0
13152,7971,20,1,79.38,0.0
13153,7972,53,3,280.66,0.15
13154,7973,61,1,404.71,0.0
13155,7973,13,1,288.11,0.0
13156,7973,62,1,80.44,0.05
13157,7974,2,1,225.21,0.0
13158,7974,58,1,370.96,0.0
13159,7974,62,1,80.44,0.0
13160,7975,50,1,432.01,0.0
13161,7976,72,1,139.44,0.1
13162,7977,41,1,409.66,0.0
13163,7978,69,2,98.01,0.1
13164,7979,40,1,85.38,0.0
13165,7980,23,1,411.01,0.0
13166,7981,70,1,92.51,0.0
13167,7982,57,1,100.82,0.0
13168,7983,49,1,399.06,0.0
13169,7984,29,3,259.96,0.0
13170,7985,67,2,239.77,0.05
13171,7985,42,1,232.44,0.0
13172,7985,52,1,372.88,0.0
13173,7986,38,2,173.95,0.0
13174,7986,8,1,178.2,0.05
13175,7986,56,1,448.94,0.15
13176,7987,17,1,396.49,0.0
13177,7987,37,1,131.27,0.0
13178,7988,41,1,409.66,0.0
13179,7988,13,1,288.11,0.0
13180,7989,56,1,448.94,0.0
13181,7990,55,1,238.87,0.0
13182,7991,5,1,441.19,0.0
13183,7991,18,2,44.33,0.0
13184,7992,12,1,206.84,0.0
13185,7992,4,1,188.28,0.05
13186,7993,61,1,404.71,0.15
13187,7994,19,1,412.27,0.15
13188,7994,7,1,290.09,0.15
13189,7995,26,1,326.44,0.0
13190,7995,62,1,80.44,0.1
13191,7995,3,1,156.81,0.05
13192,7996,43,1,246.42,0.0
13193,7996,21,2,134.9,0.0
13194,7997,67,2,239.77,0.0
13195,7997,40,1,85.38,0.0
13196,7997,64,1,401.71,0.15
13197,7997,17,1,396.49,0.0
13198,7998,55,1,238.87,0.0
13199,7998,21,3,134.9,0.0
13200,7999,39,1,78.78,0.05
13201,8000,28,1,324.88,0.0
