order_id,customer_id,order_status,order_timestamp,device_type,shipping_cost
1,40,processing,2025-03-23 08:46:00,Desktop,0.0
2,1135,processing,2024-07-31 00:31:00,Mobile,0.0
3,1749,cancelled,2023-07-19 20:59:00,Desktop,0.0
4,2310,completed,2024-01-03 18:36:00,Desktop,5.99
5,553,completed,2025-02-10 18:24:00,Tablet,0.0
6,1763,completed,2025-08-17 08:37:00,Desktop,14.99
7,1807,returned,2024-12-04 15:19:00,Mobile,5.99
8,1775,returned,2025-06-03 13:05:00,Desktop,0.0
9,1971,completed,2024-11-18 23:47:00,Mobile,0.0
10,1236,completed,2023-11-13 10:18:00,Tablet,0.0
11,2226,returned,2024-11-24 06:09:00,Tablet,5.99
12,1694,returned,2025-09-06 11:34:00,Mobile,5.99
13,10,completed,2024-04-18 05:22:00,Mobile,5.99
14,904,returned,2024-07-01 14:35:00,Mobile,5.99
15,1054,completed,2023-06-16 07:48:00,Desktop,0.0
16,2290,completed,2024-11-23 04:40:00,Desktop,5.99
17,82,completed,2023-10-28 01:01:00,Desktop,5.99
18,1270,completed,2024-04-28 01:47:00,Desktop,0.0
19,1557,completed,2025-04-03 10:09:00,Mobile,0.0
20,527,completed,2024-04-22 17:52:00,Mobile,9.99
21,2134,cancelled,2024-11-03 06:53:00,Mobile,5.99
22,2235,completed,2023-12-26 02:33:00,Mobile,9.99
23,1983,completed,2023-12-13 20:20:00,Mobile,5.99
24,320,returned,2025-10-04 11:08:00,Desktop,5.99
25,1618,cancelled,2024-11-07 23:39:00,Mobile,5.99
26,2123,completed,2024-08-14 15:57:00,Tablet,9.99
27,876,completed,2024-05-26 08:04:00,Mobile,0.0
28,2203,completed,2024-02-26 11:11:00,Desktop,0.0
29,2093,completed,2025-09-13 05:05:00,Mobile,9.99
30,1865,returned,2023-07-01 05:48:00,Tablet,0.0
31,2055,completed,2023-01-07 18:50:00,Mobile,0.0
32,1302,processing,2024-01-27 08:20:00,Desktop,0.0
33,640,returned,2025-09-20 17:52:00,Desktop,14.99
34,1451,completed,2024-05-10 09:11:00,Desktop,0.0
35,1060,completed,2024-10-22 05:21:00,Desktop,0.0
36,2297,cancelled,2024-05-10 06:10:00,Desktop,0.0
37,331,completed,2024-06-14 12:26:00,Mobile,0.0
38,1758,returned,2023-09-23 23:38:00,Desktop,0.0
39,2123,completed,2024-04-13 07:32:00,Mobile,5.99
40,2356,completed,2025-01-05 07:33:00,Mobile,5.99
41,977,completed,2023-11-22 04:02:00,Mobile,14.99
42,212,completed,2024-07-28 16:14:00,Mobile,5.99
43,438,completed,2025-04-21 14:11:00,Desktop,0.0
44,404,cancelled,2023-08-31 23:57:00,Desktop,14.99
45,171,returned,2024-08-21 07:28:00,Mobile,9.99
46,1176,returned,2025-06-13 11:22:00,Desktop,0.0
47,1089,processing,2024-03-23 15:51:00,Mobile,0.0
48,2439,completed,2025-07-02 22:31:00,Mobile,0.0
49,1326,completed,2023-10-07 01:28:00,Mobile,0.0
50,580,returned,2025-03-16 12:23:00,Desktop,0.0
51,836,completed,2024-04-08 17:52:00,Mobile,5.99
52,67,cancelled,2023-08-14 00:43:00,Mobile,5.99
53,1842,completed,2023-07-28 05:49:00,Tablet,5.99
54,861,completed,2023-11-21 00:39:00,Desktop,0.0
55,2353,cancelled,2024-09-23 12:03:00,Mobile,5.99
56,868,processing,2025-03-29 20:45:00,Mobile,5.99
57,983,completed,2023-04-10 04:26:00,Desktop,0.0
58,2213,completed,2024-03-16 10:09:00,Mobile,0.0
59,638,processing,2025-01-17 20:47:00,Mobile,0.0
60,1170,completed,2023-10-04 18:25:00,Desktop,0.0
61,1264,completed,2025-02-15 05:08:00,Desktop,0.0
62,2306,completed,2023-11-23 11:47:00,Desktop,0.0
63,1295,completed,2024-07-04 09:18:00,Mobile,0.0
64,2051,completed,2024-02-10 19:24:00,Mobile,5.99
65,1321,completed,2025-03-14 06:00:00,Desktop,0.0
66,304,completed,2025-02-09 23:09:00,Desktop,0.0
67,500,returned,2024-07-13 22:20:00,Desktop,5.99
68,2349,returned,2025-09-15 01:14:00,Mobile,0.0
69,1809,completed,2024-09-05 13:32:00,Mobile,5.99
70,1628,completed,2025-05-15 02:14:00,Tablet,14.99
71,1196,completed,2025-04-26 08:00:00,Mobile,5.99
72,1296,returned,2023-12-19 04:07:00,Desktop,0.0
73,1641,completed,2024-10-25 07:34:00,Desktop,5.99
74,1474,completed,2023-11-28 23:14:00,Desktop,0.0
75,2406,completed,2025-04-24 21:35:00,Mobile,5.99
76,783,returned,2025-07-10 07:40:00,Desktop,0.0
77,610,completed,2025-05-14 17:05:00,Desktop,0.0
78,510,cancelled,2024-12-10 15:35:00,Mobile,5.99
79,1041,completed,2024-06-24 05:17:00,Mobile,5.99
80,1166,completed,2024-06-08 15:55:00,Mobile,0.0
81,2197,returned,2024-02-11 01:30:00,Tablet,0.0
82,2001,cancelled,2023-12-04 22:08:00,Mobile,9.99
83,1489,completed,2024-02-13 20:39:00,Mobile,0.0
84,560,cancelled,2023-06-16 08:33:00,Tablet,9.99
85,1674,completed,2023-07-25 07:17:00,Mobile,5.99
86,2037,cancelled,2024-06-01 13:56:00,Desktop,0.0
87,2105,completed,2024-04-09 03:09:00,Mobile,9.99
88,2032,cancelled,2023-09-09 10:05:00,Desktop,5.99
89,2057,processing,2024-05-17 02:57:00,Mobile,5.99
90,1292,cancelled,2024-03-12 15:24:00,Mobile,0.0
91,458,cancelled,2023-10-17 09:43:00,Desktop,0.0
92,24,completed,2025-02-15 12:50:00,Mobile,5.99
93,1056,returned,2024-10-23 05:16:00,Mobile,14.99
94,290,completed,2023-10-13 03:06:00,Desktop,0.0
95,1977,processing,2024-03-16 19:02:00,Desktop,0.0
96,1623,cancelled,2024-11-05 23:24:00,Desktop,0.0
97,632,completed,2024-09-10 16:16:00,Mobile,0.0
98,454,completed,2023-06-10 14:36:00,Mobile,9.99
99,1666,returned,2024-11-28 21:31:00,Desktop,0.0
100,946,processing,2025-02-10 05:00:00,Desktop,5.99
101,2499,cancelled,2025-02-17 14:57:00,Mobile,5.99
102,2390,completed,2024-12-14 06:41:00,Mobile,14.99
103,1261,processing,2023-12-08 00:22:00,Desktop,5.99
104,1408,cancelled,2025-08-11 16:17:00,Desktop,5.99
105,98,completed,2023-11-05 21:08:00,Desktop,9.99
106,1567,completed,2024-06-19 08:53:00,Desktop,5.99
107,909,cancelled,2023-03-26 07:07:00,Mobile,9.99
108,152,completed,2023-07-03 10:45:00,Desktop,5.99
109,767,completed,2023-10-11 13:50:00,Desktop,5.99
110,1878,cancelled,2025-03-05 17:26:00,Tablet,5.99
111,2041,completed,2023-12-06 12:30:00,Mobile,0.0
112,2149,completed,2025-01-15 06:26:00,Mobile,0.0
113,2445,completed,2024-01-27 16:14:00,Desktop,5.99
114,1864,completed,2023-02-26 13:09:00,Mobile,9.99
115,1978,completed,2024-01-01 19:47:00,Mobile,0.0
116,1868,returned,2024-09-28 15:43:00,Mobile,0.0
117,2379,cancelled,2025-02-20 14:18:00,Mobile,5.99
118,1108,completed,2024-01-13 06:46:00,Mobile,5.99
119,1837,processing,2024-03-13 06:47:00,Mobile,5.99
120,1435,completed,2025-10-02 06:47:00,Mobile,9.99
121,259,completed,2023-06-13 14:20:00,Mobile,0.0
122,1061,processing,2024-04-12 02:41:00,Mobile,5.99
123,816,completed,2024-11-29 22:26:00,Mobile,5.99
124,1339,processing,2023-08-13 23:14:00,Tablet,5.99
125,57,completed,2024-09-21 20:22:00,Tablet,0.0
126,721,completed,2023-08-12 10:43:00,Mobile,0.0
127,1396,completed,2025-06-02 02:39:00,Mobile,5.99
128,2104,cancelled,2024-02-13 11:01:00,Desktop,5.99
129,1791,completed,2024-06-08 03:09:00,Mobile,5.99
130,2294,completed,2025-08-26 10:42:00,Mobile,0.0
131,2132,completed,2024-09-28 20:11:00,Mobile,0.0
132,685,completed,2024-09-25 04:54:00,Mobile,9.99
133,92,cancelled,2025-08-20 01:37:00,Mobile,5.99
134,2461,completed,2023-05-02 06:03:00,Mobile,0.0
135,2423,completed,2023-11-27 20:19:00,Desktop,9.99
136,1385,cancelled,2025-09-18 07:22:00,Mobile,0.0
137,1236,processing,2024-08-03 06:00:00,Mobile,5.99
138,1907,completed,2024-08-26 03:14:00,Mobile,0.0
139,2496,completed,2023-09-26 10:53:00,Mobile,0.0
140,1508,completed,2024-08-16 14:08:00,Desktop,5.99
141,1003,cancelled,2024-04-29 06:14:00,Desktop,9.99
142,1265,returned,2024-09-06 01:34:00,Mobile,5.99
143,1962,processing,2024-05-02 11:53:00,Desktop,5.99
144,1806,completed,2025-06-06 17:28:00,Desktop,5.99
145,659,cancelled,2024-12-17 22:18:00,Mobile,0.0
146,845,cancelled,2023-12-02 23:38:00,Mobile,5.99
147,2194,returned,2024-11-05 08:13:00,Mobile,5.99
148,1202,returned,2023-11-05 08:36:00,Mobile,5.99
149,199,completed,2024-10-22 06:04:00,Mobile,0.0
150,1927,completed,2024-06-04 10:31:00,Desktop,0.0
151,1575,completed,2023-11-14 15:04:00,Mobile,0.0
152,1386,completed,2024-10-12 19:07:00,Mobile,0.0
153,2064,cancelled,2024-06-17 15:47:00,Mobile,5.99
154,13,completed,2023-10-25 20:30:00,Mobile,0.0
155,905,processing,2025-08-31 04:35:00,Mobile,14.99
156,2095,completed,2023-12-11 15:05:00,Mobile,0.0
157,1435,completed,2025-07-29 05:50:00,Desktop,0.0
158,366,returned,2025-01-17 01:03:00,Mobile,5.99
159,713,processing,2023-06-11 15:07:00,Mobile,5.99
160,382,processing,2025-05-19 19:51:00,Mobile,5.99
161,1451,returned,2023-11-17 21:59:00,Desktop,14.99
162,2431,completed,2023-08-24 20:07:00,Desktop,0.0
163,630,cancelled,2024-03-23 00:10:00,Desktop,5.99
164,2374,completed,2024-03-03 05:33:00,Mobile,0.0
165,2496,returned,2023-09-16 03:43:00,Mobile,0.0
166,2374,completed,2024-05-19 19:09:00,Mobile,0.0
167,2415,completed,2025-05-31 19:55:00,Mobile,9.99
168,357,completed,2024-09-30 22:49:00,Desktop,5.99
169,2316,completed,2024-08-29 10:36:00,Desktop,9.99
170,1247,completed,2024-04-18 22:09:00,Mobile,9.99
171,699,returned,2023-09-11 17:37:00,Mobile,5.99
172,196,completed,2024-11-29 14:16:00,Desktop,5.99
173,1057,cancelled,2023-07-28 19:31:00,Mobile,5.99
174,677,completed,2025-06-16 13:17:00,Mobile,5.99
175,2342,completed,2024-01-30 14:54:00,Desktop,5.99
176,1295,completed,2023-11-03 08:31:00,Mobile,14.99
177,2242,completed,2024-08-13 17:16:00,Mobile,0.0
178,1696,cancelled,2025-02-10 08:44:00,Mobile,5.99
179,752,completed,2025-02-07 13:28:00,Mobile,9.99
180,1459,cancelled,2024-06-19 06:03:00,Mobile,9.99
181,2269,completed,2025-03-06 20:20:00,Desktop,5.99
182,1220,completed,2023-10-01 08:39:00,Tablet,0.0
183,2140,returned,2025-01-14 11:57:00,Desktop,0.0
184,59,completed,2023-11-16 22:09:00,Desktop,0.0
185,2451,completed,2024-04-12 22:03:00,Mobile,0.0
186,2429,completed,2024-02-25 04:07:00,Mobile,0.0
187,1281,completed,2024-11-03 03:22:00,Mobile,9.99
188,493,returned,2024-06-22 23:36:00,Mobile,0.0
189,2165,completed,2025-01-06 11:17:00,Mobile,0.0
190,2390,completed,2024-12-31 23:36:00,Mobile,5.99
191,1443,cancelled,2024-03-06 08:02:00,Mobile,0.0
192,2046,completed,2024-09-06 06:22:00,Mobile,9.99
193,1486,returned,2024-09-16 03:03:00,Desktop,14.99
194,538,completed,2023-12-09 08:18:00,Mobile,5.99
195,781,completed,2025-04-23 16:08:00,Desktop,9.99
196,627,completed,2023-08-08 20:12:00,Desktop,14.99
197,725,returned,2024-02-13 09:34:00,Desktop,0.0
198,2052,processing,2025-05-16 10:10:00,Desktop,14.99
199,2206,processing,2025-01-12 23:26:00,Desktop,0.0
200,1250,processing,2025-01-19 06:02:00,Desktop,5.99
201,1165,processing,2024-03-07 16:02:00,Mobile,5.99
202,1790,processing,2024-03-05 15:26:00,Mobile,0.0
203,191,returned,2025-07-21 07:16:00,Tablet,0.0
204,213,completed,2023-09-17 16:10:00,Mobile,0.0
205,311,cancelled,2023-05-01 17:33:00,Mobile,9.99
206,553,returned,2024-03-26 00:29:00,Mobile,0.0
207,861,completed,2023-12-30 02:12:00,Mobile,0.0
208,24,cancelled,2024-11-15 06:05:00,Desktop,9.99
209,989,completed,2023-12-31 19:10:00,Mobile,0.0
210,676,completed,2025-08-13 18:09:00,Mobile,9.99
211,1867,completed,2025-07-15 20:44:00,Desktop,14.99
212,2374,cancelled,2024-02-12 00:07:00,Mobile,0.0
213,241,completed,2025-05-28 05:25:00,Mobile,9.99
214,1421,cancelled,2024-06-05 07:49:00,Tablet,9.99
215,333,completed,2023-10-07 14:17:00,Mobile,9.99
216,896,completed,2025-07-01 11:23:00,Mobile,5.99
217,1487,cancelled,2024-10-15 15:22:00,Mobile,0.0
218,328,completed,2025-03-29 22:45:00,Mobile,9.99
219,23,completed,2024-12-05 08:52:00,Tablet,5.99
220,195,completed,2024-09-29 10:16:00,Mobile,0.0
221,594,processing,2024-10-30 14:57:00,Mobile,0.0
222,479,completed,2024-12-31 20:30:00,Desktop,5.99
223,1376,processing,2024-02-08 04:28:00,Mobile,14.99
224,377,cancelled,2025-07-10 09:35:00,Desktop,0.0
225,1190,completed,2024-05-07 05:58:00,Mobile,5.99
226,2009,cancelled,2024-05-01 17:13:00,Mobile,0.0
227,580,returned,2025-09-08 17:04:00,Desktop,0.0
228,1173,returned,2025-04-25 22:37:00,Mobile,0.0
229,2269,processing,2025-01-17 06:43:00,Desktop,0.0
230,1146,completed,2025-03-23 07:29:00,Mobile,9.99
231,120,completed,2023-05-24 21:08:00,Desktop,14.99
232,1388,completed,2024-08-15 10:23:00,Mobile,5.99
233,1757,completed,2023-12-10 17:15:00,Mobile,9.99
234,307,completed,2023-06-23 14:37:00,Mobile,5.99
235,1546,processing,2024-01-07 04:06:00,Mobile,14.99
236,1421,completed,2024-03-27 10:45:00,Desktop,0.0
237,592,completed,2024-08-24 11:05:00,Tablet,0.0
238,1814,completed,2025-08-22 13:13:00,Desktop,9.99
239,1580,completed,2024-08-17 22:24:00,Mobile,0.0
240,2126,returned,2023-12-25 07:13:00,Desktop,9.99
241,1067,completed,2023-12-15 08:17:00,Mobile,9.99
242,1552,completed,2025-02-17 08:02:00,Desktop,5.99
243,1170,processing,2023-08-23 04:06:00,Mobile,0.0
244,914,processing,2024-04-07 18:56:00,Desktop,0.0
245,662,completed,2023-09-02 12:03:00,Mobile,5.99
246,2446,completed,2024-10-09 10:45:00,Mobile,9.99
247,1599,processing,2024-06-29 03:40:00,Mobile,0.0
248,597,completed,2024-03-21 22:01:00,Desktop,9.99
249,686,returned,2023-12-30 00:26:00,Mobile,0.0
250,2061,returned,2024-03-30 21:39:00,Desktop,5.99
251,1695,returned,2024-01-13 14:53:00,Mobile,9.99
252,244,cancelled,2025-02-15 01:54:00,Mobile,5.99
253,452,processing,2025-01-22 05:42:00,Mobile,0.0
254,1628,returned,2025-03-18 21:18:00,Desktop,9.99
255,2483,completed,2025-01-01 12:51:00,Desktop,0.0
256,1,processing,2025-11-16 06:46:00,Desktop,5.99
257,2487,completed,2024-09-28 15:53:00,Mobile,0.0
258,1390,completed,2024-04-01 18:29:00,Mobile,5.99
259,815,completed,2024-08-03 02:29:00,Mobile,5.99
260,2214,completed,2023-10-24 13:10:00,Desktop,0.0
261,1337,processing,2024-02-22 06:37:00,Mobile,5.99
262,923,cancelled,2024-03-20 18:48:00,Mobile,9.99
263,366,completed,2024-04-12 01:45:00,Desktop,5.99
264,1945,returned,2024-04-30 22:56:00,Desktop,0.0
265,1040,processing,2023-07-24 17:24:00,Mobile,0.0
266,233,processing,2024-08-16 19:05:00,Desktop,14.99
267,1211,completed,2023-10-09 02:18:00,Desktop,5.99
268,1584,completed,2024-11-07 20:21:00,Mobile,5.99
269,1241,completed,2024-04-04 21:26:00,Mobile,5.99
270,769,completed,2025-04-08 08:38:00,Desktop,0.0
271,2274,processing,2024-11-08 17:44:00,Desktop,5.99
272,2014,returned,2024-12-23 22:27:00,Mobile,0.0
273,2068,returned,2025-03-07 17:41:00,Mobile,5.99
274,604,completed,2024-04-30 18:53:00,Desktop,5.99
275,884,processing,2025-01-31 17:51:00,Desktop,14.99
276,2350,completed,2023-06-15 00:37:00,Mobile,0.0
277,920,completed,2024-03-31 10:46:00,Mobile,0.0
278,140,cancelled,2023-02-01 01:05:00,Mobile,0.0
279,327,cancelled,2025-03-04 23:46:00,Desktop,5.99
280,142,cancelled,2023-04-05 03:49:00,Mobile,0.0
281,502,completed,2025-02-19 17:03:00,Tablet,0.0
282,488,completed,2024-07-24 21:46:00,Desktop,9.99
283,2447,cancelled,2024-06-11 14:51:00,Mobile,5.99
284,846,returned,2023-11-11 21:25:00,Mobile,14.99
285,2214,returned,2023-11-27 16:15:00,Mobile,0.0
286,896,completed,2025-10-13 16:44:00,Mobile,0.0
287,2086,cancelled,2024-03-09 11:41:00,Desktop,14.99
288,1582,processing,2024-04-05 17:25:00,Mobile,5.99
289,148,cancelled,2025-06-27 18:51:00,Mobile,0.0
290,1546,completed,2023-12-11 09:13:00,Desktop,5.99
291,1418,completed,2024-06-02 12:17:00,Mobile,0.0
292,74,completed,2024-02-10 05:25:00,Mobile,9.99
293,2429,completed,2024-06-09 08:56:00,Desktop,0.0
294,2067,completed,2024-01-19 06:06:00,Mobile,5.99
295,525,returned,2024-04-23 21:06:00,Desktop,5.99
296,676,returned,2025-04-14 10:23:00,Mobile,9.99
297,180,completed,2024-10-12 08:04:00,Mobile,0.0
298,1148,completed,2023-09-15 13:10:00,Desktop,0.0
299,1822,cancelled,2024-01-31 23:43:00,Mobile,0.0
300,251,returned,2023-07-19 22:52:00,Mobile,0.0
301,1600,completed,2023-11-23 21:18:00,Mobile,5.99
302,1944,completed,2025-04-25 15:41:00,Desktop,0.0
303,837,completed,2025-01-06 07:05:00,Desktop,5.99
304,797,cancelled,2023-10-31 20:25:00,Desktop,9.99
305,2,returned,2024-07-28 20:48:00,Mobile,0.0
306,1720,returned,2024-10-31 15:20:00,Mobile,0.0
307,1744,completed,2024-08-11 19:17:00,Desktop,5.99
308,2147,completed,2023-02-11 05:43:00,Tablet,5.99
309,1902,cancelled,2024-01-20 13:54:00,Mobile,9.99
310,1898,processing,2023-11-13 04:09:00,Desktop,5.99
311,522,processing,2023-07-04 04:16:00,Desktop,0.0
312,1492,completed,2023-08-17 22:30:00,Mobile,9.99
313,1834,returned,2025-06-09 08:54:00,Desktop,5.99
314,10,processing,2024-04-20 13:18:00,Desktop,5.99
315,1535,cancelled,2024-06-14 18:38:00,Desktop,0.0
316,675,completed,2025-09-03 15:57:00,Tablet,5.99
317,672,completed,2024-10-18 12:39:00,Mobile,14.99
318,731,completed,2025-06-23 06:37:00,Mobile,0.0
319,2452,cancelled,2023-12-26 06:55:00,Desktop,9.99
320,672,cancelled,2024-04-03 11:19:00,Mobile,0.0
321,2228,completed,2025-01-10 21:28:00,Mobile,9.99
322,659,completed,2025-01-25 09:43:00,Mobile,5.99
323,377,cancelled,2025-04-26 21:49:00,Mobile,5.99
324,1065,completed,2024-12-07 01:07:00,Mobile,5.99
325,2320,returned,2024-08-28 18:31:00,Desktop,0.0
326,1502,completed,2025-09-06 23:29:00,Mobile,5.99
327,741,completed,2025-02-04 17:34:00,Desktop,9.99
328,1074,cancelled,2024-02-23 02:26:00,Mobile,14.99
329,109,completed,2023-12-13 19:36:00,Desktop,5.99
330,1070,completed,2025-06-16 03:49:00,Desktop,5.99
331,593,completed,2024-01-29 17:19:00,Mobile,5.99
332,875,completed,2024-02-08 19:31:00,Tablet,0.0
333,712,processing,2025-01-22 00:01:00,Mobile,5.99
334,747,cancelled,2023-11-17 12:43:00,Desktop,0.0
335,2445,processing,2024-09-13 07:07:00,Mobile,5.99
336,2235,completed,2023-08-24 11:45:00,Mobile,0.0
337,1392,completed,2024-05-11 05:47:00,Desktop,5.99
338,85,completed,2023-09-28 22:42:00,Desktop,9.99
339,14,returned,2023-12-24 03:14:00,Tablet,0.0
340,735,completed,2024-07-29 10:03:00,Desktop,0.0
341,1829,completed,2024-12-31 19:41:00,Desktop,0.0
342,1255,completed,2024-03-01 11:02:00,Mobile,5.99
343,816,cancelled,2024-03-17 19:59:00,Desktop,5.99
344,1961,cancelled,2025-04-09 08:43:00,Mobile,0.0
345,749,cancelled,2023-07-16 08:01:00,Desktop,5.99
346,419,returned,2024-01-27 05:51:00,Tablet,5.99
347,1021,completed,2023-10-04 07:38:00,Mobile,0.0
348,1524,cancelled,2024-05-22 10:01:00,Desktop,0.0
349,2313,returned,2024-01-07 00:41:00,Desktop,0.0
350,422,completed,2023-10-18 04:26:00,Desktop,5.99
351,170,completed,2024-09-14 01:30:00,Desktop,0.0
352,270,completed,2024-02-16 19:52:00,Mobile,5.99
353,720,processing,2024-11-15 18:22:00,Mobile,0.0
354,605,cancelled,2025-01-17 22:29:00,Desktop,5.99
355,1168,returned,2023-06-26 18:05:00,Mobile,0.0
356,2183,completed,2025-05-26 19:04:00,Desktop,5.99
357,459,returned,2024-06-05 06:21:00,Mobile,0.0
358,497,completed,2023-10-25 01:44:00,Mobile,5.99
359,448,completed,2024-04-07 06:36:00,Desktop,5.99
360,828,cancelled,2024-09-23 01:55:00,Mobile,0.0
361,1546,cancelled,2024-04-01 23:18:00,Mobile,14.99
362,830,returned,2024-10-24 18:00:00,Mobile,0.0
363,555,completed,2025-03-31 17:45:00,Desktop,5.99
364,2349,completed,2025-07-31 14:43:00,Mobile,5.99
365,2271,completed,2025-01-10 00:23:00,Mobile,0.0
366,1078,returned,2024-06-15 09:31:00,Mobile,0.0
367,1141,completed,2024-12-22 06:28:00,Mobile,0.0
368,1024,returned,2025-08-16 17:57:00,Mobile,0.0
369,650,processing,2024-10-27 02:34:00,Mobile,9.99
370,1694,completed,2025-05-02 14:35:00,Mobile,0.0
371,2356,returned,2025-06-16 22:54:00,Mobile,9.99
372,277,processing,2025-02-16 18:37:00,Mobile,0.0
373,773,processing,2024-01-05 12:55:00,Mobile,0.0
374,1338,completed,2025-03-30 00:01:00,Desktop,5.99
375,964,completed,2024-11-24 09:09:00,Desktop,5.99
376,247,completed,2025-07-01 22:55:00,Mobile,0.0
377,1650,cancelled,2025-01-13 14:56:00,Mobile,0.0
378,2366,completed,2025-09-07 17:49:00,Mobile,5.99
379,1769,returned,2025-05-10 08:25:00,Mobile,0.0
380,10,completed,2024-05-24 18:03:00,Mobile,0.0
381,137,processing,2024-01-24 14:35:00,Tablet,9.99
382,2144,completed,2023-12-12 07:32:00,Desktop,5.99
383,607,cancelled,2023-06-26 06:16:00,Desktop,0.0
384,743,completed,2025-03-26 06:40:00,Desktop,5.99
385,494,completed,2024-04-28 18:58:00,Mobile,14.99
386,28,completed,2024-02-09 17:57:00,Mobile,5.99
387,1715,cancelled,2024-09-21 01:32:00,Desktop,0.0
388,1266,completed,2025-01-14 19:57:00,Mobile,0.0
389,588,returned,2024-03-02 02:30:00,Mobile,0.0
390,735,returned,2024-07-21 12:29:00,Desktop,0.0
391,1482,returned,2024-12-18 22:19:00,Mobile,0.0
392,1033,completed,2023-09-08 14:45:00,Mobile,0.0
393,985,returned,2023-06-28 07:42:00,Tablet,9.99
394,235,completed,2023-11-18 13:57:00,Tablet,9.99
395,2377,returned,2024-11-29 15:28:00,Mobile,0.0
396,296,processing,2025-04-05 22:42:00,Mobile,9.99
397,1969,completed,2024-03-22 02:13:00,Mobile,0.0
398,935,completed,2023-12-25 10:55:00,Mobile,9.99
399,159,completed,2024-02-21 18:57:00,Mobile,0.0
400,144,processing,2023-12-14 20:30:00,Mobile,0.0
401,708,cancelled,2024-06-10 21:21:00,Tablet,0.0
402,914,completed,2024-04-19 00:58:00,Mobile,0.0
403,2294,processing,2025-06-16 00:28:00,Mobile,5.99
404,542,completed,2024-09-13 17:22:00,Mobile,5.99
405,2345,processing,2024-05-25 08:22:00,Desktop,0.0
406,226,returned,2024-05-07 02:31:00,Desktop,5.99
407,924,processing,2023-10-10 03:25:00,Desktop,5.99
408,2435,completed,2023-12-13 09:37:00,Mobile,0.0
409,132,processing,2023-10-30 03:23:00,Mobile,5.99
410,786,returned,2024-03-14 14:45:00,Mobile,5.99
411,288,completed,2024-04-28 15:16:00,Tablet,5.99
412,1421,completed,2024-06-30 02:30:00,Mobile,0.0
413,2333,returned,2024-04-11 09:00:00,Mobile,0.0
414,2485,completed,2024-03-16 11:48:00,Desktop,9.99
415,2021,cancelled,2024-01-18 05:44:00,Mobile,0.0
416,1341,completed,2025-06-23 16:59:00,Mobile,5.99
417,2057,completed,2023-12-16 07:24:00,Mobile,0.0
418,720,cancelled,2024-06-13 05:37:00,Desktop,5.99
419,1901,completed,2025-02-18 11:41:00,Desktop,5.99
420,1938,returned,2024-12-30 20:18:00,Mobile,0.0
421,83,returned,2025-07-16 03:26:00,Tablet,9.99
422,2425,completed,2023-09-28 19:52:00,Desktop,9.99
423,2051,returned,2024-01-14 13:35:00,Desktop,5.99
424,1010,cancelled,2025-09-18 18:49:00,Mobile,0.0
425,582,completed,2025-10-17 20:33:00,Mobile,5.99
426,1554,completed,2024-06-28 07:28:00,Desktop,9.99
427,128,cancelled,2024-01-06 20:22:00,Mobile,0.0
428,412,completed,2024-11-15 10:39:00,Mobile,14.99
429,1860,cancelled,2025-02-25 10:16:00,Desktop,0.0
430,1649,completed,2025-04-23 23:57:00,Mobile,0.0
431,614,completed,2024-11-02 07:11:00,Mobile,5.99
432,1769,completed,2024-10-15 21:26:00,Mobile,0.0
433,932,cancelled,2024-04-19 20:01:00,Mobile,0.0
434,1287,completed,2025-04-04 00:59:00,Desktop,0.0
435,1052,completed,2024-06-01 23:04:00,Mobile,0.0
436,1635,processing,2024-01-18 13:04:00,Mobile,9.99
437,632,completed,2024-04-22 06:31:00,Mobile,9.99
438,2010,completed,2024-02-22 13:40:00,Desktop,0.0
439,1606,returned,2025-04-12 22:33:00,Mobile,0.0
440,1663,cancelled,2024-02-03 06:49:00,Mobile,5.99
441,945,completed,2023-08-18 08:06:00,Desktop,0.0
442,1777,completed,2025-08-28 14:41:00,Mobile,5.99
443,1249,cancelled,2024-08-03 09:38:00,Mobile,0.0
444,673,completed,2024-07-30 09:24:00,Tablet,0.0
445,1985,returned,2024-01-25 06:34:00,Mobile,5.99
446,536,completed,2025-01-26 21:17:00,Tablet,5.99
447,2315,completed,2024-12-20 07:20:00,Desktop,9.99
448,905,completed,2025-06-21 00:13:00,Mobile,0.0
449,2390,completed,2025-01-25 12:41:00,Mobile,0.0
450,255,completed,2024-10-07 06:01:00,Mobile,5.99
451,1062,processing,2025-04-30 21:42:00,Mobile,0.0
452,1832,completed,2025-04-16 12:46:00,Mobile,5.99
453,600,completed,2024-11-18 16:59:00,Mobile,0.0
454,1932,processing,2023-12-11 08:32:00,Desktop,5.99
455,237,returned,2024-02-06 23:13:00,Tablet,14.99
456,200,completed,2024-11-06 12:04:00,Mobile,0.0
457,32,completed,2024-07-03 00:56:00,Mobile,0.0
458,246,completed,2024-11-02 18:23:00,Mobile,0.0
459,524,returned,2025-01-08 20:20:00,Desktop,0.0
460,2149,returned,2024-10-16 19:28:00,Tablet,5.99
461,1493,processing,2023-04-09 20:55:00,Desktop,0.0
462,1821,returned,2023-03-18 16:18:00,Mobile,5.99
463,2385,completed,2024-10-27 23:17:00,Mobile,9.99
464,2029,returned,2024-08-28 18:39:00,Mobile,0.0
465,785,processing,2025-02-16 00:17:00,Mobile,9.99
466,1724,completed,2024-01-23 20:31:00,Mobile,5.99
467,1497,completed,2024-04-25 22:43:00,Tablet,14.99
468,383,completed,2024-09-03 06:42:00,Desktop,0.0
469,2000,completed,2025-02-23 14:50:00,Mobile,0.0
470,2406,completed,2024-12-19 20:25:00,Tablet,0.0
471,1089,completed,2023-08-29 14:45:00,Desktop,0.0
472,989,cancelled,2023-07-08 14:29:00,Mobile,0.0
473,9,cancelled,2023-07-10 06:15:00,Mobile,0.0
474,552,completed,2025-06-26 10:59:00,Mobile,5.99
475,221,completed,2024-07-28 19:52:00,Desktop,5.99
476,2345,returned,2024-09-07 17:04:00,Desktop,0.0
477,834,returned,2025-02-25 21:19:00,Mobile,0.0
478,1902,returned,2024-07-31 10:14:00,Desktop,0.0
479,1065,processing,2024-09-17 03:07:00,Mobile,0.0
480,2410,completed,2025-03-08 04:26:00,Mobile,5.99
481,2184,returned,2024-05-15 22:03:00,Mobile,5.99
482,2075,processing,2024-06-07 07:48:00,Mobile,9.99
483,916,cancelled,2025-05-30 02:21:00,Desktop,14.99
484,2216,completed,2023-11-30 04:01:00,Tablet,5.99
485,1991,completed,2023-12-03 22:49:00,Desktop,0.0
486,2281,returned,2025-01-16 16:11:00,Mobile,0.0
487,861,completed,2023-02-19 17:50:00,Desktop,5.99
488,1541,completed,2024-08-29 18:04:00,Desktop,0.0
489,1952,cancelled,2024-01-18 21:08:00,Mobile,9.99
490,1052,processing,2025-01-17 22:22:00,Mobile,9.99
491,1618,processing,2024-12-10 02:09:00,Desktop,5.99
492,497,completed,2024-03-24 21:59:00,Mobile,5.99
493,1327,completed,2024-07-16 07:04:00,Desktop,0.0
494,2266,completed,2024-02-17 01:28:00,Mobile,14.99
495,411,completed,2025-04-10 22:52:00,Mobile,0.0
496,1352,completed,2025-01-16 20:21:00,Tablet,0.0
497,126,processing,2023-04-11 02:50:00,Mobile,0.0
498,427,completed,2024-08-28 16:24:00,Mobile,5.99
499,1757,cancelled,2023-07-28 08:04:00,Desktop,9.99
500,781,completed,2025-09-19 04:17:00,Mobile,5.99
501,2341,completed,2024-09-26 05:31:00,Mobile,9.99
502,803,completed,2024-05-02 22:45:00,Mobile,0.0
503,1479,completed,2025-02-09 05:39:00,Mobile,5.99
504,2425,processing,2023-11-29 13:11:00,Desktop,5.99
505,581,completed,2024-05-03 07:00:00,Mobile,5.99
506,1042,completed,2025-07-30 03:53:00,Mobile,0.0
507,1762,cancelled,2024-10-16 20:30:00,Desktop,0.0
508,1715,completed,2025-06-08 15:47:00,Desktop,0.0
509,1005,completed,2024-08-20 18:03:00,Desktop,9.99
510,1960,completed,2024-12-30 22:19:00,Mobile,0.0
511,1837,cancelled,2024-02-11 08:56:00,Mobile,5.99
512,1502,completed,2025-01-19 22:22:00,Mobile,0.0
513,1017,returned,2023-11-21 02:02:00,Mobile,5.99
514,20,cancelled,2025-01-24 11:21:00,Mobile,5.99
515,863,cancelled,2024-05-09 16:00:00,Mobile,0.0
516,340,processing,2025-09-08 19:12:00,Mobile,0.0
517,1652,completed,2024-06-15 21:01:00,Mobile,5.99
518,1128,completed,2024-04-18 19:44:00,Desktop,5.99
519,2416,processing,2023-11-10 20:32:00,Mobile,14.99
520,1362,processing,2025-02-23 16:58:00,Mobile,5.99
521,1280,completed,2024-01-09 06:30:00,Desktop,0.0
522,2219,cancelled,2024-02-11 13:42:00,Mobile,9.99
523,1955,completed,2025-09-09 07:23:00,Mobile,14.99
524,1896,completed,2025-06-29 12:53:00,Desktop,5.99
525,1686,processing,2024-08-21 22:03:00,Mobile,0.0
526,2125,completed,2024-05-08 18:52:00,Mobile,5.99
527,66,returned,2025-03-30 13:55:00,Mobile,0.0
528,320,returned,2025-01-29 09:15:00,Mobile,9.99
529,481,completed,2024-05-31 06:20:00,Desktop,0.0
530,1464,completed,2023-08-06 09:55:00,Desktop,0.0
531,222,completed,2025-06-23 00:49:00,Mobile,5.99
532,1246,completed,2024-01-26 04:01:00,Mobile,5.99
533,907,completed,2025-07-24 21:06:00,Desktop,9.99
534,2295,completed,2023-11-27 05:12:00,Mobile,0.0
535,2076,completed,2024-08-06 11:06:00,Mobile,14.99
536,1086,cancelled,2024-05-17 22:03:00,Tablet,5.99
537,1506,cancelled,2025-03-21 14:08:00,Mobile,0.0
538,443,cancelled,2025-05-13 09:42:00,Mobile,0.0
539,119,processing,2024-11-22 13:33:00,Mobile,9.99
540,1412,completed,2023-07-29 22:15:00,Mobile,0.0
541,775,completed,2025-01-27 15:20:00,Desktop,0.0
542,1194,completed,2024-01-16 23:42:00,Desktop,5.99
543,2150,completed,2025-01-18 10:03:00,Mobile,0.0
544,1412,completed,2023-06-08 04:14:00,Mobile,5.99
545,1055,returned,2023-11-13 01:00:00,Desktop,0.0
546,822,completed,2025-02-15 17:05:00,Mobile,0.0
547,264,completed,2023-11-23 18:06:00,Desktop,0.0
548,1603,returned,2024-05-24 10:04:00,Mobile,9.99
549,1361,completed,2025-03-17 03:55:00,Mobile,0.0
550,485,cancelled,2024-05-19 12:28:00,Desktop,5.99
551,616,returned,2025-08-26 05:49:00,Mobile,9.99
552,611,returned,2024-03-14 14:16:00,Desktop,5.99
553,134,completed,2023-08-09 02:21:00,Desktop,0.0
554,374,returned,2024-10-08 15:57:00,Desktop,0.0
555,465,processing,2025-03-15 08:06:00,Desktop,5.99
556,1683,completed,2023-09-11 17:21:00,Mobile,9.99
557,535,processing,2024-12-31 19:59:00,Desktop,5.99
558,650,returned,2025-04-25 11:18:00,Mobile,5.99
559,2365,cancelled,2024-03-23 18:35:00,Desktop,0.0
560,224,processing,2023-07-12 05:42:00,Desktop,14.99
561,1926,completed,2024-12-14 05:54:00,Mobile,0.0
562,1818,completed,2024-04-01 13:31:00,Mobile,9.99
563,661,completed,2023-11-13 18:32:00,Desktop,0.0
564,2234,completed,2023-06-28 18:01:00,Desktop,9.99
565,1436,completed,2024-09-14 15:56:00,Mobile,5.99
566,1965,completed,2023-12-08 12:54:00,Mobile,0.0
567,2135,returned,2025-04-29 21:00:00,Tablet,5.99
568,814,completed,2024-11-07 12:12:00,Mobile,9.99
569,83,processing,2025-08-18 18:56:00,Desktop,9.99
570,1070,cancelled,2025-03-08 20:58:00,Mobile,5.99
571,299,completed,2024-01-25 18:44:00,Desktop,9.99
572,1199,completed,2024-03-01 12:13:00,Desktop,0.0
573,304,completed,2025-06-17 18:04:00,Desktop,0.0
574,429,cancelled,2023-08-08 08:30:00,Desktop,5.99
575,14,cancelled,2023-12-04 00:45:00,Mobile,9.99
576,2015,completed,2023-10-10 13:06:00,Mobile,0.0
577,1807,cancelled,2025-07-14 07:12:00,Tablet,9.99
578,354,returned,2025-05-24 12:02:00,Desktop,0.0
579,1285,completed,2024-04-10 20:28:00,Mobile,9.99
580,1152,completed,2023-11-06 08:02:00,Mobile,0.0
581,1090,completed,2025-02-03 18:42:00,Desktop,9.99
582,102,cancelled,2025-03-10 08:05:00,Desktop,0.0
583,1129,cancelled,2025-04-26 22:05:00,Desktop,5.99
584,1630,cancelled,2024-06-01 21:48:00,Mobile,0.0
585,2488,completed,2024-04-13 10:32:00,Desktop,9.99
586,2197,cancelled,2024-05-26 02:18:00,Mobile,0.0
587,1641,returned,2025-06-01 09:57:00,Desktop,0.0
588,1892,cancelled,2024-04-05 01:56:00,Mobile,0.0
589,715,completed,2024-02-04 11:49:00,Mobile,9.99
590,1795,completed,2025-02-15 10:22:00,Mobile,0.0
591,369,completed,2024-11-28 23:54:00,Desktop,9.99
592,551,cancelled,2023-03-31 05:50:00,Mobile,5.99
593,2147,completed,2023-03-27 20:15:00,Mobile,5.99
594,422,cancelled,2024-01-26 08:21:00,Mobile,5.99
595,1751,cancelled,2023-06-07 22:27:00,Mobile,0.0
596,1029,completed,2024-05-26 21:26:00,Desktop,5.99
597,174,cancelled,2023-06-24 22:00:00,Mobile,5.99
598,1488,cancelled,2023-04-27 09:36:00,Mobile,5.99
599,1668,completed,2024-11-04 12:59:00,Mobile,0.0
600,717,completed,2025-02-17 03:18:00,Mobile,0.0
601,2185,returned,2024-05-11 02:22:00,Mobile,14.99
602,773,processing,2024-01-22 10:14:00,Mobile,9.99
603,2442,processing,2024-02-18 10:00:00,Mobile,0.0
604,92,completed,2025-05-24 21:57:00,Desktop,5.99
605,2005,returned,2024-06-05 12:52:00,Tablet,5.99
606,1510,completed,2025-01-02 06:46:00,Mobile,0.0
607,1771,completed,2024-09-30 01:50:00,Mobile,9.99
608,2235,completed,2023-10-19 21:46:00,Desktop,0.0
609,2282,completed,2025-07-03 01:14:00,Desktop,5.99
610,893,processing,2024-05-15 00:01:00,Desktop,9.99
611,1956,completed,2024-02-03 23:45:00,Desktop,9.99
612,1041,processing,2024-07-21 02:38:00,Mobile,0.0
613,1958,completed,2024-05-11 15:25:00,Mobile,5.99
614,379,completed,2024-04-29 22:44:00,Mobile,0.0
615,507,completed,2025-03-04 10:42:00,Mobile,0.0
616,1241,cancelled,2024-08-05 06:59:00,Tablet,0.0
617,2397,completed,2024-07-08 09:03:00,Desktop,5.99
618,347,completed,2024-01-29 07:53:00,Mobile,5.99
619,1205,completed,2024-12-04 05:22:00,Mobile,5.99
620,1442,completed,2025-07-12 15:58:00,Desktop,0.0
621,61,completed,2025-08-31 07:52:00,Desktop,5.99
622,1962,completed,2023-10-21 04:44:00,Desktop,5.99
623,1609,completed,2024-07-28 05:24:00,Mobile,5.99
624,437,returned,2024-07-04 08:38:00,Mobile,9.99
625,973,completed,2024-06-03 21:59:00,Mobile,0.0
626,811,completed,2025-04-21 03:42:00,Mobile,0.0
627,934,completed,2023-12-09 13:05:00,Mobile,0.0
628,302,cancelled,2025-04-04 03:18:00,Mobile,0.0
629,1106,completed,2024-03-22 12:06:00,Mobile,9.99
630,1547,completed,2025-02-10 13:46:00,Mobile,9.99
631,407,completed,2025-01-17 23:15:00,Desktop,0.0
632,2228,completed,2024-08-31 21:53:00,Desktop,14.99
633,2162,completed,2024-12-29 03:19:00,Mobile,0.0
634,54,completed,2024-08-01 09:48:00,Mobile,5.99
635,1371,completed,2024-09-22 17:16:00,Mobile,5.99
636,273,completed,2024-01-25 00:17:00,Desktop,0.0
637,522,completed,2023-10-27 19:10:00,Mobile,5.99
638,1981,completed,2023-09-25 13:51:00,Desktop,5.99
639,1638,completed,2024-10-03 02:56:00,Desktop,0.0
640,1426,completed,2024-12-03 17:51:00,Desktop,0.0
641,1718,returned,2023-05-06 13:57:00,Desktop,5.99
642,1842,completed,2023-06-02 15:59:00,Desktop,0.0
643,604,completed,2024-01-26 06:56:00,Mobile,0.0
644,1469,returned,2024-08-11 01:37:00,Mobile,0.0
645,1525,completed,2023-05-02 00:03:00,Desktop,0.0
646,2332,cancelled,2025-03-31 12:33:00,Mobile,5.99
647,2493,completed,2024-04-06 13:13:00,Desktop,0.0
648,1068,processing,2024-02-04 14:31:00,Mobile,0.0
649,2352,completed,2023-12-13 11:29:00,Mobile,5.99
650,1033,returned,2023-11-16 19:25:00,Mobile,0.0
651,2225,processing,2023-12-26 13:21:00,Mobile,5.99
652,2012,processing,2024-01-23 10:09:00,Desktop,5.99
653,2178,completed,2025-06-25 11:06:00,Desktop,5.99
654,312,completed,2025-08-03 11:44:00,Mobile,14.99
655,233,completed,2024-10-29 09:31:00,Mobile,5.99
656,1854,returned,2024-08-04 00:44:00,Desktop,5.99
657,624,returned,2024-07-26 00:31:00,Mobile,9.99
658,2103,cancelled,2023-09-01 12:27:00,Desktop,5.99
659,1815,completed,2024-07-07 03:14:00,Desktop,0.0
660,2220,completed,2025-01-06 01:21:00,Mobile,0.0
661,338,completed,2025-07-17 22:49:00,Mobile,5.99
662,2078,cancelled,2024-12-22 21:50:00,Mobile,9.99
663,1248,completed,2024-06-10 21:11:00,Desktop,0.0
664,207,completed,2024-07-11 22:43:00,Mobile,0.0
665,902,completed,2024-02-11 16:36:00,Desktop,5.99
666,1469,completed,2024-10-20 09:14:00,Desktop,0.0
667,1956,cancelled,2024-01-10 08:06:00,Desktop,0.0
668,2020,completed,2025-09-21 20:44:00,Desktop,5.99
669,895,completed,2024-05-26 00:42:00,Mobile,9.99
670,1836,completed,2023-09-15 21:00:00,Desktop,5.99
671,1787,processing,2025-06-23 13:36:00,Desktop,0.0
672,926,completed,2025-02-03 00:36:00,Tablet,0.0
673,1381,completed,2025-04-14 23:00:00,Tablet,0.0
674,750,completed,2025-01-06 02:11:00,Mobile,5.99
675,801,returned,2024-08-13 03:11:00,Mobile,0.0
676,1607,completed,2025-06-04 16:57:00,Mobile,0.0
677,210,completed,2025-03-30 17:22:00,Desktop,0.0
678,655,cancelled,2025-04-29 08:27:00,Desktop,0.0
679,2067,processing,2024-08-06 05:54:00,Desktop,5.99
680,559,completed,2025-06-07 21:48:00,Desktop,9.99
681,2276,processing,2023-09-25 15:18:00,Desktop,0.0
682,948,completed,2025-03-11 07:24:00,Mobile,5.99
683,1403,returned,2024-05-13 17:24:00,Mobile,5.99
684,1739,completed,2023-11-13 15:37:00,Mobile,0.0
685,1184,completed,2024-04-23 22:33:00,Mobile,5.99
686,790,processing,2023-08-05 16:00:00,Desktop,5.99
687,1981,processing,2024-04-13 10:40:00,Desktop,9.99
688,252,processing,2024-07-07 03:35:00,Desktop,0.0
689,1233,processing,2023-07-09 17:34:00,Mobile,14.99
690,548,completed,2024-09-04 18:42:00,Desktop,9.99
691,1967,cancelled,2025-04-03 01:14:00,Mobile,5.99
692,1818,completed,2023-11-25 20:42:00,Desktop,9.99
693,609,cancelled,2024-01-09 16:56:00,Desktop,9.99
694,2399,completed,2023-12-01 02:55:00,Tablet,9.99
695,689,processing,2024-03-23 19:28:00,Desktop,0.0
696,985,completed,2023-04-26 14:59:00,Desktop,5.99
697,462,completed,2023-02-14 18:29:00,Mobile,0.0
698,811,completed,2024-07-06 03:03:00,Desktop,5.99
699,2230,returned,2024-04-22 16:17:00,Mobile,9.99
700,2230,cancelled,2023-12-11 20:55:00,Desktop,0.0
701,179,completed,2024-04-05 10:02:00,Desktop,0.0
702,1715,processing,2025-02-27 15:22:00,Mobile,0.0
703,1897,cancelled,2023-09-05 09:52:00,Desktop,0.0
704,2346,completed,2023-11-25 20:22:00,Desktop,14.99
705,839,processing,2023-07-14 16:42:00,Desktop,5.99
706,358,returned,2024-05-20 02:42:00,Mobile,0.0
707,1537,completed,2024-01-08 04:08:00,Mobile,5.99
708,1663,completed,2024-02-25 19:06:00,Mobile,5.99
709,844,processing,2023-09-13 14:50:00,Mobile,0.0
710,55,completed,2024-06-05 13:35:00,Tablet,5.99
711,1921,processing,2025-01-22 23:11:00,Mobile,0.0
712,1672,completed,2025-10-25 06:14:00,Mobile,5.99
713,465,completed,2024-11-11 14:04:00,Mobile,5.99
714,533,returned,2024-05-17 11:35:00,Desktop,5.99
715,2141,processing,2025-03-17 03:26:00,Mobile,5.99
716,1335,returned,2024-08-11 09:41:00,Mobile,0.0
717,2316,processing,2024-08-23 12:51:00,Desktop,9.99
718,1383,completed,2024-10-11 05:19:00,Mobile,9.99
719,2462,processing,2025-02-11 03:06:00,Desktop,0.0
720,1299,completed,2024-01-14 01:27:00,Mobile,0.0
721,1024,completed,2025-01-04 23:24:00,Tablet,0.0
722,2069,processing,2024-07-12 15:32:00,Mobile,5.99
723,1924,completed,2024-04-28 07:54:00,Mobile,5.99
724,2335,completed,2024-07-28 22:51:00,Mobile,0.0
725,2331,completed,2025-06-04 12:13:00,Desktop,5.99
726,1320,completed,2023-09-10 14:51:00,Mobile,0.0
727,2111,processing,2023-10-02 06:20:00,Desktop,5.99
728,685,completed,2024-11-19 12:19:00,Tablet,5.99
729,1847,completed,2024-08-22 03:21:00,Mobile,9.99
730,1226,returned,2025-06-27 02:45:00,Mobile,9.99
731,1142,completed,2024-06-10 12:44:00,Mobile,0.0
732,1000,processing,2023-05-23 18:13:00,Mobile,9.99
733,1232,completed,2024-11-28 10:02:00,Mobile,9.99
734,1631,returned,2023-10-30 02:43:00,Desktop,5.99
735,1233,completed,2023-08-02 13:23:00,Desktop,0.0
736,180,completed,2024-08-15 18:03:00,Mobile,0.0
737,2486,processing,2023-06-19 16:01:00,Desktop,0.0
738,1487,processing,2024-10-06 16:45:00,Desktop,0.0
739,1221,completed,2025-01-05 10:37:00,Desktop,5.99
740,494,completed,2025-01-31 04:57:00,Desktop,14.99
741,647,cancelled,2024-12-27 04:26:00,Mobile,0.0
742,384,completed,2025-02-22 22:25:00,Desktop,9.99
743,1964,completed,2024-09-12 19:24:00,Mobile,5.99
744,1852,completed,2025-08-24 15:53:00,Mobile,5.99
745,53,completed,2024-07-29 07:02:00,Tablet,0.0
746,2414,completed,2024-08-31 06:00:00,Desktop,9.99
747,694,completed,2025-05-18 17:27:00,Mobile,5.99
748,453,completed,2024-11-06 08:57:00,Mobile,14.99
749,715,returned,2023-07-12 07:55:00,Tablet,0.0
750,516,completed,2023-10-19 01:31:00,Desktop,5.99
751,718,completed,2023-12-24 22:03:00,Tablet,0.0
752,1100,completed,2024-02-05 13:13:00,Desktop,9.99
753,126,completed,2023-12-18 22:05:00,Mobile,5.99
754,10,cancelled,2024-10-04 16:13:00,Mobile,0.0
755,1051,completed,2024-09-07 22:35:00,Desktop,5.99
756,2444,completed,2024-07-18 20:07:00,Mobile,0.0
757,1838,cancelled,2025-08-14 06:46:00,Mobile,5.99
758,730,returned,2024-06-07 07:22:00,Mobile,9.99
759,47,completed,2024-10-21 10:35:00,Mobile,5.99
760,919,completed,2024-01-30 10:16:00,Desktop,0.0
761,1228,completed,2025-07-28 10:59:00,Desktop,14.99
762,528,returned,2024-06-02 03:48:00,Mobile,9.99
763,1420,completed,2023-10-17 16:16:00,Desktop,0.0
764,2375,completed,2024-09-13 01:56:00,Mobile,5.99
765,1704,completed,2023-09-23 05:56:00,Mobile,0.0
766,1693,cancelled,2023-12-17 21:38:00,Desktop,0.0
767,1039,completed,2024-04-17 22:41:00,Desktop,5.99
768,1981,cancelled,2024-04-12 06:44:00,Desktop,9.99
769,757,completed,2025-05-21 14:38:00,Mobile,5.99
770,1662,completed,2024-04-16 22:49:00,Mobile,5.99
771,621,completed,2025-05-23 22:11:00,Desktop,0.0
772,2306,completed,2024-04-06 08:15:00,Tablet,0.0
773,1558,cancelled,2024-07-23 22:56:00,Mobile,5.99
774,1345,returned,2024-02-13 23:51:00,Desktop,5.99
775,1532,returned,2024-07-13 09:53:00,Desktop,0.0
776,1946,processing,2023-08-29 12:31:00,Mobile,9.99
777,1163,completed,2024-11-12 23:35:00,Desktop,9.99
778,418,processing,2024-10-26 03:25:00,Desktop,5.99
779,1359,returned,2024-08-13 19:31:00,Desktop,0.0
780,1724,completed,2023-11-18 01:44:00,Mobile,5.99
781,655,processing,2024-08-27 22:58:00,Desktop,0.0
782,1614,completed,2024-03-14 02:52:00,Desktop,9.99
783,658,returned,2024-12-28 07:57:00,Desktop,9.99
784,366,completed,2024-11-12 18:26:00,Desktop,9.99
785,2362,processing,2025-02-23 20:26:00,Mobile,0.0
786,1220,returned,2024-01-08 12:27:00,Desktop,5.99
787,1885,completed,2024-01-25 04:23:00,Mobile,5.99
788,216,processing,2024-11-01 18:26:00,Mobile,5.99
789,166,cancelled,2025-07-10 01:15:00,Desktop,0.0
790,1184,completed,2024-09-27 07:25:00,Mobile,0.0
791,1460,completed,2025-01-14 22:30:00,Desktop,5.99
792,2388,completed,2025-05-20 17:04:00,Desktop,9.99
793,489,completed,2025-03-11 08:27:00,Mobile,0.0
794,1851,processing,2023-10-02 13:45:00,Desktop,5.99
795,2439,completed,2024-10-30 04:48:00,Desktop,9.99
796,1973,completed,2024-11-27 20:55:00,Mobile,0.0
797,1619,completed,2024-05-03 21:27:00,Desktop,5.99
798,2048,processing,2024-09-05 12:35:00,Desktop,0.0
799,2256,returned,2025-01-03 00:13:00,Mobile,0.0
800,949,returned,2025-02-18 23:04:00,Desktop,14.99
801,2199,completed,2024-01-01 19:58:00,Mobile,0.0
802,1578,returned,2024-12-29 20:06:00,Mobile,5.99
803,683,completed,2024-06-25 07:22:00,Mobile,0.0
804,745,completed,2025-01-14 04:03:00,Mobile,5.99
805,1524,returned,2024-06-15 09:40:00,Desktop,5.99
806,701,processing,2023-10-24 05:58:00,Mobile,0.0
807,2151,processing,2023-12-17 02:37:00,Desktop,5.99
808,1599,completed,2024-10-01 21:03:00,Mobile,5.99
809,1118,completed,2024-02-25 08:26:00,Mobile,0.0
810,1104,processing,2024-05-27 10:54:00,Mobile,0.0
811,419,completed,2023-08-19 13:05:00,Mobile,0.0
812,29,completed,2023-11-30 03:54:00,Desktop,5.99
813,771,cancelled,2023-08-17 10:09:00,Mobile,5.99
814,316,processing,2023-03-04 12:22:00,Tablet,9.99
815,709,completed,2024-03-14 16:34:00,Desktop,0.0
816,1854,cancelled,2024-01-02 04:18:00,Mobile,5.99
817,1663,processing,2023-06-01 01:23:00,Mobile,5.99
818,1740,returned,2024-08-28 19:33:00,Desktop,5.99
819,2029,completed,2025-01-14 13:49:00,Mobile,0.0
820,1658,processing,2023-10-11 10:06:00,Mobile,9.99
821,787,completed,2024-01-25 23:46:00,Desktop,0.0
822,943,completed,2024-11-05 11:24:00,Desktop,5.99
823,262,completed,2025-06-10 05:30:00,Tablet,0.0
824,1212,completed,2023-12-16 06:29:00,Desktop,5.99
825,1106,completed,2024-01-07 18:08:00,Desktop,9.99
826,326,completed,2024-02-19 10:23:00,Mobile,0.0
827,1388,returned,2024-07-14 10:09:00,Mobile,0.0
828,1726,completed,2023-10-12 09:30:00,Mobile,0.0
829,1796,completed,2025-03-02 01:41:00,Mobile,5.99
830,2493,completed,2024-09-05 08:00:00,Tablet,0.0
831,545,completed,2023-08-04 02:47:00,Mobile,0.0
832,2474,cancelled,2024-07-31 20:33:00,Mobile,0.0
833,14,processing,2023-03-17 12:11:00,Tablet,0.0
834,790,cancelled,2024-06-12 05:13:00,Mobile,5.99
835,1461,completed,2024-02-18 10:10:00,Mobile,5.99
836,290,completed,2024-01-01 05:24:00,Tablet,0.0
837,224,completed,2023-12-13 18:34:00,Mobile,0.0
838,14,completed,2023-10-08 05:52:00,Mobile,0.0
839,2428,completed,2024-12-23 17:03:00,Mobile,5.99
840,535,completed,2025-01-30 11:28:00,Tablet,0.0
841,930,cancelled,2024-06-03 08:25:00,Mobile,9.99
842,1983,completed,2023-10-02 14:52:00,Mobile,0.0
843,808,cancelled,2024-07-03 14:34:00,Desktop,0.0
844,1697,cancelled,2025-01-06 01:37:00,Mobile,0.0
845,201,processing,2023-12-14 00:40:00,Mobile,5.99
846,2393,completed,2023-09-18 03:17:00,Desktop,9.99
847,993,returned,2024-07-07 06:46:00,Mobile,5.99
848,1601,cancelled,2023-12-14 15:57:00,Desktop,0.0
849,1971,returned,2024-10-11 22:33:00,Mobile,9.99
850,515,returned,2023-10-12 22:07:00,Mobile,0.0
851,95,completed,2024-05-14 09:35:00,Desktop,5.99
852,529,completed,2024-04-12 02:30:00,Mobile,9.99
853,2402,cancelled,2023-12-04 00:19:00,Mobile,0.0
854,2312,completed,2024-12-24 05:49:00,Desktop,0.0
855,2128,completed,2024-12-22 06:01:00,Desktop,9.99
856,727,cancelled,2025-03-18 20:37:00,Desktop,0.0
857,2077,returned,2024-08-07 14:08:00,Mobile,0.0
858,2473,cancelled,2025-03-03 08:42:00,Desktop,5.99
859,2102,cancelled,2024-07-25 07:13:00,Desktop,5.99
860,1582,completed,2024-05-18 19:39:00,Desktop,0.0
861,438,processing,2025-05-05 21:05:00,Mobile,5.99
862,1987,returned,2024-09-27 20:09:00,Mobile,9.99
863,425,completed,2025-03-01 12:06:00,Desktop,9.99
864,2313,completed,2023-11-16 00:54:00,Mobile,5.99
865,732,completed,2025-04-10 08:58:00,Desktop,9.99
866,1824,cancelled,2024-11-08 17:55:00,Desktop,0.0
867,972,completed,2024-01-20 20:40:00,Tablet,0.0
868,798,completed,2024-03-03 23:10:00,Mobile,0.0
869,2433,cancelled,2023-11-26 17:00:00,Mobile,5.99
870,1526,completed,2024-12-30 20:33:00,Tablet,14.99
871,1052,processing,2024-10-13 17:27:00,Mobile,0.0
872,1034,cancelled,2025-08-21 03:38:00,Mobile,5.99
873,2496,returned,2023-09-01 01:05:00,Mobile,9.99
874,1513,returned,2023-12-15 14:30:00,Mobile,9.99
875,1136,completed,2025-02-17 19:15:00,Mobile,5.99
876,56,completed,2024-11-21 19:41:00,Mobile,0.0
877,1196,completed,2025-01-12 18:25:00,Tablet,9.99
878,1767,completed,2024-06-24 01:02:00,Desktop,5.99
879,1720,processing,2025-06-07 21:16:00,Desktop,0.0
880,1723,returned,2024-11-29 08:50:00,Mobile,0.0
881,1544,returned,2024-04-04 04:10:00,Tablet,0.0
882,12,processing,2024-05-30 15:43:00,Desktop,9.99
883,2164,completed,2025-07-10 01:13:00,Mobile,0.0
884,178,completed,2025-04-01 18:00:00,Tablet,0.0
885,1144,processing,2023-07-05 15:08:00,Desktop,0.0
886,2169,completed,2025-07-24 16:24:00,Mobile,5.99
887,539,completed,2024-10-16 00:07:00,Desktop,5.99
888,2372,completed,2023-09-19 23:38:00,Mobile,5.99
889,2179,cancelled,2024-08-24 18:40:00,Desktop,5.99
890,618,processing,2024-10-11 00:20:00,Mobile,5.99
891,1164,completed,2025-03-30 09:15:00,Mobile,9.99
892,2044,returned,2024-08-31 13:42:00,Mobile,5.99
893,338,completed,2025-05-11 12:54:00,Desktop,14.99
894,2358,processing,2024-11-13 11:48:00,Desktop,0.0
895,1637,completed,2023-07-05 09:03:00,Mobile,0.0
896,435,returned,2024-02-22 23:40:00,Mobile,14.99
897,164,returned,2024-02-23 01:23:00,Mobile,9.99
898,1009,completed,2023-08-09 15:29:00,Desktop,14.99
899,964,returned,2025-04-22 01:47:00,Mobile,14.99
900,1578,completed,2025-10-05 12:09:00,Mobile,0.0
901,1848,returned,2024-05-14 16:36:00,Desktop,5.99
902,399,completed,2024-11-07 02:39:00,Desktop,9.99
903,269,completed,2025-07-28 05:44:00,Tablet,5.99
904,19,completed,2023-04-28 06:42:00,Desktop,9.99
905,1454,completed,2024-07-19 08:17:00,Mobile,5.99
906,1595,completed,2023-03-13 11:31:00,Mobile,5.99
907,1909,cancelled,2024-01-23 20:39:00,Desktop,0.0
908,2244,completed,2024-10-30 22:13:00,Desktop,9.99
909,31,cancelled,2025-08-18 03:45:00,Mobile,0.0
910,561,completed,2024-08-26 22:43:00,Mobile,5.99
911,292,completed,2023-10-13 21:15:00,Mobile,0.0
912,2098,completed,2025-06-18 13:51:00,Mobile,9.99
913,209,cancelled,2024-09-06 14:18:00,Desktop,14.99
914,436,cancelled,2024-09-08 10:38:00,Mobile,5.99
915,990,completed,2025-06-19 12:20:00,Desktop,5.99
916,2382,completed,2025-02-17 17:49:00,Mobile,9.99
917,2487,completed,2025-03-18 20:20:00,Desktop,5.99
918,417,completed,2023-05-25 23:00:00,Mobile,9.99
919,1496,completed,2024-12-10 09:44:00,Desktop,0.0
920,588,processing,2023-10-08 05:37:00,Desktop,0.0
921,374,completed,2025-01-02 00:13:00,Mobile,5.99
922,955,completed,2024-06-09 15:07:00,Desktop,14.99
923,90,completed,2025-02-08 17:29:00,Desktop,0.0
924,917,processing,2025-10-09 12:43:00,Mobile,5.99
925,463,cancelled,2024-12-28 04:45:00,Mobile,5.99
926,985,processing,2023-10-03 00:02:00,Mobile,0.0
927,1589,completed,2024-04-29 15:28:00,Mobile,5.99
928,1521,cancelled,2023-03-20 18:43:00,Mobile,0.0
929,2159,cancelled,2023-11-28 18:48:00,Desktop,0.0
930,546,completed,2024-05-09 22:31:00,Desktop,0.0
931,647,completed,2024-12-30 17:22:00,Mobile,0.0
932,315,completed,2025-03-13 04:17:00,Mobile,0.0
933,308,cancelled,2024-07-04 23:52:00,Mobile,5.99
934,208,completed,2023-06-20 20:54:00,Mobile,5.99
935,1563,completed,2024-09-18 01:53:00,Mobile,0.0
936,748,completed,2023-12-08 22:39:00,Desktop,0.0
937,2078,completed,2024-07-16 16:59:00,Mobile,0.0
938,2472,completed,2024-08-12 12:33:00,Desktop,0.0
939,2026,completed,2025-09-29 17:15:00,Desktop,9.99
940,2208,processing,2025-03-09 19:09:00,Tablet,5.99
941,310,cancelled,2024-01-30 00:44:00,Mobile,0.0
942,1063,completed,2024-05-14 18:06:00,Mobile,9.99
943,2274,completed,2025-05-06 16:17:00,Desktop,9.99
944,2371,returned,2024-09-22 21:37:00,Desktop,0.0
945,1315,completed,2024-03-01 16:15:00,Tablet,5.99
946,529,completed,2024-11-23 15:32:00,Mobile,9.99
947,2425,cancelled,2024-04-15 07:09:00,Mobile,5.99
948,1170,returned,2023-12-05 10:00:00,Desktop,14.99
949,556,processing,2024-02-29 05:27:00,Mobile,5.99
950,2474,processing,2024-07-06 00:32:00,Mobile,0.0
951,1812,completed,2023-08-30 09:00:00,Mobile,5.99
952,1623,returned,2024-09-06 06:46:00,Mobile,9.99
953,2420,completed,2025-05-02 21:38:00,Mobile,0.0
954,663,processing,2025-05-01 03:08:00,Desktop,5.99
955,926,cancelled,2025-08-10 12:39:00,Mobile,0.0
956,262,completed,2024-10-09 10:22:00,Mobile,0.0
957,296,completed,2025-07-16 09:45:00,Mobile,5.99
958,2108,cancelled,2025-09-02 04:51:00,Tablet,0.0
959,1027,processing,2024-11-06 22:06:00,Desktop,5.99
960,2477,cancelled,2024-12-04 10:17:00,Mobile,0.0
961,421,returned,2025-06-01 20:57:00,Mobile,5.99
962,82,completed,2024-01-12 23:16:00,Desktop,14.99
963,904,cancelled,2024-01-14 20:38:00,Mobile,5.99
964,272,cancelled,2023-12-15 21:19:00,Mobile,5.99
965,523,cancelled,2024-11-16 12:54:00,Mobile,5.99
966,904,completed,2024-02-18 13:21:00,Mobile,0.0
967,1523,completed,2024-08-29 15:17:00,Mobile,5.99
968,993,completed,2024-08-04 20:16:00,Mobile,14.99
969,2339,cancelled,2024-06-17 18:29:00,Mobile,5.99
970,1218,processing,2024-06-02 12:54:00,Tablet,5.99
971,30,processing,2023-10-18 11:55:00,Mobile,9.99
972,1747,cancelled,2024-01-29 10:21:00,Desktop,0.0
973,821,completed,2023-11-01 01:21:00,Mobile,0.0
974,538,completed,2023-11-13 23:02:00,Mobile,0.0
975,1180,processing,2025-03-19 08:00:00,Mobile,9.99
976,868,completed,2025-01-10 06:24:00,Mobile,9.99
977,2110,completed,2023-11-04 06:41:00,Mobile,0.0
978,1805,cancelled,2025-01-17 06:41:00,Mobile,0.0
979,1479,returned,2024-09-04 12:04:00,Mobile,0.0
980,905,processing,2025-08-15 03:20:00,Mobile,9.99
981,1460,completed,2024-11-28 18:54:00,Desktop,0.0
982,1766,cancelled,2023-01-11 23:10:00,Desktop,5.99
983,1088,completed,2025-01-02 21:12:00,Desktop,9.99
984,652,completed,2023-12-20 05:07:00,Desktop,5.99
985,2295,completed,2023-12-14 06:48:00,Desktop,5.99
986,1675,completed,2024-06-16 18:27:00,Mobile,0.0
987,2224,cancelled,2023-10-15 05:19:00,Desktop,0.0
988,457,returned,2024-09-22 13:08:00,Mobile,5.99
989,493,completed,2024-01-08 05:12:00,Desktop,5.99
990,1388,completed,2024-05-29 02:32:00,Mobile,5.99
991,1227,returned,2023-08-11 18:10:00,Desktop,5.99
992,1189,completed,2024-09-22 01:50:00,Desktop,5.99
993,1148,returned,2023-10-15 21:39:00,Mobile,0.0
994,417,processing,2023-10-13 07:23:00,Desktop,5.99
995,2061,processing,2023-08-29 03:24:00,Mobile,0.0
996,42,completed,2025-02-16 09:18:00,Tablet,0.0
997,1574,completed,2023-10-06 13:39:00,Desktop,5.99
998,1680,completed,2024-02-13 22:59:00,Desktop,0.0
999,357,processing,2024-12-28 14:59:00,Mobile,0.0
1000,1721,completed,2025-01-27 16:47:00,Mobile,0.0
1001,1212,completed,2023-11-06 08:41:00,Desktop,0.0
1002,2084,completed,2024-01-18 16:00:00,Tablet,0.0
1003,1018,returned,2023-11-11 17:48:00,Mobile,9.99
1004,598,processing,2025-05-31 10:11:00,Mobile,5.99
1005,2453,cancelled,2024-08-26 19:35:00,Desktop,0.0
1006,1070,processing,2024-11-27 03:14:00,Mobile,5.99
1007,1067,completed,2024-05-07 16:49:00,Desktop,9.99
1008,173,processing,2024-02-13 02:06:00,Mobile,0.0
1009,1923,completed,2024-02-18 19:27:00,Desktop,5.99
1010,2184,cancelled,2025-04-16 17:53:00,Mobile,0.0
1011,639,completed,2025-02-18 06:12:00,Desktop,0.0
1012,1337,completed,2024-06-20 22:07:00,Mobile,5.99
1013,1442,completed,2025-09-08 13:35:00,Mobile,5.99
1014,98,completed,2023-05-04 03:23:00,Mobile,0.0
1015,207,completed,2024-08-29 13:20:00,Mobile,9.99
1016,2393,processing,2024-04-30 11:13:00,Mobile,5.99
1017,1001,completed,2025-09-06 00:15:00,Desktop,0.0
1018,1627,completed,2023-03-27 14:55:00,Mobile,9.99
1019,263,processing,2023-06-04 00:40:00,Desktop,0.0
1020,1452,cancelled,2024-03-25 22:28:00,Mobile,5.99
1021,243,cancelled,2024-11-06 13:30:00,Mobile,9.99
1022,1981,completed,2023-11-24 08:25:00,Desktop,5.99
1023,2172,completed,2023-12-27 10:33:00,Mobile,0.0
1024,1765,completed,2024-07-28 00:09:00,Desktop,9.99
1025,669,completed,2023-11-29 16:00:00,Mobile,0.0
1026,1038,returned,2025-05-25 14:31:00,Mobile,9.99
1027,2425,completed,2024-05-24 13:01:00,Mobile,5.99
1028,1097,completed,2024-01-20 18:12:00,Mobile,5.99
1029,1,cancelled,2025-03-03 05:09:00,Mobile,0.0
1030,1087,processing,2025-02-19 19:21:00,Mobile,0.0
1031,622,completed,2024-01-08 03:52:00,Mobile,5.99
1032,1592,completed,2024-04-02 21:08:00,Mobile,0.0
1033,737,processing,2025-02-08 21:01:00,Desktop,0.0
1034,163,completed,2023-12-31 12:50:00,Mobile,14.99
1035,826,cancelled,2024-08-29 05:29:00,Mobile,5.99
1036,2175,completed,2025-02-19 00:20:00,Desktop,0.0
1037,1691,completed,2024-03-21 17:14:00,Desktop,0.0
1038,1184,completed,2024-06-23 15:14:00,Desktop,0.0
1039,1378,processing,2024-10-07 08:41:00,Mobile,0.0
1040,759,completed,2025-02-05 14:41:00,Mobile,0.0
1041,1267,completed,2024-08-08 05:20:00,Desktop,0.0
1042,2020,completed,2025-09-09 03:23:00,Mobile,9.99
1043,315,processing,2024-08-22 08:53:00,Mobile,9.99
1044,2366,completed,2025-08-14 04:16:00,Desktop,9.99
1045,1098,processing,2025-01-07 05:12:00,Tablet,5.99
1046,1842,cancelled,2023-10-07 05:54:00,Mobile,5.99
1047,2477,returned,2024-10-30 15:06:00,Mobile,0.0
1048,2117,completed,2024-02-13 00:20:00,Mobile,5.99
1049,2056,completed,2023-11-25 03:12:00,Mobile,0.0
1050,1184,completed,2025-01-17 10:47:00,Desktop,5.99
1051,674,returned,2025-01-15 03:47:00,Mobile,5.99
1052,289,cancelled,2024-07-19 22:33:00,Mobile,14.99
1053,630,completed,2024-11-25 11:26:00,Mobile,0.0
1054,2424,returned,2023-07-17 12:45:00,Desktop,5.99
1055,1332,processing,2025-04-04 23:27:00,Desktop,0.0
1056,2491,completed,2023-04-20 17:49:00,Mobile,0.0
1057,1202,processing,2023-08-02 06:39:00,Mobile,0.0
1058,1824,completed,2024-12-07 21:00:00,Mobile,0.0
1059,749,cancelled,2023-10-02 01:01:00,Desktop,0.0
1060,1792,completed,2025-04-26 06:47:00,Mobile,0.0
1061,954,cancelled,2023-11-21 20:22:00,Mobile,0.0
1062,524,completed,2025-01-20 13:44:00,Tablet,5.99
1063,1401,cancelled,2024-07-12 09:58:00,Mobile,5.99
1064,938,processing,2023-12-09 21:44:00,Desktop,5.99
1065,640,completed,2025-05-17 11:44:00,Desktop,0.0
1066,1412,completed,2024-02-18 04:16:00,Mobile,14.99
1067,52,completed,2025-01-09 07:42:00,Mobile,14.99
1068,721,returned,2023-03-13 11:56:00,Mobile,0.0
1069,752,cancelled,2025-06-13 18:41:00,Mobile,9.99
1070,434,completed,2025-06-17 13:34:00,Mobile,0.0
1071,751,completed,2024-10-06 20:12:00,Desktop,0.0
1072,338,completed,2025-02-14 22:58:00,Desktop,0.0
1073,1018,processing,2023-08-29 11:39:00,Mobile,5.99
1074,160,completed,2025-02-25 05:54:00,Mobile,5.99
1075,957,completed,2024-06-14 22:17:00,Desktop,0.0
1076,947,returned,2024-06-10 15:07:00,Desktop,5.99
1077,410,completed,2024-09-15 13:41:00,Tablet,0.0
1078,1406,returned,2024-05-06 09:00:00,Mobile,0.0
1079,985,completed,2023-10-07 08:11:00,Mobile,0.0
1080,237,returned,2024-02-10 12:07:00,Mobile,0.0
1081,44,returned,2024-04-08 02:37:00,Mobile,0.0
1082,1112,returned,2023-12-28 08:31:00,Mobile,5.99
1083,2492,completed,2023-07-18 12:11:00,Desktop,5.99
1084,1389,cancelled,2023-08-29 18:11:00,Mobile,5.99
1085,1678,completed,2024-09-28 19:50:00,Mobile,0.0
1086,667,completed,2024-02-28 07:04:00,Desktop,0.0
1087,177,cancelled,2024-09-17 04:59:00,Desktop,9.99
1088,679,completed,2025-06-03 14:29:00,Desktop,0.0
1089,1054,completed,2023-08-07 10:53:00,Desktop,0.0
1090,519,returned,2024-06-19 04:39:00,Mobile,5.99
1091,1754,processing,2025-08-16 04:08:00,Desktop,9.99
1092,1915,processing,2024-01-08 16:19:00,Mobile,0.0
1093,1044,cancelled,2024-07-20 19:19:00,Desktop,0.0
1094,1841,completed,2023-02-28 16:21:00,Mobile,9.99
1095,1442,completed,2025-04-13 05:58:00,Mobile,0.0
1096,1791,completed,2024-06-07 12:20:00,Desktop,14.99
1097,509,cancelled,2024-06-16 09:50:00,Mobile,14.99
1098,2056,cancelled,2023-09-22 23:12:00,Mobile,0.0
1099,2091,processing,2024-02-02 07:44:00,Mobile,5.99
1100,2197,cancelled,2024-06-01 18:43:00,Mobile,0.0
1101,2366,completed,2025-06-22 11:14:00,Desktop,5.99
1102,2498,returned,2024-09-14 09:31:00,Mobile,0.0
1103,2344,returned,2024-11-15 10:37:00,Desktop,0.0
1104,1055,completed,2024-04-20 08:16:00,Tablet,0.0
1105,2227,completed,2024-05-24 13:24:00,Desktop,5.99
1106,1844,cancelled,2024-12-27 13:09:00,Desktop,9.99
1107,2153,completed,2023-01-29 06:24:00,Desktop,0.0
1108,2404,returned,2024-08-04 03:18:00,Mobile,0.0
1109,1465,completed,2024-08-28 19:13:00,Mobile,9.99
1110,768,completed,2023-03-10 00:10:00,Mobile,5.99
1111,1164,completed,2024-12-16 07:45:00,Desktop,0.0
1112,1581,returned,2025-06-22 17:46:00,Desktop,5.99
1113,1902,returned,2024-08-08 02:04:00,Mobile,5.99
1114,2124,completed,2024-12-30 12:21:00,Mobile,5.99
1115,320,completed,2025-04-25 00:07:00,Desktop,5.99
1116,2068,completed,2025-03-06 12:11:00,Mobile,0.0
1117,1319,processing,2025-10-08 09:41:00,Mobile,5.99
1118,350,returned,2023-05-29 11:10:00,Desktop,9.99
1119,1624,completed,2025-07-01 03:18:00,Mobile,14.99
1120,369,completed,2024-02-03 19:40:00,Mobile,9.99
1121,540,completed,2025-04-28 20:23:00,Mobile,0.0
1122,1803,completed,2023-04-23 15:09:00,Desktop,0.0
1123,556,processing,2023-11-21 23:57:00,Mobile,0.0
1124,1810,completed,2023-06-27 13:19:00,Mobile,9.99
1125,107,cancelled,2023-10-19 12:58:00,Mobile,9.99
1126,670,completed,2024-12-16 20:53:00,Mobile,9.99
1127,819,completed,2023-10-23 22:56:00,Desktop,0.0
1128,2470,completed,2025-04-20 14:25:00,Desktop,0.0
1129,656,completed,2025-10-26 05:42:00,Desktop,0.0
1130,912,processing,2023-12-31 13:48:00,Desktop,9.99
1131,1757,returned,2023-10-19 14:38:00,Desktop,14.99
1132,396,completed,2024-09-10 18:11:00,Mobile,9.99
1133,2069,processing,2024-10-09 07:43:00,Mobile,0.0
1134,1190,processing,2024-05-09 14:43:00,Mobile,0.0
1135,2357,returned,2025-01-10 03:50:00,Mobile,5.99
1136,2308,processing,2024-10-15 20:17:00,Mobile,0.0
1137,620,completed,2023-03-14 22:56:00,Mobile,0.0
1138,263,returned,2023-12-05 16:50:00,Mobile,5.99
1139,823,completed,2024-11-05 14:23:00,Mobile,0.0
1140,1471,cancelled,2024-11-16 20:55:00,Mobile,0.0
1141,1742,completed,2024-01-27 23:48:00,Mobile,5.99
1142,1992,processing,2025-05-24 17:15:00,Desktop,0.0
1143,225,completed,2025-06-23 04:33:00,Desktop,9.99
1144,1396,processing,2024-11-18 13:07:00,Mobile,5.99
1145,322,completed,2024-06-29 02:45:00,Mobile,0.0
1146,133,completed,2024-10-10 17:44:00,Mobile,9.99
1147,1919,processing,2024-06-06 13:07:00,Mobile,0.0
1148,2366,completed,2025-06-03 20:17:00,Mobile,0.0
1149,2058,returned,2025-05-13 17:40:00,Desktop,0.0
1150,663,completed,2025-03-16 03:31:00,Mobile,0.0
1151,2481,processing,2023-06-27 23:26:00,Mobile,9.99
1152,2498,processing,2025-03-11 15:56:00,Mobile,0.0
1153,1368,returned,2023-10-25 07:58:00,Mobile,5.99
1154,1344,completed,2024-12-20 12:45:00,Mobile,9.99
1155,1061,processing,2024-04-22 07:41:00,Desktop,9.99
1156,1127,returned,2024-05-02 04:15:00,Desktop,0.0
1157,1873,completed,2023-10-26 08:33:00,Mobile,5.99
1158,1826,cancelled,2024-05-27 20:33:00,Mobile,5.99
1159,1974,completed,2023-05-05 09:12:00,Mobile,9.99
1160,1421,completed,2023-12-22 16:08:00,Desktop,0.0
1161,960,processing,2025-08-10 23:21:00,Desktop,0.0
1162,2055,cancelled,2023-06-13 16:42:00,Mobile,0.0
1163,1843,returned,2024-05-20 17:35:00,Mobile,0.0
1164,535,completed,2025-06-05 22:38:00,Desktop,9.99
1165,1741,completed,2023-03-17 21:28:00,Mobile,9.99
1166,2037,cancelled,2023-11-27 21:41:00,Mobile,9.99
1167,563,completed,2023-10-01 20:18:00,Desktop,5.99
1168,1611,returned,2025-01-12 19:48:00,Desktop,0.0
1169,1820,completed,2025-06-29 01:16:00,Desktop,0.0
1170,1648,completed,2025-01-03 12:43:00,Desktop,0.0
1171,2120,returned,2025-06-10 11:46:00,Desktop,0.0
1172,2484,completed,2024-11-15 17:14:00,Desktop,5.99
1173,597,completed,2023-05-08 01:35:00,Tablet,5.99
1174,1412,completed,2023-10-02 09:36:00,Mobile,0.0
1175,2409,completed,2025-03-10 14:12:00,Desktop,0.0
1176,1016,completed,2025-04-16 16:48:00,Mobile,5.99
1177,2461,cancelled,2023-05-19 02:21:00,Mobile,5.99
1178,847,returned,2024-06-06 02:09:00,Desktop,5.99
1179,2284,processing,2023-11-05 12:37:00,Desktop,0.0
1180,831,completed,2025-03-16 22:21:00,Mobile,5.99
1181,691,completed,2023-10-02 03:19:00,Mobile,0.0
1182,398,completed,2024-10-26 23:50:00,Desktop,0.0
1183,18,completed,2023-07-17 14:51:00,Mobile,5.99
1184,2055,returned,2023-07-25 15:48:00,Mobile,0.0
1185,1506,completed,2025-02-07 12:09:00,Mobile,0.0
1186,2367,completed,2023-08-28 09:58:00,Tablet,9.99
1187,2450,completed,2024-09-03 08:08:00,Desktop,0.0
1188,1775,completed,2024-11-30 20:32:00,Mobile,0.0
1189,2345,completed,2024-11-19 10:04:00,Mobile,5.99
1190,373,completed,2024-04-17 20:05:00,Tablet,14.99
1191,347,completed,2024-02-27 19:04:00,Mobile,0.0
1192,1726,completed,2023-03-01 00:03:00,Mobile,0.0
1193,142,cancelled,2023-08-09 23:27:00,Tablet,0.0
1194,2457,returned,2023-08-25 13:43:00,Desktop,0.0
1195,641,completed,2024-09-02 10:44:00,Mobile,5.99
1196,345,completed,2024-06-27 05:45:00,Mobile,5.99
1197,318,completed,2024-02-26 17:01:00,Desktop,9.99
1198,241,cancelled,2025-05-19 00:14:00,Mobile,0.0
1199,112,completed,2023-11-17 03:07:00,Mobile,5.99
1200,1492,processing,2023-06-16 05:14:00,Tablet,0.0
1201,1407,returned,2024-01-12 02:00:00,Mobile,14.99
1202,976,cancelled,2025-03-03 13:06:00,Mobile,5.99
1203,2066,processing,2023-09-19 21:00:00,Mobile,0.0
1204,57,completed,2025-02-20 14:43:00,Mobile,5.99
1205,285,completed,2024-12-26 08:21:00,Mobile,0.0
1206,94,completed,2024-12-05 00:11:00,Mobile,0.0
1207,2176,returned,2023-06-04 03:41:00,Mobile,0.0
1208,1118,cancelled,2024-02-24 09:48:00,Mobile,0.0
1209,2034,completed,2025-12-08 09:59:00,Mobile,5.99
1210,1367,completed,2025-02-26 01:41:00,Mobile,0.0
1211,1037,cancelled,2024-04-13 20:55:00,Desktop,5.99
1212,147,cancelled,2024-11-10 10:52:00,Desktop,0.0
1213,2270,completed,2024-06-21 10:12:00,Desktop,0.0
1214,512,completed,2025-03-13 10:56:00,Desktop,0.0
1215,2338,completed,2024-06-17 23:40:00,Desktop,0.0
1216,1746,returned,2024-12-23 19:09:00,Mobile,9.99
1217,1022,cancelled,2024-08-14 07:46:00,Mobile,0.0
1218,2259,processing,2024-11-14 18:09:00,Mobile,0.0
1219,1557,completed,2025-03-06 03:31:00,Desktop,0.0
1220,1535,completed,2024-08-18 16:09:00,Mobile,0.0
1221,2160,completed,2024-01-08 04:21:00,Mobile,0.0
1222,1397,returned,2024-07-18 13:08:00,Mobile,0.0
1223,2089,completed,2023-11-28 18:46:00,Desktop,14.99
1224,2206,cancelled,2025-03-26 14:30:00,Mobile,5.99
1225,176,completed,2025-02-28 00:36:00,Desktop,5.99
1226,966,completed,2024-09-20 04:25:00,Mobile,5.99
1227,171,processing,2024-09-15 05:29:00,Tablet,5.99
1228,165,completed,2024-02-12 01:26:00,Desktop,5.99
1229,1517,completed,2025-03-04 06:54:00,Desktop,0.0
1230,1612,completed,2025-12-17 05:42:00,Mobile,5.99
1231,2029,completed,2024-06-12 15:46:00,Desktop,5.99
1232,730,cancelled,2024-08-09 10:48:00,Desktop,0.0
1233,1331,completed,2025-06-07 16:41:00,Mobile,5.99
1234,1298,returned,2024-09-02 17:03:00,Desktop,0.0
1235,372,completed,2023-08-28 09:39:00,Mobile,0.0
1236,1100,cancelled,2024-01-30 13:14:00,Mobile,0.0
1237,322,returned,2023-12-26 11:48:00,Tablet,5.99
1238,99,completed,2024-01-12 09:41:00,Mobile,5.99
1239,935,completed,2024-04-19 18:00:00,Mobile,5.99
1240,1258,completed,2025-07-24 19:18:00,Mobile,0.0
1241,1373,completed,2024-01-05 05:05:00,Desktop,5.99
1242,159,returned,2024-05-15 04:44:00,Desktop,9.99
1243,2052,returned,2024-08-26 23:09:00,Mobile,0.0
1244,109,completed,2024-03-02 03:25:00,Mobile,0.0
1245,1295,cancelled,2023-10-24 17:21:00,Mobile,0.0
1246,168,returned,2025-01-18 22:19:00,Mobile,0.0
1247,1846,completed,2025-02-11 17:39:00,Desktop,5.99
1248,1967,completed,2025-05-28 02:48:00,Desktop,0.0
1249,693,completed,2024-05-16 08:15:00,Desktop,5.99
1250,1723,completed,2025-03-03 00:55:00,Mobile,9.99
1251,930,cancelled,2024-02-08 13:01:00,Mobile,0.0
1252,1567,completed,2024-06-26 00:14:00,Mobile,0.0
1253,326,completed,2024-02-07 01:15:00,Mobile,0.0
1254,818,cancelled,2023-07-16 08:00:00,Mobile,0.0
1255,1894,processing,2023-11-04 11:51:00,Desktop,9.99
1256,37,completed,2024-11-14 12:05:00,Mobile,9.99
1257,1609,completed,2024-03-14 00:22:00,Desktop,5.99
1258,1479,processing,2024-11-19 15:46:00,Desktop,0.0
1259,158,completed,2024-06-10 06:58:00,Desktop,0.0
1260,1281,completed,2024-12-31 23:39:00,Desktop,0.0
1261,2407,cancelled,2024-05-20 19:19:00,Mobile,5.99
1262,693,completed,2024-06-25 18:56:00,Mobile,9.99
1263,2190,completed,2025-01-11 00:32:00,Mobile,0.0
1264,2019,completed,2023-10-24 16:05:00,Desktop,0.0
1265,818,returned,2023-11-08 14:47:00,Desktop,0.0
1266,240,processing,2024-02-22 21:10:00,Mobile,5.99
1267,1232,cancelled,2024-09-01 22:06:00,Mobile,0.0
1268,402,completed,2024-09-14 07:15:00,Mobile,9.99
1269,447,returned,2023-10-24 06:13:00,Mobile,0.0
1270,1364,processing,2024-12-01 14:01:00,Mobile,0.0
1271,2124,completed,2024-11-17 03:32:00,Tablet,9.99
1272,21,returned,2024-06-16 13:45:00,Desktop,5.99
1273,565,returned,2024-01-31 15:20:00,Mobile,5.99
1274,2147,returned,2023-06-05 22:10:00,Desktop,5.99
1275,920,processing,2023-08-03 01:10:00,Desktop,0.0
1276,1116,processing,2025-08-08 15:09:00,Desktop,0.0
1277,1964,cancelled,2025-05-05 15:12:00,Mobile,0.0
1278,2265,completed,2023-12-16 18:03:00,Mobile,5.99
1279,2439,completed,2025-06-07 09:45:00,Mobile,0.0
1280,933,completed,2023-11-27 12:58:00,Mobile,5.99
1281,611,completed,2024-03-28 11:48:00,Mobile,0.0
1282,2378,returned,2023-09-04 15:46:00,Desktop,14.99
1283,1396,processing,2024-08-08 03:32:00,Desktop,0.0
1284,127,cancelled,2024-12-08 16:19:00,Mobile,9.99
1285,400,completed,2025-02-10 03:42:00,Mobile,5.99
1286,694,cancelled,2024-12-24 22:25:00,Mobile,9.99
1287,1009,returned,2024-01-14 03:06:00,Mobile,0.0
1288,239,processing,2024-08-27 13:33:00,Mobile,0.0
1289,270,completed,2024-02-18 18:44:00,Desktop,0.0
1290,825,processing,2024-10-04 13:11:00,Desktop,5.99
1291,271,completed,2024-09-03 01:14:00,Mobile,5.99
1292,595,completed,2024-07-31 12:20:00,Mobile,5.99
1293,2263,returned,2023-06-14 22:21:00,Desktop,9.99
1294,154,returned,2024-04-23 17:46:00,Mobile,0.0
1295,2490,completed,2024-07-25 10:09:00,Mobile,0.0
1296,948,cancelled,2024-08-31 11:51:00,Mobile,5.99
1297,2125,completed,2024-07-08 00:53:00,Desktop,9.99
1298,1635,completed,2024-11-08 02:37:00,Mobile,0.0
1299,226,completed,2023-10-25 23:10:00,Mobile,5.99
1300,1065,completed,2025-01-28 16:24:00,Mobile,14.99
1301,765,completed,2024-07-05 22:55:00,Desktop,0.0
1302,1319,cancelled,2025-08-24 09:23:00,Tablet,14.99
1303,600,completed,2025-02-08 07:27:00,Mobile,5.99
1304,343,returned,2025-06-25 13:21:00,Mobile,0.0
1305,1131,processing,2023-11-21 10:54:00,Mobile,0.0
1306,1133,returned,2024-11-09 06:54:00,Mobile,5.99
1307,1954,completed,2024-02-28 22:36:00,Desktop,0.0
1308,2418,completed,2024-07-06 15:16:00,Mobile,9.99
1309,1309,completed,2025-02-10 04:06:00,Mobile,5.99
1310,1940,completed,2025-01-22 21:01:00,Desktop,9.99
1311,1160,completed,2024-04-09 07:13:00,Desktop,5.99
1312,1833,completed,2025-04-16 00:43:00,Tablet,9.99
1313,319,processing,2025-11-12 07:07:00,Mobile,0.0
1314,2041,processing,2023-08-22 20:04:00,Mobile,5.99
1315,698,returned,2025-07-01 18:03:00,Desktop,9.99
1316,1862,completed,2024-07-06 23:59:00,Mobile,5.99
1317,2136,completed,2024-06-17 09:36:00,Mobile,5.99
1318,4,completed,2023-02-22 00:05:00,Desktop,5.99
1319,1300,completed,2023-11-16 14:29:00,Mobile,9.99
1320,2002,returned,2025-04-25 04:20:00,Tablet,0.0
1321,2000,returned,2024-12-22 09:51:00,Tablet,0.0
1322,1053,completed,2025-02-17 20:49:00,Desktop,0.0
1323,584,completed,2025-02-18 07:03:00,Mobile,9.99
1324,1661,returned,2024-03-05 23:56:00,Mobile,5.99
1325,655,completed,2025-05-06 11:10:00,Desktop,9.99
1326,880,completed,2024-12-09 20:10:00,Desktop,5.99
1327,525,processing,2024-02-25 20:56:00,Desktop,5.99
1328,253,completed,2023-08-07 01:10:00,Desktop,5.99
1329,2372,completed,2023-11-18 11:56:00,Desktop,9.99
1330,1635,completed,2024-05-18 03:24:00,Mobile,0.0
1331,500,completed,2025-01-10 17:01:00,Mobile,0.0
1332,818,completed,2024-04-06 15:22:00,Mobile,0.0
1333,111,processing,2024-03-15 16:25:00,Mobile,9.99
1334,179,completed,2024-10-11 04:54:00,Mobile,5.99
1335,921,returned,2023-07-16 08:15:00,Mobile,5.99
1336,1503,processing,2023-07-03 10:22:00,Desktop,14.99
1337,675,cancelled,2025-04-29 01:39:00,Mobile,5.99
1338,1291,returned,2023-07-30 13:13:00,Mobile,9.99
1339,2469,cancelled,2025-09-07 22:23:00,Mobile,14.99
1340,2375,completed,2024-11-14 11:17:00,Mobile,5.99
1341,2224,completed,2023-06-03 08:45:00,Mobile,0.0
1342,2206,processing,2024-09-26 00:51:00,Mobile,5.99
1343,1817,completed,2025-01-12 02:53:00,Mobile,9.99
1344,2387,completed,2025-05-24 08:44:00,Tablet,0.0
1345,1035,completed,2025-04-21 05:24:00,Mobile,0.0
1346,1114,returned,2024-08-19 02:48:00,Mobile,0.0
1347,1863,processing,2025-03-01 05:42:00,Mobile,5.99
1348,2063,completed,2025-02-18 09:03:00,Mobile,0.0
1349,332,completed,2024-01-29 18:23:00,Desktop,0.0
1350,1233,cancelled,2023-10-17 11:36:00,Mobile,5.99
1351,217,completed,2023-12-31 01:26:00,Mobile,0.0
1352,2314,completed,2024-04-27 20:36:00,Mobile,0.0
1353,1566,processing,2025-03-27 13:48:00,Desktop,0.0
1354,1768,completed,2024-09-25 14:33:00,Desktop,5.99
1355,2349,returned,2025-03-30 04:05:00,Desktop,5.99
1356,2389,completed,2025-02-10 20:33:00,Mobile,9.99
1357,1420,cancelled,2023-06-03 14:32:00,Mobile,5.99
1358,2266,completed,2023-03-28 15:59:00,Mobile,5.99
1359,2162,completed,2024-11-27 04:38:00,Mobile,5.99
1360,406,completed,2024-10-06 23:13:00,Mobile,0.0
1361,1603,returned,2024-04-19 20:16:00,Mobile,0.0
1362,872,completed,2024-04-03 11:06:00,Mobile,0.0
1363,999,returned,2025-06-12 14:59:00,Desktop,9.99
1364,858,completed,2025-04-15 20:52:00,Desktop,14.99
1365,228,returned,2024-01-27 10:08:00,Mobile,5.99
1366,2392,completed,2024-12-22 07:08:00,Mobile,0.0
1367,326,completed,2024-05-22 18:49:00,Tablet,5.99
1368,1330,returned,2024-06-03 03:57:00,Mobile,0.0
1369,1388,processing,2024-06-05 12:01:00,Mobile,5.99
1370,446,completed,2025-03-09 00:54:00,Mobile,14.99
1371,2124,completed,2024-09-06 23:20:00,Mobile,5.99
1372,800,returned,2024-11-24 06:02:00,Mobile,0.0
1373,837,completed,2024-08-17 00:04:00,Mobile,0.0
1374,217,completed,2023-10-17 22:47:00,Mobile,5.99
1375,637,cancelled,2025-12-20 14:19:00,Mobile,5.99
1376,397,processing,2024-02-06 11:36:00,Mobile,9.99
1377,967,processing,2023-11-17 00:56:00,Desktop,5.99
1378,221,processing,2023-12-22 11:53:00,Desktop,5.99
1379,296,completed,2025-02-18 07:35:00,Mobile,5.99
1380,737,completed,2025-03-10 05:35:00,Desktop,9.99
1381,1424,completed,2024-06-06 02:32:00,Desktop,0.0
1382,2045,completed,2024-01-15 16:15:00,Tablet,9.99
1383,836,completed,2024-12-28 10:47:00,Desktop,0.0
1384,808,completed,2025-01-05 04:19:00,Mobile,5.99
1385,1813,completed,2024-02-24 21:24:00,Tablet,5.99
1386,1580,completed,2025-03-01 18:32:00,Mobile,9.99
1387,226,completed,2024-04-21 05:50:00,Mobile,5.99
1388,1064,returned,2024-03-01 11:18:00,Mobile,0.0
1389,1489,completed,2023-11-15 05:04:00,Mobile,5.99
1390,233,returned,2025-02-02 17:06:00,Mobile,0.0
1391,265,cancelled,2023-05-22 04:22:00,Mobile,5.99
1392,2290,processing,2025-03-31 11:53:00,Tablet,14.99
1393,638,processing,2025-02-14 21:06:00,Mobile,5.99
1394,1097,cancelled,2023-10-22 15:34:00,Mobile,5.99
1395,2263,completed,2023-08-28 19:34:00,Mobile,5.99
1396,2156,completed,2024-08-01 17:28:00,Mobile,0.0
1397,74,completed,2023-04-20 17:38:00,Mobile,0.0
1398,2024,processing,2023-11-09 19:12:00,Tablet,5.99
1399,493,completed,2024-03-05 08:59:00,Desktop,0.0
1400,1169,completed,2024-08-20 04:25:00,Tablet,5.99
1401,835,completed,2023-11-30 10:13:00,Mobile,5.99
1402,2339,completed,2024-10-13 22:35:00,Mobile,5.99
1403,634,completed,2023-07-30 13:24:00,Desktop,9.99
1404,538,completed,2024-08-03 04:53:00,Desktop,9.99
1405,2025,cancelled,2025-03-21 00:32:00,Mobile,5.99
1406,1889,cancelled,2023-10-08 13:16:00,Mobile,0.0
1407,1201,processing,2025-04-20 06:26:00,Mobile,0.0
1408,1445,completed,2025-02-05 14:45:00,Desktop,5.99
1409,889,returned,2024-07-06 17:11:00,Mobile,9.99
1410,182,completed,2025-03-22 06:03:00,Mobile,5.99
1411,799,completed,2024-07-28 06:39:00,Mobile,5.99
1412,1716,returned,2023-10-22 16:09:00,Desktop,5.99
1413,1436,completed,2024-08-15 16:57:00,Desktop,0.0
1414,13,completed,2023-11-27 14:46:00,Desktop,0.0
1415,2347,completed,2024-04-10 16:57:00,Desktop,5.99
1416,1733,completed,2024-03-26 01:08:00,Desktop,0.0
1417,2440,processing,2023-10-11 08:35:00,Mobile,5.99
1418,1429,completed,2025-09-01 13:51:00,Mobile,9.99
1419,1055,returned,2024-03-19 17:09:00,Mobile,0.0
1420,1288,completed,2024-08-12 22:56:00,Mobile,0.0
1421,2420,cancelled,2025-08-13 13:39:00,Tablet,9.99
1422,1944,returned,2025-10-24 09:34:00,Desktop,0.0
1423,390,cancelled,2025-08-16 07:56:00,Desktop,0.0
1424,1333,returned,2024-04-05 18:00:00,Desktop,0.0
1425,1419,completed,2024-03-12 02:30:00,Desktop,0.0
1426,1676,completed,2024-11-12 00:36:00,Mobile,0.0
1427,160,completed,2025-08-06 13:06:00,Mobile,5.99
1428,1834,completed,2024-08-22 03:26:00,Mobile,14.99
1429,2123,processing,2024-10-30 14:35:00,Tablet,0.0
1430,1624,completed,2025-01-11 06:52:00,Desktop,5.99
1431,444,cancelled,2024-04-12 09:09:00,Mobile,5.99
1432,2017,processing,2024-05-17 01:29:00,Desktop,0.0
1433,972,processing,2024-02-15 20:59:00,Mobile,5.99
1434,1595,completed,2023-06-21 09:59:00,Desktop,0.0
1435,136,returned,2023-04-29 13:43:00,Mobile,0.0
1436,1782,returned,2024-04-07 01:20:00,Desktop,0.0
1437,2013,completed,2024-01-25 04:20:00,Mobile,5.99
1438,817,completed,2025-05-20 18:54:00,Desktop,5.99
1439,2440,completed,2024-01-20 14:16:00,Mobile,5.99
1440,439,completed,2024-03-13 07:08:00,Mobile,5.99
1441,1657,completed,2025-08-14 17:12:00,Desktop,5.99
1442,12,processing,2024-07-10 01:29:00,Desktop,5.99
1443,2040,completed,2024-09-23 21:12:00,Mobile,0.0
1444,2029,returned,2024-11-10 00:37:00,Mobile,0.0
1445,854,completed,2024-01-06 07:43:00,Desktop,0.0
1446,2374,returned,2024-07-18 11:31:00,Mobile,5.99
1447,1439,processing,2023-12-05 13:13:00,Desktop,9.99
1448,2481,completed,2023-09-11 16:01:00,Mobile,5.99
1449,140,completed,2023-03-13 09:39:00,Desktop,5.99
1450,1117,cancelled,2024-03-23 15:29:00,Mobile,5.99
1451,562,completed,2025-03-08 04:00:00,Mobile,9.99
1452,657,completed,2025-03-11 18:34:00,Desktop,5.99
1453,1614,completed,2024-01-25 06:32:00,Desktop,0.0
1454,1906,cancelled,2024-06-02 22:44:00,Tablet,5.99
1455,1151,cancelled,2025-03-07 10:26:00,Desktop,5.99
1456,936,processing,2023-10-21 02:22:00,Mobile,0.0
1457,1333,completed,2024-10-23 20:25:00,Desktop,5.99
1458,999,completed,2025-06-27 17:00:00,Mobile,0.0
1459,870,completed,2024-05-31 22:17:00,Mobile,0.0
1460,1851,completed,2024-07-27 08:42:00,Mobile,0.0
1461,2127,processing,2024-12-22 09:17:00,Desktop,5.99
1462,902,cancelled,2024-02-03 19:49:00,Desktop,0.0
1463,6,returned,2025-09-17 19:49:00,Desktop,5.99
1464,1340,completed,2025-01-28 13:48:00,Mobile,0.0
1465,2420,completed,2025-06-23 10:10:00,Desktop,0.0
1466,1912,completed,2025-04-06 01:51:00,Tablet,5.99
1467,209,cancelled,2024-03-28 06:18:00,Desktop,5.99
1468,1957,processing,2025-01-05 11:04:00,Mobile,0.0
1469,2298,completed,2024-12-12 01:22:00,Mobile,5.99
1470,706,completed,2024-05-03 20:53:00,Tablet,0.0
1471,340,completed,2025-04-25 17:49:00,Desktop,0.0
1472,1662,completed,2024-07-28 18:03:00,Desktop,0.0
1473,543,processing,2024-08-24 23:37:00,Mobile,0.0
1474,1177,completed,2023-06-05 01:32:00,Desktop,0.0
1475,1208,cancelled,2024-06-04 06:04:00,Mobile,14.99
1476,1055,returned,2023-08-05 02:03:00,Desktop,0.0
1477,1480,completed,2024-09-30 03:31:00,Tablet,5.99
1478,915,processing,2024-04-13 14:25:00,Mobile,5.99
1479,742,cancelled,2025-04-07 16:02:00,Mobile,0.0
1480,1431,processing,2025-05-11 15:02:00,Mobile,5.99
1481,723,completed,2024-05-05 01:13:00,Mobile,0.0
1482,164,processing,2023-04-01 16:34:00,Mobile,0.0
1483,1876,completed,2024-09-24 17:16:00,Desktop,0.0
1484,151,completed,2024-04-03 22:50:00,Mobile,9.99
1485,1042,completed,2024-09-29 16:04:00,Desktop,5.99
1486,2409,completed,2024-11-29 02:53:00,Mobile,5.99
1487,444,returned,2023-12-06 07:35:00,Mobile,5.99
1488,626,completed,2024-07-14 02:36:00,Desktop,0.0
1489,756,processing,2024-05-09 15:01:00,Desktop,0.0
1490,2144,completed,2023-10-13 08:26:00,Mobile,0.0
1491,1979,completed,2024-11-16 10:06:00,Mobile,0.0
1492,1820,cancelled,2025-03-01 22:10:00,Desktop,0.0
1493,1685,completed,2025-11-11 13:40:00,Desktop,14.99
1494,581,completed,2025-01-27 14:36:00,Desktop,14.99
1495,1212,completed,2024-04-13 21:40:00,Mobile,14.99
1496,1444,cancelled,2023-08-22 17:06:00,Mobile,0.0
1497,576,completed,2024-06-12 17:26:00,Desktop,0.0
1498,1550,completed,2024-03-30 03:58:00,Mobile,0.0
1499,331,returned,2023-11-20 00:32:00,Mobile,14.99
1500,1484,returned,2024-09-18 19:36:00,Mobile,0.0
1501,2343,completed,2025-08-01 20:54:00,Desktop,9.99
1502,1927,cancelled,2024-03-04 04:53:00,Desktop,0.0
1503,1345,completed,2024-04-27 09:31:00,Desktop,5.99
1504,320,completed,2025-10-11 05:45:00,Mobile,0.0
1505,281,completed,2024-03-22 16:13:00,Desktop,5.99
1506,109,completed,2023-09-09 08:25:00,Mobile,14.99
1507,1821,cancelled,2024-02-17 22:45:00,Mobile,5.99
1508,1439,processing,2024-08-28 09:36:00,Desktop,5.99
1509,1624,returned,2025-02-22 17:57:00,Desktop,0.0
1510,222,completed,2025-01-17 22:44:00,Mobile,0.0
1511,2203,completed,2024-12-16 16:43:00,Desktop,0.0
1512,1349,processing,2023-11-05 06:45:00,Desktop,5.99
1513,2205,completed,2023-09-04 15:26:00,Desktop,0.0
1514,1123,completed,2025-09-30 13:35:00,Mobile,0.0
1515,1948,returned,2024-03-12 01:08:00,Mobile,0.0
1516,1201,completed,2025-03-07 23:10:00,Desktop,5.99
1517,2067,completed,2024-06-11 02:07:00,Desktop,0.0
1518,1231,returned,2023-10-28 04:01:00,Desktop,9.99
1519,2135,completed,2024-10-03 21:35:00,Mobile,0.0
1520,1889,returned,2023-10-01 05:40:00,Mobile,0.0
1521,1450,completed,2024-11-22 22:04:00,Mobile,0.0
1522,2117,cancelled,2024-08-17 04:34:00,Desktop,0.0
1523,492,cancelled,2023-08-21 05:29:00,Mobile,5.99
1524,1718,completed,2023-03-29 23:39:00,Mobile,0.0
1525,2153,completed,2023-09-13 04:02:00,Mobile,0.0
1526,1922,processing,2024-03-15 21:06:00,Mobile,0.0
1527,982,completed,2024-08-08 04:17:00,Mobile,14.99
1528,746,completed,2024-10-23 01:21:00,Mobile,0.0
1529,639,returned,2025-01-02 04:33:00,Mobile,5.99
1530,740,completed,2023-11-17 06:01:00,Desktop,5.99
1531,1424,completed,2024-05-21 03:09:00,Mobile,9.99
1532,2411,completed,2024-02-23 06:19:00,Desktop,9.99
1533,1944,cancelled,2025-05-24 08:45:00,Desktop,5.99
1534,403,returned,2024-01-31 16:10:00,Mobile,0.0
1535,1982,completed,2025-01-23 21:57:00,Mobile,9.99
1536,472,processing,2023-09-12 04:28:00,Mobile,9.99
1537,1482,completed,2025-09-27 11:37:00,Tablet,0.0
1538,599,returned,2025-06-24 06:33:00,Mobile,5.99
1539,1083,returned,2023-07-30 10:33:00,Mobile,5.99
1540,2070,cancelled,2023-03-16 19:57:00,Mobile,5.99
1541,2141,returned,2024-12-08 19:22:00,Mobile,5.99
1542,875,completed,2023-05-08 05:07:00,Desktop,0.0
1543,2104,completed,2024-10-16 02:03:00,Mobile,5.99
1544,829,completed,2023-08-31 16:16:00,Desktop,9.99
1545,1689,cancelled,2023-12-28 11:32:00,Mobile,5.99
1546,1542,completed,2025-07-31 12:15:00,Desktop,0.0
1547,1722,completed,2024-07-31 06:38:00,Mobile,5.99
1548,77,returned,2023-11-24 13:06:00,Tablet,0.0
1549,1184,cancelled,2024-03-15 06:50:00,Mobile,0.0
1550,174,completed,2023-12-10 16:03:00,Mobile,0.0
1551,948,completed,2024-08-21 14:16:00,Mobile,5.99
1552,631,completed,2025-06-12 03:11:00,Mobile,5.99
1553,1952,completed,2023-03-11 12:02:00,Desktop,9.99
1554,1431,returned,2025-05-23 14:00:00,Mobile,0.0
1555,430,cancelled,2023-09-20 21:29:00,Desktop,0.0
1556,232,returned,2024-11-13 03:31:00,Mobile,0.0
1557,2234,cancelled,2023-03-17 02:44:00,Desktop,9.99
1558,1909,returned,2024-04-30 23:45:00,Mobile,5.99
1559,128,completed,2024-01-20 14:21:00,Mobile,9.99
1560,632,completed,2024-02-07 02:15:00,Mobile,0.0
1561,540,completed,2025-08-02 17:23:00,Mobile,9.99
1562,80,returned,2024-06-23 10:06:00,Mobile,5.99
1563,873,cancelled,2025-07-18 00:49:00,Desktop,0.0
1564,178,returned,2025-06-08 21:46:00,Desktop,14.99
1565,551,returned,2023-04-06 23:11:00,Desktop,0.0
1566,2319,cancelled,2023-03-30 06:45:00,Desktop,5.99
1567,1677,processing,2025-09-18 03:21:00,Mobile,0.0
1568,836,completed,2024-12-12 09:37:00,Desktop,5.99
1569,934,processing,2024-05-15 02:41:00,Mobile,5.99
1570,664,returned,2024-07-20 14:45:00,Mobile,5.99
1571,234,cancelled,2023-10-16 23:17:00,Desktop,5.99
1572,1051,completed,2024-05-24 06:28:00,Mobile,9.99
1573,231,processing,2023-11-12 17:55:00,Mobile,0.0
1574,470,completed,2024-07-10 04:05:00,Mobile,14.99
1575,593,cancelled,2024-03-11 01:31:00,Mobile,5.99
1576,2194,completed,2025-02-19 05:27:00,Mobile,5.99
1577,2057,completed,2023-09-18 09:18:00,Mobile,0.0
1578,1131,cancelled,2023-12-21 16:05:00,Desktop,9.99
1579,1167,processing,2023-07-31 11:05:00,Desktop,0.0
1580,885,completed,2024-04-04 02:00:00,Mobile,0.0
1581,1044,cancelled,2024-08-31 02:59:00,Mobile,5.99
1582,1016,completed,2025-06-04 19:11:00,Mobile,0.0
1583,486,completed,2025-02-27 09:50:00,Mobile,5.99
1584,1779,completed,2023-10-08 21:13:00,Desktop,5.99
1585,1259,processing,2025-01-20 20:15:00,Mobile,14.99
1586,2165,returned,2024-05-02 19:09:00,Desktop,0.0
1587,500,completed,2024-11-02 14:48:00,Mobile,14.99
1588,1033,completed,2024-02-07 01:24:00,Desktop,9.99
1589,1853,completed,2025-03-31 09:00:00,Mobile,0.0
1590,1510,completed,2025-02-06 12:44:00,Mobile,0.0
1591,229,completed,2023-02-28 21:12:00,Mobile,5.99
1592,847,processing,2024-01-19 00:24:00,Mobile,0.0
1593,1933,completed,2024-10-20 12:56:00,Mobile,14.99
1594,1332,cancelled,2024-12-19 23:26:00,Desktop,0.0
1595,705,cancelled,2025-02-12 21:30:00,Mobile,5.99
1596,580,processing,2024-11-30 10:44:00,Desktop,14.99
1597,1038,processing,2025-09-24 13:02:00,Desktop,0.0
1598,605,processing,2024-07-05 12:27:00,Mobile,0.0
1599,1217,completed,2023-02-07 06:33:00,Desktop,5.99
1600,1555,completed,2023-06-28 08:16:00,Mobile,5.99
1601,690,cancelled,2025-04-01 07:16:00,Desktop,5.99
1602,2306,cancelled,2023-09-18 17:40:00,Desktop,0.0
1603,1994,completed,2025-01-08 22:45:00,Desktop,5.99
1604,1356,completed,2024-04-22 13:47:00,Desktop,5.99
1605,212,completed,2024-06-04 16:26:00,Mobile,0.0
1606,2231,cancelled,2023-11-25 19:12:00,Desktop,5.99
1607,1141,completed,2025-03-04 14:16:00,Desktop,0.0
1608,39,completed,2025-03-15 18:38:00,Desktop,0.0
1609,1807,returned,2025-02-16 01:01:00,Mobile,0.0
1610,1692,completed,2025-02-24 07:08:00,Mobile,9.99
1611,1990,completed,2024-06-10 02:30:00,Mobile,9.99
1612,516,completed,2023-12-24 04:27:00,Desktop,0.0
1613,78,returned,2024-10-02 17:12:00,Mobile,5.99
1614,506,completed,2025-09-03 23:24:00,Tablet,0.0
1615,174,completed,2023-04-02 05:28:00,Mobile,0.0
1616,2107,completed,2023-10-12 03:49:00,Mobile,5.99
1617,680,completed,2024-03-11 13:44:00,Mobile,5.99
1618,2425,completed,2023-10-12 19:44:00,Mobile,5.99
1619,1065,processing,2025-01-06 20:15:00,Desktop,0.0
1620,2451,completed,2024-05-12 10:24:00,Mobile,5.99
1621,1752,processing,2023-07-10 00:20:00,Desktop,5.99
1622,1469,completed,2024-04-17 18:53:00,Mobile,5.99
1623,1984,completed,2024-08-06 23:48:00,Mobile,5.99
1624,822,completed,2025-09-11 19:33:00,Mobile,0.0
1625,2366,returned,2025-04-01 17:57:00,Desktop,5.99
1626,1374,completed,2024-01-16 11:41:00,Desktop,5.99
1627,899,completed,2024-10-28 20:27:00,Desktop,5.99
1628,10,completed,2024-09-03 20:46:00,Mobile,5.99
1629,259,completed,2023-06-07 23:43:00,Mobile,0.0
1630,841,completed,2023-06-03 05:50:00,Mobile,0.0
1631,874,completed,2025-04-18 16:06:00,Mobile,5.99
1632,2248,completed,2025-01-17 22:07:00,Mobile,0.0
1633,338,completed,2025-09-27 21:48:00,Desktop,0.0
1634,1191,cancelled,2024-06-03 21:44:00,Mobile,9.99
1635,816,completed,2024-04-11 02:38:00,Desktop,0.0
1636,37,processing,2024-11-07 08:03:00,Mobile,9.99
1637,2003,returned,2024-10-13 04:52:00,Mobile,5.99
1638,964,returned,2024-12-08 10:23:00,Tablet,0.0
1639,549,completed,2024-11-10 06:42:00,Mobile,0.0
1640,2063,completed,2025-11-20 17:20:00,Mobile,5.99
1641,2295,completed,2023-08-20 21:31:00,Mobile,0.0
1642,2487,processing,2024-09-22 13:16:00,Mobile,9.99
1643,752,cancelled,2025-01-07 16:37:00,Mobile,0.0
1644,1916,completed,2024-07-15 16:11:00,Tablet,0.0
1645,214,completed,2025-05-05 20:37:00,Mobile,14.99
1646,1017,completed,2023-12-12 04:31:00,Desktop,14.99
1647,1493,completed,2023-04-05 18:17:00,Desktop,0.0
1648,2085,completed,2024-11-26 07:40:00,Mobile,5.99
1649,2286,completed,2025-09-06 01:57:00,Mobile,5.99
1650,1061,cancelled,2024-12-31 22:31:00,Mobile,0.0
1651,1483,completed,2024-11-23 04:20:00,Desktop,0.0
1652,1051,cancelled,2024-10-19 12:19:00,Mobile,9.99
1653,2050,cancelled,2025-01-05 23:31:00,Mobile,5.99
1654,261,completed,2023-11-05 15:31:00,Mobile,14.99
1655,245,returned,2025-05-27 09:06:00,Tablet,0.0
1656,1523,cancelled,2024-11-15 04:42:00,Desktop,0.0
1657,1211,completed,2023-03-19 19:16:00,Mobile,9.99
1658,236,returned,2023-11-30 10:00:00,Desktop,14.99
1659,1508,processing,2025-04-10 22:54:00,Tablet,0.0
1660,1957,returned,2024-06-11 00:07:00,Desktop,0.0
1661,53,completed,2024-06-25 11:20:00,Mobile,5.99
1662,357,completed,2024-05-24 08:24:00,Desktop,0.0
1663,377,returned,2024-12-28 20:15:00,Desktop,5.99
1664,2187,completed,2024-04-22 16:05:00,Mobile,0.0
1665,113,processing,2023-11-20 11:51:00,Desktop,14.99
1666,312,completed,2025-08-09 23:25:00,Tablet,5.99
1667,2305,cancelled,2024-09-15 06:34:00,Desktop,9.99
1668,2190,cancelled,2025-10-05 09:33:00,Desktop,14.99
1669,1401,completed,2023-08-04 13:24:00,Mobile,0.0
1670,1717,completed,2023-08-27 19:22:00,Mobile,0.0
1671,978,completed,2023-09-18 22:45:00,Desktop,0.0
1672,654,completed,2023-07-21 17:35:00,Desktop,0.0
1673,2475,returned,2025-02-28 17:07:00,Mobile,5.99
1674,710,completed,2024-11-24 05:35:00,Desktop,0.0
1675,58,completed,2024-02-09 12:55:00,Desktop,0.0
1676,1469,completed,2025-03-12 15:22:00,Tablet,5.99
1677,2286,completed,2025-05-17 04:53:00,Mobile,0.0
1678,2240,completed,2024-11-02 13:51:00,Desktop,0.0
1679,1305,completed,2023-12-04 19:35:00,Mobile,5.99
1680,1877,completed,2023-09-16 12:29:00,Mobile,0.0
1681,2464,completed,2024-11-26 13:44:00,Mobile,0.0
1682,1145,completed,2024-07-20 18:23:00,Mobile,5.99
1683,195,completed,2024-05-28 13:48:00,Mobile,0.0
1684,2460,completed,2024-07-23 15:24:00,Mobile,5.99
1685,1829,completed,2024-12-11 11:52:00,Desktop,9.99
1686,2381,cancelled,2025-03-10 17:33:00,Mobile,0.0
1687,1825,completed,2023-06-07 19:18:00,Mobile,0.0
1688,229,cancelled,2023-06-12 22:16:00,Mobile,5.99
1689,804,completed,2024-08-27 09:08:00,Mobile,0.0
1690,193,completed,2024-03-02 04:00:00,Mobile,0.0
1691,1588,processing,2023-10-20 21:22:00,Mobile,14.99
1692,446,completed,2025-01-07 03:01:00,Mobile,14.99
1693,2269,cancelled,2025-03-17 15:04:00,Mobile,0.0
1694,1904,completed,2024-01-26 17:22:00,Mobile,5.99
1695,1693,completed,2024-01-23 01:36:00,Mobile,5.99
1696,633,processing,2025-01-05 03:58:00,Mobile,0.0
1697,2276,completed,2023-08-06 08:51:00,Mobile,0.0
1698,2490,completed,2024-11-12 15:07:00,Mobile,14.99
1699,802,completed,2024-03-03 01:18:00,Mobile,0.0
1700,1298,completed,2024-02-07 01:50:00,Desktop,0.0
1701,2283,cancelled,2023-10-17 13:45:00,Desktop,5.99
1702,1333,completed,2024-02-29 17:51:00,Desktop,5.99
1703,1259,completed,2025-01-05 03:41:00,Mobile,0.0
1704,1617,completed,2024-03-12 07:24:00,Mobile,0.0
1705,795,completed,2023-10-05 10:54:00,Desktop,0.0
1706,1696,completed,2024-09-29 00:17:00,Mobile,5.99
1707,371,completed,2025-08-09 02:47:00,Desktop,9.99
1708,1919,completed,2024-01-07 23:30:00,Tablet,5.99
1709,313,completed,2024-05-15 14:39:00,Desktop,0.0
1710,113,completed,2023-04-28 05:13:00,Desktop,0.0
1711,1859,completed,2024-03-23 15:08:00,Mobile,5.99
1712,902,completed,2024-09-12 16:18:00,Mobile,0.0
1713,2104,completed,2024-02-08 05:57:00,Tablet,0.0
1714,1321,completed,2025-02-02 10:40:00,Mobile,5.99
1715,2220,completed,2025-01-21 00:44:00,Mobile,0.0
1716,1957,returned,2025-04-25 08:56:00,Mobile,9.99
1717,92,processing,2025-06-03 13:38:00,Mobile,5.99
1718,2095,completed,2024-05-08 17:47:00,Mobile,5.99
1719,1066,cancelled,2024-04-21 01:32:00,Mobile,0.0
1720,92,completed,2025-08-11 01:46:00,Mobile,5.99
1721,1360,cancelled,2023-07-07 17:40:00,Mobile,5.99
1722,1354,completed,2024-04-08 12:02:00,Mobile,0.0
1723,1149,cancelled,2024-01-06 12:11:00,Mobile,0.0
1724,1701,completed,2023-12-19 08:11:00,Mobile,5.99
1725,2451,completed,2024-10-22 03:40:00,Mobile,14.99
1726,649,processing,2023-04-04 14:42:00,Mobile,0.0
1727,74,processing,2023-07-07 00:47:00,Desktop,0.0
1728,1824,returned,2025-02-10 22:38:00,Mobile,0.0
1729,2258,completed,2024-09-02 19:28:00,Mobile,5.99
1730,1431,processing,2025-03-04 17:27:00,Mobile,0.0
1731,550,completed,2024-03-13 19:10:00,Desktop,0.0
1732,1697,returned,2024-06-18 21:23:00,Mobile,0.0
1733,698,returned,2025-03-25 18:00:00,Mobile,0.0
1734,1444,completed,2023-10-14 07:38:00,Desktop,5.99
1735,1897,cancelled,2023-12-09 20:09:00,Mobile,5.99
1736,2404,completed,2024-11-09 02:42:00,Mobile,5.99
1737,2030,completed,2023-09-15 23:16:00,Desktop,5.99
1738,1986,completed,2024-05-25 16:59:00,Mobile,5.99
1739,1206,completed,2023-12-22 07:22:00,Desktop,0.0
1740,687,completed,2025-09-11 07:30:00,Mobile,5.99
1741,695,returned,2023-07-09 05:28:00,Tablet,5.99
1742,72,completed,2023-07-07 15:00:00,Tablet,0.0
1743,157,cancelled,2025-08-28 01:57:00,Mobile,9.99
1744,70,completed,2023-12-01 08:12:00,Mobile,0.0
1745,990,completed,2025-02-05 08:43:00,Mobile,0.0
1746,877,processing,2025-02-06 06:43:00,Desktop,5.99
1747,2196,completed,2024-07-28 20:21:00,Mobile,0.0
1748,1815,completed,2024-10-10 17:05:00,Tablet,0.0
1749,1736,cancelled,2023-09-24 01:12:00,Mobile,14.99
1750,120,completed,2023-09-05 22:36:00,Desktop,5.99
1751,1508,completed,2024-09-06 13:08:00,Desktop,5.99
1752,1490,processing,2024-01-31 13:52:00,Mobile,0.0
1753,1267,processing,2024-09-14 23:22:00,Tablet,5.99
1754,654,completed,2023-05-17 18:38:00,Mobile,5.99
1755,434,completed,2025-03-13 17:19:00,Desktop,5.99
1756,461,returned,2023-10-27 08:50:00,Mobile,0.0
1757,2056,returned,2023-03-29 09:21:00,Mobile,5.99
1758,1347,cancelled,2024-04-04 00:59:00,Mobile,0.0
1759,2087,completed,2023-10-02 19:34:00,Desktop,5.99
1760,797,processing,2024-02-05 22:55:00,Desktop,9.99
1761,656,completed,2024-12-18 14:40:00,Mobile,5.99
1762,534,processing,2023-04-28 13:20:00,Mobile,9.99
1763,483,returned,2024-01-29 13:14:00,Desktop,5.99
1764,2447,returned,2024-04-04 02:53:00,Desktop,0.0
1765,959,completed,2023-08-03 08:15:00,Desktop,0.0
1766,306,completed,2025-03-06 21:08:00,Mobile,5.99
1767,2334,returned,2023-12-04 12:31:00,Tablet,5.99
1768,210,processing,2024-08-17 07:56:00,Mobile,0.0
1769,1740,completed,2025-05-07 04:43:00,Mobile,0.0
1770,299,completed,2024-03-15 20:57:00,Desktop,5.99
1771,563,processing,2023-11-06 10:53:00,Mobile,14.99
1772,119,completed,2024-05-23 04:47:00,Mobile,5.99
1773,969,completed,2023-03-30 12:13:00,Tablet,0.0
1774,595,returned,2024-09-23 08:57:00,Mobile,9.99
1775,64,completed,2025-02-02 18:53:00,Desktop,0.0
1776,672,returned,2024-09-24 19:40:00,Mobile,5.99
1777,675,completed,2024-11-16 21:54:00,Desktop,0.0
1778,1434,cancelled,2023-04-24 04:27:00,Mobile,0.0
1779,1850,processing,2024-03-19 08:21:00,Desktop,9.99
1780,2273,returned,2024-09-30 17:52:00,Mobile,0.0
1781,2500,completed,2023-09-03 22:59:00,Mobile,9.99
1782,724,cancelled,2025-04-05 14:32:00,Mobile,5.99
1783,770,processing,2024-04-12 01:58:00,Mobile,9.99
1784,1967,completed,2025-06-27 07:40:00,Desktop,0.0
1785,724,completed,2025-02-22 13:41:00,Mobile,5.99
1786,2163,completed,2024-10-11 10:45:00,Mobile,14.99
1787,1002,completed,2023-10-29 03:02:00,Desktop,0.0
1788,614,returned,2024-12-18 09:28:00,Tablet,0.0
1789,2369,processing,2025-06-20 01:02:00,Desktop,0.0
1790,1729,completed,2024-05-05 15:33:00,Desktop,0.0
1791,512,completed,2025-08-04 12:16:00,Mobile,0.0
1792,1886,processing,2024-02-01 06:32:00,Desktop,0.0
1793,1217,completed,2023-02-14 05:22:00,Mobile,9.99
1794,566,completed,2025-03-06 07:08:00,Mobile,5.99
1795,1996,completed,2024-10-22 13:13:00,Desktop,9.99
1796,369,completed,2024-04-06 00:59:00,Mobile,5.99
1797,210,cancelled,2025-01-08 09:08:00,Mobile,0.0
1798,311,processing,2023-06-12 16:21:00,Desktop,0.0
1799,2173,completed,2024-12-23 19:32:00,Mobile,0.0
1800,2438,returned,2025-03-13 03:37:00,Tablet,14.99
1801,1435,processing,2025-02-11 05:07:00,Mobile,0.0
1802,850,completed,2023-11-28 22:43:00,Mobile,0.0
1803,1933,completed,2024-03-01 16:03:00,Desktop,14.99
1804,889,processing,2024-08-28 16:11:00,Mobile,5.99
1805,1072,cancelled,2023-06-14 06:56:00,Mobile,0.0
1806,1274,processing,2025-02-19 02:57:00,Mobile,0.0
1807,2387,completed,2025-09-23 19:41:00,Desktop,0.0
1808,2174,returned,2024-05-19 09:11:00,Mobile,0.0
1809,1302,completed,2024-04-04 23:23:00,Desktop,5.99
1810,1536,returned,2025-05-15 14:18:00,Desktop,5.99
1811,1659,cancelled,2025-09-25 02:29:00,Mobile,5.99
1812,1252,completed,2024-05-03 12:55:00,Desktop,0.0
1813,2301,completed,2025-04-16 06:08:00,Desktop,0.0
1814,738,processing,2024-04-26 15:08:00,Desktop,5.99
1815,586,completed,2024-12-08 04:00:00,Mobile,14.99
1816,2303,completed,2023-10-06 19:38:00,Desktop,5.99
1817,1694,processing,2025-07-02 23:55:00,Tablet,0.0
1818,890,cancelled,2024-07-16 20:11:00,Desktop,0.0
1819,1415,completed,2024-06-28 07:25:00,Mobile,0.0
1820,559,completed,2024-11-28 15:50:00,Desktop,0.0
1821,632,cancelled,2024-06-28 09:26:00,Mobile,14.99
1822,620,completed,2023-03-22 20:37:00,Mobile,5.99
1823,2274,completed,2025-06-17 14:00:00,Mobile,5.99
1824,2003,returned,2025-05-31 06:59:00,Desktop,0.0
1825,2259,completed,2025-02-22 16:38:00,Desktop,0.0
1826,951,returned,2024-06-11 05:20:00,Mobile,5.99
1827,1102,returned,2025-03-10 16:48:00,Mobile,5.99
1828,1247,completed,2024-01-18 00:08:00,Mobile,9.99
1829,1780,completed,2024-01-14 13:00:00,Mobile,5.99
1830,1096,completed,2025-09-19 20:59:00,Desktop,0.0
1831,1473,completed,2025-01-04 20:56:00,Desktop,5.99
1832,2107,returned,2023-09-17 23:19:00,Mobile,0.0
1833,2355,completed,2023-12-03 01:57:00,Mobile,0.0
1834,2306,completed,2023-05-30 10:23:00,Mobile,0.0
1835,2045,completed,2024-01-02 19:24:00,Mobile,0.0
1836,1017,completed,2023-04-12 18:31:00,Mobile,5.99
1837,2476,processing,2023-08-16 09:06:00,Mobile,0.0
1838,1378,processing,2024-03-23 16:09:00,Mobile,5.99
1839,584,completed,2024-08-05 21:42:00,Mobile,5.99
1840,176,completed,2025-06-08 09:01:00,Desktop,0.0
1841,213,completed,2023-09-29 05:55:00,Desktop,5.99
1842,1741,completed,2024-02-06 23:22:00,Desktop,5.99
1843,53,processing,2024-04-05 04:18:00,Mobile,14.99
1844,2204,completed,2023-07-01 15:22:00,Desktop,5.99
1845,11,completed,2024-05-30 14:36:00,Mobile,0.0
1846,570,completed,2023-09-10 09:17:00,Mobile,0.0
1847,1883,completed,2024-08-04 08:31:00,Desktop,5.99
1848,1913,completed,2024-04-13 14:48:00,Desktop,0.0
1849,2043,returned,2024-05-21 22:00:00,Mobile,5.99
1850,2296,processing,2024-04-08 20:50:00,Mobile,0.0
1851,2114,returned,2024-10-27 01:10:00,Mobile,5.99
1852,813,completed,2023-11-06 03:26:00,Desktop,0.0
1853,1995,completed,2023-09-09 17:02:00,Desktop,5.99
1854,2327,completed,2024-08-29 04:31:00,Desktop,0.0
1855,1585,completed,2024-05-02 05:58:00,Mobile,5.99
1856,1281,cancelled,2024-10-13 11:07:00,Mobile,0.0
1857,482,cancelled,2025-06-01 06:33:00,Mobile,5.99
1858,1661,processing,2024-12-26 09:46:00,Mobile,5.99
1859,355,completed,2025-05-03 20:19:00,Desktop,5.99
1860,2115,completed,2024-02-18 22:45:00,Tablet,5.99
1861,585,completed,2024-07-04 16:56:00,Mobile,5.99
1862,1337,processing,2023-12-12 11:01:00,Mobile,9.99
1863,2435,returned,2023-06-02 04:25:00,Mobile,5.99
1864,1848,processing,2024-03-07 22:20:00,Tablet,0.0
1865,804,completed,2024-12-07 10:04:00,Mobile,0.0
1866,518,completed,2024-04-19 12:47:00,Mobile,14.99
1867,1479,returned,2025-06-13 19:12:00,Mobile,0.0
1868,1820,completed,2025-03-03 05:22:00,Desktop,9.99
1869,2080,completed,2025-01-28 07:50:00,Desktop,5.99
1870,259,returned,2023-03-04 03:53:00,Mobile,0.0
1871,2242,completed,2024-04-18 09:24:00,Mobile,0.0
1872,24,returned,2024-08-13 10:26:00,Tablet,5.99
1873,1620,completed,2023-11-20 16:24:00,Mobile,9.99
1874,629,completed,2024-11-01 15:13:00,Desktop,5.99
1875,702,completed,2025-02-17 15:33:00,Mobile,5.99
1876,682,completed,2023-11-23 23:05:00,Desktop,0.0
1877,205,completed,2024-06-10 20:43:00,Mobile,9.99
1878,729,returned,2023-09-26 11:10:00,Desktop,5.99
1879,523,processing,2025-08-29 13:00:00,Tablet,0.0
1880,1326,cancelled,2024-07-12 10:20:00,Mobile,5.99
1881,1901,returned,2025-03-30 09:51:00,Desktop,0.0
1882,1818,returned,2024-01-08 00:09:00,Mobile,5.99
1883,30,completed,2024-01-21 09:23:00,Mobile,5.99
1884,208,cancelled,2023-05-07 19:50:00,Mobile,9.99
1885,2106,completed,2025-03-11 00:46:00,Mobile,5.99
1886,2326,returned,2025-04-12 07:06:00,Desktop,9.99
1887,10,completed,2024-08-17 02:45:00,Mobile,0.0
1888,1996,completed,2024-09-28 10:37:00,Mobile,14.99
1889,88,completed,2024-06-07 00:26:00,Mobile,0.0
1890,191,cancelled,2025-01-14 03:27:00,Mobile,0.0
1891,806,completed,2024-08-13 22:09:00,Mobile,0.0
1892,1356,completed,2024-01-03 14:18:00,Desktop,0.0
1893,1610,completed,2024-04-08 11:36:00,Mobile,0.0
1894,2025,completed,2025-07-11 12:34:00,Mobile,0.0
1895,1122,processing,2024-02-05 12:54:00,Mobile,0.0
1896,1740,processing,2025-03-13 10:52:00,Mobile,0.0
1897,2029,completed,2025-03-26 21:13:00,Desktop,9.99
1898,1854,completed,2024-11-20 03:46:00,Desktop,0.0
1899,1253,cancelled,2023-09-19 20:13:00,Desktop,0.0
1900,1708,completed,2024-02-16 07:47:00,Desktop,5.99
1901,503,completed,2023-09-07 15:41:00,Mobile,0.0
1902,168,completed,2025-06-02 09:21:00,Mobile,5.99
1903,1561,completed,2024-09-20 00:07:00,Mobile,14.99
1904,1672,cancelled,2025-07-25 04:49:00,Mobile,0.0
1905,1199,returned,2024-05-03 07:45:00,Desktop,14.99
1906,590,completed,2024-02-27 08:52:00,Desktop,9.99
1907,384,completed,2025-02-24 14:45:00,Desktop,0.0
1908,2460,completed,2024-09-18 17:33:00,Desktop,9.99
1909,188,completed,2023-09-28 21:29:00,Mobile,5.99
1910,2008,processing,2024-09-20 16:59:00,Mobile,9.99
1911,465,processing,2025-02-24 15:33:00,Mobile,5.99
1912,1500,returned,2024-11-16 06:40:00,Mobile,5.99
1913,1658,completed,2023-06-04 01:43:00,Desktop,5.99
1914,820,completed,2023-04-07 03:48:00,Desktop,0.0
1915,696,returned,2024-03-21 04:52:00,Mobile,5.99
1916,1998,completed,2024-09-13 15:44:00,Mobile,9.99
1917,341,completed,2024-11-30 00:41:00,Mobile,9.99
1918,432,cancelled,2023-06-27 08:31:00,Desktop,0.0
1919,927,cancelled,2023-05-03 22:06:00,Tablet,0.0
1920,934,processing,2024-02-13 14:44:00,Mobile,5.99
1921,1196,processing,2025-08-21 05:54:00,Desktop,0.0
1922,558,completed,2024-12-06 13:38:00,Desktop,9.99
1923,1086,completed,2024-07-14 10:27:00,Mobile,0.0
1924,606,completed,2025-02-19 13:31:00,Mobile,0.0
1925,1040,completed,2023-05-19 04:58:00,Mobile,9.99
1926,1207,completed,2024-12-02 23:07:00,Mobile,0.0
1927,1748,processing,2023-05-17 14:49:00,Mobile,9.99
1928,750,completed,2025-10-08 08:18:00,Desktop,14.99
1929,1569,processing,2025-01-21 03:00:00,Tablet,9.99
1930,1350,returned,2025-06-19 04:23:00,Desktop,0.0
1931,1891,returned,2025-02-14 06:52:00,Mobile,0.0
1932,620,processing,2023-09-26 11:40:00,Mobile,0.0
1933,734,completed,2025-05-07 15:03:00,Desktop,5.99
1934,1424,processing,2024-04-28 10:32:00,Mobile,5.99
1935,2154,completed,2025-05-04 20:19:00,Desktop,9.99
1936,1739,cancelled,2024-08-26 14:11:00,Mobile,9.99
1937,1113,completed,2024-01-31 05:28:00,Mobile,9.99
1938,720,completed,2024-08-16 07:42:00,Mobile,0.0
1939,689,cancelled,2024-02-09 04:23:00,Desktop,0.0
1940,1235,completed,2024-01-29 00:51:00,Desktop,5.99
1941,2005,cancelled,2024-04-26 11:27:00,Tablet,0.0
1942,656,completed,2025-08-15 03:48:00,Mobile,5.99
1943,326,returned,2024-10-23 05:27:00,Tablet,9.99
1944,547,completed,2025-08-28 20:56:00,Desktop,0.0
1945,883,cancelled,2025-11-20 11:43:00,Tablet,0.0
1946,1914,completed,2023-12-20 06:22:00,Tablet,0.0
1947,186,completed,2024-09-17 06:29:00,Mobile,5.99
1948,1,completed,2025-07-13 20:03:00,Mobile,5.99
1949,848,completed,2023-11-06 20:27:00,Mobile,14.99
1950,787,completed,2024-01-17 01:13:00,Mobile,0.0
1951,2038,cancelled,2024-06-16 20:47:00,Mobile,0.0
1952,1039,returned,2025-02-04 16:17:00,Mobile,5.99
1953,774,completed,2023-02-25 23:07:00,Mobile,5.99
1954,901,cancelled,2024-03-12 08:41:00,Mobile,0.0
1955,790,completed,2023-07-29 20:22:00,Mobile,0.0
1956,1001,completed,2024-11-22 19:15:00,Desktop,5.99
1957,1653,completed,2024-01-14 05:55:00,Mobile,9.99
1958,2091,returned,2024-05-09 21:08:00,Tablet,14.99
1959,597,completed,2023-10-09 18:45:00,Mobile,0.0
1960,282,completed,2024-05-23 04:42:00,Desktop,9.99
1961,212,completed,2025-04-16 15:00:00,Mobile,0.0
1962,1787,completed,2024-10-24 07:48:00,Mobile,0.0
1963,846,completed,2024-03-25 10:02:00,Desktop,0.0
1964,1859,processing,2023-09-09 21:42:00,Mobile,14.99
1965,679,completed,2024-12-05 07:16:00,Mobile,0.0
1966,1878,completed,2025-03-02 19:59:00,Mobile,5.99
1967,42,completed,2024-12-28 08:53:00,Tablet,0.0
1968,1077,completed,2024-01-15 03:38:00,Mobile,0.0
1969,326,completed,2024-02-10 13:51:00,Mobile,0.0
1970,3,completed,2025-03-26 02:37:00,Mobile,0.0
1971,964,completed,2024-11-29 00:20:00,Mobile,0.0
1972,474,completed,2023-12-16 08:21:00,Mobile,0.0
1973,865,completed,2024-01-07 17:38:00,Mobile,0.0
1974,321,completed,2023-06-11 00:11:00,Mobile,5.99
1975,2132,completed,2024-11-01 18:59:00,Desktop,0.0
1976,1002,processing,2023-05-10 14:08:00,Mobile,0.0
1977,956,completed,2023-11-19 12:02:00,Mobile,5.99
1978,201,cancelled,2023-09-28 03:34:00,Desktop,0.0
1979,337,completed,2024-03-07 10:17:00,Mobile,9.99
1980,1728,completed,2024-06-19 21:24:00,Mobile,0.0
1981,1878,completed,2024-12-08 20:04:00,Mobile,0.0
1982,1793,completed,2023-11-10 16:59:00,Mobile,9.99
1983,771,completed,2024-05-14 14:37:00,Mobile,0.0
1984,1969,cancelled,2023-08-19 05:36:00,Desktop,0.0
1985,2294,processing,2025-07-19 21:57:00,Mobile,14.99
1986,2184,processing,2025-05-01 15:08:00,Mobile,5.99
1987,1932,completed,2024-05-11 00:18:00,Mobile,5.99
1988,792,completed,2023-06-27 17:29:00,Desktop,5.99
1989,2184,cancelled,2025-04-25 13:09:00,Mobile,14.99
1990,2008,completed,2024-04-20 13:57:00,Mobile,0.0
1991,875,completed,2023-11-13 18:52:00,Mobile,0.0
1992,1592,completed,2024-03-14 21:57:00,Mobile,5.99
1993,249,returned,2024-11-23 06:35:00,Desktop,0.0
1994,662,processing,2024-03-15 06:36:00,Desktop,0.0
1995,128,completed,2024-02-28 18:04:00,Desktop,0.0
1996,1584,completed,2025-05-06 00:48:00,Tablet,9.99
1997,152,cancelled,2023-07-11 03:56:00,Mobile,5.99
1998,883,returned,2025-01-07 18:56:00,Mobile,9.99
1999,89,returned,2024-11-07 09:26:00,Mobile,0.0
2000,9,cancelled,2023-03-25 02:35:00,Mobile,0.0
2001,2474,processing,2024-12-24 10:30:00,Desktop,0.0
2002,567,completed,2024-03-13 11:21:00,Mobile,5.99
2003,94,completed,2025-07-06 17:06:00,Mobile,9.99
2004,2290,completed,2025-05-07 10:45:00,Mobile,0.0
2005,1089,processing,2024-01-18 16:28:00,Mobile,9.99
2006,2171,completed,2024-08-16 19:01:00,Desktop,5.99
2007,1937,completed,2023-08-24 23:57:00,Mobile,9.99
2008,599,returned,2025-07-13 10:45:00,Mobile,0.0
2009,1820,completed,2024-12-18 19:49:00,Desktop,5.99
2010,1997,completed,2025-04-06 17:42:00,Desktop,9.99
2011,71,processing,2025-09-19 04:39:00,Mobile,0.0
2012,780,completed,2024-11-11 06:05:00,Mobile,5.99
2013,1768,processing,2024-05-10 17:46:00,Tablet,5.99
2014,1725,cancelled,2025-05-10 22:54:00,Mobile,0.0
2015,725,cancelled,2023-04-24 06:19:00,Desktop,5.99
2016,1130,cancelled,2024-09-03 17:10:00,Mobile,0.0
2017,31,cancelled,2025-09-14 12:44:00,Desktop,9.99
2018,938,completed,2023-10-11 16:02:00,Desktop,5.99
2019,1271,returned,2023-09-05 08:04:00,Tablet,0.0
2020,2330,completed,2024-11-06 05:55:00,Tablet,5.99
2021,2046,processing,2024-01-16 14:29:00,Mobile,9.99
2022,745,completed,2025-03-19 23:02:00,Desktop,0.0
2023,914,completed,2024-01-16 22:15:00,Tablet,0.0
2024,1357,completed,2024-07-14 06:08:00,Mobile,5.99
2025,612,completed,2025-06-17 17:52:00,Mobile,5.99
2026,2033,completed,2024-06-28 14:06:00,Tablet,0.0
2027,945,processing,2023-12-20 18:24:00,Mobile,5.99
2028,1188,completed,2024-09-15 11:19:00,Mobile,5.99
2029,655,completed,2024-08-27 01:05:00,Mobile,0.0
2030,2417,completed,2025-11-07 06:28:00,Mobile,5.99
2031,523,completed,2025-05-17 15:29:00,Mobile,5.99
2032,1227,processing,2023-07-18 06:27:00,Mobile,5.99
2033,1990,completed,2024-02-10 09:22:00,Mobile,0.0
2034,2324,completed,2023-10-05 23:07:00,Desktop,9.99
2035,582,completed,2025-03-24 21:06:00,Tablet,5.99
2036,2163,completed,2024-06-11 17:37:00,Mobile,9.99
2037,358,cancelled,2024-10-07 17:57:00,Desktop,14.99
2038,308,processing,2023-10-27 06:30:00,Mobile,0.0
2039,1612,completed,2025-03-27 00:10:00,Mobile,0.0
2040,2156,cancelled,2024-09-06 20:09:00,Desktop,0.0
2041,180,returned,2024-06-13 04:43:00,Desktop,9.99
2042,1423,processing,2025-01-12 08:04:00,Desktop,0.0
2043,1369,completed,2024-03-06 21:02:00,Mobile,0.0
2044,1988,completed,2024-03-05 13:09:00,Tablet,0.0
2045,1791,cancelled,2025-01-27 11:04:00,Tablet,5.99
2046,646,completed,2024-09-13 14:26:00,Mobile,0.0
2047,329,completed,2024-09-18 16:39:00,Mobile,0.0
2048,151,completed,2023-12-21 21:50:00,Desktop,0.0
2049,1617,completed,2024-04-28 22:29:00,Mobile,0.0
2050,2431,cancelled,2023-08-30 19:24:00,Mobile,5.99
2051,2096,returned,2025-09-04 08:56:00,Desktop,0.0
2052,1280,completed,2023-07-09 17:11:00,Mobile,9.99
2053,612,completed,2025-05-23 02:31:00,Desktop,5.99
2054,2029,completed,2024-08-16 05:26:00,Mobile,0.0
2055,372,completed,2023-05-21 21:01:00,Mobile,5.99
2056,457,completed,2024-12-26 14:01:00,Desktop,5.99
2057,778,processing,2023-07-07 19:39:00,Desktop,0.0
2058,1680,returned,2024-03-13 20:11:00,Desktop,5.99
2059,66,completed,2024-12-24 18:30:00,Tablet,0.0
2060,2002,completed,2025-10-04 17:47:00,Desktop,14.99
2061,132,processing,2023-09-15 14:13:00,Mobile,5.99
2062,178,processing,2025-04-27 14:41:00,Mobile,0.0
2063,2466,completed,2024-02-07 05:00:00,Desktop,5.99
2064,507,cancelled,2024-10-03 07:33:00,Mobile,0.0
2065,1282,completed,2023-10-13 06:36:00,Mobile,0.0
2066,1209,returned,2025-02-04 02:22:00,Tablet,5.99
2067,2253,completed,2024-07-04 14:11:00,Mobile,5.99
2068,1410,completed,2025-10-14 03:55:00,Mobile,9.99
2069,2061,cancelled,2023-10-13 07:31:00,Mobile,0.0
2070,271,cancelled,2024-06-12 21:15:00,Desktop,5.99
2071,1038,completed,2025-06-23 06:43:00,Mobile,5.99
2072,1967,returned,2024-08-28 03:09:00,Mobile,0.0
2073,752,processing,2025-03-09 01:24:00,Desktop,0.0
2074,378,completed,2025-03-26 02:18:00,Mobile,0.0
2075,49,returned,2024-12-26 12:47:00,Desktop,5.99
2076,2415,completed,2025-05-20 15:05:00,Desktop,9.99
2077,482,completed,2024-07-24 15:27:00,Mobile,5.99
2078,1048,completed,2024-03-08 21:08:00,Mobile,0.0
2079,146,completed,2023-04-25 19:29:00,Mobile,0.0
2080,986,returned,2024-12-11 10:57:00,Mobile,0.0
2081,2357,cancelled,2024-06-04 19:15:00,Desktop,5.99
2082,1955,completed,2025-06-11 12:52:00,Mobile,5.99
2083,169,cancelled,2024-01-24 22:35:00,Desktop,5.99
2084,336,completed,2024-08-15 02:18:00,Mobile,0.0
2085,2089,completed,2024-05-08 19:04:00,Tablet,0.0
2086,347,returned,2024-06-29 07:19:00,Desktop,9.99
2087,2171,completed,2024-02-03 15:24:00,Desktop,5.99
2088,1252,returned,2025-01-23 08:20:00,Mobile,0.0
2089,1004,completed,2024-06-05 05:24:00,Desktop,0.0
2090,2089,completed,2023-12-30 18:29:00,Mobile,5.99
2091,2496,cancelled,2024-03-09 21:13:00,Mobile,5.99
2092,445,cancelled,2025-05-22 01:12:00,Mobile,5.99
2093,1429,cancelled,2025-10-11 07:34:00,Mobile,9.99
2094,1154,completed,2024-11-15 15:37:00,Mobile,0.0
2095,86,returned,2024-01-24 04:37:00,Desktop,5.99
2096,1337,cancelled,2024-02-27 14:32:00,Mobile,0.0
2097,1762,completed,2024-12-06 05:58:00,Mobile,5.99
2098,1989,completed,2025-04-02 05:45:00,Desktop,9.99
2099,141,completed,2025-07-09 04:46:00,Mobile,5.99
2100,1994,completed,2024-08-11 04:00:00,Desktop,14.99
2101,977,completed,2023-09-07 06:45:00,Desktop,5.99
2102,1207,returned,2025-10-10 22:31:00,Mobile,0.0
2103,2107,completed,2023-06-06 05:37:00,Mobile,0.0
2104,1549,completed,2024-02-20 22:32:00,Mobile,9.99
2105,1121,cancelled,2025-04-11 02:45:00,Mobile,0.0
2106,1427,cancelled,2024-07-26 04:53:00,Desktop,9.99
2107,1303,completed,2023-06-02 01:28:00,Mobile,0.0
2108,1327,processing,2024-01-21 10:14:00,Tablet,0.0
2109,1875,processing,2023-10-01 13:35:00,Mobile,0.0
2110,1072,returned,2024-01-17 21:44:00,Mobile,0.0
2111,1501,cancelled,2024-11-19 05:21:00,Mobile,9.99
2112,222,completed,2025-07-18 04:25:00,Mobile,0.0
2113,299,cancelled,2024-05-13 07:27:00,Mobile,9.99
2114,785,completed,2024-03-25 18:37:00,Mobile,0.0
2115,346,cancelled,2024-05-26 10:26:00,Mobile,0.0
2116,2022,cancelled,2025-07-18 12:57:00,Desktop,5.99
2117,316,processing,2023-11-25 14:50:00,Mobile,0.0
2118,1991,completed,2024-06-21 21:55:00,Mobile,9.99
2119,1117,completed,2023-06-11 05:07:00,Mobile,5.99
2120,1446,completed,2024-07-29 15:03:00,Desktop,0.0
2121,716,processing,2023-03-20 22:14:00,Mobile,5.99
2122,596,completed,2024-01-17 03:32:00,Desktop,0.0
2123,1728,completed,2024-10-15 15:20:00,Desktop,0.0
2124,880,processing,2025-05-17 14:42:00,Mobile,0.0
2125,1623,processing,2024-05-10 14:34:00,Mobile,5.99
2126,2020,completed,2025-03-20 11:14:00,Mobile,5.99
2127,301,completed,2023-08-26 12:03:00,Mobile,5.99
2128,1135,completed,2024-08-30 02:15:00,Desktop,0.0
2129,178,processing,2025-06-09 12:48:00,Mobile,5.99
2130,1847,completed,2024-10-20 15:01:00,Mobile,5.99
2131,1895,returned,2024-01-24 12:42:00,Mobile,0.0
2132,1862,completed,2023-08-29 07:56:00,Mobile,14.99
2133,1362,completed,2025-11-09 12:46:00,Tablet,0.0
2134,2172,completed,2023-11-08 20:28:00,Desktop,14.99
2135,1160,cancelled,2024-07-07 05:16:00,Mobile,0.0
2136,1247,completed,2024-01-03 11:41:00,Mobile,0.0
2137,15,completed,2024-11-30 16:03:00,Mobile,0.0
2138,1289,completed,2024-06-21 13:38:00,Mobile,0.0
2139,1093,processing,2023-09-15 15:51:00,Desktop,5.99
2140,2256,completed,2024-03-27 23:12:00,Mobile,0.0
2141,1021,completed,2023-11-24 18:45:00,Desktop,5.99
2142,1930,completed,2024-08-24 03:56:00,Desktop,9.99
2143,509,cancelled,2024-06-14 08:15:00,Mobile,0.0
2144,1712,completed,2024-01-14 20:22:00,Mobile,5.99
2145,688,returned,2024-11-05 05:42:00,Desktop,14.99
2146,782,completed,2024-07-28 12:07:00,Mobile,0.0
2147,2219,completed,2024-05-03 19:35:00,Desktop,14.99
2148,165,completed,2024-07-08 06:34:00,Mobile,5.99
2149,1890,cancelled,2024-04-24 12:42:00,Desktop,0.0
2150,999,completed,2025-10-30 13:41:00,Desktop,14.99
2151,1217,cancelled,2023-12-18 06:54:00,Mobile,0.0
2152,92,completed,2025-10-29 16:50:00,Mobile,5.99
2153,1779,completed,2024-01-13 08:06:00,Mobile,0.0
2154,118,completed,2024-01-19 10:25:00,Tablet,14.99
2155,1192,completed,2025-02-24 07:19:00,Desktop,5.99
2156,1248,completed,2024-11-18 19:24:00,Mobile,9.99
2157,436,processing,2024-05-15 11:43:00,Mobile,0.0
2158,2157,completed,2023-05-13 11:07:00,Mobile,0.0
2159,1160,completed,2024-09-27 23:19:00,Mobile,0.0
2160,504,completed,2023-07-04 03:04:00,Mobile,0.0
2161,820,processing,2023-08-10 05:33:00,Mobile,9.99
2162,19,completed,2023-12-18 14:26:00,Desktop,14.99
2163,216,completed,2024-11-23 00:14:00,Mobile,0.0
2164,704,completed,2024-04-07 02:47:00,Mobile,0.0
2165,810,completed,2023-12-08 19:36:00,Tablet,5.99
2166,946,completed,2024-04-30 05:23:00,Mobile,0.0
2167,1359,processing,2023-10-30 08:20:00,Desktop,5.99
2168,1827,cancelled,2024-10-22 19:46:00,Mobile,5.99
2169,1010,completed,2025-05-16 16:58:00,Mobile,5.99
2170,833,completed,2023-09-20 09:26:00,Desktop,5.99
2171,720,processing,2024-05-20 14:53:00,Mobile,0.0
2172,1653,completed,2023-07-18 07:27:00,Mobile,5.99
2173,2327,returned,2025-01-10 14:16:00,Mobile,0.0
2174,1480,completed,2025-04-03 12:28:00,Mobile,9.99
2175,615,completed,2025-05-15 11:44:00,Tablet,0.0
2176,1,returned,2025-10-13 03:07:00,Desktop,5.99
2177,2342,completed,2024-10-05 21:22:00,Tablet,9.99
2178,1210,processing,2024-04-18 12:10:00,Mobile,0.0
2179,2016,cancelled,2024-09-02 11:37:00,Mobile,0.0
2180,2057,completed,2023-09-08 06:57:00,Tablet,9.99
2181,354,processing,2025-06-22 14:52:00,Desktop,9.99
2182,671,processing,2024-02-26 01:50:00,Mobile,0.0
2183,626,processing,2025-03-16 12:52:00,Mobile,0.0
2184,34,completed,2023-08-05 13:04:00,Mobile,0.0
2185,1121,completed,2025-07-25 02:05:00,Mobile,9.99
2186,1075,returned,2023-05-13 16:03:00,Mobile,9.99
2187,1255,cancelled,2024-10-14 01:56:00,Tablet,14.99
2188,826,completed,2024-01-12 06:15:00,Mobile,0.0
2189,752,completed,2025-03-01 08:13:00,Desktop,5.99
2190,577,completed,2023-04-16 19:00:00,Desktop,9.99
2191,164,completed,2023-07-17 02:45:00,Mobile,0.0
2192,2420,processing,2025-01-13 17:05:00,Tablet,0.0
2193,2005,completed,2024-08-10 03:53:00,Mobile,9.99
2194,1060,completed,2024-02-25 19:32:00,Mobile,5.99
2195,1665,processing,2024-01-22 21:01:00,Tablet,5.99
2196,2257,cancelled,2025-03-20 13:10:00,Mobile,0.0
2197,1680,processing,2024-03-19 00:52:00,Mobile,0.0
2198,841,cancelled,2024-03-25 00:20:00,Desktop,5.99
2199,2438,processing,2025-01-17 20:28:00,Mobile,0.0
2200,32,processing,2025-02-08 23:17:00,Mobile,5.99
2201,1491,completed,2024-06-03 22:09:00,Mobile,9.99
2202,875,processing,2023-11-12 10:45:00,Desktop,0.0
2203,2469,completed,2025-01-28 12:18:00,Mobile,0.0
2204,1936,completed,2024-10-01 18:30:00,Desktop,5.99
2205,2153,completed,2024-01-22 23:50:00,Desktop,9.99
2206,1053,completed,2024-08-20 18:41:00,Tablet,5.99
2207,219,completed,2023-06-13 18:43:00,Desktop,9.99
2208,1735,processing,2023-05-04 17:25:00,Desktop,5.99
2209,1839,completed,2024-07-07 20:54:00,Desktop,5.99
2210,2226,returned,2024-03-25 06:33:00,Mobile,5.99
2211,258,completed,2024-10-18 21:17:00,Tablet,9.99
2212,2003,completed,2024-08-06 23:36:00,Mobile,5.99
2213,2478,completed,2024-09-20 21:32:00,Desktop,0.0
2214,1831,processing,2024-02-24 03:20:00,Mobile,0.0
2215,164,completed,2024-01-24 20:12:00,Desktop,9.99
2216,1692,processing,2025-02-11 06:57:00,Desktop,14.99
2217,620,cancelled,2024-01-05 16:25:00,Desktop,5.99
2218,504,cancelled,2024-01-23 08:23:00,Desktop,0.0
2219,1089,processing,2023-11-02 08:51:00,Desktop,5.99
2220,903,returned,2025-09-11 03:13:00,Mobile,9.99
2221,805,processing,2024-03-21 03:31:00,Mobile,0.0
2222,893,completed,2024-05-12 18:23:00,Desktop,9.99
2223,1142,completed,2024-04-25 11:24:00,Desktop,0.0
2224,1088,completed,2025-04-17 20:35:00,Desktop,5.99
2225,2246,processing,2025-06-13 09:29:00,Mobile,5.99
2226,1261,completed,2024-07-05 20:03:00,Mobile,14.99
2227,92,cancelled,2025-07-06 18:50:00,Mobile,5.99
2228,1804,completed,2025-05-29 18:55:00,Tablet,5.99
2229,646,processing,2023-10-04 10:42:00,Mobile,5.99
2230,68,processing,2023-09-13 13:31:00,Mobile,9.99
2231,1484,completed,2024-02-26 18:17:00,Desktop,9.99
2232,1305,returned,2024-06-25 03:59:00,Mobile,0.0
2233,2128,returned,2025-02-12 14:55:00,Mobile,9.99
2234,852,completed,2023-11-16 18:11:00,Mobile,5.99
2235,267,completed,2023-06-16 00:49:00,Mobile,9.99
2236,2350,completed,2023-06-18 14:20:00,Mobile,0.0
2237,1273,processing,2023-04-10 06:31:00,Desktop,0.0
2238,174,completed,2023-07-22 06:53:00,Mobile,5.99
2239,1852,cancelled,2025-07-25 14:08:00,Mobile,14.99
2240,1989,completed,2025-08-04 16:11:00,Desktop,0.0
2241,751,completed,2024-07-15 10:41:00,Mobile,0.0
2242,787,completed,2023-09-05 04:37:00,Desktop,14.99
2243,170,completed,2025-04-29 21:33:00,Mobile,9.99
2244,2131,completed,2025-04-07 04:06:00,Mobile,0.0
2245,2040,completed,2024-08-28 23:28:00,Mobile,9.99
2246,398,completed,2024-05-31 19:53:00,Mobile,14.99
2247,1157,processing,2023-05-25 03:28:00,Mobile,0.0
2248,1830,completed,2024-02-21 07:55:00,Desktop,0.0
2249,69,completed,2023-05-26 17:42:00,Mobile,5.99
2250,1275,completed,2023-12-20 09:54:00,Mobile,0.0
2251,1842,completed,2023-03-30 13:46:00,Mobile,5.99
2252,1271,completed,2024-04-15 02:14:00,Mobile,5.99
2253,1220,processing,2023-11-25 11:02:00,Mobile,5.99
2254,1718,cancelled,2023-04-24 13:07:00,Desktop,5.99
2255,1744,completed,2024-10-15 18:41:00,Desktop,5.99
2256,1632,cancelled,2025-02-15 14:24:00,Desktop,5.99
2257,1284,completed,2024-11-07 09:10:00,Tablet,9.99
2258,1708,completed,2024-02-07 01:11:00,Mobile,5.99
2259,751,completed,2024-09-28 04:11:00,Mobile,0.0
2260,2138,cancelled,2023-06-03 09:38:00,Mobile,0.0
2261,681,completed,2024-12-19 11:58:00,Desktop,0.0
2262,2478,cancelled,2025-05-24 22:58:00,Mobile,0.0
2263,280,returned,2025-05-04 02:17:00,Desktop,5.99
2264,1309,completed,2025-03-11 04:08:00,Desktop,9.99
2265,1248,completed,2024-11-10 06:07:00,Mobile,5.99
2266,731,completed,2024-09-13 04:12:00,Mobile,0.0
2267,131,completed,2024-04-08 14:29:00,Desktop,5.99
2268,1466,cancelled,2024-01-16 03:33:00,Mobile,0.0
2269,1664,processing,2024-12-14 09:17:00,Mobile,9.99
2270,970,completed,2023-12-13 19:47:00,Tablet,0.0
2271,2431,completed,2024-01-05 00:54:00,Tablet,5.99
2272,385,completed,2024-11-13 02:59:00,Mobile,9.99
2273,978,cancelled,2023-11-20 12:05:00,Mobile,5.99
2274,2308,processing,2024-06-08 18:26:00,Mobile,5.99
2275,570,completed,2023-05-07 01:47:00,Mobile,0.0
2276,188,completed,2023-10-21 13:26:00,Mobile,9.99
2277,1209,completed,2024-10-29 12:35:00,Mobile,9.99
2278,2081,completed,2025-02-08 22:15:00,Mobile,5.99
2279,259,cancelled,2023-04-11 19:05:00,Tablet,0.0
2280,153,returned,2023-07-04 18:08:00,Desktop,5.99
2281,2039,completed,2025-01-07 09:47:00,Desktop,0.0
2282,2164,completed,2025-03-13 14:49:00,Desktop,9.99
2283,580,returned,2025-10-17 18:54:00,Desktop,0.0
2284,1517,completed,2025-01-14 02:03:00,Mobile,0.0
2285,452,completed,2025-09-07 21:56:00,Desktop,0.0
2286,920,completed,2024-06-07 15:19:00,Desktop,0.0
2287,646,completed,2024-02-08 12:05:00,Mobile,0.0
2288,867,completed,2023-08-03 15:17:00,Mobile,0.0
2289,2363,completed,2024-06-08 17:51:00,Desktop,5.99
2290,1451,returned,2024-01-04 04:35:00,Desktop,0.0
2291,1024,returned,2025-04-17 14:52:00,Mobile,0.0
2292,2345,completed,2024-03-22 22:25:00,Mobile,5.99
2293,2117,completed,2024-10-28 11:17:00,Mobile,5.99
2294,865,completed,2024-01-20 14:59:00,Mobile,5.99
2295,1680,cancelled,2023-07-28 23:54:00,Desktop,9.99
2296,116,completed,2025-09-07 04:04:00,Mobile,0.0
2297,805,completed,2024-03-01 19:32:00,Mobile,0.0
2298,1725,processing,2025-03-31 12:07:00,Desktop,0.0
2299,2408,cancelled,2023-12-28 14:29:00,Mobile,5.99
2300,1517,cancelled,2024-12-25 17:27:00,Desktop,0.0
2301,729,completed,2023-09-27 10:22:00,Mobile,5.99
2302,2399,completed,2023-11-03 23:16:00,Desktop,14.99
2303,137,returned,2023-10-29 17:29:00,Mobile,0.0
2304,1883,cancelled,2024-06-01 09:41:00,Desktop,0.0
2305,1683,completed,2024-02-25 07:53:00,Mobile,0.0
2306,407,processing,2024-04-27 05:02:00,Mobile,9.99
2307,776,processing,2025-03-21 16:03:00,Mobile,0.0
2308,1006,completed,2024-11-18 07:46:00,Desktop,0.0
2309,1270,completed,2023-09-30 09:20:00,Desktop,5.99
2310,1028,completed,2025-03-27 23:23:00,Mobile,0.0
2311,886,completed,2024-04-06 15:54:00,Desktop,0.0
2312,1941,completed,2023-07-01 15:33:00,Desktop,0.0
2313,917,completed,2025-09-05 04:27:00,Mobile,5.99
2314,1796,completed,2024-07-31 03:55:00,Tablet,0.0
2315,551,returned,2023-07-26 12:37:00,Mobile,0.0
2316,1960,completed,2024-11-29 20:17:00,Desktop,5.99
2317,1533,cancelled,2023-10-20 22:52:00,Mobile,5.99
2318,2077,processing,2024-09-22 21:52:00,Mobile,0.0
2319,1717,cancelled,2023-08-25 18:37:00,Desktop,0.0
2320,1669,completed,2024-03-02 13:09:00,Desktop,5.99
2321,823,completed,2024-11-10 23:24:00,Mobile,0.0
2322,2014,processing,2024-10-11 07:02:00,Desktop,5.99
2323,219,completed,2023-06-09 06:50:00,Mobile,0.0
2324,268,cancelled,2024-02-23 02:20:00,Tablet,5.99
2325,254,completed,2024-03-26 03:06:00,Desktop,0.0
2326,390,completed,2025-07-02 19:14:00,Mobile,5.99
2327,1486,completed,2024-07-26 10:41:00,Mobile,9.99
2328,1902,completed,2024-02-22 21:03:00,Mobile,9.99
2329,670,completed,2025-05-10 21:02:00,Desktop,5.99
2330,1927,completed,2024-05-23 12:55:00,Mobile,0.0
2331,1498,processing,2023-08-14 15:51:00,Tablet,0.0
2332,2304,completed,2023-08-31 01:18:00,Desktop,0.0
2333,1859,completed,2023-11-24 08:41:00,Desktop,9.99
2334,2388,completed,2024-08-19 23:45:00,Desktop,0.0
2335,1782,completed,2024-12-09 19:29:00,Mobile,5.99
2336,2210,processing,2024-07-28 10:20:00,Mobile,0.0
2337,1095,completed,2025-01-13 03:46:00,Mobile,5.99
2338,521,completed,2024-10-12 14:42:00,Tablet,0.0
2339,1042,completed,2024-08-24 00:52:00,Tablet,9.99
2340,470,completed,2024-01-01 01:11:00,Desktop,0.0
2341,1258,completed,2025-03-05 19:24:00,Mobile,5.99
2342,63,returned,2024-10-10 20:07:00,Mobile,5.99
2343,1866,cancelled,2024-08-25 16:08:00,Mobile,0.0
2344,156,completed,2024-02-24 21:41:00,Mobile,0.0
2345,1069,completed,2024-09-15 11:35:00,Mobile,9.99
2346,1458,cancelled,2023-12-19 00:06:00,Mobile,0.0
2347,1639,processing,2024-05-15 23:16:00,Desktop,0.0
2348,768,completed,2023-10-28 04:12:00,Desktop,5.99
2349,151,returned,2024-02-26 04:31:00,Mobile,9.99
2350,1643,completed,2024-06-21 23:24:00,Desktop,0.0
2351,2095,completed,2024-02-10 21:25:00,Desktop,5.99
2352,1710,returned,2025-05-03 06:02:00,Tablet,0.0
2353,2366,completed,2025-05-14 22:39:00,Desktop,5.99
2354,2372,cancelled,2024-05-11 02:53:00,Mobile,9.99
2355,2281,cancelled,2025-10-20 02:20:00,Mobile,0.0
2356,9,cancelled,2023-07-23 21:08:00,Mobile,9.99
2357,2100,processing,2023-05-23 17:12:00,Desktop,5.99
2358,2104,completed,2024-12-05 07:08:00,Mobile,5.99
2359,1687,completed,2024-03-26 05:38:00,Mobile,0.0
2360,1436,completed,2024-07-17 11:34:00,Mobile,5.99
2361,404,cancelled,2023-09-15 02:13:00,Mobile,0.0
2362,139,processing,2025-07-16 07:31:00,Mobile,5.99
2363,1556,returned,2024-06-29 23:12:00,Desktop,9.99
2364,2074,returned,2025-05-17 11:32:00,Mobile,0.0
2365,32,returned,2024-10-08 08:02:00,Mobile,0.0
2366,900,cancelled,2025-03-28 03:09:00,Mobile,5.99
2367,1817,returned,2024-12-07 13:53:00,Tablet,0.0
2368,936,returned,2023-10-08 16:55:00,Tablet,0.0
2369,1301,processing,2024-12-25 12:36:00,Mobile,5.99
2370,2382,completed,2024-10-27 10:04:00,Tablet,0.0
2371,327,completed,2025-02-09 21:27:00,Mobile,0.0
2372,2309,completed,2025-01-04 00:29:00,Desktop,9.99
2373,1018,completed,2024-02-21 20:56:00,Desktop,0.0
2374,416,completed,2024-04-05 01:41:00,Mobile,0.0
2375,2173,completed,2024-12-05 07:26:00,Tablet,0.0
2376,1169,processing,2024-06-10 20:06:00,Tablet,5.99
2377,581,cancelled,2024-08-14 14:48:00,Mobile,5.99
2378,2174,completed,2024-05-12 10:17:00,Desktop,9.99
2379,783,completed,2024-12-15 05:05:00,Tablet,9.99
2380,799,completed,2024-05-05 23:08:00,Mobile,9.99
2381,1815,completed,2025-02-17 20:45:00,Tablet,14.99
2382,1398,returned,2023-09-02 13:05:00,Mobile,0.0
2383,1895,processing,2024-11-24 13:38:00,Desktop,0.0
2384,338,processing,2025-06-21 03:45:00,Mobile,0.0
2385,2228,returned,2025-08-13 19:35:00,Mobile,5.99
2386,247,completed,2024-11-30 22:01:00,Desktop,0.0
2387,1725,completed,2025-10-02 10:47:00,Mobile,0.0
2388,453,cancelled,2024-03-28 10:39:00,Tablet,0.0
2389,2298,completed,2024-03-06 17:50:00,Mobile,0.0
2390,1900,completed,2025-07-16 15:24:00,Tablet,5.99
2391,855,processing,2024-06-30 13:15:00,Mobile,5.99
2392,339,completed,2025-07-20 05:26:00,Mobile,0.0
2393,1098,completed,2024-08-26 01:25:00,Mobile,0.0
2394,112,completed,2024-01-03 20:45:00,Desktop,5.99
2395,2321,cancelled,2024-08-05 21:35:00,Mobile,14.99
2396,1462,completed,2024-10-29 21:29:00,Mobile,0.0
2397,789,completed,2024-02-05 15:57:00,Mobile,5.99
2398,947,cancelled,2023-09-25 22:36:00,Mobile,0.0
2399,1042,completed,2025-03-21 13:24:00,Mobile,9.99
2400,2174,cancelled,2024-06-13 09:08:00,Mobile,5.99
2401,1539,processing,2024-12-22 21:08:00,Tablet,5.99
2402,1703,completed,2025-07-15 13:52:00,Desktop,0.0
2403,1997,cancelled,2025-02-08 05:29:00,Desktop,9.99
2404,1762,completed,2025-03-24 04:58:00,Mobile,9.99
2405,697,processing,2024-11-26 16:36:00,Mobile,0.0
2406,586,completed,2024-11-12 06:51:00,Mobile,5.99
2407,1593,completed,2024-10-19 11:05:00,Mobile,0.0
2408,383,completed,2024-12-12 15:50:00,Mobile,14.99
2409,218,completed,2024-06-13 07:19:00,Mobile,0.0
2410,2463,cancelled,2024-02-13 23:54:00,Mobile,5.99
2411,2073,completed,2024-07-28 07:14:00,Desktop,5.99
2412,1452,completed,2023-08-26 19:29:00,Mobile,9.99
2413,2295,completed,2023-01-19 17:31:00,Mobile,0.0
2414,1010,processing,2025-08-05 07:41:00,Mobile,0.0
2415,2422,returned,2023-12-16 11:13:00,Desktop,5.99
2416,853,completed,2024-06-15 08:26:00,Desktop,0.0
2417,747,processing,2024-07-06 01:53:00,Desktop,5.99
2418,178,returned,2025-03-12 14:27:00,Mobile,5.99
2419,1624,completed,2025-05-11 17:02:00,Desktop,5.99
2420,721,cancelled,2023-04-03 09:16:00,Mobile,5.99
2421,1610,completed,2023-12-09 00:24:00,Mobile,0.0
2422,1485,completed,2023-04-30 18:08:00,Desktop,5.99
2423,1864,completed,2023-07-10 14:54:00,Desktop,9.99
2424,173,completed,2024-05-30 17:01:00,Tablet,0.0
2425,22,cancelled,2024-06-22 22:23:00,Mobile,5.99
2426,1632,completed,2025-08-31 03:04:00,Mobile,9.99
2427,2007,completed,2024-08-16 17:41:00,Desktop,0.0
2428,343,completed,2025-09-08 09:06:00,Tablet,0.0
2429,478,returned,2023-05-23 15:30:00,Desktop,0.0
2430,1218,returned,2023-09-12 09:00:00,Desktop,0.0
2431,2290,completed,2025-01-24 23:52:00,Mobile,0.0
2432,181,returned,2023-07-21 10:39:00,Desktop,9.99
2433,425,completed,2024-07-12 20:15:00,Desktop,5.99
2434,572,returned,2024-03-06 17:33:00,Mobile,5.99
2435,2418,completed,2024-04-19 15:30:00,Mobile,14.99
2436,262,completed,2025-07-12 19:12:00,Mobile,5.99
2437,1343,completed,2025-06-18 08:20:00,Mobile,0.0
2438,2384,completed,2024-12-08 06:19:00,Mobile,0.0
2439,1786,cancelled,2024-03-26 17:28:00,Mobile,5.99
2440,1556,completed,2024-06-06 14:45:00,Mobile,5.99
2441,139,completed,2024-11-11 13:16:00,Desktop,5.99
2442,309,completed,2024-10-30 11:03:00,Mobile,9.99
2443,1504,completed,2024-04-04 02:11:00,Tablet,9.99
2444,1308,completed,2025-03-12 01:54:00,Mobile,0.0
2445,19,completed,2023-12-27 11:53:00,Mobile,5.99
2446,468,completed,2024-05-31 08:55:00,Mobile,5.99
2447,2100,completed,2023-03-28 05:25:00,Desktop,0.0
2448,2371,completed,2024-04-26 15:28:00,Mobile,0.0
2449,1221,completed,2024-12-15 13:21:00,Mobile,0.0
2450,1754,completed,2025-09-14 00:56:00,Mobile,5.99
2451,2023,completed,2024-06-28 02:13:00,Desktop,0.0
2452,62,completed,2024-01-14 20:52:00,Desktop,14.99
2453,100,completed,2023-11-21 21:22:00,Tablet,5.99
2454,1545,completed,2023-09-23 11:42:00,Mobile,9.99
2455,906,completed,2024-09-13 04:14:00,Mobile,0.0
2456,1802,completed,2024-09-14 16:54:00,Mobile,5.99
2457,613,completed,2024-08-14 04:17:00,Mobile,0.0
2458,915,processing,2024-08-18 03:03:00,Mobile,0.0
2459,1187,cancelled,2025-04-11 11:45:00,Tablet,0.0
2460,2144,completed,2024-03-03 14:07:00,Mobile,5.99
2461,1321,completed,2025-08-30 00:35:00,Desktop,9.99
2462,2068,completed,2024-08-13 18:23:00,Desktop,9.99
2463,967,completed,2023-08-18 07:57:00,Desktop,9.99
2464,2223,completed,2024-08-14 14:33:00,Mobile,9.99
2465,1892,completed,2024-07-28 07:34:00,Tablet,5.99
2466,98,completed,2023-04-29 18:58:00,Mobile,5.99
2467,325,completed,2024-10-27 00:38:00,Mobile,5.99
2468,2051,completed,2024-02-21 18:25:00,Mobile,5.99
2469,2281,completed,2025-07-31 00:19:00,Desktop,9.99
2470,2071,completed,2023-10-23 17:02:00,Mobile,5.99
2471,2478,completed,2024-10-20 05:32:00,Desktop,9.99
2472,92,processing,2025-09-04 05:17:00,Mobile,0.0
2473,2450,completed,2024-02-27 07:16:00,Mobile,14.99
2474,2090,completed,2024-02-23 09:11:00,Tablet,5.99
2475,982,completed,2025-01-04 10:04:00,Mobile,0.0
2476,1223,completed,2023-02-03 19:31:00,Mobile,0.0
2477,1107,completed,2023-08-19 18:52:00,Mobile,0.0
2478,126,returned,2023-10-11 06:03:00,Tablet,0.0
2479,1773,completed,2024-05-10 18:03:00,Mobile,0.0
2480,169,completed,2024-10-08 14:25:00,Tablet,0.0
2481,208,cancelled,2024-01-13 21:52:00,Desktop,5.99
2482,57,processing,2024-08-09 03:36:00,Mobile,9.99
2483,787,returned,2024-04-27 08:44:00,Mobile,0.0
2484,1021,completed,2023-08-28 01:34:00,Tablet,0.0
2485,1984,processing,2024-09-13 16:57:00,Mobile,0.0
2486,2303,completed,2023-10-27 18:39:00,Desktop,0.0
2487,939,completed,2023-12-09 13:04:00,Desktop,0.0
2488,732,returned,2025-02-11 21:09:00,Desktop,5.99
2489,1468,processing,2023-08-11 13:44:00,Mobile,5.99
2490,489,returned,2024-08-31 11:49:00,Mobile,5.99
2491,2033,completed,2024-04-17 20:29:00,Mobile,5.99
2492,551,returned,2023-11-12 17:52:00,Desktop,5.99
2493,2442,cancelled,2024-01-16 07:20:00,Mobile,5.99
2494,520,cancelled,2024-09-15 07:36:00,Desktop,5.99
2495,1565,returned,2024-09-04 23:15:00,Mobile,9.99
2496,1243,processing,2023-08-04 02:36:00,Mobile,9.99
2497,1524,completed,2024-05-26 14:16:00,Tablet,5.99
2498,2241,cancelled,2024-01-25 13:16:00,Mobile,0.0
2499,46,completed,2024-10-13 11:59:00,Desktop,5.99
2500,1538,completed,2024-05-01 09:25:00,Mobile,0.0
2501,336,completed,2024-07-24 21:02:00,Desktop,9.99
2502,2042,completed,2024-01-06 19:33:00,Mobile,0.0
2503,1690,cancelled,2024-01-08 21:10:00,Mobile,5.99
2504,1553,processing,2024-07-12 00:12:00,Mobile,9.99
2505,2135,completed,2024-10-05 18:13:00,Mobile,0.0
2506,1017,returned,2023-06-21 20:58:00,Mobile,0.0
2507,1397,processing,2025-03-01 22:06:00,Tablet,9.99
2508,1243,completed,2024-04-13 03:08:00,Mobile,5.99
2509,699,completed,2023-09-22 11:08:00,Desktop,0.0
2510,1824,completed,2024-09-07 16:28:00,Desktop,5.99
2511,2481,completed,2023-08-24 12:38:00,Mobile,0.0
2512,1491,cancelled,2024-11-07 23:25:00,Desktop,9.99
2513,275,returned,2023-06-17 04:57:00,Mobile,0.0
2514,274,returned,2024-03-10 16:22:00,Desktop,0.0
2515,1639,completed,2024-05-15 17:41:00,Mobile,14.99
2516,2147,completed,2023-03-03 16:37:00,Mobile,14.99
2517,1870,completed,2023-05-10 14:01:00,Mobile,0.0
2518,484,completed,2025-02-03 14:31:00,Mobile,0.0
2519,2381,completed,2024-10-07 05:34:00,Mobile,0.0
2520,105,completed,2023-09-01 01:33:00,Tablet,5.99
2521,1316,cancelled,2024-04-08 05:58:00,Mobile,9.99
2522,1497,completed,2024-10-14 17:20:00,Mobile,5.99
2523,1778,completed,2024-01-28 01:56:00,Mobile,5.99
2524,1258,cancelled,2025-06-27 16:50:00,Mobile,9.99
2525,1785,completed,2023-10-31 02:07:00,Mobile,0.0
2526,612,returned,2025-03-30 01:18:00,Mobile,0.0
2527,2331,cancelled,2025-03-17 22:40:00,Mobile,14.99
2528,702,completed,2025-04-30 08:51:00,Mobile,9.99
2529,2474,cancelled,2024-12-21 11:53:00,Tablet,5.99
2530,523,cancelled,2025-04-19 18:17:00,Desktop,0.0
2531,211,cancelled,2024-03-16 01:03:00,Mobile,0.0
2532,1817,processing,2024-03-08 16:47:00,Desktop,0.0
2533,1909,cancelled,2024-02-20 16:09:00,Desktop,0.0
2534,2466,completed,2023-12-02 02:35:00,Desktop,0.0
2535,2179,completed,2024-01-30 19:40:00,Desktop,5.99
2536,337,completed,2024-10-10 16:34:00,Desktop,0.0
2537,2376,cancelled,2024-12-27 19:50:00,Desktop,0.0
2538,797,completed,2024-07-27 01:53:00,Mobile,0.0
2539,2126,processing,2024-06-03 09:15:00,Mobile,0.0
2540,678,returned,2024-11-22 17:10:00,Mobile,5.99
2541,875,completed,2023-06-25 09:09:00,Mobile,5.99
2542,329,returned,2024-08-12 23:01:00,Desktop,0.0
2543,1769,processing,2025-06-15 17:31:00,Desktop,0.0
2544,4,completed,2023-08-13 15:38:00,Desktop,5.99
2545,2127,returned,2024-12-06 00:18:00,Mobile,0.0
2546,1393,completed,2024-10-13 21:30:00,Desktop,5.99
2547,165,returned,2024-01-23 03:42:00,Mobile,9.99
2548,514,completed,2023-10-03 12:56:00,Mobile,0.0
2549,1666,completed,2024-11-11 05:16:00,Tablet,0.0
2550,456,cancelled,2024-07-24 12:37:00,Mobile,5.99
2551,2417,completed,2025-09-22 04:37:00,Mobile,5.99
2552,2411,cancelled,2023-11-05 12:26:00,Mobile,14.99
2553,1110,cancelled,2024-06-05 16:55:00,Mobile,0.0
2554,2404,completed,2024-11-08 07:22:00,Desktop,0.0
2555,2309,returned,2025-08-31 04:43:00,Tablet,0.0
2556,2500,completed,2023-06-07 11:43:00,Mobile,0.0
2557,134,processing,2023-05-26 09:43:00,Mobile,5.99
2558,119,cancelled,2025-02-15 03:20:00,Mobile,5.99
2559,768,completed,2024-01-08 17:20:00,Desktop,5.99
2560,1131,processing,2024-08-04 01:31:00,Desktop,5.99
2561,243,processing,2024-09-16 13:55:00,Desktop,5.99
2562,1093,returned,2023-10-02 13:33:00,Mobile,14.99
2563,1595,cancelled,2023-02-21 07:56:00,Mobile,9.99
2564,1736,cancelled,2023-07-16 07:17:00,Tablet,5.99
2565,841,completed,2023-09-03 01:21:00,Mobile,5.99
2566,1269,completed,2025-07-16 17:15:00,Mobile,0.0
2567,951,returned,2024-01-29 03:21:00,Desktop,0.0
2568,129,returned,2023-05-18 12:51:00,Desktop,5.99
2569,984,returned,2025-08-21 20:12:00,Desktop,9.99
2570,95,completed,2024-04-28 08:49:00,Mobile,0.0
2571,1337,cancelled,2024-06-01 14:37:00,Desktop,0.0
2572,605,completed,2025-01-10 03:13:00,Mobile,9.99
2573,127,completed,2025-02-14 02:02:00,Desktop,0.0
2574,36,completed,2025-01-27 15:24:00,Tablet,9.99
2575,1338,processing,2025-11-14 17:50:00,Desktop,0.0
2576,1599,completed,2024-09-22 14:23:00,Tablet,0.0
2577,1289,returned,2024-04-20 08:48:00,Mobile,9.99
2578,1433,returned,2023-11-23 02:17:00,Mobile,9.99
2579,1741,processing,2023-08-08 16:37:00,Mobile,0.0
2580,1219,completed,2024-11-16 07:57:00,Mobile,0.0
2581,764,cancelled,2023-06-01 02:01:00,Mobile,0.0
2582,435,completed,2024-05-14 02:53:00,Mobile,0.0
2583,1423,completed,2025-11-04 04:02:00,Desktop,14.99
2584,2382,returned,2024-10-13 13:10:00,Tablet,14.99
2585,1227,returned,2024-04-21 13:24:00,Mobile,5.99
2586,2090,returned,2024-03-27 20:19:00,Desktop,0.0
2587,1019,cancelled,2023-09-07 17:41:00,Desktop,5.99
2588,70,completed,2023-12-31 22:46:00,Mobile,5.99
2589,416,processing,2023-11-24 18:18:00,Mobile,0.0
2590,1173,processing,2025-11-30 00:11:00,Mobile,0.0
2591,1840,cancelled,2025-02-09 00:25:00,Mobile,9.99
2592,816,completed,2024-02-17 19:03:00,Desktop,0.0
2593,708,processing,2024-01-23 11:48:00,Mobile,0.0
2594,914,completed,2023-08-13 16:35:00,Desktop,9.99
2595,1941,cancelled,2023-10-22 05:31:00,Mobile,9.99
2596,1581,processing,2025-03-27 04:50:00,Mobile,5.99
2597,1194,cancelled,2024-02-29 14:32:00,Mobile,9.99
2598,718,returned,2024-12-01 06:45:00,Tablet,0.0
2599,1662,completed,2024-04-06 15:52:00,Mobile,5.99
2600,2145,completed,2024-06-22 22:23:00,Mobile,5.99
2601,550,returned,2024-03-20 21:37:00,Mobile,0.0
2602,1068,completed,2024-01-28 00:33:00,Desktop,5.99
2603,1945,processing,2023-10-22 06:36:00,Desktop,9.99
2604,412,completed,2024-12-10 09:32:00,Mobile,0.0
2605,655,returned,2025-07-05 16:30:00,Mobile,5.99
2606,1874,completed,2024-07-31 07:31:00,Mobile,0.0
2607,1593,returned,2025-03-11 08:42:00,Mobile,9.99
2608,1808,cancelled,2023-07-29 23:31:00,Desktop,9.99
2609,2280,completed,2025-01-25 21:55:00,Mobile,9.99
2610,290,completed,2023-10-03 20:09:00,Mobile,5.99
2611,926,cancelled,2025-04-25 00:13:00,Mobile,5.99
2612,2461,cancelled,2023-12-26 10:09:00,Mobile,5.99
2613,1205,cancelled,2024-11-23 20:42:00,Tablet,0.0
2614,2149,processing,2025-01-26 03:58:00,Desktop,5.99
2615,1035,completed,2025-06-22 19:56:00,Mobile,0.0
2616,1781,completed,2024-04-28 09:22:00,Tablet,5.99
2617,1071,completed,2023-09-23 07:02:00,Mobile,0.0
2618,588,completed,2024-04-14 23:56:00,Desktop,9.99
2619,2129,completed,2023-10-19 14:29:00,Mobile,5.99
2620,721,completed,2023-04-03 18:19:00,Tablet,0.0
2621,2447,processing,2024-05-31 14:40:00,Tablet,0.0
2622,1662,cancelled,2023-11-13 05:18:00,Mobile,0.0
2623,485,processing,2023-10-04 11:10:00,Mobile,14.99
2624,502,completed,2024-11-13 19:40:00,Mobile,5.99
2625,1909,completed,2024-10-13 04:55:00,Mobile,0.0
2626,512,completed,2025-09-06 01:16:00,Mobile,9.99
2627,1760,completed,2025-06-20 18:03:00,Desktop,0.0
2628,1144,processing,2023-11-28 12:29:00,Mobile,0.0
2629,713,returned,2023-05-01 08:44:00,Mobile,5.99
2630,2213,returned,2023-11-28 10:59:00,Desktop,0.0
2631,104,completed,2024-09-23 21:04:00,Desktop,5.99
2632,990,completed,2025-11-01 05:51:00,Mobile,0.0
2633,1737,completed,2024-07-11 05:49:00,Tablet,0.0
2634,916,completed,2024-11-03 20:57:00,Mobile,5.99
2635,1380,completed,2023-09-20 02:38:00,Mobile,0.0
2636,1715,returned,2025-01-25 17:26:00,Tablet,5.99
2637,203,completed,2025-10-18 07:13:00,Desktop,5.99
2638,966,completed,2024-04-01 07:51:00,Desktop,9.99
2639,2046,completed,2024-01-27 21:55:00,Desktop,14.99
2640,1935,returned,2023-10-24 08:11:00,Mobile,5.99
2641,1168,completed,2024-02-12 09:09:00,Mobile,5.99
2642,1594,processing,2024-11-16 02:11:00,Mobile,5.99
2643,780,completed,2024-09-18 15:32:00,Desktop,9.99
2644,2341,cancelled,2025-01-04 04:32:00,Mobile,0.0
2645,1517,completed,2024-12-19 05:59:00,Desktop,5.99
2646,1487,processing,2024-12-13 13:10:00,Mobile,0.0
2647,2041,returned,2023-09-23 12:16:00,Mobile,0.0
2648,1761,completed,2024-12-17 16:21:00,Mobile,9.99
2649,1542,completed,2024-12-23 09:14:00,Mobile,0.0
2650,718,returned,2024-06-25 16:56:00,Desktop,5.99
2651,1368,completed,2024-05-02 19:07:00,Desktop,0.0
2652,2238,completed,2023-06-21 07:08:00,Desktop,5.99
2653,1344,completed,2025-04-24 17:19:00,Desktop,14.99
2654,547,completed,2025-07-17 19:45:00,Desktop,0.0
2655,2148,completed,2023-10-08 15:50:00,Desktop,0.0
2656,1518,completed,2024-08-29 09:47:00,Mobile,9.99
2657,718,completed,2024-11-26 18:35:00,Mobile,0.0
2658,1222,cancelled,2024-07-05 19:30:00,Mobile,0.0
2659,60,returned,2024-12-08 18:30:00,Mobile,0.0
2660,2343,completed,2025-07-02 23:42:00,Mobile,9.99
2661,250,completed,2023-10-22 15:16:00,Tablet,0.0
2662,2012,processing,2024-05-21 18:36:00,Mobile,9.99
2663,513,returned,2024-09-06 00:04:00,Desktop,5.99
2664,2248,completed,2025-05-04 08:26:00,Desktop,0.0
2665,1526,processing,2024-03-11 18:35:00,Mobile,0.0
2666,2268,completed,2023-11-30 02:23:00,Desktop,0.0
2667,1688,returned,2023-07-08 17:17:00,Mobile,0.0
2668,1519,cancelled,2023-12-23 16:35:00,Mobile,0.0
2669,757,cancelled,2024-10-17 00:39:00,Desktop,9.99
2670,1485,returned,2023-08-08 13:08:00,Mobile,14.99
2671,1648,returned,2025-01-15 09:12:00,Mobile,5.99
2672,1840,processing,2025-04-24 00:05:00,Desktop,9.99
2673,146,completed,2023-08-26 04:19:00,Mobile,0.0
2674,2195,returned,2025-05-14 07:44:00,Mobile,0.0
2675,427,processing,2024-03-30 02:42:00,Mobile,0.0
2676,2242,completed,2024-06-01 11:02:00,Desktop,5.99
2677,191,processing,2025-06-26 12:04:00,Mobile,0.0
2678,392,returned,2024-07-26 13:17:00,Mobile,5.99
2679,824,completed,2024-06-12 15:58:00,Mobile,5.99
2680,2273,cancelled,2025-02-08 04:43:00,Desktop,14.99
2681,1080,completed,2025-03-14 11:56:00,Mobile,5.99
2682,1034,completed,2025-10-30 15:34:00,Mobile,5.99
2683,1080,completed,2025-01-26 21:56:00,Desktop,5.99
2684,1764,returned,2024-05-01 13:15:00,Mobile,0.0
2685,1704,returned,2023-08-17 10:59:00,Desktop,0.0
2686,2369,cancelled,2025-06-06 00:40:00,Mobile,0.0
2687,2298,cancelled,2024-10-06 21:02:00,Mobile,5.99
2688,182,cancelled,2025-03-07 12:31:00,Desktop,9.99
2689,2149,returned,2024-08-05 06:53:00,Mobile,0.0
2690,472,cancelled,2023-11-28 07:56:00,Desktop,5.99
2691,1807,cancelled,2025-06-28 13:09:00,Mobile,5.99
2692,777,cancelled,2024-11-04 11:08:00,Mobile,0.0
2693,798,returned,2024-04-11 17:56:00,Mobile,5.99
2694,1710,completed,2025-06-11 09:04:00,Desktop,0.0
2695,1657,completed,2024-12-28 20:11:00,Tablet,0.0
2696,1958,cancelled,2023-11-02 04:38:00,Mobile,0.0
2697,253,returned,2023-05-26 15:36:00,Mobile,0.0
2698,867,completed,2023-12-21 13:44:00,Mobile,0.0
2699,965,returned,2024-03-21 07:30:00,Desktop,5.99
2700,2140,returned,2024-12-11 22:24:00,Mobile,0.0
2701,685,returned,2024-10-14 07:02:00,Mobile,5.99
2702,265,completed,2023-12-14 04:18:00,Desktop,14.99
2703,588,completed,2023-07-18 10:27:00,Mobile,0.0
2704,1404,completed,2023-08-06 01:14:00,Mobile,5.99
2705,1238,completed,2024-11-13 01:52:00,Desktop,0.0
2706,706,completed,2024-03-23 21:14:00,Tablet,0.0
2707,419,completed,2024-06-03 22:39:00,Mobile,9.99
2708,2453,completed,2024-06-25 19:38:00,Desktop,0.0
2709,1501,cancelled,2024-10-15 11:50:00,Tablet,0.0
2710,309,completed,2024-09-04 21:38:00,Tablet,5.99
2711,1226,completed,2025-09-14 08:32:00,Desktop,0.0
2712,1440,cancelled,2024-04-29 13:05:00,Mobile,0.0
2713,1662,completed,2024-03-21 18:09:00,Desktop,9.99
2714,675,processing,2024-11-28 00:43:00,Desktop,0.0
2715,1549,cancelled,2023-05-03 11:37:00,Mobile,0.0
2716,1577,completed,2023-11-04 23:55:00,Mobile,0.0
2717,119,completed,2024-05-25 16:33:00,Mobile,0.0
2718,1068,completed,2024-04-11 12:43:00,Mobile,0.0
2719,1402,completed,2023-11-28 19:41:00,Desktop,5.99
2720,555,processing,2024-11-27 11:36:00,Mobile,5.99
2721,373,cancelled,2024-06-24 14:37:00,Tablet,5.99
2722,1176,returned,2025-03-07 16:19:00,Desktop,14.99
2723,717,cancelled,2025-08-16 01:24:00,Mobile,0.0
2724,1834,completed,2024-10-31 09:06:00,Desktop,5.99
2725,1391,completed,2024-01-24 03:54:00,Desktop,9.99
2726,1000,cancelled,2023-05-24 23:30:00,Desktop,5.99
2727,746,completed,2025-04-03 04:48:00,Mobile,0.0
2728,1322,returned,2023-08-12 18:39:00,Desktop,9.99
2729,2250,processing,2024-09-25 07:45:00,Mobile,5.99
2730,1669,processing,2024-12-12 15:44:00,Mobile,5.99
2731,1478,returned,2024-02-03 22:31:00,Mobile,5.99
2732,2487,returned,2024-08-01 18:44:00,Desktop,9.99
2733,316,completed,2023-10-13 10:55:00,Mobile,0.0
2734,744,completed,2024-05-10 03:50:00,Mobile,0.0
2735,2161,returned,2023-02-11 03:52:00,Mobile,0.0
2736,409,completed,2023-09-16 21:24:00,Mobile,5.99
2737,518,completed,2025-01-09 16:07:00,Mobile,5.99
2738,411,completed,2025-02-20 17:21:00,Mobile,0.0
2739,1720,completed,2025-01-31 11:41:00,Desktop,0.0
2740,300,completed,2025-05-31 21:40:00,Tablet,5.99
2741,899,completed,2025-07-06 18:53:00,Desktop,0.0
2742,1391,completed,2024-03-16 08:08:00,Desktop,0.0
2743,2470,returned,2025-03-16 00:12:00,Mobile,14.99
2744,653,returned,2024-09-13 08:01:00,Desktop,9.99
2745,2021,completed,2023-11-27 03:16:00,Mobile,5.99
2746,2487,cancelled,2024-07-28 03:56:00,Mobile,5.99
2747,1895,processing,2024-07-08 00:59:00,Tablet,14.99
2748,213,cancelled,2023-01-16 15:19:00,Mobile,0.0
2749,1285,cancelled,2023-07-06 08:27:00,Desktop,5.99
2750,1693,completed,2024-02-12 00:33:00,Mobile,5.99
2751,1986,completed,2024-09-18 17:01:00,Tablet,5.99
2752,528,completed,2024-08-06 18:05:00,Mobile,9.99
2753,2210,cancelled,2024-03-27 13:27:00,Mobile,0.0
2754,2281,completed,2025-01-10 08:33:00,Mobile,0.0
2755,55,completed,2024-12-16 21:44:00,Desktop,9.99
2756,1406,completed,2024-03-22 05:54:00,Mobile,5.99
2757,1798,completed,2024-01-12 23:33:00,Tablet,0.0
2758,51,cancelled,2024-10-30 14:13:00,Mobile,0.0
2759,1212,processing,2024-03-13 23:04:00,Mobile,0.0
2760,1170,completed,2023-04-10 23:14:00,Mobile,5.99
2761,1406,completed,2023-10-12 12:43:00,Desktop,0.0
2762,621,returned,2025-06-17 13:21:00,Mobile,0.0
2763,1177,processing,2023-07-13 04:20:00,Desktop,9.99
2764,817,completed,2024-08-04 06:17:00,Tablet,5.99
2765,231,completed,2024-03-26 01:20:00,Mobile,5.99
2766,374,completed,2024-08-29 05:53:00,Mobile,5.99
2767,1854,completed,2024-06-19 02:07:00,Mobile,5.99
2768,1676,returned,2024-07-10 21:10:00,Tablet,9.99
2769,894,processing,2024-01-24 23:31:00,Desktop,5.99
2770,715,returned,2023-09-10 21:42:00,Desktop,0.0
2771,488,returned,2025-01-18 00:15:00,Mobile,0.0
2772,81,processing,2024-11-05 22:38:00,Desktop,0.0
2773,2418,cancelled,2024-03-29 08:06:00,Mobile,0.0
2774,1203,cancelled,2024-02-26 23:05:00,Desktop,5.99
2775,1100,completed,2023-06-25 16:45:00,Mobile,9.99
2776,551,returned,2023-12-19 18:07:00,Mobile,5.99
2777,1520,completed,2024-05-24 13:59:00,Mobile,0.0
2778,2098,completed,2025-08-23 14:09:00,Mobile,5.99
2779,759,completed,2025-05-11 17:39:00,Mobile,0.0
2780,321,completed,2023-10-07 18:26:00,Mobile,0.0
2781,938,returned,2023-06-16 08:37:00,Mobile,9.99
2782,1433,completed,2023-11-03 01:48:00,Mobile,0.0
2783,1375,completed,2023-04-18 05:38:00,Mobile,5.99
2784,1181,cancelled,2024-06-05 14:44:00,Mobile,0.0
2785,288,completed,2023-11-02 19:58:00,Mobile,5.99
2786,2075,completed,2023-11-09 03:31:00,Desktop,14.99
2787,2075,completed,2024-06-27 19:59:00,Mobile,5.99
2788,2347,returned,2025-03-02 10:44:00,Mobile,0.0
2789,2428,completed,2025-09-03 11:20:00,Mobile,5.99
2790,730,completed,2023-11-25 09:45:00,Tablet,5.99
2791,991,cancelled,2025-03-01 05:07:00,Mobile,0.0
2792,1434,cancelled,2023-05-22 18:17:00,Tablet,0.0
2793,111,processing,2024-08-10 01:46:00,Mobile,5.99
2794,900,completed,2025-02-22 00:19:00,Mobile,0.0
2795,2188,completed,2023-01-31 18:24:00,Mobile,0.0
2796,1932,completed,2024-04-09 16:32:00,Mobile,0.0
2797,580,completed,2025-06-03 12:41:00,Mobile,9.99
2798,499,processing,2025-04-03 22:19:00,Mobile,0.0
2799,1712,completed,2024-04-26 10:54:00,Mobile,5.99
2800,1449,completed,2023-06-20 00:32:00,Mobile,5.99
2801,1988,completed,2023-06-22 08:40:00,Desktop,9.99
2802,866,completed,2023-08-17 07:24:00,Mobile,0.0
2803,1317,completed,2024-08-16 02:41:00,Tablet,5.99
2804,1835,completed,2023-01-29 04:45:00,Desktop,9.99
2805,1864,returned,2023-09-07 10:26:00,Mobile,9.99
2806,702,returned,2025-06-11 20:03:00,Mobile,0.0
2807,1293,completed,2023-08-20 21:18:00,Mobile,5.99
2808,1956,completed,2024-02-09 23:40:00,Tablet,14.99
2809,2064,returned,2024-03-10 02:27:00,Mobile,9.99
2810,550,returned,2023-10-22 03:43:00,Desktop,9.99
2811,1290,completed,2024-09-08 12:56:00,Mobile,5.99
2812,121,returned,2024-03-08 13:28:00,Mobile,0.0
2813,2485,cancelled,2024-07-05 16:24:00,Mobile,0.0
2814,2141,processing,2025-07-22 09:12:00,Mobile,5.99
2815,1679,completed,2024-08-06 05:48:00,Mobile,0.0
2816,97,returned,2025-02-13 23:25:00,Desktop,9.99
2817,1653,completed,2023-11-22 07:21:00,Mobile,5.99
2818,1413,completed,2024-08-05 01:52:00,Tablet,5.99
2819,1354,completed,2024-07-31 08:01:00,Desktop,0.0
2820,1530,returned,2025-02-06 07:32:00,Desktop,0.0
2821,772,completed,2025-07-15 17:05:00,Mobile,0.0
2822,2195,processing,2025-01-23 08:01:00,Desktop,0.0
2823,1067,completed,2024-08-06 10:33:00,Mobile,0.0
2824,712,completed,2024-10-28 09:06:00,Mobile,0.0
2825,81,completed,2024-05-07 01:24:00,Mobile,5.99
2826,2308,processing,2024-06-29 16:24:00,Mobile,5.99
2827,394,processing,2024-03-29 15:54:00,Mobile,0.0
2828,354,processing,2024-11-30 17:07:00,Mobile,5.99
2829,1589,returned,2024-07-26 19:46:00,Mobile,14.99
2830,2329,returned,2024-12-02 06:54:00,Mobile,9.99
2831,2028,returned,2024-04-08 00:07:00,Tablet,0.0
2832,2240,cancelled,2025-01-26 10:24:00,Mobile,0.0
2833,514,returned,2023-08-03 13:39:00,Desktop,0.0
2834,1634,returned,2025-11-08 08:39:00,Desktop,0.0
2835,1184,completed,2025-01-15 04:58:00,Mobile,5.99
2836,567,completed,2024-09-23 20:05:00,Desktop,14.99
2837,18,completed,2023-02-11 08:35:00,Desktop,5.99
2838,258,processing,2024-04-03 10:28:00,Desktop,0.0
2839,1931,cancelled,2023-12-28 18:52:00,Desktop,0.0
2840,1313,completed,2024-04-10 03:15:00,Desktop,0.0
2841,932,completed,2024-08-03 05:46:00,Mobile,14.99
2842,1601,completed,2023-09-23 09:37:00,Desktop,0.0
2843,1903,completed,2025-11-07 22:30:00,Tablet,0.0
2844,757,completed,2025-03-09 21:21:00,Desktop,0.0
2845,2408,completed,2023-07-23 18:55:00,Mobile,5.99
2846,2270,returned,2024-06-01 00:28:00,Mobile,0.0
2847,539,completed,2025-04-11 12:35:00,Mobile,5.99
2848,2315,completed,2025-05-27 12:36:00,Mobile,0.0
2849,373,completed,2024-10-15 11:15:00,Mobile,5.99
2850,943,completed,2025-04-11 21:21:00,Mobile,0.0
2851,2365,completed,2023-09-12 12:10:00,Mobile,5.99
2852,1595,completed,2023-08-11 21:13:00,Mobile,0.0
2853,22,completed,2024-08-16 13:19:00,Mobile,14.99
2854,316,completed,2023-03-24 00:13:00,Mobile,0.0
2855,5,completed,2024-10-05 23:05:00,Desktop,5.99
2856,2138,completed,2023-01-22 08:05:00,Mobile,0.0
2857,353,processing,2024-10-16 03:39:00,Mobile,0.0
2858,1517,completed,2024-10-25 05:30:00,Tablet,5.99
2859,1865,completed,2023-08-07 07:25:00,Mobile,0.0
2860,178,completed,2025-05-08 20:51:00,Mobile,0.0
2861,906,completed,2024-10-01 16:01:00,Desktop,0.0
2862,855,completed,2024-06-09 16:52:00,Mobile,0.0
2863,931,returned,2023-07-26 09:48:00,Mobile,5.99
2864,2163,completed,2023-11-01 20:49:00,Mobile,5.99
2865,993,completed,2023-11-08 22:31:00,Desktop,5.99
2866,213,processing,2023-10-13 21:19:00,Desktop,0.0
2867,2214,completed,2024-01-11 09:18:00,Desktop,5.99
2868,1623,returned,2024-05-15 10:53:00,Mobile,9.99
2869,2044,cancelled,2024-09-17 08:46:00,Mobile,14.99
2870,821,completed,2023-10-03 17:05:00,Mobile,5.99
2871,2161,processing,2023-02-23 11:25:00,Tablet,9.99
2872,1434,completed,2023-12-19 10:09:00,Mobile,5.99
2873,874,completed,2025-01-12 23:45:00,Mobile,5.99
2874,2029,cancelled,2024-07-04 03:32:00,Mobile,0.0
2875,680,returned,2024-06-03 10:52:00,Mobile,0.0
2876,1999,cancelled,2023-12-17 13:56:00,Tablet,0.0
2877,1975,returned,2024-02-09 21:25:00,Desktop,0.0
2878,2478,processing,2025-04-07 06:49:00,Mobile,5.99
2879,1758,cancelled,2023-06-23 00:09:00,Mobile,5.99
2880,381,completed,2024-11-20 22:52:00,Desktop,5.99
2881,1059,completed,2023-07-01 23:03:00,Mobile,0.0
2882,214,returned,2024-07-24 17:31:00,Tablet,0.0
2883,1824,completed,2024-10-26 12:24:00,Mobile,5.99
2884,970,completed,2024-05-28 05:51:00,Desktop,9.99
2885,1947,cancelled,2025-03-11 02:53:00,Mobile,5.99
2886,1878,returned,2025-04-12 23:44:00,Tablet,5.99
2887,724,cancelled,2024-06-24 03:52:00,Desktop,0.0
2888,2441,returned,2024-12-02 08:21:00,Mobile,5.99
2889,2081,completed,2025-04-11 05:31:00,Mobile,9.99
2890,1380,completed,2024-02-13 00:01:00,Mobile,0.0
2891,1512,completed,2024-03-01 03:17:00,Mobile,0.0
2892,2357,returned,2024-09-19 13:13:00,Desktop,0.0
2893,259,completed,2023-05-01 22:24:00,Desktop,5.99
2894,1322,completed,2023-03-28 02:29:00,Mobile,5.99
2895,2405,returned,2025-03-21 15:14:00,Mobile,5.99
2896,1754,completed,2024-11-15 07:36:00,Tablet,0.0
2897,794,completed,2025-02-06 13:44:00,Mobile,0.0
2898,2065,returned,2025-01-22 01:48:00,Mobile,0.0
2899,506,completed,2025-06-18 01:38:00,Tablet,9.99
2900,1052,completed,2024-05-14 19:33:00,Mobile,5.99
2901,1245,processing,2024-10-12 12:51:00,Desktop,14.99
2902,2159,completed,2023-08-25 07:29:00,Desktop,9.99
2903,2132,cancelled,2024-04-09 23:14:00,Desktop,0.0
2904,554,completed,2024-02-11 14:08:00,Tablet,5.99
2905,2084,completed,2024-08-28 12:07:00,Mobile,0.0
2906,1023,completed,2025-09-24 12:53:00,Mobile,5.99
2907,1930,completed,2024-09-12 02:13:00,Desktop,0.0
2908,239,completed,2025-03-31 20:33:00,Desktop,0.0
2909,496,completed,2024-11-28 03:25:00,Desktop,0.0
2910,1125,processing,2024-01-14 01:54:00,Mobile,0.0
2911,1837,completed,2024-06-19 16:35:00,Mobile,0.0
2912,722,completed,2024-02-10 14:26:00,Desktop,5.99
2913,1134,completed,2023-12-28 10:06:00,Mobile,5.99
2914,1945,completed,2024-04-12 00:45:00,Mobile,0.0
2915,988,completed,2024-02-04 03:14:00,Desktop,5.99
2916,963,completed,2024-01-10 10:58:00,Mobile,5.99
2917,1945,processing,2023-09-24 08:37:00,Desktop,0.0
2918,1471,completed,2024-07-16 02:06:00,Mobile,5.99
2919,2463,completed,2023-05-26 08:42:00,Mobile,5.99
2920,1309,processing,2024-07-28 13:48:00,Mobile,5.99
2921,1389,completed,2023-12-30 20:32:00,Desktop,5.99
2922,1083,processing,2024-01-11 12:05:00,Mobile,0.0
2923,1754,completed,2025-05-01 18:36:00,Mobile,5.99
2924,1099,completed,2024-10-05 16:44:00,Mobile,0.0
2925,362,completed,2023-10-14 00:31:00,Mobile,5.99
2926,615,cancelled,2025-01-17 21:10:00,Tablet,5.99
2927,1732,cancelled,2024-06-16 00:08:00,Tablet,0.0
2928,1364,cancelled,2025-04-04 01:10:00,Mobile,0.0
2929,2186,processing,2025-04-15 01:43:00,Desktop,9.99
2930,278,returned,2025-05-06 13:32:00,Desktop,5.99
2931,1887,completed,2024-05-18 02:14:00,Desktop,0.0
2932,514,processing,2024-01-08 16:06:00,Desktop,0.0
2933,2274,completed,2025-05-16 18:47:00,Desktop,9.99
2934,1329,processing,2023-12-11 11:06:00,Mobile,5.99
2935,916,completed,2024-12-15 22:59:00,Mobile,0.0
2936,1477,completed,2023-12-06 09:23:00,Mobile,5.99
2937,2209,completed,2024-08-22 00:40:00,Mobile,5.99
2938,843,completed,2023-04-25 17:19:00,Mobile,9.99
2939,1524,returned,2024-07-11 19:52:00,Tablet,5.99
2940,2375,completed,2024-04-21 08:55:00,Desktop,0.0
2941,877,completed,2024-11-10 08:04:00,Desktop,5.99
2942,1703,completed,2024-12-02 01:14:00,Mobile,0.0
2943,1138,cancelled,2024-10-13 12:35:00,Tablet,0.0
2944,1770,completed,2025-05-18 22:48:00,Mobile,5.99
2945,1575,processing,2024-02-07 11:44:00,Mobile,0.0
2946,1281,returned,2025-02-13 10:18:00,Mobile,5.99
2947,878,returned,2025-04-29 22:59:00,Mobile,5.99
2948,345,completed,2023-12-03 21:27:00,Mobile,5.99
2949,2416,completed,2024-09-09 06:46:00,Mobile,0.0
2950,2395,completed,2024-12-11 05:33:00,Mobile,0.0
2951,856,returned,2024-04-28 09:35:00,Mobile,5.99
2952,1559,cancelled,2024-12-23 14:38:00,Mobile,0.0
2953,1511,completed,2024-07-05 00:11:00,Mobile,5.99
2954,1915,returned,2023-11-08 02:37:00,Tablet,0.0
2955,820,processing,2023-10-06 03:16:00,Mobile,0.0
2956,51,processing,2025-04-25 04:48:00,Desktop,0.0
2957,1865,completed,2023-05-01 01:26:00,Mobile,14.99
2958,2329,completed,2024-06-03 03:53:00,Desktop,0.0
2959,2407,completed,2024-01-18 15:37:00,Mobile,0.0
2960,385,completed,2024-08-23 00:46:00,Mobile,0.0
2961,1611,completed,2025-09-27 09:26:00,Mobile,9.99
2962,1633,completed,2024-12-20 16:49:00,Mobile,5.99
2963,1771,cancelled,2024-06-27 14:32:00,Mobile,5.99
2964,2020,completed,2025-03-07 06:03:00,Mobile,14.99
2965,802,cancelled,2024-03-12 20:09:00,Mobile,0.0
2966,2053,completed,2023-09-19 15:16:00,Mobile,9.99
2967,218,processing,2024-12-31 16:59:00,Tablet,5.99
2968,2115,returned,2023-08-20 18:33:00,Desktop,0.0
2969,1716,cancelled,2023-03-29 11:38:00,Desktop,5.99
2970,608,completed,2024-09-06 04:11:00,Mobile,0.0
2971,2306,completed,2023-08-30 22:59:00,Mobile,5.99
2972,1903,completed,2025-01-30 07:27:00,Mobile,0.0
2973,477,processing,2025-01-23 09:56:00,Mobile,9.99
2974,2217,returned,2025-02-24 02:47:00,Desktop,0.0
2975,1978,completed,2024-02-22 04:33:00,Desktop,0.0
2976,644,completed,2024-07-13 18:22:00,Desktop,0.0
2977,1662,processing,2024-05-24 20:19:00,Mobile,5.99
2978,549,completed,2024-08-20 23:11:00,Tablet,0.0
2979,1280,processing,2023-09-28 02:26:00,Mobile,5.99
2980,2067,returned,2024-04-08 05:21:00,Mobile,5.99
2981,31,returned,2025-05-31 00:21:00,Mobile,5.99
2982,608,cancelled,2024-07-28 18:54:00,Mobile,5.99
2983,2015,processing,2023-12-13 19:41:00,Mobile,9.99
2984,538,cancelled,2024-06-28 09:09:00,Mobile,5.99
2985,485,completed,2024-01-28 20:45:00,Mobile,9.99
2986,389,cancelled,2024-11-13 04:47:00,Tablet,5.99
2987,884,cancelled,2025-06-11 19:47:00,Desktop,9.99
2988,929,processing,2024-07-10 08:53:00,Mobile,5.99
2989,391,returned,2023-06-19 12:15:00,Mobile,5.99
2990,338,completed,2025-09-06 14:07:00,Desktop,5.99
2991,2091,completed,2024-02-01 23:05:00,Desktop,5.99
2992,71,processing,2024-12-29 10:31:00,Desktop,0.0
2993,1481,completed,2024-11-09 13:28:00,Mobile,9.99
2994,1292,completed,2024-04-07 00:19:00,Desktop,5.99
2995,1190,completed,2024-11-24 07:47:00,Tablet,5.99
2996,852,processing,2023-05-27 03:43:00,Mobile,0.0
2997,1325,completed,2024-10-10 20:07:00,Mobile,0.0
2998,1427,completed,2024-07-15 05:23:00,Mobile,0.0
2999,1962,completed,2023-12-30 07:00:00,Desktop,0.0
3000,348,completed,2024-06-23 06:23:00,Mobile,0.0
3001,523,completed,2024-12-23 01:14:00,Desktop,0.0
3002,1798,completed,2024-02-17 18:50:00,Mobile,0.0
3003,186,completed,2024-07-31 01:59:00,Desktop,0.0
3004,2458,completed,2024-03-17 17:09:00,Mobile,5.99
3005,214,completed,2025-04-29 10:05:00,Mobile,0.0
3006,230,returned,2023-12-15 11:52:00,Mobile,9.99
3007,1476,completed,2025-01-18 04:47:00,Mobile,0.0
3008,668,completed,2023-08-20 23:52:00,Mobile,0.0
3009,2119,completed,2023-08-28 05:02:00,Mobile,0.0
3010,1493,processing,2023-09-14 20:48:00,Mobile,0.0
3011,2478,returned,2024-09-30 01:42:00,Mobile,9.99
3012,740,processing,2024-08-12 22:55:00,Mobile,5.99
3013,1971,returned,2024-12-31 03:47:00,Mobile,0.0
3014,1292,returned,2024-05-02 06:52:00,Mobile,0.0
3015,965,cancelled,2024-01-25 16:08:00,Mobile,9.99
3016,1538,completed,2024-04-19 21:19:00,Mobile,5.99
3017,1481,processing,2024-08-09 10:39:00,Mobile,0.0
3018,105,completed,2023-10-22 12:02:00,Mobile,0.0
3019,1223,completed,2023-08-13 16:50:00,Tablet,14.99
3020,2447,completed,2024-08-12 03:17:00,Mobile,9.99
3021,2406,completed,2025-02-10 09:28:00,Desktop,0.0
3022,799,cancelled,2024-07-25 10:57:00,Desktop,0.0
3023,787,completed,2024-02-18 08:39:00,Mobile,9.99
3024,252,completed,2024-03-11 22:52:00,Desktop,0.0
3025,1258,processing,2024-09-18 22:20:00,Desktop,9.99
3026,736,processing,2024-06-12 08:15:00,Mobile,5.99
3027,1677,completed,2025-06-18 09:18:00,Mobile,14.99
3028,2008,completed,2024-01-06 04:19:00,Mobile,5.99
3029,701,cancelled,2024-04-25 03:51:00,Mobile,9.99
3030,59,completed,2023-12-08 10:18:00,Mobile,0.0
3031,810,processing,2024-06-16 22:46:00,Mobile,5.99
3032,2181,completed,2024-06-20 01:25:00,Desktop,5.99
3033,1318,returned,2024-08-18 13:30:00,Mobile,9.99
3034,280,completed,2024-11-23 14:18:00,Mobile,9.99
3035,1373,completed,2024-03-30 08:43:00,Desktop,5.99
3036,1707,completed,2024-02-23 10:20:00,Mobile,5.99
3037,2350,completed,2023-06-23 07:15:00,Mobile,0.0
3038,803,completed,2023-07-03 15:13:00,Tablet,5.99
3039,1072,cancelled,2024-01-14 13:34:00,Mobile,0.0
3040,2092,completed,2024-07-15 23:09:00,Desktop,0.0
3041,258,cancelled,2024-03-21 12:24:00,Mobile,14.99
3042,1332,returned,2025-02-09 11:17:00,Desktop,5.99
3043,2369,completed,2025-05-04 19:11:00,Mobile,5.99
3044,743,processing,2025-08-25 08:21:00,Mobile,14.99
3045,2340,cancelled,2025-05-15 15:12:00,Desktop,0.0
3046,1538,completed,2024-08-13 04:01:00,Mobile,0.0
3047,1942,cancelled,2024-11-03 08:45:00,Desktop,5.99
3048,1756,completed,2024-02-07 11:16:00,Mobile,0.0
3049,1666,processing,2024-06-18 11:28:00,Mobile,0.0
3050,1211,completed,2023-04-16 21:09:00,Desktop,0.0
3051,278,completed,2025-02-04 01:21:00,Desktop,5.99
3052,1732,completed,2024-01-28 00:52:00,Mobile,0.0
3053,1106,completed,2024-06-27 08:45:00,Mobile,5.99
3054,2410,returned,2024-08-18 01:41:00,Desktop,0.0
3055,659,cancelled,2024-05-26 02:59:00,Mobile,0.0
3056,1993,completed,2024-09-12 18:50:00,Mobile,0.0
3057,1101,completed,2024-12-07 10:21:00,Mobile,14.99
3058,948,completed,2025-05-16 12:48:00,Mobile,9.99
3059,677,cancelled,2025-04-23 23:25:00,Mobile,0.0
3060,484,completed,2025-06-17 11:39:00,Mobile,9.99
3061,1156,cancelled,2025-09-10 17:04:00,Mobile,5.99
3062,1803,completed,2023-10-23 07:33:00,Mobile,0.0
3063,2397,completed,2024-06-01 02:35:00,Mobile,0.0
3064,252,completed,2024-03-11 14:59:00,Desktop,0.0
3065,2114,completed,2024-01-07 10:32:00,Mobile,0.0
3066,2096,completed,2025-08-05 03:16:00,Mobile,0.0
3067,2494,completed,2023-11-28 12:45:00,Desktop,9.99
3068,1470,completed,2024-01-22 01:25:00,Mobile,5.99
3069,1534,returned,2024-04-09 07:49:00,Mobile,9.99
3070,2065,completed,2025-07-06 01:35:00,Mobile,0.0
3071,663,completed,2025-07-09 10:44:00,Desktop,5.99
3072,2335,processing,2024-03-20 21:05:00,Mobile,9.99
3073,1769,completed,2025-01-29 02:44:00,Tablet,5.99
3074,1939,completed,2025-05-01 20:18:00,Mobile,5.99
3075,217,cancelled,2024-05-13 11:14:00,Mobile,0.0
3076,821,cancelled,2024-02-08 05:53:00,Mobile,9.99
3077,202,cancelled,2024-01-20 05:59:00,Mobile,5.99
3078,2032,completed,2024-04-29 12:45:00,Desktop,5.99
3079,2209,cancelled,2024-07-12 00:47:00,Tablet,5.99
3080,346,returned,2024-07-20 17:28:00,Mobile,0.0
3081,262,completed,2025-05-23 05:23:00,Mobile,0.0
3082,772,processing,2025-03-03 21:20:00,Mobile,14.99
3083,1897,completed,2024-02-10 22:38:00,Tablet,5.99
3084,150,processing,2025-02-06 04:36:00,Mobile,0.0
3085,1659,completed,2024-11-13 19:21:00,Mobile,0.0
3086,1741,returned,2023-05-18 22:45:00,Desktop,0.0
3087,896,cancelled,2025-09-28 17:42:00,Desktop,5.99
3088,1546,completed,2024-03-11 20:53:00,Mobile,0.0
3089,875,cancelled,2024-01-17 12:20:00,Mobile,0.0
3090,1330,completed,2024-05-08 02:09:00,Mobile,5.99
3091,2351,completed,2023-12-21 17:34:00,Desktop,5.99
3092,714,completed,2024-01-16 05:49:00,Mobile,5.99
3093,2194,completed,2024-10-27 04:26:00,Mobile,0.0
3094,1407,completed,2023-07-05 20:21:00,Mobile,0.0
3095,1109,completed,2023-12-09 04:01:00,Mobile,0.0
3096,703,completed,2024-10-06 19:11:00,Mobile,0.0
3097,1084,completed,2023-11-06 04:42:00,Desktop,5.99
3098,1770,completed,2024-09-07 02:56:00,Desktop,9.99
3099,413,processing,2023-10-08 16:39:00,Mobile,0.0
3100,982,returned,2024-06-08 21:20:00,Mobile,0.0
3101,836,completed,2024-11-10 06:35:00,Desktop,0.0
3102,1736,processing,2023-04-02 23:17:00,Desktop,9.99
3103,2082,returned,2024-11-29 19:45:00,Desktop,9.99
3104,618,processing,2024-03-03 04:35:00,Mobile,0.0
3105,472,completed,2024-02-06 07:57:00,Desktop,9.99
3106,209,completed,2024-02-07 08:51:00,Mobile,0.0
3107,368,completed,2024-10-25 16:21:00,Mobile,5.99
3108,735,completed,2024-06-16 16:48:00,Mobile,5.99
3109,1735,completed,2023-04-10 22:06:00,Mobile,0.0
3110,910,returned,2023-05-08 22:19:00,Desktop,0.0
3111,650,completed,2024-12-03 10:33:00,Mobile,14.99
3112,2049,processing,2023-09-29 09:56:00,Tablet,5.99
3113,2355,completed,2023-05-02 21:19:00,Desktop,9.99
3114,2204,completed,2024-01-19 12:41:00,Desktop,9.99
3115,226,completed,2024-08-04 21:18:00,Desktop,0.0
3116,981,processing,2025-08-26 20:14:00,Desktop,0.0
3117,521,processing,2025-06-03 04:15:00,Mobile,0.0
3118,264,completed,2023-12-24 18:13:00,Mobile,0.0
3119,1035,completed,2024-10-25 10:42:00,Mobile,5.99
3120,836,completed,2024-12-04 15:35:00,Desktop,0.0
3121,983,completed,2023-08-09 05:24:00,Mobile,5.99
3122,2036,cancelled,2024-08-08 07:14:00,Mobile,5.99
3123,1002,completed,2023-06-28 14:20:00,Tablet,9.99
3124,589,completed,2023-05-13 15:53:00,Desktop,9.99
3125,2195,completed,2025-04-06 18:35:00,Mobile,5.99
3126,2223,processing,2024-02-27 11:30:00,Tablet,5.99
3127,373,completed,2024-05-21 15:53:00,Desktop,5.99
3128,1135,completed,2024-01-09 13:18:00,Desktop,14.99
3129,334,returned,2025-08-03 05:23:00,Desktop,0.0
3130,2168,completed,2025-05-15 06:58:00,Mobile,9.99
3131,2386,processing,2024-01-05 12:50:00,Desktop,0.0
3132,1995,cancelled,2023-02-24 12:15:00,Mobile,5.99
3133,1014,completed,2023-11-08 15:20:00,Desktop,5.99
3134,977,completed,2023-10-17 23:58:00,Desktop,0.0
3135,2289,completed,2025-05-30 13:44:00,Mobile,5.99
3136,206,completed,2025-05-06 02:39:00,Desktop,5.99
3137,959,completed,2024-01-16 21:53:00,Mobile,0.0
3138,1882,completed,2024-03-25 20:45:00,Mobile,14.99
3139,7,completed,2024-10-09 22:26:00,Mobile,5.99
3140,1071,returned,2023-08-21 13:45:00,Mobile,5.99
3141,45,processing,2023-07-29 01:58:00,Mobile,5.99
3142,1642,completed,2025-01-05 10:31:00,Mobile,0.0
3143,1911,completed,2024-04-29 22:55:00,Desktop,5.99
3144,866,completed,2024-01-28 09:03:00,Mobile,5.99
3145,375,cancelled,2023-09-22 11:12:00,Mobile,0.0
3146,2152,completed,2024-07-05 21:44:00,Mobile,0.0
3147,288,completed,2024-01-07 19:29:00,Mobile,5.99
3148,2204,returned,2023-07-08 01:04:00,Mobile,5.99
3149,181,returned,2023-11-24 20:20:00,Mobile,5.99
3150,1958,processing,2023-10-08 20:09:00,Tablet,0.0
3151,137,completed,2023-09-27 22:31:00,Mobile,5.99
3152,2452,completed,2024-02-09 03:21:00,Desktop,0.0
3153,1030,completed,2024-02-03 22:59:00,Desktop,9.99
3154,892,cancelled,2023-11-25 06:02:00,Desktop,14.99
3155,663,completed,2025-07-04 09:12:00,Mobile,5.99
3156,981,returned,2025-06-23 19:18:00,Mobile,0.0
3157,1279,completed,2024-03-24 03:34:00,Desktop,14.99
3158,2294,returned,2024-12-20 15:35:00,Mobile,0.0
3159,738,cancelled,2024-01-24 05:00:00,Mobile,5.99
3160,2458,completed,2023-10-12 06:29:00,Mobile,14.99
3161,2479,completed,2025-07-22 03:25:00,Tablet,14.99
3162,805,cancelled,2023-08-08 18:53:00,Desktop,5.99
3163,464,processing,2023-11-07 00:57:00,Mobile,5.99
3164,505,processing,2024-11-10 03:39:00,Desktop,0.0
3165,429,completed,2023-08-30 19:14:00,Desktop,0.0
3166,1414,completed,2024-04-13 19:06:00,Mobile,0.0
3167,2222,processing,2025-03-16 19:10:00,Mobile,5.99
3168,1038,processing,2025-07-16 04:58:00,Mobile,9.99
3169,2193,returned,2023-07-04 02:41:00,Tablet,0.0
3170,335,completed,2025-03-11 20:57:00,Tablet,5.99
3171,1274,completed,2024-09-17 21:13:00,Mobile,0.0
3172,1060,processing,2024-10-18 01:12:00,Tablet,5.99
3173,960,completed,2024-11-30 02:53:00,Desktop,5.99
3174,138,completed,2025-01-16 16:50:00,Mobile,5.99
3175,2177,completed,2024-01-06 14:24:00,Mobile,0.0
3176,1105,completed,2025-04-25 04:14:00,Mobile,14.99
3177,1550,returned,2024-06-24 09:20:00,Desktop,9.99
3178,430,processing,2023-10-06 15:42:00,Mobile,14.99
3179,2092,completed,2025-01-11 01:00:00,Mobile,0.0
3180,1121,completed,2025-04-09 07:43:00,Mobile,5.99
3181,2386,completed,2023-10-07 04:09:00,Desktop,5.99
3182,799,returned,2024-03-09 16:20:00,Mobile,0.0
3183,574,cancelled,2024-08-08 16:45:00,Desktop,5.99
3184,291,completed,2023-10-26 08:48:00,Desktop,5.99
3185,2339,processing,2024-09-01 08:20:00,Desktop,9.99
3186,1771,completed,2024-04-01 04:56:00,Desktop,0.0
3187,2474,completed,2024-07-16 18:20:00,Mobile,5.99
3188,2124,completed,2024-12-14 03:08:00,Mobile,0.0
3189,1033,completed,2023-06-28 09:47:00,Mobile,0.0
3190,1363,processing,2024-10-08 09:57:00,Desktop,0.0
3191,939,returned,2024-03-07 04:27:00,Desktop,0.0
3192,98,completed,2024-01-21 02:37:00,Mobile,9.99
3193,1534,completed,2024-07-04 07:11:00,Tablet,0.0
3194,2391,completed,2025-03-04 08:11:00,Mobile,5.99
3195,628,completed,2024-08-03 06:29:00,Mobile,0.0
3196,240,completed,2023-12-17 05:17:00,Mobile,0.0
3197,1747,completed,2024-03-03 22:22:00,Mobile,0.0
3198,156,processing,2024-04-06 04:51:00,Tablet,0.0
3199,1403,completed,2024-06-28 01:29:00,Mobile,5.99
3200,1706,completed,2024-03-29 23:55:00,Desktop,5.99
3201,1488,returned,2023-08-31 18:08:00,Desktop,9.99
3202,1944,cancelled,2025-08-12 04:13:00,Desktop,5.99
3203,795,completed,2023-12-22 02:49:00,Desktop,5.99
3204,987,completed,2025-03-09 09:47:00,Mobile,0.0
3205,256,completed,2025-05-22 18:24:00,Mobile,5.99
3206,438,returned,2025-04-21 20:45:00,Desktop,5.99
3207,2343,returned,2025-05-19 10:37:00,Desktop,0.0
3208,1874,completed,2025-01-06 02:29:00,Desktop,5.99
3209,506,completed,2024-12-14 07:47:00,Mobile,9.99
3210,1937,completed,2023-05-10 14:39:00,Desktop,0.0
3211,1146,completed,2025-08-05 19:55:00,Mobile,0.0
3212,586,completed,2025-07-08 17:34:00,Mobile,5.99
3213,1510,processing,2024-07-26 08:32:00,Desktop,5.99
3214,1752,completed,2023-08-24 02:12:00,Mobile,0.0
3215,1220,cancelled,2023-08-21 12:50:00,Mobile,5.99
3216,527,cancelled,2024-07-12 01:18:00,Mobile,0.0
3217,2276,completed,2023-04-24 16:55:00,Desktop,5.99
3218,187,completed,2025-01-28 19:41:00,Mobile,5.99
3219,1573,returned,2025-07-17 01:57:00,Desktop,5.99
3220,2113,returned,2025-06-22 11:53:00,Mobile,0.0
3221,925,completed,2025-04-05 01:23:00,Mobile,0.0
3222,1190,processing,2024-06-21 16:52:00,Mobile,0.0
3223,2145,completed,2024-05-17 17:41:00,Desktop,14.99
3224,2036,completed,2024-02-10 16:50:00,Mobile,9.99
3225,2098,completed,2025-07-19 12:08:00,Desktop,14.99
3226,360,returned,2025-01-03 18:37:00,Desktop,9.99
3227,899,cancelled,2024-08-10 22:10:00,Mobile,5.99
3228,1197,completed,2024-01-27 09:40:00,Mobile,9.99
3229,2041,processing,2023-09-26 08:59:00,Mobile,5.99
3230,741,completed,2024-09-22 18:43:00,Desktop,9.99
3231,1717,returned,2023-07-15 07:04:00,Mobile,5.99
3232,220,completed,2023-08-27 07:21:00,Mobile,0.0
3233,1007,processing,2025-08-08 15:24:00,Desktop,0.0
3234,1016,cancelled,2025-06-10 13:13:00,Mobile,0.0
3235,1369,returned,2024-02-08 15:24:00,Mobile,0.0
3236,557,completed,2024-03-11 22:13:00,Tablet,0.0
3237,2295,completed,2023-03-23 22:26:00,Mobile,0.0
3238,1840,completed,2024-07-15 12:16:00,Mobile,0.0
3239,1372,returned,2023-10-25 06:04:00,Desktop,5.99
3240,1874,completed,2024-12-18 20:02:00,Mobile,0.0
3241,1951,cancelled,2023-08-25 23:03:00,Mobile,0.0
3242,428,completed,2023-10-17 09:43:00,Mobile,5.99
3243,2317,processing,2025-01-03 14:42:00,Mobile,5.99
3244,1716,processing,2023-05-13 21:29:00,Mobile,0.0
3245,1758,completed,2023-05-04 01:47:00,Desktop,0.0
3246,1657,returned,2024-12-28 05:32:00,Mobile,5.99
3247,694,completed,2025-02-06 20:33:00,Mobile,5.99
3248,486,completed,2024-09-27 10:33:00,Desktop,9.99
3249,2385,completed,2024-09-25 01:54:00,Mobile,0.0
3250,323,completed,2024-04-02 03:04:00,Desktop,5.99
3251,817,processing,2025-05-21 22:12:00,Tablet,9.99
3252,2242,completed,2024-11-21 17:44:00,Mobile,9.99
3253,942,completed,2023-03-11 03:37:00,Mobile,0.0
3254,2349,completed,2025-08-15 22:06:00,Mobile,9.99
3255,577,completed,2024-01-07 16:49:00,Mobile,14.99
3256,1607,completed,2025-08-08 23:47:00,Mobile,5.99
3257,1811,returned,2024-02-07 10:28:00,Desktop,5.99
3258,1185,completed,2025-10-19 04:00:00,Mobile,14.99
3259,1365,processing,2023-12-01 01:22:00,Tablet,9.99
3260,1050,completed,2025-01-27 04:12:00,Tablet,0.0
3261,732,processing,2024-09-28 00:04:00,Desktop,5.99
3262,722,cancelled,2023-12-24 01:31:00,Desktop,9.99
3263,799,returned,2024-03-27 04:03:00,Mobile,5.99
3264,934,completed,2023-12-25 10:53:00,Tablet,0.0
3265,840,returned,2025-02-10 17:43:00,Desktop,5.99
3266,2050,completed,2024-10-15 04:20:00,Mobile,9.99
3267,25,completed,2024-07-28 08:35:00,Desktop,5.99
3268,2101,cancelled,2025-02-16 17:24:00,Tablet,0.0
3269,111,processing,2023-11-09 05:05:00,Mobile,0.0
3270,2355,processing,2023-10-15 11:40:00,Mobile,0.0
3271,1024,completed,2024-10-06 23:31:00,Desktop,0.0
3272,1603,completed,2024-11-02 15:39:00,Desktop,0.0
3273,1631,returned,2023-10-06 23:12:00,Mobile,5.99
3274,662,returned,2024-03-04 07:06:00,Mobile,9.99
3275,1399,returned,2024-04-16 19:06:00,Desktop,0.0
3276,2233,completed,2023-11-26 02:42:00,Mobile,5.99
3277,1869,processing,2023-10-09 23:17:00,Desktop,5.99
3278,1597,completed,2023-10-29 15:28:00,Desktop,0.0
3279,278,cancelled,2025-06-16 10:36:00,Mobile,0.0
3280,2351,completed,2023-09-29 12:53:00,Desktop,0.0
3281,346,completed,2024-07-27 03:16:00,Mobile,0.0
3282,2067,completed,2024-09-15 23:04:00,Mobile,5.99
3283,1423,completed,2025-05-03 04:07:00,Mobile,0.0
3284,2312,returned,2025-03-25 04:47:00,Desktop,0.0
3285,1763,cancelled,2025-03-07 23:43:00,Tablet,0.0
3286,1264,completed,2025-06-02 13:10:00,Mobile,5.99
3287,420,completed,2023-12-31 13:06:00,Desktop,5.99
3288,415,completed,2024-04-29 23:18:00,Mobile,9.99
3289,79,completed,2023-10-29 11:16:00,Mobile,0.0
3290,1645,processing,2024-08-24 05:25:00,Mobile,9.99
3291,1065,cancelled,2024-12-07 06:46:00,Tablet,0.0
3292,2470,cancelled,2025-08-09 19:40:00,Tablet,0.0
3293,791,returned,2024-07-23 10:41:00,Mobile,5.99
3294,2405,completed,2025-05-23 11:56:00,Desktop,9.99
3295,1513,completed,2024-01-21 07:20:00,Desktop,0.0
3296,623,completed,2024-08-02 05:07:00,Mobile,9.99
3297,1024,completed,2025-06-22 10:03:00,Mobile,14.99
3298,1991,completed,2023-09-10 12:22:00,Mobile,0.0
3299,888,completed,2025-05-03 12:46:00,Desktop,5.99
3300,1196,processing,2025-08-22 05:34:00,Mobile,5.99
3301,1184,completed,2025-02-05 22:34:00,Mobile,5.99
3302,420,completed,2023-11-14 21:46:00,Mobile,0.0
3303,2292,completed,2024-05-26 19:55:00,Desktop,0.0
3304,1572,completed,2025-03-24 14:26:00,Tablet,0.0
3305,1786,completed,2024-12-26 04:15:00,Mobile,0.0
3306,1826,completed,2025-03-21 01:21:00,Mobile,0.0
3307,2317,returned,2025-04-10 20:33:00,Tablet,5.99
3308,339,processing,2025-06-06 13:37:00,Mobile,9.99
3309,667,completed,2024-07-24 18:09:00,Desktop,5.99
3310,793,completed,2024-12-24 00:21:00,Desktop,0.0
3311,325,returned,2024-03-27 05:49:00,Mobile,5.99
3312,1740,completed,2024-09-16 20:18:00,Desktop,9.99
3313,968,returned,2023-12-28 03:51:00,Mobile,5.99
3314,1272,returned,2024-12-21 11:43:00,Mobile,0.0
3315,871,cancelled,2025-02-14 20:53:00,Mobile,0.0
3316,304,completed,2025-02-20 19:17:00,Mobile,0.0
3317,2071,processing,2024-06-16 02:01:00,Desktop,5.99
3318,1892,completed,2025-01-18 11:38:00,Mobile,5.99
3319,99,completed,2024-02-02 09:16:00,Mobile,0.0
3320,1409,processing,2023-06-26 11:40:00,Desktop,5.99
3321,1759,completed,2024-09-19 23:57:00,Mobile,5.99
3322,1039,cancelled,2024-09-20 15:43:00,Mobile,0.0
3323,1756,completed,2024-05-11 10:30:00,Desktop,0.0
3324,1040,completed,2023-09-11 02:17:00,Tablet,0.0
3325,756,processing,2024-04-02 09:57:00,Mobile,0.0
3326,1044,cancelled,2024-07-10 13:24:00,Desktop,0.0
3327,972,completed,2023-08-08 00:55:00,Mobile,9.99
3328,1219,processing,2024-09-20 14:39:00,Mobile,9.99
3329,493,returned,2024-04-09 14:30:00,Desktop,5.99
3330,87,cancelled,2025-05-29 02:04:00,Desktop,0.0
3331,2411,completed,2024-04-02 13:26:00,Mobile,0.0
3332,1592,processing,2024-05-18 04:46:00,Desktop,0.0
3333,1117,cancelled,2024-05-25 07:54:00,Mobile,0.0
3334,882,cancelled,2024-12-17 12:18:00,Mobile,5.99
3335,85,completed,2023-11-24 19:56:00,Mobile,0.0
3336,2046,completed,2024-02-28 20:59:00,Desktop,0.0
3337,2094,completed,2025-05-16 14:39:00,Desktop,5.99
3338,22,completed,2024-11-15 01:12:00,Desktop,0.0
3339,64,completed,2024-09-15 21:30:00,Mobile,5.99
3340,561,completed,2024-09-23 23:55:00,Mobile,5.99
3341,46,completed,2024-07-05 15:18:00,Mobile,0.0
3342,1502,completed,2025-09-04 06:45:00,Mobile,5.99
3343,1941,returned,2023-07-29 03:40:00,Mobile,5.99
3344,2452,completed,2024-01-13 19:35:00,Mobile,0.0
3345,94,completed,2025-08-15 03:47:00,Desktop,0.0
3346,1336,completed,2024-07-12 11:37:00,Mobile,0.0
3347,1335,completed,2024-06-03 05:34:00,Mobile,5.99
3348,1172,returned,2024-09-26 07:59:00,Mobile,5.99
3349,1101,cancelled,2025-07-03 12:29:00,Mobile,0.0
3350,779,completed,2024-11-25 00:41:00,Desktop,5.99
3351,1627,returned,2023-05-15 18:58:00,Desktop,0.0
3352,2418,cancelled,2024-06-15 22:41:00,Mobile,0.0
3353,388,returned,2023-10-28 14:44:00,Desktop,5.99
3354,1732,cancelled,2024-09-30 11:56:00,Desktop,5.99
3355,720,completed,2024-08-20 01:29:00,Mobile,0.0
3356,963,completed,2023-05-31 11:01:00,Mobile,5.99
3357,1593,processing,2024-05-13 12:39:00,Desktop,5.99
3358,2017,completed,2025-03-01 01:24:00,Mobile,5.99
3359,285,cancelled,2024-12-04 08:11:00,Desktop,0.0
3360,1049,processing,2024-03-05 22:09:00,Desktop,9.99
3361,373,completed,2024-12-19 22:03:00,Tablet,9.99
3362,2250,returned,2024-11-16 13:05:00,Tablet,9.99
3363,323,completed,2024-03-28 16:50:00,Mobile,14.99
3364,512,completed,2025-09-08 05:07:00,Desktop,0.0
3365,175,completed,2025-04-24 06:07:00,Mobile,9.99
3366,725,cancelled,2023-11-01 20:57:00,Desktop,5.99
3367,1852,completed,2025-04-16 09:57:00,Mobile,0.0
3368,1075,completed,2023-08-25 08:17:00,Mobile,9.99
3369,1676,returned,2024-07-01 08:50:00,Mobile,0.0
3370,1001,cancelled,2025-05-27 05:04:00,Mobile,0.0
3371,955,returned,2024-02-13 23:52:00,Mobile,9.99
3372,35,completed,2024-02-21 08:52:00,Desktop,9.99
3373,1568,completed,2025-09-04 22:02:00,Mobile,0.0
3374,1675,completed,2023-12-25 02:43:00,Tablet,14.99
3375,1926,completed,2024-01-13 18:50:00,Mobile,9.99
3376,2472,completed,2024-07-02 21:48:00,Desktop,5.99
3377,1879,completed,2024-07-13 10:51:00,Mobile,9.99
3378,1132,returned,2024-06-03 19:20:00,Mobile,0.0
3379,2368,cancelled,2024-04-09 05:30:00,Desktop,9.99
3380,956,completed,2023-09-24 08:07:00,Desktop,0.0
3381,2284,completed,2024-04-21 18:46:00,Desktop,5.99
3382,686,completed,2024-05-11 13:48:00,Mobile,9.99
3383,528,cancelled,2023-10-19 01:45:00,Desktop,5.99
3384,985,returned,2024-03-25 02:10:00,Desktop,5.99
3385,1415,processing,2024-11-15 20:05:00,Mobile,9.99
3386,2174,processing,2023-11-14 12:33:00,Desktop,0.0
3387,1881,completed,2023-12-10 22:59:00,Desktop,0.0
3388,1341,completed,2024-12-31 18:13:00,Mobile,5.99
3389,1983,completed,2024-04-23 07:37:00,Mobile,0.0
3390,1936,processing,2024-06-13 05:19:00,Mobile,5.99
3391,2280,completed,2025-08-18 20:59:00,Desktop,0.0
3392,2486,completed,2024-01-26 10:16:00,Mobile,0.0
3393,459,completed,2023-09-14 04:12:00,Mobile,0.0
3394,1323,completed,2025-02-01 06:47:00,Mobile,5.99
3395,1435,completed,2024-11-20 17:43:00,Mobile,0.0
3396,1532,completed,2024-06-20 05:45:00,Desktop,0.0
3397,541,processing,2025-03-30 18:44:00,Mobile,0.0
3398,1144,completed,2023-09-25 23:12:00,Desktop,5.99
3399,646,completed,2023-10-01 13:59:00,Mobile,9.99
3400,1204,completed,2024-09-16 06:33:00,Mobile,0.0
3401,1582,processing,2024-02-05 11:45:00,Desktop,9.99
3402,226,completed,2024-04-14 18:29:00,Mobile,5.99
3403,816,completed,2024-07-22 05:41:00,Desktop,5.99
3404,926,returned,2025-11-11 22:54:00,Mobile,0.0
3405,1147,completed,2023-05-06 09:53:00,Mobile,5.99
3406,474,completed,2023-12-10 14:47:00,Mobile,5.99
3407,2101,completed,2025-03-27 05:43:00,Mobile,0.0
3408,1352,processing,2024-10-25 14:25:00,Tablet,5.99
3409,1149,cancelled,2023-09-22 22:12:00,Mobile,0.0
3410,1828,completed,2023-12-20 03:57:00,Desktop,5.99
3411,1712,processing,2023-09-23 08:22:00,Mobile,0.0
3412,1573,completed,2025-07-22 21:37:00,Mobile,0.0
3413,1033,completed,2024-02-19 10:03:00,Desktop,5.99
3414,1634,completed,2025-03-25 17:08:00,Desktop,5.99
3415,270,completed,2024-08-21 02:05:00,Mobile,0.0
3416,1989,completed,2025-01-03 15:52:00,Mobile,14.99
3417,686,cancelled,2024-07-12 00:57:00,Mobile,5.99
3418,522,completed,2023-10-20 21:45:00,Mobile,0.0
3419,1259,completed,2024-07-25 01:41:00,Mobile,0.0
3420,1769,cancelled,2024-11-26 00:53:00,Mobile,0.0
3421,1433,completed,2024-04-10 11:03:00,Desktop,14.99
3422,1766,processing,2023-06-25 03:09:00,Mobile,0.0
3423,616,completed,2025-07-10 06:21:00,Desktop,5.99
3424,634,processing,2024-04-17 07:13:00,Mobile,9.99
3425,1999,completed,2024-03-13 13:35:00,Desktop,14.99
3426,2400,completed,2023-05-21 08:21:00,Desktop,9.99
3427,1219,completed,2025-03-11 18:51:00,Desktop,5.99
3428,1824,completed,2024-11-27 16:26:00,Mobile,0.0
3429,814,completed,2025-01-06 18:57:00,Tablet,5.99
3430,2497,processing,2025-04-06 03:47:00,Tablet,5.99
3431,451,completed,2024-07-28 06:04:00,Desktop,14.99
3432,475,completed,2023-07-17 10:19:00,Mobile,0.0
3433,1710,completed,2025-01-17 21:22:00,Desktop,9.99
3434,2387,returned,2025-01-10 08:29:00,Mobile,0.0
3435,105,completed,2023-07-18 10:49:00,Mobile,0.0
3436,2332,completed,2025-10-20 16:15:00,Mobile,5.99
3437,473,completed,2025-09-26 13:39:00,Desktop,5.99
3438,251,returned,2024-01-13 08:36:00,Mobile,0.0
3439,1086,completed,2024-05-05 09:43:00,Desktop,0.0
3440,2063,cancelled,2025-06-23 17:43:00,Tablet,5.99
3441,286,returned,2024-12-05 21:29:00,Desktop,14.99
3442,2010,completed,2024-07-19 22:39:00,Mobile,0.0
3443,2391,completed,2024-11-02 16:32:00,Mobile,5.99
3444,1614,completed,2023-12-26 18:58:00,Mobile,0.0
3445,381,cancelled,2024-11-06 17:46:00,Mobile,0.0
3446,1689,returned,2023-02-16 10:32:00,Mobile,5.99
3447,2262,processing,2025-05-31 17:52:00,Desktop,0.0
3448,1994,cancelled,2024-05-21 13:05:00,Tablet,5.99
3449,52,completed,2024-11-16 10:09:00,Tablet,0.0
3450,655,cancelled,2025-08-10 17:19:00,Mobile,5.99
3451,1958,processing,2024-08-09 02:16:00,Mobile,9.99
3452,1451,completed,2024-04-13 17:29:00,Mobile,0.0
3453,171,completed,2025-02-21 23:41:00,Desktop,0.0
3454,422,completed,2023-10-12 07:41:00,Mobile,5.99
3455,2463,completed,2023-06-18 12:36:00,Mobile,0.0
3456,946,completed,2024-08-22 15:01:00,Desktop,5.99
3457,2311,completed,2023-08-31 11:07:00,Desktop,0.0
3458,464,returned,2024-02-28 07:56:00,Mobile,5.99
3459,840,completed,2024-10-20 23:26:00,Mobile,5.99
3460,2390,completed,2024-05-14 19:42:00,Mobile,9.99
3461,1036,completed,2025-02-14 09:31:00,Mobile,9.99
3462,1247,completed,2024-05-31 04:48:00,Desktop,5.99
3463,1010,completed,2025-07-04 05:24:00,Mobile,0.0
3464,786,completed,2024-03-16 08:36:00,Mobile,0.0
3465,2168,returned,2025-05-19 04:22:00,Mobile,0.0
3466,416,cancelled,2023-07-07 14:54:00,Desktop,0.0
3467,2227,completed,2024-02-14 23:56:00,Desktop,5.99
3468,828,completed,2025-02-18 18:50:00,Desktop,0.0
3469,1075,completed,2023-10-03 02:44:00,Desktop,5.99
3470,2111,completed,2024-06-25 17:36:00,Desktop,5.99
3471,1815,completed,2024-07-02 12:30:00,Mobile,9.99
3472,693,returned,2024-06-14 18:07:00,Mobile,9.99
3473,1376,completed,2024-01-20 20:20:00,Mobile,0.0
3474,949,completed,2024-09-07 08:42:00,Desktop,5.99
3475,1503,completed,2023-02-13 11:38:00,Mobile,9.99
3476,1258,cancelled,2024-12-02 07:44:00,Desktop,0.0
3477,1776,completed,2024-08-23 02:05:00,Mobile,5.99
3478,885,completed,2024-01-04 09:46:00,Mobile,5.99
3479,480,processing,2025-03-30 00:28:00,Tablet,0.0
3480,1332,completed,2024-11-10 18:12:00,Mobile,0.0
3481,1888,completed,2024-06-24 06:43:00,Mobile,5.99
3482,275,completed,2023-11-21 01:40:00,Mobile,0.0
3483,1900,cancelled,2025-07-31 19:09:00,Desktop,5.99
3484,1968,completed,2024-10-20 16:21:00,Mobile,0.0
3485,467,completed,2025-05-07 20:04:00,Mobile,9.99
3486,890,completed,2023-10-07 11:07:00,Mobile,5.99
3487,1496,completed,2024-12-20 09:23:00,Mobile,0.0
3488,1323,processing,2024-12-18 23:49:00,Mobile,5.99
3489,655,returned,2024-11-11 10:24:00,Mobile,5.99
3490,1872,completed,2023-08-14 09:14:00,Mobile,0.0
3491,2066,processing,2024-03-07 07:18:00,Desktop,5.99
3492,1469,cancelled,2024-09-22 19:27:00,Desktop,0.0
3493,332,completed,2024-03-12 21:49:00,Desktop,0.0
3494,1886,returned,2024-05-19 00:09:00,Mobile,9.99
3495,1701,completed,2024-02-07 01:30:00,Desktop,5.99
3496,921,returned,2023-02-19 18:14:00,Desktop,5.99
3497,2149,completed,2025-02-12 16:00:00,Mobile,9.99
3498,498,processing,2025-06-13 16:19:00,Mobile,0.0
3499,2087,returned,2024-07-31 03:18:00,Mobile,0.0
3500,1213,completed,2024-06-05 05:45:00,Tablet,0.0
3501,1701,completed,2023-08-14 11:44:00,Mobile,5.99
3502,185,completed,2025-10-19 08:20:00,Desktop,5.99
3503,1955,completed,2025-04-06 13:15:00,Mobile,5.99
3504,1671,completed,2024-04-03 08:25:00,Desktop,0.0
3505,356,processing,2024-09-04 02:16:00,Desktop,0.0
3506,447,completed,2023-10-04 20:18:00,Desktop,5.99
3507,1267,processing,2024-06-19 23:33:00,Mobile,9.99
3508,2093,completed,2025-06-17 14:38:00,Mobile,5.99
3509,599,completed,2025-02-19 00:44:00,Mobile,5.99
3510,589,completed,2023-05-10 05:49:00,Desktop,9.99
3511,2136,returned,2024-04-13 15:50:00,Mobile,9.99
3512,2132,completed,2024-02-26 21:31:00,Mobile,5.99
3513,885,completed,2023-12-23 15:38:00,Mobile,5.99
3514,897,processing,2024-11-28 02:11:00,Mobile,5.99
3515,1369,completed,2024-08-16 16:24:00,Mobile,0.0
3516,512,returned,2025-09-17 21:25:00,Mobile,0.0
3517,1544,completed,2024-02-23 10:05:00,Mobile,5.99
3518,1801,cancelled,2024-09-19 18:14:00,Mobile,5.99
3519,613,cancelled,2024-11-30 07:35:00,Desktop,5.99
3520,580,completed,2025-05-24 06:07:00,Desktop,0.0
3521,2044,completed,2024-08-24 04:52:00,Mobile,0.0
3522,712,completed,2025-02-20 02:25:00,Mobile,5.99
3523,1757,completed,2024-02-07 17:00:00,Mobile,0.0
3524,1087,completed,2024-10-19 14:34:00,Desktop,5.99
3525,1071,returned,2023-07-27 08:59:00,Mobile,9.99
3526,746,returned,2025-04-16 11:19:00,Mobile,0.0
3527,415,completed,2024-09-19 08:12:00,Desktop,5.99
3528,433,completed,2024-01-12 17:46:00,Mobile,5.99
3529,2258,returned,2024-10-06 06:27:00,Mobile,5.99
3530,1911,completed,2024-10-02 23:54:00,Desktop,5.99
3531,1238,processing,2024-03-16 07:59:00,Mobile,5.99
3532,1411,completed,2024-01-06 08:08:00,Tablet,5.99
3533,116,processing,2025-01-14 23:23:00,Mobile,0.0
3534,1253,processing,2023-10-03 04:10:00,Mobile,0.0
3535,1900,completed,2025-05-07 00:04:00,Mobile,0.0
3536,1806,completed,2024-10-16 18:15:00,Mobile,0.0
3537,985,completed,2024-01-12 16:59:00,Mobile,5.99
3538,1080,cancelled,2025-01-17 19:49:00,Tablet,0.0
3539,1069,completed,2025-02-16 06:50:00,Mobile,0.0
3540,902,completed,2024-09-07 12:58:00,Mobile,9.99
3541,694,completed,2025-03-20 16:58:00,Mobile,5.99
3542,1136,completed,2025-06-17 07:44:00,Mobile,0.0
3543,1388,processing,2023-11-05 09:26:00,Mobile,0.0
3544,1251,completed,2025-02-02 04:15:00,Desktop,0.0
3545,2175,completed,2025-03-23 22:06:00,Mobile,0.0
3546,1568,processing,2025-08-29 15:57:00,Mobile,0.0
3547,1469,completed,2024-11-07 23:00:00,Mobile,0.0
3548,2444,cancelled,2023-09-01 07:44:00,Mobile,5.99
3549,1855,completed,2023-08-22 00:37:00,Desktop,0.0
3550,917,completed,2025-01-06 00:08:00,Mobile,14.99
3551,139,completed,2025-03-10 20:33:00,Mobile,0.0
3552,2488,completed,2023-10-13 19:43:00,Mobile,0.0
3553,1451,completed,2023-09-18 02:38:00,Mobile,9.99
3554,452,completed,2025-07-18 00:03:00,Mobile,5.99
3555,1858,cancelled,2024-05-18 20:42:00,Desktop,5.99
3556,1231,completed,2024-03-19 19:11:00,Mobile,0.0
3557,1936,completed,2024-12-12 04:35:00,Desktop,0.0
3558,1324,completed,2024-03-04 16:30:00,Desktop,0.0
3559,987,completed,2025-05-27 17:06:00,Desktop,0.0
3560,523,completed,2024-12-12 05:00:00,Mobile,5.99
3561,1544,completed,2024-03-29 08:28:00,Desktop,0.0
3562,766,completed,2023-11-24 08:49:00,Desktop,5.99
3563,1746,returned,2024-09-06 17:51:00,Desktop,0.0
3564,1075,completed,2024-01-07 19:37:00,Desktop,5.99
3565,2065,returned,2025-04-12 06:03:00,Mobile,5.99
3566,523,cancelled,2025-03-20 12:03:00,Desktop,9.99
3567,1709,returned,2024-03-05 15:39:00,Desktop,0.0
3568,2371,completed,2023-11-13 10:12:00,Desktop,9.99
3569,1772,completed,2024-02-14 15:42:00,Mobile,0.0
3570,2058,completed,2024-10-25 18:40:00,Desktop,9.99
3571,2439,completed,2025-01-16 20:22:00,Mobile,0.0
3572,1837,processing,2024-10-16 04:07:00,Mobile,14.99
3573,1796,cancelled,2024-07-31 06:13:00,Desktop,9.99
3574,1312,completed,2023-10-22 18:33:00,Tablet,0.0
3575,2176,completed,2023-10-20 15:37:00,Mobile,0.0
3576,1322,completed,2023-06-24 20:01:00,Tablet,9.99
3577,1491,completed,2024-08-08 01:35:00,Mobile,0.0
3578,775,processing,2025-01-31 20:39:00,Mobile,0.0
3579,1892,completed,2024-05-15 18:37:00,Mobile,9.99
3580,1434,completed,2023-10-08 01:59:00,Mobile,0.0
3581,673,returned,2024-11-24 04:06:00,Mobile,9.99
3582,2462,processing,2024-10-29 06:06:00,Tablet,5.99
3583,776,returned,2025-03-30 07:04:00,Desktop,0.0
3584,2350,processing,2023-06-04 22:55:00,Mobile,0.0
3585,112,completed,2024-01-15 00:00:00,Mobile,0.0
3586,275,returned,2023-04-27 11:12:00,Mobile,0.0
3587,1754,processing,2024-10-19 01:30:00,Mobile,0.0
3588,1385,completed,2025-08-09 17:21:00,Mobile,9.99
3589,668,completed,2023-12-11 23:00:00,Mobile,0.0
3590,1921,completed,2025-01-08 08:50:00,Tablet,9.99
3591,1243,completed,2023-06-27 13:27:00,Tablet,5.99
3592,1569,processing,2024-11-18 09:03:00,Mobile,5.99
3593,1974,completed,2024-02-10 17:39:00,Desktop,0.0
3594,1374,returned,2023-10-05 00:49:00,Desktop,0.0
3595,2041,completed,2024-04-25 15:24:00,Desktop,0.0
3596,1948,completed,2024-01-21 19:38:00,Desktop,5.99
3597,1595,completed,2023-04-12 09:48:00,Mobile,0.0
3598,1073,processing,2024-08-09 10:10:00,Desktop,5.99
3599,1200,cancelled,2024-10-12 20:02:00,Desktop,5.99
3600,755,cancelled,2024-01-01 10:18:00,Mobile,14.99
3601,1235,completed,2023-12-16 17:14:00,Desktop,5.99
3602,2025,processing,2025-08-01 00:16:00,Desktop,5.99
3603,896,completed,2025-08-30 10:04:00,Mobile,5.99
3604,723,completed,2023-12-27 00:37:00,Mobile,0.0
3605,730,completed,2024-04-03 18:31:00,Mobile,9.99
3606,1790,completed,2023-05-19 18:57:00,Mobile,0.0
3607,2217,cancelled,2025-03-08 12:12:00,Mobile,9.99
3608,1129,completed,2025-09-15 13:34:00,Desktop,9.99
3609,50,completed,2023-08-03 12:10:00,Mobile,0.0
3610,466,cancelled,2024-06-18 21:42:00,Desktop,5.99
3611,130,completed,2024-02-17 19:00:00,Mobile,0.0
3612,1996,processing,2024-10-24 10:01:00,Mobile,9.99
3613,1060,completed,2024-03-27 20:55:00,Mobile,9.99
3614,911,completed,2023-07-14 02:33:00,Mobile,5.99
3615,544,completed,2025-10-14 12:32:00,Mobile,9.99
3616,1075,completed,2023-12-27 19:58:00,Mobile,5.99
3617,851,completed,2024-05-02 14:50:00,Desktop,9.99
3618,935,completed,2024-08-26 02:33:00,Mobile,5.99
3619,2498,returned,2025-02-16 08:28:00,Mobile,0.0
3620,899,returned,2024-10-18 01:58:00,Mobile,9.99
3621,459,completed,2024-03-14 18:39:00,Mobile,0.0
3622,970,returned,2024-04-26 07:17:00,Mobile,0.0
3623,737,completed,2025-02-06 00:46:00,Mobile,0.0
3624,579,returned,2024-05-22 11:34:00,Mobile,0.0
3625,1729,completed,2023-10-13 23:02:00,Desktop,0.0
3626,509,returned,2023-12-25 15:03:00,Desktop,0.0
3627,2222,cancelled,2025-03-16 06:11:00,Mobile,0.0
3628,688,completed,2024-05-16 05:44:00,Mobile,0.0
3629,2117,completed,2024-02-04 10:52:00,Desktop,9.99
3630,979,completed,2024-05-08 23:34:00,Mobile,5.99
3631,759,cancelled,2025-02-02 17:23:00,Desktop,5.99
3632,231,completed,2023-09-21 14:28:00,Mobile,0.0
3633,1682,completed,2025-10-18 19:26:00,Mobile,5.99
3634,469,completed,2023-11-25 00:36:00,Desktop,5.99
3635,1502,completed,2025-09-23 00:30:00,Desktop,5.99
3636,225,returned,2025-01-28 04:45:00,Desktop,9.99
3637,1581,cancelled,2025-01-26 13:07:00,Mobile,0.0
3638,2424,completed,2023-07-26 16:58:00,Mobile,5.99
3639,1943,completed,2024-04-02 05:42:00,Desktop,0.0
3640,134,processing,2024-02-08 23:11:00,Mobile,9.99
3641,784,returned,2024-12-26 08:53:00,Mobile,0.0
3642,206,completed,2025-02-18 00:04:00,Mobile,9.99
3643,1249,cancelled,2024-01-25 22:34:00,Mobile,5.99
3644,1177,completed,2023-10-07 03:11:00,Tablet,5.99
3645,1633,completed,2024-10-04 01:30:00,Desktop,9.99
3646,2330,completed,2024-06-03 01:02:00,Mobile,14.99
3647,2431,returned,2023-09-13 08:46:00,Mobile,9.99
3648,1469,completed,2025-01-07 15:52:00,Mobile,5.99
3649,787,completed,2024-02-14 13:33:00,Desktop,14.99
3650,679,cancelled,2025-06-11 04:08:00,Tablet,0.0
3651,2188,processing,2023-12-16 02:08:00,Desktop,0.0
3652,2413,completed,2025-05-11 03:47:00,Desktop,0.0
3653,1231,cancelled,2023-12-24 22:58:00,Mobile,5.99
3654,63,returned,2025-02-27 21:47:00,Desktop,9.99
3655,1644,completed,2024-09-11 20:22:00,Mobile,0.0
3656,2296,completed,2023-11-10 19:31:00,Desktop,0.0
3657,2022,completed,2024-10-18 23:55:00,Mobile,0.0
3658,2025,completed,2025-03-23 06:54:00,Mobile,5.99
3659,648,processing,2024-06-22 01:14:00,Mobile,0.0
3660,1793,completed,2024-03-11 13:53:00,Mobile,0.0
3661,454,completed,2023-10-25 02:50:00,Mobile,0.0
3662,313,completed,2024-05-18 15:29:00,Desktop,5.99
3663,2248,completed,2024-10-06 04:56:00,Mobile,0.0
3664,1216,completed,2025-09-05 09:39:00,Mobile,5.99
3665,207,completed,2024-08-25 03:07:00,Mobile,9.99
3666,770,completed,2023-07-09 22:02:00,Mobile,0.0
3667,19,completed,2023-11-14 16:01:00,Mobile,5.99
3668,1841,completed,2023-04-22 21:13:00,Mobile,9.99
3669,70,cancelled,2024-02-25 12:35:00,Mobile,5.99
3670,983,processing,2023-07-23 14:50:00,Mobile,0.0
3671,770,completed,2024-03-27 14:32:00,Desktop,0.0
3672,1650,completed,2025-03-25 03:43:00,Mobile,0.0
3673,761,completed,2023-12-31 23:23:00,Mobile,5.99
3674,915,completed,2024-07-28 04:06:00,Tablet,0.0
3675,2393,completed,2024-01-01 00:08:00,Mobile,0.0
3676,305,returned,2024-02-15 17:47:00,Mobile,0.0
3677,2169,completed,2025-08-05 22:16:00,Desktop,14.99
3678,161,completed,2023-11-02 11:29:00,Mobile,5.99
3679,2379,completed,2025-01-27 12:50:00,Desktop,5.99
3680,194,cancelled,2024-11-13 00:11:00,Mobile,0.0
3681,1804,cancelled,2024-11-08 11:50:00,Mobile,0.0
3682,2153,cancelled,2023-12-12 05:19:00,Mobile,5.99
3683,391,completed,2023-08-17 10:27:00,Mobile,9.99
3684,588,processing,2023-09-30 02:47:00,Mobile,0.0
3685,607,completed,2023-03-18 21:15:00,Mobile,0.0
3686,1091,completed,2023-09-08 12:44:00,Desktop,9.99
3687,1428,returned,2024-07-01 13:11:00,Desktop,0.0
3688,958,completed,2024-02-14 18:28:00,Desktop,0.0
3689,1898,processing,2024-09-26 08:03:00,Mobile,0.0
3690,17,returned,2024-12-03 12:31:00,Desktop,0.0
3691,2097,completed,2024-09-29 18:24:00,Desktop,5.99
3692,2343,completed,2025-05-12 08:46:00,Mobile,0.0
3693,2144,completed,2023-08-30 22:34:00,Mobile,0.0
3694,560,completed,2023-02-20 05:20:00,Mobile,0.0
3695,1456,completed,2025-01-04 08:18:00,Desktop,5.99
3696,647,processing,2024-08-30 10:24:00,Mobile,9.99
3697,464,returned,2023-10-12 10:03:00,Desktop,0.0
3698,1564,completed,2024-05-11 11:01:00,Mobile,0.0
3699,507,completed,2025-04-08 15:45:00,Mobile,0.0
3700,1683,returned,2023-09-02 01:24:00,Mobile,0.0
3701,2280,processing,2025-08-06 00:21:00,Mobile,5.99
3702,1871,completed,2023-04-05 22:53:00,Mobile,5.99
3703,2174,completed,2023-10-20 17:36:00,Desktop,0.0
3704,369,completed,2024-03-11 12:04:00,Mobile,5.99
3705,679,cancelled,2025-08-10 07:29:00,Mobile,5.99
3706,2227,cancelled,2024-07-29 08:03:00,Mobile,5.99
3707,143,completed,2024-05-19 19:08:00,Tablet,5.99
3708,1610,cancelled,2024-03-29 05:09:00,Desktop,5.99
3709,280,completed,2025-10-10 10:28:00,Mobile,9.99
3710,671,processing,2024-03-26 00:47:00,Mobile,5.99
3711,342,completed,2024-12-07 21:22:00,Mobile,0.0
3712,1149,cancelled,2024-06-07 05:25:00,Mobile,5.99
3713,1417,completed,2024-05-13 01:28:00,Mobile,5.99
3714,1895,completed,2024-11-27 22:11:00,Mobile,0.0
3715,1124,completed,2023-11-23 05:21:00,Mobile,9.99
3716,481,returned,2023-07-25 20:17:00,Desktop,5.99
3717,1386,completed,2024-10-19 20:16:00,Desktop,0.0
3718,155,completed,2025-03-19 04:05:00,Mobile,9.99
3719,1356,completed,2023-12-04 17:51:00,Desktop,5.99
3720,740,processing,2023-12-05 16:15:00,Desktop,0.0
3721,2156,completed,2024-07-11 02:10:00,Desktop,5.99
3722,2206,completed,2024-08-30 18:10:00,Mobile,5.99
3723,160,completed,2025-05-22 18:05:00,Mobile,5.99
3724,1013,returned,2023-07-24 00:54:00,Desktop,0.0
3725,2184,completed,2024-10-09 07:12:00,Mobile,9.99
3726,1314,completed,2023-10-08 21:12:00,Desktop,5.99
3727,92,completed,2025-08-10 08:46:00,Mobile,0.0
3728,2323,returned,2025-05-24 06:16:00,Desktop,0.0
3729,288,returned,2024-01-16 15:11:00,Mobile,9.99
3730,269,cancelled,2025-03-30 01:54:00,Mobile,0.0
3731,277,completed,2025-01-17 07:00:00,Mobile,0.0
3732,954,cancelled,2023-07-20 02:42:00,Mobile,5.99
3733,235,returned,2023-02-13 18:48:00,Mobile,5.99
3734,1723,completed,2025-01-27 14:01:00,Mobile,0.0
3735,2365,completed,2024-01-02 18:16:00,Desktop,0.0
3736,499,completed,2025-08-10 15:55:00,Mobile,9.99
3737,785,cancelled,2025-01-02 10:13:00,Mobile,0.0
3738,347,completed,2024-01-10 01:29:00,Mobile,0.0
3739,2338,completed,2023-12-21 23:27:00,Desktop,5.99
3740,378,processing,2025-04-29 12:50:00,Mobile,5.99
3741,435,cancelled,2024-02-07 20:28:00,Mobile,0.0
3742,589,completed,2024-03-04 09:27:00,Mobile,5.99
3743,214,completed,2024-07-08 03:49:00,Desktop,5.99
3744,461,completed,2023-04-11 08:09:00,Mobile,0.0
3745,177,cancelled,2025-05-30 10:28:00,Mobile,5.99
3746,838,completed,2024-03-04 19:03:00,Desktop,9.99
3747,179,completed,2024-05-21 01:45:00,Desktop,5.99
3748,167,completed,2024-12-02 05:40:00,Mobile,0.0
3749,1562,cancelled,2024-04-26 19:19:00,Mobile,5.99
3750,515,returned,2024-02-05 07:25:00,Mobile,0.0
3751,1787,completed,2025-07-06 20:28:00,Mobile,0.0
3752,549,returned,2024-03-28 04:07:00,Mobile,0.0
3753,1052,completed,2024-03-12 13:53:00,Mobile,9.99
3754,1843,completed,2024-01-27 00:35:00,Tablet,0.0
3755,1215,completed,2023-07-24 05:29:00,Mobile,5.99
3756,1207,completed,2025-08-25 08:08:00,Desktop,5.99
3757,1652,processing,2024-01-21 00:19:00,Mobile,9.99
3758,1534,processing,2023-09-14 05:59:00,Mobile,0.0
3759,880,completed,2025-08-08 12:48:00,Desktop,0.0
3760,1932,completed,2024-03-15 01:46:00,Mobile,5.99
3761,1350,completed,2025-04-02 17:26:00,Mobile,0.0
3762,1335,processing,2024-02-05 03:00:00,Mobile,5.99
3763,1987,returned,2024-12-10 16:51:00,Mobile,5.99
3764,603,cancelled,2025-04-06 21:52:00,Mobile,9.99
3765,871,completed,2025-03-24 07:19:00,Mobile,5.99
3766,724,completed,2025-05-17 17:14:00,Mobile,5.99
3767,2451,completed,2024-09-04 02:19:00,Desktop,0.0
3768,2039,completed,2024-08-02 01:23:00,Mobile,9.99
3769,577,completed,2023-07-26 04:01:00,Desktop,0.0
3770,132,cancelled,2023-10-16 18:14:00,Mobile,0.0
3771,2111,processing,2024-06-30 01:34:00,Mobile,5.99
3772,1450,completed,2024-10-07 10:43:00,Desktop,5.99
3773,2163,completed,2024-08-18 02:32:00,Mobile,0.0
3774,325,cancelled,2024-05-11 08:07:00,Mobile,0.0
3775,133,completed,2024-04-28 08:07:00,Mobile,0.0
3776,1689,completed,2023-05-31 16:15:00,Desktop,0.0
3777,779,returned,2024-12-02 09:44:00,Mobile,5.99
3778,2217,completed,2025-04-17 18:28:00,Mobile,5.99
3779,117,completed,2025-04-21 00:35:00,Desktop,0.0
3780,482,completed,2025-01-02 13:39:00,Mobile,5.99
3781,140,processing,2023-06-23 19:41:00,Mobile,5.99
3782,435,completed,2023-07-09 04:47:00,Desktop,0.0
3783,1047,completed,2024-05-12 14:29:00,Mobile,0.0
3784,810,cancelled,2024-06-10 04:22:00,Tablet,5.99
3785,1176,completed,2025-05-30 23:43:00,Desktop,9.99
3786,848,completed,2023-08-01 15:57:00,Mobile,0.0
3787,660,cancelled,2025-03-11 23:54:00,Mobile,0.0
3788,2342,processing,2024-02-14 12:12:00,Desktop,9.99
3789,1399,completed,2024-06-12 02:19:00,Mobile,5.99
3790,445,returned,2025-03-25 20:37:00,Mobile,5.99
3791,580,cancelled,2025-11-05 21:49:00,Desktop,9.99
3792,758,processing,2025-09-02 12:49:00,Mobile,0.0
3793,392,completed,2024-01-23 15:39:00,Desktop,14.99
3794,2341,completed,2024-03-20 09:38:00,Desktop,14.99
3795,838,completed,2023-05-07 01:41:00,Desktop,5.99
3796,2264,completed,2025-04-18 00:28:00,Desktop,5.99
3797,19,completed,2023-07-04 17:52:00,Mobile,5.99
3798,472,completed,2024-02-12 19:14:00,Desktop,0.0
3799,654,processing,2023-05-12 02:25:00,Mobile,0.0
3800,723,completed,2023-11-05 12:28:00,Mobile,0.0
3801,1226,completed,2025-01-11 06:58:00,Mobile,9.99
3802,394,processing,2024-03-15 06:32:00,Mobile,5.99
3803,1000,completed,2023-08-23 09:49:00,Desktop,9.99
3804,2363,completed,2025-02-04 22:45:00,Mobile,5.99
3805,632,completed,2024-07-02 22:31:00,Mobile,0.0
3806,770,completed,2023-12-14 03:54:00,Mobile,5.99
3807,584,completed,2025-02-11 10:30:00,Mobile,5.99
3808,1503,completed,2023-08-16 20:22:00,Mobile,0.0
3809,456,completed,2025-01-10 08:09:00,Mobile,5.99
3810,1716,completed,2023-10-09 15:01:00,Mobile,0.0
3811,309,cancelled,2025-02-18 18:08:00,Desktop,5.99
3812,1325,cancelled,2024-08-07 10:52:00,Mobile,5.99
3813,555,completed,2025-05-17 15:32:00,Tablet,9.99
3814,181,completed,2024-01-22 00:14:00,Mobile,5.99
3815,2050,completed,2024-11-06 03:25:00,Mobile,14.99
3816,1030,completed,2023-05-16 23:55:00,Mobile,0.0
3817,1389,completed,2023-07-06 08:29:00,Mobile,5.99
3818,1190,returned,2024-10-24 01:19:00,Mobile,5.99
3819,1798,returned,2024-03-26 05:11:00,Mobile,9.99
3820,46,processing,2024-12-07 03:31:00,Desktop,5.99
3821,1536,completed,2024-07-23 10:09:00,Tablet,5.99
3822,307,cancelled,2023-12-25 14:45:00,Mobile,5.99
3823,68,completed,2024-02-12 13:42:00,Mobile,0.0
3824,153,completed,2023-07-18 09:01:00,Mobile,5.99
3825,2089,returned,2024-06-21 15:18:00,Mobile,5.99
3826,1385,returned,2025-10-28 08:46:00,Desktop,9.99
3827,401,completed,2025-02-03 18:02:00,Desktop,5.99
3828,46,processing,2024-03-05 14:34:00,Mobile,9.99
3829,2193,completed,2024-01-22 01:58:00,Mobile,0.0
3830,1086,completed,2024-11-04 14:11:00,Tablet,0.0
3831,1337,cancelled,2024-05-16 22:10:00,Tablet,5.99
3832,1435,completed,2025-06-21 21:18:00,Desktop,5.99
3833,1157,completed,2024-04-07 12:14:00,Mobile,5.99
3834,925,processing,2025-03-11 04:28:00,Mobile,5.99
3835,2095,completed,2023-12-24 22:17:00,Desktop,0.0
3836,154,completed,2024-07-07 12:53:00,Desktop,0.0
3837,2354,processing,2024-11-21 08:44:00,Desktop,5.99
3838,2107,completed,2023-01-25 17:29:00,Desktop,9.99
3839,180,completed,2024-10-19 04:47:00,Mobile,0.0
3840,1866,completed,2025-05-17 13:38:00,Mobile,5.99
3841,571,processing,2024-03-21 09:03:00,Desktop,9.99
3842,169,completed,2024-05-21 17:19:00,Tablet,5.99
3843,1899,completed,2024-12-02 09:45:00,Mobile,5.99
3844,2016,completed,2024-07-29 05:34:00,Mobile,0.0
3845,1078,completed,2024-05-26 05:30:00,Desktop,0.0
3846,1894,completed,2024-02-20 00:48:00,Tablet,9.99
3847,2366,returned,2025-02-12 08:58:00,Desktop,5.99
3848,1561,returned,2024-11-26 10:07:00,Tablet,0.0
3849,1550,completed,2024-06-09 21:23:00,Mobile,0.0
3850,1,completed,2025-08-20 01:03:00,Tablet,0.0
3851,490,completed,2023-12-06 18:42:00,Mobile,5.99
3852,1398,cancelled,2024-02-06 11:51:00,Mobile,9.99
3853,2129,completed,2023-07-16 19:57:00,Desktop,0.0
3854,950,cancelled,2025-03-18 15:21:00,Mobile,5.99
3855,1848,cancelled,2023-08-08 22:00:00,Mobile,0.0
3856,1705,completed,2024-01-03 04:53:00,Desktop,5.99
3857,997,cancelled,2024-03-30 16:45:00,Mobile,5.99
3858,1441,cancelled,2025-03-12 04:35:00,Mobile,0.0
3859,1584,completed,2025-03-24 05:09:00,Mobile,5.99
3860,1752,cancelled,2023-06-16 20:10:00,Mobile,0.0
3861,83,cancelled,2025-08-11 13:26:00,Mobile,5.99
3862,1150,completed,2023-05-14 01:12:00,Mobile,5.99
3863,1496,completed,2025-03-07 20:41:00,Mobile,9.99
3864,1580,completed,2025-04-04 01:58:00,Desktop,5.99
3865,2115,cancelled,2024-05-03 04:36:00,Mobile,5.99
3866,1829,completed,2025-03-29 08:57:00,Mobile,0.0
3867,477,completed,2024-05-24 09:43:00,Mobile,9.99
3868,978,processing,2024-03-27 03:47:00,Mobile,0.0
3869,602,completed,2025-04-03 00:06:00,Tablet,0.0
3870,2308,completed,2024-08-20 16:51:00,Desktop,5.99
3871,1749,completed,2023-10-01 09:18:00,Desktop,5.99
3872,1433,completed,2024-04-09 13:50:00,Desktop,5.99
3873,2025,completed,2025-07-06 23:47:00,Mobile,0.0
3874,1931,completed,2023-12-29 01:44:00,Mobile,9.99
3875,2076,completed,2024-07-22 12:28:00,Mobile,9.99
3876,910,completed,2023-07-15 13:03:00,Desktop,5.99
3877,1231,cancelled,2024-04-16 22:55:00,Tablet,0.0
3878,916,returned,2025-01-02 16:17:00,Mobile,5.99
3879,761,cancelled,2023-11-26 20:49:00,Desktop,5.99
3880,1442,returned,2024-12-09 22:02:00,Mobile,0.0
3881,1108,returned,2024-02-04 15:07:00,Mobile,5.99
3882,1968,cancelled,2024-09-11 15:23:00,Desktop,14.99
3883,1584,completed,2025-04-11 19:09:00,Desktop,9.99
3884,959,processing,2024-02-03 23:04:00,Desktop,0.0
3885,1393,processing,2025-08-09 11:23:00,Mobile,5.99
3886,1630,returned,2024-07-02 20:56:00,Desktop,5.99
3887,762,completed,2024-08-21 22:02:00,Mobile,0.0
3888,51,completed,2024-07-15 18:55:00,Mobile,0.0
3889,39,cancelled,2025-02-20 05:12:00,Mobile,9.99
3890,416,completed,2024-05-03 12:30:00,Mobile,0.0
3891,706,completed,2024-01-14 11:50:00,Mobile,0.0
3892,726,processing,2024-08-28 12:02:00,Desktop,9.99
3893,2000,completed,2025-01-02 08:07:00,Mobile,0.0
3894,903,completed,2025-04-21 11:40:00,Mobile,0.0
3895,260,completed,2024-10-03 21:09:00,Desktop,0.0
3896,247,completed,2024-09-27 23:42:00,Mobile,0.0
3897,1033,returned,2023-10-21 03:44:00,Mobile,0.0
3898,2186,completed,2025-02-16 10:56:00,Mobile,9.99
3899,1769,completed,2024-09-22 08:54:00,Mobile,5.99
3900,402,completed,2024-01-11 16:03:00,Mobile,5.99
3901,46,completed,2024-04-25 08:17:00,Desktop,0.0
3902,1775,completed,2025-03-16 18:59:00,Tablet,0.0
3903,2108,processing,2025-10-22 18:32:00,Mobile,0.0
3904,2103,completed,2024-03-22 20:56:00,Mobile,9.99
3905,1370,completed,2024-05-26 00:25:00,Desktop,0.0
3906,2321,cancelled,2024-11-28 00:16:00,Desktop,0.0
3907,1072,completed,2023-09-19 14:27:00,Desktop,9.99
3908,204,cancelled,2023-07-27 23:33:00,Mobile,0.0
3909,712,returned,2025-01-12 04:18:00,Desktop,5.99
3910,1598,completed,2024-12-26 09:46:00,Desktop,0.0
3911,23,completed,2025-01-11 21:40:00,Mobile,5.99
3912,388,completed,2023-11-06 11:50:00,Mobile,0.0
3913,623,cancelled,2024-10-02 20:47:00,Mobile,9.99
3914,677,completed,2025-06-04 13:16:00,Mobile,0.0
3915,524,completed,2025-11-21 14:27:00,Mobile,5.99
3916,1722,completed,2024-03-04 03:10:00,Desktop,5.99
3917,1026,completed,2023-12-16 05:46:00,Tablet,9.99
3918,72,completed,2023-07-21 07:12:00,Desktop,9.99
3919,2107,completed,2023-12-23 08:29:00,Mobile,14.99
3920,302,cancelled,2025-04-24 14:45:00,Desktop,0.0
3921,380,processing,2024-07-29 13:57:00,Mobile,5.99
3922,1105,completed,2025-06-23 00:51:00,Desktop,5.99
3923,879,completed,2024-03-31 19:13:00,Desktop,0.0
3924,1746,completed,2024-11-29 12:19:00,Mobile,0.0
3925,478,returned,2023-07-10 10:31:00,Mobile,9.99
3926,1250,completed,2024-07-13 06:37:00,Desktop,5.99
3927,2331,processing,2025-02-02 04:54:00,Mobile,9.99
3928,2071,processing,2024-09-07 10:30:00,Mobile,0.0
3929,2479,returned,2025-10-20 08:59:00,Mobile,0.0
3930,1595,processing,2023-11-15 06:39:00,Mobile,0.0
3931,540,completed,2025-02-03 02:09:00,Desktop,0.0
3932,825,cancelled,2025-06-01 01:35:00,Mobile,0.0
3933,1732,completed,2024-07-24 10:53:00,Mobile,0.0
3934,907,returned,2025-12-02 01:40:00,Mobile,5.99
3935,428,processing,2024-03-23 15:52:00,Mobile,9.99
3936,22,processing,2024-04-23 11:02:00,Desktop,0.0
3937,1628,completed,2024-09-02 07:03:00,Mobile,0.0
3938,2285,processing,2024-02-06 22:55:00,Desktop,0.0
3939,1529,cancelled,2024-10-27 07:33:00,Mobile,5.99
3940,202,completed,2024-06-29 08:10:00,Mobile,5.99
3941,355,completed,2024-08-20 10:58:00,Mobile,0.0
3942,1306,cancelled,2024-11-06 14:24:00,Mobile,5.99
3943,2081,processing,2025-04-16 01:39:00,Desktop,5.99
3944,2079,completed,2024-10-08 10:12:00,Mobile,5.99
3945,1968,completed,2024-11-16 09:07:00,Desktop,5.99
3946,2229,completed,2023-11-27 05:03:00,Mobile,0.0
3947,1875,completed,2023-07-26 21:14:00,Desktop,0.0
3948,1880,completed,2024-05-13 14:46:00,Mobile,5.99
3949,1964,processing,2024-12-07 10:49:00,Mobile,5.99
3950,2428,completed,2024-11-19 05:42:00,Desktop,0.0
3951,1897,completed,2024-06-11 04:43:00,Mobile,0.0
3952,808,cancelled,2024-07-23 18:03:00,Mobile,0.0
3953,746,completed,2025-05-23 07:55:00,Mobile,0.0
3954,569,completed,2024-09-09 10:28:00,Desktop,5.99
3955,2470,completed,2025-08-01 05:55:00,Mobile,5.99
3956,1867,completed,2024-11-22 20:43:00,Tablet,0.0
3957,1012,processing,2024-11-23 03:52:00,Mobile,5.99
3958,1330,returned,2024-02-22 05:42:00,Tablet,5.99
3959,42,processing,2024-12-14 23:10:00,Mobile,5.99
3960,879,completed,2024-03-06 05:14:00,Mobile,5.99
3961,1782,processing,2024-09-15 17:07:00,Mobile,0.0
3962,2076,returned,2025-04-26 20:59:00,Tablet,9.99
3963,1452,completed,2024-05-13 16:09:00,Desktop,5.99
3964,315,completed,2025-01-12 03:37:00,Desktop,14.99
3965,274,completed,2023-10-03 14:03:00,Mobile,5.99
3966,471,completed,2023-06-22 06:02:00,Desktop,5.99
3967,1729,completed,2024-05-20 07:45:00,Mobile,0.0
3968,1397,cancelled,2024-09-04 03:57:00,Desktop,5.99
3969,1565,cancelled,2025-04-29 07:21:00,Mobile,9.99
3970,547,completed,2024-10-23 14:17:00,Desktop,5.99
3971,2335,returned,2024-06-15 21:50:00,Desktop,0.0
3972,1760,completed,2025-09-20 15:20:00,Desktop,0.0
3973,908,returned,2024-04-29 05:23:00,Desktop,9.99
3974,2389,returned,2025-02-20 04:39:00,Mobile,9.99
3975,1649,completed,2025-10-31 01:42:00,Mobile,5.99
3976,1826,completed,2024-07-05 02:32:00,Desktop,5.99
3977,2461,processing,2023-10-29 23:08:00,Mobile,9.99
3978,2274,returned,2025-03-25 10:57:00,Mobile,5.99
3979,501,completed,2024-07-03 19:55:00,Desktop,5.99
3980,1037,completed,2023-11-23 08:50:00,Desktop,0.0
3981,526,completed,2024-12-15 21:53:00,Desktop,0.0
3982,1269,cancelled,2025-07-06 13:00:00,Tablet,5.99
3983,1717,completed,2024-04-30 14:51:00,Desktop,14.99
3984,2284,completed,2024-03-02 15:20:00,Tablet,0.0
3985,570,completed,2023-10-01 17:13:00,Mobile,5.99
3986,840,returned,2024-10-20 04:55:00,Desktop,9.99
3987,2297,completed,2023-11-21 22:40:00,Desktop,9.99
3988,1589,completed,2024-01-16 07:29:00,Mobile,5.99
3989,792,processing,2023-11-24 17:35:00,Mobile,5.99
3990,160,processing,2024-11-12 22:49:00,Mobile,0.0
3991,648,completed,2024-04-21 01:28:00,Mobile,0.0
3992,1701,completed,2024-05-04 00:38:00,Mobile,0.0
3993,913,cancelled,2024-01-08 01:27:00,Mobile,9.99
3994,221,completed,2024-05-24 19:51:00,Mobile,5.99
3995,279,completed,2024-09-03 03:21:00,Mobile,14.99
3996,2293,cancelled,2024-07-18 03:44:00,Mobile,9.99
3997,2050,returned,2024-12-23 20:57:00,Desktop,9.99
3998,1347,completed,2024-08-09 01:15:00,Mobile,0.0
3999,1793,processing,2024-03-17 19:37:00,Desktop,14.99
4000,2194,completed,2024-07-15 23:10:00,Desktop,5.99
4001,986,completed,2024-07-06 05:33:00,Mobile,9.99
4002,1129,completed,2025-03-03 14:56:00,Mobile,0.0
4003,1663,completed,2023-12-20 05:10:00,Desktop,0.0
4004,281,completed,2024-09-02 17:50:00,Mobile,0.0
4005,1116,returned,2024-09-24 07:30:00,Desktop,5.99
4006,2438,completed,2025-07-04 18:18:00,Mobile,5.99
4007,440,processing,2024-03-02 03:39:00,Desktop,0.0
4008,954,completed,2024-03-18 21:36:00,Desktop,0.0
4009,1383,processing,2024-09-01 15:33:00,Mobile,5.99
4010,2458,completed,2023-09-25 03:02:00,Mobile,0.0
4011,864,completed,2023-08-05 17:09:00,Mobile,5.99
4012,921,returned,2023-08-26 19:38:00,Tablet,0.0
4013,1462,completed,2025-03-15 00:25:00,Tablet,14.99
4014,1686,completed,2024-05-23 18:23:00,Mobile,5.99
4015,384,completed,2025-05-14 16:50:00,Mobile,5.99
4016,717,completed,2025-09-11 15:13:00,Mobile,9.99
4017,2454,completed,2023-10-17 11:29:00,Mobile,9.99
4018,1358,processing,2024-05-24 11:25:00,Mobile,5.99
4019,624,completed,2024-01-27 11:14:00,Mobile,9.99
4020,310,processing,2023-11-14 06:44:00,Mobile,5.99
4021,1218,completed,2023-11-30 10:40:00,Tablet,5.99
4022,814,completed,2025-08-06 06:28:00,Mobile,0.0
4023,2388,completed,2025-04-08 17:28:00,Mobile,0.0
4024,1366,completed,2025-01-04 04:33:00,Mobile,5.99
4025,1909,processing,2024-02-09 15:30:00,Desktop,0.0
4026,2312,cancelled,2025-05-08 03:28:00,Mobile,9.99
4027,2233,completed,2024-01-03 17:25:00,Desktop,0.0
4028,2372,cancelled,2024-08-25 23:08:00,Desktop,5.99
4029,1001,cancelled,2025-09-07 02:27:00,Desktop,5.99
4030,102,cancelled,2024-11-28 02:15:00,Mobile,0.0
4031,2460,completed,2024-08-14 10:47:00,Mobile,5.99
4032,2231,completed,2023-08-06 15:16:00,Mobile,5.99
4033,259,completed,2023-09-24 13:22:00,Mobile,5.99
4034,1387,completed,2024-03-06 12:03:00,Mobile,5.99
4035,1102,processing,2024-12-22 07:44:00,Desktop,0.0
4036,1994,processing,2024-10-03 17:44:00,Mobile,0.0
4037,1682,completed,2025-10-09 15:20:00,Mobile,0.0
4038,2315,returned,2024-08-30 12:34:00,Mobile,5.99
4039,1168,completed,2023-11-08 22:39:00,Desktop,5.99
4040,1521,completed,2023-09-26 23:35:00,Desktop,0.0
4041,1480,completed,2025-01-24 03:14:00,Mobile,0.0
4042,123,completed,2025-04-13 14:36:00,Mobile,9.99
4043,1230,processing,2024-03-08 11:14:00,Mobile,0.0
4044,1609,completed,2024-06-22 02:41:00,Desktop,0.0
4045,1240,processing,2024-12-20 13:56:00,Mobile,5.99
4046,920,completed,2024-05-17 19:15:00,Desktop,0.0
4047,1919,completed,2024-06-23 11:09:00,Desktop,0.0
4048,600,completed,2025-10-28 20:22:00,Mobile,0.0
4049,2126,returned,2024-05-05 01:33:00,Mobile,5.99
4050,1732,completed,2024-11-05 06:10:00,Mobile,0.0
4051,1903,cancelled,2025-10-02 15:15:00,Mobile,5.99
4052,2167,completed,2024-11-09 22:51:00,Mobile,9.99
4053,1414,completed,2024-02-01 21:32:00,Desktop,0.0
4054,300,cancelled,2025-06-02 20:34:00,Mobile,0.0
4055,1484,completed,2023-12-01 04:16:00,Mobile,5.99
4056,1810,cancelled,2023-06-08 22:05:00,Mobile,0.0
4057,1005,completed,2023-11-14 20:50:00,Mobile,0.0
4058,1475,returned,2025-05-26 02:24:00,Mobile,0.0
4059,1402,completed,2023-09-11 18:27:00,Mobile,9.99
4060,2198,completed,2025-06-20 09:22:00,Mobile,14.99
4061,207,completed,2024-10-08 16:06:00,Desktop,0.0
4062,1461,completed,2024-01-20 05:03:00,Mobile,0.0
4063,1524,returned,2024-08-25 03:20:00,Tablet,0.0
4064,742,returned,2024-08-27 01:39:00,Mobile,9.99
4065,1717,processing,2023-05-08 06:20:00,Desktop,9.99
4066,11,completed,2024-11-24 19:19:00,Desktop,5.99
4067,728,processing,2025-04-20 07:03:00,Mobile,14.99
4068,780,completed,2024-09-23 13:01:00,Mobile,0.0
4069,1621,completed,2023-12-05 15:28:00,Mobile,14.99
4070,1355,completed,2024-01-11 13:53:00,Desktop,5.99
4071,2126,processing,2024-04-23 10:38:00,Tablet,0.0
4072,1563,processing,2025-08-09 16:16:00,Mobile,9.99
4073,1594,completed,2025-05-19 20:21:00,Mobile,0.0
4074,1867,returned,2024-11-20 11:17:00,Desktop,9.99
4075,2194,processing,2024-07-24 15:27:00,Mobile,9.99
4076,101,processing,2024-03-26 23:20:00,Mobile,5.99
4077,1593,cancelled,2024-04-23 22:33:00,Mobile,0.0
4078,70,completed,2023-07-29 03:39:00,Desktop,0.0
4079,1519,cancelled,2023-04-09 09:17:00,Mobile,9.99
4080,156,cancelled,2024-04-13 00:26:00,Mobile,9.99
4081,2116,cancelled,2023-04-15 07:21:00,Desktop,5.99
4082,933,completed,2023-11-29 00:04:00,Mobile,0.0
4083,1311,returned,2023-12-26 10:11:00,Mobile,5.99
4084,1137,completed,2024-07-25 02:55:00,Mobile,9.99
4085,481,completed,2024-01-14 14:06:00,Desktop,5.99
4086,368,returned,2024-06-18 00:37:00,Tablet,0.0
4087,1133,returned,2024-10-08 01:27:00,Desktop,5.99
4088,2064,returned,2024-04-24 13:32:00,Mobile,5.99
4089,744,completed,2024-06-26 12:18:00,Mobile,0.0
4090,376,returned,2024-10-21 18:08:00,Mobile,5.99
4091,2175,completed,2025-03-25 00:46:00,Mobile,0.0
4092,2468,completed,2024-05-24 10:43:00,Desktop,9.99
4093,2304,cancelled,2024-01-21 07:09:00,Mobile,5.99
4094,490,completed,2023-10-18 18:46:00,Desktop,0.0
4095,389,completed,2024-11-20 02:37:00,Desktop,5.99
4096,1484,cancelled,2024-07-04 11:01:00,Desktop,5.99
4097,860,completed,2024-09-16 10:25:00,Mobile,5.99
4098,1271,completed,2024-04-03 05:34:00,Mobile,0.0
4099,2323,returned,2025-01-05 08:10:00,Desktop,14.99
4100,1765,completed,2025-03-25 08:51:00,Mobile,0.0
4101,203,returned,2025-04-29 09:31:00,Mobile,0.0
4102,1399,cancelled,2023-12-29 16:04:00,Mobile,14.99
4103,125,completed,2023-11-20 15:27:00,Desktop,0.0
4104,356,completed,2024-05-29 13:18:00,Mobile,9.99
4105,2214,completed,2023-11-25 10:33:00,Mobile,5.99
4106,793,returned,2024-05-14 15:54:00,Mobile,0.0
4107,663,completed,2025-04-21 04:03:00,Desktop,0.0
4108,110,cancelled,2023-10-01 13:08:00,Mobile,0.0
4109,2128,processing,2025-06-29 01:47:00,Mobile,0.0
4110,1456,completed,2025-01-24 16:22:00,Mobile,0.0
4111,1178,completed,2023-11-29 22:09:00,Mobile,0.0
4112,198,processing,2023-12-24 01:01:00,Desktop,0.0
4113,1648,returned,2025-09-14 16:15:00,Mobile,0.0
4114,81,returned,2024-06-12 19:19:00,Mobile,5.99
4115,1606,completed,2025-08-27 14:07:00,Mobile,0.0
4116,1526,returned,2024-06-06 21:55:00,Mobile,9.99
4117,1014,cancelled,2023-05-03 15:28:00,Mobile,0.0
4118,1975,returned,2024-04-23 04:48:00,Desktop,0.0
4119,582,completed,2025-09-15 16:10:00,Mobile,0.0
4120,261,completed,2023-12-13 11:38:00,Desktop,0.0
4121,2297,completed,2024-07-25 03:03:00,Desktop,0.0
4122,527,cancelled,2025-03-16 09:15:00,Mobile,5.99
4123,688,cancelled,2024-10-11 02:44:00,Mobile,0.0
4124,895,completed,2024-05-19 09:27:00,Mobile,9.99
4125,1820,completed,2024-10-05 18:35:00,Mobile,14.99
4126,1299,processing,2023-08-14 06:23:00,Desktop,9.99
4127,199,processing,2025-04-13 08:33:00,Mobile,0.0
4128,1968,returned,2024-05-05 16:25:00,Mobile,0.0
4129,1098,completed,2024-04-15 19:22:00,Mobile,5.99
4130,380,completed,2023-10-01 18:00:00,Mobile,5.99
4131,1478,processing,2024-12-22 00:16:00,Mobile,9.99
4132,287,completed,2025-01-25 21:40:00,Tablet,5.99
4133,1400,completed,2025-03-05 07:57:00,Mobile,5.99
4134,297,processing,2024-09-26 07:39:00,Mobile,14.99
4135,245,processing,2025-10-31 05:32:00,Mobile,0.0
4136,401,completed,2024-08-23 04:00:00,Desktop,0.0
4137,499,completed,2025-04-11 00:44:00,Mobile,5.99
4138,1434,cancelled,2023-09-04 07:38:00,Mobile,9.99
4139,1153,cancelled,2024-04-04 15:03:00,Mobile,5.99
4140,2093,completed,2024-12-29 00:21:00,Mobile,0.0
4141,33,returned,2024-03-18 01:44:00,Mobile,0.0
4142,132,completed,2024-01-13 12:11:00,Desktop,5.99
4143,651,completed,2024-03-22 11:18:00,Desktop,5.99
4144,2096,cancelled,2025-06-21 03:50:00,Tablet,14.99
4145,1635,completed,2024-02-15 21:56:00,Mobile,14.99
4146,883,completed,2024-11-29 14:51:00,Desktop,5.99
4147,69,returned,2023-11-09 04:57:00,Mobile,0.0
4148,292,completed,2023-09-24 12:00:00,Desktop,5.99
4149,1181,completed,2024-12-28 18:43:00,Mobile,0.0
4150,2302,processing,2023-12-17 19:58:00,Mobile,0.0
4151,229,completed,2023-10-13 12:18:00,Desktop,0.0
4152,251,completed,2023-11-16 13:45:00,Desktop,5.99
4153,1381,completed,2024-07-07 08:00:00,Desktop,9.99
4154,2186,processing,2025-01-12 04:35:00,Desktop,5.99
4155,1012,completed,2024-10-13 00:41:00,Desktop,5.99
4156,1733,returned,2024-10-19 02:09:00,Mobile,5.99
4157,1979,completed,2024-09-30 15:00:00,Mobile,0.0
4158,1104,cancelled,2024-04-30 22:03:00,Desktop,5.99
4159,862,cancelled,2025-03-12 10:02:00,Mobile,5.99
4160,2040,completed,2024-06-06 17:59:00,Mobile,14.99
4161,1744,processing,2025-01-16 04:05:00,Mobile,0.0
4162,786,returned,2024-02-09 02:09:00,Desktop,0.0
4163,91,completed,2025-04-01 06:26:00,Mobile,5.99
4164,2177,processing,2023-10-10 12:22:00,Desktop,5.99
4165,2307,cancelled,2024-06-26 19:10:00,Mobile,9.99
4166,1892,processing,2025-02-14 12:11:00,Desktop,0.0
4167,2267,completed,2024-11-07 18:32:00,Mobile,5.99
4168,118,completed,2023-12-13 03:53:00,Desktop,9.99
4169,1140,completed,2024-09-17 10:15:00,Mobile,0.0
4170,1320,returned,2023-11-04 15:32:00,Mobile,5.99
4171,1244,completed,2023-08-23 08:13:00,Mobile,0.0
4172,2,cancelled,2024-02-02 16:25:00,Mobile,5.99
4173,2493,processing,2024-03-22 22:57:00,Desktop,5.99
4174,157,completed,2025-08-02 07:31:00,Desktop,0.0
4175,724,completed,2025-02-12 01:52:00,Desktop,14.99
4176,940,completed,2024-04-09 23:20:00,Desktop,0.0
4177,1273,returned,2023-12-18 05:44:00,Tablet,0.0
4178,806,cancelled,2024-07-18 11:34:00,Mobile,5.99
4179,1134,completed,2024-10-13 22:42:00,Mobile,9.99
4180,1794,completed,2025-04-03 03:23:00,Mobile,0.0
4181,1127,completed,2024-08-16 08:35:00,Desktop,0.0
4182,2302,completed,2023-10-29 17:10:00,Mobile,0.0
4183,1281,returned,2024-12-03 16:39:00,Mobile,0.0
4184,800,completed,2024-10-31 08:01:00,Mobile,9.99
4185,2440,completed,2024-04-15 06:28:00,Desktop,5.99
4186,729,processing,2024-02-28 07:32:00,Desktop,9.99
4187,1469,completed,2024-11-19 09:45:00,Desktop,5.99
4188,1137,processing,2024-07-15 06:41:00,Mobile,0.0
4189,2098,returned,2024-09-09 21:35:00,Mobile,5.99
4190,1424,completed,2024-11-20 02:50:00,Desktop,0.0
4191,1366,cancelled,2025-03-20 17:51:00,Mobile,0.0
4192,1956,cancelled,2024-03-09 06:00:00,Mobile,0.0
4193,2443,processing,2025-05-19 16:12:00,Desktop,5.99
4194,2436,completed,2024-06-25 13:40:00,Mobile,5.99
4195,2163,completed,2024-01-28 22:32:00,Mobile,0.0
4196,817,completed,2025-04-09 16:38:00,Desktop,0.0
4197,1535,completed,2023-12-22 10:16:00,Desktop,0.0
4198,55,completed,2024-12-17 17:35:00,Mobile,5.99
4199,1079,returned,2024-01-05 00:40:00,Tablet,0.0
4200,824,completed,2025-01-02 01:22:00,Mobile,5.99
4201,40,completed,2024-08-30 05:17:00,Mobile,9.99
4202,590,processing,2023-09-01 00:44:00,Desktop,5.99
4203,2342,completed,2024-05-28 10:05:00,Mobile,0.0
4204,721,cancelled,2024-02-10 05:37:00,Tablet,0.0
4205,872,processing,2024-12-23 09:14:00,Mobile,0.0
4206,2452,completed,2023-11-12 23:56:00,Desktop,5.99
4207,652,cancelled,2023-06-29 17:28:00,Mobile,0.0
4208,987,completed,2025-04-14 00:48:00,Mobile,0.0
4209,2044,completed,2024-12-25 17:02:00,Mobile,5.99
4210,1489,processing,2024-03-03 05:01:00,Mobile,0.0
4211,2088,completed,2024-10-25 05:16:00,Mobile,5.99
4212,1474,completed,2024-02-13 17:39:00,Desktop,0.0
4213,521,returned,2025-06-13 21:37:00,Desktop,9.99
4214,1924,completed,2023-12-17 18:32:00,Desktop,5.99
4215,1497,returned,2024-05-25 19:35:00,Mobile,9.99
4216,1890,returned,2024-08-15 14:26:00,Mobile,5.99
4217,1109,completed,2024-05-12 00:41:00,Mobile,14.99
4218,367,returned,2023-06-03 01:47:00,Mobile,14.99
4219,424,completed,2025-10-30 23:54:00,Desktop,9.99
4220,2131,completed,2024-09-21 09:00:00,Mobile,0.0
4221,2222,completed,2025-09-22 19:09:00,Mobile,9.99
4222,1004,returned,2024-03-04 23:54:00,Mobile,0.0
4223,642,completed,2024-04-29 13:32:00,Mobile,5.99
4224,2304,returned,2023-04-16 21:40:00,Mobile,9.99
4225,1270,completed,2023-07-14 08:44:00,Mobile,5.99
4226,2400,completed,2023-04-30 13:31:00,Mobile,0.0
4227,88,completed,2024-03-28 22:59:00,Mobile,5.99
4228,782,returned,2024-08-12 05:14:00,Mobile,5.99
4229,2457,processing,2023-07-19 05:07:00,Desktop,9.99
4230,1340,cancelled,2024-10-02 15:40:00,Desktop,5.99
4231,3,processing,2025-01-27 08:48:00,Mobile,5.99
4232,2033,processing,2024-07-16 00:18:00,Tablet,5.99
4233,1601,processing,2024-05-25 01:54:00,Mobile,0.0
4234,1858,completed,2024-12-26 07:41:00,Desktop,5.99
4235,905,cancelled,2025-05-24 10:16:00,Desktop,0.0
4236,611,completed,2024-01-04 17:00:00,Tablet,9.99
4237,2302,completed,2023-12-03 17:24:00,Tablet,5.99
4238,1760,cancelled,2025-03-06 14:51:00,Mobile,5.99
4239,2338,returned,2023-10-17 12:34:00,Desktop,5.99
4240,1917,returned,2025-03-05 23:28:00,Tablet,9.99
4241,1491,returned,2024-11-13 18:20:00,Desktop,0.0
4242,119,cancelled,2024-11-01 05:35:00,Mobile,0.0
4243,1696,processing,2024-07-23 15:23:00,Desktop,0.0
4244,1383,cancelled,2024-12-23 19:39:00,Mobile,5.99
4245,1095,completed,2024-11-17 13:30:00,Desktop,5.99
4246,43,processing,2024-04-03 15:20:00,Mobile,5.99
4247,1623,returned,2024-07-19 09:10:00,Mobile,9.99
4248,999,completed,2025-07-12 21:38:00,Mobile,14.99
4249,922,completed,2025-05-24 01:54:00,Mobile,0.0
4250,781,completed,2025-08-30 05:05:00,Mobile,9.99
4251,635,completed,2024-02-18 10:19:00,Mobile,5.99
4252,831,cancelled,2025-04-28 01:59:00,Mobile,9.99
4253,1503,processing,2023-06-05 17:54:00,Desktop,5.99
4254,2210,completed,2024-04-19 10:42:00,Desktop,0.0
4255,869,completed,2023-11-06 07:02:00,Mobile,5.99
4256,538,completed,2024-09-09 23:09:00,Mobile,0.0
4257,911,cancelled,2024-04-05 01:50:00,Desktop,0.0
4258,1979,returned,2024-01-22 10:22:00,Mobile,0.0
4259,887,completed,2025-06-02 04:03:00,Mobile,0.0
4260,1007,completed,2025-05-15 19:53:00,Desktop,0.0
4261,1183,returned,2024-08-22 21:46:00,Desktop,0.0
4262,1411,completed,2024-08-30 10:57:00,Desktop,14.99
4263,1266,completed,2024-12-21 01:04:00,Mobile,5.99
4264,473,cancelled,2025-10-12 23:17:00,Mobile,0.0
4265,2364,completed,2025-01-10 19:18:00,Mobile,5.99
4266,846,completed,2023-11-17 09:28:00,Mobile,5.99
4267,1822,completed,2024-09-16 19:36:00,Mobile,0.0
4268,2059,returned,2024-03-05 11:00:00,Desktop,5.99
4269,1551,cancelled,2023-09-19 21:08:00,Desktop,0.0
4270,920,processing,2024-03-18 06:29:00,Mobile,0.0
4271,547,returned,2025-09-03 21:18:00,Mobile,5.99
4272,1826,processing,2025-04-12 15:44:00,Desktop,9.99
4273,2273,cancelled,2025-04-13 04:50:00,Mobile,5.99
4274,2342,cancelled,2024-06-20 22:34:00,Desktop,0.0
4275,2308,processing,2024-09-19 06:47:00,Tablet,0.0
4276,2340,processing,2024-10-19 20:31:00,Mobile,0.0
4277,2233,processing,2024-04-06 14:07:00,Desktop,5.99
4278,872,completed,2024-09-20 16:35:00,Mobile,5.99
4279,1300,returned,2023-05-01 14:21:00,Mobile,0.0
4280,1898,cancelled,2024-04-26 22:44:00,Desktop,5.99
4281,1503,completed,2023-08-09 09:28:00,Desktop,0.0
4282,428,cancelled,2023-10-11 19:01:00,Mobile,5.99
4283,1723,completed,2025-06-24 04:47:00,Desktop,0.0
4284,1165,returned,2024-09-01 20:34:00,Mobile,0.0
4285,1908,completed,2025-07-15 08:52:00,Desktop,5.99
4286,1558,completed,2024-02-11 01:41:00,Mobile,0.0
4287,1683,completed,2023-05-01 13:29:00,Desktop,5.99
4288,1577,completed,2023-10-26 00:48:00,Desktop,5.99
4289,724,returned,2025-05-19 10:55:00,Mobile,5.99
4290,35,completed,2024-05-08 00:07:00,Desktop,0.0
4291,1472,returned,2024-08-01 11:04:00,Mobile,5.99
4292,84,completed,2024-07-25 10:52:00,Mobile,0.0
4293,1146,cancelled,2025-08-16 02:53:00,Mobile,0.0
4294,1800,completed,2025-06-26 20:20:00,Mobile,0.0
4295,55,completed,2025-02-28 21:00:00,Mobile,5.99
4296,808,completed,2024-03-22 02:37:00,Desktop,5.99
4297,1031,processing,2025-06-12 16:06:00,Tablet,0.0
4298,925,completed,2024-09-17 23:48:00,Desktop,9.99
4299,1911,completed,2024-10-28 10:02:00,Mobile,0.0
4300,2442,completed,2024-05-09 21:47:00,Desktop,0.0
4301,630,cancelled,2024-05-16 16:43:00,Desktop,5.99
4302,521,completed,2024-10-12 00:12:00,Mobile,5.99
4303,1822,completed,2024-06-10 05:28:00,Desktop,9.99
4304,1520,completed,2024-10-07 17:20:00,Desktop,0.0
4305,281,completed,2024-05-19 11:05:00,Mobile,0.0
4306,1318,cancelled,2024-10-20 08:36:00,Desktop,5.99
4307,1131,completed,2023-10-17 04:22:00,Mobile,5.99
4308,659,completed,2024-06-19 15:59:00,Mobile,0.0
4309,1727,completed,2025-07-03 18:21:00,Mobile,5.99
4310,2292,processing,2024-03-03 05:07:00,Mobile,14.99
4311,2423,cancelled,2024-04-27 02:33:00,Mobile,0.0
4312,995,completed,2025-02-15 00:04:00,Mobile,0.0
4313,1783,returned,2025-11-07 18:00:00,Mobile,0.0
4314,1268,returned,2025-04-07 06:30:00,Mobile,9.99
4315,1063,returned,2024-04-19 21:48:00,Mobile,9.99
4316,380,completed,2024-03-13 21:59:00,Mobile,0.0
4317,611,completed,2024-07-19 18:14:00,Mobile,0.0
4318,1025,processing,2024-05-30 00:08:00,Mobile,9.99
4319,635,cancelled,2023-05-22 09:26:00,Mobile,5.99
4320,2207,completed,2024-12-10 23:10:00,Mobile,0.0
4321,1493,completed,2023-09-15 20:37:00,Mobile,5.99
4322,1251,returned,2025-03-31 14:59:00,Mobile,0.0
4323,465,returned,2025-04-23 11:37:00,Desktop,5.99
4324,125,completed,2023-12-28 20:59:00,Mobile,0.0
4325,16,completed,2023-12-04 23:45:00,Desktop,9.99
4326,1842,completed,2024-01-21 13:21:00,Mobile,9.99
4327,2326,cancelled,2024-07-11 02:41:00,Mobile,5.99
4328,2221,cancelled,2024-10-23 18:53:00,Mobile,9.99
4329,1729,processing,2023-07-23 06:27:00,Mobile,9.99
4330,716,processing,2023-02-11 08:32:00,Mobile,9.99
4331,327,completed,2024-11-15 20:27:00,Mobile,9.99
4332,2223,completed,2024-04-22 07:17:00,Mobile,14.99
4333,431,completed,2025-02-26 08:26:00,Desktop,0.0
4334,2366,returned,2024-10-22 09:15:00,Mobile,9.99
4335,2106,cancelled,2024-12-08 14:05:00,Desktop,9.99
4336,941,completed,2025-01-20 20:12:00,Mobile,5.99
4337,1618,completed,2025-03-06 10:19:00,Mobile,0.0
4338,1051,returned,2024-04-22 08:22:00,Mobile,0.0
4339,1147,completed,2023-08-25 13:20:00,Mobile,0.0
4340,2292,completed,2024-05-17 17:25:00,Desktop,5.99
4341,14,completed,2023-04-22 09:03:00,Desktop,5.99
4342,2201,completed,2023-04-03 08:07:00,Mobile,0.0
4343,1543,completed,2024-10-03 00:54:00,Mobile,5.99
4344,113,completed,2023-10-16 15:06:00,Desktop,5.99
4345,204,returned,2023-08-08 21:53:00,Mobile,5.99
4346,2356,completed,2024-12-19 00:48:00,Desktop,0.0
4347,1646,completed,2023-11-04 21:14:00,Mobile,0.0
4348,2042,cancelled,2024-07-01 23:17:00,Mobile,9.99
4349,207,completed,2024-08-26 02:00:00,Mobile,0.0
4350,1146,returned,2024-10-31 23:25:00,Desktop,9.99
4351,1871,completed,2023-06-02 22:48:00,Mobile,5.99
4352,1045,processing,2024-10-06 17:17:00,Desktop,9.99
4353,186,completed,2024-04-02 19:41:00,Mobile,14.99
4354,2007,completed,2024-06-08 04:43:00,Desktop,0.0
4355,789,completed,2024-09-06 03:58:00,Desktop,5.99
4356,822,processing,2025-08-15 07:45:00,Tablet,0.0
4357,625,processing,2024-07-27 04:42:00,Mobile,0.0
4358,462,cancelled,2023-11-12 00:12:00,Mobile,5.99
4359,2064,completed,2024-08-29 08:50:00,Desktop,5.99
4360,659,completed,2024-11-02 20:11:00,Desktop,5.99
4361,1818,returned,2023-09-16 19:49:00,Mobile,9.99
4362,1220,completed,2023-11-17 11:07:00,Tablet,5.99
4363,1254,completed,2025-07-25 15:48:00,Mobile,5.99
4364,1318,processing,2024-01-30 12:19:00,Mobile,0.0
4365,320,completed,2025-03-22 18:24:00,Mobile,0.0
4366,1280,processing,2023-04-28 15:03:00,Mobile,5.99
4367,1914,cancelled,2023-11-28 13:44:00,Desktop,0.0
4368,2208,cancelled,2025-03-06 06:08:00,Mobile,0.0
4369,2165,completed,2024-04-23 08:34:00,Mobile,5.99
4370,2272,cancelled,2024-05-27 12:37:00,Mobile,0.0
4371,2353,cancelled,2025-02-19 13:29:00,Mobile,0.0
4372,1679,completed,2024-07-13 13:55:00,Desktop,0.0
4373,2346,cancelled,2023-08-28 08:56:00,Tablet,5.99
4374,1429,completed,2025-05-05 06:45:00,Mobile,0.0
4375,1224,processing,2024-04-14 12:31:00,Mobile,5.99
4376,1779,completed,2023-07-24 17:13:00,Mobile,0.0
4377,721,returned,2023-12-28 11:50:00,Desktop,5.99
4378,512,processing,2025-08-03 21:37:00,Desktop,5.99
4379,1908,processing,2025-06-18 21:04:00,Desktop,0.0
4380,1839,cancelled,2023-10-29 05:48:00,Mobile,5.99
4381,923,processing,2023-07-14 14:35:00,Tablet,14.99
4382,2396,returned,2023-08-09 22:53:00,Mobile,5.99
4383,2473,processing,2025-12-09 11:41:00,Mobile,5.99
4384,1902,processing,2024-03-12 14:46:00,Desktop,0.0
4385,2351,completed,2023-11-16 07:28:00,Mobile,5.99
4386,974,completed,2023-12-11 19:40:00,Desktop,5.99
4387,1085,completed,2023-11-08 09:32:00,Mobile,0.0
4388,1742,completed,2023-03-18 19:59:00,Mobile,0.0
4389,2043,completed,2024-05-20 01:13:00,Mobile,0.0
4390,2480,cancelled,2024-07-20 21:21:00,Mobile,0.0
4391,608,returned,2024-02-16 13:50:00,Mobile,9.99
4392,1585,returned,2024-09-12 23:58:00,Desktop,5.99
4393,264,processing,2024-08-09 01:06:00,Tablet,9.99
4394,1817,returned,2024-02-20 20:17:00,Tablet,5.99
4395,1434,completed,2023-02-20 16:49:00,Mobile,0.0
4396,161,processing,2024-07-09 09:23:00,Mobile,5.99
4397,727,processing,2024-11-30 18:37:00,Mobile,5.99
4398,963,returned,2024-02-17 03:43:00,Desktop,5.99
4399,481,returned,2023-07-30 11:30:00,Mobile,0.0
4400,2054,processing,2025-04-09 04:55:00,Mobile,9.99
4401,2209,completed,2025-02-08 13:43:00,Mobile,0.0
4402,1354,returned,2024-03-18 09:25:00,Mobile,0.0
4403,644,completed,2024-06-13 08:58:00,Mobile,0.0
4404,1329,completed,2024-02-09 22:49:00,Mobile,0.0
4405,1076,completed,2023-10-21 05:10:00,Mobile,9.99
4406,1513,completed,2023-05-06 07:31:00,Desktop,9.99
4407,2132,returned,2023-12-30 07:26:00,Desktop,0.0
4408,1881,completed,2024-02-12 08:16:00,Desktop,0.0
4409,1109,completed,2023-11-23 03:32:00,Desktop,5.99
4410,666,completed,2024-09-15 10:55:00,Tablet,0.0
4411,1634,processing,2025-11-26 14:44:00,Desktop,9.99
4412,44,returned,2024-10-11 20:20:00,Mobile,9.99
4413,2040,completed,2024-08-11 19:54:00,Desktop,5.99
4414,785,returned,2024-09-14 16:42:00,Desktop,5.99
4415,43,cancelled,2023-08-06 23:40:00,Mobile,9.99
4416,1809,cancelled,2023-12-10 00:43:00,Mobile,0.0
4417,2236,returned,2023-04-18 01:01:00,Desktop,0.0
4418,1250,cancelled,2024-09-14 07:13:00,Mobile,5.99
4419,1952,completed,2023-12-12 14:37:00,Mobile,0.0
4420,1579,completed,2023-11-09 21:58:00,Tablet,5.99
4421,2141,completed,2025-05-26 15:24:00,Mobile,9.99
4422,306,returned,2025-07-11 15:16:00,Tablet,0.0
4423,1705,completed,2024-07-05 09:47:00,Mobile,0.0
4424,669,completed,2023-11-28 22:35:00,Mobile,9.99
4425,2159,completed,2023-11-12 16:26:00,Desktop,0.0
4426,127,returned,2025-01-01 19:17:00,Mobile,9.99
4427,212,completed,2025-02-25 00:46:00,Mobile,0.0
4428,873,completed,2025-04-26 12:59:00,Mobile,0.0
4429,127,completed,2024-12-17 22:29:00,Mobile,0.0
4430,1744,processing,2024-06-12 14:13:00,Desktop,14.99
4431,1744,completed,2025-01-19 00:58:00,Mobile,9.99
4432,2475,completed,2024-08-22 12:07:00,Desktop,5.99
4433,1480,cancelled,2024-09-09 18:44:00,Desktop,0.0
4434,2273,completed,2024-10-31 13:01:00,Desktop,5.99
4435,1603,completed,2024-07-04 13:50:00,Mobile,0.0
4436,229,completed,2023-09-15 16:05:00,Mobile,9.99
4437,2198,completed,2025-06-06 12:29:00,Mobile,5.99
4438,851,completed,2024-08-02 17:18:00,Desktop,5.99
4439,2203,completed,2024-09-30 15:27:00,Desktop,5.99
4440,1009,returned,2024-04-28 05:18:00,Mobile,5.99
4441,1989,completed,2025-08-13 21:01:00,Mobile,0.0
4442,931,completed,2023-10-12 03:08:00,Mobile,9.99
4443,1528,completed,2024-12-22 01:27:00,Tablet,0.0
4444,1610,completed,2023-10-31 22:49:00,Desktop,5.99
4445,1425,completed,2024-11-22 21:18:00,Mobile,0.0
4446,846,completed,2024-01-13 15:23:00,Desktop,5.99
4447,1280,cancelled,2023-11-19 15:32:00,Mobile,5.99
4448,1837,completed,2024-09-08 15:55:00,Mobile,0.0
4449,2078,cancelled,2025-03-29 10:41:00,Desktop,5.99
4450,1022,completed,2024-09-17 09:30:00,Desktop,9.99
4451,1733,returned,2024-08-14 21:30:00,Mobile,0.0
4452,1898,cancelled,2023-12-03 18:37:00,Mobile,5.99
4453,1079,completed,2024-04-18 06:21:00,Desktop,14.99
4454,570,completed,2023-09-07 10:08:00,Mobile,0.0
4455,1734,completed,2024-10-13 23:38:00,Mobile,5.99
4456,132,processing,2023-07-24 08:09:00,Mobile,5.99
4457,429,returned,2023-06-13 11:17:00,Desktop,0.0
4458,2119,completed,2023-06-17 14:51:00,Desktop,0.0
4459,253,processing,2023-09-29 01:46:00,Desktop,5.99
4460,121,processing,2024-05-03 11:02:00,Desktop,5.99
4461,600,completed,2025-09-15 02:17:00,Mobile,9.99
4462,1195,processing,2024-10-26 10:18:00,Tablet,0.0
4463,2319,completed,2023-08-25 23:00:00,Desktop,0.0
4464,238,processing,2025-05-08 16:53:00,Mobile,0.0
4465,884,returned,2025-07-03 15:17:00,Mobile,5.99
4466,2290,completed,2025-10-11 17:11:00,Desktop,5.99
4467,188,completed,2023-06-13 16:56:00,Mobile,0.0
4468,1946,completed,2024-04-26 06:21:00,Tablet,0.0
4469,665,completed,2024-08-13 23:00:00,Mobile,9.99
4470,1338,cancelled,2024-12-28 13:01:00,Tablet,0.0
4471,1591,processing,2024-09-15 23:42:00,Mobile,9.99
4472,411,returned,2025-02-20 10:25:00,Mobile,0.0
4473,795,completed,2023-08-25 12:39:00,Mobile,5.99
4474,593,cancelled,2024-11-06 05:23:00,Desktop,0.0
4475,405,processing,2025-07-19 17:42:00,Mobile,9.99
4476,441,processing,2024-02-11 22:05:00,Desktop,0.0
4477,1740,completed,2024-12-17 20:14:00,Mobile,0.0
4478,1988,returned,2023-06-10 05:40:00,Desktop,0.0
4479,2493,processing,2024-09-23 18:13:00,Mobile,0.0
4480,2392,completed,2024-12-24 23:58:00,Mobile,5.99
4481,2281,processing,2025-08-27 16:14:00,Mobile,9.99
4482,945,processing,2023-12-04 02:22:00,Desktop,0.0
4483,1887,completed,2024-08-15 02:43:00,Desktop,9.99
4484,1279,returned,2024-01-02 22:00:00,Mobile,9.99
4485,1157,cancelled,2023-06-05 05:15:00,Mobile,0.0
4486,327,completed,2024-09-04 08:20:00,Tablet,0.0
4487,1416,cancelled,2024-11-06 01:53:00,Mobile,0.0
4488,1476,completed,2025-03-09 19:33:00,Desktop,5.99
4489,905,completed,2025-01-08 11:31:00,Mobile,5.99
4490,1185,processing,2025-09-30 01:02:00,Mobile,5.99
4491,336,completed,2024-06-02 11:28:00,Mobile,5.99
4492,1847,completed,2024-12-11 01:47:00,Mobile,0.0
4493,1197,completed,2023-10-15 00:50:00,Mobile,0.0
4494,1976,completed,2023-07-23 14:24:00,Mobile,0.0
4495,2245,completed,2024-02-20 05:17:00,Mobile,5.99
4496,1384,completed,2023-11-09 22:33:00,Mobile,9.99
4497,593,cancelled,2024-08-05 11:52:00,Desktop,9.99
4498,2441,returned,2024-12-14 05:21:00,Mobile,9.99
4499,1157,completed,2024-02-01 13:53:00,Mobile,5.99
4500,2210,cancelled,2024-04-19 02:25:00,Tablet,5.99
4501,1045,cancelled,2025-03-06 13:44:00,Mobile,0.0
4502,195,completed,2024-02-14 16:40:00,Desktop,0.0
4503,1401,cancelled,2023-10-01 06:44:00,Mobile,5.99
4504,525,completed,2023-12-26 17:48:00,Tablet,0.0
4505,885,processing,2024-04-25 14:15:00,Mobile,0.0
4506,30,completed,2024-02-04 17:48:00,Mobile,0.0
4507,292,processing,2023-02-19 19:15:00,Mobile,5.99
4508,787,completed,2023-11-08 16:31:00,Mobile,9.99
4509,2462,completed,2025-05-11 01:20:00,Desktop,9.99
4510,148,completed,2025-05-28 13:20:00,Mobile,0.0
4511,968,processing,2024-05-01 06:32:00,Desktop,5.99
4512,2140,completed,2025-05-16 17:52:00,Mobile,5.99
4513,788,completed,2024-05-07 05:43:00,Mobile,0.0
4514,1603,completed,2024-02-12 22:09:00,Mobile,0.0
4515,1902,cancelled,2023-11-25 18:21:00,Desktop,0.0
4516,2198,completed,2024-11-01 07:54:00,Tablet,5.99
4517,2342,completed,2024-07-31 13:23:00,Mobile,9.99
4518,395,completed,2024-05-07 03:18:00,Desktop,0.0
4519,2193,returned,2023-09-02 04:55:00,Mobile,9.99
4520,558,processing,2024-08-27 07:07:00,Tablet,14.99
4521,1932,completed,2024-08-07 02:07:00,Mobile,0.0
4522,1313,returned,2023-10-10 10:19:00,Desktop,0.0
4523,1448,completed,2024-04-11 04:01:00,Mobile,5.99
4524,785,completed,2024-07-14 04:55:00,Mobile,0.0
4525,1661,processing,2024-06-03 04:12:00,Desktop,5.99
4526,2045,completed,2024-12-24 04:30:00,Desktop,9.99
4527,539,returned,2025-07-18 02:11:00,Tablet,5.99
4528,410,returned,2025-02-19 14:17:00,Desktop,5.99
4529,2370,completed,2024-03-04 01:42:00,Mobile,5.99
4530,1635,completed,2023-11-29 08:43:00,Desktop,0.0
4531,545,completed,2023-05-25 09:20:00,Desktop,0.0
4532,2166,returned,2023-12-23 06:15:00,Mobile,0.0
4533,1882,completed,2023-09-19 20:49:00,Desktop,0.0
4534,1844,returned,2024-05-13 09:36:00,Desktop,0.0
4535,761,returned,2023-11-12 08:39:00,Desktop,0.0
4536,1925,cancelled,2023-02-03 12:52:00,Desktop,0.0
4537,90,processing,2024-06-24 23:19:00,Mobile,0.0
4538,985,completed,2023-07-16 06:37:00,Mobile,0.0
4539,322,returned,2024-03-29 08:33:00,Desktop,5.99
4540,2414,cancelled,2025-03-14 04:48:00,Mobile,14.99
4541,2347,cancelled,2024-08-29 03:55:00,Mobile,9.99
4542,9,completed,2023-04-08 14:57:00,Tablet,0.0
4543,1745,processing,2025-05-08 13:21:00,Tablet,0.0
4544,190,completed,2023-09-16 05:50:00,Desktop,0.0
4545,2256,cancelled,2024-01-20 05:50:00,Tablet,0.0
4546,871,completed,2025-11-13 04:37:00,Mobile,0.0
4547,520,completed,2023-11-26 08:01:00,Mobile,0.0
4548,2010,completed,2024-04-22 10:57:00,Mobile,5.99
4549,1441,completed,2024-11-28 22:56:00,Desktop,0.0
4550,393,completed,2024-04-29 22:50:00,Mobile,9.99
4551,109,returned,2024-03-30 16:12:00,Desktop,14.99
4552,1233,completed,2024-03-31 20:19:00,Mobile,5.99
4553,1226,completed,2025-07-09 09:45:00,Desktop,5.99
4554,936,processing,2024-05-11 10:32:00,Mobile,0.0
4555,1823,completed,2024-05-01 17:00:00,Tablet,5.99
4556,1328,returned,2024-11-08 10:13:00,Tablet,5.99
4557,1069,completed,2024-04-04 16:36:00,Desktop,0.0
4558,1772,completed,2024-01-08 11:23:00,Mobile,0.0
4559,1162,cancelled,2024-04-14 03:06:00,Mobile,5.99
4560,1490,completed,2024-05-10 13:16:00,Mobile,5.99
4561,1772,completed,2024-12-18 20:48:00,Desktop,0.0
4562,773,completed,2024-07-04 17:22:00,Mobile,0.0
4563,1005,completed,2024-07-03 22:13:00,Desktop,0.0
4564,1551,completed,2023-01-24 12:55:00,Desktop,14.99
4565,2005,cancelled,2024-04-06 07:18:00,Desktop,0.0
4566,950,completed,2025-03-08 04:13:00,Mobile,0.0
4567,2151,completed,2023-04-07 06:50:00,Desktop,0.0
4568,1048,completed,2024-09-06 08:19:00,Tablet,9.99
4569,965,cancelled,2023-11-22 11:40:00,Desktop,0.0
4570,574,completed,2024-02-15 10:01:00,Mobile,5.99
4571,2102,cancelled,2024-03-25 16:05:00,Mobile,0.0
4572,2150,completed,2025-01-31 20:38:00,Mobile,5.99
4573,1541,cancelled,2024-10-30 00:45:00,Desktop,9.99
4574,1309,returned,2024-08-30 06:23:00,Tablet,5.99
4575,1085,completed,2024-03-04 14:09:00,Mobile,5.99
4576,882,returned,2024-08-07 04:52:00,Desktop,9.99
4577,650,completed,2024-08-19 19:45:00,Desktop,14.99
4578,405,cancelled,2025-10-10 21:31:00,Mobile,9.99
4579,559,cancelled,2024-12-17 19:36:00,Mobile,5.99
4580,1475,completed,2024-06-14 13:13:00,Mobile,0.0
4581,2009,completed,2024-04-28 04:21:00,Desktop,5.99
4582,2165,completed,2024-11-08 20:54:00,Mobile,0.0
4583,1409,processing,2023-07-24 01:40:00,Mobile,5.99
4584,2465,completed,2025-01-20 04:17:00,Desktop,5.99
4585,1697,completed,2025-03-06 22:26:00,Tablet,5.99
4586,2348,cancelled,2024-01-28 16:00:00,Desktop,5.99
4587,820,processing,2024-01-27 20:08:00,Mobile,0.0
4588,1619,completed,2024-04-18 07:20:00,Mobile,0.0
4589,2051,completed,2024-02-01 02:41:00,Mobile,5.99
4590,509,completed,2024-06-25 06:45:00,Mobile,0.0
4591,645,completed,2023-07-07 06:41:00,Mobile,0.0
4592,2344,completed,2024-11-22 17:17:00,Mobile,5.99
4593,86,completed,2023-09-23 10:32:00,Desktop,14.99
4594,765,processing,2023-09-15 12:12:00,Mobile,0.0
4595,403,cancelled,2024-04-19 15:21:00,Mobile,0.0
4596,1327,returned,2024-01-22 21:46:00,Tablet,5.99
4597,1148,completed,2024-06-20 03:20:00,Mobile,9.99
4598,2387,cancelled,2025-10-04 02:18:00,Mobile,0.0
4599,1383,completed,2025-03-01 11:52:00,Mobile,0.0
4600,1053,completed,2024-10-02 01:27:00,Mobile,0.0
4601,5,completed,2025-02-25 11:33:00,Desktop,9.99
4602,1852,completed,2024-10-12 07:12:00,Mobile,0.0
4603,57,completed,2025-04-24 08:10:00,Desktop,5.99
4604,1923,completed,2023-11-07 23:22:00,Mobile,0.0
4605,1653,cancelled,2024-02-23 08:06:00,Desktop,5.99
4606,1141,cancelled,2025-06-23 10:45:00,Mobile,9.99
4607,1524,completed,2024-07-15 22:04:00,Desktop,0.0
4608,1911,cancelled,2024-08-22 00:21:00,Mobile,9.99
4609,532,completed,2024-11-23 14:14:00,Mobile,5.99
4610,1540,completed,2024-12-04 16:18:00,Desktop,0.0
4611,793,completed,2024-05-17 14:31:00,Mobile,9.99
4612,705,completed,2024-12-31 04:50:00,Desktop,5.99
4613,399,completed,2024-05-20 08:58:00,Mobile,0.0
4614,323,completed,2024-02-29 09:42:00,Mobile,0.0
4615,187,processing,2025-02-28 21:13:00,Mobile,9.99
4616,829,completed,2023-11-23 22:11:00,Mobile,14.99
4617,1952,cancelled,2024-02-28 22:38:00,Mobile,9.99
4618,2116,processing,2023-06-26 00:33:00,Mobile,0.0
4619,158,completed,2024-04-05 02:17:00,Mobile,5.99
4620,1918,processing,2024-08-15 19:50:00,Tablet,5.99
4621,708,returned,2024-05-14 18:06:00,Desktop,0.0
4622,1837,completed,2024-01-27 14:06:00,Tablet,0.0
4623,2286,returned,2025-02-26 12:36:00,Desktop,5.99
4624,1791,processing,2024-05-02 10:22:00,Mobile,14.99
4625,1780,returned,2023-04-19 20:11:00,Mobile,9.99
4626,1176,completed,2024-12-04 01:50:00,Mobile,5.99
4627,1017,completed,2023-06-18 08:11:00,Desktop,5.99
4628,1785,completed,2023-07-05 07:23:00,Mobile,5.99
4629,849,completed,2024-10-09 09:56:00,Mobile,5.99
4630,1693,completed,2024-07-10 14:26:00,Mobile,0.0
4631,811,returned,2024-08-07 02:10:00,Tablet,9.99
4632,841,processing,2024-04-02 16:28:00,Mobile,0.0
4633,2293,completed,2024-04-21 22:35:00,Mobile,0.0
4634,1900,processing,2025-03-16 00:13:00,Desktop,9.99
4635,702,completed,2025-03-20 06:09:00,Mobile,0.0
4636,1038,cancelled,2025-02-12 15:02:00,Mobile,0.0
4637,482,processing,2024-10-31 06:19:00,Mobile,9.99
4638,1485,completed,2023-05-14 22:27:00,Mobile,5.99
4639,312,returned,2024-10-14 21:24:00,Mobile,0.0
4640,244,cancelled,2024-10-17 09:45:00,Mobile,0.0
4641,535,completed,2025-06-10 13:50:00,Tablet,0.0
4642,835,completed,2023-11-19 06:45:00,Mobile,5.99
4643,952,completed,2024-10-21 09:21:00,Mobile,0.0
4644,1974,cancelled,2024-01-14 14:35:00,Tablet,0.0
4645,2132,cancelled,2024-11-07 00:48:00,Mobile,5.99
4646,320,completed,2025-07-05 23:36:00,Desktop,5.99
4647,2066,completed,2023-09-23 17:16:00,Mobile,0.0
4648,624,processing,2024-10-19 00:49:00,Desktop,9.99
4649,689,processing,2024-02-18 03:53:00,Mobile,5.99
4650,1877,processing,2024-02-19 21:18:00,Desktop,0.0
4651,239,completed,2024-11-05 16:10:00,Mobile,9.99
4652,633,cancelled,2024-03-30 23:11:00,Mobile,5.99
4653,1190,processing,2024-09-06 10:32:00,Mobile,9.99
4654,722,processing,2024-02-03 13:09:00,Desktop,5.99
4655,729,completed,2023-09-02 10:57:00,Mobile,0.0
4656,2495,completed,2023-07-27 18:55:00,Desktop,9.99
4657,31,returned,2025-03-28 08:02:00,Tablet,5.99
4658,210,cancelled,2025-07-08 21:36:00,Tablet,0.0
4659,251,completed,2024-02-23 08:46:00,Mobile,5.99
4660,1931,processing,2024-06-01 17:09:00,Desktop,9.99
4661,1224,returned,2024-05-07 01:42:00,Mobile,5.99
4662,342,completed,2025-02-16 16:47:00,Desktop,0.0
4663,1475,processing,2025-04-13 16:58:00,Mobile,0.0
4664,1865,returned,2023-05-29 00:23:00,Mobile,0.0
4665,2052,completed,2025-02-17 06:44:00,Mobile,0.0
4666,616,completed,2025-02-19 07:41:00,Mobile,0.0
4667,2290,completed,2025-02-17 17:58:00,Desktop,5.99
4668,1572,completed,2024-12-25 11:58:00,Mobile,0.0
4669,1230,completed,2024-02-26 06:16:00,Mobile,9.99
4670,376,cancelled,2024-05-12 08:47:00,Desktop,0.0
4671,2147,completed,2023-09-07 06:55:00,Mobile,5.99
4672,2199,completed,2023-06-07 08:28:00,Desktop,0.0
4673,395,cancelled,2024-03-08 04:27:00,Desktop,0.0
4674,1862,completed,2024-06-17 11:21:00,Desktop,9.99
4675,2145,processing,2024-06-05 19:23:00,Mobile,5.99
4676,2307,completed,2024-06-24 06:45:00,Mobile,5.99
4677,1946,completed,2024-04-20 10:38:00,Desktop,0.0
4678,318,completed,2024-01-09 02:18:00,Desktop,5.99
4679,1203,completed,2023-08-18 11:29:00,Mobile,5.99
4680,471,returned,2024-02-10 09:26:00,Desktop,5.99
4681,444,completed,2024-07-21 18:46:00,Mobile,0.0
4682,2033,cancelled,2024-09-12 05:05:00,Mobile,5.99
4683,893,completed,2024-08-28 00:44:00,Desktop,0.0
4684,2114,completed,2024-05-21 06:02:00,Mobile,0.0
4685,947,completed,2024-07-07 00:38:00,Mobile,9.99
4686,748,completed,2024-04-26 10:47:00,Mobile,14.99
4687,2443,cancelled,2025-11-07 08:24:00,Mobile,9.99
4688,1133,completed,2025-04-20 23:25:00,Mobile,5.99
4689,682,returned,2024-07-04 06:49:00,Desktop,5.99
4690,1813,completed,2023-10-03 10:07:00,Mobile,0.0
4691,2012,completed,2024-06-18 00:33:00,Mobile,14.99
4692,915,completed,2024-11-08 22:11:00,Mobile,9.99
4693,1460,returned,2025-10-20 19:05:00,Mobile,5.99
4694,1550,completed,2024-09-23 11:37:00,Desktop,0.0
4695,1763,completed,2024-12-29 02:13:00,Mobile,5.99
4696,2063,returned,2025-11-01 10:35:00,Mobile,5.99
4697,225,returned,2024-10-01 18:00:00,Tablet,0.0
4698,317,completed,2023-06-13 21:29:00,Mobile,5.99
4699,2234,cancelled,2023-06-27 20:21:00,Mobile,5.99
4700,2334,completed,2024-04-22 22:27:00,Mobile,0.0
4701,1462,returned,2025-01-25 08:22:00,Mobile,0.0
4702,946,completed,2024-10-15 00:36:00,Desktop,5.99
4703,79,processing,2023-12-23 17:55:00,Desktop,0.0
4704,1893,processing,2024-10-25 11:59:00,Mobile,5.99
4705,2228,completed,2024-12-26 13:12:00,Mobile,5.99
4706,779,returned,2025-04-18 23:58:00,Mobile,0.0
4707,807,completed,2025-01-23 16:45:00,Mobile,5.99
4708,912,cancelled,2023-09-27 23:18:00,Mobile,14.99
4709,1419,returned,2024-11-12 07:17:00,Mobile,5.99
4710,485,cancelled,2024-02-15 18:52:00,Mobile,0.0
4711,852,completed,2023-11-17 14:00:00,Mobile,5.99
4712,1100,completed,2023-07-30 10:06:00,Mobile,9.99
4713,808,cancelled,2024-05-13 06:20:00,Mobile,0.0
4714,15,returned,2025-03-01 23:14:00,Mobile,5.99
4715,191,completed,2025-03-18 16:13:00,Mobile,9.99
4716,91,completed,2024-11-16 16:16:00,Mobile,5.99
4717,2013,completed,2024-05-23 04:27:00,Desktop,0.0
4718,2214,completed,2023-05-25 03:26:00,Mobile,0.0
4719,811,cancelled,2025-05-07 11:30:00,Tablet,0.0
4720,922,completed,2025-11-11 05:57:00,Mobile,9.99
4721,486,completed,2024-04-25 06:50:00,Desktop,5.99
4722,1306,processing,2024-06-11 13:46:00,Desktop,5.99
4723,418,cancelled,2025-01-07 21:12:00,Mobile,5.99
4724,166,returned,2025-02-06 05:54:00,Desktop,0.0
4725,770,completed,2024-02-12 19:57:00,Mobile,9.99
4726,664,returned,2023-10-11 20:00:00,Mobile,5.99
4727,2009,completed,2024-02-27 19:57:00,Mobile,14.99
4728,232,returned,2025-04-10 12:22:00,Mobile,0.0
4729,1817,processing,2024-02-22 01:50:00,Mobile,5.99
4730,2275,returned,2024-11-07 00:02:00,Desktop,0.0
4731,1008,cancelled,2025-09-01 11:20:00,Mobile,5.99
4732,1855,returned,2023-10-23 02:43:00,Desktop,0.0
4733,2297,completed,2024-07-07 03:52:00,Desktop,9.99
4734,43,completed,2023-10-19 12:13:00,Mobile,5.99
4735,1869,completed,2023-10-03 18:49:00,Mobile,0.0
4736,1064,completed,2024-06-25 17:51:00,Mobile,5.99
4737,1089,cancelled,2024-03-19 18:07:00,Mobile,0.0
4738,1404,completed,2023-12-14 02:34:00,Tablet,0.0
4739,67,returned,2023-07-12 20:05:00,Mobile,5.99
4740,2357,completed,2024-09-11 12:42:00,Mobile,5.99
4741,2472,processing,2024-08-03 14:02:00,Desktop,5.99
4742,166,completed,2025-08-03 20:13:00,Desktop,9.99
4743,1876,returned,2025-06-01 12:52:00,Mobile,9.99
4744,769,returned,2025-05-06 09:42:00,Desktop,0.0
4745,581,completed,2024-12-30 04:19:00,Mobile,5.99
4746,1889,completed,2023-05-20 04:50:00,Desktop,5.99
4747,1445,completed,2024-08-28 03:30:00,Tablet,5.99
4748,1750,processing,2023-12-21 17:03:00,Mobile,0.0
4749,2408,completed,2023-09-18 22:32:00,Mobile,9.99
4750,1889,returned,2024-02-16 09:27:00,Mobile,5.99
4751,299,completed,2024-07-03 17:21:00,Mobile,9.99
4752,957,returned,2024-11-20 12:47:00,Mobile,0.0
4753,355,completed,2024-10-10 16:43:00,Desktop,0.0
4754,1125,processing,2024-05-23 01:41:00,Desktop,0.0
4755,1583,completed,2024-04-21 16:14:00,Mobile,5.99
4756,1186,completed,2024-10-17 00:11:00,Mobile,0.0
4757,1959,completed,2024-01-14 10:53:00,Mobile,9.99
4758,1952,cancelled,2023-03-17 15:15:00,Mobile,5.99
4759,1829,processing,2025-11-07 20:10:00,Mobile,0.0
4760,2260,returned,2025-05-01 03:18:00,Mobile,0.0
4761,2456,completed,2024-09-02 15:10:00,Tablet,9.99
4762,728,processing,2025-02-11 12:43:00,Desktop,0.0
4763,1809,completed,2024-02-11 15:45:00,Mobile,9.99
4764,1534,completed,2024-02-27 19:34:00,Mobile,9.99
4765,1214,completed,2024-08-07 00:30:00,Mobile,5.99
4766,1987,completed,2024-09-20 20:38:00,Desktop,5.99
4767,2017,completed,2024-12-29 03:12:00,Mobile,5.99
4768,356,completed,2024-10-21 00:20:00,Mobile,0.0
4769,388,returned,2023-10-25 01:33:00,Desktop,0.0
4770,784,returned,2025-01-17 09:24:00,Mobile,0.0
4771,1944,completed,2025-03-23 13:29:00,Desktop,5.99
4772,1309,completed,2025-01-23 06:54:00,Mobile,5.99
4773,2360,completed,2023-10-08 14:34:00,Mobile,0.0
4774,1667,completed,2025-02-17 04:02:00,Desktop,5.99
4775,2124,processing,2024-08-13 14:14:00,Desktop,0.0
4776,886,returned,2023-10-04 19:54:00,Mobile,0.0
4777,704,completed,2024-03-21 15:28:00,Tablet,0.0
4778,702,completed,2025-06-07 02:57:00,Desktop,5.99
4779,1384,completed,2023-12-26 11:15:00,Mobile,5.99
4780,1502,processing,2025-04-06 14:00:00,Desktop,0.0
4781,530,completed,2024-04-06 21:35:00,Mobile,0.0
4782,143,processing,2024-05-02 17:39:00,Mobile,9.99
4783,1652,cancelled,2024-06-20 04:05:00,Mobile,9.99
4784,572,completed,2024-01-16 13:02:00,Mobile,5.99
4785,2043,cancelled,2023-08-16 06:11:00,Desktop,9.99
4786,245,completed,2025-06-14 08:54:00,Mobile,9.99
4787,213,cancelled,2023-05-19 21:55:00,Desktop,0.0
4788,1142,completed,2024-01-27 13:12:00,Mobile,0.0
4789,2367,completed,2023-12-31 22:14:00,Desktop,0.0
4790,1616,completed,2024-08-18 18:14:00,Mobile,5.99
4791,340,processing,2024-12-26 21:39:00,Mobile,0.0
4792,2205,cancelled,2023-12-19 16:18:00,Mobile,0.0
4793,1103,completed,2024-10-15 05:17:00,Mobile,0.0
4794,471,processing,2023-05-28 12:56:00,Mobile,5.99
4795,2094,processing,2025-02-11 00:45:00,Mobile,5.99
4796,1366,completed,2025-03-17 22:23:00,Desktop,0.0
4797,1630,processing,2024-04-12 14:48:00,Desktop,0.0
4798,45,returned,2023-07-16 04:47:00,Desktop,0.0
4799,600,completed,2025-03-10 13:47:00,Desktop,0.0
4800,1225,returned,2024-07-23 18:12:00,Mobile,5.99
4801,203,completed,2025-05-09 08:51:00,Desktop,0.0
4802,383,processing,2024-08-31 16:22:00,Mobile,5.99
4803,918,processing,2024-08-20 09:16:00,Tablet,0.0
4804,898,completed,2025-03-06 03:10:00,Mobile,0.0
4805,909,completed,2023-05-04 20:25:00,Tablet,9.99
4806,762,cancelled,2024-07-23 15:04:00,Mobile,0.0
4807,1390,completed,2024-05-09 16:23:00,Desktop,14.99
4808,802,completed,2024-04-08 14:16:00,Tablet,0.0
4809,1182,completed,2023-04-08 09:55:00,Mobile,5.99
4810,1389,returned,2023-12-12 14:38:00,Mobile,5.99
4811,2429,processing,2024-06-03 14:11:00,Desktop,5.99
4812,2038,completed,2023-12-13 21:25:00,Desktop,0.0
4813,747,completed,2024-06-09 02:00:00,Desktop,9.99
4814,1778,cancelled,2023-04-23 17:48:00,Mobile,14.99
4815,1140,completed,2024-12-14 22:58:00,Mobile,5.99
4816,2011,processing,2023-07-14 08:12:00,Mobile,0.0
4817,1202,completed,2024-01-07 17:54:00,Mobile,5.99
4818,2349,completed,2025-03-28 13:20:00,Mobile,0.0
4819,2314,completed,2024-08-02 09:13:00,Mobile,9.99
4820,712,returned,2025-07-08 14:08:00,Mobile,0.0
4821,856,processing,2023-10-27 13:43:00,Mobile,0.0
4822,215,returned,2025-04-29 13:58:00,Desktop,0.0
4823,1775,completed,2025-01-28 13:45:00,Mobile,5.99
4824,2056,completed,2024-01-09 00:14:00,Desktop,9.99
4825,717,completed,2025-05-29 10:00:00,Desktop,14.99
4826,1813,completed,2024-06-07 08:47:00,Tablet,0.0
4827,1268,completed,2024-06-02 09:32:00,Desktop,0.0
4828,271,returned,2023-11-22 10:28:00,Desktop,9.99
4829,411,completed,2025-03-02 10:30:00,Desktop,0.0
4830,2380,completed,2025-11-24 10:53:00,Desktop,5.99
4831,1445,returned,2024-03-16 22:29:00,Mobile,5.99
4832,725,completed,2024-02-09 08:12:00,Desktop,9.99
4833,423,completed,2023-12-19 03:45:00,Mobile,5.99
4834,1855,completed,2023-05-07 03:35:00,Mobile,9.99
4835,702,returned,2025-05-02 20:03:00,Desktop,5.99
4836,818,cancelled,2023-10-18 07:29:00,Tablet,0.0
4837,252,processing,2024-04-03 20:31:00,Desktop,0.0
4838,481,processing,2024-03-10 14:24:00,Mobile,0.0
4839,1360,completed,2024-01-21 18:27:00,Mobile,5.99
4840,121,cancelled,2023-11-21 15:27:00,Mobile,9.99
4841,154,completed,2024-08-04 02:20:00,Mobile,5.99
4842,58,processing,2024-01-18 01:12:00,Desktop,0.0
4843,1670,returned,2023-08-27 00:38:00,Mobile,0.0
4844,787,completed,2024-06-10 17:28:00,Mobile,0.0
4845,1228,returned,2025-08-31 20:27:00,Desktop,0.0
4846,292,cancelled,2024-02-04 06:18:00,Mobile,5.99
4847,1691,completed,2024-02-03 14:16:00,Mobile,0.0
4848,897,returned,2025-05-24 00:09:00,Tablet,0.0
4849,1947,completed,2025-01-04 19:50:00,Tablet,5.99
4850,380,completed,2023-11-30 21:33:00,Mobile,5.99
4851,333,completed,2024-06-10 05:34:00,Desktop,9.99
4852,106,completed,2024-02-27 03:34:00,Desktop,0.0
4853,1955,cancelled,2024-12-11 01:49:00,Mobile,0.0
4854,2492,returned,2023-07-12 12:35:00,Desktop,5.99
4855,2249,returned,2024-01-07 05:14:00,Mobile,9.99
4856,2278,completed,2024-12-21 03:04:00,Mobile,9.99
4857,2205,completed,2024-04-03 11:24:00,Mobile,5.99
4858,349,completed,2024-09-01 00:11:00,Desktop,0.0
4859,2128,completed,2025-01-25 13:52:00,Tablet,14.99
4860,248,processing,2024-05-05 12:39:00,Desktop,0.0
4861,2040,completed,2024-09-12 14:50:00,Mobile,0.0
4862,2075,completed,2023-08-25 10:06:00,Mobile,0.0
4863,2110,completed,2024-03-02 15:05:00,Mobile,5.99
4864,1779,completed,2023-05-27 09:09:00,Desktop,5.99
4865,1795,completed,2025-08-13 15:01:00,Mobile,9.99
4866,547,completed,2024-11-11 03:41:00,Mobile,0.0
4867,2376,cancelled,2024-12-15 03:58:00,Desktop,5.99
4868,2216,completed,2024-08-24 02:32:00,Mobile,9.99
4869,264,cancelled,2024-06-24 08:14:00,Mobile,0.0
4870,1034,completed,2025-09-05 10:41:00,Mobile,5.99
4871,111,completed,2024-02-12 03:34:00,Desktop,5.99
4872,1523,completed,2025-01-04 01:05:00,Desktop,9.99
4873,1984,returned,2024-06-07 16:05:00,Desktop,0.0
4874,582,returned,2025-03-25 04:22:00,Mobile,5.99
4875,834,cancelled,2025-01-19 12:09:00,Tablet,14.99
4876,1841,returned,2023-11-08 01:34:00,Desktop,5.99
4877,83,cancelled,2025-01-24 20:09:00,Mobile,0.0
4878,1631,cancelled,2023-12-17 18:35:00,Desktop,0.0
4879,1159,completed,2024-06-16 05:28:00,Desktop,9.99
4880,1633,completed,2024-11-04 18:53:00,Desktop,0.0
4881,1637,completed,2023-06-23 01:51:00,Mobile,5.99
4882,2175,completed,2025-08-27 11:26:00,Mobile,0.0
4883,1998,completed,2025-06-19 06:37:00,Mobile,9.99
4884,2,completed,2024-08-25 05:44:00,Tablet,5.99
4885,1174,processing,2024-11-24 09:07:00,Mobile,5.99
4886,1890,processing,2024-07-02 19:13:00,Mobile,5.99
4887,1423,completed,2025-05-30 14:22:00,Mobile,5.99
4888,2366,processing,2024-11-05 03:54:00,Mobile,5.99
4889,2123,cancelled,2024-05-24 18:14:00,Mobile,5.99
4890,540,completed,2025-01-13 23:09:00,Mobile,14.99
4891,1940,completed,2024-09-12 03:34:00,Desktop,0.0
4892,1913,returned,2023-11-25 13:11:00,Mobile,0.0
4893,981,completed,2024-11-30 18:43:00,Mobile,9.99
4894,2202,completed,2023-12-03 14:35:00,Desktop,5.99
4895,1719,completed,2024-09-15 13:57:00,Mobile,0.0
4896,2064,cancelled,2024-10-13 19:38:00,Desktop,5.99
4897,331,processing,2023-11-11 20:34:00,Mobile,0.0
4898,1979,completed,2024-09-13 00:36:00,Tablet,5.99
4899,994,returned,2025-04-12 21:19:00,Mobile,9.99
4900,1008,processing,2025-06-12 15:51:00,Mobile,9.99
4901,1274,returned,2024-09-12 11:26:00,Desktop,0.0
4902,22,returned,2024-02-22 13:19:00,Mobile,0.0
4903,1639,cancelled,2024-06-23 12:01:00,Mobile,5.99
4904,1772,completed,2024-11-03 09:03:00,Mobile,14.99
4905,1503,completed,2023-08-14 22:06:00,Mobile,5.99
4906,486,returned,2024-12-01 19:40:00,Mobile,5.99
4907,1247,completed,2023-10-26 10:17:00,Desktop,0.0
4908,2236,completed,2023-03-20 23:43:00,Mobile,9.99
4909,1359,processing,2023-12-26 06:17:00,Mobile,5.99
4910,397,completed,2023-10-21 05:38:00,Desktop,0.0
4911,1568,cancelled,2025-06-04 03:30:00,Tablet,5.99
4912,412,returned,2025-07-25 23:08:00,Tablet,14.99
4913,950,completed,2025-11-12 07:02:00,Mobile,5.99
4914,1067,returned,2024-04-23 15:01:00,Mobile,9.99
4915,1217,completed,2023-03-01 23:58:00,Mobile,9.99
4916,1027,completed,2024-03-18 16:19:00,Mobile,9.99
4917,436,processing,2024-03-04 12:50:00,Mobile,5.99
4918,1268,cancelled,2024-07-21 13:20:00,Mobile,0.0
4919,1834,cancelled,2025-04-09 07:58:00,Desktop,9.99
4920,2429,completed,2024-09-22 21:45:00,Desktop,0.0
4921,1932,completed,2024-06-15 21:25:00,Mobile,0.0
4922,924,completed,2024-05-20 22:47:00,Desktop,0.0
4923,1318,completed,2024-09-21 06:43:00,Desktop,5.99
4924,1871,completed,2024-03-13 06:14:00,Mobile,0.0
4925,2350,completed,2023-07-17 04:33:00,Mobile,0.0
4926,1483,returned,2024-09-13 22:59:00,Desktop,9.99
4927,2080,completed,2025-01-14 05:48:00,Tablet,0.0
4928,1461,cancelled,2023-10-08 23:15:00,Desktop,9.99
4929,1197,cancelled,2024-01-05 07:00:00,Desktop,5.99
4930,1405,completed,2024-01-04 06:30:00,Mobile,9.99
4931,1397,completed,2024-11-04 22:12:00,Desktop,0.0
4932,2386,cancelled,2023-12-23 17:27:00,Mobile,5.99
4933,670,completed,2025-02-25 23:21:00,Desktop,5.99
4934,776,completed,2025-11-19 12:48:00,Mobile,0.0
4935,1256,returned,2025-11-19 16:42:00,Desktop,14.99
4936,1153,returned,2025-01-04 07:16:00,Desktop,5.99
4937,2448,processing,2023-09-11 17:33:00,Desktop,0.0
4938,353,processing,2024-08-22 10:10:00,Desktop,14.99
4939,2056,returned,2023-06-30 14:56:00,Desktop,0.0
4940,1033,completed,2024-03-31 22:18:00,Desktop,9.99
4941,1799,processing,2024-10-24 18:58:00,Desktop,0.0
4942,286,completed,2025-02-20 18:47:00,Mobile,5.99
4943,1066,completed,2024-06-11 05:53:00,Mobile,0.0
4944,1632,completed,2025-09-01 23:22:00,Mobile,5.99
4945,2243,completed,2024-08-16 13:17:00,Mobile,5.99
4946,1928,cancelled,2024-02-11 18:09:00,Mobile,0.0
4947,1187,returned,2025-05-31 08:40:00,Desktop,5.99
4948,514,returned,2023-04-16 17:22:00,Mobile,9.99
4949,2006,completed,2024-12-19 03:32:00,Desktop,9.99
4950,636,completed,2025-01-29 15:50:00,Desktop,0.0
4951,1554,completed,2024-01-10 01:24:00,Desktop,0.0
4952,417,cancelled,2023-06-13 15:59:00,Desktop,0.0
4953,382,cancelled,2025-05-25 10:42:00,Desktop,0.0
4954,1214,completed,2025-01-11 03:45:00,Mobile,9.99
4955,1632,cancelled,2025-06-18 12:59:00,Mobile,5.99
4956,464,completed,2023-08-27 08:55:00,Desktop,5.99
4957,605,completed,2024-10-22 15:18:00,Desktop,0.0
4958,362,completed,2023-05-26 01:07:00,Mobile,5.99
4959,193,completed,2024-11-05 15:38:00,Mobile,0.0
4960,1486,completed,2024-02-18 15:08:00,Mobile,0.0
4961,1496,completed,2024-11-10 16:29:00,Mobile,5.99
4962,35,cancelled,2024-06-20 03:14:00,Desktop,5.99
4963,977,returned,2023-08-26 18:37:00,Mobile,5.99
4964,1498,completed,2023-08-29 09:50:00,Mobile,0.0
4965,908,processing,2023-07-03 12:21:00,Mobile,0.0
4966,508,completed,2023-06-18 11:52:00,Desktop,0.0
4967,30,cancelled,2024-06-09 05:35:00,Desktop,5.99
4968,1935,completed,2023-01-01 14:45:00,Desktop,0.0
4969,1925,completed,2023-05-04 00:34:00,Mobile,14.99
4970,870,completed,2024-08-21 08:30:00,Desktop,0.0
4971,1470,returned,2023-10-17 06:17:00,Mobile,5.99
4972,969,completed,2023-05-12 12:30:00,Mobile,9.99
4973,1391,completed,2023-12-09 14:00:00,Mobile,0.0
4974,746,completed,2025-01-19 18:42:00,Tablet,5.99
4975,539,completed,2025-05-28 02:10:00,Mobile,5.99
4976,1086,completed,2024-07-16 07:49:00,Mobile,5.99
4977,2294,processing,2024-10-15 01:15:00,Desktop,0.0
4978,1806,returned,2024-11-22 19:18:00,Mobile,0.0
4979,1414,completed,2024-01-25 22:22:00,Mobile,5.99
4980,1936,completed,2024-12-25 23:19:00,Mobile,5.99
4981,33,completed,2025-01-16 18:20:00,Desktop,0.0
4982,2110,cancelled,2023-07-19 01:40:00,Mobile,0.0
4983,2426,completed,2025-04-12 16:26:00,Desktop,5.99
4984,2500,completed,2023-11-12 18:35:00,Desktop,0.0
4985,196,cancelled,2025-05-11 11:59:00,Mobile,0.0
4986,461,completed,2023-08-13 14:38:00,Desktop,0.0
4987,1432,processing,2024-01-17 09:28:00,Mobile,5.99
4988,511,completed,2024-08-28 01:22:00,Mobile,0.0
4989,2437,processing,2023-06-14 05:59:00,Mobile,5.99
4990,1304,completed,2025-09-12 21:47:00,Mobile,0.0
4991,678,completed,2024-05-27 18:37:00,Mobile,5.99
4992,435,completed,2023-06-03 00:38:00,Mobile,0.0
4993,1616,processing,2024-09-02 18:46:00,Mobile,5.99
4994,1565,completed,2025-06-03 17:28:00,Tablet,5.99
4995,2221,cancelled,2025-02-17 13:29:00,Mobile,5.99
4996,368,cancelled,2024-09-10 20:20:00,Mobile,5.99
4997,2164,completed,2025-02-12 13:01:00,Mobile,0.0
4998,726,cancelled,2025-05-07 15:52:00,Tablet,0.0
4999,550,completed,2023-12-09 14:16:00,Mobile,0.0
5000,1318,cancelled,2024-01-31 04:03:00,Mobile,0.0
5001,2172,processing,2023-10-29 05:46:00,Mobile,0.0
5002,374,processing,2024-09-03 03:51:00,Mobile,5.99
5003,2153,completed,2023-12-12 13:52:00,Desktop,0.0
5004,1358,completed,2024-04-09 15:43:00,Tablet,14.99
5005,418,cancelled,2025-08-19 00:21:00,Desktop,0.0
5006,559,returned,2025-04-28 15:03:00,Desktop,0.0
5007,927,processing,2023-04-06 14:58:00,Mobile,5.99
5008,253,completed,2023-04-14 15:01:00,Desktop,14.99
5009,454,completed,2023-10-18 08:30:00,Mobile,0.0
5010,1821,processing,2023-04-19 16:23:00,Desktop,0.0
5011,667,cancelled,2025-01-10 10:31:00,Desktop,0.0
5012,2465,cancelled,2024-09-17 01:33:00,Mobile,9.99
5013,1496,completed,2025-10-28 03:23:00,Desktop,5.99
5014,876,completed,2024-04-06 19:34:00,Desktop,0.0
5015,1734,completed,2024-08-27 04:58:00,Desktop,0.0
5016,138,completed,2024-10-23 08:18:00,Tablet,0.0
5017,215,completed,2025-11-15 13:42:00,Mobile,9.99
5018,390,processing,2025-07-25 20:51:00,Mobile,5.99
5019,2223,cancelled,2024-06-11 11:44:00,Mobile,5.99
5020,1754,returned,2025-02-18 00:04:00,Mobile,9.99
5021,2479,completed,2025-10-29 00:24:00,Mobile,5.99
5022,2341,completed,2024-05-05 04:15:00,Desktop,0.0
5023,786,completed,2024-01-20 09:09:00,Mobile,14.99
5024,2303,cancelled,2023-09-06 21:55:00,Desktop,5.99
5025,2146,completed,2023-08-10 20:50:00,Mobile,5.99
5026,1573,returned,2025-07-02 08:25:00,Mobile,0.0
5027,1837,completed,2024-03-11 06:52:00,Mobile,5.99
5028,1732,completed,2024-07-11 02:28:00,Desktop,0.0
5029,2404,completed,2024-07-01 07:13:00,Desktop,0.0
5030,2033,completed,2024-12-14 23:17:00,Mobile,0.0
5031,2040,completed,2024-11-21 22:07:00,Desktop,0.0
5032,1069,completed,2024-05-29 08:41:00,Mobile,0.0
5033,2187,completed,2025-01-22 16:21:00,Desktop,9.99
5034,1389,processing,2024-03-16 14:27:00,Mobile,5.99
5035,573,processing,2024-07-23 21:15:00,Desktop,0.0
5036,531,completed,2023-08-11 07:34:00,Desktop,9.99
5037,1527,processing,2023-08-19 14:12:00,Desktop,5.99
5038,72,completed,2023-11-21 13:33:00,Desktop,0.0
5039,2144,completed,2023-11-20 17:06:00,Desktop,5.99
5040,2231,returned,2024-04-03 01:25:00,Desktop,0.0
5041,1059,returned,2023-08-12 01:03:00,Mobile,0.0
5042,1466,returned,2024-11-09 01:21:00,Mobile,0.0
5043,582,completed,2025-10-29 11:29:00,Mobile,0.0
5044,2172,completed,2023-12-19 10:06:00,Mobile,0.0
5045,1251,returned,2025-05-31 20:29:00,Desktop,9.99
5046,2109,completed,2024-05-10 16:51:00,Desktop,0.0
5047,1309,completed,2024-05-12 01:28:00,Desktop,9.99
5048,1393,returned,2024-11-18 23:54:00,Mobile,0.0
5049,1668,completed,2024-09-11 11:15:00,Desktop,14.99
5050,177,completed,2024-10-26 04:29:00,Mobile,9.99
5051,1396,completed,2025-01-20 08:28:00,Desktop,5.99
5052,2336,completed,2024-01-08 08:58:00,Mobile,0.0
5053,542,completed,2024-11-22 20:31:00,Desktop,5.99
5054,500,returned,2025-06-11 17:59:00,Mobile,14.99
5055,412,completed,2025-03-15 04:50:00,Mobile,5.99
5056,1077,processing,2023-08-19 22:14:00,Mobile,0.0
5057,876,processing,2024-04-28 04:07:00,Desktop,0.0
5058,501,cancelled,2024-03-28 03:47:00,Mobile,5.99
5059,1589,completed,2024-03-13 15:54:00,Mobile,0.0
5060,1100,completed,2023-11-28 06:11:00,Tablet,5.99
5061,1061,completed,2024-05-20 14:15:00,Mobile,0.0
5062,741,returned,2024-10-27 21:36:00,Tablet,0.0
5063,1479,completed,2025-01-15 17:37:00,Desktop,0.0
5064,61,completed,2024-11-17 19:47:00,Mobile,0.0
5065,88,completed,2024-04-01 10:27:00,Desktop,0.0
5066,563,returned,2024-02-07 22:47:00,Mobile,0.0
5067,618,completed,2025-01-11 18:09:00,Desktop,14.99
5068,2298,completed,2024-08-09 11:16:00,Desktop,0.0
5069,2050,cancelled,2024-07-27 09:02:00,Mobile,5.99
5070,36,returned,2025-01-27 04:37:00,Desktop,0.0
5071,1547,processing,2025-05-05 01:59:00,Mobile,5.99
5072,1679,completed,2024-09-03 22:28:00,Mobile,5.99
5073,2478,cancelled,2024-10-29 03:51:00,Mobile,9.99
5074,1594,completed,2024-10-21 10:27:00,Desktop,14.99
5075,2138,completed,2023-04-15 03:22:00,Desktop,5.99
5076,743,processing,2025-01-25 23:09:00,Desktop,0.0
5077,1964,completed,2024-10-05 01:51:00,Mobile,0.0
5078,1804,completed,2025-05-02 01:41:00,Desktop,5.99
5079,103,completed,2025-02-25 20:23:00,Desktop,0.0
5080,217,completed,2023-12-10 07:58:00,Desktop,0.0
5081,1944,completed,2025-03-14 11:50:00,Mobile,0.0
5082,2081,completed,2025-03-16 15:47:00,Desktop,0.0
5083,1172,cancelled,2025-02-14 00:27:00,Mobile,5.99
5084,48,processing,2023-06-12 17:02:00,Desktop,5.99
5085,405,cancelled,2025-08-27 00:35:00,Desktop,5.99
5086,2384,completed,2024-08-21 19:47:00,Mobile,0.0
5087,1796,processing,2025-03-26 14:38:00,Mobile,5.99
5088,1566,completed,2025-02-03 19:30:00,Mobile,5.99
5089,1238,cancelled,2024-09-07 23:54:00,Desktop,5.99
5090,1223,completed,2023-12-14 09:02:00,Tablet,0.0
5091,782,completed,2024-06-02 15:01:00,Mobile,0.0
5092,228,returned,2024-05-04 12:21:00,Mobile,0.0
5093,1983,processing,2024-06-01 11:52:00,Mobile,9.99
5094,1871,completed,2023-05-21 20:57:00,Desktop,0.0
5095,301,returned,2024-01-25 23:34:00,Desktop,5.99
5096,2303,processing,2024-04-26 14:07:00,Mobile,0.0
5097,603,cancelled,2024-12-28 20:30:00,Desktop,0.0
5098,319,returned,2025-01-07 20:50:00,Mobile,0.0
5099,2157,processing,2023-09-17 06:42:00,Mobile,5.99
5100,1444,returned,2023-12-19 04:07:00,Mobile,0.0
5101,1482,processing,2025-01-29 11:01:00,Desktop,0.0
5102,1485,cancelled,2023-04-03 12:07:00,Mobile,5.99
5103,1477,completed,2024-02-07 02:41:00,Desktop,14.99
5104,2290,completed,2025-09-06 13:55:00,Tablet,0.0
5105,800,completed,2024-12-15 02:49:00,Mobile,0.0
5106,2324,returned,2024-05-28 17:32:00,Mobile,0.0
5107,419,processing,2023-10-04 18:36:00,Desktop,0.0
5108,97,completed,2025-01-16 07:59:00,Mobile,5.99
5109,562,completed,2025-03-22 19:52:00,Mobile,0.0
5110,2038,returned,2023-09-03 15:39:00,Mobile,5.99
5111,19,cancelled,2023-10-10 11:49:00,Mobile,5.99
5112,2292,completed,2024-01-27 14:30:00,Mobile,0.0
5113,1350,processing,2025-05-03 19:31:00,Mobile,5.99
5114,2329,cancelled,2025-02-13 19:48:00,Tablet,9.99
5115,2392,completed,2025-03-21 19:07:00,Mobile,0.0
5116,817,returned,2024-09-26 15:31:00,Desktop,5.99
5117,2068,completed,2025-01-14 21:05:00,Mobile,5.99
5118,236,completed,2023-07-30 03:40:00,Tablet,0.0
5119,202,completed,2024-09-24 05:28:00,Mobile,0.0
5120,623,cancelled,2023-12-25 15:08:00,Mobile,5.99
5121,927,returned,2023-12-15 06:29:00,Mobile,5.99
5122,1781,returned,2024-11-30 07:46:00,Mobile,9.99
5123,252,completed,2024-05-05 14:40:00,Mobile,0.0
5124,305,completed,2024-05-07 07:51:00,Desktop,5.99
5125,2277,returned,2025-02-28 15:11:00,Desktop,0.0
5126,1709,completed,2024-02-11 03:39:00,Mobile,0.0
5127,573,completed,2023-12-25 11:29:00,Tablet,0.0
5128,352,completed,2023-01-13 21:22:00,Tablet,0.0
5129,1594,returned,2024-12-06 00:55:00,Mobile,0.0
5130,2298,completed,2024-04-27 05:48:00,Mobile,9.99
5131,2123,completed,2024-01-19 21:36:00,Desktop,5.99
5132,241,completed,2025-12-03 17:08:00,Desktop,5.99
5133,1130,processing,2024-09-24 03:00:00,Desktop,14.99
5134,479,completed,2024-11-03 18:16:00,Mobile,9.99
5135,118,cancelled,2023-10-30 11:47:00,Mobile,0.0
5136,1614,completed,2023-07-07 05:33:00,Mobile,0.0
5137,2270,completed,2023-12-25 16:29:00,Tablet,0.0
5138,652,completed,2023-11-08 15:50:00,Desktop,5.99
5139,1322,completed,2023-04-01 16:59:00,Desktop,0.0
5140,931,returned,2023-09-22 20:32:00,Mobile,9.99
5141,359,cancelled,2023-12-21 10:28:00,Mobile,0.0
5142,1613,completed,2024-05-12 09:41:00,Mobile,5.99
5143,1771,cancelled,2025-02-25 19:56:00,Mobile,5.99
5144,488,completed,2024-11-25 06:40:00,Mobile,9.99
5145,850,completed,2023-04-19 16:46:00,Mobile,14.99
5146,2495,completed,2023-09-01 10:39:00,Desktop,0.0
5147,468,completed,2024-10-13 21:13:00,Desktop,5.99
5148,1590,completed,2024-05-11 13:24:00,Tablet,9.99
5149,651,completed,2024-07-30 13:39:00,Tablet,0.0
5150,2014,cancelled,2024-03-03 14:08:00,Desktop,0.0
5151,245,completed,2025-10-08 11:09:00,Mobile,14.99
5152,2152,completed,2023-10-07 14:09:00,Mobile,0.0
5153,2130,returned,2023-04-22 10:00:00,Desktop,0.0
5154,1106,cancelled,2023-07-19 04:56:00,Desktop,5.99
5155,1778,cancelled,2023-05-03 10:28:00,Mobile,0.0
5156,624,processing,2024-04-02 18:23:00,Desktop,0.0
5157,1314,completed,2023-10-21 11:14:00,Desktop,0.0
5158,1021,completed,2023-08-25 07:16:00,Desktop,14.99
5159,1183,completed,2024-10-07 01:44:00,Mobile,9.99
5160,629,completed,2024-09-12 16:49:00,Desktop,9.99
5161,2014,returned,2024-11-19 18:09:00,Mobile,5.99
5162,97,processing,2024-10-11 14:57:00,Mobile,9.99
5163,999,completed,2025-03-14 18:05:00,Mobile,5.99
5164,254,completed,2024-05-30 11:01:00,Desktop,9.99
5165,1219,processing,2024-09-11 09:51:00,Mobile,0.0
5166,1941,returned,2024-03-13 05:46:00,Mobile,5.99
5167,2048,returned,2024-04-10 04:11:00,Mobile,0.0
5168,826,returned,2024-02-16 10:57:00,Desktop,0.0
5169,1421,returned,2024-07-20 23:48:00,Desktop,5.99
5170,1495,cancelled,2025-02-21 20:28:00,Desktop,0.0
5171,2294,completed,2025-09-04 15:09:00,Tablet,9.99
5172,129,completed,2023-08-23 13:50:00,Mobile,14.99
5173,1756,completed,2023-09-25 13:15:00,Tablet,0.0
5174,1531,completed,2024-09-19 17:02:00,Mobile,5.99
5175,152,completed,2023-03-07 03:17:00,Mobile,0.0
5176,2290,cancelled,2025-09-17 23:16:00,Mobile,9.99
5177,1056,completed,2024-11-22 09:20:00,Mobile,0.0
5178,465,completed,2025-08-01 12:06:00,Mobile,9.99
5179,388,completed,2023-10-06 05:46:00,Desktop,0.0
5180,1716,cancelled,2023-07-12 16:08:00,Tablet,9.99
5181,110,processing,2024-01-20 02:50:00,Desktop,9.99
5182,527,completed,2024-06-13 10:17:00,Mobile,0.0
5183,675,returned,2025-08-02 18:44:00,Mobile,5.99
5184,1131,completed,2023-10-11 13:32:00,Desktop,5.99
5185,1730,returned,2024-01-21 01:45:00,Mobile,0.0
5186,70,completed,2023-09-13 13:03:00,Desktop,0.0
5187,929,cancelled,2024-09-02 00:33:00,Mobile,0.0
5188,791,completed,2024-09-21 08:43:00,Mobile,0.0
5189,261,completed,2024-01-08 06:18:00,Desktop,0.0
5190,2391,cancelled,2025-05-19 17:12:00,Mobile,0.0
5191,1718,cancelled,2023-07-16 12:49:00,Mobile,0.0
5192,1727,completed,2024-09-27 13:00:00,Desktop,14.99
5193,1669,cancelled,2024-12-15 05:49:00,Mobile,0.0
5194,1939,returned,2025-04-21 20:58:00,Mobile,14.99
5195,1066,returned,2024-08-17 17:12:00,Desktop,5.99
5196,1070,processing,2025-03-29 21:49:00,Mobile,5.99
5197,1706,completed,2024-03-29 12:00:00,Mobile,0.0
5198,1455,returned,2024-11-19 08:01:00,Mobile,5.99
5199,596,completed,2023-07-18 03:53:00,Desktop,5.99
5200,1113,completed,2023-10-23 10:47:00,Mobile,0.0
5201,1475,cancelled,2024-09-16 07:21:00,Tablet,5.99
5202,221,completed,2024-03-12 14:27:00,Tablet,9.99
5203,2259,completed,2024-12-08 04:20:00,Mobile,9.99
5204,1312,completed,2023-08-05 02:47:00,Mobile,0.0
5205,694,cancelled,2024-09-16 20:44:00,Mobile,0.0
5206,562,returned,2025-07-07 15:04:00,Mobile,0.0
5207,642,completed,2024-01-16 03:21:00,Mobile,5.99
5208,531,completed,2023-06-10 05:16:00,Mobile,0.0
5209,2454,completed,2023-12-21 12:29:00,Desktop,5.99
5210,1838,completed,2025-02-11 23:34:00,Mobile,5.99
5211,1199,completed,2024-03-26 23:31:00,Desktop,0.0
5212,2,completed,2024-10-14 02:30:00,Mobile,0.0
5213,2352,completed,2024-04-26 11:40:00,Desktop,0.0
5214,2192,processing,2025-02-24 11:52:00,Desktop,9.99
5215,1261,cancelled,2023-10-09 03:19:00,Mobile,5.99
5216,2334,completed,2023-07-25 20:40:00,Mobile,9.99
5217,843,completed,2023-05-22 02:21:00,Mobile,0.0
5218,1740,completed,2024-10-28 20:57:00,Tablet,5.99
5219,1281,returned,2025-06-04 01:26:00,Mobile,0.0
5220,872,completed,2024-12-29 20:26:00,Mobile,0.0
5221,2376,cancelled,2025-01-13 23:40:00,Mobile,5.99
5222,1131,processing,2024-07-12 10:22:00,Mobile,5.99
5223,774,returned,2023-04-24 03:24:00,Desktop,0.0
5224,1754,cancelled,2025-08-06 03:21:00,Mobile,5.99
5225,923,completed,2024-03-13 17:09:00,Desktop,0.0
5226,1609,cancelled,2024-10-11 16:57:00,Mobile,0.0
5227,2392,completed,2024-07-31 08:22:00,Mobile,5.99
5228,1270,cancelled,2023-10-29 16:04:00,Desktop,0.0
5229,1602,completed,2024-12-11 10:03:00,Mobile,9.99
5230,179,completed,2024-06-30 09:49:00,Mobile,9.99
5231,821,returned,2024-02-09 19:22:00,Tablet,14.99
5232,1915,cancelled,2023-11-03 15:22:00,Desktop,5.99
5233,250,cancelled,2023-11-28 11:00:00,Desktop,0.0
5234,2474,completed,2024-02-08 22:16:00,Mobile,0.0
5235,1612,completed,2025-07-23 14:55:00,Mobile,5.99
5236,1012,cancelled,2024-09-28 06:59:00,Desktop,0.0
5237,403,returned,2024-02-29 18:24:00,Mobile,14.99
5238,1847,completed,2024-10-25 23:34:00,Desktop,9.99
5239,128,returned,2024-01-15 18:17:00,Mobile,0.0
5240,1294,returned,2024-11-25 23:58:00,Desktop,0.0
5241,111,completed,2023-09-14 07:44:00,Mobile,5.99
5242,1621,cancelled,2024-08-25 11:20:00,Desktop,9.99
5243,1634,completed,2025-11-20 18:54:00,Mobile,5.99
5244,1615,completed,2025-06-20 19:28:00,Mobile,9.99
5245,972,returned,2023-06-01 08:58:00,Desktop,5.99
5246,462,completed,2023-02-21 09:25:00,Desktop,0.0
5247,2470,completed,2025-03-12 12:10:00,Mobile,0.0
5248,724,cancelled,2025-05-08 01:29:00,Tablet,9.99
5249,692,processing,2024-01-10 11:45:00,Mobile,0.0
5250,234,cancelled,2024-07-16 19:21:00,Mobile,0.0
5251,37,processing,2024-10-16 20:16:00,Desktop,5.99
5252,1544,processing,2023-10-16 08:33:00,Mobile,9.99
5253,1051,completed,2024-08-10 20:45:00,Mobile,0.0
5254,1977,completed,2023-09-27 09:05:00,Desktop,0.0
5255,1702,completed,2025-06-27 17:44:00,Desktop,9.99
5256,872,processing,2024-06-27 10:45:00,Tablet,0.0
5257,660,cancelled,2025-04-21 12:04:00,Mobile,5.99
5258,490,completed,2023-06-13 17:25:00,Tablet,0.0
5259,1481,cancelled,2024-03-11 12:22:00,Desktop,0.0
5260,530,processing,2023-08-18 07:37:00,Desktop,0.0
5261,2422,completed,2023-04-14 16:24:00,Desktop,9.99
5262,122,cancelled,2025-04-13 07:16:00,Mobile,9.99
5263,1951,completed,2024-02-21 10:32:00,Mobile,0.0
5264,2226,completed,2024-03-22 12:07:00,Mobile,0.0
5265,1896,completed,2025-07-04 16:10:00,Desktop,5.99
5266,2294,completed,2025-03-28 01:33:00,Desktop,5.99
5267,1062,completed,2025-02-11 07:04:00,Desktop,9.99
5268,681,completed,2025-05-01 21:31:00,Desktop,9.99
5269,260,completed,2024-01-10 04:55:00,Mobile,5.99
5270,1791,completed,2025-03-09 17:54:00,Desktop,0.0
5271,1761,completed,2024-11-20 18:01:00,Desktop,0.0
5272,675,returned,2025-04-25 00:52:00,Tablet,0.0
5273,116,returned,2025-01-19 18:37:00,Mobile,0.0
5274,1794,completed,2024-06-02 16:16:00,Desktop,14.99
5275,1469,cancelled,2025-02-17 17:42:00,Mobile,0.0
5276,1723,completed,2024-11-28 09:04:00,Mobile,0.0
5277,945,returned,2023-08-10 08:27:00,Desktop,9.99
5278,2381,completed,2024-09-16 00:43:00,Mobile,5.99
5279,901,returned,2024-01-09 07:08:00,Mobile,5.99
5280,1839,completed,2023-11-05 23:31:00,Mobile,5.99
5281,1934,completed,2023-09-08 21:49:00,Mobile,5.99
5282,1096,returned,2025-01-31 03:41:00,Desktop,0.0
5283,972,returned,2024-01-11 19:51:00,Tablet,0.0
5284,432,processing,2024-06-20 13:08:00,Tablet,0.0
5285,2102,completed,2024-08-13 04:43:00,Desktop,0.0
5286,1907,completed,2024-12-08 15:44:00,Mobile,9.99
5287,1275,returned,2024-07-27 11:16:00,Mobile,0.0
5288,977,completed,2023-05-26 17:37:00,Mobile,0.0
5289,1222,returned,2024-12-14 01:11:00,Mobile,5.99
5290,1259,completed,2024-10-18 18:11:00,Mobile,9.99
5291,1590,completed,2024-04-28 21:47:00,Mobile,5.99
5292,2296,cancelled,2024-05-01 09:23:00,Mobile,5.99
5293,1924,completed,2024-01-26 22:55:00,Desktop,9.99
5294,1197,completed,2024-03-13 20:49:00,Mobile,5.99
5295,636,completed,2025-11-08 01:22:00,Desktop,0.0
5296,350,completed,2023-10-21 11:51:00,Desktop,5.99
5297,596,completed,2023-08-07 03:00:00,Tablet,0.0
5298,1825,completed,2023-11-04 04:19:00,Desktop,5.99
5299,14,completed,2023-05-06 04:58:00,Mobile,5.99
5300,720,processing,2024-06-19 11:16:00,Mobile,9.99
5301,1194,processing,2024-05-22 23:53:00,Desktop,0.0
5302,2261,processing,2024-09-13 20:27:00,Desktop,9.99
5303,138,returned,2024-09-23 18:59:00,Mobile,5.99
5304,101,returned,2023-10-30 19:08:00,Mobile,5.99
5305,995,completed,2024-07-04 23:12:00,Desktop,5.99
5306,222,completed,2025-10-15 12:00:00,Mobile,5.99
5307,776,completed,2025-10-17 18:52:00,Mobile,5.99
5308,1774,cancelled,2024-11-11 09:09:00,Desktop,9.99
5309,1960,returned,2025-08-27 15:42:00,Tablet,5.99
5310,1200,completed,2024-09-07 07:20:00,Mobile,5.99
5311,887,completed,2025-02-22 19:37:00,Desktop,5.99
5312,1217,completed,2023-05-23 11:05:00,Mobile,5.99
5313,291,returned,2023-11-25 01:03:00,Desktop,0.0
5314,589,completed,2023-09-30 01:55:00,Desktop,0.0
5315,1465,completed,2024-07-23 13:56:00,Mobile,5.99
5316,187,completed,2025-06-27 10:17:00,Mobile,9.99
5317,569,completed,2024-02-24 10:43:00,Mobile,0.0
5318,1821,completed,2023-12-15 06:44:00,Mobile,0.0
5319,207,returned,2024-08-23 08:47:00,Mobile,9.99
5320,533,completed,2024-10-18 10:54:00,Mobile,5.99
5321,357,completed,2025-02-06 13:48:00,Mobile,0.0
5322,303,returned,2023-09-13 12:58:00,Mobile,9.99
5323,682,completed,2023-09-15 00:44:00,Mobile,9.99
5324,2497,completed,2024-10-25 21:58:00,Desktop,0.0
5325,1834,completed,2025-05-18 20:12:00,Desktop,5.99
5326,149,returned,2025-03-03 23:53:00,Desktop,5.99
5327,2207,completed,2024-11-10 04:06:00,Mobile,5.99
5328,874,completed,2024-05-29 16:09:00,Desktop,5.99
5329,942,processing,2023-08-22 12:15:00,Desktop,9.99
5330,2266,completed,2023-06-05 04:13:00,Desktop,5.99
5331,1821,completed,2023-04-28 17:57:00,Mobile,0.0
5332,1879,completed,2024-04-06 23:32:00,Desktop,9.99
5333,2001,completed,2024-09-11 08:20:00,Desktop,0.0
5334,1840,completed,2024-07-18 11:20:00,Desktop,5.99
5335,1704,completed,2023-07-07 18:37:00,Desktop,5.99
5336,1891,completed,2025-06-07 05:10:00,Mobile,5.99
5337,816,completed,2024-06-14 21:56:00,Desktop,5.99
5338,2109,completed,2024-05-05 18:21:00,Tablet,0.0
5339,290,cancelled,2023-04-05 12:59:00,Mobile,0.0
5340,415,completed,2025-02-11 09:43:00,Desktop,5.99
5341,796,completed,2024-08-31 13:25:00,Mobile,0.0
5342,1171,completed,2023-11-16 08:16:00,Mobile,5.99
5343,1942,completed,2025-04-10 10:38:00,Desktop,0.0
5344,684,cancelled,2025-06-11 20:54:00,Mobile,0.0
5345,1855,cancelled,2023-08-02 14:56:00,Mobile,0.0
5346,451,completed,2024-12-20 05:40:00,Desktop,0.0
5347,1746,cancelled,2025-06-14 21:39:00,Mobile,14.99
5348,1512,completed,2023-12-29 15:24:00,Mobile,0.0
5349,1758,completed,2023-06-10 04:33:00,Mobile,5.99
5350,2498,completed,2024-07-19 13:43:00,Mobile,5.99
5351,1157,completed,2024-04-18 07:55:00,Desktop,0.0
5352,2027,completed,2025-09-26 02:07:00,Mobile,5.99
5353,579,completed,2024-07-05 06:49:00,Tablet,9.99
5354,1575,completed,2024-05-05 13:29:00,Mobile,0.0
5355,2150,completed,2025-01-25 03:14:00,Desktop,9.99
5356,2332,completed,2025-08-05 13:37:00,Mobile,0.0
5357,798,cancelled,2024-09-14 22:48:00,Mobile,0.0
5358,586,processing,2025-04-29 07:13:00,Mobile,0.0
5359,512,cancelled,2025-06-29 19:28:00,Mobile,14.99
5360,111,completed,2023-12-25 04:55:00,Mobile,9.99
5361,387,completed,2024-07-28 12:24:00,Mobile,0.0
5362,1561,completed,2024-11-25 13:41:00,Desktop,5.99
5363,1980,completed,2025-07-09 03:13:00,Mobile,14.99
5364,1052,completed,2024-10-20 16:38:00,Desktop,0.0
5365,1982,cancelled,2025-03-02 13:45:00,Mobile,5.99
5366,122,processing,2025-05-19 20:17:00,Tablet,0.0
5367,2022,completed,2025-08-26 17:30:00,Mobile,5.99
5368,1439,completed,2024-03-22 20:34:00,Mobile,0.0
5369,122,completed,2024-12-27 05:50:00,Tablet,5.99
5370,2023,completed,2025-03-07 11:42:00,Desktop,0.0
5371,2460,completed,2024-07-13 14:08:00,Tablet,0.0
5372,1963,cancelled,2024-04-28 10:23:00,Mobile,5.99
5373,2247,completed,2025-01-29 10:41:00,Mobile,5.99
5374,940,returned,2024-02-12 07:10:00,Mobile,5.99
5375,1821,completed,2023-04-22 15:25:00,Mobile,5.99
5376,324,completed,2024-12-18 15:16:00,Desktop,0.0
5377,123,cancelled,2024-08-23 11:24:00,Desktop,0.0
5378,1042,completed,2025-03-26 02:53:00,Desktop,5.99
5379,1608,completed,2023-12-07 04:10:00,Desktop,5.99
5380,402,completed,2024-04-26 11:25:00,Desktop,9.99
5381,1117,completed,2023-12-27 17:01:00,Mobile,9.99
5382,869,cancelled,2023-08-13 23:58:00,Desktop,0.0
5383,2312,completed,2024-09-17 23:56:00,Desktop,0.0
5384,520,completed,2024-08-23 12:42:00,Desktop,0.0
5385,639,returned,2024-09-17 14:54:00,Mobile,0.0
5386,1333,completed,2024-02-02 04:02:00,Tablet,0.0
5387,392,completed,2024-12-10 01:10:00,Mobile,5.99
5388,1957,completed,2025-03-10 19:03:00,Mobile,5.99
5389,1092,completed,2025-02-21 20:57:00,Mobile,0.0
5390,1297,completed,2024-09-09 17:22:00,Mobile,5.99
5391,1462,completed,2025-04-27 12:28:00,Mobile,0.0
5392,2454,cancelled,2023-09-11 12:58:00,Mobile,0.0
5393,1622,cancelled,2025-02-20 10:01:00,Desktop,0.0
5394,243,processing,2024-03-05 10:10:00,Mobile,9.99
5395,2288,completed,2023-09-16 12:53:00,Desktop,9.99
5396,1198,completed,2024-01-29 10:02:00,Mobile,9.99
5397,930,returned,2024-10-23 09:23:00,Mobile,9.99
5398,2075,completed,2024-06-22 00:02:00,Desktop,0.0
5399,520,completed,2024-09-04 21:45:00,Desktop,0.0
5400,1783,cancelled,2025-09-30 09:25:00,Mobile,9.99
5401,1831,returned,2023-10-23 17:54:00,Mobile,0.0
5402,1972,completed,2024-08-16 00:10:00,Mobile,5.99
5403,2174,completed,2023-07-23 18:23:00,Mobile,5.99
5404,967,returned,2023-12-02 17:21:00,Desktop,9.99
5405,1951,completed,2023-12-19 17:01:00,Desktop,5.99
5406,2392,processing,2025-05-10 14:53:00,Mobile,0.0
5407,839,returned,2023-04-02 04:45:00,Desktop,0.0
5408,2032,completed,2024-02-09 06:19:00,Mobile,0.0
5409,2478,completed,2024-08-05 12:28:00,Desktop,5.99
5410,446,completed,2025-09-06 23:20:00,Mobile,0.0
5411,2411,returned,2024-02-16 02:22:00,Desktop,5.99
5412,2065,completed,2025-04-04 22:24:00,Mobile,0.0
5413,353,processing,2024-05-19 09:30:00,Mobile,0.0
5414,310,completed,2024-02-17 12:42:00,Mobile,5.99
5415,1374,returned,2024-04-09 17:04:00,Mobile,0.0
5416,1624,completed,2025-05-19 18:10:00,Desktop,0.0
5417,1917,cancelled,2025-04-04 03:29:00,Mobile,5.99
5418,826,completed,2024-02-26 00:54:00,Mobile,0.0
5419,1903,completed,2025-06-15 17:40:00,Mobile,0.0
5420,363,completed,2025-02-16 13:18:00,Desktop,9.99
5421,429,processing,2024-01-26 07:18:00,Mobile,0.0
5422,1960,returned,2024-12-07 04:28:00,Tablet,0.0
5423,209,returned,2024-03-23 06:27:00,Desktop,9.99
5424,842,completed,2024-10-08 21:22:00,Mobile,9.99
5425,495,completed,2024-05-28 00:25:00,Mobile,0.0
5426,1756,completed,2023-11-19 01:04:00,Desktop,5.99
5427,724,cancelled,2025-02-02 11:17:00,Mobile,9.99
5428,664,returned,2024-05-26 01:25:00,Desktop,0.0
5429,1226,processing,2025-09-09 01:33:00,Desktop,9.99
5430,1273,completed,2023-07-11 07:26:00,Tablet,9.99
5431,741,completed,2025-04-23 12:12:00,Desktop,5.99
5432,742,completed,2024-11-22 09:11:00,Desktop,5.99
5433,1832,returned,2024-12-23 09:04:00,Mobile,0.0
5434,1143,completed,2024-10-11 01:47:00,Desktop,9.99
5435,797,cancelled,2024-06-21 14:13:00,Tablet,0.0
5436,821,completed,2023-11-03 17:28:00,Desktop,0.0
5437,1892,cancelled,2024-09-05 04:04:00,Desktop,0.0
5438,1576,completed,2024-11-17 13:20:00,Mobile,0.0
5439,1122,completed,2023-10-07 19:55:00,Mobile,0.0
5440,1455,cancelled,2024-10-06 18:20:00,Desktop,9.99
5441,1880,returned,2024-05-22 22:48:00,Mobile,5.99
5442,2468,completed,2024-12-10 01:47:00,Mobile,5.99
5443,928,returned,2023-07-16 06:22:00,Mobile,0.0
5444,1906,completed,2024-03-19 00:51:00,Desktop,9.99
5445,1843,completed,2024-03-25 16:04:00,Tablet,0.0
5446,224,completed,2023-03-26 18:23:00,Mobile,14.99
5447,1274,completed,2024-12-22 04:17:00,Mobile,5.99
5448,2080,processing,2025-06-22 05:32:00,Desktop,0.0
5449,2426,returned,2024-10-03 02:08:00,Mobile,5.99
5450,1967,completed,2025-07-18 22:52:00,Mobile,9.99
5451,101,completed,2023-12-06 22:15:00,Tablet,5.99
5452,120,completed,2024-01-22 01:57:00,Desktop,5.99
5453,54,cancelled,2024-11-16 17:13:00,Mobile,0.0
5454,664,processing,2024-01-11 21:05:00,Mobile,0.0
5455,131,completed,2023-11-28 18:21:00,Desktop,9.99
5456,464,returned,2023-08-08 20:02:00,Desktop,5.99
5457,328,completed,2024-06-15 17:35:00,Desktop,5.99
5458,977,cancelled,2024-01-04 15:43:00,Desktop,5.99
5459,1232,cancelled,2024-09-02 19:24:00,Mobile,0.0
5460,1110,completed,2024-06-02 09:22:00,Mobile,0.0
5461,1967,completed,2025-07-06 13:43:00,Mobile,5.99
5462,1190,completed,2024-03-22 13:38:00,Mobile,0.0
5463,1378,returned,2024-01-06 19:56:00,Tablet,0.0
5464,2223,completed,2024-04-23 07:50:00,Desktop,5.99
5465,108,completed,2023-06-03 01:19:00,Tablet,0.0
5466,542,returned,2024-04-20 00:52:00,Mobile,0.0
5467,414,cancelled,2024-01-04 18:32:00,Desktop,0.0
5468,373,completed,2024-09-07 11:27:00,Mobile,14.99
5469,2227,completed,2024-03-23 17:27:00,Desktop,0.0
5470,2011,cancelled,2023-07-23 04:18:00,Desktop,0.0
5471,728,completed,2025-03-20 20:50:00,Mobile,5.99
5472,2379,processing,2025-02-16 15:44:00,Desktop,9.99
5473,2444,completed,2024-03-07 21:37:00,Desktop,5.99
5474,1271,returned,2023-12-05 14:31:00,Mobile,5.99
5475,830,returned,2025-06-08 17:50:00,Mobile,0.0
5476,2316,completed,2024-10-09 21:20:00,Mobile,0.0
5477,1581,processing,2025-04-19 22:24:00,Desktop,0.0
5478,558,completed,2024-06-14 21:20:00,Tablet,5.99
5479,891,completed,2024-01-20 00:14:00,Desktop,9.99
5480,1216,completed,2024-09-29 14:30:00,Desktop,14.99
5481,7,completed,2024-12-09 23:19:00,Desktop,0.0
5482,1252,completed,2024-10-19 13:01:00,Mobile,5.99
5483,1501,completed,2024-11-17 02:01:00,Mobile,0.0
5484,2103,completed,2023-07-15 09:44:00,Mobile,5.99
5485,2270,completed,2023-12-20 14:18:00,Mobile,14.99
5486,1909,completed,2024-11-06 22:56:00,Mobile,0.0
5487,723,completed,2024-03-17 12:43:00,Mobile,5.99
5488,2233,completed,2024-08-18 07:46:00,Mobile,0.0
5489,1735,processing,2023-07-18 20:08:00,Mobile,9.99
5490,358,returned,2024-06-20 07:42:00,Desktop,5.99
5491,570,completed,2023-05-28 11:11:00,Desktop,5.99
5492,1065,completed,2024-11-06 03:10:00,Desktop,9.99
5493,1498,completed,2023-09-21 06:05:00,Desktop,0.0
5494,1555,completed,2024-01-08 18:20:00,Desktop,0.0
5495,1498,completed,2024-03-13 12:01:00,Desktop,5.99
5496,1348,completed,2024-04-24 03:59:00,Mobile,9.99
5497,743,completed,2025-01-21 08:17:00,Desktop,9.99
5498,1345,completed,2024-11-17 14:19:00,Desktop,5.99
5499,1544,cancelled,2023-05-27 16:43:00,Mobile,9.99
5500,1294,completed,2025-01-01 01:47:00,Tablet,0.0
5501,1939,completed,2024-11-26 15:34:00,Desktop,0.0
5502,2299,completed,2025-03-18 09:26:00,Desktop,5.99
5503,1958,returned,2023-11-21 06:53:00,Mobile,0.0
5504,455,completed,2025-10-08 19:19:00,Mobile,5.99
5505,820,returned,2024-01-31 18:03:00,Mobile,0.0
5506,1767,completed,2024-05-21 20:46:00,Tablet,5.99
5507,1776,cancelled,2024-12-11 15:57:00,Mobile,0.0
5508,702,completed,2024-12-07 07:22:00,Desktop,9.99
5509,1743,processing,2024-06-05 13:30:00,Tablet,9.99
5510,2022,completed,2025-02-13 09:08:00,Mobile,5.99
5511,242,completed,2024-11-28 03:34:00,Desktop,0.0
5512,1083,completed,2023-10-10 02:56:00,Mobile,5.99
5513,2029,processing,2024-12-21 03:36:00,Mobile,0.0
5514,2152,processing,2024-02-12 18:47:00,Desktop,5.99
5515,1567,completed,2024-07-26 08:25:00,Mobile,0.0
5516,1703,returned,2025-05-14 10:21:00,Mobile,5.99
5517,1310,completed,2025-02-16 21:23:00,Mobile,9.99
5518,1012,completed,2024-09-16 01:43:00,Desktop,0.0
5519,2151,completed,2023-03-20 21:32:00,Mobile,5.99
5520,33,completed,2024-08-16 23:06:00,Mobile,0.0
5521,170,completed,2025-08-03 13:45:00,Desktop,9.99
5522,1111,completed,2024-05-16 09:26:00,Desktop,0.0
5523,1832,returned,2024-06-04 19:01:00,Mobile,5.99
5524,1150,completed,2023-09-25 02:29:00,Desktop,0.0
5525,2354,completed,2024-06-28 15:48:00,Mobile,0.0
5526,761,returned,2024-02-09 09:22:00,Mobile,0.0
5527,2253,completed,2024-04-05 18:36:00,Mobile,5.99
5528,508,completed,2023-07-22 04:13:00,Desktop,0.0
5529,2058,cancelled,2025-01-08 15:22:00,Mobile,5.99
5530,210,processing,2024-12-22 08:11:00,Tablet,0.0
5531,1989,completed,2025-03-16 21:27:00,Tablet,9.99
5532,997,completed,2024-05-01 23:25:00,Desktop,14.99
5533,846,completed,2023-12-10 18:47:00,Mobile,0.0
5534,1776,processing,2024-06-17 13:04:00,Mobile,5.99
5535,1789,cancelled,2025-09-04 16:40:00,Mobile,9.99
5536,473,completed,2025-01-02 13:27:00,Desktop,5.99
5537,666,completed,2024-05-19 13:06:00,Mobile,0.0
5538,483,completed,2024-03-14 12:21:00,Mobile,0.0
5539,1175,completed,2025-06-02 17:26:00,Mobile,9.99
5540,2044,completed,2024-02-23 20:54:00,Mobile,0.0
5541,270,returned,2024-08-17 10:42:00,Mobile,0.0
5542,282,completed,2023-08-16 00:18:00,Mobile,5.99
5543,1087,completed,2024-09-22 19:50:00,Desktop,0.0
5544,1387,completed,2023-08-28 06:22:00,Tablet,5.99
5545,1269,returned,2025-11-03 11:35:00,Mobile,0.0
5546,1025,processing,2024-05-29 17:41:00,Mobile,0.0
5547,1362,returned,2025-04-01 21:05:00,Desktop,5.99
5548,1000,returned,2023-08-21 06:02:00,Mobile,5.99
5549,2401,completed,2025-08-06 04:47:00,Desktop,0.0
5550,957,completed,2024-08-18 06:53:00,Mobile,0.0
5551,838,cancelled,2023-05-09 23:41:00,Desktop,5.99
5552,1722,completed,2024-04-25 12:37:00,Desktop,5.99
5553,1366,completed,2025-03-01 18:01:00,Mobile,0.0
5554,1711,cancelled,2023-12-14 06:31:00,Mobile,5.99
5555,229,completed,2023-02-15 06:39:00,Mobile,0.0
5556,1181,returned,2024-06-06 14:20:00,Mobile,5.99
5557,187,completed,2025-03-11 22:57:00,Tablet,5.99
5558,1300,cancelled,2023-05-30 07:56:00,Mobile,9.99
5559,775,returned,2024-06-20 11:15:00,Desktop,9.99
5560,87,returned,2025-02-08 00:06:00,Desktop,9.99
5561,1820,completed,2024-10-22 04:51:00,Mobile,5.99
5562,1068,cancelled,2024-11-06 04:00:00,Mobile,9.99
5563,2023,completed,2024-11-13 03:15:00,Desktop,5.99
5564,821,completed,2023-11-30 07:02:00,Mobile,0.0
5565,354,completed,2025-02-08 19:46:00,Mobile,5.99
5566,1208,cancelled,2024-09-01 04:16:00,Mobile,0.0
5567,1970,completed,2024-11-15 08:03:00,Mobile,0.0
5568,121,cancelled,2024-06-29 06:49:00,Desktop,0.0
5569,1782,cancelled,2025-02-11 08:41:00,Mobile,5.99
5570,211,cancelled,2024-02-01 12:54:00,Desktop,5.99
5571,1013,returned,2023-11-26 09:57:00,Mobile,5.99
5572,2190,completed,2025-03-11 23:53:00,Desktop,0.0
5573,534,completed,2023-06-30 05:44:00,Mobile,9.99
5574,2101,completed,2025-10-02 01:42:00,Tablet,0.0
5575,1422,returned,2024-01-12 22:34:00,Mobile,14.99
5576,2300,returned,2023-11-16 15:32:00,Mobile,5.99
5577,1306,completed,2024-06-14 11:11:00,Mobile,0.0
5578,1348,cancelled,2024-07-21 05:34:00,Mobile,5.99
5579,1090,processing,2024-10-10 12:19:00,Desktop,0.0
5580,607,completed,2023-11-22 09:35:00,Desktop,9.99
5581,1260,processing,2024-06-10 05:30:00,Mobile,5.99
5582,2083,completed,2024-02-13 03:04:00,Mobile,0.0
5583,354,returned,2025-04-28 16:21:00,Desktop,5.99
5584,212,returned,2025-02-14 05:39:00,Mobile,0.0
5585,2205,completed,2023-08-02 12:58:00,Tablet,5.99
5586,1273,completed,2023-05-10 11:56:00,Mobile,9.99
5587,242,completed,2025-05-02 15:00:00,Tablet,0.0
5588,104,completed,2024-12-07 07:42:00,Mobile,5.99
5589,1250,completed,2024-05-05 00:39:00,Mobile,5.99
5590,2385,processing,2024-12-03 15:44:00,Tablet,5.99
5591,103,cancelled,2024-10-25 02:22:00,Mobile,0.0
5592,1191,completed,2023-08-30 08:42:00,Mobile,14.99
5593,1041,cancelled,2024-12-09 18:51:00,Mobile,14.99
5594,670,processing,2025-02-07 01:31:00,Mobile,5.99
5595,938,completed,2023-10-22 10:33:00,Tablet,9.99
5596,1302,cancelled,2024-02-25 17:46:00,Tablet,0.0
5597,643,processing,2024-08-03 18:45:00,Desktop,5.99
5598,585,completed,2025-03-08 15:25:00,Mobile,5.99
5599,2013,cancelled,2024-05-10 11:02:00,Desktop,0.0
5600,1289,completed,2024-05-07 17:38:00,Desktop,9.99
5601,143,cancelled,2023-12-30 07:18:00,Tablet,5.99
5602,765,completed,2023-10-22 13:30:00,Desktop,14.99
5603,2091,processing,2024-07-14 03:53:00,Desktop,14.99
5604,1221,completed,2025-04-06 01:42:00,Desktop,5.99
5605,1037,completed,2023-12-08 10:26:00,Mobile,9.99
5606,942,completed,2023-07-24 03:13:00,Mobile,5.99
5607,243,completed,2024-03-25 11:57:00,Mobile,5.99
5608,1464,completed,2023-03-01 12:42:00,Mobile,0.0
5609,2149,processing,2024-03-26 23:31:00,Mobile,0.0
5610,2489,completed,2023-10-12 22:15:00,Mobile,0.0
5611,1925,completed,2023-01-03 12:53:00,Desktop,9.99
5612,1035,completed,2025-04-22 00:23:00,Tablet,0.0
5613,1446,completed,2024-09-09 12:44:00,Desktop,0.0
5614,1049,cancelled,2024-12-08 07:21:00,Desktop,0.0
5615,457,processing,2024-07-29 09:45:00,Desktop,9.99
5616,1534,returned,2024-08-15 10:46:00,Desktop,0.0
5617,148,cancelled,2025-05-08 09:18:00,Desktop,0.0
5618,83,completed,2025-02-17 22:52:00,Mobile,14.99
5619,74,processing,2023-09-14 01:22:00,Desktop,9.99
5620,645,returned,2023-12-16 01:21:00,Desktop,5.99
5621,1835,cancelled,2023-05-24 15:39:00,Mobile,0.0
5622,1216,completed,2025-01-13 11:58:00,Desktop,0.0
5623,1500,returned,2024-10-06 05:28:00,Mobile,0.0
5624,1068,completed,2024-03-19 11:33:00,Mobile,0.0
5625,1579,processing,2023-05-20 23:29:00,Tablet,5.99
5626,933,completed,2023-09-29 20:07:00,Desktop,5.99
5627,659,completed,2025-03-15 12:06:00,Mobile,0.0
5628,1349,completed,2024-03-06 19:16:00,Mobile,0.0
5629,1075,cancelled,2023-10-31 00:59:00,Mobile,5.99
5630,2103,completed,2023-08-12 12:04:00,Desktop,5.99
5631,1008,completed,2025-05-27 19:22:00,Mobile,9.99
5632,1633,completed,2025-01-01 15:34:00,Desktop,5.99
5633,363,completed,2024-12-07 09:22:00,Mobile,0.0
5634,2006,completed,2025-01-13 18:07:00,Desktop,5.99
5635,2334,completed,2023-08-10 23:45:00,Desktop,5.99
5636,1506,completed,2025-01-11 07:38:00,Mobile,9.99
5637,2029,returned,2025-01-02 05:21:00,Mobile,0.0
5638,748,cancelled,2024-01-04 18:16:00,Mobile,0.0
5639,1211,completed,2023-11-24 21:06:00,Tablet,0.0
5640,1826,cancelled,2024-06-13 13:41:00,Mobile,14.99
5641,102,completed,2025-08-22 14:43:00,Desktop,0.0
5642,1512,cancelled,2024-06-14 12:03:00,Desktop,0.0
5643,2290,processing,2025-01-08 11:44:00,Mobile,5.99
5644,130,completed,2024-05-23 17:22:00,Mobile,5.99
5645,348,processing,2024-09-22 20:06:00,Tablet,5.99
5646,1144,completed,2024-05-04 19:28:00,Tablet,5.99
5647,1935,processing,2023-11-06 12:19:00,Mobile,5.99
5648,629,completed,2025-01-02 09:46:00,Mobile,0.0
5649,856,completed,2023-11-22 11:00:00,Mobile,9.99
5650,1300,completed,2023-07-23 10:46:00,Mobile,0.0
5651,513,processing,2025-04-02 23:36:00,Mobile,0.0
5652,186,cancelled,2024-02-19 14:17:00,Desktop,0.0
5653,2450,completed,2024-06-08 10:35:00,Desktop,5.99
5654,232,completed,2024-11-19 01:36:00,Mobile,5.99
5655,2185,processing,2024-10-13 11:51:00,Desktop,0.0
5656,1887,completed,2024-07-21 01:40:00,Mobile,0.0
5657,1905,processing,2024-05-09 22:14:00,Mobile,5.99
5658,176,processing,2024-08-22 06:20:00,Mobile,9.99
5659,1201,processing,2025-04-21 03:48:00,Tablet,14.99
5660,1147,cancelled,2023-09-25 10:47:00,Desktop,5.99
5661,973,completed,2024-08-11 15:21:00,Desktop,5.99
5662,1165,completed,2023-12-21 05:58:00,Mobile,5.99
5663,2400,completed,2024-02-06 10:32:00,Mobile,0.0
5664,1645,completed,2025-03-08 14:47:00,Desktop,0.0
5665,74,completed,2023-09-29 08:00:00,Tablet,0.0
5666,255,processing,2024-07-30 14:40:00,Mobile,9.99
5667,1538,completed,2024-05-20 04:33:00,Desktop,0.0
5668,14,completed,2023-08-24 09:25:00,Mobile,0.0
5669,641,returned,2024-06-26 04:09:00,Tablet,5.99
5670,1052,completed,2024-09-04 11:01:00,Desktop,0.0
5671,878,processing,2025-04-10 22:24:00,Mobile,0.0
5672,545,completed,2023-03-18 17:23:00,Desktop,5.99
5673,152,returned,2023-09-11 19:36:00,Desktop,14.99
5674,975,returned,2024-10-08 11:40:00,Desktop,0.0
5675,2269,returned,2025-03-07 18:39:00,Desktop,14.99
5676,2166,completed,2024-01-25 14:18:00,Mobile,5.99
5677,27,completed,2023-12-11 19:15:00,Desktop,9.99
5678,2372,completed,2023-09-12 18:54:00,Mobile,5.99
5679,138,completed,2024-12-16 10:16:00,Tablet,0.0
5680,1570,completed,2024-07-13 22:16:00,Mobile,9.99
5681,353,completed,2024-09-20 21:40:00,Mobile,9.99
5682,1328,processing,2025-01-30 17:35:00,Tablet,5.99
5683,4,completed,2023-12-08 14:52:00,Desktop,5.99
5684,223,processing,2024-01-23 00:51:00,Mobile,0.0
5685,1189,processing,2025-04-16 10:22:00,Desktop,0.0
5686,123,cancelled,2024-11-12 09:56:00,Tablet,5.99
5687,322,completed,2024-08-19 05:57:00,Mobile,5.99
5688,460,returned,2024-08-28 00:29:00,Tablet,5.99
5689,861,returned,2024-01-12 03:46:00,Mobile,5.99
5690,130,returned,2024-04-03 01:03:00,Desktop,0.0
5691,1903,completed,2025-04-13 00:20:00,Desktop,0.0
5692,1704,returned,2024-05-15 13:56:00,Mobile,5.99
5693,1345,processing,2024-05-11 12:28:00,Mobile,9.99
5694,2008,completed,2024-05-21 11:30:00,Mobile,0.0
5695,760,returned,2025-08-25 14:43:00,Desktop,5.99
5696,1489,completed,2024-06-30 06:28:00,Mobile,5.99
5697,439,completed,2024-08-20 21:21:00,Desktop,0.0
5698,2194,completed,2024-06-20 06:31:00,Mobile,0.0
5699,713,cancelled,2023-10-28 14:33:00,Mobile,0.0
5700,599,completed,2025-09-20 16:38:00,Mobile,5.99
5701,966,completed,2024-07-14 23:38:00,Desktop,0.0
5702,640,completed,2024-11-16 16:02:00,Mobile,0.0
5703,1521,completed,2023-07-06 05:00:00,Mobile,5.99
5704,1549,completed,2024-01-22 12:41:00,Desktop,0.0
5705,2189,returned,2025-04-17 18:06:00,Mobile,0.0
5706,1258,completed,2025-03-06 21:04:00,Desktop,0.0
5707,2016,cancelled,2024-06-10 05:16:00,Mobile,0.0
5708,2303,completed,2023-12-28 09:58:00,Mobile,5.99
5709,2157,returned,2023-11-04 02:31:00,Mobile,0.0
5710,1502,completed,2025-04-12 13:28:00,Tablet,5.99
5711,961,cancelled,2025-04-11 17:37:00,Mobile,5.99
5712,1399,completed,2023-11-04 12:09:00,Mobile,0.0
5713,24,completed,2024-04-29 05:37:00,Mobile,5.99
5714,1998,processing,2025-07-14 11:45:00,Desktop,0.0
5715,451,completed,2024-07-17 23:33:00,Mobile,9.99
5716,2096,processing,2025-11-09 05:09:00,Tablet,0.0
5717,1778,completed,2024-01-20 23:25:00,Desktop,0.0
5718,1057,completed,2023-05-03 15:18:00,Desktop,5.99
5719,1734,processing,2024-04-17 07:27:00,Mobile,5.99
5720,2232,returned,2024-11-20 21:31:00,Mobile,9.99
5721,1641,completed,2025-03-29 00:26:00,Mobile,5.99
5722,1647,completed,2025-06-05 16:49:00,Mobile,5.99
5723,486,processing,2024-11-26 05:03:00,Mobile,9.99
5724,2139,processing,2024-06-08 06:30:00,Desktop,14.99
5725,1785,cancelled,2023-12-04 04:16:00,Desktop,0.0
5726,2366,completed,2025-07-11 14:53:00,Mobile,5.99
5727,38,completed,2023-07-24 22:34:00,Desktop,5.99
5728,1787,cancelled,2025-04-23 01:01:00,Mobile,0.0
5729,2257,completed,2025-01-10 20:18:00,Mobile,0.0
5730,2445,completed,2024-09-15 02:47:00,Mobile,5.99
5731,1320,processing,2024-06-12 18:13:00,Mobile,0.0
5732,319,cancelled,2025-05-11 05:53:00,Desktop,0.0
5733,377,completed,2025-07-01 12:30:00,Desktop,9.99
5734,1596,cancelled,2024-12-25 09:04:00,Desktop,5.99
5735,107,processing,2023-10-19 07:36:00,Mobile,5.99
5736,2172,completed,2023-04-06 00:11:00,Mobile,0.0
5737,1875,completed,2023-06-26 19:09:00,Desktop,14.99
5738,1257,cancelled,2023-10-28 04:15:00,Mobile,0.0
5739,502,completed,2025-03-28 06:54:00,Mobile,9.99
5740,1526,returned,2024-02-15 06:15:00,Mobile,14.99
5741,100,completed,2024-02-27 19:06:00,Tablet,0.0
5742,2128,completed,2024-11-20 14:41:00,Desktop,5.99
5743,1261,cancelled,2024-02-12 08:48:00,Mobile,5.99
5744,1570,completed,2024-02-05 21:24:00,Mobile,5.99
5745,1852,completed,2024-12-02 13:25:00,Mobile,5.99
5746,1271,returned,2024-01-09 09:54:00,Mobile,0.0
5747,1255,completed,2024-06-29 17:02:00,Mobile,14.99
5748,727,cancelled,2025-02-08 01:23:00,Mobile,9.99
5749,256,processing,2024-12-12 01:27:00,Mobile,5.99
5750,2091,completed,2024-09-01 09:14:00,Mobile,0.0
5751,1501,completed,2024-05-29 15:07:00,Mobile,5.99
5752,349,returned,2023-11-16 14:51:00,Mobile,0.0
5753,128,cancelled,2023-11-27 14:23:00,Desktop,9.99
5754,1335,completed,2024-05-23 02:00:00,Desktop,9.99
5755,2375,processing,2023-12-19 03:26:00,Mobile,5.99
5756,1235,completed,2024-02-20 04:24:00,Mobile,0.0
5757,1002,completed,2023-10-18 16:27:00,Mobile,5.99
5758,77,completed,2024-02-15 10:45:00,Desktop,5.99
5759,922,completed,2025-06-15 17:17:00,Desktop,5.99
5760,1727,completed,2024-12-03 23:15:00,Desktop,0.0
5761,648,completed,2024-07-25 20:46:00,Desktop,14.99
5762,2374,returned,2024-09-19 16:32:00,Tablet,5.99
5763,1376,completed,2023-04-19 21:24:00,Tablet,0.0
5764,1866,processing,2025-05-22 12:23:00,Desktop,5.99
5765,317,completed,2023-07-19 02:09:00,Mobile,5.99
5766,1071,completed,2023-05-24 14:17:00,Mobile,0.0
5767,2430,completed,2023-06-03 15:48:00,Tablet,14.99
5768,877,cancelled,2024-06-23 18:05:00,Mobile,0.0
5769,1387,cancelled,2023-05-27 14:03:00,Mobile,9.99
5770,221,processing,2023-12-12 15:15:00,Mobile,9.99
5771,437,completed,2024-01-30 13:24:00,Mobile,0.0
5772,1311,cancelled,2024-02-20 19:29:00,Mobile,0.0
5773,1278,completed,2024-05-18 08:01:00,Mobile,0.0
5774,384,completed,2025-07-13 12:36:00,Mobile,5.99
5775,321,completed,2023-11-01 11:35:00,Tablet,5.99
5776,853,processing,2024-10-04 12:05:00,Mobile,9.99
5777,731,completed,2024-09-23 12:45:00,Mobile,14.99
5778,831,completed,2024-11-02 16:12:00,Mobile,5.99
5779,1584,completed,2025-03-09 18:18:00,Mobile,5.99
5780,182,completed,2024-10-29 12:58:00,Mobile,5.99
5781,2092,completed,2024-12-21 19:03:00,Desktop,0.0
5782,1436,completed,2024-01-07 03:53:00,Mobile,0.0
5783,1068,completed,2024-07-07 00:39:00,Mobile,9.99
5784,731,completed,2024-09-27 15:11:00,Mobile,14.99
5785,2215,returned,2024-04-02 22:39:00,Mobile,0.0
5786,1056,completed,2024-08-22 01:03:00,Desktop,5.99
5787,724,completed,2024-10-19 11:33:00,Mobile,14.99
5788,1179,completed,2023-10-14 08:23:00,Mobile,0.0
5789,164,processing,2024-03-22 01:42:00,Mobile,5.99
5790,883,completed,2025-09-10 15:08:00,Desktop,5.99
5791,910,completed,2023-07-09 12:30:00,Tablet,0.0
5792,1570,completed,2024-05-09 15:03:00,Mobile,5.99
5793,1991,completed,2024-06-26 01:59:00,Mobile,5.99
5794,1744,completed,2024-08-30 03:13:00,Desktop,0.0
5795,485,completed,2024-01-01 09:00:00,Desktop,5.99
5796,191,completed,2025-03-06 04:03:00,Desktop,0.0
5797,1786,processing,2024-07-14 06:12:00,Mobile,5.99
5798,1493,completed,2023-11-28 05:35:00,Mobile,0.0
5799,1314,completed,2023-06-29 22:34:00,Tablet,0.0
5800,847,returned,2024-04-08 10:50:00,Mobile,0.0
5801,1612,completed,2025-04-28 18:06:00,Desktop,0.0
5802,656,returned,2025-09-03 17:45:00,Desktop,9.99
5803,1598,completed,2025-01-11 14:44:00,Mobile,0.0
5804,396,completed,2024-10-31 16:28:00,Tablet,0.0
5805,1490,completed,2023-07-24 23:19:00,Mobile,0.0
5806,1273,completed,2023-09-10 23:49:00,Mobile,0.0
5807,1364,cancelled,2025-08-26 00:38:00,Mobile,5.99
5808,1354,completed,2024-05-03 11:54:00,Mobile,9.99
5809,1217,completed,2023-02-10 10:19:00,Mobile,9.99
5810,516,cancelled,2024-04-02 08:46:00,Desktop,0.0
5811,2237,cancelled,2024-11-02 14:29:00,Desktop,5.99
5812,2286,completed,2025-03-31 12:28:00,Mobile,5.99
5813,406,returned,2025-02-01 19:11:00,Mobile,0.0
5814,1238,cancelled,2024-01-07 04:46:00,Tablet,0.0
5815,825,completed,2025-02-27 04:19:00,Mobile,0.0
5816,1639,returned,2023-10-30 07:20:00,Mobile,0.0
5817,512,cancelled,2025-04-25 07:50:00,Desktop,9.99
5818,2283,returned,2023-07-20 10:41:00,Desktop,0.0
5819,449,returned,2025-04-01 18:49:00,Mobile,0.0
5820,311,completed,2023-06-04 06:52:00,Mobile,5.99
5821,51,processing,2024-07-02 12:50:00,Desktop,0.0
5822,2181,completed,2024-04-08 00:52:00,Desktop,9.99
5823,2328,completed,2024-03-05 14:42:00,Desktop,0.0
5824,1075,completed,2023-08-13 11:36:00,Mobile,0.0
5825,128,completed,2024-07-15 12:04:00,Tablet,5.99
5826,1471,completed,2025-06-11 04:16:00,Mobile,14.99
5827,126,completed,2023-03-17 22:08:00,Desktop,0.0
5828,2257,cancelled,2024-12-24 22:54:00,Tablet,0.0
5829,1138,completed,2025-01-09 06:03:00,Mobile,5.99
5830,385,completed,2024-12-23 03:57:00,Desktop,9.99
5831,1857,completed,2024-04-27 07:49:00,Mobile,0.0
5832,2133,completed,2023-07-27 13:00:00,Desktop,5.99
5833,1631,completed,2024-03-21 06:50:00,Mobile,0.0
5834,315,completed,2024-08-01 00:02:00,Mobile,0.0
5835,1229,completed,2024-12-24 08:15:00,Mobile,14.99
5836,39,completed,2024-11-30 07:40:00,Desktop,0.0
5837,1134,returned,2023-12-28 14:08:00,Mobile,5.99
5838,1913,cancelled,2024-04-06 10:34:00,Mobile,5.99
5839,2453,completed,2024-11-15 12:49:00,Desktop,5.99
5840,227,processing,2025-01-24 00:06:00,Mobile,0.0
5841,1730,completed,2023-05-19 00:15:00,Mobile,0.0
5842,2283,completed,2023-06-25 19:00:00,Desktop,5.99
5843,559,completed,2024-09-19 14:55:00,Desktop,0.0
5844,2433,completed,2024-04-02 07:24:00,Mobile,5.99
5845,1400,completed,2024-10-28 06:58:00,Mobile,0.0
5846,777,completed,2025-03-05 10:29:00,Mobile,9.99
5847,2254,completed,2024-11-11 14:34:00,Mobile,5.99
5848,75,completed,2024-09-10 03:23:00,Mobile,9.99
5849,2280,completed,2025-07-02 01:27:00,Mobile,5.99
5850,1725,completed,2025-10-17 09:13:00,Tablet,9.99
5851,2003,processing,2024-12-26 08:47:00,Desktop,0.0
5852,2383,cancelled,2024-09-16 15:08:00,Mobile,9.99
5853,593,completed,2024-02-05 12:41:00,Mobile,0.0
5854,2414,completed,2024-10-21 22:41:00,Mobile,0.0
5855,873,processing,2025-07-03 12:51:00,Tablet,0.0
5856,325,cancelled,2024-01-23 23:58:00,Mobile,0.0
5857,1310,completed,2025-02-22 01:33:00,Mobile,0.0
5858,268,completed,2024-02-20 06:01:00,Desktop,14.99
5859,1092,completed,2025-03-04 03:02:00,Mobile,14.99
5860,161,completed,2023-09-01 19:51:00,Mobile,9.99
5861,2419,returned,2024-07-19 21:37:00,Desktop,0.0
5862,1286,cancelled,2024-02-10 02:47:00,Mobile,0.0
5863,1722,completed,2024-01-21 21:51:00,Tablet,5.99
5864,2000,processing,2025-06-10 09:04:00,Tablet,0.0
5865,234,completed,2024-01-08 03:15:00,Mobile,9.99
5866,1436,cancelled,2024-03-22 23:19:00,Mobile,0.0
5867,821,completed,2024-04-18 15:24:00,Mobile,9.99
5868,2198,completed,2025-02-24 07:40:00,Mobile,0.0
5869,1901,completed,2025-10-03 05:20:00,Desktop,5.99
5870,1019,completed,2023-09-14 21:57:00,Mobile,5.99
5871,2302,completed,2024-03-19 21:37:00,Desktop,0.0
5872,1897,completed,2024-01-17 01:17:00,Mobile,0.0
5873,38,completed,2024-07-17 00:57:00,Mobile,5.99
5874,634,cancelled,2023-07-29 16:03:00,Desktop,5.99
5875,100,cancelled,2024-02-13 05:57:00,Mobile,5.99
5876,1315,completed,2024-01-02 16:27:00,Mobile,5.99
5877,2273,completed,2024-10-16 14:03:00,Tablet,0.0
5878,452,returned,2025-09-07 19:47:00,Mobile,0.0
5879,117,completed,2025-08-02 12:55:00,Mobile,0.0
5880,1780,completed,2023-07-16 13:43:00,Desktop,0.0
5881,2297,completed,2024-07-03 07:27:00,Mobile,5.99
5882,472,completed,2024-03-27 12:00:00,Mobile,0.0
5883,1886,returned,2023-12-10 02:14:00,Desktop,9.99
5884,162,completed,2024-05-20 16:57:00,Desktop,5.99
5885,1627,completed,2023-03-19 20:18:00,Desktop,0.0
5886,831,completed,2024-11-26 19:20:00,Mobile,0.0
5887,676,completed,2024-12-29 17:04:00,Desktop,0.0
5888,202,processing,2024-07-10 18:51:00,Mobile,5.99
5889,1984,completed,2024-04-30 19:29:00,Desktop,5.99
5890,630,completed,2023-12-22 11:17:00,Desktop,0.0
5891,650,completed,2025-07-02 22:21:00,Mobile,0.0
5892,622,processing,2024-03-14 06:50:00,Mobile,9.99
5893,1976,completed,2023-12-05 09:54:00,Desktop,5.99
5894,453,completed,2024-05-26 14:12:00,Desktop,0.0
5895,980,completed,2024-01-25 06:11:00,Mobile,5.99
5896,76,processing,2025-01-07 15:20:00,Tablet,9.99
5897,701,cancelled,2024-07-05 18:01:00,Mobile,5.99
5898,2219,cancelled,2024-03-09 00:25:00,Mobile,0.0
5899,128,processing,2024-03-28 04:30:00,Mobile,5.99
5900,436,processing,2024-05-14 01:24:00,Mobile,0.0
5901,250,processing,2023-03-22 01:21:00,Mobile,0.0
5902,2022,completed,2025-06-14 19:17:00,Mobile,0.0
5903,1212,completed,2023-12-18 14:36:00,Desktop,0.0
5904,1047,cancelled,2024-04-28 01:30:00,Desktop,5.99
5905,483,completed,2024-05-08 18:21:00,Desktop,5.99
5906,1477,completed,2024-01-12 07:32:00,Mobile,9.99
5907,1301,completed,2025-07-10 17:04:00,Mobile,5.99
5908,2032,completed,2024-05-05 11:26:00,Desktop,5.99
5909,250,completed,2023-01-25 19:24:00,Mobile,5.99
5910,387,processing,2024-06-14 22:40:00,Mobile,0.0
5911,571,processing,2023-10-25 12:57:00,Mobile,9.99
5912,1743,completed,2024-04-26 14:04:00,Mobile,0.0
5913,2004,cancelled,2024-01-31 19:30:00,Mobile,5.99
5914,1345,returned,2024-11-17 08:42:00,Desktop,5.99
5915,231,returned,2023-07-15 19:49:00,Tablet,14.99
5916,1445,completed,2024-10-12 17:38:00,Mobile,9.99
5917,2244,returned,2024-09-09 09:10:00,Mobile,9.99
5918,1310,completed,2024-10-07 16:44:00,Mobile,9.99
5919,955,completed,2024-06-04 21:15:00,Desktop,5.99
5920,1807,completed,2024-12-21 23:20:00,Mobile,14.99
5921,1510,returned,2024-05-05 05:28:00,Desktop,0.0
5922,890,returned,2023-08-28 07:56:00,Mobile,0.0
5923,2309,completed,2025-04-21 07:59:00,Desktop,0.0
5924,1548,completed,2023-12-13 12:19:00,Desktop,9.99
5925,2286,returned,2025-09-07 03:39:00,Mobile,5.99
5926,1717,completed,2023-11-29 15:49:00,Mobile,0.0
5927,741,completed,2024-11-27 14:07:00,Desktop,9.99
5928,1046,completed,2024-10-20 17:57:00,Desktop,9.99
5929,1256,returned,2025-11-20 00:40:00,Mobile,9.99
5930,990,processing,2025-09-24 06:18:00,Mobile,9.99
5931,1950,completed,2024-07-25 07:50:00,Mobile,0.0
5932,1372,completed,2023-04-07 02:16:00,Mobile,5.99
5933,51,completed,2024-09-18 22:37:00,Desktop,0.0
5934,1915,completed,2024-01-28 15:55:00,Tablet,0.0
5935,1558,completed,2024-09-06 02:44:00,Mobile,0.0
5936,1545,processing,2023-11-27 10:26:00,Mobile,5.99
5937,302,cancelled,2025-02-02 13:30:00,Desktop,9.99
5938,1090,completed,2024-07-24 00:57:00,Desktop,14.99
5939,1424,completed,2024-09-20 01:02:00,Mobile,0.0
5940,1277,completed,2024-07-29 14:36:00,Mobile,0.0
5941,2334,processing,2023-10-12 18:29:00,Mobile,5.99
5942,2363,returned,2025-03-27 09:51:00,Mobile,5.99
5943,1887,completed,2024-07-28 01:10:00,Mobile,5.99
5944,1463,completed,2024-11-20 15:09:00,Mobile,9.99
5945,855,completed,2024-12-03 00:22:00,Desktop,9.99
5946,424,completed,2025-06-26 23:19:00,Desktop,9.99
5947,1766,completed,2023-12-28 12:39:00,Desktop,0.0
5948,2345,completed,2024-08-24 17:14:00,Mobile,0.0
5949,465,completed,2025-06-09 17:36:00,Desktop,5.99
5950,1772,completed,2024-02-13 14:29:00,Desktop,0.0
5951,1765,completed,2025-01-07 09:39:00,Desktop,0.0
5952,1168,returned,2024-04-07 01:19:00,Desktop,5.99
5953,2420,cancelled,2025-03-12 20:57:00,Mobile,0.0
5954,1363,processing,2024-10-05 12:02:00,Mobile,9.99
5955,810,completed,2024-08-04 01:18:00,Mobile,0.0
5956,2056,returned,2023-12-03 01:45:00,Desktop,5.99
5957,2046,completed,2024-01-11 01:26:00,Tablet,5.99
5958,298,processing,2023-12-08 15:08:00,Mobile,5.99
5959,637,completed,2025-10-01 09:00:00,Desktop,5.99
5960,2247,processing,2025-09-02 07:21:00,Desktop,9.99
5961,451,completed,2024-07-08 14:07:00,Tablet,5.99
5962,207,cancelled,2024-07-13 13:15:00,Tablet,0.0
5963,2181,completed,2024-04-11 09:52:00,Mobile,14.99
5964,731,returned,2024-09-18 05:38:00,Mobile,5.99
5965,31,completed,2025-02-05 03:40:00,Mobile,5.99
5966,879,cancelled,2023-11-05 01:10:00,Mobile,0.0
5967,1637,cancelled,2023-10-31 21:59:00,Tablet,0.0
5968,472,completed,2024-01-26 01:20:00,Desktop,9.99
5969,412,cancelled,2025-05-05 20:50:00,Desktop,5.99
5970,1162,processing,2024-05-28 22:18:00,Mobile,0.0
5971,2231,cancelled,2024-02-05 02:19:00,Mobile,0.0
5972,978,completed,2023-11-03 15:19:00,Mobile,0.0
5973,562,completed,2024-09-24 10:52:00,Mobile,5.99
5974,1220,completed,2024-03-30 20:53:00,Desktop,9.99
5975,794,returned,2025-08-02 12:21:00,Mobile,14.99
5976,1696,processing,2025-01-08 10:04:00,Mobile,0.0
5977,2323,returned,2024-08-23 15:54:00,Mobile,14.99
5978,785,completed,2025-03-03 19:40:00,Desktop,5.99
5979,717,completed,2025-10-18 23:58:00,Mobile,9.99
5980,1045,completed,2025-02-26 09:01:00,Tablet,0.0
5981,686,processing,2023-11-27 09:27:00,Mobile,0.0
5982,2121,completed,2024-11-13 17:25:00,Mobile,0.0
5983,904,completed,2024-03-28 16:15:00,Mobile,0.0
5984,2251,processing,2025-03-18 14:26:00,Mobile,0.0
5985,2214,completed,2023-12-23 14:57:00,Mobile,0.0
5986,1176,cancelled,2025-03-09 14:50:00,Tablet,9.99
5987,2021,completed,2024-01-25 13:59:00,Desktop,0.0
5988,1084,completed,2024-04-20 11:01:00,Desktop,5.99
5989,1472,completed,2024-11-01 06:46:00,Mobile,0.0
5990,1943,cancelled,2024-01-07 20:20:00,Mobile,5.99
5991,1024,completed,2024-09-30 01:27:00,Desktop,0.0
5992,1474,completed,2024-06-04 01:48:00,Mobile,0.0
5993,1661,completed,2024-09-11 07:03:00,Mobile,5.99
5994,1217,completed,2023-09-09 06:01:00,Mobile,9.99
5995,262,completed,2025-03-09 06:33:00,Mobile,5.99
5996,355,completed,2025-07-26 00:13:00,Mobile,5.99
5997,2125,completed,2024-08-08 22:22:00,Mobile,0.0
5998,1367,completed,2025-03-16 03:15:00,Mobile,0.0
5999,1380,completed,2023-11-08 22:38:00,Mobile,5.99
6000,842,completed,2025-07-30 17:21:00,Desktop,5.99
6001,1113,completed,2024-04-11 21:36:00,Mobile,5.99
6002,850,completed,2023-05-04 07:37:00,Mobile,5.99
6003,152,returned,2023-12-16 07:35:00,Tablet,5.99
6004,1154,cancelled,2024-07-30 00:50:00,Mobile,9.99
6005,393,completed,2024-12-02 07:18:00,Mobile,0.0
6006,29,processing,2023-12-26 05:56:00,Mobile,0.0
6007,746,completed,2024-08-15 06:59:00,Mobile,9.99
6008,2008,completed,2024-09-16 16:33:00,Mobile,0.0
6009,1287,cancelled,2025-02-14 20:59:00,Mobile,9.99
6010,2011,cancelled,2023-04-18 15:47:00,Mobile,5.99
6011,2093,completed,2025-07-25 11:05:00,Mobile,0.0
6012,1992,completed,2025-01-18 18:48:00,Mobile,14.99
6013,348,cancelled,2024-09-19 05:35:00,Mobile,5.99
6014,1501,returned,2024-05-21 20:17:00,Mobile,5.99
6015,1438,completed,2025-01-22 07:48:00,Mobile,0.0
6016,1368,completed,2023-10-16 13:25:00,Mobile,0.0
6017,715,processing,2023-04-19 19:30:00,Desktop,0.0
6018,1207,returned,2025-10-08 17:45:00,Mobile,0.0
6019,2092,completed,2024-08-25 06:31:00,Mobile,5.99
6020,1666,completed,2025-02-28 15:30:00,Desktop,0.0
6021,1167,cancelled,2023-10-06 17:16:00,Mobile,0.0
6022,998,completed,2024-09-29 00:10:00,Mobile,0.0
6023,878,cancelled,2025-04-19 07:04:00,Mobile,9.99
6024,593,completed,2024-09-27 08:11:00,Desktop,5.99
6025,2479,completed,2025-05-15 21:41:00,Desktop,0.0
6026,882,completed,2024-07-31 06:37:00,Mobile,5.99
6027,1047,completed,2024-07-25 00:07:00,Desktop,0.0
6028,1241,completed,2023-10-15 18:15:00,Mobile,0.0
6029,2328,completed,2023-11-01 15:34:00,Mobile,0.0
6030,769,completed,2025-02-04 17:12:00,Tablet,9.99
6031,643,cancelled,2024-03-22 20:00:00,Mobile,0.0
6032,1354,returned,2024-10-21 10:31:00,Mobile,0.0
6033,609,completed,2024-07-20 05:45:00,Desktop,14.99
6034,1406,completed,2023-10-13 07:09:00,Mobile,0.0
6035,549,cancelled,2024-03-14 17:10:00,Mobile,5.99
6036,715,returned,2024-01-01 17:17:00,Mobile,9.99
6037,1673,completed,2025-03-02 07:56:00,Tablet,5.99
6038,2154,returned,2025-03-22 00:14:00,Mobile,0.0
6039,1340,completed,2024-10-14 15:27:00,Desktop,0.0
6040,508,returned,2024-01-08 08:15:00,Desktop,5.99
6041,802,completed,2024-11-27 04:12:00,Desktop,0.0
6042,2188,completed,2023-10-20 20:18:00,Mobile,0.0
6043,1722,completed,2024-07-03 23:47:00,Desktop,0.0
6044,778,completed,2023-06-07 23:02:00,Mobile,5.99
6045,1943,completed,2024-10-03 06:09:00,Mobile,0.0
6046,1014,completed,2023-07-17 20:28:00,Desktop,5.99
6047,1522,completed,2024-03-20 20:28:00,Desktop,5.99
6048,2087,completed,2024-07-06 13:25:00,Mobile,9.99
6049,1200,processing,2024-04-02 16:05:00,Desktop,0.0
6050,1359,completed,2024-03-25 04:50:00,Tablet,5.99
6051,45,completed,2023-09-27 14:52:00,Tablet,9.99
6052,436,completed,2025-01-17 10:26:00,Desktop,0.0
6053,1327,returned,2024-09-22 00:56:00,Desktop,5.99
6054,1497,completed,2024-09-22 12:32:00,Desktop,5.99
6055,1778,completed,2024-01-17 14:26:00,Mobile,14.99
6056,162,completed,2024-06-15 19:39:00,Mobile,0.0
6057,592,completed,2024-12-08 04:20:00,Mobile,9.99
6058,811,completed,2025-04-09 10:56:00,Desktop,9.99
6059,1965,returned,2024-02-21 06:51:00,Desktop,0.0
6060,2480,completed,2024-01-30 08:22:00,Desktop,5.99
6061,195,completed,2024-05-12 13:50:00,Mobile,0.0
6062,2481,returned,2023-02-25 02:03:00,Desktop,14.99
6063,2162,completed,2024-05-04 00:36:00,Desktop,0.0
6064,636,cancelled,2025-05-03 07:36:00,Desktop,0.0
6065,872,completed,2024-05-12 12:28:00,Mobile,5.99
6066,988,returned,2023-12-26 11:59:00,Tablet,14.99
6067,1818,completed,2024-04-08 03:55:00,Mobile,5.99
6068,1481,completed,2024-03-19 21:32:00,Desktop,0.0
6069,2390,cancelled,2024-12-16 04:25:00,Desktop,9.99
6070,2403,returned,2025-03-21 13:18:00,Mobile,5.99
6071,1809,cancelled,2024-01-06 02:13:00,Mobile,0.0
6072,1365,completed,2023-12-22 23:59:00,Desktop,9.99
6073,2474,cancelled,2024-05-09 11:26:00,Mobile,5.99
6074,2076,returned,2025-05-25 23:12:00,Mobile,5.99
6075,1979,completed,2024-10-13 05:39:00,Mobile,0.0
6076,2045,completed,2024-06-04 02:11:00,Mobile,5.99
6077,225,completed,2025-08-09 11:19:00,Desktop,5.99
6078,800,completed,2025-05-11 07:45:00,Mobile,9.99
6079,841,cancelled,2023-12-01 22:33:00,Mobile,9.99
6080,972,returned,2023-08-07 11:45:00,Tablet,0.0
6081,347,completed,2024-06-18 11:24:00,Desktop,0.0
6082,1670,processing,2024-04-02 17:06:00,Mobile,5.99
6083,2184,completed,2024-10-29 22:38:00,Mobile,5.99
6084,337,returned,2024-09-01 17:29:00,Mobile,5.99
6085,1262,completed,2023-12-15 18:12:00,Desktop,14.99
6086,2089,completed,2023-10-20 10:45:00,Desktop,0.0
6087,1979,completed,2024-06-17 21:25:00,Mobile,14.99
6088,198,completed,2024-05-05 18:51:00,Mobile,0.0
6089,1879,processing,2024-01-04 04:02:00,Tablet,0.0
6090,1299,completed,2023-10-13 08:28:00,Desktop,9.99
6091,2392,returned,2025-04-20 16:34:00,Mobile,0.0
6092,1894,processing,2024-06-28 23:46:00,Desktop,5.99
6093,202,completed,2024-08-07 03:01:00,Mobile,5.99
6094,1768,completed,2024-02-23 12:43:00,Mobile,0.0
6095,2425,returned,2024-04-28 14:55:00,Mobile,5.99
6096,82,completed,2023-09-27 22:11:00,Desktop,14.99
6097,342,completed,2024-12-06 01:24:00,Desktop,14.99
6098,449,cancelled,2025-08-31 00:21:00,Mobile,14.99
6099,1575,cancelled,2024-08-19 13:13:00,Mobile,0.0
6100,1525,returned,2023-08-07 23:53:00,Mobile,5.99
6101,1878,cancelled,2025-03-11 19:14:00,Mobile,5.99
6102,542,returned,2025-02-12 20:59:00,Mobile,0.0
6103,643,completed,2024-10-19 18:04:00,Desktop,0.0
6104,149,processing,2024-08-17 02:02:00,Mobile,5.99
6105,534,completed,2023-07-12 03:32:00,Desktop,5.99
6106,1803,returned,2023-06-19 06:51:00,Desktop,5.99
6107,346,cancelled,2025-02-23 02:27:00,Mobile,5.99
6108,427,completed,2025-03-01 20:59:00,Mobile,0.0
6109,1227,completed,2024-01-01 20:27:00,Mobile,0.0
6110,1702,returned,2025-09-08 14:17:00,Desktop,5.99
6111,747,processing,2024-04-17 06:39:00,Mobile,0.0
6112,514,completed,2023-08-15 00:35:00,Mobile,9.99
6113,1363,completed,2025-02-09 12:35:00,Mobile,0.0
6114,1772,cancelled,2024-07-20 03:18:00,Desktop,9.99
6115,439,returned,2024-07-18 06:15:00,Mobile,9.99
6116,1264,completed,2024-09-13 09:14:00,Mobile,0.0
6117,1644,processing,2024-09-02 02:01:00,Mobile,9.99
6118,1037,completed,2024-07-04 20:11:00,Desktop,0.0
6119,1810,processing,2023-10-15 00:05:00,Tablet,0.0
6120,1635,cancelled,2024-07-27 00:26:00,Desktop,5.99
6121,1804,cancelled,2024-12-29 15:15:00,Mobile,0.0
6122,1387,returned,2023-09-11 01:30:00,Tablet,5.99
6123,760,completed,2025-11-15 12:19:00,Mobile,9.99
6124,1672,completed,2025-05-29 01:48:00,Desktop,0.0
6125,561,returned,2024-04-21 20:07:00,Mobile,5.99
6126,2379,cancelled,2025-01-03 08:42:00,Desktop,9.99
6127,1013,completed,2023-10-04 21:26:00,Desktop,0.0
6128,391,returned,2023-08-11 01:48:00,Mobile,5.99
6129,1435,cancelled,2024-12-18 11:56:00,Desktop,5.99
6130,1225,completed,2024-10-19 13:17:00,Mobile,0.0
6131,2054,completed,2025-08-17 22:27:00,Mobile,14.99
6132,2051,completed,2024-07-01 02:27:00,Desktop,0.0
6133,2484,completed,2024-07-17 20:24:00,Desktop,0.0
6134,136,processing,2023-12-23 19:43:00,Mobile,0.0
6135,2430,completed,2023-05-09 07:19:00,Mobile,5.99
6136,478,completed,2024-01-28 20:43:00,Mobile,5.99
6137,33,completed,2024-12-05 18:57:00,Desktop,0.0
6138,565,completed,2023-08-24 12:27:00,Mobile,0.0
6139,186,completed,2024-02-24 12:25:00,Mobile,5.99
6140,1785,completed,2023-10-17 04:22:00,Desktop,5.99
6141,630,processing,2024-04-02 12:10:00,Desktop,5.99
6142,1285,completed,2023-07-04 15:32:00,Desktop,9.99
6143,1240,returned,2025-06-23 09:13:00,Mobile,0.0
6144,1209,completed,2024-11-11 16:25:00,Mobile,0.0
6145,1429,completed,2024-12-05 05:14:00,Desktop,0.0
6146,1475,returned,2024-08-17 05:32:00,Tablet,0.0
6147,2089,returned,2024-06-19 07:19:00,Mobile,5.99
6148,1843,completed,2024-10-16 12:25:00,Desktop,9.99
6149,1240,processing,2025-05-11 04:46:00,Desktop,0.0
6150,1812,completed,2023-08-05 09:02:00,Desktop,0.0
6151,1599,cancelled,2024-10-19 03:47:00,Mobile,5.99
6152,1224,completed,2024-11-19 13:36:00,Mobile,9.99
6153,1114,cancelled,2024-08-10 22:48:00,Mobile,5.99
6154,2078,cancelled,2024-06-23 17:28:00,Mobile,5.99
6155,398,completed,2024-11-23 13:27:00,Desktop,9.99
6156,646,completed,2024-08-14 19:48:00,Mobile,0.0
6157,612,cancelled,2025-10-20 01:24:00,Mobile,0.0
6158,895,completed,2023-09-23 04:17:00,Desktop,0.0
6159,1026,returned,2023-12-18 05:45:00,Desktop,0.0
6160,5,completed,2024-09-10 15:37:00,Desktop,0.0
6161,2244,completed,2024-10-07 06:18:00,Desktop,14.99
6162,1010,cancelled,2025-04-28 19:29:00,Mobile,0.0
6163,1968,cancelled,2024-12-11 02:48:00,Desktop,14.99
6164,1184,completed,2025-02-24 17:07:00,Desktop,5.99
6165,1359,completed,2023-12-10 12:19:00,Mobile,0.0
6166,1809,cancelled,2024-06-02 07:10:00,Desktop,5.99
6167,2463,completed,2023-11-27 18:15:00,Mobile,0.0
6168,1349,returned,2023-12-28 20:18:00,Mobile,0.0
6169,1371,cancelled,2024-05-17 08:24:00,Mobile,5.99
6170,98,processing,2023-12-16 15:19:00,Desktop,0.0
6171,414,completed,2024-05-12 01:35:00,Mobile,0.0
6172,58,completed,2024-05-06 08:06:00,Mobile,0.0
6173,853,returned,2024-10-08 18:13:00,Mobile,5.99
6174,2378,returned,2024-02-19 02:59:00,Mobile,5.99
6175,629,returned,2025-01-17 16:51:00,Mobile,0.0
6176,835,returned,2024-01-16 18:45:00,Mobile,5.99
6177,1270,returned,2023-06-01 02:22:00,Desktop,9.99
6178,285,cancelled,2024-05-19 22:48:00,Tablet,0.0
6179,1461,processing,2023-12-15 11:56:00,Desktop,5.99
6180,43,cancelled,2023-10-27 13:55:00,Mobile,9.99
6181,142,completed,2023-10-18 03:45:00,Tablet,0.0
6182,1487,cancelled,2024-11-04 13:32:00,Mobile,0.0
6183,1799,completed,2024-07-03 19:57:00,Tablet,0.0
6184,2089,completed,2023-12-08 10:56:00,Mobile,5.99
6185,859,completed,2023-10-07 12:48:00,Mobile,0.0
6186,1045,processing,2025-04-02 09:24:00,Mobile,5.99
6187,998,completed,2024-08-18 08:28:00,Mobile,9.99
6188,203,completed,2025-09-19 06:12:00,Mobile,9.99
6189,102,completed,2024-10-08 13:14:00,Desktop,5.99
6190,2458,completed,2023-05-01 21:51:00,Mobile,0.0
6191,1088,completed,2024-07-30 17:35:00,Mobile,9.99
6192,89,cancelled,2024-09-28 15:34:00,Mobile,0.0
6193,1210,processing,2023-12-04 17:29:00,Mobile,5.99
6194,8,cancelled,2025-04-15 10:06:00,Desktop,0.0
6195,559,cancelled,2025-04-23 08:58:00,Mobile,5.99
6196,2310,completed,2024-09-13 19:55:00,Desktop,0.0
6197,1539,completed,2025-04-24 00:42:00,Mobile,0.0
6198,1691,completed,2023-12-02 11:12:00,Mobile,0.0
6199,51,cancelled,2024-05-22 04:20:00,Desktop,0.0
6200,123,completed,2025-03-25 15:59:00,Mobile,5.99
6201,1393,returned,2025-09-25 08:50:00,Tablet,9.99
6202,1848,completed,2023-07-20 09:48:00,Desktop,0.0
6203,1381,completed,2025-02-01 06:42:00,Mobile,9.99
6204,194,completed,2025-06-20 11:03:00,Mobile,5.99
6205,2156,processing,2024-11-18 01:33:00,Desktop,5.99
6206,1286,completed,2023-11-22 20:00:00,Mobile,0.0
6207,932,returned,2024-06-22 19:05:00,Mobile,9.99
6208,1653,completed,2023-06-13 05:05:00,Mobile,5.99
6209,2368,returned,2024-10-29 05:19:00,Mobile,5.99
6210,1876,completed,2025-04-14 05:56:00,Desktop,0.0
6211,2485,returned,2024-09-21 22:00:00,Tablet,0.0
6212,1974,completed,2023-07-10 20:23:00,Mobile,5.99
6213,889,returned,2024-09-03 17:12:00,Desktop,5.99
6214,1514,processing,2024-09-04 16:57:00,Mobile,5.99
6215,1479,completed,2024-09-19 16:58:00,Mobile,0.0
6216,1278,cancelled,2023-10-23 23:11:00,Desktop,0.0
6217,2243,returned,2025-04-06 20:35:00,Tablet,5.99
6218,843,completed,2023-10-05 07:23:00,Desktop,5.99
6219,2144,completed,2023-12-26 07:20:00,Desktop,0.0
6220,389,completed,2024-10-30 16:08:00,Mobile,0.0
6221,93,cancelled,2023-11-03 20:21:00,Mobile,0.0
6222,1752,completed,2024-02-14 15:26:00,Mobile,0.0
6223,1630,processing,2024-06-12 08:30:00,Mobile,5.99
6224,1909,processing,2024-07-06 19:13:00,Tablet,0.0
6225,1447,completed,2023-11-10 07:04:00,Mobile,0.0
6226,1286,cancelled,2023-07-27 07:46:00,Mobile,5.99
6227,379,completed,2024-05-14 04:34:00,Mobile,9.99
6228,131,cancelled,2024-01-07 22:20:00,Mobile,5.99
6229,20,completed,2025-10-21 16:39:00,Mobile,0.0
6230,1859,returned,2023-07-07 14:22:00,Desktop,5.99
6231,732,completed,2024-10-03 01:11:00,Tablet,0.0
6232,2307,processing,2024-08-11 04:33:00,Tablet,0.0
6233,2014,returned,2024-10-02 13:29:00,Mobile,5.99
6234,293,cancelled,2025-03-15 19:35:00,Mobile,5.99
6235,439,completed,2023-12-25 12:34:00,Desktop,9.99
6236,2212,cancelled,2025-05-02 03:43:00,Desktop,14.99
6237,1404,completed,2023-08-04 06:36:00,Desktop,0.0
6238,1344,completed,2024-11-01 15:10:00,Mobile,5.99
6239,2332,completed,2025-04-13 12:11:00,Mobile,0.0
6240,1935,completed,2023-12-14 09:16:00,Desktop,5.99
6241,2080,processing,2024-11-29 10:26:00,Desktop,0.0
6242,2327,returned,2024-09-19 23:01:00,Mobile,0.0
6243,1600,completed,2024-08-02 07:10:00,Mobile,5.99
6244,1300,returned,2023-04-27 18:47:00,Desktop,0.0
6245,1623,completed,2024-08-01 00:30:00,Mobile,5.99
6246,1659,cancelled,2025-11-03 22:58:00,Mobile,5.99
6247,456,completed,2024-12-09 08:00:00,Desktop,0.0
6248,1205,cancelled,2024-09-30 17:49:00,Desktop,9.99
6249,1808,completed,2023-12-27 16:05:00,Desktop,0.0
6250,1608,completed,2023-10-01 05:05:00,Mobile,0.0
6251,2022,completed,2024-10-27 21:04:00,Desktop,5.99
6252,67,cancelled,2023-03-24 10:59:00,Mobile,0.0
6253,501,completed,2023-08-10 10:14:00,Desktop,9.99
6254,2414,completed,2024-08-30 12:31:00,Mobile,9.99
6255,851,completed,2024-02-24 02:07:00,Mobile,0.0
6256,800,completed,2024-11-08 17:12:00,Mobile,0.0
6257,1383,completed,2024-07-13 01:17:00,Mobile,9.99
6258,823,cancelled,2024-03-29 18:00:00,Mobile,0.0
6259,989,processing,2023-06-21 01:05:00,Mobile,0.0
6260,1360,completed,2023-05-18 17:56:00,Desktop,5.99
6261,341,completed,2024-10-10 11:40:00,Mobile,5.99
6262,978,processing,2023-09-04 00:43:00,Desktop,5.99
6263,1676,completed,2024-06-04 01:22:00,Tablet,0.0
6264,1249,completed,2024-11-12 19:19:00,Desktop,0.0
6265,2324,completed,2024-03-18 03:03:00,Desktop,5.99
6266,1298,processing,2024-04-08 04:54:00,Tablet,9.99
6267,279,processing,2024-09-12 13:59:00,Mobile,0.0
6268,365,completed,2024-10-17 12:01:00,Mobile,9.99
6269,1979,cancelled,2024-07-31 21:12:00,Mobile,5.99
6270,1422,processing,2024-01-21 03:16:00,Mobile,0.0
6271,962,completed,2023-05-31 06:27:00,Mobile,5.99
6272,2281,completed,2025-12-03 11:27:00,Mobile,9.99
6273,1017,completed,2023-02-26 22:21:00,Mobile,0.0
6274,1483,returned,2024-11-26 14:21:00,Desktop,0.0
6275,1156,completed,2025-09-19 04:29:00,Mobile,0.0
6276,58,returned,2024-07-27 13:05:00,Mobile,5.99
6277,1414,processing,2024-03-20 18:35:00,Desktop,14.99
6278,1422,completed,2023-12-05 04:36:00,Mobile,14.99
6279,1137,processing,2024-05-27 02:29:00,Mobile,5.99
6280,1039,completed,2024-03-29 03:18:00,Desktop,5.99
6281,1399,completed,2023-10-12 03:06:00,Mobile,0.0
6282,2031,completed,2023-08-15 14:17:00,Mobile,9.99
6283,1318,processing,2024-05-31 14:29:00,Mobile,9.99
6284,1982,cancelled,2024-04-11 01:28:00,Mobile,0.0
6285,2209,cancelled,2024-08-16 10:12:00,Mobile,9.99
6286,938,completed,2024-04-09 22:45:00,Desktop,0.0
6287,212,returned,2025-04-10 08:28:00,Mobile,5.99
6288,392,processing,2024-09-04 02:23:00,Desktop,0.0
6289,805,processing,2024-07-05 18:56:00,Mobile,5.99
6290,344,cancelled,2024-05-27 16:54:00,Desktop,0.0
6291,207,completed,2024-06-18 14:53:00,Desktop,0.0
6292,732,processing,2025-04-11 15:15:00,Desktop,5.99
6293,415,completed,2024-09-21 04:32:00,Mobile,0.0
6294,54,cancelled,2024-04-19 20:30:00,Mobile,14.99
6295,586,completed,2024-12-07 05:57:00,Desktop,9.99
6296,1453,cancelled,2025-05-28 07:35:00,Mobile,0.0
6297,496,completed,2024-07-31 07:15:00,Mobile,0.0
6298,1288,completed,2024-06-09 01:25:00,Mobile,5.99
6299,490,completed,2023-03-11 23:19:00,Mobile,0.0
6300,2297,processing,2024-06-21 18:31:00,Mobile,5.99
6301,2355,returned,2023-07-30 10:41:00,Tablet,5.99
6302,755,completed,2024-09-22 10:51:00,Mobile,14.99
6303,992,returned,2024-04-09 16:55:00,Tablet,0.0
6304,2047,processing,2024-04-09 01:35:00,Mobile,0.0
6305,2457,completed,2023-12-30 17:54:00,Tablet,0.0
6306,704,completed,2023-12-06 07:19:00,Desktop,0.0
6307,1154,cancelled,2024-04-20 15:36:00,Desktop,5.99
6308,1143,returned,2025-03-25 16:02:00,Mobile,0.0
6309,1267,cancelled,2024-06-27 03:28:00,Desktop,9.99
6310,1266,processing,2024-11-28 08:38:00,Desktop,5.99
6311,396,completed,2024-02-22 00:40:00,Desktop,0.0
6312,2223,completed,2024-03-12 01:52:00,Mobile,9.99
6313,855,completed,2024-03-22 16:48:00,Mobile,5.99
6314,650,completed,2025-04-17 16:34:00,Mobile,0.0
6315,175,completed,2024-06-22 07:41:00,Desktop,9.99
6316,1451,returned,2024-03-24 23:03:00,Desktop,0.0
6317,354,processing,2024-10-19 21:49:00,Mobile,0.0
6318,1315,cancelled,2024-03-02 03:17:00,Mobile,9.99
6319,2051,cancelled,2023-09-19 15:15:00,Tablet,0.0
6320,1544,completed,2023-08-13 19:42:00,Desktop,0.0
6321,2401,completed,2025-07-18 00:57:00,Mobile,0.0
6322,1179,completed,2024-04-21 06:06:00,Mobile,0.0
6323,327,returned,2024-11-19 01:45:00,Desktop,0.0
6324,348,processing,2024-10-04 04:58:00,Mobile,5.99
6325,1155,completed,2025-05-23 10:42:00,Mobile,14.99
6326,975,completed,2024-10-10 16:26:00,Mobile,0.0
6327,1242,completed,2025-02-25 11:41:00,Tablet,14.99
6328,34,completed,2023-04-26 17:02:00,Desktop,5.99
6329,185,cancelled,2025-01-17 04:57:00,Desktop,0.0
6330,1445,cancelled,2024-11-22 01:03:00,Mobile,0.0
6331,488,completed,2024-05-13 22:20:00,Mobile,0.0
6332,2050,cancelled,2025-02-25 22:59:00,Mobile,0.0
6333,587,completed,2024-05-22 19:08:00,Mobile,5.99
6334,111,cancelled,2024-03-18 08:08:00,Desktop,0.0
6335,513,completed,2025-02-23 20:10:00,Mobile,5.99
6336,549,processing,2024-07-21 10:21:00,Desktop,0.0
6337,1310,cancelled,2025-03-26 23:42:00,Desktop,5.99
6338,1297,completed,2025-01-30 18:39:00,Mobile,0.0
6339,2161,completed,2023-02-08 00:53:00,Mobile,0.0
6340,2025,processing,2025-04-22 11:10:00,Desktop,0.0
6341,2285,completed,2023-10-21 14:20:00,Mobile,5.99
6342,824,returned,2024-06-07 17:19:00,Desktop,5.99
6343,1340,returned,2024-10-26 17:37:00,Mobile,0.0
6344,165,completed,2024-05-29 02:49:00,Mobile,9.99
6345,843,completed,2023-02-15 22:37:00,Desktop,0.0
6346,368,completed,2024-09-06 14:29:00,Mobile,0.0
6347,1572,completed,2025-06-04 04:37:00,Mobile,0.0
6348,71,cancelled,2025-03-10 00:50:00,Mobile,0.0
6349,816,cancelled,2024-07-26 19:15:00,Mobile,0.0
6350,2175,completed,2025-09-06 14:27:00,Desktop,5.99
6351,791,completed,2024-03-08 07:49:00,Mobile,9.99
6352,1448,completed,2023-09-11 13:05:00,Mobile,5.99
6353,501,completed,2024-07-12 16:11:00,Mobile,0.0
6354,2152,completed,2024-07-09 02:47:00,Desktop,5.99
6355,2036,completed,2024-04-22 23:41:00,Desktop,14.99
6356,1782,returned,2024-12-24 17:52:00,Mobile,9.99
6357,865,completed,2024-02-04 02:40:00,Mobile,0.0
6358,710,completed,2025-02-23 18:25:00,Mobile,5.99
6359,2445,completed,2024-04-28 03:42:00,Mobile,14.99
6360,1486,completed,2024-04-15 02:57:00,Mobile,0.0
6361,97,completed,2024-07-03 19:05:00,Mobile,9.99
6362,1168,cancelled,2023-08-03 00:28:00,Desktop,5.99
6363,2276,completed,2023-12-31 02:14:00,Mobile,5.99
6364,2293,completed,2024-01-30 03:11:00,Mobile,9.99
6365,398,completed,2024-09-29 22:42:00,Tablet,0.0
6366,286,cancelled,2024-07-16 16:57:00,Mobile,0.0
6367,1661,completed,2024-07-23 01:37:00,Tablet,5.99
6368,1632,completed,2025-01-06 05:51:00,Mobile,0.0
6369,1063,completed,2024-03-06 07:24:00,Desktop,0.0
6370,1272,returned,2025-01-26 21:22:00,Mobile,0.0
6371,1616,cancelled,2024-08-06 23:03:00,Mobile,5.99
6372,280,completed,2025-02-10 10:39:00,Mobile,0.0
6373,983,cancelled,2023-04-03 17:23:00,Desktop,0.0
6374,2075,completed,2023-12-10 16:27:00,Mobile,0.0
6375,2420,completed,2025-04-22 16:49:00,Mobile,5.99
6376,1477,completed,2023-08-17 16:43:00,Mobile,0.0
6377,1832,completed,2024-09-19 03:35:00,Mobile,5.99
6378,673,processing,2024-12-22 04:42:00,Mobile,9.99
6379,598,completed,2025-01-18 23:36:00,Desktop,14.99
6380,1570,completed,2024-03-29 20:44:00,Desktop,5.99
6381,144,completed,2023-12-30 01:13:00,Mobile,0.0
6382,544,completed,2025-06-15 17:31:00,Mobile,9.99
6383,2118,completed,2024-10-14 20:02:00,Mobile,0.0
6384,1674,returned,2023-06-08 19:29:00,Tablet,0.0
6385,1273,completed,2023-08-31 04:47:00,Mobile,0.0
6386,655,completed,2025-05-02 11:37:00,Mobile,0.0
6387,1073,completed,2024-05-10 12:38:00,Mobile,5.99
6388,433,completed,2023-05-29 05:30:00,Tablet,0.0
6389,683,completed,2024-03-30 19:31:00,Mobile,5.99
6390,1374,returned,2024-04-08 09:29:00,Desktop,9.99
6391,1564,completed,2024-08-12 16:54:00,Mobile,5.99
6392,408,completed,2023-10-15 16:49:00,Mobile,0.0
6393,12,cancelled,2024-04-23 04:46:00,Mobile,0.0
6394,2231,cancelled,2024-02-19 15:27:00,Mobile,5.99
6395,2170,completed,2024-01-22 16:50:00,Mobile,0.0
6396,62,completed,2023-08-19 01:22:00,Mobile,5.99
6397,1088,completed,2024-09-28 07:17:00,Desktop,0.0
6398,662,completed,2023-09-17 03:52:00,Mobile,0.0
6399,2312,completed,2025-03-01 17:09:00,Desktop,9.99
6400,1205,completed,2024-11-10 05:12:00,Desktop,0.0
6401,1197,completed,2023-07-21 22:40:00,Mobile,0.0
6402,1535,returned,2023-10-14 10:18:00,Mobile,9.99
6403,1921,processing,2024-12-11 01:56:00,Tablet,0.0
6404,1808,cancelled,2023-07-01 18:49:00,Mobile,5.99
6405,2038,processing,2024-01-08 05:42:00,Mobile,5.99
6406,1932,processing,2023-12-04 15:42:00,Desktop,0.0
6407,947,completed,2023-09-22 07:11:00,Desktop,9.99
6408,2367,completed,2023-05-17 14:35:00,Desktop,0.0
6409,1532,processing,2024-05-27 12:45:00,Desktop,5.99
6410,1979,processing,2023-12-15 21:00:00,Mobile,5.99
6411,257,completed,2024-07-26 07:41:00,Tablet,14.99
6412,282,completed,2024-02-23 19:13:00,Mobile,5.99
6413,308,completed,2024-02-10 17:48:00,Mobile,0.0
6414,366,completed,2024-06-18 13:55:00,Mobile,5.99
6415,453,returned,2024-06-14 09:51:00,Desktop,0.0
6416,663,completed,2025-06-30 02:18:00,Mobile,0.0
6417,1616,completed,2024-05-15 14:50:00,Tablet,5.99
6418,1725,completed,2025-02-20 11:23:00,Mobile,0.0
6419,1255,completed,2024-08-27 12:58:00,Mobile,0.0
6420,1787,completed,2025-04-19 10:12:00,Desktop,0.0
6421,1423,completed,2025-06-03 02:38:00,Desktop,5.99
6422,1240,cancelled,2024-09-24 05:04:00,Mobile,9.99
6423,1335,completed,2024-08-03 15:17:00,Desktop,9.99
6424,1656,processing,2024-11-18 02:23:00,Mobile,9.99
6425,612,completed,2025-04-18 10:12:00,Mobile,5.99
6426,1593,completed,2025-01-02 21:38:00,Mobile,0.0
6427,395,cancelled,2024-02-25 05:41:00,Mobile,14.99
6428,1600,completed,2024-08-10 03:21:00,Mobile,0.0
6429,1076,completed,2023-10-17 04:52:00,Mobile,0.0
6430,1386,completed,2024-11-17 21:39:00,Desktop,5.99
6431,2037,cancelled,2024-01-08 22:07:00,Desktop,0.0
6432,2373,completed,2023-10-28 12:13:00,Mobile,5.99
6433,2244,completed,2025-02-20 12:54:00,Desktop,5.99
6434,1518,cancelled,2024-06-19 21:26:00,Tablet,0.0
6435,2252,completed,2024-01-27 00:09:00,Mobile,9.99
6436,855,completed,2024-07-09 13:51:00,Tablet,0.0
6437,1925,completed,2023-08-23 23:33:00,Desktop,5.99
6438,2288,processing,2024-03-30 19:31:00,Desktop,5.99
6439,1342,completed,2024-10-17 08:39:00,Mobile,9.99
6440,1530,completed,2024-12-25 01:20:00,Mobile,5.99
6441,166,completed,2025-03-24 03:50:00,Desktop,0.0
6442,2242,completed,2024-06-07 10:22:00,Tablet,14.99
6443,676,processing,2025-05-19 23:50:00,Desktop,9.99
6444,310,completed,2023-03-31 12:52:00,Mobile,5.99
6445,167,processing,2025-03-08 22:54:00,Desktop,5.99
6446,1907,completed,2024-04-03 09:06:00,Desktop,9.99
6447,57,returned,2024-11-12 11:04:00,Desktop,0.0
6448,581,returned,2025-01-22 16:09:00,Mobile,9.99
6449,127,completed,2024-10-09 03:12:00,Mobile,0.0
6450,2164,completed,2025-05-12 21:22:00,Mobile,5.99
6451,693,returned,2024-07-10 05:36:00,Desktop,5.99
6452,1395,completed,2025-06-28 06:08:00,Desktop,5.99
6453,290,cancelled,2024-02-10 05:06:00,Mobile,5.99
6454,435,completed,2024-04-23 21:25:00,Mobile,0.0
6455,342,processing,2025-01-13 08:54:00,Desktop,5.99
6456,500,completed,2025-05-23 10:05:00,Desktop,5.99
6457,44,completed,2024-07-02 11:38:00,Mobile,0.0
6458,1891,cancelled,2025-09-08 06:56:00,Mobile,0.0
6459,1638,returned,2024-12-15 09:26:00,Mobile,5.99
6460,477,processing,2025-01-22 11:16:00,Mobile,5.99
6461,1113,completed,2024-01-31 12:46:00,Mobile,0.0
6462,2302,processing,2023-07-03 03:00:00,Mobile,0.0
6463,2494,processing,2023-04-23 11:37:00,Desktop,14.99
6464,949,cancelled,2025-05-19 03:57:00,Desktop,0.0
6465,1317,completed,2024-11-28 02:44:00,Desktop,0.0
6466,1526,completed,2024-11-14 07:49:00,Mobile,0.0
6467,23,completed,2024-11-06 05:26:00,Mobile,0.0
6468,1721,completed,2024-07-13 16:14:00,Mobile,0.0
6469,1785,completed,2024-02-26 15:42:00,Tablet,5.99
6470,252,completed,2024-06-27 18:58:00,Mobile,0.0
6471,667,completed,2025-01-16 04:12:00,Mobile,5.99
6472,2053,completed,2023-06-05 09:00:00,Tablet,5.99
6473,1895,processing,2024-01-20 02:02:00,Desktop,0.0
6474,454,returned,2023-12-26 06:46:00,Mobile,0.0
6475,1320,completed,2023-07-09 14:00:00,Mobile,0.0
6476,618,completed,2024-04-24 13:20:00,Mobile,0.0
6477,1413,cancelled,2024-08-02 06:54:00,Mobile,0.0
6478,1418,completed,2024-04-18 21:09:00,Desktop,0.0
6479,930,completed,2024-11-11 14:39:00,Mobile,5.99
6480,1805,returned,2024-10-20 16:52:00,Mobile,0.0
6481,1330,processing,2024-07-23 01:13:00,Desktop,14.99
6482,1600,completed,2024-03-11 08:41:00,Desktop,0.0
6483,1807,returned,2024-09-16 07:44:00,Desktop,5.99
6484,1076,returned,2024-08-14 18:25:00,Mobile,0.0
6485,2356,completed,2025-04-26 20:15:00,Desktop,5.99
6486,1541,cancelled,2025-06-06 07:33:00,Desktop,5.99
6487,858,processing,2024-07-04 20:03:00,Desktop,5.99
6488,738,completed,2024-05-31 10:10:00,Desktop,0.0
6489,892,completed,2023-07-07 14:01:00,Mobile,5.99
6490,701,completed,2024-10-08 05:28:00,Desktop,5.99
6491,2157,processing,2024-01-03 19:02:00,Desktop,14.99
6492,2207,completed,2024-06-22 16:11:00,Mobile,0.0
6493,2326,returned,2025-02-03 08:17:00,Desktop,9.99
6494,1163,completed,2025-04-11 10:55:00,Mobile,5.99
6495,1254,processing,2025-01-28 08:30:00,Mobile,5.99
6496,915,completed,2024-12-20 07:07:00,Mobile,0.0
6497,2170,completed,2024-04-12 14:26:00,Mobile,5.99
6498,2186,completed,2024-12-19 20:08:00,Mobile,5.99
6499,1820,completed,2024-12-14 05:06:00,Tablet,0.0
6500,1623,completed,2024-03-07 22:46:00,Mobile,0.0
6501,288,completed,2024-05-04 14:51:00,Mobile,9.99
6502,1118,completed,2024-06-14 18:37:00,Mobile,0.0
6503,1930,processing,2024-09-24 03:54:00,Mobile,0.0
6504,2005,completed,2024-01-09 05:35:00,Mobile,0.0
6505,523,completed,2025-02-24 11:47:00,Desktop,5.99
6506,2236,cancelled,2023-12-25 22:31:00,Mobile,9.99
6507,1852,processing,2025-03-14 12:23:00,Desktop,9.99
6508,1877,cancelled,2023-08-24 20:33:00,Desktop,9.99
6509,802,completed,2024-04-28 02:10:00,Mobile,0.0
6510,1336,completed,2023-10-27 01:43:00,Mobile,9.99
6511,666,returned,2024-07-10 04:16:00,Mobile,0.0
6512,2016,processing,2025-04-27 12:32:00,Mobile,0.0
6513,2197,returned,2024-07-24 08:39:00,Desktop,5.99
6514,1760,cancelled,2025-10-27 08:16:00,Tablet,0.0
6515,2089,cancelled,2024-07-19 15:43:00,Desktop,0.0
6516,2118,returned,2024-06-06 19:59:00,Mobile,9.99
6517,2115,processing,2024-02-14 11:22:00,Mobile,5.99
6518,1043,completed,2025-10-19 00:34:00,Mobile,5.99
6519,1843,processing,2024-10-12 18:27:00,Mobile,0.0
6520,1046,completed,2024-10-10 19:30:00,Mobile,0.0
6521,1719,completed,2025-05-06 15:26:00,Desktop,5.99
6522,2487,processing,2025-02-03 17:45:00,Mobile,0.0
6523,2104,cancelled,2024-04-29 21:11:00,Mobile,9.99
6524,2091,completed,2024-09-04 12:39:00,Tablet,0.0
6525,104,completed,2024-08-22 05:33:00,Mobile,0.0
6526,276,completed,2024-08-21 18:35:00,Mobile,0.0
6527,1442,completed,2025-02-19 09:39:00,Mobile,5.99
6528,1912,completed,2025-08-04 20:49:00,Desktop,9.99
6529,2372,completed,2024-02-25 05:36:00,Desktop,0.0
6530,1286,returned,2023-09-11 13:03:00,Mobile,0.0
6531,257,completed,2024-11-26 21:29:00,Mobile,0.0
6532,1478,completed,2024-07-30 02:01:00,Mobile,5.99
6533,2042,completed,2024-06-17 01:25:00,Mobile,5.99
6534,543,cancelled,2024-10-02 09:24:00,Mobile,14.99
6535,2411,completed,2024-04-23 22:36:00,Desktop,9.99
6536,511,cancelled,2024-06-28 01:05:00,Mobile,5.99
6537,659,completed,2024-10-10 21:50:00,Tablet,0.0
6538,2402,completed,2023-07-11 22:30:00,Mobile,5.99
6539,2354,completed,2024-12-24 21:54:00,Mobile,0.0
6540,583,completed,2024-11-18 22:55:00,Mobile,0.0
6541,588,completed,2024-04-07 17:12:00,Desktop,0.0
6542,1386,completed,2024-08-05 09:33:00,Desktop,5.99
6543,874,returned,2024-04-27 15:13:00,Mobile,5.99
6544,2244,processing,2024-07-17 02:59:00,Tablet,0.0
6545,2471,processing,2024-11-11 07:16:00,Desktop,5.99
6546,1873,completed,2024-06-16 16:39:00,Tablet,5.99
6547,889,cancelled,2025-02-27 11:26:00,Mobile,9.99
6548,347,completed,2024-08-04 12:41:00,Mobile,5.99
6549,849,processing,2024-01-13 01:00:00,Desktop,0.0
6550,1832,returned,2025-04-17 22:20:00,Mobile,5.99
6551,1742,completed,2023-08-22 20:00:00,Mobile,0.0
6552,1815,completed,2025-04-22 02:03:00,Tablet,0.0
6553,2445,completed,2024-10-06 04:54:00,Mobile,5.99
6554,2041,completed,2023-10-07 09:50:00,Mobile,5.99
6555,2446,completed,2025-04-08 18:48:00,Desktop,5.99
6556,2016,cancelled,2024-11-15 18:18:00,Tablet,0.0
6557,234,completed,2023-08-16 21:52:00,Desktop,5.99
6558,2328,completed,2024-01-31 09:44:00,Mobile,5.99
6559,1120,returned,2023-11-05 09:41:00,Tablet,0.0
6560,1609,processing,2024-02-07 21:56:00,Mobile,0.0
6561,1492,returned,2023-11-10 20:44:00,Tablet,5.99
6562,445,cancelled,2024-10-20 15:10:00,Mobile,0.0
6563,851,completed,2023-12-08 18:49:00,Desktop,5.99
6564,833,returned,2023-11-06 10:56:00,Mobile,5.99
6565,533,completed,2024-10-14 02:52:00,Tablet,5.99
6566,1550,completed,2024-03-17 03:33:00,Mobile,0.0
6567,786,completed,2024-02-25 09:42:00,Mobile,9.99
6568,900,returned,2024-07-16 21:59:00,Mobile,5.99
6569,2459,completed,2024-06-08 00:36:00,Desktop,5.99
6570,1017,completed,2023-08-12 05:29:00,Mobile,5.99
6571,1109,cancelled,2023-08-12 03:04:00,Tablet,0.0
6572,1045,completed,2024-09-26 03:52:00,Desktop,0.0
6573,2008,processing,2024-04-28 10:38:00,Mobile,0.0
6574,2294,returned,2025-01-24 12:56:00,Desktop,9.99
6575,2235,processing,2023-04-12 21:53:00,Desktop,0.0
6576,1275,completed,2024-03-03 01:22:00,Mobile,5.99
6577,1214,completed,2025-07-28 17:48:00,Mobile,9.99
6578,1280,completed,2023-04-28 19:12:00,Mobile,0.0
6579,1421,returned,2024-04-01 10:00:00,Tablet,5.99
6580,616,processing,2025-04-30 01:02:00,Desktop,0.0
6581,1873,completed,2024-02-08 07:19:00,Mobile,0.0
6582,2406,completed,2025-04-11 17:25:00,Mobile,5.99
6583,1602,completed,2025-03-29 13:25:00,Desktop,0.0
6584,424,completed,2025-06-18 11:07:00,Desktop,0.0
6585,1078,processing,2024-03-10 18:59:00,Mobile,5.99
6586,819,returned,2023-09-08 21:38:00,Desktop,0.0
6587,795,cancelled,2023-08-12 04:49:00,Tablet,5.99
6588,2476,completed,2024-03-05 04:41:00,Desktop,0.0
6589,425,returned,2024-12-28 02:52:00,Tablet,5.99
6590,1699,completed,2025-05-27 12:04:00,Mobile,14.99
6591,2487,completed,2025-01-15 13:37:00,Mobile,5.99
6592,708,completed,2024-08-15 22:05:00,Mobile,0.0
6593,440,completed,2024-04-03 05:37:00,Mobile,0.0
6594,966,returned,2024-07-20 23:36:00,Mobile,5.99
6595,1242,completed,2024-08-03 10:24:00,Mobile,0.0
6596,2316,completed,2024-08-31 10:51:00,Mobile,0.0
6597,716,completed,2023-03-14 17:15:00,Mobile,0.0
6598,1046,cancelled,2024-03-31 02:00:00,Mobile,5.99
6599,1607,cancelled,2025-08-19 15:50:00,Mobile,0.0
6600,582,completed,2025-01-02 10:55:00,Desktop,0.0
6601,2253,completed,2024-10-05 04:15:00,Mobile,0.0
6602,249,cancelled,2024-05-14 17:36:00,Desktop,9.99
6603,1054,completed,2023-10-25 00:44:00,Desktop,5.99
6604,1700,completed,2024-02-09 00:45:00,Mobile,5.99
6605,1131,completed,2024-05-03 17:50:00,Mobile,0.0
6606,423,completed,2024-01-23 14:02:00,Desktop,0.0
6607,1956,returned,2024-05-29 09:37:00,Mobile,5.99
6608,450,returned,2025-02-27 23:13:00,Tablet,5.99
6609,1200,completed,2024-08-13 03:18:00,Mobile,5.99
6610,23,completed,2025-06-22 07:54:00,Desktop,0.0
6611,1554,cancelled,2024-11-19 18:39:00,Mobile,9.99
6612,215,completed,2024-12-29 07:33:00,Desktop,5.99
6613,1487,completed,2025-03-09 21:25:00,Mobile,5.99
6614,682,completed,2023-08-03 02:24:00,Desktop,0.0
6615,529,completed,2025-01-20 22:16:00,Tablet,0.0
6616,2089,completed,2024-06-20 09:14:00,Mobile,0.0
6617,1645,completed,2024-11-18 13:51:00,Mobile,0.0
6618,1065,completed,2024-07-07 23:22:00,Mobile,0.0
6619,1055,processing,2024-04-02 04:01:00,Mobile,0.0
6620,2196,returned,2024-05-28 15:53:00,Tablet,5.99
6621,2005,returned,2024-02-12 20:54:00,Mobile,14.99
6622,779,completed,2024-10-24 01:09:00,Desktop,5.99
6623,2090,completed,2024-09-18 19:48:00,Desktop,0.0
6624,1939,completed,2025-03-12 16:36:00,Desktop,9.99
6625,1976,completed,2024-02-17 22:50:00,Mobile,9.99
6626,1192,returned,2024-12-28 07:15:00,Mobile,0.0
6627,437,cancelled,2024-09-06 05:55:00,Desktop,5.99
6628,2316,completed,2024-02-11 07:09:00,Desktop,5.99
6629,2166,completed,2023-12-02 08:21:00,Mobile,9.99
6630,1563,returned,2025-07-02 03:32:00,Mobile,5.99
6631,1284,processing,2025-01-09 09:50:00,Mobile,5.99
6632,555,completed,2025-06-28 17:54:00,Mobile,5.99
6633,1805,completed,2025-01-26 20:00:00,Mobile,5.99
6634,824,completed,2024-06-17 13:19:00,Mobile,5.99
6635,794,completed,2025-02-22 01:20:00,Mobile,9.99
6636,1594,completed,2024-09-16 19:16:00,Mobile,5.99
6637,2377,completed,2024-11-10 06:45:00,Desktop,14.99
6638,1999,completed,2023-11-08 08:26:00,Desktop,0.0
6639,1006,returned,2025-01-07 08:18:00,Mobile,0.0
6640,245,completed,2025-03-18 23:29:00,Desktop,0.0
6641,519,processing,2024-12-09 14:38:00,Tablet,5.99
6642,648,completed,2023-12-02 21:05:00,Mobile,0.0
6643,619,completed,2025-06-07 21:49:00,Tablet,5.99
6644,671,completed,2024-01-30 19:19:00,Desktop,9.99
6645,2484,returned,2024-05-11 23:40:00,Mobile,0.0
6646,2404,completed,2024-05-15 03:15:00,Desktop,0.0
6647,140,completed,2023-07-22 01:49:00,Tablet,0.0
6648,1392,completed,2024-08-08 18:20:00,Mobile,0.0
6649,1129,processing,2025-06-18 13:38:00,Desktop,9.99
6650,965,completed,2023-12-17 10:59:00,Desktop,5.99
6651,2439,completed,2025-06-19 11:20:00,Mobile,14.99
6652,1037,processing,2024-04-15 18:15:00,Mobile,5.99
6653,656,returned,2025-06-02 04:49:00,Mobile,0.0
6654,1312,completed,2023-09-25 01:34:00,Tablet,0.0
6655,107,cancelled,2024-04-06 14:39:00,Mobile,5.99
6656,296,cancelled,2025-02-06 16:55:00,Mobile,5.99
6657,627,completed,2023-05-11 13:24:00,Mobile,0.0
6658,405,processing,2025-01-20 19:03:00,Mobile,0.0
6659,878,returned,2025-02-05 00:31:00,Mobile,5.99
6660,463,cancelled,2025-01-06 09:04:00,Desktop,5.99
6661,524,processing,2025-11-10 22:13:00,Mobile,14.99
6662,195,completed,2024-10-17 20:05:00,Mobile,9.99
6663,289,cancelled,2024-11-27 07:11:00,Desktop,9.99
6664,703,completed,2024-08-29 13:11:00,Desktop,0.0
6665,1211,processing,2023-10-10 11:10:00,Desktop,5.99
6666,1687,completed,2024-05-15 22:08:00,Desktop,0.0
6667,717,completed,2025-03-19 15:45:00,Desktop,0.0
6668,1213,cancelled,2024-09-17 00:33:00,Desktop,14.99
6669,2460,completed,2024-06-18 11:58:00,Mobile,14.99
6670,1905,completed,2024-09-28 06:48:00,Mobile,0.0
6671,2342,cancelled,2024-01-01 17:18:00,Desktop,9.99
6672,692,cancelled,2024-05-22 16:41:00,Mobile,0.0
6673,1754,completed,2025-03-13 19:20:00,Mobile,0.0
6674,454,processing,2023-09-24 03:15:00,Mobile,0.0
6675,1017,completed,2023-09-12 06:14:00,Desktop,0.0
6676,452,completed,2024-12-27 06:03:00,Mobile,0.0
6677,541,completed,2024-12-10 17:05:00,Mobile,0.0
6678,2121,cancelled,2025-03-01 11:12:00,Mobile,0.0
6679,1162,completed,2024-08-29 20:38:00,Desktop,0.0
6680,9,completed,2023-08-18 04:20:00,Mobile,0.0
6681,542,returned,2024-03-17 13:11:00,Desktop,0.0
6682,693,cancelled,2024-01-09 16:26:00,Mobile,0.0
6683,726,completed,2025-03-06 01:48:00,Mobile,5.99
6684,1701,completed,2023-10-25 04:15:00,Mobile,5.99
6685,1119,returned,2024-05-28 15:05:00,Desktop,9.99
6686,1049,completed,2024-07-11 14:26:00,Mobile,0.0
6687,1461,returned,2023-10-17 12:40:00,Mobile,0.0
6688,1440,completed,2024-05-04 02:18:00,Mobile,5.99
6689,1039,processing,2024-09-21 08:10:00,Desktop,0.0
6690,670,completed,2024-12-29 04:45:00,Mobile,0.0
6691,91,returned,2025-06-12 03:35:00,Desktop,5.99
6692,429,completed,2023-06-25 17:20:00,Desktop,9.99
6693,2210,completed,2024-05-30 17:27:00,Mobile,0.0
6694,337,completed,2024-10-06 20:57:00,Mobile,0.0
6695,1129,completed,2025-02-18 10:16:00,Desktop,0.0
6696,258,completed,2024-09-02 14:34:00,Mobile,9.99
6697,1305,processing,2024-01-21 21:22:00,Mobile,0.0
6698,2332,returned,2025-07-16 19:32:00,Mobile,9.99
6699,4,processing,2023-08-31 17:06:00,Mobile,0.0
6700,1370,completed,2024-10-01 17:49:00,Mobile,14.99
6701,273,cancelled,2023-07-06 10:07:00,Desktop,0.0
6702,1054,completed,2024-02-07 00:21:00,Desktop,0.0
6703,1643,completed,2024-03-22 13:14:00,Desktop,9.99
6704,1505,cancelled,2023-10-13 01:44:00,Mobile,5.99
6705,2115,cancelled,2024-02-11 14:18:00,Desktop,0.0
6706,128,processing,2024-03-19 22:33:00,Mobile,9.99
6707,194,processing,2025-02-22 17:26:00,Mobile,5.99
6708,826,completed,2024-07-14 12:25:00,Mobile,5.99
6709,570,completed,2023-08-12 22:36:00,Mobile,0.0
6710,1264,cancelled,2024-09-25 16:47:00,Desktop,0.0
6711,263,completed,2023-04-18 19:49:00,Mobile,0.0
6712,121,completed,2024-01-16 08:24:00,Mobile,9.99
6713,1188,completed,2024-06-15 13:01:00,Mobile,0.0
6714,1563,completed,2025-05-19 04:30:00,Desktop,9.99
6715,114,cancelled,2024-08-21 00:50:00,Mobile,0.0
6716,1631,completed,2024-04-03 02:41:00,Mobile,0.0
6717,1183,cancelled,2025-04-20 11:03:00,Mobile,0.0
6718,2382,completed,2025-08-18 02:52:00,Mobile,5.99
6719,1736,processing,2023-10-07 21:33:00,Mobile,0.0
6720,2234,processing,2023-03-25 07:49:00,Mobile,0.0
6721,490,completed,2023-03-12 03:41:00,Mobile,0.0
6722,1217,completed,2023-07-04 09:31:00,Mobile,5.99
6723,1958,processing,2024-06-18 21:47:00,Mobile,0.0
6724,1959,cancelled,2024-01-24 16:50:00,Mobile,0.0
6725,1815,returned,2025-02-06 19:27:00,Mobile,14.99
6726,1411,processing,2024-06-22 09:24:00,Mobile,0.0
6727,943,completed,2025-04-23 07:18:00,Mobile,0.0
6728,890,completed,2024-08-01 06:33:00,Desktop,0.0
6729,2151,cancelled,2023-08-12 01:35:00,Desktop,0.0
6730,1550,returned,2024-04-30 22:46:00,Mobile,5.99
6731,729,cancelled,2023-08-08 07:44:00,Desktop,5.99
6732,2263,cancelled,2023-11-13 21:45:00,Mobile,0.0
6733,152,completed,2023-06-03 23:45:00,Desktop,5.99
6734,1454,completed,2024-06-15 23:46:00,Mobile,0.0
6735,2343,completed,2025-02-08 04:09:00,Mobile,0.0
6736,614,completed,2024-08-12 14:37:00,Mobile,0.0
6737,1839,completed,2024-04-06 17:58:00,Mobile,5.99
6738,668,cancelled,2023-09-18 22:23:00,Tablet,5.99
6739,1480,processing,2025-01-18 12:52:00,Mobile,9.99
6740,1806,completed,2025-05-06 05:30:00,Mobile,5.99
6741,789,completed,2024-05-06 06:49:00,Desktop,0.0
6742,663,completed,2025-07-23 04:57:00,Desktop,5.99
6743,749,completed,2023-08-16 01:31:00,Mobile,9.99
6744,1317,completed,2024-10-18 20:59:00,Mobile,5.99
6745,146,completed,2023-04-02 15:47:00,Mobile,0.0
6746,2144,completed,2023-07-26 09:40:00,Desktop,9.99
6747,2215,completed,2024-08-15 04:04:00,Desktop,9.99
6748,169,cancelled,2023-12-08 14:52:00,Mobile,0.0
6749,1727,completed,2024-11-24 18:33:00,Mobile,5.99
6750,2346,cancelled,2023-04-13 09:29:00,Mobile,0.0
6751,1689,completed,2023-02-03 22:15:00,Mobile,0.0
6752,1260,cancelled,2024-04-16 20:39:00,Tablet,9.99
6753,772,completed,2025-06-15 06:16:00,Mobile,0.0
6754,473,returned,2025-05-26 10:01:00,Desktop,0.0
6755,631,completed,2025-06-29 18:30:00,Tablet,5.99
6756,2003,returned,2025-05-17 04:45:00,Mobile,9.99
6757,530,cancelled,2024-04-19 01:55:00,Mobile,0.0
6758,1425,completed,2024-09-09 03:39:00,Mobile,5.99
6759,559,completed,2024-09-09 10:38:00,Desktop,14.99
6760,1494,completed,2024-05-08 23:12:00,Mobile,9.99
6761,2356,completed,2024-08-25 23:39:00,Desktop,5.99
6762,1920,processing,2025-05-24 16:23:00,Desktop,0.0
6763,1841,processing,2023-11-10 20:52:00,Mobile,9.99
6764,1422,processing,2023-11-18 09:43:00,Mobile,0.0
6765,1608,cancelled,2024-03-11 14:58:00,Mobile,5.99
6766,1405,completed,2023-10-13 12:47:00,Mobile,0.0
6767,544,cancelled,2025-02-03 23:36:00,Desktop,5.99
6768,1523,completed,2025-04-07 22:34:00,Mobile,5.99
6769,1918,completed,2024-08-28 20:59:00,Mobile,5.99
6770,1287,completed,2024-11-12 11:50:00,Mobile,0.0
6771,1626,processing,2024-11-22 10:51:00,Mobile,0.0
6772,247,completed,2024-09-12 03:45:00,Desktop,5.99
6773,304,returned,2025-05-02 22:20:00,Mobile,5.99
6774,1532,completed,2024-03-14 04:18:00,Desktop,0.0
6775,580,returned,2025-03-04 00:45:00,Tablet,9.99
6776,1456,returned,2025-04-18 03:53:00,Mobile,0.0
6777,1106,returned,2023-09-30 21:00:00,Desktop,9.99
6778,661,cancelled,2023-09-28 11:18:00,Mobile,0.0
6779,1959,completed,2023-12-02 14:59:00,Mobile,9.99
6780,1200,cancelled,2024-04-05 21:30:00,Desktop,0.0
6781,777,returned,2025-09-27 19:07:00,Mobile,0.0
6782,2445,completed,2023-10-29 08:08:00,Mobile,14.99
6783,1343,cancelled,2025-05-27 09:07:00,Desktop,9.99
6784,1991,completed,2023-12-30 02:32:00,Mobile,9.99
6785,187,completed,2025-05-25 08:14:00,Mobile,5.99
6786,1023,processing,2025-09-01 22:24:00,Mobile,0.0
6787,1089,completed,2023-09-22 02:25:00,Mobile,14.99
6788,565,returned,2024-01-03 05:45:00,Tablet,0.0
6789,2314,cancelled,2024-04-06 02:06:00,Mobile,14.99
6790,2448,completed,2023-04-14 14:02:00,Tablet,5.99
6791,1745,completed,2025-03-11 00:45:00,Mobile,5.99
6792,1751,completed,2024-04-03 18:53:00,Mobile,5.99
6793,2154,completed,2025-02-15 10:18:00,Desktop,9.99
6794,342,returned,2025-01-28 07:09:00,Mobile,5.99
6795,2147,processing,2023-10-21 08:11:00,Mobile,0.0
6796,2111,completed,2023-07-10 16:52:00,Desktop,0.0
6797,1711,completed,2024-06-14 16:10:00,Mobile,0.0
6798,1760,cancelled,2024-12-17 17:56:00,Mobile,0.0
6799,2452,processing,2024-04-09 07:33:00,Mobile,5.99
6800,407,returned,2025-03-17 11:30:00,Desktop,0.0
6801,300,completed,2024-09-23 18:35:00,Desktop,5.99
6802,349,completed,2023-12-16 06:02:00,Desktop,5.99
6803,2422,processing,2023-05-30 02:02:00,Mobile,9.99
6804,1605,cancelled,2025-01-07 00:02:00,Mobile,14.99
6805,1454,completed,2024-08-12 10:43:00,Desktop,0.0
6806,1338,completed,2025-12-07 06:22:00,Mobile,0.0
6807,1750,completed,2024-06-12 13:50:00,Desktop,0.0
6808,204,processing,2023-05-08 06:47:00,Mobile,0.0
6809,554,returned,2023-08-23 04:55:00,Mobile,5.99
6810,317,completed,2023-06-19 18:42:00,Mobile,14.99
6811,1327,returned,2024-08-13 18:07:00,Mobile,0.0
6812,281,completed,2024-07-24 21:16:00,Mobile,5.99
6813,1396,completed,2024-12-16 11:44:00,Tablet,0.0
6814,624,returned,2024-05-07 10:50:00,Mobile,5.99
6815,111,completed,2024-03-03 02:14:00,Tablet,9.99
6816,1385,returned,2025-01-11 02:38:00,Mobile,0.0
6817,1359,cancelled,2024-04-09 12:44:00,Mobile,14.99
6818,574,completed,2024-07-03 19:41:00,Mobile,0.0
6819,1618,cancelled,2025-02-27 01:19:00,Mobile,5.99
6820,266,completed,2025-04-22 09:03:00,Mobile,5.99
6821,2002,completed,2025-11-18 10:10:00,Mobile,0.0
6822,247,completed,2025-04-14 08:01:00,Desktop,0.0
6823,470,processing,2024-08-05 13:01:00,Mobile,9.99
6824,1028,completed,2025-01-28 21:31:00,Mobile,0.0
6825,292,returned,2023-04-09 21:14:00,Desktop,0.0
6826,2267,returned,2024-11-12 10:00:00,Desktop,9.99
6827,1772,processing,2024-04-05 21:24:00,Mobile,0.0
6828,867,completed,2023-09-09 03:39:00,Mobile,0.0
6829,168,completed,2025-02-03 03:35:00,Desktop,5.99
6830,81,completed,2024-11-14 05:24:00,Mobile,0.0
6831,1506,completed,2025-08-07 02:18:00,Tablet,0.0
6832,1424,returned,2024-03-27 11:13:00,Mobile,9.99
6833,2253,completed,2024-11-09 09:13:00,Mobile,0.0
6834,774,cancelled,2023-04-07 14:43:00,Mobile,0.0
6835,74,completed,2023-10-07 14:13:00,Desktop,5.99
6836,546,processing,2024-07-04 10:56:00,Mobile,5.99
6837,467,cancelled,2024-09-17 05:11:00,Mobile,5.99
6838,2169,completed,2025-05-08 15:18:00,Mobile,0.0
6839,305,cancelled,2024-03-01 22:44:00,Desktop,0.0
6840,1425,returned,2024-12-24 23:27:00,Mobile,14.99
6841,311,completed,2023-10-27 20:07:00,Mobile,5.99
6842,732,processing,2024-08-10 04:43:00,Mobile,0.0
6843,446,completed,2025-03-12 19:25:00,Mobile,5.99
6844,578,completed,2023-11-28 22:50:00,Mobile,0.0
6845,1129,returned,2024-09-25 10:21:00,Mobile,0.0
6846,45,completed,2023-10-21 17:22:00,Desktop,0.0
6847,487,completed,2023-09-07 03:45:00,Desktop,14.99
6848,1122,completed,2023-11-20 18:40:00,Mobile,0.0
6849,1349,returned,2024-06-03 09:32:00,Mobile,0.0
6850,1325,completed,2024-03-02 12:08:00,Desktop,5.99
6851,295,cancelled,2023-09-06 13:58:00,Mobile,0.0
6852,1007,completed,2025-03-07 15:27:00,Tablet,0.0
6853,1422,completed,2023-08-12 04:52:00,Tablet,0.0
6854,2340,processing,2025-02-14 13:41:00,Mobile,0.0
6855,2127,completed,2025-03-15 20:08:00,Mobile,9.99
6856,677,cancelled,2024-10-01 12:35:00,Tablet,5.99
6857,1335,cancelled,2024-09-12 17:25:00,Mobile,9.99
6858,400,cancelled,2025-04-19 16:50:00,Mobile,0.0
6859,1072,processing,2023-12-06 00:16:00,Desktop,0.0
6860,2088,processing,2025-04-13 02:47:00,Mobile,0.0
6861,2066,cancelled,2023-10-14 16:22:00,Tablet,5.99
6862,861,completed,2023-02-02 03:39:00,Desktop,0.0
6863,2080,returned,2024-09-19 00:35:00,Desktop,5.99
6864,2337,returned,2024-10-01 11:31:00,Mobile,9.99
6865,1831,processing,2023-07-18 10:11:00,Mobile,0.0
6866,2403,completed,2025-04-23 00:59:00,Mobile,0.0
6867,2293,completed,2024-03-03 11:58:00,Mobile,5.99
6868,1279,completed,2023-10-11 16:07:00,Mobile,0.0
6869,890,completed,2024-06-15 07:20:00,Mobile,0.0
6870,386,completed,2024-01-14 02:30:00,Mobile,5.99
6871,297,completed,2025-06-04 04:48:00,Desktop,0.0
6872,480,completed,2025-03-01 23:09:00,Desktop,0.0
6873,1447,cancelled,2023-07-31 17:17:00,Mobile,9.99
6874,220,completed,2024-04-09 16:38:00,Mobile,9.99
6875,288,completed,2024-03-21 03:27:00,Desktop,0.0
6876,1546,cancelled,2024-05-20 04:20:00,Mobile,0.0
6877,1165,cancelled,2024-04-13 00:36:00,Mobile,5.99
6878,815,completed,2024-06-06 04:49:00,Mobile,5.99
6879,1600,cancelled,2024-09-13 01:32:00,Mobile,0.0
6880,875,completed,2024-01-31 00:53:00,Desktop,5.99
6881,1127,processing,2024-11-27 16:51:00,Mobile,14.99
6882,226,cancelled,2024-04-27 01:48:00,Mobile,9.99
6883,377,completed,2025-06-13 12:38:00,Mobile,0.0
6884,1555,cancelled,2023-11-28 10:26:00,Mobile,5.99
6885,358,completed,2024-02-21 05:49:00,Desktop,5.99
6886,1181,completed,2025-02-21 04:27:00,Desktop,5.99
6887,2089,processing,2024-06-13 19:30:00,Mobile,0.0
6888,930,completed,2024-08-21 21:48:00,Mobile,5.99
6889,2372,returned,2023-10-22 15:38:00,Mobile,0.0
6890,1574,cancelled,2023-09-11 16:03:00,Desktop,5.99
6891,165,completed,2023-11-30 13:07:00,Mobile,0.0
6892,36,completed,2024-12-03 19:55:00,Desktop,5.99
6893,1362,cancelled,2025-10-11 11:41:00,Mobile,0.0
6894,1156,completed,2025-07-10 23:45:00,Mobile,9.99
6895,1119,returned,2024-09-20 13:17:00,Desktop,9.99
6896,1664,completed,2024-03-18 21:13:00,Desktop,0.0
6897,962,processing,2024-02-11 14:19:00,Desktop,0.0
6898,808,completed,2024-10-30 17:11:00,Desktop,5.99
6899,2487,processing,2025-01-02 12:37:00,Mobile,0.0
6900,1923,cancelled,2023-09-26 10:20:00,Mobile,0.0
6901,1663,cancelled,2023-12-18 12:11:00,Desktop,0.0
6902,2492,processing,2023-06-18 06:00:00,Mobile,0.0
6903,2304,completed,2023-10-05 05:38:00,Mobile,0.0
6904,1114,completed,2025-01-30 07:11:00,Desktop,14.99
6905,378,processing,2025-08-19 10:51:00,Desktop,5.99
6906,1374,processing,2023-12-23 13:19:00,Desktop,5.99
6907,1312,returned,2023-12-31 22:26:00,Mobile,5.99
6908,768,returned,2023-10-20 17:40:00,Desktop,0.0
6909,1716,completed,2023-11-23 07:34:00,Mobile,5.99
6910,156,cancelled,2024-02-01 22:47:00,Mobile,0.0
6911,311,cancelled,2024-02-08 19:05:00,Mobile,5.99
6912,2044,completed,2024-03-13 11:38:00,Desktop,0.0
6913,2201,returned,2023-10-21 07:58:00,Desktop,5.99
6914,1087,completed,2025-02-10 20:20:00,Mobile,0.0
6915,700,completed,2024-08-06 22:51:00,Mobile,5.99
6916,1011,completed,2025-06-20 02:17:00,Desktop,5.99
6917,1622,processing,2025-06-13 04:30:00,Desktop,5.99
6918,1465,completed,2025-03-03 18:29:00,Desktop,0.0
6919,1718,completed,2023-07-27 20:45:00,Mobile,5.99
6920,271,completed,2024-04-28 19:32:00,Mobile,0.0
6921,490,completed,2023-12-01 22:04:00,Mobile,9.99
6922,795,cancelled,2023-09-05 13:03:00,Mobile,0.0
6923,1980,completed,2025-02-01 11:09:00,Mobile,5.99
6924,115,returned,2025-04-11 00:33:00,Mobile,0.0
6925,2427,returned,2024-07-11 06:01:00,Desktop,5.99
6926,1132,returned,2024-09-19 06:12:00,Mobile,5.99
6927,1245,completed,2025-01-20 13:54:00,Desktop,14.99
6928,2432,completed,2024-08-11 18:21:00,Desktop,5.99
6929,2406,cancelled,2025-01-08 10:23:00,Desktop,5.99
6930,1782,cancelled,2024-04-09 19:28:00,Desktop,0.0
6931,279,cancelled,2025-05-27 02:02:00,Mobile,5.99
6932,2079,completed,2024-12-28 11:50:00,Tablet,9.99
6933,847,cancelled,2024-08-26 15:17:00,Desktop,5.99
6934,2395,completed,2025-10-24 18:59:00,Mobile,0.0
6935,485,completed,2024-01-29 20:37:00,Tablet,0.0
6936,928,cancelled,2023-06-10 20:11:00,Mobile,0.0
6937,1785,returned,2024-05-08 19:43:00,Mobile,5.99
6938,219,returned,2024-02-14 04:05:00,Mobile,14.99
6939,687,completed,2025-01-14 18:56:00,Desktop,0.0
6940,1135,completed,2024-02-29 18:16:00,Tablet,0.0
6941,1973,completed,2025-03-07 18:28:00,Mobile,5.99
6942,1367,completed,2024-12-30 03:57:00,Mobile,5.99
6943,2397,processing,2024-02-27 00:36:00,Mobile,5.99
6944,1877,returned,2024-05-03 17:48:00,Mobile,0.0
6945,2014,completed,2024-08-21 11:45:00,Desktop,0.0
6946,606,completed,2024-12-01 01:34:00,Mobile,5.99
6947,1396,cancelled,2025-02-08 14:21:00,Tablet,14.99
6948,1070,completed,2025-01-07 18:54:00,Mobile,0.0
6949,2440,completed,2024-07-10 00:30:00,Mobile,5.99
6950,1310,completed,2024-08-10 03:43:00,Mobile,9.99
6951,2037,cancelled,2024-07-23 01:56:00,Desktop,5.99
6952,28,cancelled,2024-07-10 04:40:00,Mobile,9.99
6953,2483,returned,2024-07-22 00:28:00,Desktop,0.0
6954,442,returned,2025-01-09 10:51:00,Mobile,5.99
6955,369,cancelled,2024-08-16 14:27:00,Mobile,0.0
6956,311,completed,2023-09-25 15:29:00,Desktop,0.0
6957,1160,returned,2024-03-12 23:25:00,Desktop,0.0
6958,929,returned,2024-03-25 21:38:00,Mobile,5.99
6959,1468,completed,2024-03-26 04:44:00,Desktop,0.0
6960,2484,cancelled,2024-03-24 15:31:00,Mobile,0.0
6961,235,completed,2023-09-09 21:41:00,Desktop,0.0
6962,1967,completed,2025-06-28 05:04:00,Desktop,0.0
6963,2496,processing,2024-03-02 09:50:00,Desktop,0.0
6964,206,completed,2025-04-14 19:35:00,Mobile,9.99
6965,1453,completed,2024-12-17 02:35:00,Mobile,5.99
6966,1979,completed,2024-08-09 13:56:00,Desktop,5.99
6967,619,completed,2025-03-27 22:35:00,Desktop,9.99
6968,1390,cancelled,2024-03-04 03:51:00,Mobile,5.99
6969,1259,completed,2024-10-26 18:14:00,Desktop,5.99
6970,822,completed,2025-07-29 07:16:00,Mobile,0.0
6971,1536,completed,2025-01-09 08:29:00,Mobile,5.99
6972,2041,cancelled,2024-05-13 18:10:00,Desktop,5.99
6973,1768,completed,2024-01-26 15:18:00,Tablet,0.0
6974,953,completed,2024-07-22 02:01:00,Desktop,9.99
6975,2010,completed,2024-12-07 00:16:00,Mobile,0.0
6976,1495,completed,2024-06-17 17:35:00,Desktop,5.99
6977,599,cancelled,2025-02-04 21:27:00,Mobile,9.99
6978,848,completed,2023-09-25 23:29:00,Mobile,9.99
6979,435,cancelled,2023-08-27 10:25:00,Desktop,0.0
6980,161,completed,2024-06-03 17:03:00,Mobile,0.0
6981,1062,completed,2025-03-06 03:10:00,Desktop,0.0
6982,1479,completed,2025-01-16 08:29:00,Mobile,5.99
6983,780,cancelled,2024-07-21 10:06:00,Tablet,5.99
6984,422,completed,2024-01-28 23:06:00,Mobile,5.99
6985,328,completed,2024-12-09 00:18:00,Mobile,5.99
6986,1997,processing,2025-04-28 10:32:00,Mobile,0.0
6987,2139,completed,2023-12-03 06:39:00,Mobile,9.99
6988,1990,cancelled,2024-09-10 17:06:00,Mobile,14.99
6989,2326,cancelled,2024-12-21 23:41:00,Mobile,0.0
6990,1090,returned,2024-11-23 03:18:00,Mobile,5.99
6991,1390,processing,2023-10-31 08:45:00,Desktop,0.0
6992,1538,completed,2024-08-13 03:47:00,Desktop,5.99
6993,1598,cancelled,2025-02-02 19:01:00,Desktop,5.99
6994,1990,completed,2024-08-01 09:41:00,Mobile,0.0
6995,576,completed,2024-09-29 10:27:00,Mobile,9.99
6996,1331,completed,2024-11-27 14:53:00,Mobile,5.99
6997,1183,processing,2024-08-13 18:42:00,Mobile,5.99
6998,1301,cancelled,2025-02-13 02:25:00,Desktop,0.0
6999,251,completed,2024-03-28 03:54:00,Mobile,5.99
7000,7,cancelled,2025-01-24 18:21:00,Mobile,0.0
7001,1076,processing,2024-06-29 00:47:00,Desktop,9.99
7002,2209,completed,2024-08-05 11:48:00,Mobile,0.0
7003,625,completed,2024-07-03 18:33:00,Mobile,5.99
7004,1178,completed,2024-02-01 14:20:00,Mobile,0.0
7005,1489,completed,2024-01-09 05:07:00,Mobile,9.99
7006,307,cancelled,2023-05-09 07:55:00,Mobile,9.99
7007,301,returned,2024-07-29 02:09:00,Desktop,5.99
7008,417,cancelled,2023-03-24 17:21:00,Mobile,9.99
7009,1186,completed,2024-08-24 19:47:00,Desktop,5.99
7010,1698,completed,2025-03-14 22:25:00,Mobile,5.99
7011,1710,cancelled,2025-04-01 12:44:00,Mobile,5.99
7012,1117,completed,2024-05-22 14:04:00,Mobile,0.0
7013,2434,processing,2023-07-13 08:27:00,Mobile,5.99
7014,1240,completed,2025-06-29 00:26:00,Desktop,9.99
7015,1243,completed,2023-12-30 16:07:00,Desktop,0.0
7016,678,processing,2025-01-11 20:14:00,Desktop,0.0
7017,2410,returned,2025-06-03 11:39:00,Desktop,0.0
7018,1880,returned,2024-05-02 12:26:00,Mobile,9.99
7019,1430,completed,2024-04-06 18:03:00,Desktop,0.0
7020,403,processing,2024-09-09 03:17:00,Mobile,14.99
7021,757,cancelled,2024-10-26 21:27:00,Desktop,14.99
7022,2310,returned,2024-03-19 23:50:00,Mobile,5.99
7023,707,cancelled,2023-02-23 10:12:00,Mobile,5.99
7024,143,completed,2024-01-21 15:49:00,Desktop,0.0
7025,774,completed,2023-11-04 03:11:00,Mobile,0.0
7026,1238,completed,2024-06-29 09:39:00,Desktop,0.0
7027,2450,completed,2024-04-03 07:52:00,Mobile,0.0
7028,602,cancelled,2024-11-07 06:20:00,Desktop,0.0
7029,1552,completed,2024-10-21 05:51:00,Desktop,9.99
7030,1735,processing,2023-01-21 18:37:00,Mobile,5.99
7031,2308,cancelled,2024-11-27 13:47:00,Mobile,0.0
7032,2036,completed,2024-08-22 23:35:00,Desktop,0.0
7033,1947,processing,2024-11-20 13:34:00,Desktop,14.99
7034,2331,completed,2024-06-07 01:51:00,Mobile,5.99
7035,1233,completed,2024-05-04 16:01:00,Mobile,5.99
7036,1664,completed,2024-06-18 23:48:00,Mobile,9.99
7037,2260,completed,2024-11-23 08:57:00,Mobile,9.99
7038,1320,processing,2024-02-12 22:45:00,Mobile,9.99
7039,1799,cancelled,2024-08-02 19:47:00,Mobile,5.99
7040,2448,completed,2024-02-14 05:18:00,Desktop,0.0
7041,2035,completed,2024-02-03 13:43:00,Mobile,0.0
7042,1987,completed,2024-05-14 22:59:00,Mobile,9.99
7043,57,completed,2025-05-09 17:35:00,Desktop,9.99
7044,1441,cancelled,2025-05-18 04:10:00,Desktop,5.99
7045,2020,completed,2025-04-11 19:18:00,Mobile,5.99
7046,459,completed,2024-03-28 23:44:00,Mobile,0.0
7047,1756,cancelled,2023-10-12 05:04:00,Mobile,0.0
7048,2373,processing,2024-01-21 11:59:00,Desktop,5.99
7049,1834,completed,2024-12-08 02:32:00,Mobile,0.0
7050,1839,completed,2024-02-23 05:07:00,Mobile,5.99
7051,275,returned,2023-09-12 08:29:00,Tablet,5.99
7052,266,returned,2024-09-07 08:13:00,Mobile,0.0
7053,406,returned,2025-01-05 00:56:00,Mobile,9.99
7054,451,completed,2024-10-19 10:35:00,Desktop,9.99
7055,2312,completed,2024-08-05 14:06:00,Mobile,5.99
7056,1409,processing,2024-01-29 03:38:00,Tablet,5.99
7057,2037,completed,2024-06-21 17:33:00,Mobile,0.0
7058,1984,cancelled,2024-05-31 04:09:00,Mobile,5.99
7059,1192,returned,2025-06-13 06:30:00,Mobile,5.99
7060,927,processing,2023-05-26 19:07:00,Desktop,9.99
7061,768,processing,2023-06-29 09:14:00,Desktop,0.0
7062,1327,completed,2024-05-26 18:49:00,Desktop,0.0
7063,2312,completed,2025-03-09 17:30:00,Mobile,5.99
7064,2320,processing,2024-10-01 23:17:00,Tablet,9.99
7065,1359,cancelled,2023-09-19 06:16:00,Mobile,9.99
7066,1593,returned,2024-07-09 14:15:00,Tablet,0.0
7067,2252,cancelled,2024-07-03 18:13:00,Mobile,0.0
7068,1011,completed,2025-01-21 17:50:00,Mobile,5.99
7069,331,cancelled,2023-10-16 09:35:00,Mobile,9.99
7070,2338,completed,2023-09-28 11:07:00,Mobile,5.99
7071,1426,completed,2025-04-08 21:14:00,Desktop,0.0
7072,1945,processing,2023-09-17 07:53:00,Mobile,0.0
7073,1192,completed,2024-12-16 21:54:00,Mobile,9.99
7074,822,completed,2025-03-08 00:16:00,Desktop,0.0
7075,266,completed,2025-06-23 20:47:00,Desktop,14.99
7076,732,completed,2024-12-10 13:57:00,Mobile,0.0
7077,2355,completed,2023-07-22 14:26:00,Desktop,9.99
7078,193,completed,2024-09-24 05:15:00,Mobile,5.99
7079,760,completed,2025-11-25 12:44:00,Mobile,5.99
7080,456,returned,2024-10-01 08:02:00,Desktop,0.0
7081,2031,processing,2023-03-21 03:32:00,Tablet,14.99
7082,818,processing,2024-04-10 22:36:00,Desktop,5.99
7083,2480,completed,2024-11-07 02:03:00,Desktop,0.0
7084,665,completed,2024-07-29 19:02:00,Desktop,9.99
7085,688,returned,2024-06-03 14:16:00,Mobile,0.0
7086,1419,cancelled,2024-03-06 08:58:00,Desktop,0.0
7087,2381,completed,2024-12-23 02:23:00,Desktop,5.99
7088,544,returned,2025-08-01 19:57:00,Mobile,5.99
7089,809,completed,2023-09-11 04:44:00,Desktop,14.99
7090,464,completed,2023-10-15 22:48:00,Desktop,5.99
7091,231,completed,2023-08-17 00:09:00,Mobile,9.99
7092,1289,cancelled,2024-07-23 14:16:00,Mobile,0.0
7093,2336,cancelled,2023-12-07 04:42:00,Mobile,5.99
7094,278,processing,2025-04-18 23:37:00,Mobile,5.99
7095,2352,cancelled,2024-01-12 00:37:00,Tablet,5.99
7096,2006,completed,2024-11-08 18:01:00,Tablet,5.99
7097,2207,completed,2024-06-10 14:58:00,Desktop,5.99
7098,1876,completed,2024-11-23 06:27:00,Mobile,0.0
7099,1884,completed,2024-02-03 17:44:00,Desktop,5.99
7100,121,completed,2024-07-08 10:43:00,Desktop,5.99
7101,554,cancelled,2023-08-14 02:53:00,Mobile,5.99
7102,939,processing,2024-05-10 19:07:00,Desktop,9.99
7103,547,completed,2025-03-02 03:57:00,Mobile,0.0
7104,763,processing,2025-05-21 18:52:00,Desktop,9.99
7105,2363,completed,2025-01-28 12:29:00,Mobile,0.0
7106,1599,completed,2024-04-05 04:02:00,Desktop,9.99
7107,1462,completed,2025-05-18 18:55:00,Tablet,5.99
7108,536,completed,2025-01-16 12:37:00,Mobile,5.99
7109,1534,completed,2023-09-22 06:48:00,Mobile,9.99
7110,1052,completed,2024-04-22 07:31:00,Desktop,0.0
7111,2201,cancelled,2023-11-01 09:14:00,Mobile,0.0
7112,2026,processing,2025-01-02 05:57:00,Desktop,0.0
7113,595,completed,2025-02-27 00:09:00,Mobile,0.0
7114,397,cancelled,2024-02-23 02:59:00,Mobile,5.99
7115,771,completed,2024-03-04 01:45:00,Mobile,0.0
7116,1499,completed,2025-06-21 14:31:00,Mobile,9.99
7117,1937,cancelled,2023-03-12 08:10:00,Desktop,0.0
7118,2380,processing,2025-09-08 14:25:00,Desktop,9.99
7119,170,completed,2024-08-16 19:21:00,Desktop,5.99
7120,1602,completed,2025-05-30 11:13:00,Mobile,5.99
7121,2477,completed,2025-01-08 18:30:00,Mobile,0.0
7122,1711,cancelled,2023-08-20 06:43:00,Mobile,0.0
7123,1649,completed,2025-10-18 10:59:00,Desktop,5.99
7124,459,completed,2024-06-16 05:51:00,Mobile,5.99
7125,1293,returned,2024-03-15 10:51:00,Mobile,9.99
7126,566,completed,2025-07-27 14:19:00,Mobile,0.0
7127,2297,completed,2023-11-21 19:21:00,Mobile,0.0
7128,1907,completed,2024-10-31 04:43:00,Tablet,5.99
7129,1002,completed,2024-04-17 05:19:00,Tablet,0.0
7130,1236,cancelled,2023-09-19 13:02:00,Desktop,5.99
7131,1811,returned,2024-10-16 08:16:00,Desktop,5.99
7132,569,cancelled,2024-03-09 13:26:00,Desktop,0.0
7133,587,completed,2024-04-19 17:57:00,Mobile,5.99
7134,565,completed,2023-08-25 14:17:00,Mobile,9.99
7135,9,returned,2023-04-05 17:15:00,Desktop,5.99
7136,269,completed,2025-05-09 02:57:00,Desktop,0.0
7137,1223,completed,2023-11-17 00:10:00,Mobile,14.99
7138,1851,returned,2024-09-16 15:59:00,Mobile,0.0
7139,1923,returned,2023-12-29 06:00:00,Desktop,5.99
7140,662,cancelled,2023-10-12 09:08:00,Mobile,0.0
7141,1271,completed,2023-08-18 23:32:00,Mobile,5.99
7142,1395,completed,2025-06-27 19:47:00,Mobile,9.99
7143,1837,completed,2024-08-28 21:01:00,Desktop,9.99
7144,1032,cancelled,2023-10-15 19:42:00,Desktop,0.0
7145,1621,returned,2023-12-12 02:11:00,Mobile,5.99
7146,265,returned,2024-02-12 17:45:00,Mobile,9.99
7147,196,completed,2025-02-20 17:36:00,Desktop,5.99
7148,1098,completed,2024-05-03 19:44:00,Mobile,0.0
7149,1673,cancelled,2025-03-22 01:56:00,Mobile,0.0
7150,877,completed,2024-09-10 06:30:00,Desktop,0.0
7151,2398,returned,2024-03-20 00:12:00,Tablet,9.99
7152,729,cancelled,2024-01-22 23:01:00,Mobile,5.99
7153,1894,completed,2024-02-03 17:54:00,Mobile,5.99
7154,1,returned,2025-06-11 04:54:00,Mobile,0.0
7155,1405,completed,2023-12-10 03:33:00,Tablet,5.99
7156,975,cancelled,2024-10-10 22:19:00,Mobile,0.0
7157,2412,completed,2023-10-30 20:05:00,Mobile,0.0
7158,771,returned,2023-07-19 12:48:00,Mobile,0.0
7159,1875,completed,2023-09-26 13:23:00,Mobile,9.99
7160,2406,completed,2025-02-12 12:55:00,Mobile,0.0
7161,591,completed,2023-06-21 06:33:00,Mobile,9.99
7162,2060,completed,2024-01-30 13:39:00,Desktop,0.0
7163,1036,returned,2024-12-11 21:17:00,Mobile,0.0
7164,554,returned,2024-03-19 00:35:00,Desktop,0.0
7165,1898,cancelled,2024-07-06 01:08:00,Mobile,9.99
7166,1543,completed,2024-08-09 01:53:00,Tablet,0.0
7167,1482,returned,2025-09-10 12:15:00,Mobile,0.0
7168,332,completed,2023-12-19 12:36:00,Desktop,14.99
7169,1999,cancelled,2024-01-09 14:32:00,Mobile,0.0
7170,988,completed,2024-11-13 04:11:00,Mobile,5.99
7171,2401,returned,2025-08-09 22:49:00,Mobile,5.99
7172,292,completed,2023-05-09 22:49:00,Mobile,9.99
7173,376,processing,2024-03-30 16:41:00,Desktop,0.0
7174,1347,cancelled,2024-10-06 08:58:00,Tablet,0.0
7175,1681,returned,2024-07-28 08:19:00,Desktop,5.99
7176,285,completed,2025-01-13 09:13:00,Desktop,0.0
7177,1923,completed,2024-01-14 12:14:00,Mobile,5.99
7178,2449,processing,2024-02-08 03:27:00,Desktop,0.0
7179,2463,processing,2023-07-23 17:25:00,Mobile,14.99
7180,1776,processing,2024-07-17 18:02:00,Tablet,0.0
7181,1922,cancelled,2024-10-18 00:04:00,Mobile,0.0
7182,57,cancelled,2025-04-08 09:43:00,Mobile,0.0
7183,1499,processing,2025-01-28 00:23:00,Mobile,14.99
7184,385,completed,2024-05-12 01:11:00,Mobile,0.0
7185,2368,completed,2024-03-07 09:27:00,Desktop,0.0
7186,304,completed,2024-11-05 08:21:00,Desktop,0.0
7187,961,returned,2025-09-03 09:36:00,Mobile,5.99
7188,2033,cancelled,2025-02-01 01:20:00,Desktop,9.99
7189,2110,cancelled,2024-03-02 07:16:00,Mobile,0.0
7190,365,completed,2024-11-13 02:35:00,Mobile,14.99
7191,1902,completed,2024-03-25 21:08:00,Tablet,0.0
7192,2353,completed,2024-12-24 10:42:00,Desktop,0.0
7193,106,processing,2023-11-18 03:42:00,Mobile,5.99
7194,50,processing,2023-12-14 11:55:00,Mobile,5.99
7195,1669,returned,2024-01-31 19:36:00,Desktop,0.0
7196,395,cancelled,2025-01-07 03:20:00,Desktop,5.99
7197,1703,processing,2025-07-23 05:55:00,Mobile,14.99
7198,2190,completed,2025-04-19 16:02:00,Desktop,0.0
7199,757,returned,2025-06-09 00:38:00,Desktop,0.0
7200,2424,returned,2023-03-27 15:55:00,Desktop,9.99
7201,1908,processing,2024-12-31 12:35:00,Mobile,0.0
7202,1683,returned,2023-05-12 21:40:00,Mobile,9.99
7203,302,completed,2025-08-20 09:23:00,Mobile,0.0
7204,99,returned,2023-10-30 01:57:00,Desktop,14.99
7205,1447,returned,2023-06-10 01:25:00,Desktop,5.99
7206,1345,completed,2024-11-20 04:54:00,Desktop,5.99
7207,257,completed,2024-10-31 02:06:00,Mobile,5.99
7208,162,returned,2024-03-24 20:11:00,Desktop,0.0
7209,1,completed,2025-07-03 06:41:00,Desktop,5.99
7210,2378,processing,2024-07-05 12:09:00,Mobile,0.0
7211,856,completed,2023-12-27 17:52:00,Mobile,0.0
7212,2114,cancelled,2024-06-27 19:13:00,Mobile,5.99
7213,1632,completed,2025-08-29 02:59:00,Tablet,0.0
7214,611,completed,2024-09-07 15:15:00,Mobile,0.0
7215,239,completed,2024-12-12 08:45:00,Desktop,0.0
7216,831,returned,2025-04-16 05:42:00,Tablet,14.99
7217,154,completed,2024-03-28 12:51:00,Desktop,0.0
7218,36,returned,2025-02-23 22:53:00,Mobile,0.0
7219,317,returned,2023-06-03 20:57:00,Desktop,9.99
7220,1501,completed,2025-02-03 13:06:00,Mobile,0.0
7221,1508,completed,2025-02-22 15:37:00,Desktop,0.0
7222,335,completed,2025-04-07 10:20:00,Mobile,0.0
7223,2196,completed,2024-01-23 18:17:00,Desktop,0.0
7224,125,completed,2024-03-14 12:20:00,Desktop,9.99
7225,1750,returned,2024-10-12 05:16:00,Mobile,0.0
7226,2370,cancelled,2023-09-13 06:37:00,Mobile,5.99
7227,2283,returned,2023-12-30 03:17:00,Desktop,0.0
7228,1443,processing,2024-08-08 07:19:00,Mobile,5.99
7229,1816,processing,2024-01-27 19:43:00,Desktop,5.99
7230,1476,cancelled,2024-07-18 01:11:00,Mobile,5.99
7231,1465,returned,2025-06-14 07:46:00,Desktop,0.0
7232,1910,returned,2023-11-24 16:43:00,Desktop,5.99
7233,1419,completed,2024-02-29 19:55:00,Mobile,5.99
7234,2237,returned,2024-11-13 23:51:00,Mobile,5.99
7235,515,completed,2024-06-23 09:09:00,Mobile,0.0
7236,2132,completed,2024-10-22 20:06:00,Tablet,5.99
7237,377,processing,2025-10-23 17:27:00,Mobile,5.99
7238,1602,completed,2024-07-10 01:59:00,Desktop,9.99
7239,1375,completed,2023-11-23 21:26:00,Mobile,0.0
7240,1342,completed,2025-02-19 07:20:00,Mobile,0.0
7241,1263,returned,2024-08-25 14:34:00,Desktop,5.99
7242,2351,completed,2023-11-09 12:14:00,Mobile,0.0
7243,356,processing,2024-10-14 11:12:00,Desktop,0.0
7244,1264,completed,2024-07-30 09:09:00,Desktop,5.99
7245,2481,returned,2023-07-25 23:31:00,Desktop,9.99
7246,1752,cancelled,2023-05-25 07:14:00,Desktop,0.0
7247,9,completed,2023-10-11 23:45:00,Desktop,0.0
7248,1558,processing,2024-06-01 03:19:00,Mobile,0.0
7249,652,completed,2023-03-27 02:04:00,Tablet,0.0
7250,206,completed,2025-03-26 08:42:00,Desktop,0.0
7251,592,processing,2024-10-02 23:27:00,Desktop,9.99
7252,1260,cancelled,2024-07-18 08:58:00,Mobile,9.99
7253,836,completed,2024-04-17 05:12:00,Desktop,5.99
7254,1524,completed,2024-06-05 05:31:00,Mobile,5.99
7255,388,completed,2023-08-16 20:28:00,Mobile,5.99
7256,657,cancelled,2024-12-26 09:03:00,Desktop,5.99
7257,66,returned,2024-09-12 07:14:00,Mobile,0.0
7258,573,completed,2024-04-09 20:17:00,Desktop,0.0
7259,1536,completed,2025-03-21 11:37:00,Mobile,14.99
7260,1600,completed,2023-12-25 03:47:00,Mobile,0.0
7261,1303,processing,2023-07-06 17:39:00,Desktop,0.0
7262,958,completed,2024-07-29 09:02:00,Tablet,5.99
7263,184,completed,2023-02-18 22:11:00,Mobile,5.99
7264,1097,completed,2024-10-02 17:41:00,Desktop,5.99
7265,2090,completed,2024-05-14 12:05:00,Mobile,0.0
7266,1436,processing,2024-04-29 14:02:00,Mobile,5.99
7267,365,processing,2024-05-17 18:39:00,Mobile,0.0
7268,137,cancelled,2023-11-26 17:01:00,Desktop,0.0
7269,1997,cancelled,2025-01-20 00:13:00,Desktop,5.99
7270,812,completed,2024-09-11 19:26:00,Mobile,5.99
7271,1285,completed,2024-02-08 21:07:00,Tablet,0.0
7272,2006,returned,2025-01-17 03:58:00,Desktop,5.99
7273,203,processing,2025-07-28 12:30:00,Mobile,9.99
7274,1970,returned,2025-01-27 23:40:00,Mobile,5.99
7275,427,completed,2024-03-31 20:02:00,Desktop,0.0
7276,1212,completed,2024-02-12 03:25:00,Mobile,0.0
7277,1616,completed,2024-04-16 03:56:00,Mobile,0.0
7278,1865,completed,2023-06-26 05:12:00,Mobile,5.99
7279,1340,completed,2025-02-17 05:43:00,Desktop,0.0
7280,378,completed,2025-02-21 06:37:00,Tablet,9.99
7281,1449,completed,2023-07-06 12:33:00,Desktop,0.0
7282,1316,cancelled,2024-10-04 19:25:00,Desktop,0.0
7283,2373,completed,2024-05-09 07:00:00,Desktop,0.0
7284,1055,cancelled,2024-02-19 08:06:00,Desktop,0.0
7285,403,completed,2024-07-08 09:36:00,Tablet,0.0
7286,1180,completed,2025-08-27 19:23:00,Mobile,0.0
7287,1755,returned,2023-11-18 18:19:00,Mobile,0.0
7288,1184,cancelled,2024-09-08 17:20:00,Mobile,5.99
7289,1186,completed,2024-05-13 23:28:00,Mobile,9.99
7290,1317,completed,2024-12-06 19:24:00,Tablet,5.99
7291,1987,completed,2024-07-11 09:33:00,Tablet,5.99
7292,1912,cancelled,2025-06-12 14:11:00,Tablet,0.0
7293,782,cancelled,2024-07-19 20:28:00,Mobile,0.0
7294,2311,completed,2024-01-28 02:50:00,Desktop,0.0
7295,2137,completed,2023-11-04 08:25:00,Desktop,5.99
7296,379,cancelled,2023-06-11 09:04:00,Mobile,0.0
7297,854,processing,2023-08-20 22:56:00,Mobile,9.99
7298,2290,completed,2025-06-14 01:36:00,Mobile,14.99
7299,78,completed,2025-02-17 06:33:00,Desktop,0.0
7300,598,completed,2024-11-02 00:52:00,Mobile,0.0
7301,1556,completed,2024-08-14 01:44:00,Mobile,9.99
7302,1688,cancelled,2023-05-14 01:00:00,Mobile,0.0
7303,267,returned,2024-01-09 23:15:00,Desktop,0.0
7304,172,completed,2024-02-03 03:46:00,Desktop,5.99
7305,2328,completed,2023-04-21 13:23:00,Mobile,5.99
7306,1099,completed,2025-01-12 17:01:00,Mobile,0.0
7307,2487,returned,2025-04-12 15:23:00,Mobile,9.99
7308,1306,cancelled,2024-05-21 03:12:00,Desktop,0.0
7309,1626,completed,2024-11-03 04:50:00,Desktop,0.0
7310,1984,completed,2024-12-30 15:12:00,Desktop,5.99
7311,1662,processing,2024-09-29 01:01:00,Desktop,0.0
7312,2020,cancelled,2025-04-20 04:31:00,Mobile,0.0
7313,1814,completed,2025-06-01 23:41:00,Mobile,5.99
7314,2318,cancelled,2025-03-07 23:37:00,Desktop,0.0
7315,1581,cancelled,2025-07-02 17:45:00,Mobile,5.99
7316,206,processing,2025-08-22 14:24:00,Desktop,5.99
7317,629,completed,2024-10-28 11:01:00,Desktop,0.0
7318,2436,completed,2024-04-06 23:51:00,Mobile,0.0
7319,827,processing,2024-03-26 17:04:00,Mobile,0.0
7320,1129,completed,2024-11-30 22:57:00,Tablet,0.0
7321,2056,completed,2023-12-16 00:55:00,Mobile,5.99
7322,1026,completed,2023-07-20 23:07:00,Mobile,0.0
7323,1719,completed,2024-09-18 00:44:00,Mobile,5.99
7324,2387,processing,2025-07-27 04:12:00,Mobile,0.0
7325,812,completed,2024-10-25 21:58:00,Desktop,0.0
7326,2285,completed,2023-07-03 20:54:00,Desktop,5.99
7327,24,processing,2024-12-21 18:41:00,Desktop,9.99
7328,2233,completed,2024-01-06 18:16:00,Desktop,0.0
7329,143,processing,2023-09-20 02:03:00,Mobile,9.99
7330,621,processing,2025-03-03 15:05:00,Desktop,5.99
7331,566,processing,2025-01-09 17:43:00,Desktop,9.99
7332,1146,completed,2025-06-20 11:43:00,Desktop,5.99
7333,1001,completed,2025-08-09 21:09:00,Mobile,9.99
7334,1722,completed,2024-03-05 06:43:00,Mobile,9.99
7335,66,returned,2024-04-24 05:36:00,Desktop,0.0
7336,2308,completed,2024-05-01 22:01:00,Mobile,0.0
7337,418,completed,2025-09-04 09:39:00,Desktop,0.0
7338,1521,completed,2023-10-18 10:52:00,Desktop,0.0
7339,2125,completed,2024-07-30 19:15:00,Mobile,5.99
7340,2423,returned,2023-11-28 17:43:00,Desktop,0.0
7341,1614,completed,2023-11-10 05:09:00,Mobile,0.0
7342,1660,completed,2023-10-13 20:50:00,Desktop,0.0
7343,2259,completed,2025-06-13 20:20:00,Desktop,0.0
7344,2195,completed,2025-01-12 06:40:00,Desktop,9.99
7345,965,completed,2023-05-24 21:58:00,Mobile,0.0
7346,2476,completed,2023-04-06 16:11:00,Desktop,0.0
7347,2097,returned,2024-10-24 22:58:00,Tablet,0.0
7348,693,returned,2024-05-20 16:19:00,Desktop,9.99
7349,400,processing,2024-12-23 19:43:00,Desktop,5.99
7350,2359,completed,2023-08-18 22:16:00,Mobile,14.99
7351,30,processing,2023-10-15 02:25:00,Mobile,0.0
7352,715,completed,2023-08-13 03:17:00,Desktop,5.99
7353,2177,completed,2023-12-07 17:36:00,Desktop,14.99
7354,2031,processing,2023-05-01 10:48:00,Mobile,0.0
7355,1697,returned,2024-10-11 10:51:00,Mobile,5.99
7356,112,completed,2023-12-15 15:26:00,Mobile,5.99
7357,552,completed,2025-02-26 01:26:00,Tablet,5.99
7358,2041,completed,2024-03-22 11:28:00,Desktop,0.0
7359,71,completed,2025-05-14 17:49:00,Mobile,5.99
7360,907,completed,2025-03-22 03:57:00,Desktop,5.99
7361,715,completed,2023-10-01 03:11:00,Mobile,5.99
7362,2028,completed,2024-05-11 15:27:00,Desktop,0.0
7363,2434,completed,2024-02-03 23:32:00,Mobile,0.0
7364,2119,completed,2023-10-28 00:51:00,Desktop,0.0
7365,1343,completed,2025-03-07 00:09:00,Mobile,9.99
7366,435,completed,2023-08-21 02:18:00,Desktop,5.99
7367,1434,completed,2023-03-03 08:08:00,Mobile,5.99
7368,2292,completed,2024-10-22 03:56:00,Desktop,5.99
7369,567,processing,2024-09-25 03:28:00,Desktop,5.99
7370,1680,cancelled,2023-07-29 03:30:00,Mobile,5.99
7371,2423,completed,2024-01-21 18:25:00,Desktop,9.99
7372,2169,completed,2025-03-14 06:31:00,Mobile,0.0
7373,21,completed,2024-07-22 13:57:00,Mobile,0.0
7374,372,completed,2023-12-29 20:32:00,Desktop,0.0
7375,261,completed,2024-01-05 16:36:00,Mobile,9.99
7376,1437,processing,2024-04-10 09:33:00,Mobile,0.0
7377,1936,completed,2024-12-10 19:37:00,Mobile,5.99
7378,1026,processing,2023-05-03 18:59:00,Mobile,9.99
7379,1361,completed,2025-09-03 20:50:00,Tablet,5.99
7380,1512,completed,2023-11-15 00:52:00,Mobile,5.99
7381,29,completed,2024-06-29 15:36:00,Mobile,0.0
7382,612,processing,2025-06-08 10:33:00,Mobile,5.99
7383,2023,completed,2024-12-16 11:47:00,Mobile,5.99
7384,85,completed,2023-08-16 01:52:00,Mobile,0.0
7385,773,returned,2024-03-16 05:52:00,Desktop,5.99
7386,1387,processing,2023-07-31 09:02:00,Mobile,5.99
7387,1624,completed,2025-06-24 15:45:00,Tablet,5.99
7388,18,completed,2023-10-26 21:35:00,Desktop,5.99
7389,1348,completed,2025-03-04 13:34:00,Desktop,14.99
7390,1049,returned,2024-09-09 12:49:00,Desktop,0.0
7391,909,cancelled,2024-03-08 11:02:00,Mobile,9.99
7392,616,cancelled,2025-05-06 14:49:00,Desktop,5.99
7393,832,processing,2024-06-24 06:47:00,Mobile,0.0
7394,1274,returned,2024-12-21 12:32:00,Mobile,0.0
7395,1300,completed,2023-06-15 23:28:00,Desktop,0.0
7396,889,completed,2024-07-14 05:46:00,Mobile,0.0
7397,618,cancelled,2024-02-28 12:50:00,Mobile,14.99
7398,2098,completed,2025-01-17 07:46:00,Desktop,0.0
7399,1418,completed,2023-11-01 16:48:00,Mobile,0.0
7400,340,completed,2025-07-13 07:53:00,Desktop,5.99
7401,1210,completed,2024-01-30 05:20:00,Mobile,9.99
7402,1239,completed,2024-01-23 20:25:00,Mobile,9.99
7403,1472,completed,2024-07-23 08:04:00,Desktop,0.0
7404,1741,completed,2023-11-08 22:53:00,Mobile,0.0
7405,507,completed,2024-11-06 10:19:00,Mobile,0.0
7406,330,completed,2024-01-02 03:28:00,Mobile,0.0
7407,1305,completed,2024-01-17 18:33:00,Mobile,5.99
7408,400,processing,2025-04-05 14:39:00,Desktop,5.99
7409,448,completed,2024-06-01 13:46:00,Desktop,0.0
7410,1959,completed,2024-04-05 16:47:00,Mobile,9.99
7411,599,completed,2025-07-19 07:26:00,Desktop,5.99
7412,1676,cancelled,2024-02-07 12:49:00,Mobile,0.0
7413,1574,completed,2023-12-03 14:23:00,Mobile,9.99
7414,1688,cancelled,2023-07-04 11:48:00,Mobile,14.99
7415,460,completed,2024-04-01 05:04:00,Mobile,9.99
7416,438,completed,2024-12-02 22:45:00,Mobile,5.99
7417,986,completed,2024-04-30 23:00:00,Desktop,5.99
7418,1158,completed,2024-08-31 10:14:00,Desktop,0.0
7419,1997,completed,2025-06-12 01:20:00,Mobile,5.99
7420,2028,processing,2023-12-09 20:56:00,Mobile,0.0
7421,564,returned,2023-09-07 23:45:00,Mobile,5.99
7422,2344,completed,2024-05-09 18:59:00,Desktop,9.99
7423,12,returned,2024-02-04 04:32:00,Desktop,5.99
7424,2219,completed,2023-12-21 17:45:00,Mobile,9.99
7425,2248,cancelled,2025-05-20 11:19:00,Mobile,0.0
7426,101,completed,2024-05-07 10:06:00,Mobile,0.0
7427,1409,completed,2023-09-19 01:29:00,Tablet,0.0
7428,74,processing,2023-06-10 20:27:00,Mobile,9.99
7429,899,completed,2024-11-27 08:39:00,Mobile,5.99
7430,1593,processing,2024-08-08 17:40:00,Mobile,5.99
7431,1717,processing,2023-09-13 02:30:00,Mobile,5.99
7432,851,cancelled,2024-03-08 04:25:00,Mobile,9.99
7433,2184,cancelled,2025-03-07 04:34:00,Mobile,0.0
7434,827,cancelled,2024-06-17 06:34:00,Desktop,14.99
7435,2101,cancelled,2025-07-25 19:22:00,Mobile,5.99
7436,1444,processing,2023-07-23 23:09:00,Mobile,9.99
7437,699,processing,2023-06-30 10:49:00,Mobile,0.0
7438,1353,completed,2023-03-30 22:31:00,Mobile,5.99
7439,2470,completed,2025-06-30 12:34:00,Mobile,5.99
7440,1442,completed,2025-05-28 16:23:00,Mobile,0.0
7441,2335,returned,2024-05-30 10:36:00,Desktop,0.0
7442,978,cancelled,2024-06-24 20:34:00,Tablet,5.99
7443,2268,completed,2024-11-05 12:08:00,Mobile,5.99
7444,714,cancelled,2023-11-29 20:59:00,Mobile,0.0
7445,1539,returned,2024-12-23 18:41:00,Mobile,0.0
7446,2218,completed,2024-10-27 05:09:00,Mobile,9.99
7447,776,completed,2024-12-30 18:41:00,Mobile,5.99
7448,2187,completed,2024-03-22 02:52:00,Mobile,5.99
7449,310,completed,2024-03-02 05:12:00,Desktop,0.0
7450,2006,completed,2024-06-24 15:27:00,Desktop,9.99
7451,2185,processing,2024-07-01 06:54:00,Desktop,9.99
7452,1188,completed,2024-08-24 19:32:00,Mobile,5.99
7453,1363,returned,2025-03-27 02:40:00,Mobile,5.99
7454,1341,completed,2025-05-10 05:29:00,Desktop,0.0
7455,666,completed,2024-04-10 16:05:00,Mobile,0.0
7456,217,processing,2023-09-13 06:47:00,Mobile,5.99
7457,1212,completed,2023-07-22 16:26:00,Mobile,0.0
7458,1014,completed,2023-11-05 21:06:00,Mobile,5.99
7459,1716,completed,2023-08-28 18:28:00,Mobile,0.0
7460,1046,completed,2024-11-06 04:22:00,Desktop,5.99
7461,390,completed,2025-08-17 12:53:00,Desktop,5.99
7462,184,cancelled,2023-07-13 20:16:00,Mobile,9.99
7463,160,completed,2025-01-13 18:49:00,Desktop,0.0
7464,314,processing,2025-09-03 01:27:00,Mobile,14.99
7465,1036,completed,2024-06-30 17:41:00,Mobile,5.99
7466,1974,processing,2023-09-28 09:01:00,Mobile,9.99
7467,1123,processing,2025-02-14 18:59:00,Mobile,5.99
7468,1610,completed,2024-09-29 14:54:00,Desktop,0.0
7469,1315,processing,2024-05-07 00:14:00,Mobile,0.0
7470,2163,completed,2024-03-20 23:35:00,Mobile,5.99
7471,2039,returned,2024-08-21 05:39:00,Mobile,0.0
7472,1015,processing,2023-12-01 07:05:00,Mobile,5.99
7473,2453,processing,2024-10-09 05:44:00,Mobile,5.99
7474,7,returned,2025-02-28 05:00:00,Desktop,5.99
7475,1224,cancelled,2024-04-29 07:39:00,Mobile,0.0
7476,2403,completed,2025-02-16 21:25:00,Desktop,0.0
7477,1317,completed,2024-08-17 07:06:00,Mobile,0.0
7478,1475,processing,2025-05-28 04:18:00,Mobile,5.99
7479,952,completed,2024-11-22 18:49:00,Desktop,0.0
7480,2355,completed,2023-03-16 17:51:00,Mobile,0.0
7481,1388,completed,2024-02-13 02:49:00,Mobile,0.0
7482,2259,cancelled,2024-12-22 14:24:00,Desktop,5.99
7483,1856,completed,2024-12-23 15:40:00,Mobile,14.99
7484,1363,returned,2024-10-20 17:05:00,Desktop,5.99
7485,1920,processing,2025-08-04 22:55:00,Desktop,0.0
7486,683,completed,2024-07-06 00:57:00,Mobile,0.0
7487,1832,completed,2024-12-04 05:30:00,Mobile,9.99
7488,1402,processing,2023-08-18 07:08:00,Mobile,0.0
7489,1641,returned,2025-03-09 10:52:00,Mobile,5.99
7490,1386,returned,2024-04-29 21:04:00,Mobile,5.99
7491,2389,returned,2025-05-31 08:15:00,Tablet,5.99
7492,2038,completed,2023-08-19 22:48:00,Desktop,0.0
7493,1664,completed,2024-06-27 12:05:00,Mobile,5.99
7494,1509,completed,2023-01-20 07:54:00,Mobile,9.99
7495,1166,returned,2023-11-29 18:46:00,Mobile,5.99
7496,2214,completed,2024-03-12 08:15:00,Mobile,0.0
7497,2256,cancelled,2024-12-09 20:57:00,Mobile,5.99
7498,2049,processing,2023-03-05 09:15:00,Desktop,0.0
7499,1212,cancelled,2023-06-04 15:04:00,Desktop,9.99
7500,2238,completed,2024-01-09 08:32:00,Desktop,0.0
7501,2155,returned,2025-08-10 19:47:00,Mobile,0.0
7502,181,completed,2024-01-23 10:20:00,Mobile,0.0
7503,727,completed,2024-11-08 12:28:00,Mobile,5.99
7504,1417,completed,2023-11-22 08:12:00,Mobile,5.99
7505,1088,cancelled,2024-10-16 07:29:00,Mobile,9.99
7506,2315,returned,2025-06-03 14:32:00,Mobile,5.99
7507,333,completed,2024-05-24 20:10:00,Mobile,5.99
7508,1018,returned,2023-12-15 12:26:00,Mobile,0.0
7509,1908,completed,2025-10-28 08:06:00,Desktop,14.99
7510,779,returned,2025-04-03 08:59:00,Desktop,9.99
7511,407,completed,2024-05-05 10:40:00,Desktop,0.0
7512,830,processing,2024-11-13 09:11:00,Mobile,0.0
7513,2500,returned,2024-02-13 00:25:00,Desktop,9.99
7514,2457,returned,2023-07-02 11:24:00,Mobile,0.0
7515,121,cancelled,2024-01-09 08:38:00,Desktop,5.99
7516,1317,completed,2024-11-16 08:06:00,Mobile,0.0
7517,2007,completed,2024-06-30 08:54:00,Desktop,0.0
7518,1028,completed,2024-08-16 06:36:00,Mobile,5.99
7519,2176,completed,2023-06-04 16:22:00,Mobile,0.0
7520,1084,completed,2024-04-13 00:01:00,Mobile,5.99
7521,1705,returned,2024-04-29 06:03:00,Mobile,5.99
7522,1407,returned,2023-09-08 14:14:00,Desktop,0.0
7523,682,returned,2024-06-28 10:38:00,Mobile,0.0
7524,2291,completed,2025-09-12 01:37:00,Mobile,5.99
7525,1540,completed,2024-10-18 10:32:00,Mobile,0.0
7526,2212,returned,2025-02-25 09:01:00,Mobile,5.99
7527,976,cancelled,2024-06-29 12:26:00,Mobile,9.99
7528,960,processing,2025-06-25 03:01:00,Mobile,9.99
7529,690,processing,2024-12-20 03:37:00,Mobile,5.99
7530,84,returned,2024-01-22 05:11:00,Mobile,0.0
7531,2287,completed,2024-10-31 06:39:00,Desktop,5.99
7532,683,returned,2024-05-05 23:59:00,Desktop,5.99
7533,1266,completed,2024-11-04 11:59:00,Desktop,0.0
7534,2210,completed,2024-10-31 10:58:00,Desktop,0.0
7535,1741,completed,2023-09-21 05:57:00,Mobile,0.0
7536,122,cancelled,2025-05-03 13:09:00,Mobile,5.99
7537,2002,completed,2025-01-03 15:24:00,Desktop,5.99
7538,845,completed,2024-06-08 15:42:00,Desktop,5.99
7539,1689,returned,2024-01-20 06:34:00,Mobile,9.99
7540,341,completed,2024-11-22 08:45:00,Mobile,0.0
7541,432,completed,2023-09-19 17:10:00,Mobile,9.99
7542,683,completed,2025-01-02 09:48:00,Mobile,5.99
7543,46,cancelled,2024-08-27 22:37:00,Desktop,0.0
7544,583,cancelled,2024-09-17 06:49:00,Desktop,5.99
7545,2389,completed,2025-08-06 14:31:00,Desktop,0.0
7546,119,completed,2024-10-19 03:08:00,Mobile,5.99
7547,458,completed,2023-06-02 18:26:00,Mobile,5.99
7548,28,processing,2024-06-30 22:05:00,Mobile,0.0
7549,1606,completed,2025-08-12 12:33:00,Mobile,0.0
7550,2416,completed,2024-08-29 04:47:00,Mobile,5.99
7551,131,returned,2023-08-21 14:02:00,Desktop,0.0
7552,48,completed,2023-11-15 23:11:00,Tablet,9.99
7553,880,processing,2025-02-06 15:34:00,Mobile,0.0
7554,655,cancelled,2024-09-13 07:57:00,Mobile,5.99
7555,105,completed,2023-07-06 23:24:00,Mobile,0.0
7556,2290,returned,2025-08-08 21:50:00,Mobile,5.99
7557,1559,completed,2024-12-21 05:35:00,Mobile,0.0
7558,404,completed,2023-08-31 16:25:00,Mobile,0.0
7559,1834,completed,2025-02-01 17:50:00,Desktop,9.99
7560,62,processing,2023-07-23 21:35:00,Desktop,5.99
7561,643,processing,2024-10-25 11:20:00,Mobile,0.0
7562,2162,completed,2024-11-26 07:55:00,Tablet,0.0
7563,333,completed,2023-09-20 15:37:00,Desktop,5.99
7564,1033,completed,2023-07-31 16:52:00,Mobile,0.0
7565,295,returned,2023-09-19 07:39:00,Mobile,0.0
7566,1267,completed,2024-05-22 14:06:00,Mobile,9.99
7567,744,completed,2025-01-08 07:44:00,Mobile,0.0
7568,937,completed,2025-02-23 09:34:00,Desktop,5.99
7569,1176,completed,2024-12-16 11:41:00,Mobile,5.99
7570,1481,completed,2024-08-27 13:50:00,Desktop,0.0
7571,1915,completed,2024-02-21 23:35:00,Mobile,0.0
7572,747,returned,2024-02-29 06:34:00,Desktop,9.99
7573,1529,returned,2024-11-11 15:57:00,Desktop,9.99
7574,1427,completed,2024-05-15 01:08:00,Desktop,5.99
7575,46,returned,2024-06-03 15:54:00,Mobile,14.99
7576,682,completed,2024-06-13 21:12:00,Mobile,9.99
7577,2331,completed,2025-03-11 03:43:00,Mobile,5.99
7578,118,cancelled,2024-03-25 05:31:00,Mobile,0.0
7579,1408,processing,2024-12-27 07:15:00,Mobile,9.99
7580,1933,cancelled,2025-02-05 13:50:00,Mobile,5.99
7581,2019,cancelled,2023-10-10 23:39:00,Mobile,0.0
7582,1509,completed,2023-12-14 13:26:00,Mobile,9.99
7583,1713,returned,2024-12-31 00:37:00,Mobile,0.0
7584,2249,completed,2023-02-11 03:35:00,Mobile,0.0
7585,894,completed,2023-12-08 14:56:00,Mobile,0.0
7586,2435,cancelled,2023-08-11 05:20:00,Desktop,0.0
7587,2437,completed,2023-02-21 00:16:00,Mobile,0.0
7588,1379,completed,2024-06-02 14:03:00,Desktop,0.0
7589,562,completed,2025-01-10 19:54:00,Mobile,0.0
7590,104,completed,2025-01-20 06:08:00,Desktop,14.99
7591,779,completed,2025-06-03 04:45:00,Desktop,5.99
7592,1502,completed,2025-02-03 06:36:00,Mobile,5.99
7593,1454,completed,2025-01-30 03:09:00,Desktop,0.0
7594,2170,completed,2023-10-12 02:57:00,Mobile,0.0
7595,1511,returned,2024-11-06 18:59:00,Mobile,0.0
7596,966,processing,2024-06-11 13:04:00,Mobile,0.0
7597,898,completed,2024-08-12 16:39:00,Mobile,5.99
7598,1199,completed,2023-07-22 08:03:00,Desktop,9.99
7599,1651,completed,2024-04-08 23:40:00,Desktop,5.99
7600,875,cancelled,2023-03-13 23:00:00,Desktop,0.0
7601,350,completed,2023-07-19 09:34:00,Mobile,5.99
7602,1833,processing,2025-07-07 11:58:00,Mobile,0.0
7603,1198,completed,2024-03-22 13:36:00,Mobile,0.0
7604,1032,cancelled,2023-11-07 17:57:00,Mobile,0.0
7605,11,completed,2024-12-23 17:40:00,Tablet,0.0
7606,910,cancelled,2023-05-12 12:30:00,Tablet,5.99
7607,135,processing,2024-04-28 15:24:00,Tablet,0.0
7608,2284,completed,2024-05-08 07:17:00,Desktop,5.99
7609,1113,completed,2023-11-26 01:39:00,Mobile,5.99
7610,1890,completed,2024-09-19 12:48:00,Desktop,9.99
7611,1835,cancelled,2023-09-19 21:36:00,Mobile,5.99
7612,1963,processing,2024-12-15 08:19:00,Mobile,0.0
7613,2374,completed,2024-11-19 06:15:00,Mobile,0.0
7614,2023,processing,2024-09-28 00:04:00,Mobile,5.99
7615,2010,completed,2024-05-02 04:41:00,Tablet,0.0
7616,2111,completed,2024-03-31 09:04:00,Desktop,9.99
7617,1404,completed,2023-12-28 04:37:00,Desktop,9.99
7618,226,completed,2024-01-28 20:30:00,Desktop,9.99
7619,954,completed,2023-11-17 03:53:00,Mobile,0.0
7620,1015,cancelled,2023-08-16 16:17:00,Mobile,5.99
7621,999,cancelled,2025-03-31 04:44:00,Desktop,0.0
7622,2224,completed,2023-07-09 23:48:00,Desktop,0.0
7623,1740,completed,2024-11-27 19:14:00,Mobile,5.99
7624,2300,completed,2023-12-04 16:53:00,Mobile,0.0
7625,1790,completed,2023-06-25 02:33:00,Desktop,0.0
7626,1274,completed,2024-09-21 17:38:00,Mobile,5.99
7627,815,completed,2024-10-03 16:20:00,Mobile,14.99
7628,1448,completed,2023-09-23 10:27:00,Mobile,14.99
7629,409,cancelled,2023-12-16 01:57:00,Mobile,9.99
7630,1045,completed,2025-05-21 23:43:00,Desktop,0.0
7631,1747,returned,2024-11-05 22:31:00,Desktop,9.99
7632,1399,completed,2024-05-10 01:11:00,Desktop,0.0
7633,1410,completed,2025-07-09 01:56:00,Mobile,5.99
7634,196,completed,2025-01-04 10:59:00,Desktop,5.99
7635,390,completed,2025-11-11 08:15:00,Mobile,5.99
7636,449,processing,2024-12-18 02:19:00,Desktop,0.0
7637,319,processing,2025-03-26 03:32:00,Desktop,0.0
7638,2205,completed,2023-07-04 20:24:00,Mobile,5.99
7639,1230,completed,2023-11-24 19:38:00,Mobile,5.99
7640,2190,returned,2024-11-28 15:49:00,Desktop,9.99
7641,1653,completed,2023-10-02 20:11:00,Mobile,9.99
7642,2266,completed,2023-07-09 09:03:00,Desktop,0.0
7643,342,processing,2024-08-26 11:18:00,Mobile,0.0
7644,333,processing,2024-01-18 10:55:00,Mobile,0.0
7645,1919,completed,2024-05-30 02:14:00,Mobile,5.99
7646,2075,completed,2024-07-09 07:29:00,Mobile,0.0
7647,2164,returned,2025-05-08 05:55:00,Mobile,0.0
7648,750,processing,2024-11-03 14:59:00,Desktop,0.0
7649,2399,completed,2023-10-05 13:29:00,Desktop,0.0
7650,143,processing,2024-02-25 14:51:00,Mobile,5.99
7651,418,completed,2024-09-18 12:30:00,Mobile,5.99
7652,587,completed,2024-06-08 19:43:00,Tablet,0.0
7653,1025,completed,2024-12-30 00:06:00,Mobile,0.0
7654,255,completed,2025-06-13 04:09:00,Desktop,5.99
7655,2141,processing,2025-02-01 16:15:00,Mobile,5.99
7656,261,completed,2024-01-23 06:54:00,Desktop,5.99
7657,2411,processing,2024-01-23 06:23:00,Desktop,5.99
7658,2057,completed,2024-02-16 16:11:00,Mobile,5.99
7659,2166,completed,2024-10-03 20:58:00,Desktop,5.99
7660,1062,completed,2025-03-10 22:53:00,Desktop,0.0
7661,2258,completed,2024-11-17 04:14:00,Mobile,0.0
7662,1327,completed,2023-12-17 22:30:00,Desktop,9.99
7663,1757,completed,2023-07-23 10:17:00,Mobile,0.0
7664,2347,returned,2025-02-11 18:03:00,Mobile,0.0
7665,1601,processing,2023-11-08 14:00:00,Desktop,0.0
7666,865,completed,2024-05-05 17:37:00,Desktop,5.99
7667,719,completed,2023-06-04 09:34:00,Mobile,5.99
7668,2240,returned,2024-10-14 20:44:00,Mobile,5.99
7669,2220,completed,2025-04-10 19:55:00,Desktop,14.99
7670,557,returned,2024-01-27 10:20:00,Mobile,9.99
7671,2168,cancelled,2025-06-30 19:35:00,Mobile,0.0
7672,648,completed,2023-12-21 21:59:00,Mobile,0.0
7673,1698,processing,2025-07-14 13:57:00,Mobile,0.0
7674,907,completed,2025-05-18 00:25:00,Mobile,5.99
7675,786,cancelled,2023-04-12 10:19:00,Mobile,0.0
7676,21,processing,2025-02-03 07:01:00,Desktop,0.0
7677,283,completed,2024-09-06 12:39:00,Mobile,9.99
7678,889,cancelled,2025-03-07 16:21:00,Mobile,9.99
7679,2232,processing,2025-01-03 20:19:00,Tablet,0.0
7680,1273,completed,2023-10-21 05:47:00,Desktop,0.0
7681,1698,completed,2025-06-21 06:37:00,Mobile,0.0
7682,308,completed,2024-02-19 00:00:00,Mobile,0.0
7683,1395,cancelled,2025-01-28 02:06:00,Mobile,5.99
7684,199,processing,2024-10-19 00:14:00,Mobile,0.0
7685,1916,completed,2024-07-24 17:30:00,Desktop,14.99
7686,1410,completed,2025-05-31 06:20:00,Mobile,9.99
7687,1800,completed,2025-06-29 14:33:00,Mobile,14.99
7688,393,completed,2024-10-14 10:04:00,Mobile,0.0
7689,11,returned,2024-09-16 21:33:00,Mobile,5.99
7690,2053,returned,2024-01-17 12:02:00,Desktop,0.0
7691,1945,completed,2023-12-10 17:38:00,Tablet,0.0
7692,2402,completed,2023-08-31 10:49:00,Mobile,9.99
7693,2371,completed,2023-10-04 22:25:00,Mobile,0.0
7694,332,returned,2024-01-29 10:01:00,Tablet,0.0
7695,107,returned,2023-12-25 16:22:00,Desktop,14.99
7696,1200,processing,2024-11-21 00:25:00,Desktop,0.0
7697,2241,completed,2023-12-03 10:34:00,Desktop,5.99
7698,376,completed,2024-04-20 04:54:00,Mobile,0.0
7699,571,completed,2024-01-31 13:52:00,Tablet,5.99
7700,2492,completed,2023-05-07 16:22:00,Desktop,0.0
7701,1727,completed,2025-04-23 20:13:00,Desktop,14.99
7702,2491,completed,2023-07-05 17:28:00,Desktop,5.99
7703,1952,returned,2023-12-12 21:16:00,Desktop,0.0
7704,819,completed,2023-03-22 11:31:00,Desktop,9.99
7705,1882,completed,2023-06-09 09:55:00,Mobile,0.0
7706,351,completed,2025-07-28 07:49:00,Mobile,14.99
7707,1332,processing,2025-01-21 11:29:00,Mobile,0.0
7708,1404,completed,2023-07-21 02:42:00,Mobile,5.99
7709,675,completed,2025-07-09 15:19:00,Mobile,5.99
7710,1816,completed,2023-07-28 14:55:00,Desktop,9.99
7711,1636,cancelled,2025-10-06 12:57:00,Mobile,5.99
7712,1637,completed,2024-05-03 22:34:00,Desktop,0.0
7713,437,cancelled,2024-06-14 00:54:00,Mobile,9.99
7714,1444,completed,2024-05-03 15:20:00,Desktop,0.0
7715,1586,returned,2025-09-03 18:26:00,Mobile,5.99
7716,410,processing,2025-01-16 07:02:00,Desktop,5.99
7717,133,completed,2024-02-01 12:32:00,Mobile,5.99
7718,487,processing,2023-09-16 09:25:00,Mobile,0.0
7719,691,processing,2023-11-22 05:03:00,Mobile,0.0
7720,2117,completed,2024-08-17 13:54:00,Mobile,9.99
7721,921,returned,2023-03-18 14:07:00,Mobile,5.99
7722,2478,cancelled,2025-02-02 18:31:00,Desktop,0.0
7723,535,processing,2025-06-27 05:41:00,Mobile,9.99
7724,1053,processing,2024-11-11 13:01:00,Desktop,5.99
7725,347,processing,2024-07-18 23:52:00,Tablet,5.99
7726,2245,cancelled,2024-02-12 14:06:00,Desktop,0.0
7727,2271,completed,2024-10-12 08:37:00,Mobile,9.99
7728,1369,completed,2024-05-09 03:40:00,Mobile,0.0
7729,1055,cancelled,2023-12-03 09:40:00,Mobile,5.99
7730,1301,returned,2025-07-22 04:31:00,Desktop,5.99
7731,1567,cancelled,2024-07-21 20:02:00,Mobile,14.99
7732,1181,processing,2024-10-19 12:10:00,Mobile,9.99
7733,2047,completed,2023-07-01 13:03:00,Desktop,14.99
7734,2041,completed,2023-11-05 15:25:00,Mobile,9.99
7735,345,completed,2023-11-17 17:01:00,Desktop,0.0
7736,2379,completed,2025-06-24 08:39:00,Desktop,0.0
7737,408,cancelled,2024-02-03 10:58:00,Mobile,5.99
7738,719,completed,2023-03-23 16:04:00,Desktop,0.0
7739,1862,cancelled,2023-11-24 21:55:00,Desktop,9.99
7740,2197,completed,2024-09-06 22:17:00,Desktop,14.99
7741,1810,processing,2023-11-26 08:04:00,Mobile,0.0
7742,1639,completed,2024-02-21 06:43:00,Desktop,0.0
7743,2340,returned,2025-08-09 05:35:00,Mobile,0.0
7744,1184,completed,2024-12-07 19:04:00,Mobile,0.0
7745,1634,completed,2025-05-17 07:47:00,Desktop,14.99
7746,886,completed,2023-09-24 16:37:00,Desktop,5.99
7747,1727,cancelled,2024-11-21 23:57:00,Mobile,0.0
7748,1793,cancelled,2024-06-28 02:28:00,Mobile,0.0
7749,711,completed,2023-10-25 21:34:00,Tablet,14.99
7750,411,completed,2024-11-09 23:22:00,Mobile,9.99
7751,1644,completed,2024-09-29 09:23:00,Mobile,5.99
7752,1157,completed,2023-12-16 15:07:00,Mobile,0.0
7753,2264,completed,2025-02-07 08:52:00,Mobile,0.0
7754,649,completed,2023-05-04 02:15:00,Mobile,0.0
7755,489,completed,2024-06-26 08:54:00,Desktop,5.99
7756,1097,processing,2024-05-23 15:20:00,Mobile,5.99
7757,1386,completed,2024-06-23 00:21:00,Mobile,9.99
7758,2304,completed,2023-10-29 07:28:00,Mobile,0.0
7759,1982,cancelled,2024-06-19 21:32:00,Mobile,0.0
7760,2086,completed,2023-09-03 02:42:00,Mobile,9.99
7761,1648,completed,2025-02-03 10:53:00,Desktop,9.99
7762,236,returned,2023-11-04 09:00:00,Tablet,0.0
7763,2067,completed,2024-07-25 08:05:00,Mobile,5.99
7764,1648,cancelled,2025-02-07 22:30:00,Mobile,14.99
7765,1879,completed,2024-08-09 07:31:00,Desktop,9.99
7766,1356,completed,2023-08-15 05:32:00,Mobile,5.99
7767,1293,completed,2023-09-24 06:49:00,Mobile,0.0
7768,386,completed,2024-01-29 11:10:00,Tablet,5.99
7769,206,completed,2025-06-01 16:20:00,Desktop,9.99
7770,2067,processing,2024-03-27 13:34:00,Mobile,0.0
7771,2484,returned,2024-11-13 09:31:00,Mobile,5.99
7772,2317,completed,2025-07-14 17:53:00,Desktop,5.99
7773,34,processing,2023-09-21 06:40:00,Desktop,5.99
7774,846,completed,2024-09-24 12:41:00,Mobile,5.99
7775,516,returned,2023-10-19 23:38:00,Mobile,0.0
7776,485,processing,2024-06-12 19:34:00,Mobile,9.99
7777,2171,completed,2024-11-23 10:09:00,Desktop,0.0
7778,831,completed,2025-01-17 19:27:00,Desktop,5.99
7779,1895,completed,2024-06-27 23:04:00,Mobile,0.0
7780,106,completed,2024-04-03 19:03:00,Desktop,5.99
7781,642,cancelled,2024-02-16 17:42:00,Desktop,0.0
7782,1172,returned,2024-07-21 12:15:00,Mobile,0.0
7783,225,returned,2025-07-12 01:07:00,Desktop,9.99
7784,1328,returned,2024-05-31 13:37:00,Mobile,0.0
7785,1871,completed,2024-01-01 07:46:00,Mobile,9.99
7786,1068,completed,2024-06-15 19:08:00,Desktop,9.99
7787,375,returned,2023-09-29 05:02:00,Desktop,9.99
7788,1652,cancelled,2024-03-25 01:36:00,Tablet,0.0
7789,640,cancelled,2024-11-27 14:56:00,Mobile,5.99
7790,38,completed,2024-04-29 23:10:00,Mobile,0.0
7791,1800,completed,2025-07-08 00:04:00,Desktop,5.99
7792,2,returned,2024-06-01 13:29:00,Mobile,14.99
7793,2203,returned,2024-07-25 03:30:00,Mobile,0.0
7794,1690,completed,2023-09-28 20:06:00,Desktop,0.0
7795,1136,returned,2025-06-29 07:57:00,Desktop,9.99
7796,712,returned,2025-02-11 10:15:00,Desktop,0.0
7797,1762,completed,2025-04-09 01:51:00,Mobile,5.99
7798,1702,processing,2025-11-06 23:01:00,Mobile,5.99
7799,2299,completed,2025-07-02 18:20:00,Desktop,0.0
7800,1606,completed,2025-02-09 20:39:00,Desktop,9.99
7801,177,cancelled,2025-08-22 15:51:00,Mobile,5.99
7802,2013,cancelled,2023-11-04 14:42:00,Mobile,0.0
7803,1909,completed,2024-12-09 02:44:00,Mobile,0.0
7804,914,cancelled,2023-11-18 15:05:00,Mobile,5.99
7805,993,completed,2024-05-15 15:16:00,Mobile,5.99
7806,385,returned,2025-02-03 09:23:00,Mobile,5.99
7807,165,completed,2024-05-06 18:51:00,Mobile,9.99
7808,1586,completed,2025-10-02 16:33:00,Desktop,14.99
7809,425,processing,2024-09-06 18:35:00,Desktop,5.99
7810,588,cancelled,2023-08-09 09:49:00,Mobile,0.0
7811,2276,completed,2024-01-29 08:50:00,Mobile,0.0
7812,1156,completed,2025-02-15 23:40:00,Mobile,5.99
7813,617,completed,2024-10-28 19:29:00,Desktop,5.99
7814,285,processing,2024-12-11 13:17:00,Mobile,0.0
7815,841,returned,2024-01-30 19:49:00,Mobile,5.99
7816,1537,completed,2024-01-13 17:28:00,Desktop,9.99
7817,629,completed,2024-09-14 21:12:00,Mobile,5.99
7818,836,completed,2024-05-26 12:30:00,Mobile,5.99
7819,2099,returned,2023-08-31 10:45:00,Mobile,14.99
7820,982,completed,2024-09-15 12:14:00,Mobile,9.99
7821,2097,completed,2024-10-25 05:52:00,Mobile,0.0
7822,1753,completed,2024-07-21 18:35:00,Desktop,0.0
7823,1985,completed,2024-09-23 20:37:00,Mobile,0.0
7824,1000,completed,2024-04-07 08:17:00,Desktop,5.99
7825,1663,completed,2024-04-03 14:28:00,Desktop,5.99
7826,2303,processing,2023-09-25 06:49:00,Mobile,0.0
7827,1783,completed,2025-02-26 19:29:00,Desktop,0.0
7828,1533,completed,2024-06-19 17:11:00,Desktop,5.99
7829,1577,completed,2023-10-08 21:39:00,Mobile,0.0
7830,815,completed,2024-07-23 18:46:00,Desktop,5.99
7831,1071,cancelled,2023-12-07 18:06:00,Desktop,0.0
7832,2207,returned,2024-02-23 17:07:00,Mobile,0.0
7833,792,completed,2023-04-04 11:16:00,Mobile,0.0
7834,1028,completed,2024-11-25 22:01:00,Mobile,9.99
7835,895,completed,2024-05-09 09:02:00,Mobile,0.0
7836,804,completed,2024-11-15 03:03:00,Mobile,5.99
7837,2132,completed,2024-02-28 17:42:00,Desktop,0.0
7838,469,completed,2023-11-05 20:01:00,Mobile,0.0
7839,84,returned,2024-01-14 16:06:00,Mobile,5.99
7840,1235,completed,2023-12-25 04:26:00,Desktop,5.99
7841,1099,returned,2024-11-03 09:02:00,Mobile,5.99
7842,2402,returned,2023-07-06 11:48:00,Mobile,9.99
7843,1543,completed,2024-10-29 09:56:00,Mobile,5.99
7844,981,completed,2025-06-18 20:56:00,Tablet,0.0
7845,645,completed,2023-07-27 07:01:00,Mobile,0.0
7846,363,completed,2025-01-28 04:53:00,Mobile,0.0
7847,2076,completed,2024-11-02 18:46:00,Desktop,9.99
7848,872,returned,2024-06-04 14:33:00,Mobile,0.0
7849,1070,completed,2025-05-08 22:41:00,Mobile,0.0
7850,1398,processing,2023-06-25 03:04:00,Mobile,5.99
7851,1399,completed,2024-05-08 16:23:00,Desktop,5.99
7852,2419,completed,2023-09-14 22:22:00,Mobile,5.99
7853,656,completed,2025-04-06 01:09:00,Mobile,0.0
7854,1622,completed,2025-02-28 13:56:00,Mobile,5.99
7855,1473,cancelled,2024-11-01 03:59:00,Desktop,9.99
7856,1769,completed,2025-04-24 23:51:00,Mobile,0.0
7857,2068,completed,2024-11-17 16:31:00,Desktop,0.0
7858,1118,returned,2024-04-26 00:24:00,Tablet,0.0
7859,1832,returned,2024-07-29 18:08:00,Mobile,9.99
7860,21,cancelled,2024-10-06 18:25:00,Mobile,9.99
7861,962,completed,2024-02-23 17:01:00,Desktop,0.0
7862,479,completed,2025-05-30 15:48:00,Mobile,5.99
7863,523,processing,2025-04-17 15:27:00,Mobile,5.99
7864,1804,processing,2025-04-09 06:34:00,Mobile,0.0
7865,831,processing,2025-04-15 22:10:00,Mobile,9.99
7866,30,returned,2024-07-23 00:26:00,Desktop,0.0
7867,1479,completed,2025-08-04 13:43:00,Mobile,0.0
7868,2381,cancelled,2024-09-11 23:39:00,Mobile,0.0
7869,2289,completed,2025-05-27 21:07:00,Desktop,0.0
7870,2440,cancelled,2023-11-16 05:40:00,Mobile,0.0
7871,545,cancelled,2023-04-27 13:32:00,Desktop,5.99
7872,484,completed,2025-06-27 01:08:00,Mobile,0.0
7873,2356,cancelled,2025-03-13 10:30:00,Mobile,5.99
7874,1214,completed,2024-08-27 09:16:00,Mobile,0.0
7875,120,completed,2024-02-27 22:54:00,Mobile,9.99
7876,928,completed,2024-03-22 05:23:00,Desktop,0.0
7877,482,returned,2025-03-30 15:50:00,Desktop,5.99
7878,190,completed,2023-10-09 12:00:00,Mobile,5.99
7879,2252,completed,2023-09-14 23:06:00,Desktop,5.99
7880,681,completed,2025-01-27 03:04:00,Mobile,5.99
7881,361,completed,2024-07-06 14:44:00,Mobile,9.99
7882,172,completed,2023-09-28 01:49:00,Mobile,14.99
7883,28,completed,2024-08-13 22:36:00,Desktop,0.0
7884,1383,completed,2025-04-08 20:39:00,Desktop,0.0
7885,945,completed,2023-12-25 09:10:00,Desktop,0.0
7886,1500,processing,2024-09-06 00:24:00,Desktop,0.0
7887,290,returned,2023-04-15 21:33:00,Desktop,5.99
7888,1061,returned,2024-06-01 06:23:00,Mobile,0.0
7889,142,completed,2023-11-29 06:34:00,Mobile,0.0
7890,279,returned,2024-08-21 18:30:00,Mobile,5.99
7891,1969,completed,2024-01-05 05:08:00,Mobile,0.0
7892,1559,processing,2024-12-12 11:17:00,Desktop,9.99
7893,2388,completed,2024-10-17 07:27:00,Mobile,5.99
7894,875,completed,2023-08-19 21:17:00,Mobile,0.0
7895,1957,completed,2024-11-09 17:01:00,Mobile,0.0
7896,685,completed,2025-03-04 16:04:00,Desktop,0.0
7897,906,completed,2024-07-17 06:47:00,Mobile,0.0
7898,856,completed,2023-10-24 09:02:00,Desktop,0.0
7899,184,processing,2023-10-01 22:28:00,Desktop,5.99
7900,639,processing,2025-02-14 12:44:00,Desktop,14.99
7901,1236,cancelled,2024-02-03 11:23:00,Mobile,0.0
7902,1610,cancelled,2024-09-11 04:53:00,Mobile,5.99
7903,708,processing,2024-03-28 18:27:00,Desktop,0.0
7904,1194,completed,2023-11-21 03:58:00,Desktop,0.0
7905,132,completed,2024-03-08 22:44:00,Desktop,5.99
7906,1732,completed,2024-08-18 02:08:00,Desktop,0.0
7907,1070,returned,2024-11-23 09:03:00,Desktop,0.0
7908,1586,completed,2025-06-02 22:23:00,Desktop,9.99
7909,1277,returned,2023-11-29 15:57:00,Mobile,5.99
7910,349,completed,2024-07-24 08:34:00,Desktop,0.0
7911,333,processing,2023-11-06 15:27:00,Mobile,0.0
7912,1084,completed,2023-11-01 21:12:00,Mobile,5.99
7913,1133,completed,2024-08-12 07:00:00,Desktop,0.0
7914,2053,completed,2023-12-28 11:02:00,Mobile,9.99
7915,1890,completed,2025-01-21 00:13:00,Mobile,0.0
7916,2273,cancelled,2024-11-14 09:56:00,Mobile,0.0
7917,261,completed,2023-10-10 12:32:00,Mobile,14.99
7918,567,completed,2024-02-29 06:11:00,Mobile,0.0
7919,1731,completed,2025-01-30 16:53:00,Desktop,9.99
7920,866,completed,2023-09-04 18:07:00,Mobile,9.99
7921,269,completed,2024-12-28 19:54:00,Desktop,0.0
7922,2061,completed,2023-12-16 10:28:00,Desktop,0.0
7923,1228,returned,2025-03-16 05:07:00,Mobile,0.0
7924,585,completed,2024-06-04 05:18:00,Desktop,5.99
7925,2188,cancelled,2023-08-15 13:51:00,Desktop,14.99
7926,385,cancelled,2024-12-11 23:25:00,Desktop,5.99
7927,244,completed,2024-10-22 19:28:00,Mobile,0.0
7928,1343,processing,2024-11-12 07:03:00,Mobile,5.99
7929,531,completed,2023-08-12 04:26:00,Tablet,5.99
7930,272,completed,2024-09-07 06:02:00,Mobile,0.0
7931,640,completed,2025-02-08 06:26:00,Desktop,5.99
7932,1450,cancelled,2025-04-14 12:46:00,Mobile,0.0
7933,305,returned,2024-02-23 18:25:00,Mobile,0.0
7934,2339,returned,2025-01-10 04:43:00,Tablet,0.0
7935,2062,returned,2024-12-03 17:39:00,Desktop,5.99
7936,606,cancelled,2025-06-01 22:59:00,Desktop,0.0
7937,320,completed,2025-09-27 19:10:00,Desktop,5.99
7938,24,completed,2025-03-22 03:02:00,Tablet,0.0
7939,2376,returned,2025-02-28 14:44:00,Tablet,5.99
7940,2344,completed,2024-11-22 06:43:00,Desktop,5.99
7941,14,completed,2023-08-14 11:24:00,Desktop,5.99
7942,394,completed,2024-01-03 08:16:00,Desktop,0.0
7943,1137,completed,2024-02-15 04:02:00,Mobile,0.0
7944,388,completed,2023-12-17 12:14:00,Desktop,0.0
7945,1957,completed,2024-08-30 08:32:00,Tablet,9.99
7946,861,completed,2023-12-02 09:46:00,Mobile,0.0
7947,2194,completed,2024-09-27 09:30:00,Desktop,0.0
7948,1862,completed,2024-02-18 17:03:00,Mobile,0.0
7949,683,cancelled,2024-03-18 15:02:00,Mobile,0.0
7950,1856,cancelled,2025-01-26 05:25:00,Mobile,0.0
7951,456,completed,2024-12-04 09:06:00,Desktop,5.99
7952,2432,returned,2024-06-09 17:48:00,Mobile,5.99
7953,648,completed,2024-03-17 20:26:00,Desktop,5.99
7954,2306,cancelled,2024-03-25 18:37:00,Mobile,5.99
7955,996,cancelled,2024-09-16 05:33:00,Mobile,0.0
7956,178,completed,2024-12-20 14:32:00,Mobile,5.99
7957,432,completed,2024-01-22 06:30:00,Mobile,0.0
7958,1900,cancelled,2024-11-10 08:45:00,Mobile,0.0
7959,101,returned,2023-11-03 11:03:00,Desktop,5.99
7960,1120,completed,2023-09-07 17:09:00,Mobile,5.99
7961,2281,processing,2024-12-25 12:24:00,Mobile,0.0
7962,775,processing,2025-02-19 01:29:00,Desktop,0.0
7963,2391,completed,2025-05-03 19:01:00,Mobile,5.99
7964,2156,returned,2024-07-11 04:50:00,Desktop,0.0
7965,1847,returned,2025-03-05 18:12:00,Mobile,9.99
7966,1099,completed,2024-09-27 21:14:00,Desktop,5.99
7967,849,cancelled,2024-11-13 20:04:00,Mobile,0.0
7968,897,returned,2025-05-27 11:04:00,Mobile,0.0
7969,2280,completed,2025-04-08 13:01:00,Desktop,5.99
7970,577,completed,2023-06-06 17:56:00,Mobile,5.99
7971,2336,completed,2024-08-06 11:39:00,Mobile,9.99
7972,1140,processing,2024-05-11 09:15:00,Mobile,0.0
7973,365,completed,2024-08-16 03:15:00,Mobile,0.0
7974,574,completed,2023-11-21 01:34:00,Desktop,0.0
7975,1050,completed,2025-08-24 04:21:00,Mobile,0.0
7976,1885,completed,2023-11-27 14:45:00,Mobile,0.0
7977,1598,cancelled,2024-11-04 06:44:00,Mobile,14.99
7978,68,cancelled,2023-10-18 05:37:00,Desktop,0.0
7979,1184,completed,2025-01-20 17:19:00,Desktop,0.0
7980,1819,returned,2023-08-27 11:44:00,Mobile,5.99
7981,1625,returned,2023-11-25 07:40:00,Desktop,0.0
7982,1759,returned,2024-02-21 00:50:00,Desktop,0.0
7983,1786,completed,2024-12-27 04:42:00,Mobile,0.0
7984,1355,completed,2023-07-29 00:15:00,Mobile,5.99
7985,462,cancelled,2023-07-09 00:52:00,Desktop,0.0
7986,1918,cancelled,2024-08-05 09:15:00,Mobile,0.0
7987,1134,completed,2024-03-22 22:06:00,Desktop,0.0
7988,1428,completed,2023-09-30 18:31:00,Desktop,0.0
7989,1505,cancelled,2024-01-31 16:29:00,Desktop,9.99
7990,1573,processing,2025-05-07 06:17:00,Mobile,5.99
7991,510,completed,2025-01-01 14:36:00,Desktop,5.99
7992,69,completed,2023-04-05 08:24:00,Mobile,5.99
7993,1960,cancelled,2025-05-16 18:20:00,Mobile,5.99
7994,1960,completed,2025-09-04 03:26:00,Desktop,0.0
7995,1979,returned,2024-02-28 17:35:00,Mobile,0.0
7996,1395,completed,2025-10-30 12:25:00,Mobile,9.99
7997,2223,processing,2024-01-21 23:14:00,Mobile,0.0
7998,2459,cancelled,2024-06-03 19:15:00,Desktop,5.99
7999,1583,returned,2024-03-12 13:29:00,Mobile,0.0
8000,490,returned,2023-06-05 14:31:00,Mobile,9.99
