payment_id,order_id,payment_method,payment_status,amount,payment_timestamp
1,1,PayPal,success,359.13,2025-03-23 08:54:00
2,2,Apple Pay,success,1188.89,2024-07-31 00:36:00
3,3,Apple Pay,failed,430.21,2023-07-19 21:06:00
4,4,Credit Card,success,286.65,2024-01-03 18:42:00
5,5,Apple Pay,success,62.83,2025-02-10 18:26:00
6,6,Credit Card,success,214.58,2025-08-17 08:40:00
7,7,Credit Card,success,445.97,2024-12-04 15:28:00
8,8,Credit Card,success,228.1,2025-06-03 13:07:00
9,9,Bank Transfer,success,897.88,2024-11-18 23:56:00
10,10,Credit Card,success,20.73,2023-11-13 10:24:00
11,11,Credit Card,success,1684.96,2024-11-24 06:16:00
12,12,Credit Card,success,50.32,2025-09-06 11:42:00
13,13,Credit Card,success,339.85,2024-04-18 05:26:00
14,14,Apple Pay,success,898.5,2024-07-01 14:40:00
15,15,PayPal,success,822.6,2023-06-16 07:49:00
16,16,PayPal,success,903.87,2024-11-23 04:44:00
17,17,Crypto,success,906.7,2023-10-28 01:02:00
18,18,Credit Card,success,350.43,2024-04-28 01:49:00
19,19,Credit Card,success,293.8,2025-04-03 10:16:00
20,20,Crypto,success,309.71,2024-04-22 17:55:00
21,21,Credit Card,failed,65.86,2024-11-03 06:59:00
22,22,PayPal,success,188.19,2023-12-26 02:37:00
23,23,Apple Pay,success,543.89,2023-12-13 20:21:00
24,24,Credit Card,success,974.16,2025-10-04 11:12:00
25,25,Credit Card,failed,1505.84,2024-11-07 23:44:00
26,26,Apple Pay,success,1878.43,2024-08-14 15:58:00
27,27,PayPal,success,359.13,2024-05-26 08:09:00
28,28,PayPal,success,408.7,2024-02-26 11:16:00
29,29,Credit Card,success,379.83,2025-09-13 05:06:00
30,30,PayPal,success,622.33,2023-07-01 05:49:00
31,31,PayPal,success,327.63,2023-01-07 18:51:00
32,32,Credit Card,success,327.63,2024-01-27 08:23:00
33,33,Credit Card,success,404.41,2025-09-20 17:55:00
34,34,Credit Card,success,618.82,2024-05-10 09:15:00
35,35,Credit Card,success,324.88,2024-10-22 05:26:00
36,36,Credit Card,failed,523.04,2024-05-10 06:19:00
37,37,Credit Card,success,70.43,2024-06-14 12:30:00
38,38,Credit Card,success,598.11,2023-09-23 23:41:00
39,39,PayPal,success,577.02,2024-04-13 07:37:00
40,40,Credit Card,success,225.17,2025-01-05 07:37:00
41,41,Credit Card,success,195.16,2023-11-22 04:03:00
42,42,Credit Card,success,540.33,2024-07-28 16:22:00
43,43,Credit Card,success,191.82,2025-04-21 14:15:00
44,44,PayPal,failed,2161.98,2023-09-01 00:03:00
45,45,Credit Card,success,81.31,2024-08-21 07:30:00
46,46,PayPal,success,613.08,2025-06-13 11:28:00
47,47,Credit Card,success,90.94,2024-03-23 15:57:00
48,48,Credit Card,success,114.67,2025-07-02 22:37:00
49,49,Credit Card,success,395.11,2023-10-07 01:30:00
50,50,Credit Card,success,607.16,2025-03-16 12:28:00
51,51,Credit Card,success,104.88,2024-04-08 17:55:00
52,52,Credit Card,failed,798.97,2023-08-14 00:50:00
53,53,PayPal,success,575.82,2023-07-28 05:52:00
54,54,Credit Card,success,448.46,2023-11-21 00:46:00
55,55,PayPal,failed,424.34,2024-09-23 12:09:00
56,56,Credit Card,success,1679.25,2025-03-29 20:46:00
57,57,Apple Pay,success,855.49,2023-04-10 04:33:00
58,58,PayPal,success,778.53,2024-03-16 10:10:00
59,59,PayPal,success,448.94,2025-01-17 20:51:00
60,60,Apple Pay,success,359.15,2023-10-04 18:34:00
61,61,PayPal,success,182.48,2025-02-15 05:10:00
62,62,Apple Pay,success,1123.36,2023-11-23 11:50:00
63,63,Apple Pay,success,642.31,2024-07-04 09:24:00
64,64,Credit Card,success,1226.95,2024-02-10 19:32:00
65,65,Apple Pay,success,255.28,2025-03-14 06:04:00
66,66,Credit Card,success,568.03,2025-02-09 23:18:00
67,67,Credit Card,success,689.01,2024-07-13 22:22:00
68,68,PayPal,success,390.36,2025-09-15 01:19:00
69,69,Bank Transfer,success,132.38,2024-09-05 13:39:00
70,70,Credit Card,success,424.65,2025-05-15 02:22:00
71,71,Bank Transfer,success,206.97,2025-04-26 08:02:00
72,72,Crypto,success,266.63,2023-12-19 04:09:00
73,73,PayPal,success,319.61,2024-10-25 07:37:00
74,74,Credit Card,success,288.11,2023-11-28 23:16:00
75,75,Credit Card,success,451.46,2025-04-24 21:43:00
76,76,Credit Card,success,493.92,2025-07-10 07:41:00
77,77,Credit Card,success,504.83,2025-05-14 17:09:00
78,78,Crypto,failed,613.15,2024-12-10 15:43:00
79,79,Apple Pay,success,620.93,2024-06-24 05:22:00
80,80,Credit Card,success,374.34,2024-06-08 15:59:00
81,81,Bank Transfer,success,324.88,2024-02-11 01:32:00
82,82,Apple Pay,failed,89.37,2023-12-04 22:09:00
83,83,Credit Card,success,266.08,2024-02-13 20:43:00
84,84,Credit Card,failed,279.79,2023-06-16 08:36:00
85,85,Credit Card,success,76.42,2023-07-25 07:19:00
86,86,PayPal,failed,188.28,2024-06-01 13:59:00
87,87,Apple Pay,success,144.89,2024-04-09 03:17:00
88,88,PayPal,failed,458.94,2023-09-09 10:10:00
89,89,Credit Card,success,404.05,2024-05-17 03:04:00
90,90,Credit Card,failed,287.3,2024-03-12 15:33:00
91,91,PayPal,failed,100.82,2023-10-17 09:49:00
92,92,Apple Pay,success,500.01,2025-02-15 12:56:00
93,93,PayPal,success,244.18,2024-10-23 05:17:00
94,94,Credit Card,success,148.97,2023-10-13 03:09:00
95,95,Credit Card,success,280.66,2024-03-16 19:08:00
96,96,Crypto,failed,326.44,2024-11-05 23:29:00
97,97,PayPal,success,851.81,2024-09-10 16:25:00
98,98,Credit Card,success,248.61,2023-06-10 14:37:00
99,99,PayPal,success,411.01,2024-11-28 21:32:00
100,100,Credit Card,success,244.61,2025-02-10 05:07:00
101,101,Credit Card,failed,112.42,2025-02-17 15:04:00
102,102,Credit Card,success,406.65,2024-12-14 06:44:00
103,103,Credit Card,success,990.42,2023-12-08 00:29:00
104,104,Credit Card,failed,384.08,2025-08-11 16:26:00
105,105,Credit Card,success,238.09,2023-11-05 21:14:00
106,106,PayPal,success,1327.78,2024-06-19 09:00:00
107,107,PayPal,failed,219.19,2023-03-26 07:11:00
108,108,Crypto,success,168.21,2023-07-03 10:54:00
109,109,Apple Pay,success,410.7,2023-10-11 13:51:00
110,110,Credit Card,failed,418.26,2025-03-05 17:27:00
111,111,Bank Transfer,success,1543.93,2023-12-06 12:33:00
112,112,Credit Card,success,448.94,2025-01-15 06:34:00
113,113,PayPal,success,244.61,2024-01-27 16:21:00
114,114,PayPal,success,430.57,2023-02-26 13:13:00
115,115,Credit Card,success,159.55,2024-01-01 19:56:00
116,116,Credit Card,success,545.99,2024-09-28 15:47:00
117,117,PayPal,failed,445.97,2025-02-20 14:20:00
118,118,PayPal,success,439.14,2024-01-13 06:51:00
119,119,Credit Card,success,244.61,2024-03-13 06:54:00
120,120,Credit Card,success,374.23,2025-10-02 06:55:00
121,121,Apple Pay,success,767.95,2023-06-13 14:25:00
122,122,Credit Card,success,408.25,2024-04-12 02:46:00
123,123,PayPal,success,215.19,2024-11-29 22:34:00
124,124,Credit Card,success,786.96,2023-08-13 23:16:00
125,125,Credit Card,success,1187.36,2024-09-21 20:29:00
126,126,PayPal,success,631.26,2023-08-12 10:49:00
127,127,Credit Card,success,220.75,2025-06-02 02:48:00
128,128,Credit Card,failed,485.64,2024-02-13 11:10:00
129,129,Credit Card,success,179.94,2024-06-08 03:14:00
130,130,PayPal,success,399.06,2025-08-26 10:44:00
131,131,Credit Card,success,1293.42,2024-09-28 20:17:00
132,132,Credit Card,success,56.75,2024-09-25 04:59:00
133,133,PayPal,failed,380.8,2025-08-20 01:40:00
134,134,PayPal,success,1266.82,2023-05-02 06:06:00
135,135,Crypto,success,209.04,2023-11-27 20:22:00
136,136,Credit Card,failed,1125.31,2025-09-18 07:27:00
137,137,Credit Card,success,1123.31,2024-08-03 06:01:00
138,138,Credit Card,success,374.81,2024-08-26 03:19:00
139,139,PayPal,success,280.66,2023-09-26 10:56:00
140,140,Credit Card,success,589.31,2024-08-16 14:10:00
141,141,Apple Pay,failed,731.2,2024-04-29 06:22:00
142,142,PayPal,success,230.52,2024-09-06 01:35:00
143,143,Credit Card,success,244.86,2024-05-02 11:57:00
144,144,Credit Card,success,1275.47,2025-06-06 17:36:00
145,145,Bank Transfer,failed,468.05,2024-12-17 22:23:00
146,146,Apple Pay,failed,194.27,2023-12-02 23:42:00
147,147,PayPal,success,1060.27,2024-11-05 08:21:00
148,148,Credit Card,success,407.16,2023-11-05 08:45:00
149,149,Apple Pay,success,650.78,2024-10-22 06:07:00
150,150,Credit Card,success,899.54,2024-06-04 10:32:00
151,151,Credit Card,success,410.91,2023-11-14 15:09:00
152,152,Credit Card,success,1019.16,2024-10-12 19:14:00
153,153,PayPal,failed,130.7,2024-06-17 15:54:00
154,154,Credit Card,success,501.67,2023-10-25 20:35:00
155,155,Credit Card,success,1246.4,2025-08-31 04:42:00
156,156,Credit Card,success,207.65,2023-12-11 15:07:00
157,157,Credit Card,success,822.02,2025-07-29 05:59:00
158,158,Apple Pay,success,461.55,2025-01-17 01:06:00
159,159,Credit Card,success,764.99,2023-06-11 15:15:00
160,160,Credit Card,success,478.06,2025-05-19 19:59:00
161,161,PayPal,success,482.92,2023-11-17 22:06:00
162,162,Credit Card,success,464.47,2023-08-24 20:13:00
163,163,PayPal,failed,139.03,2024-03-23 00:14:00
164,164,Apple Pay,success,109.88,2024-03-03 05:42:00
165,165,Credit Card,success,298.3,2023-09-16 03:44:00
166,166,Credit Card,success,81.11,2024-05-19 19:18:00
167,167,Credit Card,success,411.7,2025-05-31 19:59:00
168,168,Credit Card,success,643.92,2024-09-30 22:53:00
169,169,Apple Pay,success,476.15,2024-08-29 10:45:00
170,170,Credit Card,success,204.04,2024-04-18 22:15:00
171,171,Credit Card,success,378.87,2023-09-11 17:41:00
172,172,Credit Card,success,244.92,2024-11-29 14:20:00
173,173,PayPal,failed,481.26,2023-07-28 19:33:00
174,174,Credit Card,success,43.4,2025-06-16 13:26:00
175,175,Credit Card,success,424.34,2024-01-30 14:59:00
176,176,Credit Card,success,525.39,2023-11-03 08:40:00
177,177,Credit Card,success,388.03,2024-08-13 17:24:00
178,178,PayPal,failed,139.03,2025-02-10 08:47:00
179,179,Credit Card,success,604.56,2025-02-07 13:36:00
180,180,PayPal,failed,342.33,2024-06-19 06:04:00
181,181,Apple Pay,success,563.21,2025-03-06 20:22:00
182,182,PayPal,success,561.32,2023-10-01 08:44:00
183,183,Credit Card,success,793.82,2025-01-14 12:05:00
184,184,Credit Card,success,290.09,2023-11-16 22:11:00
185,185,PayPal,success,387.83,2024-04-12 22:08:00
186,186,PayPal,success,1700.91,2024-02-25 04:16:00
187,187,PayPal,success,309.71,2024-11-03 03:28:00
188,188,Credit Card,success,410.91,2024-06-22 23:41:00
189,189,Credit Card,success,477.24,2025-01-06 11:19:00
190,190,PayPal,success,997.37,2024-12-31 23:43:00
191,191,Apple Pay,failed,814.41,2024-03-06 08:03:00
192,192,Credit Card,success,52.1,2024-09-06 06:27:00
193,193,Credit Card,success,483.19,2024-09-16 03:11:00
194,194,Apple Pay,success,48.07,2023-12-09 08:24:00
195,195,Credit Card,success,810.76,2025-04-23 16:14:00
196,196,Credit Card,success,795.37,2023-08-08 20:13:00
197,197,Credit Card,success,313.11,2024-02-13 09:41:00
198,198,PayPal,success,446.69,2025-05-16 10:18:00
199,199,Credit Card,success,528.7,2025-01-12 23:29:00
200,200,Credit Card,success,485.53,2025-01-19 06:09:00
201,201,Credit Card,success,1218.13,2024-03-07 16:07:00
202,202,Apple Pay,success,118.52,2024-03-05 15:33:00
203,203,Credit Card,success,233.82,2025-07-21 07:21:00
204,204,Credit Card,success,441.1,2023-09-17 16:11:00
205,205,PayPal,failed,789.54,2023-05-01 17:35:00
206,206,Crypto,success,954.42,2024-03-26 00:31:00
207,207,PayPal,success,1224.12,2023-12-30 02:18:00
208,208,Credit Card,failed,1256.35,2024-11-15 06:12:00
209,209,Credit Card,success,877.04,2023-12-31 19:19:00
210,210,Credit Card,success,244.09,2025-08-13 18:14:00
211,211,PayPal,success,426.0,2025-07-15 20:48:00
212,212,PayPal,failed,1311.43,2024-02-12 00:08:00
213,213,Credit Card,success,366.39,2025-05-28 05:30:00
214,214,Credit Card,failed,417.6,2024-06-05 07:53:00
215,215,Credit Card,success,298.1,2023-10-07 14:24:00
216,216,Credit Card,success,48.1,2025-07-01 11:30:00
217,217,Credit Card,failed,67.66,2024-10-15 15:26:00
218,218,Credit Card,success,460.41,2025-03-29 22:54:00
219,219,Apple Pay,success,436.2,2024-12-05 08:57:00
220,220,Credit Card,success,418.35,2024-09-29 10:17:00
221,221,Credit Card,success,210.09,2024-10-30 15:06:00
222,222,PayPal,success,613.48,2024-12-31 20:36:00
223,223,Credit Card,success,879.32,2024-02-08 04:29:00
224,224,PayPal,failed,289.12,2025-07-10 09:36:00
225,225,Credit Card,success,832.75,2024-05-07 06:07:00
226,226,Credit Card,failed,431.14,2024-05-01 17:17:00
227,227,PayPal,success,857.56,2025-09-08 17:09:00
228,228,Credit Card,success,1642.61,2025-04-25 22:45:00
229,229,Bank Transfer,success,800.32,2025-01-17 06:51:00
230,230,Apple Pay,success,1228.57,2025-03-23 07:30:00
231,231,Credit Card,success,1333.57,2023-05-24 21:16:00
232,232,Credit Card,success,502.51,2024-08-15 10:26:00
233,233,PayPal,success,318.63,2023-12-10 17:17:00
234,234,PayPal,success,800.25,2023-06-23 14:38:00
235,235,Apple Pay,success,369.4,2024-01-07 04:13:00
236,236,PayPal,success,181.66,2024-03-27 10:52:00
237,237,PayPal,success,1145.24,2024-08-24 11:14:00
238,238,PayPal,success,448.51,2025-08-22 13:16:00
239,239,PayPal,success,359.15,2024-08-17 22:26:00
240,240,PayPal,success,309.71,2023-12-25 07:14:00
241,241,PayPal,success,411.7,2023-12-15 08:21:00
242,242,PayPal,success,444.51,2025-02-17 08:07:00
243,243,PayPal,success,577.92,2023-08-23 04:09:00
244,244,PayPal,success,1393.18,2024-04-07 19:01:00
245,245,Credit Card,success,181.8,2023-09-02 12:11:00
246,246,PayPal,success,684.69,2024-10-09 10:51:00
247,247,Credit Card,success,453.75,2024-06-29 03:48:00
248,248,Credit Card,success,762.88,2024-03-21 22:08:00
249,249,Credit Card,success,76.42,2023-12-30 00:29:00
250,250,Apple Pay,success,184.19,2024-03-30 21:46:00
251,251,Credit Card,success,343.55,2024-01-13 14:56:00
252,252,PayPal,failed,593.12,2025-02-15 01:58:00
253,253,Credit Card,success,396.49,2025-01-22 05:49:00
254,254,Credit Card,success,269.95,2025-03-18 21:24:00
255,255,Credit Card,success,445.82,2025-01-01 12:56:00
256,256,Credit Card,success,1620.48,2025-11-16 06:49:00
257,257,PayPal,success,134.9,2024-09-28 15:59:00
258,258,Crypto,success,701.03,2024-04-01 18:35:00
259,259,Credit Card,success,927.95,2024-08-03 02:37:00
260,260,PayPal,success,210.09,2023-10-24 13:17:00
261,261,Credit Card,success,294.11,2024-02-22 06:38:00
262,262,Credit Card,failed,494.6,2024-03-20 18:52:00
263,263,Credit Card,success,69.01,2024-04-12 01:47:00
264,264,Credit Card,success,132.47,2024-04-30 23:02:00
265,265,PayPal,success,230.72,2023-07-24 17:28:00
266,266,Credit Card,success,320.25,2024-08-16 19:07:00
267,267,PayPal,success,261.05,2023-10-09 02:27:00
268,268,PayPal,success,330.17,2024-11-07 20:22:00
269,269,Apple Pay,success,553.4,2024-04-04 21:31:00
270,270,Crypto,success,327.63,2025-04-08 08:43:00
271,271,Credit Card,success,1118.87,2024-11-08 17:49:00
272,272,Credit Card,success,247.01,2024-12-23 22:32:00
273,273,Apple Pay,success,244.92,2025-03-07 17:46:00
274,274,Credit Card,success,396.35,2024-04-30 18:55:00
275,275,Crypto,success,374.12,2025-01-31 17:59:00
276,276,Credit Card,success,409.66,2023-06-15 00:42:00
277,277,Apple Pay,success,70.43,2024-03-31 10:55:00
278,278,Credit Card,failed,394.04,2023-02-01 01:06:00
279,279,PayPal,failed,762.24,2025-03-04 23:54:00
280,280,Credit Card,failed,339.2,2023-04-05 03:53:00
281,281,Credit Card,success,134.9,2025-02-19 17:04:00
282,282,Credit Card,success,666.75,2024-07-24 21:52:00
283,283,Credit Card,failed,104.88,2024-06-11 14:57:00
284,284,Credit Card,success,381.46,2023-11-11 21:26:00
285,285,Crypto,success,59.69,2023-11-27 16:22:00
286,286,Apple Pay,success,104.39,2025-10-13 16:48:00
287,287,Apple Pay,failed,547.33,2024-03-09 11:48:00
288,288,Credit Card,success,127.4,2024-04-05 17:31:00
289,289,PayPal,failed,590.37,2025-06-27 18:53:00
290,290,Bank Transfer,success,360.4,2023-12-11 09:18:00
291,291,Apple Pay,success,1110.08,2024-06-02 12:20:00
292,292,PayPal,success,427.97,2024-02-10 05:34:00
293,293,PayPal,success,1220.88,2024-06-09 09:05:00
294,294,Credit Card,success,962.52,2024-01-19 06:14:00
295,295,Credit Card,success,117.57,2024-04-23 21:14:00
296,296,Credit Card,success,114.38,2025-04-14 10:30:00
297,297,PayPal,success,359.21,2024-10-12 08:12:00
298,298,Credit Card,success,721.59,2023-09-15 13:15:00
299,299,PayPal,failed,326.44,2024-01-31 23:45:00
300,300,Credit Card,success,57.51,2023-07-19 23:01:00
301,301,PayPal,success,810.17,2023-11-23 21:19:00
302,302,PayPal,success,326.44,2025-04-25 15:43:00
303,303,Credit Card,success,379.97,2025-01-06 07:11:00
304,304,Bank Transfer,failed,1142.52,2023-10-31 20:27:00
305,305,Credit Card,success,80.44,2024-07-28 20:56:00
306,306,Credit Card,success,641.49,2024-10-31 15:24:00
307,307,Credit Card,success,422.94,2024-08-11 19:21:00
308,308,Credit Card,success,441.48,2023-02-11 05:44:00
309,309,Credit Card,failed,692.34,2024-01-20 14:03:00
310,310,Credit Card,success,1174.12,2023-11-13 04:17:00
311,311,Credit Card,success,220.82,2023-07-04 04:24:00
312,312,Apple Pay,success,206.49,2023-08-17 22:31:00
313,313,Credit Card,success,378.87,2025-06-09 08:57:00
314,314,PayPal,success,834.25,2024-04-20 13:26:00
315,315,PayPal,failed,104.39,2024-06-14 18:46:00
316,316,Credit Card,success,245.76,2025-09-03 16:06:00
317,317,Apple Pay,success,339.87,2024-10-18 12:46:00
318,318,Credit Card,success,270.79,2025-06-23 06:43:00
319,319,Apple Pay,failed,709.17,2023-12-26 07:01:00
320,320,Credit Card,failed,612.36,2024-04-03 11:25:00
321,321,PayPal,success,52.1,2025-01-10 21:30:00
322,322,Apple Pay,success,704.05,2025-01-25 09:48:00
323,323,Credit Card,failed,86.43,2025-04-26 21:55:00
324,324,Crypto,success,68.82,2024-12-07 01:13:00
325,325,Credit Card,success,277.53,2024-08-28 18:40:00
326,326,Credit Card,success,876.26,2025-09-06 23:30:00
327,327,PayPal,success,1207.79,2025-02-04 17:39:00
328,328,Credit Card,failed,387.87,2024-02-23 02:29:00
329,329,Apple Pay,success,416.9,2023-12-13 19:37:00
330,330,Bank Transfer,success,488.39,2025-06-16 03:51:00
331,331,PayPal,success,496.52,2024-01-29 17:27:00
332,332,Bank Transfer,success,242.82,2024-02-08 19:33:00
333,333,Crypto,success,611.15,2025-01-22 00:02:00
334,334,Credit Card,failed,430.21,2023-11-17 12:51:00
335,335,Apple Pay,success,253.0,2024-09-13 07:12:00
336,336,PayPal,success,791.96,2023-08-24 11:49:00
337,337,Credit Card,success,380.8,2024-05-11 05:51:00
338,338,PayPal,success,1227.68,2023-09-28 22:44:00
339,339,Credit Card,success,1681.79,2023-12-24 03:17:00
340,340,PayPal,success,515.2,2024-07-29 10:11:00
341,341,Credit Card,success,118.52,2024-12-31 19:46:00
342,342,Crypto,success,888.37,2024-03-01 11:09:00
343,343,Credit Card,failed,898.67,2024-03-17 20:05:00
344,344,Credit Card,failed,269.75,2025-04-09 08:47:00
345,345,PayPal,failed,91.37,2023-07-16 08:05:00
346,346,Credit Card,success,402.48,2024-01-27 05:56:00
347,347,Crypto,success,884.6,2023-10-04 07:46:00
348,348,Credit Card,failed,1296.03,2024-05-22 10:04:00
349,349,Credit Card,success,599.44,2024-01-07 00:48:00
350,350,Apple Pay,success,140.89,2023-10-18 04:32:00
351,351,Credit Card,success,1323.57,2024-09-14 01:37:00
352,352,Apple Pay,success,1173.52,2024-02-16 20:00:00
353,353,Credit Card,success,190.93,2024-11-15 18:29:00
354,354,PayPal,failed,406.06,2025-01-17 22:31:00
355,355,Credit Card,success,39.75,2023-06-26 18:06:00
356,356,Credit Card,success,571.91,2025-05-26 19:12:00
357,357,Credit Card,success,44.33,2024-06-05 06:28:00
358,358,Credit Card,success,244.32,2023-10-25 01:48:00
359,359,Credit Card,success,340.67,2024-04-07 06:37:00
360,360,Credit Card,failed,771.77,2024-09-23 02:00:00
361,361,Credit Card,failed,414.05,2024-04-01 23:20:00
362,362,Credit Card,success,951.0,2024-10-24 18:06:00
363,363,PayPal,success,577.55,2025-03-31 17:52:00
364,364,PayPal,success,137.26,2025-07-31 14:45:00
365,365,Credit Card,success,409.63,2025-01-10 00:25:00
366,366,Crypto,success,197.78,2024-06-15 09:36:00
367,367,PayPal,success,246.42,2024-12-22 06:30:00
368,368,Credit Card,success,613.01,2025-08-16 18:04:00
369,369,Credit Card,success,432.43,2024-10-27 02:43:00
370,370,Credit Card,success,1197.18,2025-05-02 14:37:00
371,371,Credit Card,success,458.93,2025-06-16 22:57:00
372,372,Apple Pay,success,855.18,2025-02-16 18:46:00
373,373,PayPal,success,957.97,2024-01-05 13:03:00
374,374,Credit Card,success,1030.77,2025-03-30 00:07:00
375,375,Credit Card,success,81.35,2024-11-24 09:11:00
376,376,Credit Card,success,438.52,2025-07-01 23:01:00
377,377,Bank Transfer,failed,330.5,2025-01-13 15:05:00
378,378,Credit Card,success,1354.58,2025-09-07 17:53:00
379,379,PayPal,success,200.98,2025-05-10 08:31:00
380,380,Credit Card,success,294.87,2024-05-24 18:12:00
381,381,PayPal,success,978.3,2024-01-24 14:40:00
382,382,Credit Card,success,242.33,2023-12-12 07:37:00
383,383,Credit Card,failed,273.7,2023-06-26 06:25:00
384,384,Apple Pay,success,239.81,2025-03-26 06:43:00
385,385,Credit Card,success,206.09,2024-04-28 19:02:00
386,386,Credit Card,success,831.75,2024-02-09 18:01:00
387,387,Apple Pay,failed,404.71,2024-09-21 01:34:00
388,388,Crypto,success,131.27,2025-01-14 20:01:00
389,389,Credit Card,success,1319.94,2024-03-02 02:33:00
390,390,Credit Card,success,486.42,2024-07-21 12:30:00
391,391,Credit Card,success,1126.69,2024-12-18 22:22:00
392,392,PayPal,success,90.74,2023-09-08 14:54:00
393,393,Credit Card,success,166.8,2023-06-28 07:46:00
394,394,Credit Card,success,1131.19,2023-11-18 14:01:00
395,395,Crypto,success,1427.78,2024-11-29 15:32:00
396,396,Credit Card,success,203.88,2025-04-05 22:44:00
397,397,PayPal,success,432.01,2024-03-22 02:19:00
398,398,Credit Card,success,269.95,2023-12-25 11:02:00
399,399,Credit Card,success,430.21,2024-02-21 19:05:00
400,400,Credit Card,success,280.66,2023-12-14 20:31:00
401,401,Credit Card,failed,356.4,2024-06-10 21:29:00
402,402,Credit Card,success,170.83,2024-04-19 01:04:00
403,403,PayPal,success,450.67,2025-06-16 00:31:00
404,404,Credit Card,success,682.77,2024-09-13 17:26:00
405,405,Credit Card,success,230.72,2024-05-25 08:29:00
406,406,Credit Card,success,184.19,2024-05-07 02:34:00
407,407,PayPal,success,62.54,2023-10-10 03:29:00
408,408,PayPal,success,147.86,2023-12-13 09:46:00
409,409,Apple Pay,success,96.73,2023-10-30 03:29:00
410,410,PayPal,success,1260.98,2024-03-14 14:46:00
411,411,Apple Pay,success,774.78,2024-04-28 15:21:00
412,412,Credit Card,success,354.41,2024-06-30 02:31:00
413,413,Credit Card,success,79.38,2024-04-11 09:06:00
414,414,Credit Card,success,458.93,2024-03-16 11:49:00
415,415,Credit Card,failed,62.83,2024-01-18 05:49:00
416,416,Credit Card,success,365.12,2025-06-23 17:04:00
417,417,PayPal,success,44.33,2023-12-16 07:25:00
418,418,Credit Card,failed,245.76,2024-06-13 05:44:00
419,419,Credit Card,success,470.87,2025-02-18 11:46:00
420,420,Credit Card,success,1686.67,2024-12-30 20:20:00
421,421,Apple Pay,success,574.04,2025-07-16 03:31:00
422,422,PayPal,success,506.92,2023-09-28 19:55:00
423,423,Credit Card,success,366.14,2024-01-14 13:37:00
424,424,Credit Card,failed,608.63,2025-09-18 18:52:00
425,425,Credit Card,success,810.88,2025-10-17 20:37:00
426,426,Credit Card,success,448.51,2024-06-28 07:36:00
427,427,Credit Card,failed,247.31,2024-01-06 20:25:00
428,428,Credit Card,success,735.29,2024-11-15 10:48:00
429,429,PayPal,failed,92.51,2025-02-25 10:20:00
430,430,Bank Transfer,success,844.36,2025-04-23 23:59:00
431,431,Credit Card,success,650.47,2024-11-02 07:16:00
432,432,Credit Card,success,329.82,2024-10-15 21:30:00
433,433,PayPal,failed,439.98,2024-04-19 20:06:00
434,434,Credit Card,success,173.95,2025-04-04 01:01:00
435,435,Credit Card,success,987.68,2024-06-01 23:10:00
436,436,PayPal,success,1759.67,2024-01-18 13:11:00
437,437,PayPal,success,98.65,2024-04-22 06:35:00
438,438,Credit Card,success,201.64,2024-02-22 13:46:00
439,439,Crypto,success,291.3,2025-04-12 22:39:00
440,440,Bank Transfer,failed,1322.44,2024-02-03 06:50:00
441,441,Credit Card,success,659.63,2023-08-18 08:15:00
442,442,Credit Card,success,868.6,2025-08-28 14:49:00
443,443,PayPal,failed,658.0,2024-08-03 09:40:00
444,444,PayPal,success,1228.98,2024-07-30 09:28:00
445,445,Credit Card,success,415.65,2024-01-25 06:39:00
446,446,Credit Card,success,1070.67,2025-01-26 21:21:00
447,447,Crypto,success,190.13,2024-12-20 07:27:00
448,448,Credit Card,success,319.25,2025-06-21 00:14:00
449,449,Credit Card,success,568.54,2025-01-25 12:46:00
450,450,Credit Card,success,348.29,2024-10-07 06:09:00
451,451,Apple Pay,success,384.47,2025-04-30 21:44:00
452,452,Credit Card,success,385.1,2025-04-16 12:52:00
453,453,PayPal,success,327.14,2024-11-18 17:05:00
454,454,PayPal,success,115.87,2023-12-11 08:35:00
455,455,Credit Card,success,375.14,2024-02-06 23:15:00
456,456,Apple Pay,success,1534.09,2024-11-06 12:07:00
457,457,Credit Card,success,238.87,2024-07-03 00:58:00
458,458,Credit Card,success,379.11,2024-11-02 18:26:00
459,459,Credit Card,success,367.38,2025-01-08 20:28:00
460,460,Credit Card,success,115.87,2024-10-16 19:32:00
461,461,Credit Card,success,116.03,2023-04-09 20:59:00
462,462,Credit Card,success,439.01,2023-03-18 16:26:00
463,463,Apple Pay,success,420.9,2024-10-27 23:24:00
464,464,Credit Card,success,238.62,2024-08-28 18:45:00
465,465,Credit Card,success,428.34,2025-02-16 00:21:00
466,466,Credit Card,success,681.4,2024-01-23 20:33:00
467,467,PayPal,success,403.02,2024-04-25 22:52:00
468,468,Credit Card,success,709.72,2024-09-03 06:50:00
469,469,Bank Transfer,success,284.64,2025-02-23 14:51:00
470,470,Credit Card,success,394.67,2024-12-19 20:32:00
471,471,Credit Card,success,657.75,2023-08-29 14:51:00
472,472,PayPal,failed,1011.23,2023-07-08 14:33:00
473,473,Credit Card,failed,882.15,2023-07-10 06:18:00
474,474,Credit Card,success,475.84,2025-06-26 11:02:00
475,475,Credit Card,success,203.13,2024-07-28 19:54:00
476,476,Credit Card,success,430.21,2024-09-07 17:11:00
477,477,PayPal,success,228.1,2025-02-25 21:26:00
478,478,PayPal,success,1351.64,2024-07-31 10:18:00
479,479,Apple Pay,success,246.96,2024-09-17 03:08:00
480,480,Credit Card,success,148.55,2025-03-08 04:32:00
481,481,Apple Pay,success,220.75,2024-05-15 22:12:00
482,482,Credit Card,success,1431.11,2024-06-07 07:57:00
483,483,Credit Card,failed,124.87,2025-05-30 02:29:00
484,484,Credit Card,success,229.88,2023-11-30 04:02:00
485,485,Apple Pay,success,1588.76,2023-12-03 22:54:00
486,486,Bank Transfer,success,1004.8,2025-01-16 16:17:00
487,487,PayPal,success,922.17,2023-02-19 17:53:00
488,488,Credit Card,success,46.76,2024-08-29 18:06:00
489,489,Credit Card,failed,135.49,2024-01-18 21:12:00
490,490,Apple Pay,success,429.12,2025-01-17 22:25:00
491,491,Credit Card,success,634.87,2024-12-10 02:11:00
492,492,Credit Card,success,286.57,2024-03-24 22:05:00
493,493,Credit Card,success,156.81,2024-07-16 07:05:00
494,494,Credit Card,success,284.74,2024-02-17 01:35:00
495,495,Credit Card,success,290.09,2025-04-10 23:00:00
496,496,PayPal,success,511.08,2025-01-16 20:26:00
497,497,PayPal,success,261.15,2023-04-11 02:52:00
498,498,Credit Card,success,480.62,2024-08-28 16:28:00
499,499,PayPal,failed,141.26,2023-07-28 08:13:00
500,500,Crypto,success,776.97,2025-09-19 04:23:00
501,501,Apple Pay,success,190.13,2024-09-26 05:36:00
502,502,Credit Card,success,259.96,2024-05-02 22:49:00
503,503,Credit Card,success,617.45,2025-02-09 05:47:00
504,504,PayPal,success,830.53,2023-11-29 13:17:00
505,505,Credit Card,success,379.56,2024-05-03 07:02:00
506,506,PayPal,success,210.09,2025-07-30 04:01:00
507,507,Apple Pay,failed,409.58,2024-10-16 20:39:00
508,508,Credit Card,success,180.14,2025-06-08 15:54:00
509,509,Bank Transfer,success,389.7,2024-08-20 18:04:00
510,510,Credit Card,success,266.58,2024-12-30 22:22:00
511,511,Credit Card,failed,369.48,2024-02-11 08:59:00
512,512,Credit Card,success,650.09,2025-01-19 22:30:00
513,513,PayPal,success,276.78,2023-11-21 02:03:00
514,514,PayPal,failed,185.14,2025-01-24 11:27:00
515,515,Apple Pay,failed,656.08,2024-05-09 16:06:00
516,516,Apple Pay,success,278.77,2025-09-08 19:19:00
517,517,PayPal,success,365.14,2024-06-15 21:05:00
518,518,PayPal,success,145.43,2024-04-18 19:46:00
519,519,Credit Card,success,276.07,2023-11-10 20:37:00
520,520,PayPal,success,343.01,2025-02-23 17:01:00
521,521,Apple Pay,success,1064.75,2024-01-09 06:33:00
522,522,Apple Pay,failed,230.96,2024-02-11 13:44:00
523,523,PayPal,success,431.16,2025-09-09 07:26:00
524,524,Credit Card,success,984.99,2025-06-29 12:59:00
525,525,Credit Card,success,1372.6,2024-08-21 22:07:00
526,526,PayPal,success,87.1,2024-05-08 18:59:00
527,527,Credit Card,success,72.57,2025-03-30 13:58:00
528,528,Bank Transfer,success,339.63,2025-01-29 09:17:00
529,529,Credit Card,success,410.41,2024-05-31 06:23:00
530,530,Credit Card,success,477.74,2023-08-06 09:59:00
531,531,Credit Card,success,234.09,2025-06-23 00:52:00
532,532,Credit Card,success,866.41,2024-01-26 04:03:00
533,533,Credit Card,success,246.33,2025-07-24 21:12:00
534,534,Apple Pay,success,676.82,2023-11-27 05:15:00
535,535,PayPal,success,334.09,2024-08-06 11:11:00
536,536,Credit Card,failed,897.49,2024-05-17 22:12:00
537,537,Crypto,failed,57.51,2025-03-21 14:16:00
538,538,PayPal,failed,196.5,2025-05-13 09:48:00
539,539,PayPal,success,35.9,2024-11-22 13:37:00
540,540,PayPal,success,210.09,2023-07-29 22:23:00
541,541,PayPal,success,445.11,2025-01-27 15:27:00
542,542,Credit Card,success,77.31,2024-01-16 23:46:00
543,543,PayPal,success,233.82,2025-01-18 10:07:00
544,544,Crypto,success,823.85,2023-06-08 04:16:00
545,545,Apple Pay,success,596.25,2023-11-13 01:01:00
546,546,PayPal,success,404.71,2025-02-15 17:12:00
547,547,Credit Card,success,1275.03,2023-11-23 18:08:00
548,548,PayPal,success,255.68,2024-05-24 10:07:00
549,549,Credit Card,success,70.9,2025-03-17 03:59:00
550,550,Apple Pay,failed,134.15,2024-05-19 12:33:00
551,551,Credit Card,success,114.38,2025-08-26 05:54:00
552,552,Credit Card,success,365.14,2024-03-14 14:24:00
553,553,Credit Card,success,230.72,2023-08-09 02:22:00
554,554,Credit Card,success,401.96,2024-10-08 16:06:00
555,555,Apple Pay,success,511.26,2025-03-15 08:07:00
556,556,Credit Card,success,72.82,2023-09-11 17:23:00
557,557,Credit Card,success,422.94,2024-12-31 20:01:00
558,558,Credit Card,success,110.38,2025-04-25 11:24:00
559,559,PayPal,failed,618.66,2024-03-23 18:41:00
560,560,Apple Pay,success,398.62,2023-07-12 05:43:00
561,561,Credit Card,success,178.2,2024-12-14 05:58:00
562,562,PayPal,success,119.87,2024-04-01 13:40:00
563,563,PayPal,success,461.0,2023-11-13 18:36:00
564,564,Crypto,success,366.39,2023-06-28 18:09:00
565,565,Credit Card,success,1081.04,2024-09-14 16:01:00
566,566,Credit Card,success,196.02,2023-12-08 13:00:00
567,567,Credit Card,success,1050.62,2025-04-29 21:06:00
568,568,PayPal,success,1225.68,2024-11-07 12:13:00
569,569,PayPal,success,404.03,2025-08-18 19:01:00
570,570,Credit Card,failed,647.85,2025-03-08 21:07:00
571,571,Apple Pay,success,648.03,2024-01-25 18:45:00
572,572,PayPal,success,156.81,2024-03-01 12:17:00
573,573,Credit Card,success,682.35,2025-06-17 18:09:00
574,574,Credit Card,failed,723.64,2023-08-08 08:39:00
575,575,Credit Card,failed,227.42,2023-12-04 00:47:00
576,576,PayPal,success,228.89,2023-10-10 13:14:00
577,577,Credit Card,failed,875.8,2025-07-14 07:14:00
578,578,Credit Card,success,119.74,2025-05-24 12:11:00
579,579,Credit Card,success,704.65,2024-04-10 20:35:00
580,580,Credit Card,success,430.99,2023-11-06 08:08:00
581,581,Credit Card,success,748.62,2025-02-03 18:44:00
582,582,Bank Transfer,failed,392.22,2025-03-10 08:13:00
583,583,Credit Card,failed,380.33,2025-04-26 22:12:00
584,584,Bank Transfer,failed,1548.47,2024-06-01 21:56:00
585,585,Credit Card,success,1834.19,2024-04-13 10:38:00
586,586,PayPal,failed,1036.99,2024-05-26 02:25:00
587,587,Credit Card,success,322.81,2025-06-01 10:00:00
588,588,Credit Card,failed,199.05,2024-04-05 02:01:00
589,589,Credit Card,success,449.97,2024-02-04 11:57:00
590,590,Credit Card,success,133.04,2025-02-15 10:24:00
591,591,Credit Card,success,183.94,2024-11-29 00:01:00
592,592,Credit Card,failed,385.68,2023-03-31 05:54:00
593,593,PayPal,success,788.98,2023-03-27 20:24:00
594,594,Credit Card,failed,316.11,2024-01-26 08:30:00
595,595,Credit Card,failed,196.5,2023-06-07 22:36:00
596,596,PayPal,success,194.27,2024-05-26 21:28:00
597,597,Crypto,failed,165.23,2023-06-24 22:09:00
598,598,Credit Card,failed,563.38,2023-04-27 09:38:00
599,599,Apple Pay,success,820.83,2024-11-04 13:03:00
600,600,Apple Pay,success,188.28,2025-02-17 03:26:00
601,601,PayPal,success,959.91,2024-05-11 02:23:00
602,602,Apple Pay,success,955.94,2024-01-22 10:16:00
603,603,PayPal,success,199.59,2024-02-18 10:04:00
604,604,Apple Pay,success,424.34,2025-05-24 21:58:00
605,605,PayPal,success,1043.01,2024-06-05 12:59:00
606,606,PayPal,success,62.83,2025-01-02 06:53:00
607,607,Apple Pay,success,463.37,2024-09-30 01:58:00
608,608,PayPal,success,23.32,2023-10-19 21:52:00
609,609,Credit Card,success,205.58,2025-07-03 01:23:00
610,610,Apple Pay,success,464.74,2024-05-15 00:03:00
611,611,PayPal,success,790.52,2024-02-03 23:54:00
612,612,PayPal,success,1006.89,2024-07-21 02:47:00
613,613,Credit Card,success,253.0,2024-05-11 15:27:00
614,614,Credit Card,success,75.41,2024-04-29 22:45:00
615,615,Credit Card,success,397.43,2025-03-04 10:48:00
616,616,Credit Card,failed,1281.9,2024-08-05 07:02:00
617,617,Credit Card,success,176.82,2024-07-08 09:07:00
618,618,PayPal,success,149.59,2024-01-29 08:01:00
619,619,Credit Card,success,589.54,2024-12-04 05:28:00
620,620,Credit Card,success,720.3,2025-07-12 16:01:00
621,621,Credit Card,success,670.92,2025-08-31 08:00:00
622,622,Credit Card,success,76.42,2023-10-21 04:45:00
623,623,Credit Card,success,598.29,2024-07-28 05:27:00
624,624,Apple Pay,success,420.9,2024-07-04 08:45:00
625,625,Credit Card,success,514.25,2024-06-03 22:06:00
626,626,Credit Card,success,479.54,2025-04-21 03:50:00
627,627,Credit Card,success,189.1,2023-12-09 13:11:00
628,628,Credit Card,failed,92.51,2025-04-04 03:21:00
629,629,Apple Pay,success,297.29,2024-03-22 12:15:00
630,630,PayPal,success,411.95,2025-02-10 13:47:00
631,631,Credit Card,success,489.79,2025-01-17 23:24:00
632,632,Credit Card,success,257.91,2024-08-31 21:55:00
633,633,Credit Card,success,246.96,2024-12-29 03:21:00
634,634,Credit Card,success,283.46,2024-08-01 09:56:00
635,635,PayPal,success,417.0,2024-09-22 17:21:00
636,636,Apple Pay,success,877.5,2024-01-25 00:26:00
637,637,PayPal,success,847.97,2023-10-27 19:13:00
638,638,PayPal,success,362.84,2023-09-25 13:56:00
639,639,Apple Pay,success,1122.06,2024-10-03 02:59:00
640,640,Credit Card,success,525.61,2024-12-03 17:59:00
641,641,Credit Card,success,115.87,2023-05-06 14:02:00
642,642,Credit Card,success,78.78,2023-06-02 16:06:00
643,643,Credit Card,success,233.82,2024-01-26 06:58:00
644,644,Credit Card,success,72.4,2024-08-11 01:44:00
645,645,Credit Card,success,655.0,2023-05-02 00:09:00
646,646,PayPal,failed,382.51,2025-03-31 12:42:00
647,647,Crypto,success,404.71,2024-04-06 13:21:00
648,648,Credit Card,success,212.86,2024-02-04 14:33:00
649,649,Credit Card,success,515.51,2023-12-13 11:34:00
650,650,Credit Card,success,93.52,2023-11-16 19:28:00
651,651,Crypto,success,456.8,2023-12-26 13:23:00
652,652,Credit Card,success,756.56,2024-01-23 10:11:00
653,653,Credit Card,success,801.09,2025-06-25 11:07:00
654,654,Credit Card,success,221.83,2025-08-03 11:50:00
655,655,Credit Card,success,763.51,2024-10-29 09:33:00
656,656,PayPal,success,640.13,2024-08-04 00:49:00
657,657,Apple Pay,success,210.97,2024-07-26 00:33:00
658,658,Crypto,failed,402.09,2023-09-01 12:32:00
659,659,Credit Card,success,646.05,2024-07-07 03:15:00
660,660,Credit Card,success,148.97,2025-01-06 01:22:00
661,661,Credit Card,success,594.78,2025-07-17 22:52:00
662,662,Credit Card,failed,80.89,2024-12-22 21:55:00
663,663,Credit Card,success,790.55,2024-06-10 21:16:00
664,664,PayPal,success,238.87,2024-07-11 22:47:00
665,665,Credit Card,success,915.71,2024-02-11 16:45:00
666,666,PayPal,success,178.2,2024-10-20 09:22:00
667,667,Credit Card,failed,1234.46,2024-01-10 08:07:00
668,668,Credit Card,success,347.44,2025-09-21 20:45:00
669,669,PayPal,success,388.62,2024-05-26 00:43:00
670,670,Credit Card,success,734.1,2023-09-15 21:07:00
671,671,Credit Card,success,522.04,2025-06-23 13:45:00
672,672,Apple Pay,success,879.96,2025-02-03 00:43:00
673,673,Credit Card,success,177.37,2025-04-14 23:01:00
674,674,Credit Card,success,404.09,2025-01-06 02:18:00
675,675,Credit Card,success,80.44,2024-08-13 03:17:00
676,676,Credit Card,success,71.32,2025-06-04 17:00:00
677,677,Credit Card,success,290.09,2025-03-30 17:23:00
678,678,PayPal,failed,429.58,2025-04-29 08:35:00
679,679,Apple Pay,success,410.94,2024-08-06 06:00:00
680,680,PayPal,success,269.95,2025-06-07 21:50:00
681,681,Credit Card,success,428.43,2023-09-25 15:22:00
682,682,Credit Card,success,311.25,2025-03-11 07:31:00
683,683,PayPal,success,1011.64,2024-05-13 17:31:00
684,684,Apple Pay,success,655.02,2023-11-13 15:45:00
685,685,Credit Card,success,89.25,2024-04-23 22:41:00
686,686,Credit Card,success,154.96,2023-08-05 16:05:00
687,687,PayPal,success,384.8,2024-04-13 10:47:00
688,688,Credit Card,success,1511.68,2024-07-07 03:43:00
689,689,PayPal,success,1132.31,2023-07-09 17:40:00
690,690,Apple Pay,success,66.54,2024-09-04 18:47:00
691,691,Credit Card,failed,842.69,2025-04-03 01:21:00
692,692,PayPal,success,655.68,2023-11-25 20:43:00
693,693,Credit Card,failed,485.28,2024-01-09 17:01:00
694,694,Credit Card,success,943.59,2023-12-01 03:04:00
695,695,PayPal,success,864.46,2024-03-23 19:36:00
696,696,Credit Card,success,339.85,2023-04-26 15:07:00
697,697,Credit Card,success,165.47,2023-02-14 18:31:00
698,698,PayPal,success,381.25,2024-07-06 03:07:00
699,699,Credit Card,success,310.21,2024-04-22 16:23:00
700,700,PayPal,failed,319.1,2023-12-11 21:01:00
701,701,PayPal,success,406.56,2024-04-05 10:08:00
702,702,Credit Card,success,711.99,2025-02-27 15:23:00
703,703,Bank Transfer,failed,356.92,2023-09-05 10:01:00
704,704,PayPal,success,140.49,2023-11-25 20:25:00
705,705,Credit Card,success,437.13,2023-07-14 16:48:00
706,706,PayPal,success,109.88,2024-05-20 02:43:00
707,707,Credit Card,success,86.43,2024-01-08 04:13:00
708,708,Credit Card,success,1584.25,2024-02-25 19:10:00
709,709,Credit Card,success,299.72,2023-09-13 14:58:00
710,710,Credit Card,success,748.63,2024-06-05 13:39:00
711,711,Bank Transfer,success,945.6,2025-01-22 23:20:00
712,712,PayPal,success,454.81,2025-10-25 06:17:00
713,713,Credit Card,success,239.95,2024-11-11 14:13:00
714,714,Credit Card,success,424.34,2024-05-17 11:42:00
715,715,Credit Card,success,786.91,2025-03-17 03:33:00
716,716,Credit Card,success,394.04,2024-08-11 09:47:00
717,717,Credit Card,success,269.59,2024-08-23 12:52:00
718,718,PayPal,success,795.56,2024-10-11 05:27:00
719,719,Apple Pay,success,1138.92,2025-02-11 03:09:00
720,720,Credit Card,success,306.57,2024-01-14 01:28:00
721,721,Credit Card,success,202.33,2025-01-04 23:30:00
722,722,Bank Transfer,success,813.71,2024-07-12 15:38:00
723,723,Apple Pay,success,313.48,2024-04-28 08:01:00
724,724,Credit Card,success,115.65,2024-07-28 22:58:00
725,725,Credit Card,success,85.37,2025-06-04 12:17:00
726,726,Credit Card,success,78.63,2023-09-10 14:52:00
727,727,Credit Card,success,445.97,2023-10-02 06:21:00
728,728,Credit Card,success,197.42,2024-11-19 12:23:00
729,729,Credit Card,success,290.65,2024-08-22 03:30:00
730,730,Apple Pay,success,245.84,2025-06-27 02:50:00
731,731,Credit Card,success,432.01,2024-06-10 12:47:00
732,732,Credit Card,success,321.24,2023-05-23 18:22:00
733,733,Credit Card,success,398.8,2024-11-28 10:04:00
734,734,Apple Pay,success,312.02,2023-10-30 02:50:00
735,735,PayPal,success,369.91,2023-08-02 13:24:00
736,736,Credit Card,success,438.52,2024-08-15 18:05:00
737,737,Apple Pay,success,39.9,2023-06-19 16:06:00
738,738,Credit Card,success,222.13,2024-10-06 16:47:00
739,739,Credit Card,success,900.79,2025-01-05 10:46:00
740,740,Credit Card,success,285.78,2025-01-31 05:03:00
741,741,Apple Pay,failed,418.35,2024-12-27 04:29:00
742,742,Credit Card,success,243.81,2025-02-22 22:29:00
743,743,Crypto,success,1439.16,2024-09-12 19:27:00
744,744,Credit Card,success,1277.53,2025-08-24 16:01:00
745,745,Credit Card,success,656.97,2024-07-29 07:05:00
746,746,Credit Card,success,1207.85,2024-08-31 06:04:00
747,747,Credit Card,success,333.62,2025-05-18 17:28:00
748,748,Apple Pay,success,285.78,2024-11-06 09:05:00
749,749,Apple Pay,success,71.44,2023-07-12 07:58:00
750,750,Credit Card,success,1640.92,2023-10-19 01:32:00
751,751,Credit Card,success,239.77,2023-12-24 22:07:00
752,752,Credit Card,success,956.05,2024-02-05 13:22:00
753,753,Apple Pay,success,483.23,2023-12-18 22:12:00
754,754,Crypto,failed,409.66,2024-10-04 16:14:00
755,755,Credit Card,success,916.44,2024-09-07 22:36:00
756,756,Crypto,success,190.93,2024-07-18 20:16:00
757,757,PayPal,failed,45.74,2025-08-14 06:48:00
758,758,Credit Card,success,383.19,2024-06-07 07:26:00
759,759,PayPal,success,235.65,2024-10-21 10:41:00
760,760,PayPal,success,933.02,2024-01-30 10:21:00
761,761,Credit Card,success,647.76,2025-07-28 11:01:00
762,762,Credit Card,success,590.17,2024-06-02 03:50:00
763,763,Credit Card,success,159.55,2023-10-17 16:21:00
764,764,Credit Card,success,765.92,2024-09-13 02:00:00
765,765,PayPal,success,1450.12,2023-09-23 06:04:00
766,766,Credit Card,failed,126.39,2023-12-17 21:42:00
767,767,Credit Card,success,245.76,2024-04-17 22:50:00
768,768,Credit Card,failed,86.57,2024-04-12 06:47:00
769,769,Credit Card,success,686.43,2025-05-21 14:44:00
770,770,Credit Card,success,620.32,2024-04-16 22:57:00
771,771,Credit Card,success,437.77,2025-05-23 22:19:00
772,772,Credit Card,success,1113.01,2024-04-06 08:23:00
773,773,Credit Card,failed,1872.15,2024-07-23 22:58:00
774,774,Credit Card,success,137.26,2024-02-14 00:00:00
775,775,Credit Card,success,1189.82,2024-07-13 09:58:00
776,776,PayPal,success,658.59,2023-08-29 12:34:00
777,777,Credit Card,success,889.32,2024-11-12 23:39:00
778,778,Credit Card,success,747.91,2024-10-26 03:26:00
779,779,PayPal,success,1570.65,2024-08-13 19:38:00
780,780,PayPal,success,337.82,2023-11-18 01:48:00
781,781,Credit Card,success,394.04,2024-08-27 23:01:00
782,782,PayPal,success,756.82,2024-03-14 02:54:00
783,783,Credit Card,success,256.57,2024-12-28 08:04:00
784,784,Bank Transfer,success,34.6,2024-11-12 18:29:00
785,785,Credit Card,success,792.2,2025-02-23 20:35:00
786,786,Bank Transfer,success,52.75,2024-01-08 12:35:00
787,787,Credit Card,success,483.64,2024-01-25 04:30:00
788,788,Credit Card,success,668.91,2024-11-01 18:33:00
789,789,Crypto,failed,280.66,2025-07-10 01:20:00
790,790,PayPal,success,75.41,2024-09-27 07:31:00
791,791,Crypto,success,874.56,2025-01-14 22:32:00
792,792,Credit Card,success,909.65,2025-05-20 17:06:00
793,793,PayPal,success,437.31,2025-03-11 08:30:00
794,794,PayPal,success,228.3,2023-10-02 13:46:00
795,795,Apple Pay,success,745.46,2024-10-30 04:53:00
796,796,Credit Card,success,141.13,2024-11-27 20:59:00
797,797,PayPal,success,402.48,2024-05-03 21:30:00
798,798,Credit Card,success,502.33,2024-09-05 12:41:00
799,799,PayPal,success,654.03,2025-01-03 00:19:00
800,800,Bank Transfer,success,447.0,2025-02-18 23:10:00
801,801,Credit Card,success,396.49,2024-01-01 20:04:00
802,802,Credit Card,success,347.44,2024-12-29 20:15:00
803,803,PayPal,success,1215.18,2024-06-25 07:31:00
804,804,PayPal,success,139.03,2025-01-14 04:12:00
805,805,Credit Card,success,145.43,2024-06-15 09:44:00
806,806,Credit Card,success,374.81,2023-10-24 06:04:00
807,807,PayPal,success,296.08,2023-12-17 02:41:00
808,808,Crypto,success,167.54,2024-10-01 21:10:00
809,809,Credit Card,success,161.7,2024-02-25 08:35:00
810,810,PayPal,success,233.96,2024-05-27 10:55:00
811,811,Bank Transfer,success,95.73,2023-08-19 13:07:00
812,812,Credit Card,success,231.2,2023-11-30 04:01:00
813,813,Credit Card,failed,1530.85,2023-08-17 10:15:00
814,814,Credit Card,success,298.1,2023-03-04 12:28:00
815,815,PayPal,success,479.54,2024-03-14 16:38:00
816,816,PayPal,failed,165.54,2024-01-02 04:20:00
817,817,Credit Card,success,489.86,2023-06-01 01:30:00
818,818,Apple Pay,success,1184.91,2024-08-28 19:39:00
819,819,PayPal,success,200.98,2025-01-14 13:57:00
820,820,Credit Card,success,1114.19,2023-10-11 10:08:00
821,821,Apple Pay,success,345.92,2024-01-25 23:53:00
822,822,Credit Card,success,462.19,2024-11-05 11:29:00
823,823,Credit Card,success,1542.52,2025-06-10 05:36:00
824,824,Credit Card,success,332.43,2023-12-16 06:30:00
825,825,Credit Card,success,1386.97,2024-01-07 18:15:00
826,826,Credit Card,success,23.32,2024-02-19 10:29:00
827,827,Bank Transfer,success,814.33,2024-07-14 10:16:00
828,828,Credit Card,success,629.59,2023-10-12 09:32:00
829,829,Credit Card,success,432.48,2025-03-02 01:44:00
830,830,PayPal,success,589.41,2024-09-05 08:03:00
831,831,Credit Card,success,714.83,2023-08-04 02:54:00
832,832,Credit Card,failed,737.45,2024-07-31 20:41:00
833,833,Apple Pay,success,270.79,2023-03-17 12:17:00
834,834,Crypto,failed,919.15,2024-06-12 05:21:00
835,835,Credit Card,success,683.82,2024-02-18 10:16:00
836,836,Bank Transfer,success,246.42,2024-01-01 05:26:00
837,837,Credit Card,success,1716.04,2023-12-13 18:42:00
838,838,PayPal,success,251.57,2023-10-08 05:57:00
839,839,PayPal,success,1000.05,2024-12-23 17:06:00
840,840,Crypto,success,270.79,2025-01-30 11:35:00
841,841,Credit Card,failed,924.9,2024-06-03 08:26:00
842,842,Credit Card,success,1112.95,2023-10-02 14:53:00
843,843,Apple Pay,failed,697.77,2024-07-03 14:39:00
844,844,Crypto,failed,373.98,2025-01-06 01:46:00
845,845,Credit Card,success,101.72,2023-12-14 00:45:00
846,846,Apple Pay,success,711.93,2023-09-18 03:18:00
847,847,Credit Card,success,899.87,2024-07-07 06:49:00
848,848,Credit Card,failed,839.04,2023-12-14 16:03:00
849,849,Apple Pay,success,240.96,2024-10-11 22:40:00
850,850,PayPal,success,188.28,2023-10-12 22:13:00
851,851,Crypto,success,31.9,2024-05-14 09:42:00
852,852,Apple Pay,success,242.43,2024-04-12 02:38:00
853,853,Credit Card,failed,420.29,2023-12-04 00:23:00
854,854,Apple Pay,success,213.96,2024-12-24 05:52:00
855,855,PayPal,success,1078.44,2024-12-22 06:05:00
856,856,PayPal,failed,841.98,2025-03-18 20:43:00
857,857,Credit Card,success,1461.24,2024-08-07 14:13:00
858,858,PayPal,failed,707.44,2025-03-03 08:44:00
859,859,Credit Card,failed,255.4,2024-07-25 07:19:00
860,860,PayPal,success,529.06,2024-05-18 19:43:00
861,861,Credit Card,success,330.12,2025-05-05 21:14:00
862,862,Credit Card,success,116.42,2024-09-27 20:17:00
863,863,Credit Card,success,418.69,2025-03-01 12:10:00
864,864,Credit Card,success,405.05,2023-11-16 00:55:00
865,865,Apple Pay,success,379.46,2025-04-10 08:59:00
866,866,PayPal,failed,417.77,2024-11-08 18:04:00
867,867,Apple Pay,success,598.05,2024-01-20 20:42:00
868,868,Credit Card,success,1381.05,2024-03-03 23:17:00
869,869,Credit Card,failed,296.08,2023-11-26 17:08:00
870,870,Credit Card,success,199.15,2024-12-30 20:34:00
871,871,Credit Card,success,261.08,2024-10-13 17:33:00
872,872,PayPal,failed,267.07,2025-08-21 03:43:00
873,873,Credit Card,success,1278.18,2023-09-01 01:13:00
874,874,Apple Pay,success,414.7,2023-12-15 14:34:00
875,875,Credit Card,success,73.65,2025-02-17 19:19:00
876,876,Credit Card,success,788.97,2024-11-21 19:45:00
877,877,Credit Card,success,963.44,2025-01-12 18:34:00
878,878,Credit Card,success,185.14,2024-06-24 01:10:00
879,879,PayPal,success,1027.1,2025-06-07 21:22:00
880,880,Credit Card,success,230.72,2024-11-29 08:54:00
881,881,Apple Pay,success,1549.73,2024-04-04 04:13:00
882,882,Credit Card,success,942.36,2024-05-30 15:45:00
883,883,PayPal,success,666.6,2025-07-10 01:14:00
884,884,Credit Card,success,745.76,2025-04-01 18:07:00
885,885,Credit Card,success,436.54,2023-07-05 15:14:00
886,886,Credit Card,success,868.27,2025-07-24 16:29:00
887,887,Credit Card,success,504.47,2024-10-16 00:11:00
888,888,Credit Card,success,62.54,2023-09-19 23:46:00
889,889,Credit Card,failed,414.69,2024-08-24 18:48:00
890,890,Credit Card,success,150.1,2024-10-11 00:26:00
891,891,Credit Card,success,809.98,2025-03-30 09:21:00
892,892,Credit Card,success,818.71,2024-08-31 13:50:00
893,893,Credit Card,success,1783.28,2025-05-11 12:56:00
894,894,PayPal,success,226.69,2024-11-13 11:55:00
895,895,Credit Card,success,439.98,2023-07-05 09:06:00
896,896,Credit Card,success,174.54,2024-02-22 23:43:00
897,897,PayPal,success,280.78,2024-02-23 01:27:00
898,898,Credit Card,success,603.22,2023-08-09 15:38:00
899,899,PayPal,success,584.86,2025-04-22 01:56:00
900,900,PayPal,success,374.81,2025-10-05 12:10:00
901,901,Apple Pay,success,52.75,2024-05-14 16:45:00
902,902,Credit Card,success,80.42,2024-11-07 02:47:00
903,903,Credit Card,success,244.61,2025-07-28 05:48:00
904,904,Credit Card,success,420.4,2023-04-28 06:46:00
905,905,Credit Card,success,546.29,2024-07-19 08:21:00
906,906,PayPal,success,456.95,2023-03-13 11:33:00
907,907,Credit Card,failed,199.05,2024-01-23 20:47:00
908,908,Credit Card,success,420.9,2024-10-30 22:22:00
909,909,PayPal,failed,59.87,2025-08-18 03:51:00
910,910,Credit Card,success,127.4,2024-08-26 22:45:00
911,911,PayPal,success,139.44,2023-10-13 21:20:00
912,912,Apple Pay,success,313.79,2025-06-18 14:00:00
913,913,Credit Card,failed,614.64,2024-09-06 14:22:00
914,914,PayPal,failed,386.61,2024-09-08 10:45:00
915,915,Apple Pay,success,1149.38,2025-06-19 12:24:00
916,916,Credit Card,success,643.89,2025-02-17 17:58:00
917,917,PayPal,success,232.92,2025-03-18 20:23:00
918,918,Credit Card,success,707.31,2023-05-25 23:08:00
919,919,Credit Card,success,1126.92,2024-12-10 09:49:00
920,920,Credit Card,success,577.5,2023-10-08 05:41:00
921,921,Credit Card,success,1097.47,2025-01-02 00:17:00
922,922,Crypto,success,113.0,2024-06-09 15:13:00
923,923,Credit Card,success,233.96,2025-02-08 17:36:00
924,924,PayPal,success,330.87,2025-10-09 12:52:00
925,925,Credit Card,failed,164.75,2024-12-28 04:46:00
926,926,Credit Card,success,581.65,2023-10-03 00:10:00
927,927,PayPal,success,194.27,2024-04-29 15:33:00
928,928,Credit Card,failed,67.75,2023-03-20 18:46:00
929,929,PayPal,failed,443.91,2023-11-28 18:54:00
930,930,PayPal,success,777.62,2024-05-09 22:35:00
931,931,Credit Card,success,131.27,2024-12-30 17:30:00
932,932,PayPal,success,201.64,2025-03-13 04:25:00
933,933,Crypto,failed,332.43,2024-07-04 23:54:00
934,934,Credit Card,success,89.25,2023-06-20 21:00:00
935,935,Credit Card,success,394.67,2024-09-18 01:54:00
936,936,Bank Transfer,success,62.83,2023-12-08 22:43:00
937,937,Bank Transfer,success,438.52,2024-07-16 17:03:00
938,938,PayPal,success,258.71,2024-08-12 12:40:00
939,939,Crypto,success,349.19,2025-09-29 17:16:00
940,940,PayPal,success,366.14,2025-03-09 19:15:00
941,941,Apple Pay,failed,926.65,2024-01-30 00:53:00
942,942,Credit Card,success,470.93,2024-05-14 18:08:00
943,943,Apple Pay,success,382.87,2025-05-06 16:23:00
944,944,Credit Card,success,239.77,2024-09-22 21:44:00
945,945,Credit Card,success,272.07,2024-03-01 16:18:00
946,946,PayPal,success,786.04,2024-11-23 15:35:00
947,947,PayPal,failed,298.27,2024-04-15 07:13:00
948,948,Credit Card,success,376.53,2023-12-05 10:09:00
949,949,PayPal,success,225.17,2024-02-29 05:30:00
950,950,PayPal,success,721.37,2024-07-06 00:34:00
951,951,Bank Transfer,success,424.34,2023-08-30 09:05:00
952,952,Apple Pay,success,406.48,2024-09-06 06:53:00
953,953,Credit Card,success,230.72,2025-05-02 21:41:00
954,954,Apple Pay,success,681.98,2025-05-01 03:13:00
955,955,PayPal,failed,318.59,2025-08-10 12:44:00
956,956,PayPal,success,1006.76,2024-10-09 10:23:00
957,957,Credit Card,success,101.72,2025-07-16 09:49:00
958,958,Credit Card,failed,44.33,2025-09-02 04:56:00
959,959,Credit Card,success,426.17,2024-11-06 22:11:00
960,960,Credit Card,failed,181.48,2024-12-04 10:24:00
961,961,PayPal,success,415.65,2025-06-01 21:00:00
962,962,Credit Card,success,302.03,2024-01-12 23:18:00
963,963,PayPal,failed,73.74,2024-01-14 20:47:00
964,964,Credit Card,failed,191.01,2023-12-15 21:20:00
965,965,Apple Pay,failed,92.15,2024-11-16 13:01:00
966,966,PayPal,success,178.2,2024-02-18 13:26:00
967,967,Credit Card,success,437.13,2024-08-29 15:25:00
968,968,Credit Card,success,93.77,2024-08-04 20:18:00
969,969,PayPal,failed,325.24,2024-06-17 18:31:00
970,970,Credit Card,success,219.95,2024-06-02 12:57:00
971,971,Credit Card,success,337.62,2023-10-18 12:00:00
972,972,Bank Transfer,failed,879.96,2024-01-29 10:23:00
973,973,PayPal,success,591.34,2023-11-01 01:29:00
974,974,Crypto,success,433.97,2023-11-13 23:06:00
975,975,Credit Card,success,1388.01,2025-03-19 08:03:00
976,976,Credit Card,success,679.86,2025-01-10 06:31:00
977,977,Credit Card,success,1128.99,2023-11-04 06:43:00
978,978,Apple Pay,failed,328.81,2025-01-17 06:44:00
979,979,Credit Card,success,319.98,2024-09-04 12:05:00
980,980,PayPal,success,110.81,2025-08-15 03:29:00
981,981,Credit Card,success,813.92,2024-11-28 18:55:00
982,982,PayPal,failed,1279.5,2023-01-11 23:18:00
983,983,Credit Card,success,351.16,2025-01-02 21:20:00
984,984,Crypto,success,527.84,2023-12-20 05:16:00
985,985,PayPal,success,312.12,2023-12-14 06:57:00
986,986,Crypto,success,388.81,2024-06-16 18:35:00
987,987,PayPal,failed,44.33,2023-10-15 05:26:00
988,988,Apple Pay,success,31.9,2024-09-22 13:15:00
989,989,Credit Card,success,226.96,2024-01-08 05:15:00
990,990,Credit Card,success,70.27,2024-05-29 02:35:00
991,991,PayPal,success,664.52,2023-08-11 18:12:00
992,992,Credit Card,success,244.61,2024-09-22 01:59:00
993,993,Credit Card,success,126.39,2023-10-15 21:47:00
994,994,Credit Card,success,480.89,2023-10-13 07:28:00
995,995,Credit Card,success,225.21,2023-08-29 03:30:00
996,996,Credit Card,success,398.1,2025-02-16 09:21:00
997,997,Credit Card,success,1231.26,2023-10-06 13:44:00
998,998,Apple Pay,success,479.54,2024-02-13 23:02:00
999,999,Apple Pay,success,906.47,2024-12-28 15:01:00
1000,1000,Crypto,success,95.73,2025-01-27 16:54:00
1001,1001,Apple Pay,success,1027.85,2023-11-06 08:48:00
1002,1002,PayPal,success,135.62,2024-01-18 16:05:00
1003,1003,Credit Card,success,338.72,2023-11-11 17:52:00
1004,1004,Apple Pay,success,454.93,2025-05-31 10:14:00
1005,1005,Credit Card,failed,88.66,2024-08-26 19:41:00
1006,1006,Apple Pay,success,376.95,2024-11-27 03:15:00
1007,1007,Credit Card,success,561.2,2024-05-07 16:50:00
1008,1008,Crypto,success,558.3,2024-02-13 02:15:00
1009,1009,Credit Card,success,744.53,2024-02-18 19:33:00
1010,1010,Credit Card,failed,210.03,2025-04-16 17:58:00
1011,1011,Credit Card,success,412.27,2025-02-18 06:19:00
1012,1012,Apple Pay,success,145.43,2024-06-20 22:09:00
1013,1013,Credit Card,success,444.51,2025-09-08 13:44:00
1014,1014,Credit Card,success,250.57,2023-05-04 03:30:00
1015,1015,Credit Card,success,95.37,2024-08-29 13:29:00
1016,1016,PayPal,success,89.3,2024-04-30 11:17:00
1017,1017,Apple Pay,success,368.69,2025-09-06 00:24:00
1018,1018,PayPal,success,248.86,2023-03-27 14:57:00
1019,1019,Apple Pay,success,341.31,2023-06-04 00:43:00
1020,1020,PayPal,failed,756.0,2024-03-25 22:29:00
1021,1021,Credit Card,failed,404.03,2024-11-06 13:34:00
1022,1022,Credit Card,success,202.54,2023-11-24 08:34:00
1023,1023,Crypto,success,354.24,2023-12-27 10:36:00
1024,1024,Apple Pay,success,1714.29,2024-07-28 00:15:00
1025,1025,Bank Transfer,success,39.75,2023-11-29 16:01:00
1026,1026,Crypto,success,722.13,2025-05-25 14:33:00
1027,1027,Credit Card,success,405.05,2024-05-24 13:08:00
1028,1028,PayPal,success,876.24,2024-01-20 18:16:00
1029,1029,PayPal,failed,225.21,2025-03-03 05:13:00
1030,1030,Bank Transfer,success,617.27,2025-02-19 19:22:00
1031,1031,PayPal,success,493.31,2024-01-08 03:58:00
1032,1032,Credit Card,success,290.09,2024-04-02 21:10:00
1033,1033,PayPal,success,416.95,2025-02-08 21:07:00
1034,1034,Credit Card,success,1221.35,2023-12-31 12:59:00
1035,1035,Credit Card,failed,252.41,2024-08-29 05:32:00
1036,1036,Credit Card,success,439.98,2025-02-19 00:28:00
1037,1037,Credit Card,success,788.08,2024-03-21 17:15:00
1038,1038,Credit Card,success,335.59,2024-06-23 15:20:00
1039,1039,Crypto,success,431.47,2024-10-07 08:44:00
1040,1040,Credit Card,success,359.13,2025-02-05 14:47:00
1041,1041,Credit Card,success,864.02,2024-08-08 05:24:00
1042,1042,Credit Card,success,690.11,2025-09-09 03:31:00
1043,1043,Bank Transfer,success,272.51,2024-08-22 08:54:00
1044,1044,Apple Pay,success,190.13,2025-08-14 04:23:00
1045,1045,Crypto,success,424.34,2025-01-07 05:20:00
1046,1046,Crypto,failed,398.99,2023-10-07 05:55:00
1047,1047,Credit Card,success,569.64,2024-10-30 15:13:00
1048,1048,Credit Card,success,238.43,2024-02-13 00:21:00
1049,1049,PayPal,success,119.74,2023-11-25 03:15:00
1050,1050,PayPal,success,199.88,2025-01-17 10:48:00
1051,1051,Credit Card,success,594.22,2025-01-15 03:49:00
1052,1052,Credit Card,failed,382.2,2024-07-19 22:41:00
1053,1053,Credit Card,success,431.14,2024-11-25 11:31:00
1054,1054,PayPal,success,374.68,2023-07-17 12:48:00
1055,1055,Credit Card,success,234.66,2025-04-04 23:34:00
1056,1056,Credit Card,success,334.68,2023-04-20 17:52:00
1057,1057,Credit Card,success,508.62,2023-08-02 06:41:00
1058,1058,Credit Card,success,95.78,2024-12-07 21:06:00
1059,1059,PayPal,failed,64.19,2023-10-02 01:03:00
1060,1060,PayPal,success,2551.13,2025-04-26 06:52:00
1061,1061,Credit Card,failed,556.62,2023-11-21 20:31:00
1062,1062,Credit Card,success,115.87,2025-01-20 13:46:00
1063,1063,PayPal,failed,1040.48,2024-07-12 10:03:00
1064,1064,Credit Card,success,325.24,2023-12-09 21:53:00
1065,1065,PayPal,success,478.55,2025-05-17 11:53:00
1066,1066,Credit Card,success,852.2,2024-02-18 04:21:00
1067,1067,Apple Pay,success,303.1,2025-01-09 07:45:00
1068,1068,Credit Card,success,181.66,2023-03-13 11:58:00
1069,1069,Credit Card,failed,369.12,2025-06-13 18:42:00
1070,1070,PayPal,success,160.88,2025-06-17 13:38:00
1071,1071,Credit Card,success,936.72,2024-10-06 20:17:00
1072,1072,Credit Card,success,67.47,2025-02-14 23:06:00
1073,1073,Credit Card,success,491.84,2023-08-29 11:43:00
1074,1074,Apple Pay,success,609.24,2025-02-25 05:59:00
1075,1075,PayPal,success,261.88,2024-06-14 22:19:00
1076,1076,Credit Card,success,387.33,2024-06-10 15:11:00
1077,1077,Credit Card,success,80.44,2024-09-15 13:43:00
1078,1078,Credit Card,success,603.24,2024-05-06 09:06:00
1079,1079,PayPal,success,109.88,2023-10-07 08:20:00
1080,1080,Credit Card,success,381.6,2024-02-10 12:13:00
1081,1081,Credit Card,success,224.53,2024-04-08 02:44:00
1082,1082,PayPal,success,422.94,2023-12-28 08:34:00
1083,1083,Credit Card,success,808.81,2023-07-18 12:17:00
1084,1084,Credit Card,failed,121.01,2023-08-29 18:17:00
1085,1085,PayPal,success,238.56,2024-09-28 19:52:00
1086,1086,Credit Card,success,1532.9,2024-02-28 07:08:00
1087,1087,PayPal,failed,777.86,2024-09-17 05:02:00
1088,1088,Apple Pay,success,2041.09,2025-06-03 14:34:00
1089,1089,PayPal,success,326.44,2023-08-07 11:02:00
1090,1090,Credit Card,success,620.59,2024-06-19 04:41:00
1091,1091,Credit Card,success,887.03,2025-08-16 04:13:00
1092,1092,Credit Card,success,90.94,2024-01-08 16:24:00
1093,1093,PayPal,failed,401.4,2024-07-20 19:25:00
1094,1094,PayPal,success,269.95,2023-02-28 16:26:00
1095,1095,Credit Card,success,1119.59,2025-04-13 06:04:00
1096,1096,PayPal,success,148.03,2024-06-07 12:23:00
1097,1097,Credit Card,failed,735.06,2024-06-16 09:53:00
1098,1098,Apple Pay,failed,283.9,2023-09-22 23:16:00
1099,1099,Credit Card,success,59.4,2024-02-02 07:47:00
1100,1100,Credit Card,failed,1487.5,2024-06-01 18:47:00
1101,1101,Credit Card,success,690.96,2025-06-22 11:20:00
1102,1102,Credit Card,success,44.33,2024-09-14 09:38:00
1103,1103,Credit Card,success,280.66,2024-11-15 10:39:00
1104,1104,Credit Card,success,230.72,2024-04-20 08:19:00
1105,1105,PayPal,success,813.69,2024-05-24 13:31:00
1106,1106,Apple Pay,failed,688.83,2024-12-27 13:11:00
1107,1107,Credit Card,success,518.03,2023-01-29 06:32:00
1108,1108,Credit Card,success,441.12,2024-08-04 03:20:00
1109,1109,Crypto,success,1054.62,2024-08-28 19:19:00
1110,1110,Credit Card,success,818.36,2023-03-10 00:15:00
1111,1111,Credit Card,success,1645.32,2024-12-16 07:53:00
1112,1112,Apple Pay,success,332.43,2025-06-22 17:54:00
1113,1113,PayPal,success,524.95,2024-08-08 02:07:00
1114,1114,Credit Card,success,137.26,2024-12-30 12:22:00
1115,1115,PayPal,success,930.64,2025-04-25 00:16:00
1116,1116,PayPal,success,401.71,2025-03-06 12:19:00
1117,1117,PayPal,success,296.08,2025-10-08 09:47:00
1118,1118,Apple Pay,success,210.97,2023-05-29 11:18:00
1119,1119,Credit Card,success,375.14,2025-07-01 03:27:00
1120,1120,Apple Pay,success,378.68,2024-02-03 19:45:00
1121,1121,Credit Card,success,178.2,2025-04-28 20:28:00
1122,1122,PayPal,success,299.72,2023-04-23 15:16:00
1123,1123,PayPal,success,743.58,2023-11-21 23:58:00
1124,1124,Credit Card,success,230.96,2023-06-27 13:24:00
1125,1125,Credit Card,failed,280.78,2023-10-19 13:03:00
1126,1126,Apple Pay,success,295.94,2024-12-16 20:55:00
1127,1127,Credit Card,success,299.79,2023-10-23 23:05:00
1128,1128,Credit Card,success,438.52,2025-04-20 14:34:00
1129,1129,Credit Card,success,347.9,2025-10-26 05:46:00
1130,1130,Apple Pay,success,135.49,2023-12-31 13:52:00
1131,1131,Bank Transfer,success,1179.72,2023-10-19 14:47:00
1132,1132,Apple Pay,success,1571.43,2024-09-10 18:12:00
1133,1133,Credit Card,success,341.45,2024-10-09 07:46:00
1134,1134,PayPal,success,711.56,2024-05-09 14:50:00
1135,1135,Credit Card,success,1269.05,2025-01-10 03:53:00
1136,1136,PayPal,success,1069.63,2024-10-15 20:25:00
1137,1137,Credit Card,success,1601.89,2023-03-14 22:57:00
1138,1138,Credit Card,success,476.67,2023-12-05 16:56:00
1139,1139,PayPal,success,802.4,2024-11-05 14:25:00
1140,1140,Credit Card,failed,432.01,2024-11-16 20:56:00
1141,1141,Bank Transfer,success,65.68,2024-01-27 23:49:00
1142,1142,Credit Card,success,319.58,2025-05-24 17:19:00
1143,1143,Credit Card,success,166.8,2025-06-23 04:34:00
1144,1144,Credit Card,success,1575.63,2024-11-18 13:12:00
1145,1145,Apple Pay,success,199.59,2024-06-29 02:48:00
1146,1146,Apple Pay,success,494.08,2024-10-10 17:53:00
1147,1147,Crypto,success,324.88,2024-06-06 13:09:00
1148,1148,PayPal,success,126.39,2025-06-03 20:26:00
1149,1149,PayPal,success,156.56,2025-05-13 17:48:00
1150,1150,Crypto,success,93.4,2025-03-16 03:40:00
1151,1151,PayPal,success,181.12,2023-06-27 23:32:00
1152,1152,PayPal,success,519.42,2025-03-11 15:59:00
1153,1153,Credit Card,success,403.57,2023-10-25 08:02:00
1154,1154,Credit Card,success,349.19,2024-12-20 12:49:00
1155,1155,PayPal,success,143.03,2024-04-22 07:47:00
1156,1156,Credit Card,success,246.73,2024-05-02 04:20:00
1157,1157,Credit Card,success,358.4,2023-10-26 08:41:00
1158,1158,Apple Pay,failed,447.18,2024-05-27 20:39:00
1159,1159,Credit Card,success,149.43,2023-05-05 09:20:00
1160,1160,Bank Transfer,success,1962.38,2023-12-22 16:15:00
1161,1161,PayPal,success,62.83,2025-08-10 23:29:00
1162,1162,Credit Card,failed,246.42,2023-06-13 16:49:00
1163,1163,PayPal,success,910.51,2024-05-20 17:40:00
1164,1164,Credit Card,success,986.81,2025-06-05 22:43:00
1165,1165,PayPal,success,168.75,2023-03-17 21:37:00
1166,1166,Credit Card,failed,844.91,2023-11-27 21:46:00
1167,1167,Credit Card,success,525.36,2023-10-01 20:20:00
1168,1168,Credit Card,success,817.25,2025-01-12 19:56:00
1169,1169,Credit Card,success,1073.52,2025-06-29 01:25:00
1170,1170,Credit Card,success,1156.19,2025-01-03 12:44:00
1171,1171,Credit Card,success,290.09,2025-06-10 11:47:00
1172,1172,PayPal,success,574.67,2024-11-15 17:20:00
1173,1173,Credit Card,success,50.32,2023-05-08 01:39:00
1174,1174,Crypto,success,508.88,2023-10-02 09:40:00
1175,1175,PayPal,success,477.24,2025-03-10 14:21:00
1176,1176,Apple Pay,success,347.16,2025-04-16 16:51:00
1177,1177,PayPal,failed,384.2,2023-05-19 02:22:00
1178,1178,Credit Card,success,376.95,2024-06-06 02:16:00
1179,1179,Credit Card,success,131.27,2023-11-05 12:41:00
1180,1180,Credit Card,success,1118.14,2025-03-16 22:27:00
1181,1181,Credit Card,success,320.43,2023-10-02 03:24:00
1182,1182,Credit Card,success,801.24,2024-10-26 23:53:00
1183,1183,PayPal,success,231.2,2023-07-17 14:58:00
1184,1184,PayPal,success,230.72,2023-07-25 15:53:00
1185,1185,Apple Pay,success,71.32,2025-02-07 12:17:00
1186,1186,Bank Transfer,success,253.7,2023-08-28 10:03:00
1187,1187,Credit Card,success,580.18,2024-09-03 08:16:00
1188,1188,Credit Card,success,796.59,2024-11-30 20:33:00
1189,1189,Credit Card,success,72.9,2024-11-19 10:05:00
1190,1190,Credit Card,success,220.28,2024-04-17 20:09:00
1191,1191,Credit Card,success,569.79,2024-02-27 19:10:00
1192,1192,Apple Pay,success,133.04,2023-03-01 00:08:00
1193,1193,PayPal,failed,60.62,2023-08-09 23:30:00
1194,1194,PayPal,success,439.98,2023-08-25 13:47:00
1195,1195,Credit Card,success,845.45,2024-09-02 10:52:00
1196,1196,Credit Card,success,258.72,2024-06-27 05:51:00
1197,1197,Credit Card,success,409.05,2024-02-26 17:03:00
1198,1198,PayPal,failed,1282.13,2025-05-19 00:20:00
1199,1199,Credit Card,success,847.97,2023-11-17 03:11:00
1200,1200,Apple Pay,success,856.05,2023-06-16 05:15:00
1201,1201,Credit Card,success,534.91,2024-01-12 02:02:00
1202,1202,Credit Card,failed,191.01,2025-03-03 13:15:00
1203,1203,PayPal,success,401.71,2023-09-19 21:06:00
1204,1204,Apple Pay,success,508.43,2025-02-20 14:45:00
1205,1205,Credit Card,success,974.12,2024-12-26 08:30:00
1206,1206,Credit Card,success,460.4,2024-12-05 00:13:00
1207,1207,PayPal,success,372.88,2023-06-04 03:45:00
1208,1208,Credit Card,failed,293.55,2024-02-24 09:51:00
1209,1209,Credit Card,success,400.66,2025-12-08 10:06:00
1210,1210,Credit Card,success,222.13,2025-02-26 01:45:00
1211,1211,Credit Card,failed,402.48,2024-04-13 20:57:00
1212,1212,PayPal,failed,374.81,2024-11-10 10:53:00
1213,1213,Credit Card,success,335.5,2024-06-21 10:17:00
1214,1214,Apple Pay,success,1253.23,2025-03-13 11:02:00
1215,1215,PayPal,success,238.62,2024-06-17 23:48:00
1216,1216,Credit Card,success,364.23,2024-12-23 19:12:00
1217,1217,Credit Card,failed,119.74,2024-08-14 07:53:00
1218,1218,Credit Card,success,1096.94,2024-11-14 18:14:00
1219,1219,Apple Pay,success,1224.15,2025-03-06 03:33:00
1220,1220,Apple Pay,success,191.43,2024-08-18 16:17:00
1221,1221,Credit Card,success,1051.29,2024-01-08 04:24:00
1222,1222,Credit Card,success,934.52,2024-07-18 13:11:00
1223,1223,Credit Card,success,412.06,2023-11-28 18:51:00
1224,1224,Credit Card,failed,1006.32,2025-03-26 14:31:00
1225,1225,Credit Card,success,1358.95,2025-02-28 00:39:00
1226,1226,Credit Card,success,244.61,2024-09-20 04:33:00
1227,1227,PayPal,success,841.95,2024-09-15 05:34:00
1228,1228,PayPal,success,403.42,2024-02-12 01:27:00
1229,1229,PayPal,success,404.71,2025-03-04 06:56:00
1230,1230,Credit Card,success,333.62,2025-12-17 05:47:00
1231,1231,Credit Card,success,959.44,2024-06-12 15:52:00
1232,1232,Credit Card,failed,938.89,2024-08-09 10:56:00
1233,1233,Crypto,success,279.92,2025-06-07 16:49:00
1234,1234,Apple Pay,success,76.84,2024-09-02 17:07:00
1235,1235,Credit Card,success,452.73,2023-08-28 09:46:00
1236,1236,PayPal,failed,741.03,2024-01-30 13:22:00
1237,1237,Crypto,success,695.71,2023-12-26 11:54:00
1238,1238,Bank Transfer,success,50.04,2024-01-12 09:50:00
1239,1239,Credit Card,success,1041.45,2024-04-19 18:05:00
1240,1240,PayPal,success,340.25,2025-07-24 19:21:00
1241,1241,PayPal,success,80.83,2024-01-05 05:06:00
1242,1242,PayPal,success,290.65,2024-05-15 04:53:00
1243,1243,PayPal,success,81.37,2024-08-26 23:11:00
1244,1244,Credit Card,success,259.96,2024-03-02 03:28:00
1245,1245,Credit Card,failed,228.1,2023-10-24 17:22:00
1246,1246,Credit Card,success,270.79,2025-01-18 22:28:00
1247,1247,Credit Card,success,76.42,2025-02-11 17:40:00
1248,1248,Credit Card,success,751.38,2025-05-28 02:56:00
1249,1249,Apple Pay,success,745.81,2024-05-16 08:23:00
1250,1250,PayPal,success,619.2,2025-03-03 00:56:00
1251,1251,PayPal,failed,277.53,2024-02-08 13:05:00
1252,1252,Credit Card,success,1345.75,2024-06-26 00:20:00
1253,1253,PayPal,success,640.46,2024-02-07 01:18:00
1254,1254,Apple Pay,failed,981.07,2023-07-16 08:04:00
1255,1255,Credit Card,success,1599.89,2023-11-04 11:53:00
1256,1256,Credit Card,success,550.41,2024-11-14 12:12:00
1257,1257,Credit Card,success,402.48,2024-03-14 00:29:00
1258,1258,Credit Card,success,186.16,2024-11-19 15:48:00
1259,1259,PayPal,success,412.27,2024-06-10 07:07:00
1260,1260,Credit Card,success,860.42,2024-12-31 23:43:00
1261,1261,PayPal,failed,132.04,2024-05-20 19:28:00
1262,1262,Credit Card,success,216.83,2024-06-25 19:00:00
1263,1263,Apple Pay,success,974.64,2025-01-11 00:39:00
1264,1264,PayPal,success,838.59,2023-10-24 16:08:00
1265,1265,Credit Card,success,71.32,2023-11-08 14:50:00
1266,1266,PayPal,success,378.73,2024-02-22 21:18:00
1267,1267,Credit Card,failed,908.25,2024-09-01 22:09:00
1268,1268,Credit Card,success,683.44,2024-09-14 07:17:00
1269,1269,Credit Card,success,409.66,2023-10-24 06:22:00
1270,1270,PayPal,success,1166.43,2024-12-01 14:05:00
1271,1271,Credit Card,success,426.94,2024-11-17 03:40:00
1272,1272,PayPal,success,307.14,2024-06-16 13:46:00
1273,1273,Credit Card,success,876.52,2024-01-31 15:29:00
1274,1274,Credit Card,success,1051.19,2023-06-05 22:13:00
1275,1275,PayPal,success,1662.54,2023-08-03 01:14:00
1276,1276,Credit Card,success,117.44,2025-08-08 15:15:00
1277,1277,PayPal,failed,601.24,2025-05-05 15:15:00
1278,1278,Credit Card,success,214.76,2023-12-16 18:05:00
1279,1279,Apple Pay,success,416.95,2025-06-07 09:48:00
1280,1280,Credit Card,success,277.57,2023-11-27 13:06:00
1281,1281,PayPal,success,360.15,2024-03-28 11:51:00
1282,1282,PayPal,success,1344.62,2023-09-04 15:48:00
1283,1283,PayPal,success,209.2,2024-08-08 03:41:00
1284,1284,Credit Card,failed,928.31,2024-12-08 16:24:00
1285,1285,PayPal,success,231.2,2025-02-10 03:49:00
1286,1286,Credit Card,failed,531.62,2024-12-24 22:34:00
1287,1287,Credit Card,success,25.91,2024-01-14 03:10:00
1288,1288,Credit Card,success,595.93,2024-08-27 13:35:00
1289,1289,Apple Pay,success,429.55,2024-02-18 18:50:00
1290,1290,Credit Card,success,879.19,2024-10-04 13:16:00
1291,1291,Credit Card,success,454.93,2024-09-03 01:18:00
1292,1292,Credit Card,success,262.84,2024-07-31 12:21:00
1293,1293,PayPal,success,833.28,2023-06-14 22:27:00
1294,1294,PayPal,success,870.63,2024-04-23 17:52:00
1295,1295,PayPal,success,360.28,2024-07-25 10:18:00
1296,1296,Credit Card,failed,791.8,2024-08-31 11:53:00
1297,1297,Credit Card,success,791.02,2024-07-08 00:55:00
1298,1298,Credit Card,success,372.88,2024-11-08 02:45:00
1299,1299,Credit Card,success,286.65,2023-10-25 23:18:00
1300,1300,Credit Card,success,254.76,2025-01-28 16:28:00
1301,1301,Credit Card,success,59.69,2024-07-05 22:58:00
1302,1302,Credit Card,failed,275.66,2025-08-24 09:26:00
1303,1303,Credit Card,success,1180.65,2025-02-08 07:35:00
1304,1304,Credit Card,success,819.18,2025-06-25 13:25:00
1305,1305,Credit Card,success,288.11,2023-11-21 10:58:00
1306,1306,Credit Card,success,696.21,2024-11-09 06:55:00
1307,1307,Credit Card,success,200.98,2024-02-28 22:40:00
1308,1308,Apple Pay,success,256.41,2024-07-06 15:22:00
1309,1309,PayPal,success,1374.33,2025-02-10 04:10:00
1310,1310,Apple Pay,success,150.85,2025-01-22 21:07:00
1311,1311,Credit Card,success,48.07,2024-04-09 07:17:00
1312,1312,Credit Card,success,309.71,2025-04-16 00:51:00
1313,1313,Credit Card,success,308.64,2025-11-12 07:14:00
1314,1314,Apple Pay,success,921.22,2023-08-22 20:12:00
1315,1315,Credit Card,success,238.09,2025-07-01 18:09:00
1316,1316,Apple Pay,success,166.87,2024-07-07 00:07:00
1317,1317,Apple Pay,success,145.43,2024-06-17 09:42:00
1318,1318,Apple Pay,success,150.1,2023-02-22 00:14:00
1319,1319,Credit Card,success,884.68,2023-11-16 14:37:00
1320,1320,PayPal,success,233.96,2025-04-25 04:29:00
1321,1321,Credit Card,success,269.75,2024-12-22 09:55:00
1322,1322,Credit Card,success,1700.4,2025-02-17 20:55:00
1323,1323,PayPal,success,283.69,2025-02-18 07:04:00
1324,1324,PayPal,success,365.14,2024-03-05 23:59:00
1325,1325,PayPal,success,627.84,2025-05-06 11:16:00
1326,1326,Crypto,success,422.94,2024-12-09 20:16:00
1327,1327,PayPal,success,811.47,2024-02-25 21:00:00
1328,1328,Credit Card,success,101.72,2023-08-07 01:19:00
1329,1329,Credit Card,success,1088.82,2023-11-18 12:01:00
1330,1330,Credit Card,success,180.14,2024-05-18 03:25:00
1331,1331,Bank Transfer,success,259.96,2025-01-10 17:02:00
1332,1332,Credit Card,success,278.88,2024-04-06 15:24:00
1333,1333,Credit Card,success,220.08,2024-03-15 16:28:00
1334,1334,PayPal,success,1248.92,2024-10-11 04:56:00
1335,1335,Credit Card,success,138.46,2023-07-16 08:17:00
1336,1336,Credit Card,success,195.13,2023-07-03 10:31:00
1337,1337,Apple Pay,failed,1203.17,2025-04-29 01:48:00
1338,1338,Credit Card,success,105.77,2023-07-30 13:14:00
1339,1339,Credit Card,failed,110.72,2025-09-07 22:29:00
1340,1340,Credit Card,success,179.94,2024-11-14 11:21:00
1341,1341,Credit Card,success,1954.83,2023-06-03 08:49:00
1342,1342,Credit Card,success,125.27,2024-09-26 00:59:00
1343,1343,Credit Card,success,360.81,2025-01-12 02:54:00
1344,1344,PayPal,success,616.17,2025-05-24 08:48:00
1345,1345,Crypto,success,133.04,2025-04-21 05:29:00
1346,1346,Bank Transfer,success,596.88,2024-08-19 02:52:00
1347,1347,Credit Card,success,443.51,2025-03-01 05:46:00
1348,1348,Credit Card,success,70.43,2025-02-18 09:05:00
1349,1349,Credit Card,success,697.77,2024-01-29 18:30:00
1350,1350,PayPal,failed,912.54,2023-10-17 11:37:00
1351,1351,Credit Card,success,234.75,2023-12-31 01:28:00
1352,1352,PayPal,success,171.89,2024-04-27 20:41:00
1353,1353,PayPal,success,655.59,2025-03-27 13:53:00
1354,1354,Bank Transfer,success,184.57,2024-09-25 14:36:00
1355,1355,Credit Card,success,1019.64,2025-03-30 04:07:00
1356,1356,Credit Card,success,288.48,2025-02-10 20:36:00
1357,1357,PayPal,failed,380.33,2023-06-03 14:40:00
1358,1358,Credit Card,success,2217.74,2023-03-28 16:08:00
1359,1359,Apple Pay,success,262.15,2024-11-27 04:46:00
1360,1360,Credit Card,success,159.55,2024-10-06 23:21:00
1361,1361,Credit Card,success,709.54,2024-04-19 20:17:00
1362,1362,Credit Card,success,142.64,2024-04-03 11:14:00
1363,1363,Bank Transfer,success,237.77,2025-06-12 15:05:00
1364,1364,PayPal,success,482.8,2025-04-15 20:55:00
1365,1365,Credit Card,success,255.94,2024-01-27 10:17:00
1366,1366,Credit Card,success,1164.08,2024-12-22 07:13:00
1367,1367,Credit Card,success,795.33,2024-05-22 18:56:00
1368,1368,PayPal,success,409.66,2024-06-03 04:05:00
1369,1369,Credit Card,success,249.45,2024-06-05 12:10:00
1370,1370,Credit Card,success,733.25,2025-03-09 01:03:00
1371,1371,Credit Card,success,580.89,2024-09-06 23:21:00
1372,1372,Credit Card,success,232.44,2024-11-24 06:10:00
1373,1373,Crypto,success,453.11,2024-08-17 00:12:00
1374,1374,PayPal,success,443.2,2023-10-17 22:50:00
1375,1375,Credit Card,failed,465.35,2025-12-20 14:26:00
1376,1376,Credit Card,success,644.37,2024-02-06 11:42:00
1377,1377,PayPal,success,319.09,2023-11-17 01:03:00
1378,1378,Apple Pay,success,415.65,2023-12-22 12:02:00
1379,1379,Credit Card,success,441.58,2025-02-18 07:36:00
1380,1380,PayPal,success,332.96,2025-03-10 05:37:00
1381,1381,Credit Card,success,653.45,2024-06-06 02:35:00
1382,1382,Apple Pay,success,426.94,2024-01-15 16:16:00
1383,1383,Credit Card,success,477.92,2024-12-28 10:50:00
1384,1384,Crypto,success,891.51,2025-01-05 04:23:00
1385,1385,Credit Card,success,1124.4,2024-02-24 21:30:00
1386,1386,Apple Pay,success,198.65,2025-03-01 18:40:00
1387,1387,Credit Card,success,1188.11,2024-04-21 05:57:00
1388,1388,PayPal,success,1051.66,2024-03-01 11:24:00
1389,1389,PayPal,success,899.79,2023-11-15 05:07:00
1390,1390,Credit Card,success,199.05,2025-02-02 17:09:00
1391,1391,PayPal,failed,270.51,2023-05-22 04:23:00
1392,1392,PayPal,success,221.83,2025-03-31 11:59:00
1393,1393,PayPal,success,1765.79,2025-02-14 21:15:00
1394,1394,Crypto,failed,1352.81,2023-10-22 15:43:00
1395,1395,Credit Card,success,983.55,2023-08-28 19:41:00
1396,1396,Credit Card,success,22.02,2024-08-01 17:30:00
1397,1397,Credit Card,success,337.33,2023-04-20 17:46:00
1398,1398,Credit Card,success,165.54,2023-11-09 19:17:00
1399,1399,Credit Card,success,281.88,2024-03-05 09:04:00
1400,1400,Credit Card,success,682.7,2024-08-20 04:31:00
1401,1401,PayPal,success,479.95,2023-11-30 10:15:00
1402,1402,Apple Pay,success,405.16,2024-10-13 22:37:00
1403,1403,Credit Card,success,1402.93,2023-07-30 13:27:00
1404,1404,Credit Card,success,1541.57,2024-08-03 04:58:00
1405,1405,Credit Card,failed,888.37,2025-03-21 00:38:00
1406,1406,Credit Card,failed,59.69,2023-10-08 13:25:00
1407,1407,Crypto,success,1296.03,2025-04-20 06:28:00
1408,1408,Credit Card,success,415.65,2025-02-05 14:47:00
1409,1409,Credit Card,success,198.27,2024-07-06 17:19:00
1410,1410,Apple Pay,success,462.19,2025-03-22 06:11:00
1411,1411,PayPal,success,550.87,2024-07-28 06:45:00
1412,1412,Credit Card,success,734.6,2023-10-22 16:17:00
1413,1413,Credit Card,success,425.41,2024-08-15 17:02:00
1414,1414,Credit Card,success,993.45,2023-11-27 14:47:00
1415,1415,PayPal,success,444.51,2024-04-10 16:58:00
1416,1416,Crypto,success,319.1,2024-03-26 01:15:00
1417,1417,Credit Card,success,253.0,2023-10-11 08:41:00
1418,1418,Apple Pay,success,381.03,2025-09-01 13:58:00
1419,1419,Credit Card,success,1050.98,2024-03-19 17:10:00
1420,1420,Credit Card,success,376.56,2024-08-12 22:59:00
1421,1421,PayPal,failed,344.73,2025-08-13 13:40:00
1422,1422,PayPal,success,1662.43,2025-10-24 09:36:00
1423,1423,Apple Pay,failed,404.71,2025-08-16 08:00:00
1424,1424,Crypto,success,347.9,2024-04-05 18:07:00
1425,1425,Credit Card,success,25.91,2024-03-12 02:35:00
1426,1426,PayPal,success,919.79,2024-11-12 00:37:00
1427,1427,Apple Pay,success,85.37,2025-08-06 13:13:00
1428,1428,Crypto,success,554.3,2024-08-22 03:32:00
1429,1429,Credit Card,success,198.59,2024-10-30 14:36:00
1430,1430,Credit Card,success,52.75,2025-01-11 06:57:00
1431,1431,Credit Card,failed,580.28,2024-04-12 09:13:00
1432,1432,Credit Card,success,768.39,2024-05-17 01:32:00
1433,1433,Credit Card,success,696.31,2024-02-15 21:07:00
1434,1434,PayPal,success,1162.91,2023-06-21 10:04:00
1435,1435,PayPal,success,95.73,2023-04-29 13:51:00
1436,1436,Credit Card,success,71.32,2024-04-07 01:28:00
1437,1437,Credit Card,success,527.69,2024-01-25 04:28:00
1438,1438,PayPal,success,1103.09,2025-05-20 19:01:00
1439,1439,PayPal,success,101.77,2024-01-20 14:22:00
1440,1440,PayPal,success,417.0,2024-03-13 07:17:00
1441,1441,PayPal,success,870.36,2025-08-14 17:19:00
1442,1442,Credit Card,success,454.93,2024-07-10 01:34:00
1443,1443,Credit Card,success,299.72,2024-09-23 21:14:00
1444,1444,Credit Card,success,361.54,2024-11-10 00:43:00
1445,1445,Crypto,success,474.68,2024-01-06 07:45:00
1446,1446,PayPal,success,851.62,2024-07-18 11:32:00
1447,1447,PayPal,success,276.62,2023-12-05 13:15:00
1448,1448,Credit Card,success,1227.7,2023-09-11 16:10:00
1449,1449,Crypto,success,416.9,2023-03-13 09:40:00
1450,1450,Credit Card,failed,777.97,2024-03-23 15:36:00
1451,1451,Credit Card,success,457.78,2025-03-08 04:05:00
1452,1452,PayPal,success,361.59,2025-03-11 18:37:00
1453,1453,Credit Card,success,367.21,2024-01-25 06:34:00
1454,1454,PayPal,failed,253.0,2024-06-02 22:49:00
1455,1455,Credit Card,failed,175.44,2025-03-07 10:32:00
1456,1456,Apple Pay,success,111.58,2023-10-21 02:31:00
1457,1457,Credit Card,success,184.19,2024-10-23 20:28:00
1458,1458,Credit Card,success,170.76,2025-06-27 17:08:00
1459,1459,Crypto,success,1109.46,2024-05-31 22:18:00
1460,1460,Credit Card,success,745.21,2024-07-27 08:47:00
1461,1461,PayPal,success,622.35,2024-12-22 09:26:00
1462,1462,Credit Card,failed,1038.39,2024-02-03 19:50:00
1463,1463,Credit Card,success,445.97,2025-09-17 19:50:00
1464,1464,Credit Card,success,196.11,2025-01-28 13:56:00
1465,1465,Credit Card,success,430.21,2025-06-23 10:15:00
1466,1466,Crypto,success,382.66,2025-04-06 01:52:00
1467,1467,Credit Card,failed,244.61,2024-03-28 06:21:00
1468,1468,Credit Card,success,1514.3,2025-01-05 11:06:00
1469,1469,Apple Pay,success,206.97,2024-12-12 01:24:00
1470,1470,PayPal,success,821.55,2024-05-03 20:57:00
1471,1471,Bank Transfer,success,410.41,2025-04-25 17:52:00
1472,1472,Apple Pay,success,509.94,2024-07-28 18:10:00
1473,1473,Credit Card,success,1059.04,2024-08-24 23:43:00
1474,1474,Credit Card,success,156.59,2023-06-05 01:34:00
1475,1475,Credit Card,failed,690.59,2024-06-04 06:06:00
1476,1476,Apple Pay,success,511.39,2023-08-05 02:11:00
1477,1477,PayPal,success,740.22,2024-09-30 03:36:00
1478,1478,Credit Card,success,168.21,2024-04-13 14:33:00
1479,1479,PayPal,failed,139.44,2025-04-07 16:03:00
1480,1480,Credit Card,success,439.72,2025-05-11 15:08:00
1481,1481,Credit Card,success,76.84,2024-05-05 01:19:00
1482,1482,Credit Card,success,88.66,2023-04-01 16:36:00
1483,1483,PayPal,success,360.53,2024-09-24 17:20:00
1484,1484,Credit Card,success,723.87,2024-04-03 22:53:00
1485,1485,PayPal,success,1575.01,2024-09-29 16:10:00
1486,1486,Apple Pay,success,277.4,2024-11-29 02:54:00
1487,1487,Credit Card,success,835.8,2023-12-06 07:37:00
1488,1488,Credit Card,success,512.51,2024-07-14 02:43:00
1489,1489,Credit Card,success,1207.22,2024-05-09 15:02:00
1490,1490,Credit Card,success,660.82,2023-10-13 08:29:00
1491,1491,Credit Card,success,1323.57,2024-11-16 10:15:00
1492,1492,Credit Card,failed,735.91,2025-03-01 22:15:00
1493,1493,Credit Card,success,146.26,2025-11-11 13:49:00
1494,1494,PayPal,success,522.77,2025-01-27 14:40:00
1495,1495,Apple Pay,success,1026.98,2024-04-13 21:45:00
1496,1496,PayPal,failed,178.87,2023-08-22 17:12:00
1497,1497,Credit Card,success,345.71,2024-06-12 17:32:00
1498,1498,Credit Card,success,511.1,2024-03-30 04:05:00
1499,1499,Credit Card,success,551.17,2023-11-20 00:35:00
1500,1500,Credit Card,success,361.05,2024-09-18 19:42:00
1501,1501,Apple Pay,success,331.45,2025-08-01 21:01:00
1502,1502,Credit Card,failed,394.04,2024-03-04 04:55:00
1503,1503,PayPal,success,194.27,2024-04-27 09:38:00
1504,1504,PayPal,success,1858.64,2025-10-11 05:49:00
1505,1505,Bank Transfer,success,1244.35,2024-03-22 16:22:00
1506,1506,Credit Card,success,240.2,2023-09-09 08:32:00
1507,1507,Crypto,failed,85.37,2024-02-17 22:52:00
1508,1508,Credit Card,success,935.8,2024-08-28 09:39:00
1509,1509,Credit Card,success,144.05,2025-02-22 17:59:00
1510,1510,PayPal,success,230.72,2025-01-17 22:48:00
1511,1511,Credit Card,success,171.13,2024-12-16 16:47:00
1512,1512,Credit Card,success,231.2,2023-11-05 06:47:00
1513,1513,Apple Pay,success,233.82,2023-09-04 15:28:00
1514,1514,Credit Card,success,209.2,2025-09-30 13:44:00
1515,1515,Credit Card,success,759.43,2024-03-12 01:11:00
1516,1516,Credit Card,success,188.67,2025-03-07 23:18:00
1517,1517,PayPal,success,46.76,2024-06-11 02:11:00
1518,1518,Crypto,success,661.61,2023-10-28 04:02:00
1519,1519,PayPal,success,178.2,2024-10-03 21:36:00
1520,1520,Credit Card,success,1229.82,2023-10-01 05:45:00
1521,1521,Bank Transfer,success,827.96,2024-11-22 22:12:00
1522,1522,Credit Card,failed,449.68,2024-08-17 04:41:00
1523,1523,Apple Pay,failed,953.27,2023-08-21 05:31:00
1524,1524,PayPal,success,619.88,2023-03-29 23:46:00
1525,1525,Credit Card,success,378.23,2023-09-13 04:03:00
1526,1526,PayPal,success,592.59,2024-03-15 21:10:00
1527,1527,Credit Card,success,1369.57,2024-08-08 04:20:00
1528,1528,Credit Card,success,576.22,2024-10-23 01:29:00
1529,1529,Bank Transfer,success,1703.02,2025-01-02 04:36:00
1530,1530,Credit Card,success,447.18,2023-11-17 06:04:00
1531,1531,PayPal,success,298.1,2024-05-21 03:12:00
1532,1532,Apple Pay,success,381.08,2024-02-23 06:24:00
1533,1533,Apple Pay,failed,416.9,2025-05-24 08:51:00
1534,1534,PayPal,success,1116.14,2024-01-31 16:14:00
1535,1535,Credit Card,success,1168.86,2025-01-23 21:58:00
1536,1536,PayPal,success,420.9,2023-09-12 04:36:00
1537,1537,Credit Card,success,85.38,2025-09-27 11:42:00
1538,1538,Credit Card,success,231.41,2025-06-24 06:36:00
1539,1539,Credit Card,success,104.0,2023-07-30 10:41:00
1540,1540,Credit Card,failed,216.43,2023-03-16 20:00:00
1541,1541,PayPal,success,707.71,2024-12-08 19:30:00
1542,1542,Credit Card,success,405.87,2023-05-08 05:14:00
1543,1543,Credit Card,success,333.62,2024-10-16 02:10:00
1544,1544,Credit Card,success,158.96,2023-08-31 16:24:00
1545,1545,Credit Card,failed,55.22,2023-12-28 11:33:00
1546,1546,Credit Card,success,269.75,2025-07-31 12:18:00
1547,1547,Apple Pay,success,267.07,2024-07-31 06:45:00
1548,1548,Credit Card,success,46.76,2023-11-24 13:08:00
1549,1549,Credit Card,failed,790.17,2024-03-15 06:57:00
1550,1550,Credit Card,success,917.04,2023-12-10 16:09:00
1551,1551,PayPal,success,417.0,2024-08-21 14:20:00
1552,1552,Credit Card,success,1177.29,2025-06-12 03:20:00
1553,1553,PayPal,success,680.96,2023-03-11 12:07:00
1554,1554,PayPal,success,196.5,2025-05-23 14:07:00
1555,1555,Credit Card,failed,464.88,2023-09-20 21:38:00
1556,1556,Bank Transfer,success,396.49,2024-11-13 03:36:00
1557,1557,Credit Card,failed,312.1,2023-03-17 02:53:00
1558,1558,Apple Pay,success,717.79,2024-04-30 23:49:00
1559,1559,Credit Card,success,1246.8,2024-01-20 14:26:00
1560,1560,Credit Card,success,162.13,2024-02-07 02:24:00
1561,1561,Credit Card,success,1063.9,2025-08-02 17:30:00
1562,1562,Apple Pay,success,405.05,2024-06-23 10:12:00
1563,1563,Apple Pay,failed,759.06,2025-07-18 00:57:00
1564,1564,Credit Card,success,100.37,2025-06-08 21:54:00
1565,1565,Credit Card,success,529.25,2023-04-06 23:19:00
1566,1566,Bank Transfer,failed,149.59,2023-03-30 06:48:00
1567,1567,Credit Card,success,773.18,2025-09-18 03:22:00
1568,1568,Credit Card,success,772.14,2024-12-12 09:44:00
1569,1569,Credit Card,success,549.59,2024-05-15 02:50:00
1570,1570,PayPal,success,532.28,2024-07-20 14:54:00
1571,1571,Credit Card,failed,196.92,2023-10-16 23:24:00
1572,1572,Credit Card,success,286.14,2024-05-24 06:34:00
1573,1573,PayPal,success,935.47,2023-11-12 17:59:00
1574,1574,Crypto,success,492.23,2024-07-10 04:14:00
1575,1575,Credit Card,failed,325.09,2024-03-11 01:40:00
1576,1576,Apple Pay,success,362.06,2025-02-19 05:33:00
1577,1577,Credit Card,success,1450.31,2023-09-18 09:25:00
1578,1578,Credit Card,failed,166.8,2023-12-21 16:10:00
1579,1579,Credit Card,success,85.38,2023-07-31 11:10:00
1580,1580,Credit Card,success,410.91,2024-04-04 02:02:00
1581,1581,Credit Card,failed,82.83,2024-08-31 03:01:00
1582,1582,Credit Card,success,996.83,2025-06-04 19:17:00
1583,1583,Apple Pay,success,332.43,2025-02-27 09:56:00
1584,1584,Credit Card,success,546.91,2023-10-08 21:15:00
1585,1585,Bank Transfer,success,419.7,2025-01-20 20:16:00
1586,1586,Credit Card,success,607.22,2024-05-02 19:12:00
1587,1587,Credit Card,success,272.62,2024-11-02 14:53:00
1588,1588,PayPal,success,759.83,2024-02-07 01:33:00
1589,1589,Credit Card,success,939.36,2025-03-31 09:04:00
1590,1590,Credit Card,success,1060.71,2025-02-06 12:45:00
1591,1591,PayPal,success,774.89,2023-02-28 21:16:00
1592,1592,Credit Card,success,718.46,2024-01-19 00:28:00
1593,1593,Credit Card,success,204.09,2024-10-20 13:01:00
1594,1594,Credit Card,failed,979.32,2024-12-19 23:29:00
1595,1595,PayPal,failed,194.27,2025-02-12 21:38:00
1596,1596,Credit Card,success,410.97,2024-11-30 10:51:00
1597,1597,PayPal,success,798.47,2025-09-24 13:03:00
1598,1598,PayPal,success,372.88,2024-07-05 12:28:00
1599,1599,Apple Pay,success,447.18,2023-02-07 06:40:00
1600,1600,Apple Pay,success,883.17,2023-06-28 08:25:00
1601,1601,Credit Card,failed,710.81,2025-04-01 07:23:00
1602,1602,Credit Card,failed,239.77,2023-09-18 17:43:00
1603,1603,Credit Card,success,609.39,2025-01-08 22:48:00
1604,1604,PayPal,success,805.96,2024-04-22 13:52:00
1605,1605,Credit Card,success,404.97,2024-06-04 16:34:00
1606,1606,Credit Card,failed,139.03,2023-11-25 19:18:00
1607,1607,PayPal,success,206.84,2025-03-04 14:20:00
1608,1608,Credit Card,success,302.19,2025-03-15 18:40:00
1609,1609,Credit Card,success,411.88,2025-02-16 01:03:00
1610,1610,Apple Pay,success,414.7,2025-02-24 07:09:00
1611,1611,PayPal,success,321.24,2024-06-10 02:37:00
1612,1612,Credit Card,success,790.11,2023-12-24 04:32:00
1613,1613,Apple Pay,success,316.11,2024-10-02 17:20:00
1614,1614,Credit Card,success,857.78,2025-09-03 23:29:00
1615,1615,Credit Card,success,657.49,2023-04-02 05:32:00
1616,1616,PayPal,success,1040.73,2023-10-12 03:50:00
1617,1617,Apple Pay,success,460.63,2024-03-11 13:48:00
1618,1618,PayPal,success,1074.2,2023-10-12 19:45:00
1619,1619,Credit Card,success,1182.43,2025-01-06 20:21:00
1620,1620,PayPal,success,177.12,2024-05-12 10:30:00
1621,1621,PayPal,success,416.9,2023-07-10 00:24:00
1622,1622,PayPal,success,473.63,2024-04-17 18:57:00
1623,1623,Credit Card,success,391.45,2024-08-06 23:53:00
1624,1624,PayPal,success,261.94,2025-09-11 19:35:00
1625,1625,PayPal,success,795.32,2025-04-01 18:02:00
1626,1626,Credit Card,success,52.75,2024-01-16 11:43:00
1627,1627,PayPal,success,348.26,2024-10-28 20:36:00
1628,1628,Credit Card,success,1151.83,2024-09-03 20:48:00
1629,1629,Credit Card,success,214.76,2023-06-07 23:44:00
1630,1630,Apple Pay,success,1060.58,2023-06-03 05:56:00
1631,1631,Credit Card,success,540.37,2025-04-18 16:09:00
1632,1632,Credit Card,success,274.54,2025-01-17 22:16:00
1633,1633,Credit Card,success,1771.12,2025-09-27 21:55:00
1634,1634,Apple Pay,failed,316.12,2024-06-03 21:53:00
1635,1635,Credit Card,success,430.21,2024-04-11 02:45:00
1636,1636,Credit Card,success,375.84,2024-11-07 08:07:00
1637,1637,Credit Card,success,555.66,2024-10-13 05:00:00
1638,1638,Credit Card,success,212.07,2024-12-08 10:26:00
1639,1639,Apple Pay,success,189.1,2024-11-10 06:51:00
1640,1640,Credit Card,success,405.05,2025-11-20 17:26:00
1641,1641,Credit Card,success,439.98,2023-08-20 21:37:00
1642,1642,Apple Pay,success,143.26,2024-09-22 13:20:00
1643,1643,Credit Card,failed,359.13,2025-01-07 16:46:00
1644,1644,Credit Card,success,134.9,2024-07-15 16:20:00
1645,1645,Credit Card,success,858.69,2025-05-05 20:42:00
1646,1646,PayPal,success,367.4,2023-12-12 04:35:00
1647,1647,Credit Card,success,344.0,2023-04-05 18:25:00
1648,1648,Bank Transfer,success,528.9,2024-11-26 07:45:00
1649,1649,PayPal,success,272.07,2025-09-06 02:04:00
1650,1650,PayPal,failed,226.69,2024-12-31 22:34:00
1651,1651,PayPal,success,238.62,2024-11-23 04:28:00
1652,1652,Credit Card,failed,30.72,2024-10-19 12:22:00
1653,1653,Credit Card,failed,410.7,2025-01-05 23:33:00
1654,1654,PayPal,success,61.75,2023-11-05 15:35:00
1655,1655,PayPal,success,464.88,2025-05-27 09:09:00
1656,1656,Credit Card,failed,1083.61,2024-11-15 04:46:00
1657,1657,Credit Card,success,382.87,2023-03-19 19:20:00
1658,1658,PayPal,success,156.12,2023-11-30 10:06:00
1659,1659,Credit Card,success,244.44,2025-04-10 23:03:00
1660,1660,Credit Card,success,690.23,2024-06-11 00:08:00
1661,1661,Credit Card,success,747.91,2024-06-25 11:22:00
1662,1662,Credit Card,success,882.38,2024-05-24 08:32:00
1663,1663,Credit Card,success,706.85,2024-12-28 20:19:00
1664,1664,Credit Card,success,356.4,2024-04-22 16:06:00
1665,1665,Credit Card,success,617.02,2023-11-20 11:54:00
1666,1666,PayPal,success,96.93,2025-08-09 23:33:00
1667,1667,Bank Transfer,failed,77.65,2024-09-15 06:35:00
1668,1668,Credit Card,failed,688.69,2025-10-05 09:34:00
1669,1669,Credit Card,success,562.09,2023-08-04 13:25:00
1670,1670,Credit Card,success,487.42,2023-08-27 19:27:00
1671,1671,Credit Card,success,225.21,2023-09-18 22:53:00
1672,1672,Credit Card,success,100.82,2023-07-21 17:41:00
1673,1673,Bank Transfer,success,1614.9,2025-02-28 17:16:00
1674,1674,Credit Card,success,376.52,2024-11-24 05:44:00
1675,1675,PayPal,success,628.5,2024-02-09 13:02:00
1676,1676,Credit Card,success,106.81,2025-03-12 15:31:00
1677,1677,Credit Card,success,319.26,2025-05-17 04:54:00
1678,1678,Credit Card,success,456.47,2024-11-02 13:55:00
1679,1679,Credit Card,success,130.7,2023-12-04 19:43:00
1680,1680,PayPal,success,431.14,2023-09-16 12:30:00
1681,1681,PayPal,success,821.39,2024-11-26 13:51:00
1682,1682,Credit Card,success,87.36,2024-07-20 18:32:00
1683,1683,Credit Card,success,370.84,2024-05-28 13:53:00
1684,1684,PayPal,success,437.13,2024-07-23 15:26:00
1685,1685,Bank Transfer,success,400.45,2024-12-11 12:00:00
1686,1686,Credit Card,failed,279.84,2025-03-10 17:40:00
1687,1687,Credit Card,success,743.96,2023-06-07 19:21:00
1688,1688,Credit Card,failed,515.55,2023-06-12 22:21:00
1689,1689,Credit Card,success,228.1,2024-08-27 09:11:00
1690,1690,Credit Card,success,259.96,2024-03-02 04:07:00
1691,1691,PayPal,success,305.08,2023-10-20 21:29:00
1692,1692,Apple Pay,success,1187.92,2025-01-07 03:10:00
1693,1693,Credit Card,failed,71.32,2025-03-17 15:05:00
1694,1694,Credit Card,success,551.84,2024-01-26 17:24:00
1695,1695,PayPal,success,930.28,2024-01-23 01:42:00
1696,1696,Credit Card,success,393.81,2025-01-05 04:07:00
1697,1697,Credit Card,success,95.73,2023-08-06 08:59:00
1698,1698,Credit Card,success,253.61,2024-11-12 15:12:00
1699,1699,Apple Pay,success,270.79,2024-03-03 01:24:00
1700,1700,Credit Card,success,148.97,2024-02-07 01:53:00
1701,1701,Credit Card,failed,1247.5,2023-10-17 13:54:00
1702,1702,Credit Card,success,50.32,2024-02-29 17:56:00
1703,1703,Credit Card,success,159.55,2025-01-05 03:48:00
1704,1704,PayPal,success,713.34,2024-03-12 07:30:00
1705,1705,PayPal,success,257.25,2023-10-05 10:56:00
1706,1706,Credit Card,success,232.92,2024-09-29 00:20:00
1707,1707,PayPal,success,178.06,2025-08-09 02:48:00
1708,1708,Credit Card,success,82.83,2024-01-07 23:31:00
1709,1709,Credit Card,success,1009.71,2024-05-15 14:43:00
1710,1710,Credit Card,success,457.1,2023-04-28 05:15:00
1711,1711,Credit Card,success,233.77,2024-03-23 15:17:00
1712,1712,Credit Card,success,460.34,2024-09-12 16:21:00
1713,1713,Credit Card,success,1085.03,2024-02-08 05:59:00
1714,1714,Credit Card,success,644.63,2025-02-02 10:41:00
1715,1715,Credit Card,success,293.8,2025-01-21 00:49:00
1716,1716,Credit Card,success,503.42,2025-04-25 09:04:00
1717,1717,Credit Card,success,316.18,2025-06-03 13:43:00
1718,1718,Credit Card,success,364.4,2024-05-08 17:49:00
1719,1719,Credit Card,failed,139.44,2024-04-21 01:36:00
1720,1720,Credit Card,success,563.31,2025-08-11 01:55:00
1721,1721,Credit Card,failed,179.94,2023-07-07 17:43:00
1722,1722,Credit Card,success,303.02,2024-04-08 12:06:00
1723,1723,Credit Card,failed,880.07,2024-01-06 12:14:00
1724,1724,Credit Card,success,405.05,2023-12-19 08:13:00
1725,1725,Credit Card,success,184.28,2024-10-22 03:49:00
1726,1726,PayPal,success,315.58,2023-04-04 14:50:00
1727,1727,PayPal,success,287.19,2023-07-07 00:54:00
1728,1728,Apple Pay,success,171.13,2025-02-10 22:47:00
1729,1729,Credit Card,success,410.7,2024-09-02 19:32:00
1730,1730,Credit Card,success,239.77,2025-03-04 17:32:00
1731,1731,Credit Card,success,409.58,2024-03-13 19:15:00
1732,1732,Apple Pay,success,1470.58,2024-06-18 21:31:00
1733,1733,Credit Card,success,410.91,2025-03-25 18:08:00
1734,1734,PayPal,success,745.63,2023-10-14 07:39:00
1735,1735,PayPal,failed,1354.91,2023-12-09 20:17:00
1736,1736,Credit Card,success,1392.9,2024-11-09 02:45:00
1737,1737,Credit Card,success,376.95,2023-09-15 23:25:00
1738,1738,Credit Card,success,1052.13,2024-05-25 17:03:00
1739,1739,Apple Pay,success,98.01,2023-12-22 07:24:00
1740,1740,Credit Card,success,583.18,2025-09-11 07:35:00
1741,1741,Credit Card,success,106.81,2023-07-09 05:35:00
1742,1742,Credit Card,success,370.96,2023-07-07 15:04:00
1743,1743,Credit Card,failed,108.0,2025-08-28 02:02:00
1744,1744,Apple Pay,success,1073.34,2023-12-01 08:14:00
1745,1745,PayPal,success,518.87,2025-02-05 08:50:00
1746,1746,Credit Card,success,275.86,2025-02-06 06:44:00
1747,1747,Crypto,success,148.97,2024-07-28 20:22:00
1748,1748,Credit Card,success,515.15,2024-10-10 17:06:00
1749,1749,Credit Card,failed,716.14,2023-09-24 01:19:00
1750,1750,Apple Pay,success,881.35,2023-09-05 22:38:00
1751,1751,Credit Card,success,70.27,2024-09-06 13:10:00
1752,1752,PayPal,success,280.66,2024-01-31 13:56:00
1753,1753,Credit Card,success,992.23,2024-09-14 23:28:00
1754,1754,PayPal,success,809.41,2023-05-17 18:39:00
1755,1755,Credit Card,success,432.48,2025-03-13 17:26:00
1756,1756,Credit Card,success,210.09,2023-10-27 08:51:00
1757,1757,Credit Card,success,876.06,2023-03-29 09:30:00
1758,1758,Credit Card,failed,79.38,2024-04-04 01:00:00
1759,1759,Credit Card,success,73.65,2023-10-02 19:37:00
1760,1760,Apple Pay,success,1518.12,2024-02-05 23:03:00
1761,1761,PayPal,success,163.26,2024-12-18 14:42:00
1762,1762,Apple Pay,success,2137.88,2023-04-28 13:26:00
1763,1763,Credit Card,success,380.8,2024-01-29 13:23:00
1764,1764,PayPal,success,206.84,2024-04-04 02:58:00
1765,1765,PayPal,success,821.82,2023-08-03 08:20:00
1766,1766,PayPal,success,599.27,2025-03-06 21:14:00
1767,1767,PayPal,success,139.26,2023-12-04 12:39:00
1768,1768,PayPal,success,327.63,2024-08-17 08:04:00
1769,1769,Credit Card,success,1010.08,2025-05-07 04:46:00
1770,1770,PayPal,success,191.01,2024-03-15 20:58:00
1771,1771,Credit Card,success,806.95,2023-11-06 11:02:00
1772,1772,Credit Card,success,272.57,2024-05-23 04:55:00
1773,1773,Credit Card,success,173.95,2023-03-30 12:16:00
1774,1774,Credit Card,success,258.03,2024-09-23 08:58:00
1775,1775,Apple Pay,success,407.82,2025-02-02 18:54:00
1776,1776,Credit Card,success,317.24,2024-09-24 19:43:00
1777,1777,Credit Card,success,399.06,2024-11-16 21:55:00
1778,1778,Credit Card,failed,469.77,2023-04-24 04:36:00
1779,1779,Credit Card,success,752.08,2024-03-19 08:23:00
1780,1780,PayPal,success,135.32,2024-09-30 18:00:00
1781,1781,Credit Card,success,785.72,2023-09-03 23:05:00
1782,1782,PayPal,failed,115.87,2025-04-05 14:41:00
1783,1783,Credit Card,success,483.2,2024-04-12 02:06:00
1784,1784,PayPal,success,705.07,2025-06-27 07:47:00
1785,1785,Apple Pay,success,260.75,2025-02-22 13:45:00
1786,1786,Credit Card,success,185.82,2024-10-11 10:48:00
1787,1787,Bank Transfer,success,416.95,2023-10-29 03:07:00
1788,1788,Crypto,success,238.62,2024-12-18 09:30:00
1789,1789,Credit Card,success,750.33,2025-06-20 01:05:00
1790,1790,Credit Card,success,330.66,2024-05-05 15:34:00
1791,1791,Credit Card,success,704.82,2025-08-04 12:18:00
1792,1792,Credit Card,success,293.8,2024-02-01 06:33:00
1793,1793,Credit Card,success,102.5,2023-02-14 05:31:00
1794,1794,PayPal,success,424.34,2025-03-06 07:12:00
1795,1795,Credit Card,success,746.47,2024-10-22 13:18:00
1796,1796,Credit Card,success,417.0,2024-04-06 01:07:00
1797,1797,Crypto,failed,464.16,2025-01-08 09:14:00
1798,1798,Crypto,success,115.23,2023-06-12 16:26:00
1799,1799,PayPal,success,293.3,2024-12-23 19:34:00
1800,1800,PayPal,success,217.82,2025-03-13 03:41:00
1801,1801,Credit Card,success,456.2,2025-02-11 05:08:00
1802,1802,Credit Card,success,67.66,2023-11-28 22:49:00
1803,1803,Credit Card,success,254.76,2024-03-01 16:12:00
1804,1804,Credit Card,success,365.14,2024-08-28 16:12:00
1805,1805,PayPal,failed,399.06,2023-06-14 07:01:00
1806,1806,Credit Card,success,541.58,2025-02-19 03:03:00
1807,1807,PayPal,success,168.07,2025-09-23 19:47:00
1808,1808,Credit Card,success,527.42,2024-05-19 09:15:00
1809,1809,PayPal,success,104.0,2024-04-04 23:28:00
1810,1810,PayPal,success,912.51,2025-05-15 14:26:00
1811,1811,Credit Card,failed,145.43,2025-09-25 02:38:00
1812,1812,PayPal,success,319.1,2024-05-03 12:58:00
1813,1813,Credit Card,success,401.71,2025-04-16 06:16:00
1814,1814,Credit Card,success,212.83,2024-04-26 15:12:00
1815,1815,Credit Card,success,463.06,2024-12-08 04:04:00
1816,1816,Credit Card,success,117.54,2023-10-06 19:45:00
1817,1817,Apple Pay,success,239.77,2025-07-02 23:57:00
1818,1818,Credit Card,failed,1435.19,2024-07-16 20:20:00
1819,1819,PayPal,success,655.26,2024-06-28 07:29:00
1820,1820,Credit Card,success,475.47,2024-11-28 15:57:00
1821,1821,PayPal,failed,866.69,2024-06-28 09:27:00
1822,1822,Apple Pay,success,409.56,2023-03-22 20:42:00
1823,1823,Credit Card,success,365.2,2025-06-17 14:06:00
1824,1824,Credit Card,success,728.89,2025-05-31 07:04:00
1825,1825,Credit Card,success,767.38,2025-02-22 16:47:00
1826,1826,Apple Pay,success,528.15,2024-06-11 05:29:00
1827,1827,Bank Transfer,success,447.18,2025-03-10 16:55:00
1828,1828,Credit Card,success,354.16,2024-01-18 00:14:00
1829,1829,Credit Card,success,1438.29,2024-01-14 13:09:00
1830,1830,Credit Card,success,287.26,2025-09-19 21:08:00
1831,1831,Crypto,success,673.27,2025-01-04 20:57:00
1832,1832,Credit Card,success,410.91,2023-09-17 23:22:00
1833,1833,PayPal,success,1421.98,2023-12-03 01:59:00
1834,1834,Credit Card,success,459.55,2023-05-30 10:24:00
1835,1835,PayPal,success,578.2,2024-01-02 19:29:00
1836,1836,PayPal,success,154.01,2023-04-12 18:36:00
1837,1837,Credit Card,success,418.35,2023-08-16 09:09:00
1838,1838,Credit Card,success,48.07,2024-03-23 16:18:00
1839,1839,Credit Card,success,206.97,2024-08-05 21:45:00
1840,1840,Credit Card,success,1197.18,2025-06-08 09:07:00
1841,1841,Credit Card,success,373.2,2023-09-29 06:00:00
1842,1842,PayPal,success,296.08,2024-02-06 23:29:00
1843,1843,PayPal,success,274.29,2024-04-05 04:27:00
1844,1844,PayPal,success,436.2,2023-07-01 15:24:00
1845,1845,PayPal,success,596.8,2024-05-30 14:40:00
1846,1846,Credit Card,success,416.95,2023-09-10 09:24:00
1847,1847,Credit Card,success,1011.21,2024-08-04 08:37:00
1848,1848,Credit Card,success,256.34,2024-04-13 14:52:00
1849,1849,Credit Card,success,390.46,2024-05-21 22:05:00
1850,1850,Apple Pay,success,210.09,2024-04-08 20:57:00
1851,1851,PayPal,success,213.64,2024-10-27 01:13:00
1852,1852,PayPal,success,230.72,2023-11-06 03:27:00
1853,1853,Credit Card,success,280.35,2023-09-09 17:10:00
1854,1854,Credit Card,success,376.3,2024-08-29 04:34:00
1855,1855,Credit Card,success,707.45,2024-05-02 05:59:00
1856,1856,Credit Card,failed,432.01,2024-10-13 11:08:00
1857,1857,Credit Card,failed,294.1,2025-06-01 06:36:00
1858,1858,Credit Card,success,633.79,2024-12-26 09:47:00
1859,1859,PayPal,success,422.94,2025-05-03 20:28:00
1860,1860,Credit Card,success,62.33,2024-02-18 22:51:00
1861,1861,Credit Card,success,349.99,2024-07-04 16:58:00
1862,1862,PayPal,success,1055.09,2023-12-12 11:06:00
1863,1863,PayPal,success,325.09,2023-06-02 04:26:00
1864,1864,Credit Card,success,134.9,2024-03-07 22:23:00
1865,1865,Credit Card,success,1686.85,2024-12-07 10:06:00
1866,1866,PayPal,success,281.07,2024-04-19 12:52:00
1867,1867,Crypto,success,870.53,2025-06-13 19:20:00
1868,1868,Credit Card,success,1073.93,2025-03-03 05:30:00
1869,1869,PayPal,success,341.07,2025-01-28 07:59:00
1870,1870,Credit Card,success,327.63,2023-03-04 03:55:00
1871,1871,Credit Card,success,430.21,2024-04-18 09:27:00
1872,1872,PayPal,success,798.19,2024-08-13 10:31:00
1873,1873,Credit Card,success,300.08,2023-11-20 16:33:00
1874,1874,Credit Card,success,358.86,2024-11-01 15:17:00
1875,1875,Credit Card,success,50.41,2025-02-17 15:42:00
1876,1876,Bank Transfer,success,216.69,2023-11-23 23:06:00
1877,1877,PayPal,success,257.0,2024-06-10 20:49:00
1878,1878,PayPal,success,231.95,2023-09-26 11:13:00
1879,1879,Credit Card,success,1033.74,2025-08-29 13:09:00
1880,1880,Credit Card,failed,28.01,2024-07-12 10:24:00
1881,1881,Credit Card,success,822.75,2025-03-30 09:57:00
1882,1882,Apple Pay,success,1012.42,2024-01-08 00:16:00
1883,1883,Credit Card,success,705.12,2024-01-21 09:27:00
1884,1884,Credit Card,failed,770.01,2023-05-07 19:54:00
1885,1885,Credit Card,success,299.54,2025-03-11 00:54:00
1886,1886,Credit Card,success,91.36,2025-04-12 07:15:00
1887,1887,PayPal,success,210.09,2024-08-17 02:52:00
1888,1888,Credit Card,success,537.94,2024-09-28 10:41:00
1889,1889,Credit Card,success,238.62,2024-06-07 00:32:00
1890,1890,Credit Card,failed,85.38,2025-01-14 03:30:00
1891,1891,Credit Card,success,200.98,2024-08-13 22:12:00
1892,1892,PayPal,success,431.14,2024-01-03 14:24:00
1893,1893,Credit Card,success,159.55,2024-04-08 11:41:00
1894,1894,Crypto,success,657.81,2025-07-11 12:35:00
1895,1895,PayPal,success,412.27,2024-02-05 12:58:00
1896,1896,Credit Card,success,199.59,2025-03-13 10:59:00
1897,1897,PayPal,success,822.02,2025-03-26 21:19:00
1898,1898,PayPal,success,247.01,2024-11-20 03:48:00
1899,1899,Crypto,failed,620.24,2023-09-19 20:14:00
1900,1900,Credit Card,success,139.03,2024-02-16 07:55:00
1901,1901,Apple Pay,success,691.8,2023-09-07 15:43:00
1902,1902,Credit Card,success,718.13,2025-06-02 09:23:00
1903,1903,PayPal,success,482.92,2024-09-20 00:15:00
1904,1904,Apple Pay,failed,1124.43,2025-07-25 04:53:00
1905,1905,Apple Pay,success,214.04,2024-05-03 07:46:00
1906,1906,PayPal,success,980.73,2024-02-27 08:59:00
1907,1907,Bank Transfer,success,431.14,2025-02-24 14:50:00
1908,1908,Credit Card,success,199.07,2024-09-18 17:41:00
1909,1909,Bank Transfer,success,828.9,2023-09-28 21:33:00
1910,1910,Apple Pay,success,114.38,2024-09-20 17:00:00
1911,1911,Credit Card,success,827.81,2025-02-24 15:36:00
1912,1912,PayPal,success,926.39,2024-11-16 06:42:00
1913,1913,Credit Card,success,562.97,2023-06-04 01:44:00
1914,1914,Credit Card,success,1142.59,2023-04-07 03:57:00
1915,1915,Credit Card,success,69.38,2024-03-21 05:01:00
1916,1916,PayPal,success,240.71,2024-09-13 15:47:00
1917,1917,Crypto,success,406.48,2024-11-30 00:43:00
1918,1918,Credit Card,failed,561.32,2023-06-27 08:40:00
1919,1919,PayPal,failed,1157.04,2023-05-03 22:14:00
1920,1920,PayPal,success,149.59,2024-02-13 14:47:00
1921,1921,Credit Card,success,173.95,2025-08-21 05:55:00
1922,1922,PayPal,success,609.63,2024-12-06 13:47:00
1923,1923,PayPal,success,46.76,2024-07-14 10:31:00
1924,1924,Credit Card,success,1301.38,2025-02-19 13:33:00
1925,1925,PayPal,success,235.33,2023-05-19 05:00:00
1926,1926,Credit Card,success,178.2,2024-12-02 23:09:00
1927,1927,Bank Transfer,success,650.25,2023-05-17 14:56:00
1928,1928,Credit Card,success,793.71,2025-10-08 08:20:00
1929,1929,Crypto,success,381.03,2025-01-21 03:08:00
1930,1930,Crypto,success,411.01,2025-06-19 04:32:00
1931,1931,Apple Pay,success,79.38,2025-02-14 06:59:00
1932,1932,Apple Pay,success,468.61,2023-09-26 11:49:00
1933,1933,Credit Card,success,139.03,2025-05-07 15:04:00
1934,1934,PayPal,success,356.81,2024-04-28 10:38:00
1935,1935,Credit Card,success,77.65,2025-05-04 20:23:00
1936,1936,Apple Pay,failed,349.19,2024-08-26 14:19:00
1937,1937,PayPal,success,256.57,2024-01-31 05:31:00
1938,1938,Credit Card,success,867.31,2024-08-16 07:45:00
1939,1939,Credit Card,failed,374.34,2024-02-09 04:31:00
1940,1940,PayPal,success,885.07,2024-01-29 00:57:00
1941,1941,Credit Card,failed,658.69,2024-04-26 11:30:00
1942,1942,Credit Card,success,716.01,2025-08-15 03:49:00
1943,1943,Crypto,success,337.72,2024-10-23 05:32:00
1944,1944,Credit Card,success,1211.51,2025-08-28 21:04:00
1945,1945,Bank Transfer,failed,626.78,2025-11-20 11:46:00
1946,1946,Credit Card,success,131.27,2023-12-20 06:25:00
1947,1947,Bank Transfer,success,96.73,2024-09-17 06:31:00
1948,1948,Apple Pay,success,951.2,2025-07-13 20:11:00
1949,1949,Credit Card,success,87.56,2023-11-06 20:36:00
1950,1950,PayPal,success,809.28,2024-01-17 01:22:00
1951,1951,Credit Card,failed,838.36,2024-06-16 20:51:00
1952,1952,Credit Card,success,815.41,2025-02-04 16:23:00
1953,1953,Credit Card,success,919.73,2023-02-25 23:13:00
1954,1954,Crypto,failed,80.44,2024-03-12 08:49:00
1955,1955,Credit Card,success,198.75,2023-07-29 20:25:00
1956,1956,Credit Card,success,286.65,2024-11-22 19:19:00
1957,1957,Bank Transfer,success,799.33,2024-01-14 06:00:00
1958,1958,Credit Card,success,425.9,2024-05-09 21:11:00
1959,1959,Crypto,success,467.64,2023-10-09 18:54:00
1960,1960,Credit Card,success,939.72,2024-05-23 04:46:00
1961,1961,Credit Card,success,93.52,2025-04-16 15:07:00
1962,1962,PayPal,success,85.38,2024-10-24 07:52:00
1963,1963,Credit Card,success,448.94,2024-03-25 10:10:00
1964,1964,PayPal,success,314.71,2023-09-09 21:47:00
1965,1965,PayPal,success,241.79,2024-12-05 07:20:00
1966,1966,Credit Card,success,175.44,2025-03-02 20:00:00
1967,1967,PayPal,success,234.66,2024-12-28 08:57:00
1968,1968,Credit Card,success,941.05,2024-01-15 03:42:00
1969,1969,Credit Card,success,394.04,2024-02-10 13:55:00
1970,1970,Apple Pay,success,225.21,2025-03-26 02:44:00
1971,1971,Bank Transfer,success,127.64,2024-11-29 00:25:00
1972,1972,PayPal,success,877.04,2023-12-16 08:25:00
1973,1973,PayPal,success,1168.21,2024-01-07 17:40:00
1974,1974,PayPal,success,236.71,2023-06-11 00:20:00
1975,1975,Apple Pay,success,270.79,2024-11-01 19:04:00
1976,1976,PayPal,success,738.64,2023-05-10 14:13:00
1977,1977,Credit Card,success,405.05,2023-11-19 12:11:00
1978,1978,Credit Card,failed,519.97,2023-09-28 03:35:00
1979,1979,Apple Pay,success,427.97,2024-03-07 10:25:00
1980,1980,PayPal,success,76.42,2024-06-19 21:29:00
1981,1981,Crypto,success,955.48,2024-12-08 20:13:00
1982,1982,Credit Card,success,640.47,2023-11-10 17:00:00
1983,1983,Credit Card,success,877.04,2024-05-14 14:44:00
1984,1984,Credit Card,failed,875.28,2023-08-19 05:38:00
1985,1985,Apple Pay,success,565.08,2025-07-19 22:00:00
1986,1986,Credit Card,success,570.69,2025-05-01 15:17:00
1987,1987,Credit Card,success,563.66,2024-05-11 00:23:00
1988,1988,Credit Card,success,145.43,2023-06-27 17:35:00
1989,1989,PayPal,failed,1477.77,2025-04-25 13:12:00
1990,1990,Credit Card,success,409.66,2024-04-20 14:03:00
1991,1991,Credit Card,success,641.23,2023-11-13 18:59:00
1992,1992,Credit Card,success,410.69,2024-03-14 22:04:00
1993,1993,Credit Card,success,270.79,2024-11-23 06:39:00
1994,1994,Credit Card,success,118.52,2024-03-15 06:43:00
1995,1995,PayPal,success,193.88,2024-02-28 18:13:00
1996,1996,Credit Card,success,207.77,2025-05-06 00:51:00
1997,1997,Credit Card,failed,30.6,2023-07-11 04:02:00
1998,1998,Credit Card,success,556.55,2025-01-07 18:59:00
1999,1999,Credit Card,success,1573.18,2024-11-07 09:34:00
2000,2000,Apple Pay,failed,156.56,2023-03-25 02:36:00
2001,2001,Credit Card,success,409.66,2024-12-24 10:35:00
2002,2002,PayPal,success,466.37,2024-03-13 11:27:00
2003,2003,Apple Pay,success,220.08,2025-07-06 17:07:00
2004,2004,Credit Card,success,707.86,2025-05-07 10:46:00
2005,2005,Credit Card,success,370.14,2024-01-18 16:30:00
2006,2006,Credit Card,success,603.14,2024-08-16 19:10:00
2007,2007,PayPal,success,149.43,2023-08-25 00:05:00
2008,2008,Credit Card,success,228.1,2025-07-13 10:54:00
2009,2009,Credit Card,success,809.41,2024-12-18 19:51:00
2010,2010,Crypto,success,367.14,2025-04-06 17:50:00
2011,2011,Apple Pay,success,160.38,2025-09-19 04:42:00
2012,2012,Credit Card,success,841.95,2024-11-11 06:10:00
2013,2013,Apple Pay,success,415.65,2024-05-10 17:55:00
2014,2014,Credit Card,failed,238.87,2025-05-10 22:56:00
2015,2015,PayPal,failed,988.88,2023-04-24 06:20:00
2016,2016,Credit Card,failed,418.35,2024-09-03 17:17:00
2017,2017,PayPal,failed,56.75,2025-09-14 12:45:00
2018,2018,Apple Pay,success,409.82,2023-10-11 16:06:00
2019,2019,PayPal,success,269.8,2023-09-05 08:09:00
2020,2020,Credit Card,success,1248.52,2024-11-06 06:04:00
2021,2021,PayPal,success,205.25,2024-01-16 14:35:00
2022,2022,PayPal,success,324.88,2025-03-19 23:09:00
2023,2023,Credit Card,success,233.13,2024-01-16 22:20:00
2024,2024,Bank Transfer,success,572.46,2024-07-14 06:13:00
2025,2025,Credit Card,success,827.81,2025-06-17 17:58:00
2026,2026,Credit Card,success,454.0,2024-06-28 14:14:00
2027,2027,PayPal,success,447.18,2023-12-20 18:29:00
2028,2028,Credit Card,success,358.15,2024-09-15 11:20:00
2029,2029,Credit Card,success,525.86,2024-08-27 01:14:00
2030,2030,Credit Card,success,106.81,2025-11-07 06:29:00
2031,2031,Apple Pay,success,382.51,2025-05-17 15:35:00
2032,2032,PayPal,success,146.85,2023-07-18 06:32:00
2033,2033,Credit Card,success,206.84,2024-02-10 09:31:00
2034,2034,PayPal,success,440.18,2023-10-05 23:12:00
2035,2035,Apple Pay,success,830.53,2025-03-24 21:13:00
2036,2036,Credit Card,success,256.41,2024-06-11 17:41:00
2037,2037,Crypto,failed,429.69,2024-10-07 18:05:00
2038,2038,PayPal,success,561.32,2023-10-27 06:38:00
2039,2039,Credit Card,success,51.82,2025-03-27 00:15:00
2040,2040,Apple Pay,failed,468.75,2024-09-06 20:16:00
2041,2041,PayPal,success,89.37,2024-06-13 04:52:00
2042,2042,Credit Card,success,580.18,2025-01-12 08:09:00
2043,2043,Apple Pay,success,597.15,2024-03-06 21:06:00
2044,2044,Credit Card,success,523.93,2024-03-05 13:16:00
2045,2045,Crypto,failed,98.5,2025-01-27 11:06:00
2046,2046,Crypto,success,893.21,2024-09-13 14:31:00
2047,2047,PayPal,success,688.86,2024-09-18 16:42:00
2048,2048,Credit Card,success,600.22,2023-12-21 21:53:00
2049,2049,PayPal,success,439.98,2024-04-28 22:33:00
2050,2050,Credit Card,failed,393.18,2023-08-30 19:25:00
2051,2051,Credit Card,success,284.73,2025-09-04 09:04:00
2052,2052,Credit Card,success,269.95,2023-07-09 17:15:00
2053,2053,Credit Card,success,398.99,2025-05-23 02:37:00
2054,2054,Credit Card,success,885.38,2024-08-16 05:28:00
2055,2055,Credit Card,success,726.29,2023-05-21 21:05:00
2056,2056,Credit Card,success,140.89,2024-12-26 14:03:00
2057,2057,PayPal,success,797.57,2023-07-07 19:45:00
2058,2058,Credit Card,success,341.58,2024-03-13 20:15:00
2059,2059,Crypto,success,210.09,2024-12-24 18:36:00
2060,2060,Credit Card,success,203.27,2025-10-04 17:49:00
2061,2061,Credit Card,success,84.77,2023-09-15 14:19:00
2062,2062,Credit Card,success,847.22,2025-04-27 14:49:00
2063,2063,Credit Card,success,355.35,2024-02-07 05:07:00
2064,2064,Credit Card,failed,189.08,2024-10-03 07:40:00
2065,2065,Credit Card,success,376.67,2023-10-13 06:39:00
2066,2066,Credit Card,success,175.28,2025-02-04 02:28:00
2067,2067,Apple Pay,success,449.16,2024-07-04 14:13:00
2068,2068,Credit Card,success,518.97,2025-10-14 03:58:00
2069,2069,Credit Card,failed,262.54,2023-10-13 07:38:00
2070,2070,Credit Card,failed,166.37,2024-06-12 21:18:00
2071,2071,Apple Pay,success,1006.47,2025-06-23 06:50:00
2072,2072,Credit Card,success,169.45,2024-08-28 03:10:00
2073,2073,Credit Card,success,615.87,2025-03-09 01:31:00
2074,2074,Apple Pay,success,436.15,2025-03-26 02:21:00
2075,2075,PayPal,success,390.46,2024-12-26 12:51:00
2076,2076,PayPal,success,216.83,2025-05-20 15:12:00
2077,2077,PayPal,success,816.77,2024-07-24 15:34:00
2078,2078,Credit Card,success,95.73,2024-03-08 21:10:00
2079,2079,PayPal,success,340.34,2023-04-25 19:34:00
2080,2080,Credit Card,success,1756.55,2024-12-11 10:58:00
2081,2081,Credit Card,failed,578.42,2024-06-04 19:24:00
2082,2082,PayPal,success,333.62,2025-06-11 12:59:00
2083,2083,Apple Pay,failed,725.3,2024-01-24 22:39:00
2084,2084,Credit Card,success,748.83,2024-08-15 02:20:00
2085,2085,Apple Pay,success,149.68,2024-05-08 19:08:00
2086,2086,PayPal,success,72.82,2024-06-29 07:23:00
2087,2087,PayPal,success,209.03,2024-02-03 15:31:00
2088,2088,PayPal,success,1615.58,2025-01-23 08:24:00
2089,2089,Credit Card,success,1023.39,2024-06-05 05:27:00
2090,2090,PayPal,success,239.81,2023-12-30 18:33:00
2091,2091,Apple Pay,failed,774.22,2024-03-09 21:20:00
2092,2092,PayPal,failed,139.03,2025-05-22 01:17:00
2093,2093,Credit Card,failed,145.31,2025-10-11 07:39:00
2094,2094,Credit Card,success,372.57,2024-11-15 15:45:00
2095,2095,Credit Card,success,168.12,2024-01-24 04:42:00
2096,2096,Apple Pay,failed,293.8,2024-02-27 14:39:00
2097,2097,Credit Card,success,853.2,2024-12-06 05:59:00
2098,2098,Credit Card,success,328.54,2025-04-02 05:47:00
2099,2099,Credit Card,success,284.87,2025-07-09 04:47:00
2100,2100,Credit Card,success,143.37,2024-08-11 04:01:00
2101,2101,Credit Card,success,416.4,2023-09-07 06:47:00
2102,2102,PayPal,success,710.13,2025-10-10 22:38:00
2103,2103,Credit Card,success,79.38,2023-06-06 05:38:00
2104,2104,PayPal,success,236.68,2024-02-20 22:36:00
2105,2105,Credit Card,failed,22.02,2025-04-11 02:51:00
2106,2106,Credit Card,failed,989.31,2024-07-26 05:02:00
2107,2107,Credit Card,success,1290.63,2023-06-02 01:29:00
2108,2108,Credit Card,success,85.38,2024-01-21 10:23:00
2109,2109,Credit Card,success,989.16,2023-10-01 13:41:00
2110,2110,Credit Card,success,567.82,2024-01-17 21:49:00
2111,2111,PayPal,failed,249.76,2024-11-19 05:27:00
2112,2112,Credit Card,success,396.49,2025-07-18 04:29:00
2113,2113,Credit Card,failed,347.01,2024-05-13 07:28:00
2114,2114,Credit Card,success,132.47,2024-03-25 18:46:00
2115,2115,Credit Card,failed,396.49,2024-05-26 10:34:00
2116,2116,PayPal,failed,444.88,2025-07-18 12:59:00
2117,2117,Credit Card,success,737.91,2023-11-25 14:58:00
2118,2118,Credit Card,success,312.45,2024-06-21 22:02:00
2119,2119,Bank Transfer,success,210.35,2023-06-11 05:09:00
2120,2120,Credit Card,success,649.76,2024-07-29 15:06:00
2121,2121,PayPal,success,99.1,2023-03-20 22:16:00
2122,2122,Credit Card,success,178.2,2024-01-17 03:35:00
2123,2123,Credit Card,success,213.96,2024-10-15 15:21:00
2124,2124,Bank Transfer,success,562.62,2025-05-17 14:45:00
2125,2125,PayPal,success,519.87,2024-05-10 14:42:00
2126,2126,Bank Transfer,success,216.04,2025-03-20 11:23:00
2127,2127,PayPal,success,470.87,2023-08-26 12:04:00
2128,2128,PayPal,success,637.05,2024-08-30 02:17:00
2129,2129,PayPal,success,132.38,2025-06-09 12:53:00
2130,2130,Credit Card,success,458.53,2024-10-20 15:07:00
2131,2131,Credit Card,success,404.71,2024-01-24 12:45:00
2132,2132,Credit Card,success,556.71,2023-08-29 07:58:00
2133,2133,Credit Card,success,257.25,2025-11-09 12:52:00
2134,2134,Bank Transfer,success,1106.32,2023-11-08 20:31:00
2135,2135,Credit Card,failed,239.77,2024-07-07 05:24:00
2136,2136,Apple Pay,success,431.14,2024-01-03 11:46:00
2137,2137,Credit Card,success,464.88,2024-11-30 16:05:00
2138,2138,PayPal,success,1007.33,2024-06-21 13:47:00
2139,2139,Credit Card,success,1127.52,2023-09-15 15:53:00
2140,2140,Credit Card,success,1321.65,2024-03-27 23:20:00
2141,2141,Credit Card,success,204.32,2023-11-24 18:46:00
2142,2142,Credit Card,success,529.91,2024-08-24 03:59:00
2143,2143,PayPal,failed,615.14,2024-06-14 08:19:00
2144,2144,PayPal,success,78.56,2024-01-14 20:24:00
2145,2145,Credit Card,success,974.58,2024-11-05 05:50:00
2146,2146,Credit Card,success,747.17,2024-07-28 12:11:00
2147,2147,Credit Card,success,865.88,2024-05-03 19:42:00
2148,2148,Credit Card,success,710.58,2024-07-08 06:39:00
2149,2149,Bank Transfer,failed,104.39,2024-04-24 12:50:00
2150,2150,Crypto,success,374.12,2025-10-30 13:42:00
2151,2151,Credit Card,failed,809.05,2023-12-18 07:02:00
2152,2152,Credit Card,success,402.48,2025-10-29 16:53:00
2153,2153,Credit Card,success,438.71,2024-01-13 08:12:00
2154,2154,Crypto,success,433.34,2024-01-19 10:26:00
2155,2155,Credit Card,success,319.61,2025-02-24 07:24:00
2156,2156,PayPal,success,648.49,2024-11-18 19:29:00
2157,2157,PayPal,success,759.64,2024-05-15 11:45:00
2158,2158,Credit Card,success,1197.18,2023-05-13 11:15:00
2159,2159,PayPal,success,326.44,2024-09-27 23:21:00
2160,2160,PayPal,success,611.28,2023-07-04 03:10:00
2161,2161,PayPal,success,243.81,2023-08-10 05:38:00
2162,2162,Credit Card,success,904.74,2023-12-18 14:28:00
2163,2163,Credit Card,success,411.01,2024-11-23 00:20:00
2164,2164,Crypto,success,227.78,2024-04-07 02:53:00
2165,2165,Credit Card,success,139.03,2023-12-08 19:42:00
2166,2166,Credit Card,success,206.84,2024-04-30 05:28:00
2167,2167,Credit Card,success,595.56,2023-10-30 08:26:00
2168,2168,Credit Card,failed,1281.52,2024-10-22 19:53:00
2169,2169,Crypto,success,154.96,2025-05-16 17:07:00
2170,2170,Credit Card,success,98.5,2023-09-20 09:27:00
2171,2171,Credit Card,success,694.79,2024-05-20 14:56:00
2172,2172,Credit Card,success,242.33,2023-07-18 07:32:00
2173,2173,Credit Card,success,573.71,2025-01-10 14:25:00
2174,2174,Credit Card,success,525.45,2025-04-03 12:30:00
2175,2175,PayPal,success,468.07,2025-05-15 11:47:00
2176,2176,Bank Transfer,success,985.83,2025-10-13 03:09:00
2177,2177,Credit Card,success,943.05,2024-10-05 21:28:00
2178,2178,Apple Pay,success,703.98,2024-04-18 12:14:00
2179,2179,Credit Card,failed,70.43,2024-09-02 11:42:00
2180,2180,Credit Card,success,480.42,2023-09-08 07:04:00
2181,2181,Credit Card,success,1253.36,2025-06-22 15:01:00
2182,2182,PayPal,success,560.88,2024-02-26 01:57:00
2183,2183,Credit Card,success,374.81,2025-03-16 12:56:00
2184,2184,PayPal,success,62.83,2023-08-05 13:13:00
2185,2185,Credit Card,success,226.69,2025-07-25 02:06:00
2186,2186,Credit Card,success,758.67,2023-05-13 16:12:00
2187,2187,Apple Pay,failed,863.59,2024-10-14 01:58:00
2188,2188,Bank Transfer,success,598.66,2024-01-12 06:17:00
2189,2189,Credit Card,success,208.68,2025-03-01 08:15:00
2190,2190,Credit Card,success,95.37,2023-04-16 19:01:00
2191,2191,Credit Card,success,920.29,2023-07-17 02:52:00
2192,2192,PayPal,success,76.42,2025-01-13 17:08:00
2193,2193,Credit Card,success,384.8,2024-08-10 03:57:00
2194,2194,Credit Card,success,181.8,2024-02-25 19:41:00
2195,2195,Apple Pay,success,815.3,2024-01-22 21:04:00
2196,2196,Apple Pay,failed,797.67,2025-03-20 13:14:00
2197,2197,Credit Card,success,322.42,2024-03-19 01:00:00
2198,2198,Credit Card,failed,157.56,2024-03-25 00:27:00
2199,2199,Crypto,success,1072.42,2025-01-17 20:32:00
2200,2200,PayPal,success,424.34,2025-02-08 23:25:00
2201,2201,Credit Card,success,51.45,2024-06-03 22:12:00
2202,2202,Credit Card,success,886.2,2023-11-12 10:49:00
2203,2203,Credit Card,success,524.21,2025-01-28 12:19:00
2204,2204,Credit Card,success,1118.87,2024-10-01 18:32:00
2205,2205,PayPal,success,874.01,2024-01-22 23:57:00
2206,2206,Credit Card,success,960.0,2024-08-20 18:50:00
2207,2207,PayPal,success,190.13,2023-06-13 18:47:00
2208,2208,PayPal,success,74.36,2023-05-04 17:26:00
2209,2209,Credit Card,success,899.99,2024-07-07 21:03:00
2210,2210,Apple Pay,success,237.67,2024-03-25 06:42:00
2211,2211,Credit Card,success,414.7,2024-10-18 21:25:00
2212,2212,Credit Card,success,353.78,2024-08-06 23:45:00
2213,2213,PayPal,success,602.94,2024-09-20 21:40:00
2214,2214,PayPal,success,977.33,2024-02-24 03:29:00
2215,2215,PayPal,success,958.72,2024-01-24 20:17:00
2216,2216,Apple Pay,success,512.04,2025-02-11 06:58:00
2217,2217,Apple Pay,failed,408.04,2024-01-05 16:28:00
2218,2218,Credit Card,failed,448.94,2024-01-23 08:28:00
2219,2219,Credit Card,success,393.18,2023-11-02 09:00:00
2220,2220,Credit Card,success,502.83,2025-09-11 03:22:00
2221,2221,Bank Transfer,success,396.49,2024-03-21 03:36:00
2222,2222,Credit Card,success,583.07,2024-05-12 18:26:00
2223,2223,Apple Pay,success,201.64,2024-04-25 11:28:00
2224,2224,Credit Card,success,368.65,2025-04-17 20:43:00
2225,2225,Credit Card,success,336.49,2025-06-13 09:30:00
2226,2226,PayPal,success,850.95,2024-07-05 20:07:00
2227,2227,Credit Card,failed,73.65,2025-07-06 18:58:00
2228,2228,Credit Card,success,823.4,2025-05-29 19:00:00
2229,2229,Credit Card,success,748.87,2023-10-04 10:49:00
2230,2230,Apple Pay,success,780.91,2023-09-13 13:36:00
2231,2231,Credit Card,success,549.54,2024-02-26 18:18:00
2232,2232,Credit Card,success,819.32,2024-06-25 04:00:00
2233,2233,Bank Transfer,success,175.24,2025-02-12 15:02:00
2234,2234,Credit Card,success,447.39,2023-11-16 18:15:00
2235,2235,Credit Card,success,879.58,2023-06-16 00:54:00
2236,2236,PayPal,success,200.98,2023-06-18 14:21:00
2237,2237,Credit Card,success,648.72,2023-04-10 06:32:00
2238,2238,Credit Card,success,1263.17,2023-07-22 06:57:00
2239,2239,Apple Pay,failed,140.65,2025-07-25 14:12:00
2240,2240,Credit Card,success,821.32,2025-08-04 16:13:00
2241,2241,Bank Transfer,success,68.37,2024-07-15 10:43:00
2242,2242,Apple Pay,success,717.79,2023-09-05 04:40:00
2243,2243,Apple Pay,success,54.32,2025-04-29 21:39:00
2244,2244,Credit Card,success,1225.51,2025-04-07 04:11:00
2245,2245,Credit Card,success,646.26,2024-08-28 23:31:00
2246,2246,Bank Transfer,success,691.73,2024-05-31 19:58:00
2247,2247,PayPal,success,76.42,2023-05-25 03:34:00
2248,2248,Credit Card,success,622.94,2024-02-21 07:59:00
2249,2249,Credit Card,success,464.74,2023-05-26 17:50:00
2250,2250,Credit Card,success,78.63,2023-12-20 10:03:00
2251,2251,PayPal,success,186.13,2023-03-30 13:54:00
2252,2252,Credit Card,success,68.82,2024-04-15 02:15:00
2253,2253,Credit Card,success,140.89,2023-11-25 11:07:00
2254,2254,Credit Card,failed,621.71,2023-04-24 13:12:00
2255,2255,PayPal,success,1160.94,2024-10-15 18:44:00
2256,2256,Credit Card,failed,834.43,2025-02-15 14:25:00
2257,2257,PayPal,success,266.71,2024-11-07 09:18:00
2258,2258,PayPal,success,179.94,2024-02-07 01:17:00
2259,2259,Credit Card,success,411.01,2024-09-28 04:18:00
2260,2260,Credit Card,failed,754.86,2023-06-03 09:42:00
2261,2261,Bank Transfer,success,643.56,2024-12-19 12:06:00
2262,2262,PayPal,failed,570.44,2025-05-24 23:03:00
2263,2263,Credit Card,success,244.61,2025-05-04 02:21:00
2264,2264,Crypto,success,862.83,2025-03-11 04:13:00
2265,2265,Credit Card,success,68.82,2024-11-10 06:10:00
2266,2266,Credit Card,success,95.73,2024-09-13 04:21:00
2267,2267,Credit Card,success,94.83,2024-04-08 14:37:00
2268,2268,PayPal,failed,396.78,2024-01-16 03:36:00
2269,2269,Credit Card,success,191.47,2024-12-14 09:23:00
2270,2270,Credit Card,success,757.84,2023-12-13 19:54:00
2271,2271,PayPal,success,402.98,2024-01-05 01:00:00
2272,2272,Credit Card,success,798.07,2024-11-13 03:07:00
2273,2273,PayPal,failed,365.12,2023-11-20 12:11:00
2274,2274,Credit Card,success,45.74,2024-06-08 18:30:00
2275,2275,Apple Pay,success,503.52,2023-05-07 01:55:00
2276,2276,Apple Pay,success,792.82,2023-10-21 13:27:00
2277,2277,Credit Card,success,380.95,2024-10-29 12:37:00
2278,2278,Crypto,success,453.87,2025-02-08 22:17:00
2279,2279,Credit Card,failed,428.8,2023-04-11 19:10:00
2280,2280,Credit Card,success,456.89,2023-07-04 18:15:00
2281,2281,PayPal,success,719.31,2025-01-07 09:53:00
2282,2282,Credit Card,success,110.81,2025-03-13 14:56:00
2283,2283,Credit Card,success,191.43,2025-10-17 18:57:00
2284,2284,PayPal,success,1316.61,2025-01-14 02:09:00
2285,2285,PayPal,success,337.4,2025-09-07 21:59:00
2286,2286,Bank Transfer,success,745.76,2024-06-07 15:21:00
2287,2287,PayPal,success,214.76,2024-02-08 12:08:00
2288,2288,Apple Pay,success,412.27,2023-08-03 15:20:00
2289,2289,Credit Card,success,416.9,2024-06-08 17:58:00
2290,2290,Credit Card,success,1031.88,2024-01-04 04:43:00
2291,2291,Credit Card,success,966.65,2025-04-17 14:58:00
2292,2292,Credit Card,success,820.36,2024-03-22 22:34:00
2293,2293,Credit Card,success,180.21,2024-10-28 11:20:00
2294,2294,Credit Card,success,244.61,2024-01-20 15:03:00
2295,2295,PayPal,failed,525.99,2023-07-28 23:56:00
2296,2296,Credit Card,success,442.39,2025-09-07 04:13:00
2297,2297,Credit Card,success,213.68,2024-03-01 19:38:00
2298,2298,Credit Card,success,497.92,2025-03-31 12:16:00
2299,2299,Crypto,failed,422.94,2023-12-28 14:38:00
2300,2300,PayPal,failed,698.93,2024-12-25 17:28:00
2301,2301,Credit Card,success,376.39,2023-09-27 10:30:00
2302,2302,Credit Card,success,558.55,2023-11-03 23:22:00
2303,2303,Credit Card,success,109.88,2023-10-29 17:34:00
2304,2304,Apple Pay,failed,98.01,2024-06-01 09:49:00
2305,2305,Credit Card,success,711.89,2024-02-25 07:57:00
2306,2306,PayPal,success,309.71,2024-04-27 05:08:00
2307,2307,PayPal,success,220.97,2025-03-21 16:09:00
2308,2308,Credit Card,success,180.14,2024-11-18 07:48:00
2309,2309,Crypto,success,568.2,2023-09-30 09:26:00
2310,2310,Credit Card,success,844.46,2025-03-27 23:29:00
2311,2311,Credit Card,success,200.98,2024-04-06 16:02:00
2312,2312,Bank Transfer,success,416.31,2023-07-01 15:38:00
2313,2313,Credit Card,success,866.41,2025-09-05 04:33:00
2314,2314,Crypto,success,394.04,2024-07-31 04:02:00
2315,2315,Bank Transfer,success,1315.56,2023-07-26 12:40:00
2316,2316,Credit Card,success,149.59,2024-11-29 20:25:00
2317,2317,Bank Transfer,failed,416.9,2023-10-20 23:01:00
2318,2318,PayPal,success,360.15,2024-09-22 22:00:00
2319,2319,PayPal,failed,373.98,2023-08-25 18:44:00
2320,2320,Credit Card,success,392.4,2024-03-02 13:10:00
2321,2321,PayPal,success,978.47,2024-11-10 23:32:00
2322,2322,Bank Transfer,success,447.18,2024-10-11 07:11:00
2323,2323,Apple Pay,success,597.28,2023-06-09 06:52:00
2324,2324,Apple Pay,failed,400.23,2024-02-23 02:22:00
2325,2325,Bank Transfer,success,579.1,2024-03-26 03:15:00
2326,2326,Credit Card,success,556.4,2025-07-02 19:18:00
2327,2327,Apple Pay,success,382.87,2024-07-26 10:49:00
2328,2328,PayPal,success,386.55,2024-02-22 21:06:00
2329,2329,Credit Card,success,345.19,2025-05-10 21:09:00
2330,2330,Credit Card,success,370.96,2024-05-23 13:00:00
2331,2331,Bank Transfer,success,1376.42,2023-08-14 15:58:00
2332,2332,PayPal,success,1112.36,2023-08-31 01:27:00
2333,2333,PayPal,success,1152.94,2023-11-24 08:50:00
2334,2334,Credit Card,success,95.73,2024-08-19 23:51:00
2335,2335,PayPal,success,380.8,2024-12-09 19:35:00
2336,2336,PayPal,success,592.62,2024-07-28 10:21:00
2337,2337,PayPal,success,415.65,2025-01-13 03:52:00
2338,2338,Credit Card,success,523.18,2024-10-12 14:46:00
2339,2339,Credit Card,success,521.37,2024-08-24 00:55:00
2340,2340,Credit Card,success,1421.37,2024-01-01 01:12:00
2341,2341,PayPal,success,444.51,2025-03-05 19:26:00
2342,2342,PayPal,success,554.42,2024-10-10 20:14:00
2343,2343,PayPal,failed,315.98,2024-08-25 16:13:00
2344,2344,Credit Card,success,741.92,2024-02-24 21:45:00
2345,2345,Apple Pay,success,369.12,2024-09-15 11:36:00
2346,2346,Credit Card,failed,214.76,2023-12-19 00:13:00
2347,2347,Credit Card,success,823.36,2024-05-15 23:19:00
2348,2348,PayPal,success,339.85,2023-10-28 04:21:00
2349,2349,Credit Card,success,343.55,2024-02-26 04:34:00
2350,2350,Apple Pay,success,266.59,2024-06-21 23:27:00
2351,2351,Bank Transfer,success,253.0,2024-02-10 21:29:00
2352,2352,Credit Card,success,98.01,2025-05-03 06:11:00
2353,2353,Credit Card,success,329.76,2025-05-14 22:44:00
2354,2354,Apple Pay,failed,794.69,2024-05-11 03:02:00
2355,2355,Credit Card,failed,279.17,2025-10-20 02:25:00
2356,2356,PayPal,failed,190.13,2023-07-23 21:13:00
2357,2357,Credit Card,success,184.19,2023-05-23 17:14:00
2358,2358,Credit Card,success,405.05,2024-12-05 07:17:00
2359,2359,Credit Card,success,429.85,2024-03-26 05:45:00
2360,2360,Apple Pay,success,1137.97,2024-07-17 11:43:00
2361,2361,Apple Pay,failed,214.98,2023-09-15 02:21:00
2362,2362,Credit Card,success,125.37,2025-07-16 07:39:00
2363,2363,Credit Card,success,535.35,2024-06-29 23:21:00
2364,2364,PayPal,success,222.31,2025-05-17 11:39:00
2365,2365,Credit Card,success,594.1,2024-10-08 08:03:00
2366,2366,Credit Card,failed,1536.73,2025-03-28 03:17:00
2367,2367,Credit Card,success,512.57,2024-12-07 14:02:00
2368,2368,Credit Card,success,567.24,2023-10-08 17:03:00
2369,2369,Credit Card,success,52.75,2024-12-25 12:44:00
2370,2370,PayPal,success,339.2,2024-10-27 10:12:00
2371,2371,Bank Transfer,success,439.98,2025-02-09 21:31:00
2372,2372,Apple Pay,success,86.41,2025-01-04 00:31:00
2373,2373,Credit Card,success,341.17,2024-02-21 20:59:00
2374,2374,Crypto,success,44.33,2024-04-05 01:42:00
2375,2375,Credit Card,success,79.38,2024-12-05 07:29:00
2376,2376,Credit Card,success,232.68,2024-06-10 20:09:00
2377,2377,PayPal,failed,1486.36,2024-08-14 14:55:00
2378,2378,PayPal,success,73.38,2024-05-12 10:21:00
2379,2379,Credit Card,success,300.08,2024-12-15 05:14:00
2380,2380,PayPal,success,242.43,2024-05-05 23:13:00
2381,2381,Apple Pay,success,892.03,2025-02-17 20:46:00
2382,2382,Credit Card,success,199.05,2023-09-02 13:14:00
2383,2383,Credit Card,success,228.1,2024-11-24 13:45:00
2384,2384,Credit Card,success,361.54,2025-06-21 03:48:00
2385,2385,Crypto,success,203.56,2025-08-13 19:42:00
2386,2386,Credit Card,success,220.82,2024-11-30 22:06:00
2387,2387,Credit Card,success,464.88,2025-10-02 10:55:00
2388,2388,Credit Card,failed,220.71,2024-03-28 10:45:00
2389,2389,Credit Card,success,504.78,2024-03-06 17:52:00
2390,2390,Credit Card,success,330.24,2025-07-16 15:30:00
2391,2391,Credit Card,success,782.04,2024-06-30 13:22:00
2392,2392,Credit Card,success,158.95,2025-07-20 05:34:00
2393,2393,Apple Pay,success,185.6,2024-08-26 01:28:00
2394,2394,Apple Pay,success,434.77,2024-01-03 20:47:00
2395,2395,PayPal,failed,299.72,2024-08-05 21:41:00
2396,2396,Apple Pay,success,935.92,2024-10-29 21:35:00
2397,2397,Credit Card,success,624.98,2024-02-05 16:03:00
2398,2398,Credit Card,failed,431.14,2023-09-25 22:40:00
2399,2399,Credit Card,success,89.37,2025-03-21 13:29:00
2400,2400,Crypto,failed,50.41,2024-06-13 09:12:00
2401,2401,Crypto,success,731.63,2024-12-22 21:12:00
2402,2402,Credit Card,success,1581.06,2025-07-15 13:58:00
2403,2403,Credit Card,failed,428.38,2025-02-08 05:31:00
2404,2404,Credit Card,success,1097.07,2025-03-24 05:03:00
2405,2405,PayPal,success,401.71,2024-11-26 16:39:00
2406,2406,PayPal,success,424.34,2024-11-12 06:58:00
2407,2407,PayPal,success,275.59,2024-10-19 11:06:00
2408,2408,Credit Card,success,1011.28,2024-12-12 15:57:00
2409,2409,Credit Card,success,813.02,2024-06-13 07:23:00
2410,2410,Credit Card,failed,486.6,2024-02-13 23:57:00
2411,2411,Credit Card,success,375.32,2024-07-28 07:15:00
2412,2412,Apple Pay,success,78.36,2023-08-26 19:31:00
2413,2413,Credit Card,success,411.01,2023-01-19 17:37:00
2414,2414,Apple Pay,success,92.51,2025-08-05 07:48:00
2415,2415,Credit Card,success,238.43,2023-12-16 11:17:00
2416,2416,PayPal,success,444.97,2024-06-15 08:29:00
2417,2417,PayPal,success,84.77,2024-07-06 01:54:00
2418,2418,PayPal,success,1185.46,2025-03-12 14:34:00
2419,2419,Credit Card,success,376.95,2025-05-11 17:05:00
2420,2420,Credit Card,failed,296.08,2023-04-03 09:21:00
2421,2421,PayPal,success,323.22,2023-12-09 00:25:00
2422,2422,Credit Card,success,1432.5,2023-04-30 18:17:00
2423,2423,Apple Pay,success,1744.68,2023-07-10 14:55:00
2424,2424,Crypto,success,418.35,2024-05-30 17:10:00
2425,2425,Credit Card,failed,901.77,2024-06-22 22:27:00
2426,2426,Credit Card,success,787.71,2025-08-31 03:07:00
2427,2427,Credit Card,success,173.95,2024-08-16 17:47:00
2428,2428,Apple Pay,success,399.06,2025-09-08 09:08:00
2429,2429,Apple Pay,success,351.63,2023-05-23 15:33:00
2430,2430,Credit Card,success,674.7,2023-09-12 09:01:00
2431,2431,Apple Pay,success,359.13,2025-01-24 23:58:00
2432,2432,PayPal,success,1609.66,2023-07-21 10:43:00
2433,2433,Bank Transfer,success,438.7,2024-07-12 20:20:00
2434,2434,Credit Card,success,703.31,2024-03-06 17:35:00
2435,2435,Credit Card,success,253.86,2024-04-19 15:31:00
2436,2436,Credit Card,success,394.97,2025-07-12 19:21:00
2437,2437,Credit Card,success,1405.05,2025-06-18 08:29:00
2438,2438,Crypto,success,295.32,2024-12-08 06:20:00
2439,2439,Credit Card,failed,438.0,2024-03-26 17:31:00
2440,2440,Credit Card,success,149.59,2024-06-06 14:51:00
2441,2441,Credit Card,success,106.81,2024-11-11 13:21:00
2442,2442,Credit Card,success,209.04,2024-10-30 11:11:00
2443,2443,Credit Card,success,105.72,2024-04-04 02:20:00
2444,2444,PayPal,success,860.42,2025-03-12 02:02:00
2445,2445,PayPal,success,175.44,2023-12-27 11:57:00
2446,2446,Credit Card,success,520.65,2024-05-31 08:57:00
2447,2447,PayPal,success,63.39,2023-03-28 05:27:00
2448,2448,PayPal,success,347.9,2024-04-26 15:30:00
2449,2449,Apple Pay,success,418.35,2024-12-15 13:27:00
2450,2450,PayPal,success,311.25,2025-09-14 01:04:00
2451,2451,Credit Card,success,751.37,2024-06-28 02:15:00
2452,2452,Credit Card,success,601.11,2024-01-14 20:55:00
2453,2453,Credit Card,success,1037.44,2023-11-21 21:23:00
2454,2454,PayPal,success,102.5,2023-09-23 11:51:00
2455,2455,Credit Card,success,759.21,2024-09-13 04:23:00
2456,2456,Credit Card,success,194.27,2024-09-14 16:56:00
2457,2457,Apple Pay,success,440.59,2024-08-14 04:22:00
2458,2458,PayPal,success,308.64,2024-08-18 03:06:00
2459,2459,Credit Card,failed,682.04,2025-04-11 11:50:00
2460,2460,PayPal,success,520.14,2024-03-03 14:15:00
2461,2461,Credit Card,success,884.37,2025-08-30 00:36:00
2462,2462,Credit Card,success,393.46,2024-08-13 18:26:00
2463,2463,Apple Pay,success,213.03,2023-08-18 08:04:00
2464,2464,Credit Card,success,1256.52,2024-08-14 14:39:00
2465,2465,Credit Card,success,355.35,2024-07-28 07:40:00
2466,2466,PayPal,success,369.2,2023-04-29 19:05:00
2467,2467,Credit Card,success,600.08,2024-10-27 00:42:00
2468,2468,Credit Card,success,252.41,2024-02-21 18:32:00
2469,2469,Credit Card,success,858.75,2025-07-31 00:21:00
2470,2470,PayPal,success,1071.49,2023-10-23 17:08:00
2471,2471,Credit Card,success,100.73,2024-10-20 05:41:00
2472,2472,Credit Card,success,1072.26,2025-09-04 05:24:00
2473,2473,PayPal,success,193.19,2024-02-27 07:25:00
2474,2474,Credit Card,success,255.76,2024-02-23 09:15:00
2475,2475,Credit Card,success,230.49,2025-01-04 10:08:00
2476,2476,PayPal,success,560.26,2023-02-03 19:39:00
2477,2477,PayPal,success,1090.53,2023-08-19 18:53:00
2478,2478,Credit Card,success,978.99,2023-10-11 06:12:00
2479,2479,Apple Pay,success,24.61,2024-05-10 18:10:00
2480,2480,Credit Card,success,238.62,2024-10-08 14:28:00
2481,2481,PayPal,failed,447.18,2024-01-13 21:55:00
2482,2482,Bank Transfer,success,285.58,2024-08-09 03:40:00
2483,2483,PayPal,success,871.13,2024-04-27 08:52:00
2484,2484,Credit Card,success,173.95,2023-08-28 01:41:00
2485,2485,Credit Card,success,404.71,2024-09-13 16:59:00
2486,2486,Credit Card,success,80.44,2023-10-27 18:46:00
2487,2487,Credit Card,success,595.97,2023-12-09 13:11:00
2488,2488,Credit Card,success,640.24,2025-02-11 21:14:00
2489,2489,Credit Card,success,531.18,2023-08-11 13:51:00
2490,2490,Credit Card,success,559.63,2024-08-31 11:52:00
2491,2491,Credit Card,success,390.46,2024-04-17 20:30:00
2492,2492,PayPal,success,1398.7,2023-11-12 17:56:00
2493,2493,PayPal,failed,98.5,2024-01-16 07:28:00
2494,2494,Bank Transfer,failed,1169.66,2024-09-15 07:41:00
2495,2495,Credit Card,success,1184.86,2024-09-04 23:23:00
2496,2496,Apple Pay,success,645.86,2023-08-04 02:45:00
2497,2497,Apple Pay,success,401.97,2024-05-26 14:25:00
2498,2498,Credit Card,failed,574.85,2024-01-25 13:23:00
2499,2499,PayPal,success,827.81,2024-10-13 12:07:00
2500,2500,PayPal,success,439.92,2024-05-01 09:31:00
2501,2501,Apple Pay,success,108.0,2024-07-24 21:09:00
2502,2502,PayPal,success,188.28,2024-01-06 19:40:00
2503,2503,Credit Card,failed,73.65,2024-01-08 21:17:00
2504,2504,PayPal,success,238.09,2024-07-12 00:18:00
2505,2505,PayPal,success,233.82,2024-10-05 18:17:00
2506,2506,Credit Card,success,452.83,2023-06-21 21:00:00
2507,2507,PayPal,success,109.6,2025-03-01 22:08:00
2508,2508,Bank Transfer,success,438.0,2024-04-13 03:13:00
2509,2509,Credit Card,success,479.54,2023-09-22 11:14:00
2510,2510,Credit Card,success,917.03,2024-09-07 16:34:00
2511,2511,Credit Card,success,133.29,2023-08-24 12:42:00
2512,2512,Credit Card,failed,1519.49,2024-11-07 23:31:00
2513,2513,PayPal,success,180.14,2023-06-17 04:59:00
2514,2514,PayPal,success,318.59,2024-03-10 16:23:00
2515,2515,PayPal,success,411.48,2024-05-15 17:49:00
2516,2516,Credit Card,success,350.87,2023-03-03 16:42:00
2517,2517,PayPal,success,210.09,2023-05-10 14:07:00
2518,2518,Credit Card,success,299.72,2025-02-03 14:32:00
2519,2519,Apple Pay,success,320.61,2024-10-07 05:41:00
2520,2520,PayPal,success,248.4,2023-09-01 01:38:00
2521,2521,Credit Card,failed,1463.17,2024-04-08 06:05:00
2522,2522,Credit Card,success,145.43,2024-10-14 17:26:00
2523,2523,Apple Pay,success,649.44,2024-01-28 02:00:00
2524,2524,Apple Pay,failed,179.28,2025-06-27 16:55:00
2525,2525,Credit Card,success,416.95,2023-10-31 02:09:00
2526,2526,Credit Card,success,787.44,2025-03-30 01:20:00
2527,2527,Apple Pay,failed,667.52,2025-03-17 22:49:00
2528,2528,PayPal,success,1708.67,2025-04-30 08:55:00
2529,2529,Apple Pay,failed,1197.2,2024-12-21 11:58:00
2530,2530,Apple Pay,failed,674.66,2025-04-19 18:26:00
2531,2531,PayPal,failed,819.32,2024-03-16 01:10:00
2532,2532,Credit Card,success,80.66,2024-03-08 16:49:00
2533,2533,Credit Card,failed,461.44,2024-02-20 16:17:00
2534,2534,Credit Card,success,577.89,2023-12-02 02:43:00
2535,2535,Apple Pay,success,636.26,2024-01-30 19:45:00
2536,2536,Credit Card,success,1637.95,2024-10-10 16:35:00
2537,2537,Apple Pay,failed,798.12,2024-12-27 19:53:00
2538,2538,PayPal,success,1483.86,2024-07-27 01:59:00
2539,2539,Credit Card,success,494.02,2024-06-03 09:24:00
2540,2540,Credit Card,success,329.21,2024-11-22 17:18:00
2541,2541,PayPal,success,365.14,2023-06-25 09:12:00
2542,2542,Credit Card,success,220.82,2024-08-12 23:02:00
2543,2543,Credit Card,success,401.71,2025-06-15 17:35:00
2544,2544,Bank Transfer,success,171.24,2023-08-13 15:47:00
2545,2545,Credit Card,success,760.62,2024-12-06 00:25:00
2546,2546,Credit Card,success,125.73,2024-10-13 21:31:00
2547,2547,Apple Pay,success,426.94,2024-01-23 03:44:00
2548,2548,Apple Pay,success,706.46,2023-10-03 12:58:00
2549,2549,PayPal,success,931.8,2024-11-11 05:21:00
2550,2550,Apple Pay,failed,312.71,2024-07-24 12:44:00
2551,2551,PayPal,success,162.55,2025-09-22 04:42:00
2552,2552,Credit Card,failed,559.53,2023-11-05 12:28:00
2553,2553,Credit Card,failed,80.44,2024-06-05 16:59:00
2554,2554,Credit Card,success,704.82,2024-11-08 07:28:00
2555,2555,Credit Card,success,372.88,2025-08-31 04:45:00
2556,2556,Crypto,success,278.49,2023-06-07 11:46:00
2557,2557,Credit Card,success,283.26,2023-05-26 09:50:00
2558,2558,Credit Card,failed,305.71,2025-02-15 03:29:00
2559,2559,Credit Card,success,330.87,2024-01-08 17:28:00
2560,2560,Apple Pay,success,828.01,2024-08-04 01:34:00
2561,2561,Bank Transfer,success,460.6,2024-09-16 13:56:00
2562,2562,Credit Card,success,800.97,2023-10-02 13:37:00
2563,2563,Credit Card,failed,1499.35,2023-02-21 07:59:00
2564,2564,Crypto,failed,305.71,2023-07-16 07:26:00
2565,2565,Credit Card,success,809.32,2023-09-03 01:29:00
2566,2566,Credit Card,success,864.74,2025-07-16 17:16:00
2567,2567,Bank Transfer,success,603.36,2024-01-29 03:25:00
2568,2568,Crypto,success,403.42,2023-05-18 12:54:00
2569,2569,Credit Card,success,269.95,2025-08-21 20:15:00
2570,2570,Credit Card,success,225.21,2024-04-28 08:55:00
2571,2571,Credit Card,failed,311.25,2024-06-01 14:45:00
2572,2572,Credit Card,success,1048.9,2025-01-10 03:18:00
2573,2573,PayPal,success,92.51,2025-02-14 02:04:00
2574,2574,PayPal,success,468.89,2025-01-27 15:31:00
2575,2575,Credit Card,success,617.97,2025-11-14 17:59:00
2576,2576,Credit Card,success,100.82,2024-09-22 14:32:00
2577,2577,PayPal,success,732.02,2024-04-20 08:52:00
2578,2578,Apple Pay,success,210.97,2023-11-23 02:22:00
2579,2579,Credit Card,success,62.83,2023-08-08 16:39:00
2580,2580,Credit Card,success,134.9,2024-11-16 08:04:00
2581,2581,Credit Card,failed,238.62,2023-06-01 02:07:00
2582,2582,Apple Pay,success,370.96,2024-05-14 02:54:00
2583,2583,Credit Card,success,427.26,2025-11-04 04:05:00
2584,2584,Bank Transfer,success,634.24,2024-10-13 13:13:00
2585,2585,Credit Card,success,832.56,2024-04-21 13:25:00
2586,2586,Crypto,success,39.75,2024-03-27 20:23:00
2587,2587,Credit Card,failed,493.41,2023-09-07 17:47:00
2588,2588,PayPal,success,376.95,2023-12-31 22:50:00
2589,2589,Crypto,success,1118.64,2023-11-24 18:23:00
2590,2590,Credit Card,success,333.84,2025-11-30 00:14:00
2591,2591,Credit Card,failed,282.82,2025-02-09 00:30:00
2592,2592,Credit Card,success,619.4,2024-02-17 19:11:00
2593,2593,PayPal,success,1323.57,2024-01-23 11:57:00
2594,2594,Credit Card,success,944.91,2023-08-13 16:44:00
2595,2595,Crypto,failed,149.43,2023-10-22 05:32:00
2596,2596,PayPal,success,295.89,2025-03-27 04:57:00
2597,2597,Apple Pay,failed,166.8,2024-02-29 14:35:00
2598,2598,PayPal,success,217.59,2024-12-01 06:54:00
2599,2599,Credit Card,success,549.77,2024-04-06 15:54:00
2600,2600,PayPal,success,445.97,2024-06-22 22:30:00
2601,2601,Credit Card,success,622.51,2024-03-20 21:40:00
2602,2602,Apple Pay,success,409.81,2024-01-28 00:40:00
2603,2603,Crypto,success,297.33,2023-10-22 06:38:00
2604,2604,Apple Pay,success,92.51,2024-12-10 09:41:00
2605,2605,Apple Pay,success,405.05,2025-07-05 16:36:00
2606,2606,Credit Card,success,367.21,2024-07-31 07:40:00
2607,2607,Credit Card,success,470.91,2025-03-11 08:49:00
2608,2608,Credit Card,failed,362.4,2023-07-29 23:37:00
2609,2609,PayPal,success,86.83,2025-01-25 22:01:00
2610,2610,PayPal,success,1050.99,2023-10-03 20:16:00
2611,2611,Apple Pay,failed,696.71,2025-04-25 00:20:00
2612,2612,Credit Card,failed,525.48,2023-12-26 10:10:00
2613,2613,Credit Card,failed,335.59,2024-11-23 20:47:00
2614,2614,Credit Card,success,241.28,2025-01-26 04:04:00
2615,2615,Credit Card,success,1390.0,2025-06-22 20:05:00
2616,2616,Credit Card,success,91.37,2024-04-28 09:27:00
2617,2617,PayPal,success,620.24,2023-09-23 07:11:00
2618,2618,Credit Card,success,662.8,2024-04-15 00:03:00
2619,2619,Credit Card,success,242.33,2023-10-19 14:38:00
2620,2620,Credit Card,success,862.74,2023-04-03 18:24:00
2621,2621,PayPal,success,617.27,2024-05-31 14:46:00
2622,2622,PayPal,failed,438.52,2023-11-13 05:22:00
2623,2623,Credit Card,success,245.71,2023-10-04 11:14:00
2624,2624,Credit Card,success,244.55,2024-11-13 19:45:00
2625,2625,Credit Card,success,324.88,2024-10-13 05:04:00
2626,2626,PayPal,success,1121.41,2025-09-06 01:17:00
2627,2627,Credit Card,success,1005.72,2025-06-20 18:04:00
2628,2628,Apple Pay,success,835.11,2023-11-28 12:30:00
2629,2629,Credit Card,success,76.42,2023-05-01 08:52:00
2630,2630,PayPal,success,410.91,2023-11-28 11:04:00
2631,2631,PayPal,success,294.1,2024-09-23 21:10:00
2632,2632,Credit Card,success,477.63,2025-11-01 05:57:00
2633,2633,PayPal,success,343.29,2024-07-11 05:51:00
2634,2634,Credit Card,success,661.25,2024-11-03 20:58:00
2635,2635,Credit Card,success,864.11,2023-09-20 02:42:00
2636,2636,Credit Card,success,286.65,2025-01-25 17:33:00
2637,2637,Credit Card,success,65.68,2025-10-18 07:18:00
2638,2638,PayPal,success,161.46,2024-04-01 07:56:00
2639,2639,Credit Card,success,633.42,2024-01-27 21:59:00
2640,2640,Credit Card,success,395.17,2023-10-24 08:16:00
2641,2641,Credit Card,success,639.48,2024-02-12 09:13:00
2642,2642,Apple Pay,success,398.15,2024-11-16 02:12:00
2643,2643,Credit Card,success,393.73,2024-09-18 15:35:00
2644,2644,Credit Card,failed,349.27,2025-01-04 04:37:00
2645,2645,PayPal,success,671.62,2024-12-19 06:04:00
2646,2646,Credit Card,success,508.36,2024-12-13 13:18:00
2647,2647,Credit Card,success,1255.05,2023-09-23 12:25:00
2648,2648,Credit Card,success,521.29,2024-12-17 16:30:00
2649,2649,PayPal,success,229.23,2024-12-23 09:18:00
2650,2650,PayPal,success,253.0,2024-06-25 17:03:00
2651,2651,Credit Card,success,968.48,2024-05-02 19:14:00
2652,2652,Apple Pay,success,418.26,2023-06-21 07:11:00
2653,2653,Credit Card,success,722.62,2025-04-24 17:25:00
2654,2654,Crypto,success,1258.77,2025-07-17 19:46:00
2655,2655,PayPal,success,719.23,2023-10-08 15:59:00
2656,2656,Credit Card,success,59.22,2024-08-29 09:52:00
2657,2657,Credit Card,success,848.56,2024-11-26 18:36:00
2658,2658,Bank Transfer,failed,803.42,2024-07-05 19:36:00
2659,2659,Credit Card,success,549.26,2024-12-08 18:35:00
2660,2660,Credit Card,success,398.02,2025-07-02 23:51:00
2661,2661,Credit Card,success,81.11,2023-10-22 15:19:00
2662,2662,PayPal,success,290.55,2024-05-21 18:44:00
2663,2663,Crypto,success,570.64,2024-09-06 00:11:00
2664,2664,Credit Card,success,136.75,2025-05-04 08:34:00
2665,2665,PayPal,success,296.32,2024-03-11 18:43:00
2666,2666,Credit Card,success,397.43,2023-11-30 02:31:00
2667,2667,Credit Card,success,92.51,2023-07-08 17:23:00
2668,2668,Credit Card,failed,298.56,2023-12-23 16:36:00
2669,2669,Credit Card,failed,110.81,2024-10-17 00:44:00
2670,2670,Credit Card,success,85.42,2023-08-08 13:11:00
2671,2671,Credit Card,success,917.91,2025-01-15 09:21:00
2672,2672,Crypto,success,1028.36,2025-04-24 00:09:00
2673,2673,Bank Transfer,success,850.36,2023-08-26 04:28:00
2674,2674,PayPal,success,160.04,2025-05-14 07:46:00
2675,2675,PayPal,success,376.52,2024-03-30 02:51:00
2676,2676,Credit Card,success,279.69,2024-06-01 11:08:00
2677,2677,Credit Card,success,324.88,2025-06-26 12:05:00
2678,2678,Credit Card,success,407.95,2024-07-26 13:21:00
2679,2679,Crypto,success,655.62,2024-06-12 16:00:00
2680,2680,Credit Card,failed,93.77,2025-02-08 04:44:00
2681,2681,Crypto,success,253.0,2025-03-14 11:57:00
2682,2682,Credit Card,success,366.14,2025-10-30 15:36:00
2683,2683,Apple Pay,success,529.32,2025-01-26 22:04:00
2684,2684,PayPal,success,228.1,2024-05-01 13:19:00
2685,2685,Credit Card,success,100.82,2023-08-17 11:01:00
2686,2686,PayPal,failed,78.78,2025-06-06 00:41:00
2687,2687,Credit Card,failed,483.83,2024-10-06 21:08:00
2688,2688,Credit Card,failed,244.65,2025-03-07 12:36:00
2689,2689,Apple Pay,success,384.04,2024-08-05 06:58:00
2690,2690,Credit Card,failed,473.74,2023-11-28 08:03:00
2691,2691,Crypto,failed,247.59,2025-06-28 13:15:00
2692,2692,Credit Card,failed,178.2,2024-11-04 11:09:00
2693,2693,Apple Pay,success,1002.18,2024-04-11 18:05:00
2694,2694,Credit Card,success,1373.08,2025-06-11 09:11:00
2695,2695,Credit Card,success,206.84,2024-12-28 20:12:00
2696,2696,PayPal,failed,989.52,2023-11-02 04:44:00
2697,2697,Credit Card,success,135.62,2023-05-26 15:42:00
2698,2698,PayPal,success,67.66,2023-12-21 13:46:00
2699,2699,PayPal,success,417.0,2024-03-21 07:32:00
2700,2700,Apple Pay,success,600.36,2024-12-11 22:29:00
2701,2701,Bank Transfer,success,728.27,2024-10-14 07:09:00
2702,2702,Credit Card,success,203.27,2023-12-14 04:22:00
2703,2703,Credit Card,success,131.27,2023-07-18 10:29:00
2704,2704,Credit Card,success,362.06,2023-08-06 01:17:00
2705,2705,Credit Card,success,95.73,2024-11-13 02:00:00
2706,2706,Apple Pay,success,326.44,2024-03-23 21:22:00
2707,2707,PayPal,success,684.05,2024-06-03 22:47:00
2708,2708,PayPal,success,199.05,2024-06-25 19:44:00
2709,2709,Credit Card,failed,119.38,2024-10-15 11:58:00
2710,2710,Credit Card,success,217.79,2024-09-04 21:42:00
2711,2711,PayPal,success,461.76,2025-09-14 08:34:00
2712,2712,Credit Card,failed,814.07,2024-04-29 13:08:00
2713,2713,PayPal,success,448.51,2024-03-21 18:16:00
2714,2714,PayPal,success,171.13,2024-11-28 00:46:00
2715,2715,Credit Card,failed,319.1,2023-05-03 11:42:00
2716,2716,Credit Card,success,206.84,2023-11-04 23:57:00
2717,2717,Credit Card,success,570.59,2024-05-25 16:42:00
2718,2718,PayPal,success,370.96,2024-04-11 12:47:00
2719,2719,Credit Card,success,851.42,2023-11-28 19:47:00
2720,2720,PayPal,success,415.65,2024-11-27 11:41:00
2721,2721,Credit Card,failed,446.34,2024-06-24 14:39:00
2722,2722,Credit Card,success,339.87,2025-03-07 16:20:00
2723,2723,Credit Card,failed,387.19,2025-08-16 01:33:00
2724,2724,Credit Card,success,628.53,2024-10-31 09:08:00
2725,2725,Credit Card,success,312.19,2024-01-24 03:58:00
2726,2726,Credit Card,failed,786.95,2023-05-24 23:31:00
2727,2727,PayPal,success,1650.85,2025-04-03 04:54:00
2728,2728,Credit Card,success,872.96,2023-08-12 18:40:00
2729,2729,PayPal,success,380.1,2024-09-25 07:48:00
2730,2730,Credit Card,success,351.6,2024-12-12 15:46:00
2731,2731,Credit Card,success,77.31,2024-02-03 22:37:00
2732,2732,Credit Card,success,1267.0,2024-08-01 18:51:00
2733,2733,PayPal,success,512.29,2023-10-13 11:02:00
2734,2734,Credit Card,success,1602.5,2024-05-10 03:51:00
2735,2735,PayPal,success,589.8,2023-02-11 03:53:00
2736,2736,Bank Transfer,success,578.86,2023-09-16 21:33:00
2737,2737,Credit Card,success,906.5,2025-01-09 16:12:00
2738,2738,Credit Card,success,827.1,2025-02-20 17:24:00
2739,2739,Apple Pay,success,140.86,2025-01-31 11:49:00
2740,2740,PayPal,success,2136.0,2025-05-31 21:43:00
2741,2741,Credit Card,success,344.43,2025-07-06 18:59:00
2742,2742,Apple Pay,success,1214.13,2024-03-16 08:17:00
2743,2743,PayPal,success,89.0,2025-03-16 00:17:00
2744,2744,Apple Pay,success,380.95,2024-09-13 08:10:00
2745,2745,PayPal,success,294.11,2023-11-27 03:18:00
2746,2746,Apple Pay,failed,767.99,2024-07-28 03:59:00
2747,2747,PayPal,success,544.9,2024-07-08 01:02:00
2748,2748,Crypto,failed,173.95,2023-01-16 15:28:00
2749,2749,PayPal,failed,630.47,2023-07-06 08:32:00
2750,2750,PayPal,success,137.26,2024-02-12 00:40:00
2751,2751,Credit Card,success,1035.29,2024-09-18 17:09:00
2752,2752,Credit Card,success,54.41,2024-08-06 18:09:00
2753,2753,PayPal,failed,199.05,2024-03-27 13:36:00
2754,2754,Credit Card,success,2001.44,2025-01-10 08:36:00
2755,2755,Credit Card,success,281.4,2024-12-16 21:46:00
2756,2756,Credit Card,success,396.35,2024-03-22 05:58:00
2757,2757,Credit Card,success,78.41,2024-01-12 23:38:00
2758,2758,Apple Pay,failed,694.49,2024-10-30 14:14:00
2759,2759,Credit Card,success,288.53,2024-03-13 23:12:00
2760,2760,Crypto,success,820.44,2023-04-10 23:22:00
2761,2761,Credit Card,success,1267.54,2023-10-12 12:49:00
2762,2762,Credit Card,success,293.8,2025-06-17 13:28:00
2763,2763,Credit Card,success,81.31,2023-07-13 04:26:00
2764,2764,PayPal,success,694.09,2024-08-04 06:25:00
2765,2765,Credit Card,success,755.61,2024-03-26 01:29:00
2766,2766,Credit Card,success,433.65,2024-08-29 06:02:00
2767,2767,Apple Pay,success,68.82,2024-06-19 02:08:00
2768,2768,Credit Card,success,273.64,2024-07-10 21:11:00
2769,2769,Credit Card,success,614.79,2024-01-24 23:33:00
2770,2770,Credit Card,success,233.82,2023-09-10 21:43:00
2771,2771,PayPal,success,295.64,2025-01-18 00:16:00
2772,2772,PayPal,success,46.76,2024-11-05 22:43:00
2773,2773,PayPal,failed,586.81,2024-03-29 08:09:00
2774,2774,Credit Card,failed,148.63,2024-02-26 23:13:00
2775,2775,PayPal,success,477.92,2023-06-25 16:54:00
2776,2776,Credit Card,success,437.13,2023-12-19 18:16:00
2777,2777,PayPal,success,72.57,2024-05-24 14:08:00
2778,2778,Credit Card,success,1560.95,2025-08-23 14:10:00
2779,2779,Credit Card,success,928.5,2025-05-11 17:48:00
2780,2780,Credit Card,success,409.66,2023-10-07 18:31:00
2781,2781,Bank Transfer,success,105.72,2023-06-16 08:45:00
2782,2782,PayPal,success,266.63,2023-11-03 01:49:00
2783,2783,Credit Card,success,860.34,2023-04-18 05:42:00
2784,2784,Apple Pay,failed,1315.3,2024-06-05 14:48:00
2785,2785,Credit Card,success,1549.25,2023-11-02 20:02:00
2786,2786,PayPal,success,1247.72,2023-11-09 03:33:00
2787,2787,Crypto,success,208.97,2024-06-27 20:04:00
2788,2788,Credit Card,success,552.23,2025-03-02 10:48:00
2789,2789,PayPal,success,350.9,2025-09-03 11:22:00
2790,2790,Credit Card,success,211.28,2023-11-25 09:49:00
2791,2791,PayPal,failed,409.66,2025-03-01 05:16:00
2792,2792,Apple Pay,failed,67.66,2023-05-22 18:22:00
2793,2793,Credit Card,success,1064.7,2024-08-10 01:55:00
2794,2794,Credit Card,success,882.16,2025-02-22 00:28:00
2795,2795,Credit Card,success,78.41,2023-01-31 18:27:00
2796,2796,Credit Card,success,206.84,2024-04-09 16:39:00
2797,2797,Credit Card,success,1749.85,2025-06-03 12:43:00
2798,2798,Credit Card,success,216.69,2025-04-03 22:23:00
2799,2799,Credit Card,success,438.0,2024-04-26 10:55:00
2800,2800,Credit Card,success,680.02,2023-06-20 00:34:00
2801,2801,Credit Card,success,207.22,2023-06-22 08:48:00
2802,2802,Apple Pay,success,46.76,2023-08-17 07:25:00
2803,2803,PayPal,success,822.07,2024-08-16 02:47:00
2804,2804,Credit Card,success,454.91,2023-01-29 04:52:00
2805,2805,PayPal,success,183.94,2023-09-07 10:30:00
2806,2806,Credit Card,success,178.87,2025-06-11 20:08:00
2807,2807,PayPal,success,90.16,2023-08-20 21:23:00
2808,2808,Crypto,success,100.37,2024-02-09 23:44:00
2809,2809,Bank Transfer,success,54.32,2024-03-10 02:30:00
2810,2810,Credit Card,success,183.94,2023-10-22 03:46:00
2811,2811,PayPal,success,215.19,2024-09-08 12:59:00
2812,2812,Credit Card,success,374.81,2024-03-08 13:36:00
2813,2813,PayPal,failed,3031.04,2024-07-05 16:31:00
2814,2814,Credit Card,success,840.0,2025-07-22 09:13:00
2815,2815,Apple Pay,success,837.74,2024-08-06 05:55:00
2816,2816,PayPal,success,538.07,2025-02-13 23:31:00
2817,2817,Apple Pay,success,1440.78,2023-11-22 07:22:00
2818,2818,Credit Card,success,417.0,2024-08-05 01:53:00
2819,2819,PayPal,success,323.22,2024-07-31 08:02:00
2820,2820,PayPal,success,70.33,2025-02-06 07:34:00
2821,2821,Credit Card,success,178.87,2025-07-15 17:14:00
2822,2822,Credit Card,success,90.94,2025-01-23 08:10:00
2823,2823,PayPal,success,87.6,2024-08-06 10:34:00
2824,2824,Credit Card,success,642.67,2024-10-28 09:09:00
2825,2825,Credit Card,success,454.93,2024-05-07 01:32:00
2826,2826,Credit Card,success,422.94,2024-06-29 16:28:00
2827,2827,Apple Pay,success,64.28,2024-03-29 16:00:00
2828,2828,PayPal,success,1262.29,2024-11-30 17:08:00
2829,2829,Credit Card,success,541.5,2024-07-26 19:50:00
2830,2830,Credit Card,success,244.34,2024-12-02 07:01:00
2831,2831,Apple Pay,success,408.6,2024-04-08 00:15:00
2832,2832,Credit Card,failed,1195.59,2025-01-26 10:25:00
2833,2833,PayPal,success,381.62,2023-08-03 13:45:00
2834,2834,Credit Card,success,794.87,2025-11-08 08:46:00
2835,2835,PayPal,success,405.16,2025-01-15 05:05:00
2836,2836,Apple Pay,success,439.96,2024-09-23 20:13:00
2837,2837,PayPal,success,416.4,2023-02-11 08:36:00
2838,2838,Credit Card,success,700.19,2024-04-03 10:35:00
2839,2839,Credit Card,failed,206.84,2023-12-28 18:57:00
2840,2840,Credit Card,success,1590.29,2024-04-10 03:19:00
2841,2841,Credit Card,success,374.12,2024-08-03 05:52:00
2842,2842,PayPal,success,809.42,2023-09-23 09:39:00
2843,2843,PayPal,success,199.59,2025-11-07 22:32:00
2844,2844,PayPal,success,396.49,2025-03-09 21:27:00
2845,2845,PayPal,success,50.32,2023-07-23 18:56:00
2846,2846,PayPal,success,836.7,2024-06-01 00:32:00
2847,2847,Credit Card,success,215.19,2025-04-11 12:39:00
2848,2848,Credit Card,success,399.06,2025-05-27 12:38:00
2849,2849,Credit Card,success,729.93,2024-10-15 11:18:00
2850,2850,Credit Card,success,835.96,2025-04-11 21:25:00
2851,2851,PayPal,success,842.69,2023-09-12 12:18:00
2852,2852,Credit Card,success,293.28,2023-08-11 21:19:00
2853,2853,Credit Card,success,276.14,2024-08-16 13:25:00
2854,2854,Credit Card,success,369.89,2023-03-24 00:21:00
2855,2855,Apple Pay,success,286.65,2024-10-05 23:06:00
2856,2856,PayPal,success,256.25,2023-01-22 08:07:00
2857,2857,Bank Transfer,success,444.58,2024-10-16 03:45:00
2858,2858,Credit Card,success,101.72,2024-10-25 05:34:00
2859,2859,Credit Card,success,253.33,2023-08-07 07:30:00
2860,2860,Bank Transfer,success,232.44,2025-05-08 20:55:00
2861,2861,Crypto,success,238.62,2024-10-01 16:02:00
2862,2862,PayPal,success,577.54,2024-06-09 17:00:00
2863,2863,Crypto,success,1065.48,2023-07-26 09:50:00
2864,2864,Credit Card,success,247.31,2023-11-01 20:57:00
2865,2865,Credit Card,success,1196.71,2023-11-08 22:38:00
2866,2866,PayPal,success,324.13,2023-10-13 21:21:00
2867,2867,Credit Card,success,145.43,2024-01-11 09:19:00
2868,2868,Credit Card,success,453.93,2024-05-15 10:58:00
2869,2869,Credit Card,failed,900.13,2024-09-17 08:48:00
2870,2870,Credit Card,success,986.58,2023-10-03 17:06:00
2871,2871,Credit Card,success,337.62,2023-02-23 11:30:00
2872,2872,Credit Card,success,872.26,2023-12-19 10:10:00
2873,2873,Bank Transfer,success,425.12,2025-01-12 23:51:00
2874,2874,Bank Transfer,failed,410.64,2024-07-04 03:34:00
2875,2875,Apple Pay,success,135.32,2024-06-03 10:53:00
2876,2876,Credit Card,failed,718.3,2023-12-17 14:01:00
2877,2877,PayPal,success,181.87,2024-02-09 21:32:00
2878,2878,Credit Card,success,91.37,2025-04-07 06:55:00
2879,2879,Credit Card,failed,65.68,2023-06-23 00:11:00
2880,2880,PayPal,success,191.01,2024-11-20 22:58:00
2881,2881,Credit Card,success,600.88,2023-07-01 23:06:00
2882,2882,PayPal,success,1101.92,2024-07-24 17:37:00
2883,2883,Credit Card,success,372.86,2024-10-26 12:27:00
2884,2884,Apple Pay,success,805.38,2024-05-28 05:53:00
2885,2885,Credit Card,failed,454.93,2025-03-11 02:58:00
2886,2886,Credit Card,success,888.99,2025-04-12 23:49:00
2887,2887,PayPal,failed,178.2,2024-06-24 03:59:00
2888,2888,Apple Pay,success,239.81,2024-12-02 08:26:00
2889,2889,Apple Pay,success,235.2,2025-04-11 05:36:00
2890,2890,Credit Card,success,324.88,2024-02-13 00:07:00
2891,2891,Credit Card,success,604.51,2024-03-01 03:26:00
2892,2892,Crypto,success,1683.99,2024-09-19 13:16:00
2893,2893,Apple Pay,success,1383.3,2023-05-01 22:28:00
2894,2894,Credit Card,success,337.63,2023-03-28 02:31:00
2895,2895,Credit Card,success,404.09,2025-03-21 15:20:00
2896,2896,Credit Card,success,76.42,2024-11-15 07:42:00
2897,2897,Crypto,success,180.14,2025-02-06 13:49:00
2898,2898,Credit Card,success,652.31,2025-01-22 01:49:00
2899,2899,Credit Card,success,141.26,2025-06-18 01:45:00
2900,2900,Credit Card,success,605.05,2024-05-14 19:42:00
2901,2901,Credit Card,success,363.2,2024-10-12 12:55:00
2902,2902,Credit Card,success,103.51,2023-08-25 07:37:00
2903,2903,PayPal,failed,416.59,2024-04-09 23:16:00
2904,2904,Credit Card,success,454.45,2024-02-11 14:10:00
2905,2905,Credit Card,success,200.98,2024-08-28 12:11:00
2906,2906,Apple Pay,success,543.16,2025-09-24 13:01:00
2907,2907,PayPal,success,907.58,2024-09-12 02:19:00
2908,2908,PayPal,success,372.88,2025-03-31 20:34:00
2909,2909,Credit Card,success,410.91,2024-11-28 03:28:00
2910,2910,PayPal,success,365.62,2024-01-14 02:02:00
2911,2911,Credit Card,success,131.27,2024-06-19 16:36:00
2912,2912,PayPal,success,222.69,2024-02-10 14:32:00
2913,2913,PayPal,success,387.61,2023-12-28 10:15:00
2914,2914,Credit Card,success,828.36,2024-04-12 00:47:00
2915,2915,Credit Card,success,2365.04,2024-02-04 03:19:00
2916,2916,Credit Card,success,197.09,2024-01-10 11:01:00
2917,2917,PayPal,success,632.88,2023-09-24 08:43:00
2918,2918,Credit Card,success,275.79,2024-07-16 02:14:00
2919,2919,Apple Pay,success,676.27,2023-05-26 08:47:00
2920,2920,Credit Card,success,176.75,2024-07-28 13:57:00
2921,2921,Bank Transfer,success,1863.88,2023-12-30 20:36:00
2922,2922,Crypto,success,639.99,2024-01-11 12:13:00
2923,2923,Credit Card,success,366.14,2025-05-01 18:45:00
2924,2924,Credit Card,success,1370.66,2024-10-05 16:51:00
2925,2925,Credit Card,success,353.17,2023-10-14 00:33:00
2926,2926,Credit Card,failed,236.71,2025-01-17 21:16:00
2927,2927,Credit Card,failed,307.48,2024-06-16 00:11:00
2928,2928,Credit Card,failed,447.49,2025-04-04 01:19:00
2929,2929,Crypto,success,393.88,2025-04-15 01:52:00
2930,2930,Crypto,success,502.92,2025-05-06 13:41:00
2931,2931,Credit Card,success,918.01,2024-05-18 02:23:00
2932,2932,Credit Card,success,98.01,2024-01-08 16:10:00
2933,2933,Bank Transfer,success,426.94,2025-05-16 18:55:00
2934,2934,PayPal,success,709.12,2023-12-11 11:10:00
2935,2935,PayPal,success,727.07,2024-12-15 23:07:00
2936,2936,Credit Card,success,99.51,2023-12-06 09:28:00
2937,2937,Credit Card,success,564.6,2024-08-22 00:45:00
2938,2938,PayPal,success,145.31,2023-04-25 17:27:00
2939,2939,Apple Pay,success,332.43,2024-07-11 19:53:00
2940,2940,Apple Pay,success,421.66,2024-04-21 08:56:00
2941,2941,Crypto,success,375.9,2024-11-10 08:06:00
2942,2942,Credit Card,success,368.92,2024-12-02 01:20:00
2943,2943,Credit Card,failed,199.59,2024-10-13 12:39:00
2944,2944,Credit Card,success,680.69,2025-05-18 22:51:00
2945,2945,Credit Card,success,418.35,2024-02-07 11:51:00
2946,2946,Bank Transfer,success,305.71,2025-02-13 10:24:00
2947,2947,PayPal,success,400.03,2025-04-29 23:08:00
2948,2948,Credit Card,success,91.37,2023-12-03 21:35:00
2949,2949,PayPal,success,206.84,2024-09-09 06:50:00
2950,2950,PayPal,success,679.92,2024-12-11 05:36:00
2951,2951,PayPal,success,232.92,2024-04-28 09:41:00
2952,2952,Credit Card,failed,132.47,2024-12-23 14:41:00
2953,2953,Credit Card,success,385.92,2024-07-05 00:19:00
2954,2954,PayPal,success,280.66,2023-11-08 02:46:00
2955,2955,Credit Card,success,156.81,2023-10-06 03:20:00
2956,2956,Credit Card,success,996.43,2025-04-25 04:51:00
2957,2957,Credit Card,success,387.87,2023-05-01 01:29:00
2958,2958,Credit Card,success,496.29,2024-06-03 03:54:00
2959,2959,Credit Card,success,1548.07,2024-01-18 15:38:00
2960,2960,Credit Card,success,92.51,2024-08-23 00:53:00
2961,2961,Credit Card,success,374.23,2025-09-27 09:27:00
2962,2962,PayPal,success,227.77,2024-12-20 16:58:00
2963,2963,Crypto,failed,202.01,2024-06-27 14:38:00
2964,2964,PayPal,success,771.01,2025-03-07 06:04:00
2965,2965,Apple Pay,failed,678.6,2024-03-12 20:14:00
2966,2966,PayPal,success,617.26,2023-09-19 15:18:00
2967,2967,PayPal,success,179.94,2024-12-31 17:06:00
2968,2968,PayPal,success,448.94,2023-08-20 18:37:00
2969,2969,Credit Card,failed,437.13,2023-03-29 11:45:00
2970,2970,PayPal,success,1047.8,2024-09-06 04:12:00
2971,2971,PayPal,success,348.26,2023-08-30 23:05:00
2972,2972,Credit Card,success,180.14,2025-01-30 07:35:00
2973,2973,Credit Card,success,582.85,2025-01-23 10:00:00
2974,2974,Credit Card,success,213.95,2025-02-24 02:52:00
2975,2975,Credit Card,success,810.94,2024-02-22 04:36:00
2976,2976,PayPal,success,487.65,2024-07-13 18:28:00
2977,2977,Crypto,success,367.53,2024-05-24 20:27:00
2978,2978,Crypto,success,448.94,2024-08-20 23:16:00
2979,2979,Credit Card,success,779.86,2023-09-28 02:35:00
2980,2980,PayPal,success,1171.77,2024-04-08 05:28:00
2981,2981,PayPal,success,454.93,2025-05-31 00:22:00
2982,2982,Credit Card,failed,276.7,2024-07-28 18:58:00
2983,2983,Apple Pay,success,183.94,2023-12-13 19:45:00
2984,2984,PayPal,failed,294.1,2024-06-28 09:11:00
2985,2985,Credit Card,success,151.12,2024-01-28 20:47:00
2986,2986,Apple Pay,failed,404.09,2024-11-13 04:51:00
2987,2987,Credit Card,failed,1659.97,2025-06-11 19:55:00
2988,2988,Bank Transfer,success,334.8,2024-07-10 08:55:00
2989,2989,PayPal,success,794.07,2023-06-19 12:20:00
2990,2990,Credit Card,success,947.55,2025-09-06 14:09:00
2991,2991,PayPal,success,85.37,2024-02-01 23:06:00
2992,2992,PayPal,success,932.46,2024-12-29 10:33:00
2993,2993,Credit Card,success,1520.76,2024-11-09 13:37:00
2994,2994,PayPal,success,415.65,2024-04-07 00:25:00
2995,2995,Credit Card,success,677.5,2024-11-24 07:54:00
2996,2996,Apple Pay,success,375.48,2023-05-27 03:45:00
2997,2997,PayPal,success,425.88,2024-10-10 20:15:00
2998,2998,Apple Pay,success,440.82,2024-07-15 05:31:00
2999,2999,Apple Pay,success,1091.15,2023-12-30 07:03:00
3000,3000,Credit Card,success,220.82,2024-06-23 06:32:00
3001,3001,Apple Pay,success,134.9,2024-12-23 01:17:00
3002,3002,PayPal,success,396.49,2024-02-17 18:56:00
3003,3003,Credit Card,success,80.44,2024-07-31 02:01:00
3004,3004,Credit Card,success,933.3,2024-03-17 17:17:00
3005,3005,PayPal,success,409.58,2025-04-29 10:06:00
3006,3006,Credit Card,success,831.81,2023-12-15 11:57:00
3007,3007,Credit Card,success,1027.41,2025-01-18 04:55:00
3008,3008,Apple Pay,success,261.08,2023-08-20 23:54:00
3009,3009,PayPal,success,499.74,2023-08-28 05:10:00
3010,3010,Credit Card,success,546.92,2023-09-14 20:56:00
3011,3011,PayPal,success,419.65,2024-09-30 01:50:00
3012,3012,Crypto,success,785.87,2024-08-12 22:57:00
3013,3013,Credit Card,success,246.42,2024-12-31 03:56:00
3014,3014,Credit Card,success,589.62,2024-05-02 06:58:00
3015,3015,Credit Card,failed,929.4,2024-01-25 16:12:00
3016,3016,Credit Card,success,272.57,2024-04-19 21:28:00
3017,3017,Apple Pay,success,898.08,2024-08-09 10:48:00
3018,3018,Credit Card,success,779.05,2023-10-22 12:03:00
3019,3019,Credit Card,success,352.01,2023-08-13 16:54:00
3020,3020,Credit Card,success,249.76,2024-08-12 03:20:00
3021,3021,Credit Card,success,756.02,2025-02-10 09:33:00
3022,3022,Credit Card,failed,393.65,2024-07-25 11:01:00
3023,3023,Credit Card,success,197.05,2024-02-18 08:43:00
3024,3024,PayPal,success,1165.49,2024-03-11 22:53:00
3025,3025,Apple Pay,success,308.29,2024-09-18 22:21:00
3026,3026,Apple Pay,success,376.95,2024-06-12 08:19:00
3027,3027,Credit Card,success,307.38,2025-06-18 09:27:00
3028,3028,Credit Card,success,402.48,2024-01-06 04:21:00
3029,3029,Apple Pay,failed,476.25,2024-04-25 03:52:00
3030,3030,Crypto,success,329.6,2023-12-08 10:21:00
3031,3031,Credit Card,success,1959.12,2024-06-16 22:51:00
3032,3032,Credit Card,success,1097.65,2024-06-20 01:29:00
3033,3033,Credit Card,success,440.2,2024-08-18 13:37:00
3034,3034,Credit Card,success,487.23,2024-11-23 14:27:00
3035,3035,Credit Card,success,101.72,2024-03-30 08:52:00
3036,3036,Crypto,success,1073.25,2024-02-23 10:27:00
3037,3037,Credit Card,success,1495.08,2023-06-23 07:24:00
3038,3038,PayPal,success,552.73,2023-07-03 15:16:00
3039,3039,PayPal,failed,360.15,2024-01-14 13:42:00
3040,3040,Apple Pay,success,448.94,2024-07-15 23:16:00
3041,3041,Apple Pay,failed,214.04,2024-03-21 12:27:00
3042,3042,Credit Card,success,317.24,2025-02-09 11:24:00
3043,3043,Apple Pay,success,231.2,2025-05-04 19:18:00
3044,3044,Credit Card,success,224.95,2025-08-25 08:24:00
3045,3045,Credit Card,failed,802.61,2025-05-15 15:20:00
3046,3046,PayPal,success,75.41,2024-08-13 04:09:00
3047,3047,PayPal,failed,1150.86,2024-11-03 08:48:00
3048,3048,PayPal,success,515.91,2024-02-07 11:19:00
3049,3049,Credit Card,success,368.69,2024-06-18 11:29:00
3050,3050,Apple Pay,success,115.02,2023-04-16 21:18:00
3051,3051,Credit Card,success,45.89,2025-02-04 01:24:00
3052,3052,Apple Pay,success,503.09,2024-01-28 01:01:00
3053,3053,Apple Pay,success,396.45,2024-06-27 08:46:00
3054,3054,Crypto,success,836.7,2024-08-18 01:43:00
3055,3055,PayPal,failed,800.77,2024-05-26 03:02:00
3056,3056,Credit Card,success,418.35,2024-09-12 18:59:00
3057,3057,Credit Card,success,753.63,2024-12-07 10:24:00
3058,3058,Credit Card,success,838.8,2025-05-16 12:50:00
3059,3059,Credit Card,failed,416.95,2025-04-23 23:28:00
3060,3060,Credit Card,success,264.0,2025-06-17 11:47:00
3061,3061,PayPal,failed,77.31,2025-09-10 17:13:00
3062,3062,PayPal,success,431.14,2023-10-23 07:39:00
3063,3063,Credit Card,success,270.79,2024-06-01 02:37:00
3064,3064,Crypto,success,1196.63,2024-03-11 15:08:00
3065,3065,Credit Card,success,239.77,2024-01-07 10:37:00
3066,3066,Apple Pay,success,95.73,2025-08-05 03:18:00
3067,3067,PayPal,success,240.71,2023-11-28 12:47:00
3068,3068,Crypto,success,165.23,2024-01-22 01:26:00
3069,3069,PayPal,success,247.44,2024-04-09 07:51:00
3070,3070,Credit Card,success,256.85,2025-07-06 01:40:00
3071,3071,PayPal,success,104.0,2025-07-09 10:52:00
3072,3072,Credit Card,success,859.12,2024-03-20 21:09:00
3073,3073,Credit Card,success,590.85,2025-01-29 02:47:00
3074,3074,PayPal,success,909.57,2025-05-01 20:19:00
3075,3075,Credit Card,failed,721.29,2024-05-13 11:16:00
3076,3076,Credit Card,failed,400.35,2024-02-08 06:00:00
3077,3077,Credit Card,failed,165.54,2024-01-20 06:03:00
3078,3078,Credit Card,success,594.67,2024-04-29 12:49:00
3079,3079,Credit Card,failed,98.5,2024-07-12 00:54:00
3080,3080,Credit Card,success,435.56,2024-07-20 17:31:00
3081,3081,Apple Pay,success,244.42,2025-05-23 05:30:00
3082,3082,PayPal,success,261.41,2025-03-03 21:23:00
3083,3083,PayPal,success,179.94,2024-02-10 22:43:00
3084,3084,Credit Card,success,359.13,2025-02-06 04:39:00
3085,3085,Credit Card,success,288.11,2024-11-13 19:23:00
3086,3086,Credit Card,success,238.62,2023-05-18 22:53:00
3087,3087,Apple Pay,failed,202.49,2025-09-28 17:50:00
3088,3088,Apple Pay,success,454.0,2024-03-11 20:57:00
3089,3089,PayPal,failed,381.62,2024-01-17 12:22:00
3090,3090,Credit Card,success,786.72,2024-05-08 02:17:00
3091,3091,PayPal,success,648.49,2023-12-21 17:42:00
3092,3092,Credit Card,success,52.75,2024-01-16 05:53:00
3093,3093,Credit Card,success,649.9,2024-10-27 04:31:00
3094,3094,Credit Card,success,1123.34,2023-07-05 20:28:00
3095,3095,Credit Card,success,238.87,2023-12-09 04:10:00
3096,3096,Credit Card,success,962.55,2024-10-06 19:17:00
3097,3097,Credit Card,success,445.52,2023-11-06 04:45:00
3098,3098,Credit Card,success,511.83,2024-09-07 03:05:00
3099,3099,Credit Card,success,821.45,2023-10-08 16:48:00
3100,3100,Apple Pay,success,463.16,2024-06-08 21:24:00
3101,3101,PayPal,success,576.24,2024-11-10 06:41:00
3102,3102,Apple Pay,success,232.12,2023-04-02 23:21:00
3103,3103,PayPal,success,257.0,2024-11-29 19:53:00
3104,3104,Credit Card,success,474.68,2024-03-03 04:44:00
3105,3105,Credit Card,success,382.87,2024-02-06 07:58:00
3106,3106,PayPal,success,134.9,2024-02-07 08:52:00
3107,3107,PayPal,success,660.13,2024-10-25 16:29:00
3108,3108,PayPal,success,245.76,2024-06-16 16:57:00
3109,3109,Credit Card,success,319.97,2023-04-10 22:07:00
3110,3110,Credit Card,success,370.96,2023-05-08 22:26:00
3111,3111,Credit Card,success,295.65,2024-12-03 10:34:00
3112,3112,Credit Card,success,145.43,2023-09-29 10:01:00
3113,3113,Credit Card,success,764.48,2023-05-02 21:23:00
3114,3114,Credit Card,success,597.94,2024-01-19 12:49:00
3115,3115,Bank Transfer,success,326.44,2024-08-04 21:27:00
3116,3116,Credit Card,success,878.64,2025-08-26 20:20:00
3117,3117,Crypto,success,789.87,2025-06-03 04:24:00
3118,3118,Apple Pay,success,689.83,2023-12-24 18:15:00
3119,3119,PayPal,success,86.43,2024-10-25 10:44:00
3120,3120,Apple Pay,success,288.11,2024-12-04 15:43:00
3121,3121,PayPal,success,498.83,2023-08-09 05:26:00
3122,3122,PayPal,failed,808.3,2024-08-08 07:22:00
3123,3123,PayPal,success,370.14,2023-06-28 14:22:00
3124,3124,Credit Card,success,414.7,2023-05-13 16:01:00
3125,3125,Crypto,success,234.09,2025-04-06 18:40:00
3126,3126,Credit Card,success,265.95,2024-02-27 11:31:00
3127,3127,PayPal,success,104.0,2024-05-21 16:00:00
3128,3128,Credit Card,success,376.35,2024-01-09 13:20:00
3129,3129,Bank Transfer,success,374.93,2025-08-03 05:24:00
3130,3130,Credit Card,success,285.58,2025-05-15 07:02:00
3131,3131,PayPal,success,471.07,2024-01-05 12:55:00
3132,3132,Credit Card,failed,68.82,2023-02-24 12:19:00
3133,3133,Credit Card,success,463.94,2023-11-08 15:29:00
3134,3134,Credit Card,success,178.2,2023-10-18 00:03:00
3135,3135,Credit Card,success,1254.87,2025-05-30 13:46:00
3136,3136,Credit Card,success,798.97,2025-05-06 02:46:00
3137,3137,PayPal,success,463.72,2024-01-16 22:01:00
3138,3138,Credit Card,success,240.2,2024-03-25 20:52:00
3139,3139,Credit Card,success,253.0,2024-10-09 22:33:00
3140,3140,Credit Card,success,179.94,2023-08-21 13:51:00
3141,3141,Credit Card,success,139.03,2023-07-29 02:07:00
3142,3142,Credit Card,success,1183.52,2025-01-05 10:33:00
3143,3143,Apple Pay,success,668.98,2024-04-29 23:04:00
3144,3144,Apple Pay,success,785.9,2024-01-28 09:04:00
3145,3145,PayPal,failed,333.56,2023-09-22 11:16:00
3146,3146,PayPal,success,163.29,2024-07-05 21:45:00
3147,3147,Credit Card,success,171.24,2024-01-07 19:37:00
3148,3148,Credit Card,success,394.63,2023-07-08 01:11:00
3149,3149,Credit Card,success,809.41,2023-11-24 20:27:00
3150,3150,PayPal,success,689.42,2023-10-08 20:18:00
3151,3151,Credit Card,success,855.52,2023-09-27 22:32:00
3152,3152,Credit Card,success,1191.21,2024-02-09 03:29:00
3153,3153,Credit Card,success,438.11,2024-02-03 23:01:00
3154,3154,Apple Pay,failed,366.22,2023-11-25 06:05:00
3155,3155,Credit Card,success,319.61,2025-07-04 09:18:00
3156,3156,PayPal,success,1018.16,2025-06-23 19:23:00
3157,3157,PayPal,success,576.51,2024-03-24 03:38:00
3158,3158,Credit Card,success,254.76,2024-12-20 15:40:00
3159,3159,Credit Card,failed,1352.57,2024-01-24 05:06:00
3160,3160,Credit Card,success,748.14,2023-10-12 06:38:00
3161,3161,Credit Card,success,443.96,2025-07-22 03:33:00
3162,3162,PayPal,failed,106.81,2023-08-08 19:01:00
3163,3163,Credit Card,success,1084.01,2023-11-07 00:59:00
3164,3164,PayPal,success,389.18,2024-11-10 03:47:00
3165,3165,Credit Card,success,234.66,2023-08-30 19:15:00
3166,3166,Credit Card,success,830.53,2024-04-13 19:08:00
3167,3167,PayPal,success,415.65,2025-03-16 19:13:00
3168,3168,Credit Card,success,628.34,2025-07-16 05:00:00
3169,3169,PayPal,success,882.38,2023-07-04 02:45:00
3170,3170,PayPal,success,371.29,2025-03-11 20:59:00
3171,3171,Credit Card,success,671.91,2024-09-17 21:18:00
3172,3172,Credit Card,success,658.87,2024-10-18 01:19:00
3173,3173,Credit Card,success,785.87,2024-11-30 03:02:00
3174,3174,Crypto,success,689.77,2025-01-16 16:56:00
3175,3175,PayPal,success,74.01,2024-01-06 14:29:00
3176,3176,PayPal,success,396.61,2025-04-25 04:20:00
3177,3177,Credit Card,success,617.4,2024-06-24 09:25:00
3178,3178,PayPal,success,490.47,2023-10-06 15:45:00
3179,3179,Credit Card,success,321.26,2025-01-11 01:09:00
3180,3180,Credit Card,success,196.69,2025-04-09 07:50:00
3181,3181,Credit Card,success,252.41,2023-10-07 04:12:00
3182,3182,Credit Card,success,389.07,2024-03-09 16:21:00
3183,3183,Credit Card,failed,424.34,2024-08-08 16:46:00
3184,3184,Credit Card,success,235.32,2023-10-26 08:56:00
3185,3185,Apple Pay,success,1135.47,2024-09-01 08:23:00
3186,3186,PayPal,success,1276.56,2024-04-01 05:04:00
3187,3187,Credit Card,success,393.18,2024-07-16 18:22:00
3188,3188,Apple Pay,success,811.59,2024-12-14 03:17:00
3189,3189,Apple Pay,success,85.38,2023-06-28 09:56:00
3190,3190,Credit Card,success,371.04,2024-10-08 09:59:00
3191,3191,Credit Card,success,230.17,2024-03-07 04:31:00
3192,3192,Credit Card,success,485.86,2024-01-21 02:39:00
3193,3193,Credit Card,success,206.84,2024-07-04 07:19:00
3194,3194,Credit Card,success,402.09,2025-03-04 08:13:00
3195,3195,Credit Card,success,157.56,2024-08-03 06:37:00
3196,3196,Credit Card,success,553.5,2023-12-17 05:22:00
3197,3197,PayPal,success,327.63,2024-03-03 22:24:00
3198,3198,PayPal,success,1071.89,2024-04-06 04:55:00
3199,3199,Credit Card,success,234.09,2024-06-28 01:31:00
3200,3200,Credit Card,success,864.66,2024-03-30 00:01:00
3201,3201,Apple Pay,success,183.94,2023-08-31 18:09:00
3202,3202,Crypto,failed,226.96,2025-08-12 04:14:00
3203,3203,PayPal,success,68.82,2023-12-22 02:57:00
3204,3204,Credit Card,success,1371.22,2025-03-09 09:50:00
3205,3205,Apple Pay,success,140.89,2025-05-22 18:32:00
3206,3206,Credit Card,success,1184.55,2025-04-21 20:51:00
3207,3207,Credit Card,success,233.82,2025-05-19 10:38:00
3208,3208,PayPal,success,449.87,2025-01-06 02:37:00
3209,3209,Credit Card,success,188.19,2024-12-14 07:54:00
3210,3210,Credit Card,success,63.5,2023-05-10 14:41:00
3211,3211,Apple Pay,success,866.96,2025-08-05 20:01:00
3212,3212,Credit Card,success,333.62,2025-07-08 17:41:00
3213,3213,PayPal,success,1061.53,2024-07-26 08:34:00
3214,3214,Credit Card,success,115.02,2023-08-24 02:20:00
3215,3215,Credit Card,failed,443.61,2023-08-21 12:56:00
3216,3216,Credit Card,failed,175.11,2024-07-12 01:27:00
3217,3217,Credit Card,success,378.87,2023-04-24 17:03:00
3218,3218,Credit Card,success,310.06,2025-01-28 19:45:00
3219,3219,Crypto,success,496.07,2025-07-17 02:01:00
3220,3220,PayPal,success,563.19,2025-06-22 11:56:00
3221,3221,Credit Card,success,539.12,2025-04-05 01:25:00
3222,3222,Credit Card,success,376.56,2024-06-21 16:54:00
3223,3223,Credit Card,success,1333.4,2024-05-17 17:50:00
3224,3224,Credit Card,success,1594.74,2024-02-10 16:56:00
3225,3225,Credit Card,success,195.87,2025-07-19 12:13:00
3226,3226,PayPal,success,93.3,2025-01-03 18:43:00
3227,3227,Credit Card,failed,868.04,2024-08-10 22:17:00
3228,3228,Credit Card,success,143.72,2024-01-27 09:48:00
3229,3229,Credit Card,success,1088.69,2023-09-26 09:08:00
3230,3230,Credit Card,success,319.91,2024-09-22 18:46:00
3231,3231,PayPal,success,325.19,2023-07-15 07:13:00
3232,3232,Credit Card,success,360.15,2023-08-27 07:23:00
3233,3233,Credit Card,success,372.88,2025-08-08 15:27:00
3234,3234,Credit Card,failed,1209.62,2025-06-10 13:15:00
3235,3235,Apple Pay,success,80.44,2024-02-08 15:32:00
3236,3236,Credit Card,success,1168.62,2024-03-11 22:15:00
3237,3237,Credit Card,success,672.67,2023-03-23 22:30:00
3238,3238,Credit Card,success,418.35,2024-07-15 12:18:00
3239,3239,Credit Card,success,101.72,2023-10-25 06:05:00
3240,3240,Credit Card,success,83.31,2024-12-18 20:09:00
3241,3241,Credit Card,failed,1182.12,2023-08-25 23:05:00
3242,3242,Bank Transfer,success,92.15,2023-10-17 09:47:00
3243,3243,Apple Pay,success,252.95,2025-01-03 14:49:00
3244,3244,PayPal,success,88.21,2023-05-13 21:38:00
3245,3245,Credit Card,success,394.04,2023-05-04 01:54:00
3246,3246,Credit Card,success,381.25,2024-12-28 05:36:00
3247,3247,PayPal,success,1516.41,2025-02-06 20:38:00
3248,3248,Apple Pay,success,143.03,2024-09-27 10:39:00
3249,3249,Credit Card,success,131.27,2024-09-25 02:03:00
3250,3250,PayPal,success,707.5,2024-04-02 03:09:00
3251,3251,Credit Card,success,489.53,2025-05-21 22:21:00
3252,3252,PayPal,success,81.43,2024-11-21 17:47:00
3253,3253,Apple Pay,success,140.86,2023-03-11 03:39:00
3254,3254,Credit Card,success,482.43,2025-08-15 22:13:00
3255,3255,PayPal,success,897.37,2024-01-07 16:52:00
3256,3256,Apple Pay,success,639.97,2025-08-08 23:52:00
3257,3257,PayPal,success,958.91,2024-02-07 10:32:00
3258,3258,Crypto,success,247.54,2025-10-19 04:09:00
3259,3259,Credit Card,success,1527.75,2023-12-01 01:26:00
3260,3260,Apple Pay,success,222.13,2025-01-27 04:19:00
3261,3261,Credit Card,success,451.45,2024-09-28 00:08:00
3262,3262,Credit Card,failed,280.78,2023-12-24 01:36:00
3263,3263,Credit Card,success,211.28,2024-03-27 04:06:00
3264,3264,Credit Card,success,90.74,2023-12-25 11:00:00
3265,3265,Credit Card,success,604.54,2025-02-10 17:46:00
3266,3266,Credit Card,success,220.08,2024-10-15 04:25:00
3267,3267,Bank Transfer,success,82.41,2024-07-28 08:36:00
3268,3268,PayPal,failed,238.87,2025-02-16 17:25:00
3269,3269,Credit Card,success,394.04,2023-11-09 05:10:00
3270,3270,Credit Card,success,189.08,2023-10-15 11:48:00
3271,3271,PayPal,success,1036.77,2024-10-06 23:36:00
3272,3272,Credit Card,success,394.04,2024-11-02 15:48:00
3273,3273,Credit Card,success,276.78,2023-10-06 23:18:00
3274,3274,PayPal,success,190.13,2024-03-04 07:12:00
3275,3275,PayPal,success,142.64,2024-04-16 19:10:00
3276,3276,Credit Card,success,490.25,2023-11-26 02:49:00
3277,3277,Credit Card,success,236.71,2023-10-09 23:22:00
3278,3278,Credit Card,success,794.41,2023-10-29 15:35:00
3279,3279,Credit Card,failed,181.89,2025-06-16 10:39:00
3280,3280,Credit Card,success,359.13,2023-09-29 13:00:00
3281,3281,Credit Card,success,232.44,2024-07-27 03:24:00
3282,3282,Credit Card,success,390.46,2024-09-15 23:08:00
3283,3283,Credit Card,success,971.7,2025-05-03 04:16:00
3284,3284,Credit Card,success,1088.7,2025-03-25 04:55:00
3285,3285,Credit Card,failed,730.61,2025-03-07 23:46:00
3286,3286,Credit Card,success,287.88,2025-06-02 13:16:00
3287,3287,PayPal,success,31.9,2023-12-31 13:09:00
3288,3288,Credit Card,success,309.71,2024-04-29 23:26:00
3289,3289,Apple Pay,success,841.98,2023-10-29 11:22:00
3290,3290,Credit Card,success,663.52,2024-08-24 05:31:00
3291,3291,Credit Card,failed,981.44,2024-12-07 06:51:00
3292,3292,Credit Card,failed,359.13,2025-08-09 19:42:00
3293,3293,PayPal,success,697.24,2024-07-23 10:48:00
3294,3294,Credit Card,success,209.04,2025-05-23 12:02:00
3295,3295,Credit Card,success,412.27,2024-01-21 07:24:00
3296,3296,Credit Card,success,72.82,2024-08-02 05:09:00
3297,3297,Credit Card,success,318.62,2025-06-22 10:11:00
3298,3298,PayPal,success,71.32,2023-09-10 12:30:00
3299,3299,Bank Transfer,success,77.31,2025-05-03 12:48:00
3300,3300,Apple Pay,success,265.95,2025-08-22 05:39:00
3301,3301,Apple Pay,success,381.0,2025-02-05 22:43:00
3302,3302,Credit Card,success,87.88,2023-11-14 21:53:00
3303,3303,PayPal,success,1015.23,2024-05-26 20:04:00
3304,3304,PayPal,success,472.82,2025-03-24 14:33:00
3305,3305,Credit Card,success,749.62,2024-12-26 04:24:00
3306,3306,Credit Card,success,405.38,2025-03-21 01:23:00
3307,3307,Credit Card,success,887.95,2025-04-10 20:39:00
3308,3308,PayPal,success,155.14,2025-06-06 13:45:00
3309,3309,Credit Card,success,1109.23,2024-07-24 18:15:00
3310,3310,Credit Card,success,409.8,2024-12-24 00:22:00
3311,3311,Credit Card,success,335.63,2024-03-27 05:53:00
3312,3312,Crypto,success,77.46,2024-09-16 20:27:00
3313,3313,PayPal,success,101.77,2023-12-28 03:52:00
3314,3314,Credit Card,success,374.81,2024-12-21 11:48:00
3315,3315,Credit Card,failed,534.97,2025-02-14 21:02:00
3316,3316,Credit Card,success,787.72,2025-02-20 19:21:00
3317,3317,Crypto,success,212.93,2024-06-16 02:05:00
3318,3318,Credit Card,success,298.42,2025-01-18 11:42:00
3319,3319,PayPal,success,1105.04,2024-02-02 09:20:00
3320,3320,Crypto,success,343.01,2023-06-26 11:49:00
3321,3321,Apple Pay,success,31.9,2024-09-20 00:02:00
3322,3322,PayPal,failed,436.95,2024-09-20 15:45:00
3323,3323,PayPal,success,165.25,2024-05-11 10:38:00
3324,3324,Credit Card,success,165.47,2023-09-11 02:22:00
3325,3325,Crypto,success,22.02,2024-04-02 10:06:00
3326,3326,Credit Card,failed,569.04,2024-07-10 13:26:00
3327,3327,Credit Card,success,211.63,2023-08-08 00:58:00
3328,3328,Credit Card,success,1192.11,2024-09-20 14:40:00
3329,3329,Credit Card,success,117.57,2024-04-09 14:38:00
3330,3330,Credit Card,failed,777.26,2025-05-29 02:08:00
3331,3331,Apple Pay,success,442.19,2024-04-02 13:27:00
3332,3332,PayPal,success,70.43,2024-05-18 04:52:00
3333,3333,Credit Card,failed,574.24,2024-05-25 07:55:00
3334,3334,Apple Pay,failed,947.97,2024-12-17 12:27:00
3335,3335,Credit Card,success,566.96,2023-11-24 20:05:00
3336,3336,Credit Card,success,448.94,2024-02-28 21:04:00
3337,3337,PayPal,success,724.58,2025-05-16 14:40:00
3338,3338,Credit Card,success,748.53,2024-11-15 01:13:00
3339,3339,Credit Card,success,1475.29,2024-09-15 21:32:00
3340,3340,Apple Pay,success,1230.67,2024-09-23 23:56:00
3341,3341,Credit Card,success,457.95,2024-07-05 15:21:00
3342,3342,PayPal,success,586.17,2025-09-04 06:46:00
3343,3343,Credit Card,success,242.33,2023-07-29 03:47:00
3344,3344,Credit Card,success,320.08,2024-01-13 19:43:00
3345,3345,PayPal,success,793.62,2025-08-15 03:48:00
3346,3346,Credit Card,success,188.28,2024-07-12 11:43:00
3347,3347,Credit Card,success,801.77,2024-06-03 05:35:00
3348,3348,Credit Card,success,165.54,2024-09-26 08:03:00
3349,3349,Credit Card,failed,210.09,2025-07-03 12:32:00
3350,3350,Credit Card,success,84.77,2024-11-25 00:48:00
3351,3351,Credit Card,success,159.55,2023-05-15 19:07:00
3352,3352,Apple Pay,failed,983.62,2024-06-15 22:42:00
3353,3353,Credit Card,success,233.77,2023-10-28 14:53:00
3354,3354,Credit Card,failed,408.62,2024-09-30 12:03:00
3355,3355,Credit Card,success,214.28,2024-08-20 01:30:00
3356,3356,Credit Card,success,2146.86,2023-05-31 11:08:00
3357,3357,Credit Card,success,355.26,2024-05-13 12:48:00
3358,3358,Credit Card,success,325.09,2025-03-01 01:26:00
3359,3359,Credit Card,failed,718.74,2024-12-04 08:18:00
3360,3360,Bank Transfer,success,98.65,2024-03-05 22:18:00
3361,3361,Credit Card,success,256.41,2024-12-19 22:09:00
3362,3362,PayPal,success,244.65,2024-11-16 13:13:00
3363,3363,Credit Card,success,447.0,2024-03-28 16:59:00
3364,3364,Apple Pay,success,901.16,2025-09-08 05:15:00
3365,3365,Crypto,success,451.15,2025-04-24 06:11:00
3366,3366,Crypto,failed,481.46,2023-11-01 21:00:00
3367,3367,Credit Card,success,396.49,2025-04-16 10:02:00
3368,3368,Credit Card,success,874.01,2023-08-25 08:23:00
3369,3369,Credit Card,success,693.32,2024-07-01 08:51:00
3370,3370,PayPal,failed,562.88,2025-05-27 05:06:00
3371,3371,Credit Card,success,441.13,2024-02-14 00:01:00
3372,3372,Credit Card,success,229.17,2024-02-21 08:54:00
3373,3373,PayPal,success,246.42,2025-09-04 22:03:00
3374,3374,Credit Card,success,446.13,2023-12-25 02:49:00
3375,3375,Apple Pay,success,219.19,2024-01-13 18:51:00
3376,3376,Credit Card,success,856.31,2024-07-02 21:52:00
3377,3377,PayPal,success,404.03,2024-07-13 10:54:00
3378,3378,PayPal,success,992.26,2024-06-03 19:25:00
3379,3379,Credit Card,failed,724.62,2024-04-09 05:39:00
3380,3380,Credit Card,success,313.62,2023-09-24 08:15:00
3381,3381,Credit Card,success,784.12,2024-04-21 18:47:00
3382,3382,Credit Card,success,240.16,2024-05-11 13:55:00
3383,3383,Credit Card,failed,145.43,2023-10-19 01:51:00
3384,3384,Apple Pay,success,184.86,2024-03-25 02:14:00
3385,3385,PayPal,success,715.05,2024-11-15 20:08:00
3386,3386,Bank Transfer,success,599.7,2023-11-14 12:35:00
3387,3387,Credit Card,success,221.18,2023-12-10 23:07:00
3388,3388,Credit Card,success,90.16,2024-12-31 18:15:00
3389,3389,Credit Card,success,388.03,2024-04-23 07:45:00
3390,3390,Credit Card,success,65.68,2024-06-13 05:28:00
3391,3391,Credit Card,success,80.66,2025-08-18 21:04:00
3392,3392,Apple Pay,success,1276.88,2024-01-26 10:20:00
3393,3393,Credit Card,success,80.44,2023-09-14 04:16:00
3394,3394,Apple Pay,success,264.11,2025-02-01 06:52:00
3395,3395,PayPal,success,414.92,2024-11-20 17:48:00
3396,3396,PayPal,success,131.27,2024-06-20 05:48:00
3397,3397,Credit Card,success,1088.6,2025-03-30 18:48:00
3398,3398,Credit Card,success,228.3,2023-09-25 23:21:00
3399,3399,PayPal,success,380.95,2023-10-01 14:08:00
3400,3400,Credit Card,success,178.2,2024-09-16 06:34:00
3401,3401,Credit Card,success,1074.52,2024-02-05 11:46:00
3402,3402,Crypto,success,867.2,2024-04-14 18:31:00
3403,3403,Credit Card,success,1431.41,2024-07-22 05:43:00
3404,3404,Credit Card,success,765.88,2025-11-11 22:56:00
3405,3405,Credit Card,success,293.18,2023-05-06 09:59:00
3406,3406,PayPal,success,1042.37,2023-12-10 14:51:00
3407,3407,Apple Pay,success,44.33,2025-03-27 05:46:00
3408,3408,Credit Card,success,115.87,2024-10-25 14:26:00
3409,3409,Apple Pay,failed,416.95,2023-09-22 22:14:00
3410,3410,Credit Card,success,296.08,2023-12-20 04:01:00
3411,3411,Credit Card,success,171.13,2023-09-23 08:24:00
3412,3412,PayPal,success,151.57,2025-07-22 21:40:00
3413,3413,Credit Card,success,983.9,2024-02-19 10:09:00
3414,3414,Credit Card,success,168.12,2025-03-25 17:13:00
3415,3415,Apple Pay,success,866.12,2024-08-21 02:11:00
3416,3416,PayPal,success,538.25,2025-01-03 15:58:00
3417,3417,Credit Card,failed,351.6,2024-07-12 01:03:00
3418,3418,Credit Card,success,917.97,2023-10-20 21:53:00
3419,3419,Credit Card,success,319.1,2024-07-25 01:44:00
3420,3420,PayPal,failed,391.66,2024-11-26 01:00:00
3421,3421,Apple Pay,success,752.14,2024-04-10 11:11:00
3422,3422,Credit Card,success,1621.91,2023-06-25 03:14:00
3423,3423,PayPal,success,78.56,2025-07-10 06:29:00
3424,3424,Credit Card,success,238.09,2024-04-17 07:21:00
3425,3425,Credit Card,success,405.45,2024-03-13 13:43:00
3426,3426,Apple Pay,success,513.64,2023-05-21 08:25:00
3427,3427,Credit Card,success,410.7,2025-03-11 18:59:00
3428,3428,PayPal,success,634.32,2024-11-27 16:35:00
3429,3429,Crypto,success,1544.41,2025-01-06 19:03:00
3430,3430,PayPal,success,239.81,2025-04-06 03:56:00
3431,3431,PayPal,success,342.79,2024-07-28 06:12:00
3432,3432,Credit Card,success,477.74,2023-07-17 10:23:00
3433,3433,Apple Pay,success,369.12,2025-01-17 21:28:00
3434,3434,Credit Card,success,420.55,2025-01-10 08:38:00
3435,3435,Apple Pay,success,428.05,2023-07-18 10:53:00
3436,3436,Credit Card,success,444.51,2025-10-20 16:23:00
3437,3437,Credit Card,success,162.8,2025-09-26 13:47:00
3438,3438,Credit Card,success,188.28,2024-01-13 08:40:00
3439,3439,PayPal,success,80.44,2024-05-05 09:51:00
3440,3440,Credit Card,failed,872.2,2025-06-23 17:51:00
3441,3441,Credit Card,success,405.35,2024-12-05 21:32:00
3442,3442,Credit Card,success,188.49,2024-07-19 22:41:00
3443,3443,Credit Card,success,533.66,2024-11-02 16:41:00
3444,3444,Apple Pay,success,240.13,2023-12-26 19:01:00
3445,3445,Credit Card,failed,949.1,2024-11-06 17:54:00
3446,3446,Credit Card,success,690.59,2023-02-16 10:41:00
3447,3447,PayPal,success,909.92,2025-05-31 17:54:00
3448,3448,Bank Transfer,failed,236.16,2024-05-21 13:07:00
3449,3449,Credit Card,success,128.16,2024-11-16 10:18:00
3450,3450,Apple Pay,failed,506.49,2025-08-10 17:25:00
3451,3451,PayPal,success,825.11,2024-08-09 02:22:00
3452,3452,Credit Card,success,807.11,2024-04-13 17:35:00
3453,3453,Credit Card,success,1561.96,2025-02-21 23:50:00
3454,3454,Apple Pay,success,639.19,2023-10-12 07:42:00
3455,3455,Credit Card,success,747.89,2023-06-18 12:41:00
3456,3456,Bank Transfer,success,1490.0,2024-08-22 15:06:00
3457,3457,Credit Card,success,202.83,2023-08-31 11:12:00
3458,3458,PayPal,success,932.14,2024-02-28 08:03:00
3459,3459,PayPal,success,137.26,2024-10-20 23:33:00
3460,3460,PayPal,success,135.49,2024-05-14 19:47:00
3461,3461,Crypto,success,366.06,2025-02-14 09:37:00
3462,3462,Credit Card,success,815.41,2024-05-31 04:50:00
3463,3463,PayPal,success,247.01,2025-07-04 05:29:00
3464,3464,PayPal,success,956.26,2024-03-16 08:37:00
3465,3465,Apple Pay,success,71.32,2025-05-19 04:27:00
3466,3466,Apple Pay,failed,74.84,2023-07-07 15:01:00
3467,3467,PayPal,success,770.58,2024-02-15 00:00:00
3468,3468,Credit Card,success,504.92,2025-02-18 18:57:00
3469,3469,PayPal,success,869.32,2023-10-03 02:50:00
3470,3470,PayPal,success,371.89,2024-06-25 17:38:00
3471,3471,Credit Card,success,243.95,2024-07-02 12:36:00
3472,3472,Credit Card,success,303.79,2024-06-14 18:13:00
3473,3473,Credit Card,success,79.38,2024-01-20 20:28:00
3474,3474,PayPal,success,197.81,2024-09-07 08:46:00
3475,3475,Credit Card,success,422.13,2023-02-13 11:45:00
3476,3476,Credit Card,failed,131.27,2024-12-02 07:51:00
3477,3477,Credit Card,success,195.09,2024-08-23 02:14:00
3478,3478,Crypto,success,184.02,2024-01-04 09:50:00
3479,3479,Crypto,success,376.52,2025-03-30 00:37:00
3480,3480,Credit Card,success,178.2,2024-11-10 18:13:00
3481,3481,Credit Card,success,707.08,2024-06-24 06:48:00
3482,3482,Credit Card,success,429.52,2023-11-21 01:47:00
3483,3483,PayPal,failed,557.84,2025-07-31 19:13:00
3484,3484,PayPal,success,93.11,2024-10-20 16:24:00
3485,3485,Credit Card,success,143.03,2025-05-07 20:10:00
3486,3486,Credit Card,success,402.48,2023-10-07 11:16:00
3487,3487,Apple Pay,success,359.15,2024-12-20 09:24:00
3488,3488,PayPal,success,315.27,2024-12-18 23:55:00
3489,3489,Credit Card,success,1117.56,2024-11-11 10:32:00
3490,3490,Credit Card,success,641.18,2023-08-14 09:22:00
3491,3491,Credit Card,success,290.09,2024-03-07 07:26:00
3492,3492,Credit Card,failed,247.01,2024-09-22 19:31:00
3493,3493,Credit Card,success,744.34,2024-03-12 21:52:00
3494,3494,Apple Pay,success,345.58,2024-05-19 00:15:00
3495,3495,PayPal,success,354.2,2024-02-07 01:39:00
3496,3496,Credit Card,success,441.7,2023-02-19 18:15:00
3497,3497,PayPal,success,201.55,2025-02-12 16:01:00
3498,3498,PayPal,success,238.14,2025-06-13 16:22:00
3499,3499,Credit Card,success,80.44,2024-07-31 03:25:00
3500,3500,Credit Card,success,559.54,2024-06-05 05:53:00
3501,3501,PayPal,success,775.61,2023-08-14 11:46:00
3502,3502,Credit Card,success,2036.74,2025-10-19 08:22:00
3503,3503,Credit Card,success,196.31,2025-04-06 13:19:00
3504,3504,Credit Card,success,365.68,2024-04-03 08:28:00
3505,3505,Credit Card,success,368.09,2024-09-04 02:19:00
3506,3506,Credit Card,success,842.69,2023-10-04 20:21:00
3507,3507,Credit Card,success,343.85,2024-06-19 23:35:00
3508,3508,Credit Card,success,300.86,2025-06-17 14:46:00
3509,3509,PayPal,success,447.18,2025-02-19 00:45:00
3510,3510,PayPal,success,199.09,2023-05-10 05:56:00
3511,3511,Credit Card,success,102.5,2024-04-13 15:55:00
3512,3512,Crypto,success,127.59,2024-02-26 21:32:00
3513,3513,Crypto,success,220.97,2023-12-23 15:45:00
3514,3514,Crypto,success,424.34,2024-11-28 02:19:00
3515,3515,Bank Transfer,success,707.15,2024-08-16 16:31:00
3516,3516,Credit Card,success,531.38,2025-09-17 21:32:00
3517,3517,Crypto,success,1133.62,2024-02-23 10:08:00
3518,3518,PayPal,failed,140.89,2024-09-19 18:18:00
3519,3519,PayPal,failed,244.86,2024-11-30 07:40:00
3520,3520,Apple Pay,success,522.14,2025-05-24 06:14:00
3521,3521,Credit Card,success,178.58,2024-08-24 05:01:00
3522,3522,Credit Card,success,934.41,2025-02-20 02:32:00
3523,3523,Apple Pay,success,340.59,2024-02-07 17:07:00
3524,3524,Credit Card,success,441.29,2024-10-19 14:39:00
3525,3525,Apple Pay,success,1014.22,2023-07-27 09:01:00
3526,3526,Credit Card,success,443.56,2025-04-16 11:26:00
3527,3527,Apple Pay,success,339.85,2024-09-19 08:13:00
3528,3528,Credit Card,success,341.58,2024-01-12 17:55:00
3529,3529,PayPal,success,648.74,2024-10-06 06:30:00
3530,3530,Credit Card,success,405.05,2024-10-02 23:56:00
3531,3531,PayPal,success,206.97,2024-03-16 08:00:00
3532,3532,PayPal,success,341.57,2024-01-06 08:09:00
3533,3533,PayPal,success,1228.75,2025-01-14 23:25:00
3534,3534,Apple Pay,success,597.09,2023-10-03 04:17:00
3535,3535,Credit Card,success,446.3,2025-05-07 00:12:00
3536,3536,Credit Card,success,747.75,2024-10-16 18:21:00
3537,3537,Bank Transfer,success,415.65,2024-01-12 17:06:00
3538,3538,Credit Card,failed,238.62,2025-01-17 19:51:00
3539,3539,Apple Pay,success,327.63,2025-02-16 06:51:00
3540,3540,Credit Card,success,849.39,2024-09-07 13:05:00
3541,3541,Credit Card,success,447.18,2025-03-20 17:06:00
3542,3542,Credit Card,success,393.37,2025-06-17 07:46:00
3543,3543,PayPal,success,511.69,2023-11-05 09:34:00
3544,3544,Credit Card,success,882.38,2025-02-02 04:24:00
3545,3545,Apple Pay,success,238.87,2025-03-23 22:12:00
3546,3546,PayPal,success,46.76,2025-08-29 16:00:00
3547,3547,Credit Card,success,290.09,2024-11-07 23:07:00
3548,3548,Credit Card,failed,916.1,2023-09-01 07:49:00
3549,3549,Credit Card,success,680.84,2023-08-22 00:45:00
3550,3550,PayPal,success,717.94,2025-01-06 00:14:00
3551,3551,Credit Card,success,894.91,2025-03-10 20:34:00
3552,3552,Crypto,success,62.83,2023-10-13 19:45:00
3553,3553,Credit Card,success,220.43,2023-09-18 02:45:00
3554,3554,PayPal,success,804.11,2025-07-18 00:08:00
3555,3555,PayPal,failed,351.62,2024-05-18 20:50:00
3556,3556,PayPal,success,370.53,2024-03-19 19:20:00
3557,3557,PayPal,success,238.87,2024-12-12 04:39:00
3558,3558,Credit Card,success,171.72,2024-03-04 16:34:00
3559,3559,Credit Card,success,426.49,2025-05-27 17:09:00
3560,3560,Credit Card,success,1276.99,2024-12-12 05:07:00
3561,3561,PayPal,success,206.84,2024-03-29 08:30:00
3562,3562,Credit Card,success,815.41,2023-11-24 08:58:00
3563,3563,PayPal,success,199.05,2024-09-06 17:52:00
3564,3564,Credit Card,success,587.91,2024-01-07 19:45:00
3565,3565,Credit Card,success,222.62,2025-04-12 06:12:00
3566,3566,PayPal,failed,1479.25,2025-03-20 12:10:00
3567,3567,PayPal,success,519.28,2024-03-05 15:47:00
3568,3568,Credit Card,success,172.12,2023-11-13 10:20:00
3569,3569,Credit Card,success,644.25,2024-02-14 15:50:00
3570,3570,Apple Pay,success,1063.19,2024-10-25 18:48:00
3571,3571,PayPal,success,1631.06,2025-01-16 20:30:00
3572,3572,PayPal,success,413.09,2024-10-16 04:15:00
3573,3573,Credit Card,failed,871.36,2024-07-31 06:21:00
3574,3574,Apple Pay,success,275.59,2023-10-22 18:42:00
3575,3575,Credit Card,success,399.06,2023-10-20 15:45:00
3576,3576,Credit Card,success,453.55,2023-06-24 20:04:00
3577,3577,Apple Pay,success,718.07,2024-08-08 01:39:00
3578,3578,Apple Pay,success,239.77,2025-01-31 20:45:00
3579,3579,PayPal,success,400.22,2024-05-15 18:46:00
3580,3580,Credit Card,success,210.09,2023-10-08 02:06:00
3581,3581,Credit Card,success,216.83,2024-11-24 04:07:00
3582,3582,Credit Card,success,147.12,2024-10-29 06:07:00
3583,3583,Credit Card,success,837.03,2025-03-30 07:10:00
3584,3584,Credit Card,success,133.04,2023-06-04 23:04:00
3585,3585,PayPal,success,536.07,2024-01-15 00:07:00
3586,3586,Apple Pay,success,46.76,2023-04-27 11:16:00
3587,3587,Credit Card,success,746.14,2024-10-19 01:33:00
3588,3588,Credit Card,success,124.66,2025-08-09 17:23:00
3589,3589,PayPal,success,430.21,2023-12-11 23:08:00
3590,3590,Apple Pay,success,384.8,2025-01-08 08:58:00
3591,3591,Credit Card,success,81.4,2023-06-27 13:28:00
3592,3592,Credit Card,success,635.21,2024-11-18 09:04:00
3593,3593,PayPal,success,398.83,2024-02-10 17:44:00
3594,3594,Apple Pay,success,92.51,2023-10-05 00:54:00
3595,3595,Credit Card,success,498.77,2024-04-25 15:27:00
3596,3596,Credit Card,success,178.25,2024-01-21 19:41:00
3597,3597,Credit Card,success,160.38,2023-04-12 09:57:00
3598,3598,Credit Card,success,366.14,2024-08-09 10:15:00
3599,3599,Credit Card,failed,89.25,2024-10-12 20:07:00
3600,3600,PayPal,failed,1111.96,2024-01-01 10:25:00
3601,3601,Credit Card,success,282.14,2023-12-16 17:23:00
3602,3602,Credit Card,success,323.71,2025-08-01 00:18:00
3603,3603,Credit Card,success,553.43,2025-08-30 10:08:00
3604,3604,Crypto,success,387.2,2023-12-27 00:38:00
3605,3605,Credit Card,success,170.03,2024-04-03 18:39:00
3606,3606,Credit Card,success,431.58,2023-05-19 19:01:00
3607,3607,Credit Card,failed,730.25,2025-03-08 12:18:00
3608,3608,Bank Transfer,success,249.46,2025-09-15 13:41:00
3609,3609,Credit Card,success,783.23,2023-08-03 12:17:00
3610,3610,PayPal,failed,244.86,2024-06-18 21:47:00
3611,3611,PayPal,success,324.13,2024-02-17 19:04:00
3612,3612,Apple Pay,success,880.26,2024-10-24 10:09:00
3613,3613,PayPal,success,486.17,2024-03-27 20:59:00
3614,3614,PayPal,success,950.91,2023-07-14 02:36:00
3615,3615,Credit Card,success,369.14,2025-10-14 12:35:00
3616,3616,PayPal,success,247.31,2023-12-27 20:04:00
3617,3617,Credit Card,success,406.48,2024-05-02 14:54:00
3618,3618,Credit Card,success,66.88,2024-08-26 02:34:00
3619,3619,Credit Card,success,80.44,2025-02-16 08:34:00
3620,3620,Credit Card,success,890.35,2024-10-18 02:02:00
3621,3621,PayPal,success,413.68,2024-03-14 18:40:00
3622,3622,Credit Card,success,74.84,2024-04-26 07:18:00
3623,3623,Crypto,success,293.8,2025-02-06 00:54:00
3624,3624,PayPal,success,411.82,2024-05-22 11:37:00
3625,3625,Credit Card,success,1226.05,2023-10-13 23:04:00
3626,3626,Credit Card,success,225.21,2023-12-25 15:12:00
3627,3627,Credit Card,failed,356.07,2025-03-16 06:14:00
3628,3628,PayPal,success,131.27,2024-05-16 05:48:00
3629,3629,Credit Card,success,334.12,2024-02-04 11:00:00
3630,3630,Credit Card,success,648.09,2024-05-08 23:42:00
3631,3631,PayPal,failed,610.15,2025-02-02 17:27:00
3632,3632,Credit Card,success,419.13,2023-09-21 14:30:00
3633,3633,Credit Card,success,104.0,2025-10-18 19:28:00
3634,3634,Apple Pay,success,803.16,2023-11-25 00:37:00
3635,3635,Apple Pay,success,962.14,2025-09-23 00:39:00
3636,3636,Credit Card,success,388.19,2025-01-28 04:51:00
3637,3637,PayPal,failed,71.32,2025-01-26 13:10:00
3638,3638,Apple Pay,success,407.95,2023-07-26 17:02:00
3639,3639,Credit Card,success,92.51,2024-04-02 05:50:00
3640,3640,Credit Card,success,166.8,2024-02-08 23:15:00
3641,3641,Credit Card,success,805.02,2024-12-26 08:58:00
3642,3642,Credit Card,success,320.53,2025-02-18 00:10:00
3643,3643,Credit Card,failed,1417.96,2024-01-25 22:42:00
3644,3644,Credit Card,success,704.58,2023-10-07 03:19:00
3645,3645,PayPal,success,209.04,2024-10-04 01:34:00
3646,3646,Credit Card,success,240.2,2024-06-03 01:11:00
3647,3647,Credit Card,success,505.49,2023-09-13 08:53:00
3648,3648,Credit Card,success,856.84,2025-01-07 15:59:00
3649,3649,Crypto,success,148.03,2024-02-14 13:35:00
3650,3650,PayPal,failed,404.05,2025-06-11 04:15:00
3651,3651,Apple Pay,success,222.13,2023-12-16 02:14:00
3652,3652,Credit Card,success,490.1,2025-05-11 03:51:00
3653,3653,Credit Card,failed,1867.39,2023-12-24 22:59:00
3654,3654,PayPal,success,964.32,2025-02-27 21:56:00
3655,3655,PayPal,success,951.44,2024-09-11 20:24:00
3656,3656,Apple Pay,success,454.72,2023-11-10 19:33:00
3657,3657,Credit Card,success,278.32,2024-10-18 23:56:00
3658,3658,PayPal,success,830.84,2025-03-23 07:02:00
3659,3659,Crypto,success,72.4,2024-06-22 01:17:00
3660,3660,Credit Card,success,856.46,2024-03-11 13:55:00
3661,3661,PayPal,success,90.94,2023-10-25 02:51:00
3662,3662,Apple Pay,success,410.7,2024-05-18 15:36:00
3663,3663,Credit Card,success,1437.17,2024-10-06 05:04:00
3664,3664,Credit Card,success,979.11,2025-09-05 09:43:00
3665,3665,Apple Pay,success,105.72,2024-08-25 03:10:00
3666,3666,Credit Card,success,535.1,2023-07-09 22:06:00
3667,3667,Credit Card,success,296.08,2023-11-14 16:10:00
3668,3668,Credit Card,success,1047.31,2023-04-22 21:18:00
3669,3669,Credit Card,failed,726.34,2024-02-25 12:39:00
3670,3670,PayPal,success,326.44,2023-07-23 14:53:00
3671,3671,PayPal,success,529.09,2024-03-27 14:34:00
3672,3672,Apple Pay,success,46.76,2025-03-25 03:50:00
3673,3673,Credit Card,success,1621.92,2023-12-31 23:29:00
3674,3674,PayPal,success,579.5,2024-07-28 04:08:00
3675,3675,Credit Card,success,373.98,2024-01-01 00:13:00
3676,3676,Apple Pay,success,337.33,2024-02-15 17:49:00
3677,3677,Credit Card,success,766.01,2025-08-05 22:19:00
3678,3678,Credit Card,success,81.4,2023-11-02 11:34:00
3679,3679,Credit Card,success,202.49,2025-01-27 12:57:00
3680,3680,Credit Card,failed,326.44,2024-11-13 00:12:00
3681,3681,Credit Card,failed,25.91,2024-11-08 11:59:00
3682,3682,Credit Card,failed,905.01,2023-12-12 05:28:00
3683,3683,PayPal,success,209.04,2023-08-17 10:34:00
3684,3684,Apple Pay,success,566.16,2023-09-30 02:56:00
3685,3685,PayPal,success,81.11,2023-03-18 21:21:00
3686,3686,PayPal,success,460.41,2023-09-08 12:45:00
3687,3687,Credit Card,success,464.88,2024-07-01 13:18:00
3688,3688,Apple Pay,success,329.64,2024-02-14 18:35:00
3689,3689,Crypto,success,414.71,2024-09-26 08:08:00
3690,3690,Credit Card,success,156.81,2024-12-03 12:32:00
3691,3691,Crypto,success,1124.63,2024-09-29 18:33:00
3692,3692,Credit Card,success,1154.11,2025-05-12 08:54:00
3693,3693,Apple Pay,success,601.94,2023-08-30 22:36:00
3694,3694,PayPal,success,1141.16,2023-02-20 05:23:00
3695,3695,Bank Transfer,success,505.96,2025-01-04 08:27:00
3696,3696,PayPal,success,831.46,2024-08-30 10:31:00
3697,3697,Credit Card,success,1793.1,2023-10-12 10:09:00
3698,3698,PayPal,success,395.68,2024-05-11 11:03:00
3699,3699,Credit Card,success,313.62,2025-04-08 15:46:00
3700,3700,PayPal,success,987.74,2023-09-02 01:33:00
3701,3701,Crypto,success,418.01,2025-08-06 00:29:00
3702,3702,Apple Pay,success,93.89,2023-04-05 22:57:00
3703,3703,PayPal,success,416.41,2023-10-20 17:43:00
3704,3704,Credit Card,success,349.99,2024-03-11 12:07:00
3705,3705,Credit Card,failed,857.75,2025-08-10 07:32:00
3706,3706,Credit Card,failed,827.81,2024-07-29 08:09:00
3707,3707,Credit Card,success,52.75,2024-05-19 19:15:00
3708,3708,Apple Pay,failed,154.96,2024-03-29 05:11:00
3709,3709,PayPal,success,521.28,2025-10-10 10:33:00
3710,3710,PayPal,success,431.15,2024-03-26 00:54:00
3711,3711,Credit Card,success,368.69,2024-12-07 21:30:00
3712,3712,Credit Card,failed,231.2,2024-06-07 05:29:00
3713,3713,Credit Card,success,330.24,2024-05-13 01:30:00
3714,3714,Credit Card,success,219.18,2024-11-27 22:15:00
3715,3715,Apple Pay,success,269.95,2023-11-23 05:24:00
3716,3716,Credit Card,success,1566.02,2023-07-25 20:18:00
3717,3717,Credit Card,success,559.82,2024-10-19 20:20:00
3718,3718,Credit Card,success,203.88,2025-03-19 04:14:00
3719,3719,PayPal,success,407.7,2023-12-04 17:54:00
3720,3720,Credit Card,success,593.79,2023-12-05 16:17:00
3721,3721,Credit Card,success,206.97,2024-07-11 02:16:00
3722,3722,PayPal,success,605.43,2024-08-30 18:12:00
3723,3723,Credit Card,success,648.9,2025-05-22 18:10:00
3724,3724,Apple Pay,success,419.92,2023-07-24 00:58:00
3725,3725,Credit Card,success,918.99,2024-10-09 07:16:00
3726,3726,Credit Card,success,1119.88,2023-10-08 21:15:00
3727,3727,Credit Card,success,718.26,2025-08-10 08:47:00
3728,3728,PayPal,success,315.32,2025-05-24 06:22:00
3729,3729,PayPal,success,63.4,2024-01-16 15:17:00
3730,3730,Credit Card,failed,290.09,2025-03-30 01:55:00
3731,3731,PayPal,success,2085.99,2025-01-17 07:02:00
3732,3732,Credit Card,failed,204.74,2023-07-20 02:44:00
3733,3733,Credit Card,success,444.51,2023-02-13 18:49:00
3734,3734,Credit Card,success,372.88,2025-01-27 14:04:00
3735,3735,PayPal,success,178.87,2024-01-02 18:21:00
3736,3736,Credit Card,success,357.26,2025-08-10 15:57:00
3737,3737,Credit Card,failed,524.5,2025-01-02 10:21:00
3738,3738,Credit Card,success,446.43,2024-01-10 01:38:00
3739,3739,Apple Pay,success,475.73,2023-12-21 23:34:00
3740,3740,PayPal,success,84.77,2025-04-29 12:55:00
3741,3741,Bank Transfer,failed,169.19,2024-02-07 20:33:00
3742,3742,Credit Card,success,418.26,2024-03-04 09:31:00
3743,3743,Credit Card,success,832.46,2024-07-08 03:57:00
3744,3744,Credit Card,success,267.72,2023-04-11 08:14:00
3745,3745,Apple Pay,failed,104.0,2025-05-30 10:37:00
3746,3746,PayPal,success,493.28,2024-03-04 19:08:00
3747,3747,Credit Card,success,267.07,2024-05-21 01:53:00
3748,3748,Crypto,success,360.15,2024-12-02 05:47:00
3749,3749,Credit Card,failed,426.73,2024-04-26 19:27:00
3750,3750,Credit Card,success,716.08,2024-02-05 07:31:00
3751,3751,Credit Card,success,249.41,2025-07-06 20:32:00
3752,3752,Credit Card,success,477.74,2024-03-28 04:14:00
3753,3753,Credit Card,success,526.2,2024-03-12 13:54:00
3754,3754,Credit Card,success,558.82,2024-01-27 00:39:00
3755,3755,Apple Pay,success,654.28,2023-07-24 05:35:00
3756,3756,Credit Card,success,141.31,2025-08-25 08:15:00
3757,3757,Bank Transfer,success,480.58,2024-01-21 00:27:00
3758,3758,Apple Pay,success,438.52,2023-09-14 06:08:00
3759,3759,Crypto,success,367.76,2025-08-08 12:54:00
3760,3760,PayPal,success,91.37,2024-03-15 01:53:00
3761,3761,Apple Pay,success,79.38,2025-04-02 17:31:00
3762,3762,Credit Card,success,737.35,2024-02-05 03:07:00
3763,3763,PayPal,success,236.71,2024-12-10 17:00:00
3764,3764,Credit Card,failed,898.59,2025-04-06 21:55:00
3765,3765,Apple Pay,success,453.2,2025-03-24 07:23:00
3766,3766,PayPal,success,646.23,2025-05-17 17:18:00
3767,3767,PayPal,success,80.44,2024-09-04 02:25:00
3768,3768,Credit Card,success,82.39,2024-08-02 01:32:00
3769,3769,Credit Card,success,435.25,2023-07-26 04:06:00
3770,3770,Credit Card,failed,157.56,2023-10-16 18:18:00
3771,3771,Credit Card,success,650.8,2024-06-30 01:36:00
3772,3772,Credit Card,success,365.12,2024-10-07 10:50:00
3773,3773,PayPal,success,839.81,2024-08-18 02:37:00
3774,3774,Apple Pay,failed,528.22,2024-05-11 08:14:00
3775,3775,Credit Card,success,46.76,2024-04-28 08:10:00
3776,3776,Credit Card,success,473.25,2023-05-31 16:24:00
3777,3777,Credit Card,success,501.86,2024-12-02 09:50:00
3778,3778,Credit Card,success,68.82,2025-04-17 18:31:00
3779,3779,PayPal,success,905.68,2025-04-21 00:38:00
3780,3780,PayPal,success,445.97,2025-01-02 13:43:00
3781,3781,Credit Card,success,244.61,2023-06-23 19:47:00
3782,3782,Credit Card,success,133.29,2023-07-09 04:52:00
3783,3783,Credit Card,success,62.83,2024-05-12 14:32:00
3784,3784,PayPal,failed,267.73,2024-06-10 04:23:00
3785,3785,PayPal,success,290.65,2025-05-30 23:51:00
3786,3786,Crypto,success,501.44,2023-08-01 15:59:00
3787,3787,Credit Card,failed,1210.66,2025-03-11 23:58:00
3788,3788,Credit Card,success,397.18,2024-02-14 12:20:00
3789,3789,Apple Pay,success,387.85,2024-06-12 02:23:00
3790,3790,Apple Pay,success,534.41,2025-03-25 20:45:00
3791,3791,Credit Card,failed,334.87,2025-11-05 21:54:00
3792,3792,Bank Transfer,success,180.14,2025-09-02 12:51:00
3793,3793,Apple Pay,success,689.67,2024-01-23 15:47:00
3794,3794,PayPal,success,360.6,2024-03-20 09:43:00
3795,3795,Credit Card,success,228.3,2023-05-07 01:43:00
3796,3796,Credit Card,success,572.88,2025-04-18 00:31:00
3797,3797,Credit Card,success,208.16,2023-07-04 17:58:00
3798,3798,Apple Pay,success,156.81,2024-02-12 19:17:00
3799,3799,Credit Card,success,324.13,2023-05-12 02:28:00
3800,3800,Credit Card,success,398.1,2023-11-05 12:36:00
3801,3801,Credit Card,success,448.51,2025-01-11 07:03:00
3802,3802,Apple Pay,success,832.26,2024-03-15 06:33:00
3803,3803,PayPal,success,665.76,2023-08-23 09:54:00
3804,3804,Credit Card,success,117.57,2025-02-04 22:50:00
3805,3805,PayPal,success,56.55,2024-07-02 22:35:00
3806,3806,Credit Card,success,162.8,2023-12-14 04:02:00
3807,3807,Credit Card,success,418.26,2025-02-11 10:33:00
3808,3808,PayPal,success,715.86,2023-08-16 20:30:00
3809,3809,Crypto,success,957.71,2025-01-10 08:18:00
3810,3810,Credit Card,success,305.28,2023-10-09 15:07:00
3811,3811,Credit Card,failed,1700.74,2025-02-18 18:09:00
3812,3812,Credit Card,failed,463.86,2024-08-07 10:58:00
3813,3813,Credit Card,success,776.45,2025-05-17 15:34:00
3814,3814,Apple Pay,success,356.86,2024-01-22 00:18:00
3815,3815,PayPal,success,205.89,2024-11-06 03:34:00
3816,3816,Credit Card,success,426.65,2023-05-17 00:03:00
3817,3817,Apple Pay,success,655.75,2023-07-06 08:34:00
3818,3818,Apple Pay,success,1336.85,2024-10-24 01:22:00
3819,3819,PayPal,success,786.78,2024-03-26 05:20:00
3820,3820,PayPal,success,174.47,2024-12-07 03:39:00
3821,3821,Credit Card,success,973.22,2024-07-23 10:14:00
3822,3822,Apple Pay,failed,495.66,2023-12-25 14:53:00
3823,3823,PayPal,success,397.43,2024-02-12 13:44:00
3824,3824,Credit Card,success,1490.07,2023-07-18 09:05:00
3825,3825,Credit Card,success,157.46,2024-06-21 15:23:00
3826,3826,Credit Card,success,110.81,2025-10-28 08:53:00
3827,3827,PayPal,success,603.27,2025-02-03 18:07:00
3828,3828,Credit Card,success,280.78,2024-03-05 14:39:00
3829,3829,Apple Pay,success,259.96,2024-01-22 02:01:00
3830,3830,Crypto,success,482.33,2024-11-04 14:17:00
3831,3831,Credit Card,failed,2038.15,2024-05-16 22:11:00
3832,3832,PayPal,success,282.14,2025-06-21 21:26:00
3833,3833,Credit Card,success,245.76,2024-04-07 12:22:00
3834,3834,PayPal,success,165.23,2025-03-11 04:37:00
3835,3835,Credit Card,success,78.78,2023-12-24 22:23:00
3836,3836,Apple Pay,success,394.04,2024-07-07 12:54:00
3837,3837,Credit Card,success,796.3,2024-11-21 08:52:00
3838,3838,Credit Card,success,405.97,2023-01-25 17:32:00
3839,3839,Crypto,success,839.2,2024-10-19 04:48:00
3840,3840,Credit Card,success,555.75,2025-05-17 13:40:00
3841,3841,Credit Card,success,219.86,2024-03-21 09:07:00
3842,3842,Apple Pay,success,202.01,2024-05-21 17:28:00
3843,3843,Credit Card,success,239.95,2024-12-02 09:49:00
3844,3844,PayPal,success,567.32,2024-07-29 05:43:00
3845,3845,Apple Pay,success,186.16,2024-05-26 05:32:00
3846,3846,Credit Card,success,166.8,2024-02-20 00:54:00
3847,3847,PayPal,success,522.33,2025-02-12 09:02:00
3848,3848,Credit Card,success,252.78,2024-11-26 10:08:00
3849,3849,Apple Pay,success,1233.03,2024-06-09 21:25:00
3850,3850,Credit Card,success,320.76,2025-08-20 01:08:00
3851,3851,PayPal,success,791.85,2023-12-06 18:43:00
3852,3852,PayPal,failed,386.66,2024-02-06 12:00:00
3853,3853,Crypto,success,63.5,2023-07-16 20:02:00
3854,3854,Credit Card,failed,862.93,2025-03-18 15:25:00
3855,3855,PayPal,failed,259.96,2023-08-08 22:04:00
3856,3856,Credit Card,success,1333.3,2024-01-03 04:57:00
3857,3857,Credit Card,failed,175.44,2024-03-30 16:50:00
3858,3858,Credit Card,failed,1713.35,2025-03-12 04:36:00
3859,3859,Credit Card,success,115.87,2025-03-24 05:14:00
3860,3860,Credit Card,failed,907.81,2023-06-16 20:13:00
3861,3861,Credit Card,failed,225.32,2025-08-11 13:33:00
3862,3862,Credit Card,success,367.09,2023-05-14 01:16:00
3863,3863,Credit Card,success,276.62,2025-03-07 20:43:00
3864,3864,Credit Card,success,772.83,2025-04-04 02:01:00
3865,3865,Crypto,failed,482.34,2024-05-03 04:42:00
3866,3866,Credit Card,success,1010.1,2025-03-29 08:58:00
3867,3867,PayPal,success,124.66,2024-05-24 09:48:00
3868,3868,Credit Card,success,952.97,2024-03-27 03:54:00
3869,3869,Apple Pay,success,156.56,2025-04-03 00:08:00
3870,3870,Credit Card,success,812.89,2024-08-20 16:56:00
3871,3871,Credit Card,success,999.71,2023-10-01 09:26:00
3872,3872,Credit Card,success,405.05,2024-04-09 13:54:00
3873,3873,Credit Card,success,219.76,2025-07-06 23:55:00
3874,3874,PayPal,success,1157.85,2023-12-29 01:53:00
3875,3875,PayPal,success,210.97,2024-07-22 12:34:00
3876,3876,PayPal,success,416.9,2023-07-15 13:10:00
3877,3877,Credit Card,failed,1584.1,2024-04-16 22:58:00
3878,3878,Credit Card,success,114.25,2025-01-02 16:19:00
3879,3879,Credit Card,failed,341.38,2023-11-26 20:57:00
3880,3880,Apple Pay,success,871.51,2024-12-09 22:08:00
3881,3881,Credit Card,success,716.34,2024-02-04 15:12:00
3882,3882,Credit Card,failed,72.05,2024-09-11 15:24:00
3883,3883,PayPal,success,679.61,2025-04-11 19:16:00
3884,3884,Apple Pay,success,220.82,2024-02-03 23:09:00
3885,3885,PayPal,success,244.86,2025-08-09 11:24:00
3886,3886,Bank Transfer,success,958.26,2024-07-02 21:05:00
3887,3887,Credit Card,success,71.44,2024-08-21 22:06:00
3888,3888,Credit Card,success,410.31,2024-07-15 19:04:00
3889,3889,Credit Card,failed,745.87,2025-02-20 05:13:00
3890,3890,PayPal,success,24.61,2024-05-03 12:36:00
3891,3891,Apple Pay,success,95.73,2024-01-14 11:59:00
3892,3892,Credit Card,success,210.97,2024-08-28 12:09:00
3893,3893,Credit Card,success,768.49,2025-01-02 08:09:00
3894,3894,Credit Card,success,838.26,2025-04-21 11:44:00
3895,3895,Credit Card,success,1018.3,2024-10-03 21:16:00
3896,3896,Credit Card,success,1566.82,2024-09-27 23:51:00
3897,3897,Credit Card,success,1133.02,2023-10-21 03:48:00
3898,3898,PayPal,success,223.94,2025-02-16 11:03:00
3899,3899,PayPal,success,444.51,2024-09-22 09:01:00
3900,3900,Credit Card,success,113.91,2024-01-11 16:05:00
3901,3901,PayPal,success,432.73,2024-04-25 08:18:00
3902,3902,Credit Card,success,159.55,2025-03-16 19:07:00
3903,3903,Apple Pay,success,107.92,2025-10-22 18:37:00
3904,3904,Credit Card,success,407.33,2024-03-22 20:57:00
3905,3905,PayPal,success,781.09,2024-05-26 00:32:00
3906,3906,Apple Pay,failed,394.67,2024-11-28 00:24:00
3907,3907,Credit Card,success,573.78,2023-09-19 14:34:00
3908,3908,PayPal,failed,79.38,2023-07-27 23:38:00
3909,3909,PayPal,success,387.61,2025-01-12 04:23:00
3910,3910,Credit Card,success,639.62,2024-12-26 09:50:00
3911,3911,PayPal,success,115.87,2025-01-11 21:44:00
3912,3912,PayPal,success,417.62,2023-11-06 11:53:00
3913,3913,Credit Card,failed,183.94,2024-10-02 20:53:00
3914,3914,Credit Card,success,225.21,2025-06-04 13:22:00
3915,3915,Credit Card,success,255.77,2025-11-21 14:35:00
3916,3916,PayPal,success,892.61,2024-03-04 03:17:00
3917,3917,Apple Pay,success,937.86,2023-12-16 05:51:00
3918,3918,Credit Card,success,584.94,2023-07-21 07:20:00
3919,3919,Credit Card,success,68.4,2023-12-23 08:32:00
3920,3920,Apple Pay,failed,569.72,2025-04-24 14:52:00
3921,3921,PayPal,success,1369.91,2024-07-29 13:58:00
3922,3922,Apple Pay,success,383.91,2025-06-23 00:52:00
3923,3923,PayPal,success,448.94,2024-03-31 19:22:00
3924,3924,Credit Card,success,803.87,2024-11-29 12:22:00
3925,3925,Credit Card,success,776.56,2023-07-10 10:35:00
3926,3926,Credit Card,success,127.4,2024-07-13 06:46:00
3927,3927,Credit Card,success,862.19,2025-02-02 05:00:00
3928,3928,PayPal,success,922.38,2024-09-07 10:31:00
3929,3929,Credit Card,success,191.82,2025-10-20 09:07:00
3930,3930,Credit Card,success,238.62,2023-11-15 06:47:00
3931,3931,Credit Card,success,284.73,2025-02-03 02:15:00
3932,3932,PayPal,failed,441.19,2025-06-01 01:36:00
3933,3933,Bank Transfer,success,299.72,2024-07-24 10:56:00
3934,3934,Credit Card,success,1180.79,2025-12-02 01:49:00
3935,3935,Credit Card,success,359.26,2024-03-23 15:56:00
3936,3936,Credit Card,success,397.49,2024-04-23 11:09:00
3937,3937,Credit Card,success,374.81,2024-09-02 07:08:00
3938,3938,Credit Card,success,88.21,2024-02-06 23:04:00
3939,3939,Apple Pay,failed,883.94,2024-10-27 07:41:00
3940,3940,PayPal,success,196.92,2024-06-29 08:16:00
3941,3941,Credit Card,success,67.66,2024-08-20 11:03:00
3942,3942,PayPal,failed,467.43,2024-11-06 14:32:00
3943,3943,Credit Card,success,627.3,2025-04-16 01:43:00
3944,3944,Bank Transfer,success,228.12,2024-10-08 10:19:00
3945,3945,PayPal,success,400.66,2024-11-16 09:13:00
3946,3946,Credit Card,success,1150.34,2023-11-27 05:04:00
3947,3947,Bank Transfer,success,965.93,2023-07-26 21:23:00
3948,3948,Credit Card,success,219.94,2024-05-13 14:55:00
3949,3949,Credit Card,success,275.74,2024-12-07 10:57:00
3950,3950,PayPal,success,481.9,2024-11-19 05:49:00
3951,3951,PayPal,success,148.97,2024-06-11 04:46:00
3952,3952,Credit Card,failed,477.24,2024-07-23 18:08:00
3953,3953,Credit Card,success,700.01,2025-05-23 07:59:00
3954,3954,PayPal,success,446.79,2024-09-09 10:35:00
3955,3955,Credit Card,success,48.1,2025-08-01 06:01:00
3956,3956,Credit Card,success,804.95,2024-11-22 20:51:00
3957,3957,Apple Pay,success,703.81,2024-11-23 03:53:00
3958,3958,Credit Card,success,244.86,2024-02-22 05:50:00
3959,3959,Apple Pay,success,1209.84,2024-12-14 23:13:00
3960,3960,PayPal,success,453.39,2024-03-06 05:20:00
3961,3961,Credit Card,success,105.02,2024-09-15 17:10:00
3962,3962,Credit Card,success,904.24,2025-04-26 21:00:00
3963,3963,PayPal,success,454.81,2024-05-13 16:12:00
3964,3964,PayPal,success,762.94,2025-01-12 03:38:00
3965,3965,Crypto,success,1001.63,2023-10-03 14:11:00
3966,3966,Credit Card,success,1009.93,2023-06-22 06:07:00
3967,3967,Bank Transfer,success,935.34,2024-05-20 07:52:00
3968,3968,PayPal,failed,520.17,2024-09-04 03:58:00
3969,3969,Bank Transfer,failed,56.75,2025-04-29 07:23:00
3970,3970,Bank Transfer,success,749.05,2024-10-23 14:23:00
3971,3971,Credit Card,success,173.95,2024-06-15 21:53:00
3972,3972,PayPal,success,727.37,2025-09-20 15:21:00
3973,3973,Credit Card,success,422.26,2024-04-29 05:29:00
3974,3974,Credit Card,success,394.46,2025-02-20 04:44:00
3975,3975,Credit Card,success,305.71,2025-10-31 01:46:00
3976,3976,Credit Card,success,137.87,2024-07-05 02:40:00
3977,3977,PayPal,success,69.68,2023-10-29 23:16:00
3978,3978,Credit Card,success,238.43,2025-03-25 11:05:00
3979,3979,PayPal,success,176.82,2024-07-03 20:01:00
3980,3980,PayPal,success,46.76,2023-11-23 08:54:00
3981,3981,Credit Card,success,247.01,2024-12-15 21:54:00
3982,3982,Credit Card,failed,466.24,2025-07-06 13:04:00
3983,3983,Crypto,success,448.58,2024-04-30 14:53:00
3984,3984,PayPal,success,294.43,2024-03-02 15:21:00
3985,3985,PayPal,success,333.62,2023-10-01 17:15:00
3986,3986,Credit Card,success,683.54,2024-10-20 04:56:00
3987,3987,Credit Card,success,1246.8,2023-11-21 22:49:00
3988,3988,PayPal,success,903.87,2024-01-16 07:37:00
3989,3989,Credit Card,success,265.29,2023-11-24 17:40:00
3990,3990,PayPal,success,958.8,2024-11-12 22:54:00
3991,3991,Credit Card,success,511.8,2024-04-21 01:35:00
3992,3992,PayPal,success,519.93,2024-05-04 00:42:00
3993,3993,Credit Card,failed,329.09,2024-01-08 01:34:00
3994,3994,PayPal,success,354.2,2024-05-24 19:54:00
3995,3995,PayPal,success,412.42,2024-09-03 03:29:00
3996,3996,Apple Pay,failed,72.82,2024-07-18 03:45:00
3997,3997,Bank Transfer,success,129.73,2024-12-23 21:00:00
3998,3998,Credit Card,success,1272.22,2024-08-09 01:18:00
3999,3999,PayPal,success,38.31,2024-03-17 19:41:00
4000,4000,Credit Card,success,454.51,2024-07-15 23:13:00
4001,4001,Credit Card,success,463.84,2024-07-06 05:36:00
4002,4002,Credit Card,success,2214.48,2025-03-03 15:04:00
4003,4003,PayPal,success,398.25,2023-12-20 05:11:00
4004,4004,Credit Card,success,515.33,2024-09-02 17:52:00
4005,4005,Credit Card,success,74.29,2024-09-24 07:31:00
4006,4006,PayPal,success,137.26,2025-07-04 18:23:00
4007,4007,Credit Card,success,85.38,2024-03-02 03:40:00
4008,4008,Credit Card,success,819.32,2024-03-18 21:39:00
4009,4009,PayPal,success,722.6,2024-09-01 15:41:00
4010,4010,PayPal,success,57.51,2023-09-25 03:09:00
4011,4011,PayPal,success,98.5,2023-08-05 17:12:00
4012,4012,Credit Card,success,133.04,2023-08-26 19:47:00
4013,4013,PayPal,success,414.05,2025-03-15 00:31:00
4014,4014,Credit Card,success,73.65,2024-05-23 18:32:00
4015,4015,Credit Card,success,989.95,2025-05-14 16:59:00
4016,4016,PayPal,success,152.63,2025-09-11 15:18:00
4017,4017,Credit Card,success,984.7,2023-10-17 11:34:00
4018,4018,Credit Card,success,530.51,2024-05-24 11:34:00
4019,4019,Credit Card,success,784.13,2024-01-27 11:20:00
4020,4020,Crypto,success,296.08,2023-11-14 06:53:00
4021,4021,Credit Card,success,231.2,2023-11-30 10:49:00
4022,4022,Credit Card,success,855.47,2025-08-06 06:29:00
4023,4023,Credit Card,success,198.75,2025-04-08 17:37:00
4024,4024,PayPal,success,358.4,2025-01-04 04:41:00
4025,4025,PayPal,success,219.76,2024-02-09 15:31:00
4026,4026,PayPal,failed,646.4,2025-05-08 03:31:00
4027,4027,PayPal,success,798.12,2024-01-03 17:30:00
4028,4028,PayPal,failed,498.03,2024-08-25 23:10:00
4029,4029,Credit Card,failed,324.58,2025-09-07 02:33:00
4030,4030,PayPal,failed,554.13,2024-11-28 02:23:00
4031,4031,Credit Card,success,602.23,2024-08-14 10:56:00
4032,4032,Credit Card,success,157.46,2023-08-06 15:18:00
4033,4033,Apple Pay,success,1014.07,2023-09-24 13:23:00
4034,4034,PayPal,success,244.61,2024-03-06 12:07:00
4035,4035,Credit Card,success,603.95,2024-12-22 07:47:00
4036,4036,Credit Card,success,429.05,2024-10-03 17:49:00
4037,4037,Credit Card,success,950.84,2025-10-09 15:28:00
4038,4038,Apple Pay,success,375.81,2024-08-30 12:39:00
4039,4039,Bank Transfer,success,737.2,2023-11-08 22:40:00
4040,4040,PayPal,success,894.67,2023-09-26 23:41:00
4041,4041,PayPal,success,411.01,2025-01-24 03:21:00
4042,4042,Credit Card,success,190.13,2025-04-13 14:40:00
4043,4043,PayPal,success,460.89,2024-03-08 11:16:00
4044,4044,Credit Card,success,216.69,2024-06-22 02:47:00
4045,4045,Credit Card,success,1220.8,2024-12-20 14:02:00
4046,4046,Credit Card,success,239.77,2024-05-17 19:21:00
4047,4047,PayPal,success,388.03,2024-06-23 11:15:00
4048,4048,PayPal,success,770.3,2025-10-28 20:26:00
4049,4049,Credit Card,success,437.13,2024-05-05 01:40:00
4050,4050,Apple Pay,success,794.14,2024-11-05 06:11:00
4051,4051,Credit Card,failed,942.9,2025-10-02 15:17:00
4052,4052,Credit Card,success,200.92,2024-11-09 22:53:00
4053,4053,PayPal,success,1090.06,2024-02-01 21:37:00
4054,4054,Credit Card,failed,263.26,2025-06-02 20:39:00
4055,4055,Credit Card,success,366.14,2023-12-01 04:25:00
4056,4056,Apple Pay,failed,93.11,2023-06-08 22:11:00
4057,4057,PayPal,success,63.02,2023-11-14 20:58:00
4058,4058,Crypto,success,1112.11,2025-05-26 02:25:00
4059,4059,PayPal,success,406.48,2023-09-11 18:35:00
4060,4060,Credit Card,success,1001.41,2025-06-20 09:31:00
4061,4061,PayPal,success,239.77,2024-10-08 16:14:00
4062,4062,Credit Card,success,1232.73,2024-01-20 05:12:00
4063,4063,Credit Card,success,411.01,2024-08-25 03:26:00
4064,4064,Credit Card,success,1111.59,2024-08-27 01:45:00
4065,4065,Credit Card,success,89.37,2023-05-08 06:29:00
4066,4066,PayPal,success,726.47,2024-11-24 19:21:00
4067,4067,Credit Card,success,295.65,2025-04-20 07:12:00
4068,4068,Apple Pay,success,230.72,2024-09-23 13:10:00
4069,4069,Credit Card,success,218.03,2023-12-05 15:30:00
4070,4070,Crypto,success,373.73,2024-01-11 14:02:00
4071,4071,Credit Card,success,1057.06,2024-04-23 10:45:00
4072,4072,Credit Card,success,741.67,2025-08-09 16:22:00
4073,4073,Apple Pay,success,404.71,2025-05-19 20:22:00
4074,4074,Crypto,success,391.27,2024-11-20 11:23:00
4075,4075,Credit Card,success,1448.55,2024-07-24 15:34:00
4076,4076,Credit Card,success,252.41,2024-03-26 23:24:00
4077,4077,Credit Card,failed,663.19,2024-04-23 22:36:00
4078,4078,Credit Card,success,2314.41,2023-07-29 03:41:00
4079,4079,PayPal,failed,742.67,2023-04-09 09:22:00
4080,4080,PayPal,failed,35.9,2024-04-13 00:32:00
4081,4081,Credit Card,failed,1421.4,2023-04-15 07:26:00
4082,4082,Credit Card,success,238.56,2023-11-29 00:07:00
4083,4083,Credit Card,success,148.63,2023-12-26 10:15:00
4084,4084,Credit Card,success,328.35,2024-07-25 03:02:00
4085,4085,Credit Card,success,91.37,2024-01-14 14:10:00
4086,4086,Bank Transfer,success,172.26,2024-06-18 00:41:00
4087,4087,Apple Pay,success,104.0,2024-10-08 01:35:00
4088,4088,Credit Card,success,483.23,2024-04-24 13:35:00
4089,4089,PayPal,success,441.19,2024-06-26 12:23:00
4090,4090,PayPal,success,1153.1,2024-10-21 18:11:00
4091,4091,PayPal,success,409.66,2025-03-25 00:52:00
4092,4092,Credit Card,success,409.05,2024-05-24 10:45:00
4093,4093,PayPal,failed,134.15,2024-01-21 07:10:00
4094,4094,Credit Card,success,672.63,2023-10-18 18:47:00
4095,4095,Credit Card,success,72.9,2024-11-20 02:45:00
4096,4096,Credit Card,failed,375.9,2024-07-04 11:06:00
4097,4097,Credit Card,success,139.03,2024-09-16 10:33:00
4098,4098,Credit Card,success,1282.5,2024-04-03 05:42:00
4099,4099,Credit Card,success,113.0,2025-01-05 08:14:00
4100,4100,Credit Card,success,504.02,2025-03-25 08:56:00
4101,4101,PayPal,success,1162.55,2025-04-29 09:38:00
4102,4102,Apple Pay,failed,1110.99,2023-12-29 16:05:00
4103,4103,Credit Card,success,418.35,2023-11-20 15:29:00
4104,4104,Credit Card,success,276.07,2024-05-29 13:20:00
4105,4105,Credit Card,success,516.34,2023-11-25 10:42:00
4106,4106,Bank Transfer,success,643.23,2024-05-14 16:03:00
4107,4107,Apple Pay,success,299.85,2025-04-21 04:10:00
4108,4108,Credit Card,failed,171.13,2023-10-01 13:17:00
4109,4109,Credit Card,success,1419.24,2025-06-29 01:51:00
4110,4110,PayPal,success,999.41,2025-01-24 16:25:00
4111,4111,Bank Transfer,success,806.64,2023-11-29 22:10:00
4112,4112,Apple Pay,success,238.87,2023-12-24 01:05:00
4113,4113,PayPal,success,83.26,2025-09-14 16:21:00
4114,4114,PayPal,success,257.29,2024-06-12 19:22:00
4115,4115,Crypto,success,238.62,2025-08-27 14:12:00
4116,4116,Credit Card,success,343.85,2024-06-06 22:03:00
4117,4117,Credit Card,failed,346.28,2023-05-03 15:30:00
4118,4118,Credit Card,success,225.21,2024-04-23 04:57:00
4119,4119,Credit Card,success,261.08,2025-09-15 16:12:00
4120,4120,Credit Card,success,505.15,2023-12-13 11:45:00
4121,4121,Credit Card,success,798.98,2024-07-25 03:11:00
4122,4122,Credit Card,failed,565.67,2025-03-16 09:16:00
4123,4123,Credit Card,failed,412.27,2024-10-11 02:48:00
4124,4124,Credit Card,success,487.19,2024-05-19 09:35:00
4125,4125,Apple Pay,success,600.34,2024-10-05 18:44:00
4126,4126,PayPal,success,1630.1,2023-08-14 06:25:00
4127,4127,Apple Pay,success,210.09,2025-04-13 08:41:00
4128,4128,Credit Card,success,104.39,2024-05-05 16:33:00
4129,4129,Apple Pay,success,398.49,2024-04-15 19:30:00
4130,4130,Credit Card,success,228.12,2023-10-01 18:03:00
4131,4131,Credit Card,success,773.24,2024-12-22 00:21:00
4132,4132,Credit Card,success,515.74,2025-01-25 21:43:00
4133,4133,Apple Pay,success,719.59,2025-03-05 08:01:00
4134,4134,Credit Card,success,220.28,2024-09-26 07:45:00
4135,4135,Credit Card,success,695.13,2025-10-31 05:34:00
4136,4136,Credit Card,success,394.04,2024-08-23 04:06:00
4137,4137,Credit Card,success,212.83,2025-04-11 00:48:00
4138,4138,Credit Card,failed,1174.25,2023-09-04 07:39:00
4139,4139,PayPal,failed,216.43,2024-04-04 15:12:00
4140,4140,Credit Card,success,266.17,2024-12-29 00:24:00
4141,4141,PayPal,success,509.55,2024-03-18 01:47:00
4142,4142,PayPal,success,707.45,2024-01-13 12:20:00
4143,4143,Credit Card,success,378.73,2024-03-22 11:26:00
4144,4144,Credit Card,failed,85.89,2025-06-21 03:58:00
4145,4145,Apple Pay,success,139.7,2024-02-15 22:02:00
4146,4146,PayPal,success,374.68,2024-11-29 14:52:00
4147,4147,PayPal,success,721.25,2023-11-09 04:58:00
4148,4148,PayPal,success,380.33,2023-09-24 12:04:00
4149,4149,Credit Card,success,63.5,2024-12-28 18:50:00
4150,4150,Credit Card,success,412.27,2023-12-17 20:07:00
4151,4151,Credit Card,success,829.26,2023-10-13 12:23:00
4152,4152,Credit Card,success,87.36,2023-11-16 13:53:00
4153,4153,Apple Pay,success,551.16,2024-07-07 08:08:00
4154,4154,Credit Card,success,907.0,2025-01-12 04:38:00
4155,4155,Crypto,success,250.88,2024-10-13 00:50:00
4156,4156,Apple Pay,success,733.55,2024-10-19 02:11:00
4157,4157,Credit Card,success,517.3,2024-09-30 15:04:00
4158,4158,Apple Pay,failed,317.23,2024-04-30 22:04:00
4159,4159,Credit Card,failed,783.26,2025-03-12 10:03:00
4160,4160,PayPal,success,584.13,2024-06-06 18:03:00
4161,4161,Credit Card,success,135.32,2025-01-16 04:14:00
4162,4162,PayPal,success,25.91,2024-02-09 02:18:00
4163,4163,Credit Card,success,201.61,2025-04-01 06:29:00
4164,4164,Credit Card,success,605.43,2023-10-10 12:23:00
4165,4165,Apple Pay,failed,188.19,2024-06-26 19:15:00
4166,4166,Bank Transfer,success,87.9,2025-02-14 12:14:00
4167,4167,PayPal,success,492.41,2024-11-07 18:41:00
4168,4168,Credit Card,success,545.53,2023-12-13 03:58:00
4169,4169,Credit Card,success,230.72,2024-09-17 10:24:00
4170,4170,Credit Card,success,239.95,2023-11-04 15:34:00
4171,4171,Credit Card,success,528.18,2023-08-23 08:16:00
4172,4172,Credit Card,failed,594.41,2024-02-02 16:26:00
4173,4173,Apple Pay,success,678.83,2024-03-22 23:06:00
4174,4174,PayPal,success,653.29,2025-08-02 07:35:00
4175,4175,Credit Card,success,771.29,2025-02-12 02:01:00
4176,4176,Apple Pay,success,170.76,2024-04-09 23:28:00
4177,4177,PayPal,success,80.44,2023-12-18 05:46:00
4178,4178,Credit Card,failed,1678.76,2024-07-18 11:38:00
4179,4179,Credit Card,success,169.54,2024-10-13 22:51:00
4180,4180,PayPal,success,764.29,2025-04-03 03:24:00
4181,4181,Apple Pay,success,162.13,2024-08-16 08:36:00
4182,4182,Credit Card,success,808.09,2023-10-29 17:11:00
4183,4183,Credit Card,success,185.02,2024-12-03 16:40:00
4184,4184,Credit Card,success,576.9,2024-10-31 08:03:00
4185,4185,Credit Card,success,839.89,2024-04-15 06:30:00
4186,4186,PayPal,success,386.66,2024-02-28 07:40:00
4187,4187,Credit Card,success,175.18,2024-11-19 09:50:00
4188,4188,Credit Card,success,85.7,2024-07-15 06:44:00
4189,4189,Credit Card,success,165.23,2024-09-09 21:39:00
4190,4190,Apple Pay,success,879.96,2024-11-20 02:56:00
4191,4191,Credit Card,failed,1316.24,2025-03-20 17:55:00
4192,4192,Credit Card,failed,477.74,2024-03-09 06:01:00
4193,4193,PayPal,success,567.24,2025-05-19 16:13:00
4194,4194,Credit Card,success,387.34,2024-06-25 13:48:00
4195,4195,PayPal,success,439.98,2024-01-28 22:40:00
4196,4196,Credit Card,success,76.84,2025-04-09 16:45:00
4197,4197,PayPal,success,397.43,2023-12-22 10:21:00
4198,4198,Credit Card,success,825.31,2024-12-17 17:44:00
4199,4199,Credit Card,success,409.66,2024-01-05 00:41:00
4200,4200,Credit Card,success,276.78,2025-01-02 01:23:00
4201,4201,PayPal,success,622.63,2024-08-30 05:23:00
4202,4202,Apple Pay,success,350.13,2023-09-01 00:45:00
4203,4203,PayPal,success,258.57,2024-05-28 10:12:00
4204,4204,Credit Card,failed,937.57,2024-02-10 05:46:00
4205,4205,Credit Card,success,843.15,2024-12-23 09:20:00
4206,4206,Apple Pay,success,296.08,2023-11-12 23:59:00
4207,4207,Credit Card,failed,1102.98,2023-06-29 17:29:00
4208,4208,PayPal,success,188.28,2025-04-14 00:52:00
4209,4209,PayPal,success,733.59,2024-12-25 17:09:00
4210,4210,Apple Pay,success,178.2,2024-03-03 05:04:00
4211,4211,Credit Card,success,1834.42,2024-10-25 05:17:00
4212,4212,Credit Card,success,2187.13,2024-02-13 17:46:00
4213,4213,Credit Card,success,185.8,2025-06-13 21:40:00
4214,4214,PayPal,success,377.04,2023-12-17 18:36:00
4215,4215,Apple Pay,success,276.07,2024-05-25 19:42:00
4216,4216,PayPal,success,405.05,2024-08-15 14:28:00
4217,4217,Apple Pay,success,262.0,2024-05-12 00:43:00
4218,4218,Credit Card,success,790.65,2023-06-03 01:56:00
4219,4219,PayPal,success,242.43,2025-10-30 23:58:00
4220,4220,Apple Pay,success,1072.6,2024-09-21 09:08:00
4221,4221,PayPal,success,213.79,2025-09-22 19:11:00
4222,4222,Credit Card,success,341.17,2024-03-05 00:00:00
4223,4223,Apple Pay,success,888.37,2024-04-29 13:35:00
4224,4224,Bank Transfer,success,1508.97,2023-04-16 21:41:00
4225,4225,Apple Pay,success,244.61,2023-07-14 08:51:00
4226,4226,Apple Pay,success,882.38,2023-04-30 13:34:00
4227,4227,Credit Card,success,411.64,2024-03-28 23:05:00
4228,4228,Apple Pay,success,540.31,2024-08-12 05:19:00
4229,4229,PayPal,success,504.17,2023-07-19 05:15:00
4230,4230,Credit Card,failed,240.09,2024-10-02 15:42:00
4231,4231,Credit Card,success,214.78,2025-01-27 08:51:00
4232,4232,Apple Pay,success,367.75,2024-07-16 00:25:00
4233,4233,Credit Card,success,836.41,2024-05-25 01:57:00
4234,4234,Apple Pay,success,438.0,2024-12-26 07:44:00
4235,4235,Credit Card,failed,677.11,2025-05-24 10:22:00
4236,4236,Apple Pay,success,82.39,2024-01-04 17:03:00
4237,4237,PayPal,success,422.94,2023-12-03 17:25:00
4238,4238,PayPal,failed,1015.36,2025-03-06 14:56:00
4239,4239,Credit Card,success,764.42,2023-10-17 12:41:00
4240,4240,PayPal,success,108.88,2025-03-05 23:30:00
4241,4241,PayPal,success,106.43,2024-11-13 18:23:00
4242,4242,Credit Card,failed,567.29,2024-11-01 05:44:00
4243,4243,Credit Card,success,397.73,2024-07-23 15:24:00
4244,4244,Credit Card,failed,312.12,2024-12-23 19:45:00
4245,4245,PayPal,success,446.74,2024-11-17 13:37:00
4246,4246,Credit Card,success,413.82,2024-04-03 15:21:00
4247,4247,Credit Card,success,361.22,2024-07-19 09:14:00
4248,4248,Credit Card,success,82.65,2025-07-12 21:42:00
4249,4249,PayPal,success,535.84,2025-05-24 01:56:00
4250,4250,Apple Pay,success,279.74,2025-08-30 05:06:00
4251,4251,Credit Card,success,401.21,2024-02-18 10:26:00
4252,4252,Credit Card,failed,628.29,2025-04-28 02:02:00
4253,4253,Credit Card,success,350.16,2023-06-05 17:55:00
4254,4254,Credit Card,success,412.27,2024-04-19 10:44:00
4255,4255,PayPal,success,603.25,2023-11-06 07:09:00
4256,4256,PayPal,success,391.66,2024-09-09 23:13:00
4257,4257,Apple Pay,failed,431.14,2024-04-05 01:53:00
4258,4258,Credit Card,success,169.29,2024-01-22 10:27:00
4259,4259,Credit Card,success,369.91,2025-06-02 04:04:00
4260,4260,Credit Card,success,692.82,2025-05-15 19:56:00
4261,4261,Apple Pay,success,870.27,2024-08-22 21:54:00
4262,4262,Credit Card,success,509.01,2024-08-30 11:04:00
4263,4263,PayPal,success,305.71,2024-12-21 01:11:00
4264,4264,Credit Card,failed,199.05,2025-10-12 23:19:00
4265,4265,Apple Pay,success,192.15,2025-01-10 19:23:00
4266,4266,Bank Transfer,success,407.7,2023-11-17 09:35:00
4267,4267,Credit Card,success,401.71,2024-09-16 19:43:00
4268,4268,Crypto,success,73.65,2024-03-05 11:04:00
4269,4269,Credit Card,failed,694.74,2023-09-19 21:14:00
4270,4270,Apple Pay,success,100.82,2024-03-18 06:35:00
4271,4271,Credit Card,success,402.48,2025-09-03 21:19:00
4272,4272,PayPal,success,345.84,2025-04-12 15:45:00
4273,4273,Credit Card,failed,228.97,2025-04-13 04:52:00
4274,4274,Credit Card,failed,44.33,2024-06-20 22:42:00
4275,4275,Credit Card,success,261.15,2024-09-19 06:52:00
4276,4276,Credit Card,success,64.19,2024-10-19 20:35:00
4277,4277,Credit Card,success,492.53,2024-04-06 14:11:00
4278,4278,PayPal,success,366.27,2024-09-20 16:42:00
4279,4279,Credit Card,success,842.98,2023-05-01 14:22:00
4280,4280,Credit Card,failed,691.66,2024-04-26 22:48:00
4281,4281,Apple Pay,success,1218.04,2023-08-09 09:36:00
4282,4282,PayPal,failed,186.13,2023-10-11 19:07:00
4283,4283,Apple Pay,success,860.42,2025-06-24 04:48:00
4284,4284,Credit Card,success,247.97,2024-09-01 20:36:00
4285,4285,Crypto,success,410.7,2025-07-15 08:53:00
4286,4286,PayPal,success,233.82,2024-02-11 01:47:00
4287,4287,PayPal,success,909.61,2023-05-01 13:31:00
4288,4288,Credit Card,success,488.04,2023-10-26 00:49:00
4289,4289,Credit Card,success,308.61,2025-05-19 11:02:00
4290,4290,Credit Card,success,108.7,2024-05-08 00:08:00
4291,4291,Credit Card,success,346.61,2024-08-01 11:09:00
4292,4292,PayPal,success,135.32,2024-07-25 10:57:00
4293,4293,PayPal,failed,873.46,2025-08-16 02:54:00
4294,4294,PayPal,success,170.83,2025-06-26 20:23:00
4295,4295,PayPal,success,745.32,2025-02-28 21:05:00
4296,4296,Credit Card,success,380.8,2024-03-22 02:41:00
4297,4297,Credit Card,success,1215.29,2025-06-12 16:12:00
4298,4298,PayPal,success,443.0,2024-09-17 23:53:00
4299,4299,PayPal,success,621.23,2024-10-28 10:10:00
4300,4300,Apple Pay,success,804.53,2024-05-09 21:54:00
4301,4301,PayPal,failed,579.01,2024-05-16 16:51:00
4302,4302,Crypto,success,985.31,2024-10-12 00:15:00
4303,4303,Credit Card,success,448.51,2024-06-10 05:32:00
4304,4304,Credit Card,success,333.86,2024-10-07 17:28:00
4305,4305,Credit Card,success,171.13,2024-05-19 11:10:00
4306,4306,PayPal,failed,231.2,2024-10-20 08:41:00
4307,4307,PayPal,success,312.73,2023-10-17 04:28:00
4308,4308,Apple Pay,success,118.14,2024-06-19 16:00:00
4309,4309,Credit Card,success,845.73,2025-07-03 18:23:00
4310,4310,PayPal,success,295.65,2024-03-03 05:09:00
4311,4311,Apple Pay,failed,1042.29,2024-04-27 02:41:00
4312,4312,PayPal,success,411.01,2025-02-15 00:08:00
4313,4313,Credit Card,success,708.98,2025-11-07 18:03:00
4314,4314,PayPal,success,426.94,2025-04-07 06:39:00
4315,4315,Credit Card,success,238.09,2024-04-19 21:55:00
4316,4316,Credit Card,success,664.63,2024-03-13 22:08:00
4317,4317,Credit Card,success,349.27,2024-07-19 18:15:00
4318,4318,Credit Card,success,230.96,2024-05-30 00:14:00
4319,4319,Crypto,failed,101.72,2023-05-22 09:27:00
4320,4320,Credit Card,success,835.96,2024-12-10 23:17:00
4321,4321,PayPal,success,379.97,2023-09-15 20:39:00
4322,4322,PayPal,success,371.75,2025-03-31 15:08:00
4323,4323,Apple Pay,success,245.76,2025-04-23 11:42:00
4324,4324,Credit Card,success,412.27,2023-12-28 21:04:00
4325,4325,PayPal,success,339.46,2023-12-04 23:48:00
4326,4326,Credit Card,success,120.14,2024-01-21 13:28:00
4327,4327,Credit Card,failed,644.63,2024-07-11 02:47:00
4328,4328,Credit Card,failed,243.81,2024-10-23 19:01:00
4329,4329,Credit Card,success,539.98,2023-07-23 06:34:00
4330,4330,PayPal,success,874.32,2023-02-11 08:38:00
4331,4331,Apple Pay,success,280.78,2024-11-15 20:35:00
4332,4332,PayPal,success,891.62,2024-04-22 07:18:00
4333,4333,Apple Pay,success,418.35,2025-02-26 08:31:00
4334,4334,Credit Card,success,1050.21,2024-10-22 09:23:00
4335,4335,Credit Card,failed,1195.9,2024-12-08 14:12:00
4336,4336,Credit Card,success,424.34,2025-01-20 20:16:00
4337,4337,PayPal,success,618.31,2025-03-06 10:24:00
4338,4338,Credit Card,success,763.2,2024-04-22 08:29:00
4339,4339,Credit Card,success,625.43,2023-08-25 13:29:00
4340,4340,Apple Pay,success,908.72,2024-05-17 17:27:00
4341,4341,PayPal,success,216.08,2023-04-22 09:07:00
4342,4342,Credit Card,success,788.12,2023-04-03 08:16:00
4343,4343,Credit Card,success,78.66,2024-10-03 00:57:00
4344,4344,Credit Card,success,208.97,2023-10-16 15:15:00
4345,4345,Credit Card,success,244.61,2023-08-08 21:56:00
4346,4346,Apple Pay,success,1274.07,2024-12-19 00:53:00
4347,4347,Credit Card,success,603.64,2023-11-04 21:21:00
4348,4348,Credit Card,failed,743.36,2024-07-01 23:25:00
4349,4349,Credit Card,success,530.15,2024-08-26 02:04:00
4350,4350,PayPal,success,336.43,2024-10-31 23:28:00
4351,4351,Credit Card,success,903.54,2023-06-02 22:56:00
4352,4352,Credit Card,success,891.17,2024-10-06 17:19:00
4353,4353,PayPal,success,450.17,2024-04-02 19:49:00
4354,4354,Credit Card,success,189.08,2024-06-08 04:45:00
4355,4355,Credit Card,success,112.42,2024-09-06 04:07:00
4356,4356,Credit Card,success,214.33,2025-08-15 07:47:00
4357,4357,PayPal,success,416.95,2024-07-27 04:44:00
4358,4358,Crypto,failed,316.95,2023-11-12 00:20:00
4359,4359,Credit Card,success,66.88,2024-08-29 08:58:00
4360,4360,Apple Pay,success,314.63,2024-11-02 20:19:00
4361,4361,Credit Card,success,607.25,2023-09-16 19:58:00
4362,4362,PayPal,success,586.17,2023-11-17 11:08:00
4363,4363,Crypto,success,532.92,2025-07-25 15:52:00
4364,4364,PayPal,success,178.58,2024-01-30 12:24:00
4365,4365,PayPal,success,324.25,2025-03-22 18:27:00
4366,4366,Apple Pay,success,1480.76,2023-04-28 15:04:00
4367,4367,Credit Card,failed,616.68,2023-11-28 13:45:00
4368,4368,PayPal,failed,320.08,2025-03-06 06:12:00
4369,4369,Credit Card,success,358.4,2024-04-23 08:35:00
4370,4370,Credit Card,failed,590.82,2024-05-27 12:39:00
4371,4371,Credit Card,failed,430.21,2025-02-19 13:36:00
4372,4372,Credit Card,success,404.71,2024-07-13 13:58:00
4373,4373,Credit Card,failed,734.78,2023-08-28 08:58:00
4374,4374,Apple Pay,success,531.04,2025-05-05 06:52:00
4375,4375,PayPal,success,407.7,2024-04-14 12:32:00
4376,4376,Credit Card,success,464.88,2023-07-24 17:15:00
4377,4377,Credit Card,success,73.65,2023-12-28 11:55:00
4378,4378,Credit Card,success,139.03,2025-08-03 21:40:00
4379,4379,Crypto,success,1433.7,2025-06-18 21:05:00
4380,4380,Credit Card,failed,781.93,2023-10-29 05:52:00
4381,4381,Credit Card,success,445.2,2023-07-14 14:40:00
4382,4382,Apple Pay,success,325.09,2023-08-09 22:55:00
4383,4383,PayPal,success,460.62,2025-12-09 11:48:00
4384,4384,Apple Pay,success,381.15,2024-03-12 14:51:00
4385,4385,Credit Card,success,1116.5,2023-11-16 07:36:00
4386,4386,PayPal,success,463.21,2023-12-11 19:43:00
4387,4387,PayPal,success,369.91,2023-11-08 09:36:00
4388,4388,PayPal,success,877.04,2023-03-18 20:07:00
4389,4389,Credit Card,success,236.29,2024-05-20 01:21:00
4390,4390,PayPal,failed,412.11,2024-07-20 21:26:00
4391,4391,Apple Pay,success,334.87,2024-02-16 13:55:00
4392,4392,Apple Pay,success,414.69,2024-09-13 00:04:00
4393,4393,PayPal,success,240.71,2024-08-09 01:14:00
4394,4394,Credit Card,success,553.43,2024-02-20 20:26:00
4395,4395,Credit Card,success,359.13,2023-02-20 16:51:00
4396,4396,PayPal,success,465.35,2024-07-09 09:28:00
4397,4397,Crypto,success,431.13,2024-11-30 18:38:00
4398,4398,PayPal,success,99.1,2024-02-17 03:47:00
4399,4399,Credit Card,success,396.49,2023-07-30 11:32:00
4400,4400,Credit Card,success,376.46,2025-04-09 05:00:00
4401,4401,Credit Card,success,306.1,2025-02-08 13:49:00
4402,4402,Credit Card,success,248.63,2024-03-18 09:31:00
4403,4403,PayPal,success,452.83,2024-06-13 09:03:00
4404,4404,Credit Card,success,637.57,2024-02-09 22:50:00
4405,4405,Credit Card,success,565.72,2023-10-21 05:14:00
4406,4406,PayPal,success,448.51,2023-05-06 07:34:00
4407,4407,PayPal,success,432.01,2023-12-30 07:33:00
4408,4408,Credit Card,success,645.06,2024-02-12 08:18:00
4409,4409,PayPal,success,1245.47,2023-11-23 03:36:00
4410,4410,Credit Card,success,821.82,2024-09-15 11:02:00
4411,4411,PayPal,success,283.69,2025-11-26 14:45:00
4412,4412,Credit Card,success,143.03,2024-10-11 20:26:00
4413,4413,Credit Card,success,106.81,2024-08-11 20:01:00
4414,4414,PayPal,success,220.75,2024-09-14 16:48:00
4415,4415,PayPal,failed,1288.62,2023-08-06 23:42:00
4416,4416,Credit Card,failed,349.27,2023-12-10 00:51:00
4417,4417,PayPal,success,1077.39,2023-04-18 01:06:00
4418,4418,PayPal,failed,806.14,2024-09-14 07:16:00
4419,4419,PayPal,success,1444.73,2023-12-12 14:44:00
4420,4420,Credit Card,success,580.9,2023-11-09 22:07:00
4421,4421,Apple Pay,success,254.1,2025-05-26 15:26:00
4422,4422,Credit Card,success,230.72,2025-07-11 15:17:00
4423,4423,Credit Card,success,399.06,2024-07-05 09:53:00
4424,4424,Credit Card,success,238.09,2023-11-28 22:39:00
4425,4425,PayPal,success,246.42,2023-11-12 16:29:00
4426,4426,Crypto,success,560.68,2025-01-01 19:22:00
4427,4427,Credit Card,success,143.6,2025-02-25 00:55:00
4428,4428,Crypto,success,492.92,2025-04-26 13:00:00
4429,4429,Credit Card,success,306.13,2024-12-17 22:36:00
4430,4430,Bank Transfer,success,1471.43,2024-06-12 14:14:00
4431,4431,Credit Card,success,198.27,2025-01-19 01:02:00
4432,4432,Credit Card,success,1069.88,2024-08-22 12:08:00
4433,4433,Credit Card,failed,1170.69,2024-09-09 18:49:00
4434,4434,Credit Card,success,50.32,2024-10-31 13:08:00
4435,4435,PayPal,success,420.96,2024-07-04 13:58:00
4436,4436,Credit Card,success,1190.09,2023-09-15 16:12:00
4437,4437,Credit Card,success,302.24,2025-06-06 12:33:00
4438,4438,Credit Card,success,827.81,2024-08-02 17:26:00
4439,4439,PayPal,success,350.16,2024-09-30 15:32:00
4440,4440,PayPal,success,393.18,2024-04-28 05:20:00
4441,4441,Credit Card,success,412.27,2025-08-13 21:06:00
4442,4442,Credit Card,success,527.24,2023-10-12 03:11:00
4443,4443,Credit Card,success,1233.18,2024-12-22 01:31:00
4444,4444,Credit Card,success,1889.0,2023-10-31 22:54:00
4445,4445,Credit Card,success,431.14,2024-11-22 21:27:00
4446,4446,Credit Card,success,590.89,2024-01-13 15:31:00
4447,4447,Crypto,failed,104.0,2023-11-19 15:41:00
4448,4448,Credit Card,success,720.3,2024-09-08 15:56:00
4449,4449,Credit Card,failed,693.83,2025-03-29 10:43:00
4450,4450,Credit Card,success,135.44,2024-09-17 09:37:00
4451,4451,Apple Pay,success,632.38,2024-08-14 21:39:00
4452,4452,Credit Card,failed,165.54,2023-12-03 18:39:00
4453,4453,PayPal,success,596.55,2024-04-18 06:22:00
4454,4454,PayPal,success,372.88,2023-09-07 10:15:00
4455,4455,PayPal,success,842.07,2024-10-13 23:44:00
4456,4456,PayPal,success,1253.34,2023-07-24 08:12:00
4457,4457,Credit Card,success,1228.98,2023-06-13 11:18:00
4458,4458,PayPal,success,1011.25,2023-06-17 14:58:00
4459,4459,Credit Card,success,299.79,2023-09-29 01:54:00
4460,4460,Credit Card,success,1060.94,2024-05-03 11:06:00
4461,4461,Bank Transfer,success,1534.59,2025-09-15 02:23:00
4462,4462,Crypto,success,753.1,2024-10-26 10:27:00
4463,4463,Bank Transfer,success,132.47,2023-08-25 23:06:00
4464,4464,Credit Card,success,385.1,2025-05-08 16:56:00
4465,4465,PayPal,success,1167.56,2025-07-03 15:19:00
4466,4466,Credit Card,success,840.01,2025-10-11 17:16:00
4467,4467,Credit Card,success,92.51,2023-06-13 16:58:00
4468,4468,Apple Pay,success,98.01,2024-04-26 06:27:00
4469,4469,PayPal,success,487.23,2024-08-13 23:08:00
4470,4470,PayPal,failed,1129.05,2024-12-28 13:02:00
4471,4471,Credit Card,success,1054.62,2024-09-15 23:50:00
4472,4472,Credit Card,success,124.71,2025-02-20 10:30:00
4473,4473,Credit Card,success,636.26,2023-08-25 12:42:00
4474,4474,Apple Pay,failed,1711.34,2024-11-06 05:28:00
4475,4475,Credit Card,success,485.72,2025-07-19 17:46:00
4476,4476,Apple Pay,success,238.14,2024-02-11 22:09:00
4477,4477,Apple Pay,success,453.85,2024-12-17 20:22:00
4478,4478,Credit Card,success,134.9,2023-06-10 05:49:00
4479,4479,Credit Card,success,210.09,2024-09-23 18:19:00
4480,4480,Credit Card,success,525.96,2024-12-25 00:05:00
4481,4481,Credit Card,success,213.79,2025-08-27 16:21:00
4482,4482,Credit Card,success,134.9,2023-12-04 02:23:00
4483,4483,Credit Card,success,409.05,2024-08-15 02:49:00
4484,4484,Credit Card,success,338.73,2024-01-02 22:09:00
4485,4485,Credit Card,failed,350.43,2023-06-05 05:16:00
4486,4486,Credit Card,success,635.28,2024-09-04 08:28:00
4487,4487,Credit Card,failed,479.17,2024-11-06 02:02:00
4488,4488,Bank Transfer,success,415.57,2025-03-09 19:42:00
4489,4489,Credit Card,success,597.87,2025-01-08 11:35:00
4490,4490,Bank Transfer,success,422.99,2025-09-30 01:10:00
4491,4491,PayPal,success,525.6,2024-06-02 11:31:00
4492,4492,Credit Card,success,79.38,2024-12-11 01:50:00
4493,4493,Apple Pay,success,671.92,2023-10-15 00:51:00
4494,4494,PayPal,success,78.78,2023-07-23 14:30:00
4495,4495,Credit Card,success,322.84,2024-02-20 05:19:00
4496,4496,Apple Pay,success,448.51,2023-11-09 22:34:00
4497,4497,Credit Card,failed,892.55,2024-08-05 11:57:00
4498,4498,Apple Pay,success,1273.56,2024-12-14 05:25:00
4499,4499,Credit Card,success,265.95,2024-02-01 13:54:00
4500,4500,PayPal,failed,885.95,2024-04-19 02:34:00
4501,4501,Crypto,failed,866.08,2025-03-06 13:47:00
4502,4502,PayPal,success,293.8,2024-02-14 16:42:00
4503,4503,Credit Card,failed,801.98,2023-10-01 06:47:00
4504,4504,Crypto,success,122.84,2023-12-26 17:55:00
4505,4505,PayPal,success,497.03,2024-04-25 14:16:00
4506,4506,PayPal,success,1629.6,2024-02-04 17:53:00
4507,4507,Credit Card,success,244.86,2023-02-19 19:22:00
4508,4508,PayPal,success,1134.42,2023-11-08 16:36:00
4509,4509,Apple Pay,success,149.43,2025-05-11 01:25:00
4510,4510,Credit Card,success,326.93,2025-05-28 13:29:00
4511,4511,Bank Transfer,success,927.97,2024-05-01 06:35:00
4512,4512,PayPal,success,192.15,2025-05-16 17:58:00
4513,4513,Credit Card,success,922.96,2024-05-07 05:52:00
4514,4514,Apple Pay,success,821.47,2024-02-12 22:10:00
4515,4515,Crypto,failed,592.17,2023-11-25 18:30:00
4516,4516,Apple Pay,success,392.11,2024-11-01 08:00:00
4517,4517,Credit Card,success,414.7,2024-07-31 13:27:00
4518,4518,Credit Card,success,894.69,2024-05-07 03:26:00
4519,4519,PayPal,success,835.17,2023-09-02 05:01:00
4520,4520,Apple Pay,success,93.77,2024-08-27 07:15:00
4521,4521,Credit Card,success,25.91,2024-08-07 02:14:00
4522,4522,Apple Pay,success,643.48,2023-10-10 10:25:00
4523,4523,Credit Card,success,1229.21,2024-04-11 04:02:00
4524,4524,Apple Pay,success,1273.09,2024-07-14 05:04:00
4525,4525,Apple Pay,success,1086.89,2024-06-03 04:20:00
4526,4526,Apple Pay,success,242.43,2024-12-24 04:39:00
4527,4527,PayPal,success,139.03,2025-07-18 02:18:00
4528,4528,PayPal,success,1057.45,2025-02-19 14:20:00
4529,4529,Apple Pay,success,670.04,2024-03-04 01:51:00
4530,4530,Credit Card,success,430.21,2023-11-29 08:44:00
4531,4531,Credit Card,success,338.99,2023-05-25 09:27:00
4532,4532,PayPal,success,67.66,2023-12-23 06:20:00
4533,4533,Apple Pay,success,66.96,2023-09-19 20:55:00
4534,4534,Crypto,success,71.32,2024-05-13 09:40:00
4535,4535,PayPal,success,689.15,2023-11-12 08:42:00
4536,4536,Apple Pay,failed,803.42,2023-02-03 12:54:00
4537,4537,Credit Card,success,71.32,2024-06-24 23:26:00
4538,4538,Apple Pay,success,1796.41,2023-07-16 06:45:00
4539,4539,Credit Card,success,139.03,2024-03-29 08:34:00
4540,4540,Apple Pay,failed,499.42,2025-03-14 04:49:00
4541,4541,PayPal,failed,777.92,2024-08-29 04:01:00
4542,4542,Credit Card,success,364.24,2023-04-08 15:01:00
4543,4543,Credit Card,success,359.15,2025-05-08 13:24:00
4544,4544,Credit Card,success,44.33,2023-09-16 05:51:00
4545,4545,Credit Card,failed,405.24,2024-01-20 05:52:00
4546,4546,Apple Pay,success,172.31,2025-11-13 04:39:00
4547,4547,PayPal,success,624.08,2023-11-26 08:04:00
4548,4548,Credit Card,success,550.76,2024-04-22 10:59:00
4549,4549,Credit Card,success,178.2,2024-11-28 23:00:00
4550,4550,PayPal,success,230.96,2024-04-29 22:59:00
4551,4551,Credit Card,success,372.74,2024-03-30 16:16:00
4552,4552,Apple Pay,success,313.9,2024-03-31 20:27:00
4553,4553,PayPal,success,286.65,2025-07-09 09:52:00
4554,4554,PayPal,success,100.82,2024-05-11 10:35:00
4555,4555,Credit Card,success,87.36,2024-05-01 17:04:00
4556,4556,Credit Card,success,609.7,2024-11-08 10:14:00
4557,4557,PayPal,success,356.07,2024-04-04 16:39:00
4558,4558,PayPal,success,180.14,2024-01-08 11:29:00
4559,4559,Credit Card,failed,273.31,2024-04-14 03:08:00
4560,4560,Apple Pay,success,612.18,2024-05-10 13:25:00
4561,4561,Credit Card,success,213.95,2024-12-18 20:52:00
4562,4562,Credit Card,success,477.24,2024-07-04 17:24:00
4563,4563,PayPal,success,262.54,2024-07-03 22:20:00
4564,4564,Credit Card,success,649.59,2023-01-24 13:01:00
4565,4565,Credit Card,failed,24.61,2024-04-06 07:19:00
4566,4566,Credit Card,success,432.01,2025-03-08 04:21:00
4567,4567,Apple Pay,success,375.19,2023-04-07 06:57:00
4568,4568,Apple Pay,success,240.71,2024-09-06 08:26:00
4569,4569,PayPal,failed,1115.2,2023-11-22 11:48:00
4570,4570,Credit Card,success,76.42,2024-02-15 10:06:00
4571,4571,Apple Pay,failed,768.34,2024-03-25 16:13:00
4572,4572,Credit Card,success,828.01,2025-01-31 20:42:00
4573,4573,Apple Pay,failed,803.82,2024-10-30 00:50:00
4574,4574,Credit Card,success,606.15,2024-08-30 06:24:00
4575,4575,Credit Card,success,402.48,2024-03-04 14:10:00
4576,4576,Apple Pay,success,388.27,2024-08-07 04:54:00
4577,4577,Credit Card,success,849.25,2024-08-19 19:46:00
4578,4578,Apple Pay,failed,746.74,2025-10-10 21:33:00
4579,4579,Bank Transfer,failed,204.74,2024-12-17 19:44:00
4580,4580,PayPal,success,356.84,2024-06-14 13:16:00
4581,4581,Credit Card,success,519.39,2024-04-28 04:28:00
4582,4582,Credit Card,success,199.05,2024-11-08 20:56:00
4583,4583,Credit Card,success,547.57,2023-07-24 01:42:00
4584,4584,Credit Card,success,415.65,2025-01-20 04:21:00
4585,4585,Bank Transfer,success,415.65,2025-03-06 22:34:00
4586,4586,PayPal,failed,433.89,2024-01-28 16:01:00
4587,4587,PayPal,success,312.9,2024-01-27 20:10:00
4588,4588,Credit Card,success,238.62,2024-04-18 07:27:00
4589,4589,Credit Card,success,77.31,2024-02-01 02:45:00
4590,4590,Credit Card,success,836.7,2024-06-25 06:49:00
4591,4591,Credit Card,success,481.79,2023-07-07 06:42:00
4592,4592,Apple Pay,success,863.77,2024-11-22 17:21:00
4593,4593,Credit Card,success,446.13,2023-09-23 10:36:00
4594,4594,Credit Card,success,1245.07,2023-09-15 12:21:00
4595,4595,Credit Card,failed,337.33,2024-04-19 15:30:00
4596,4596,PayPal,success,690.2,2024-01-22 21:55:00
4597,4597,Bank Transfer,success,409.05,2024-06-20 03:22:00
4598,4598,Credit Card,failed,333.29,2025-10-04 02:20:00
4599,4599,Credit Card,success,148.97,2025-03-01 11:59:00
4600,4600,Apple Pay,success,334.93,2024-10-02 01:36:00
4601,4601,Apple Pay,success,428.34,2025-02-25 11:34:00
4602,4602,Credit Card,success,1013.06,2024-10-12 07:15:00
4603,4603,Credit Card,success,415.65,2025-04-24 08:18:00
4604,4604,Bank Transfer,success,266.71,2023-11-07 23:28:00
4605,4605,PayPal,failed,655.37,2024-02-23 08:14:00
4606,4606,Credit Card,failed,428.38,2025-06-23 10:52:00
4607,4607,Credit Card,success,487.72,2024-07-15 22:11:00
4608,4608,Credit Card,failed,257.0,2024-08-22 00:29:00
4609,4609,PayPal,success,235.32,2024-11-23 14:22:00
4610,4610,Bank Transfer,success,188.28,2024-12-04 16:21:00
4611,4611,Credit Card,success,161.46,2024-05-17 14:32:00
4612,4612,Apple Pay,success,697.79,2024-12-31 04:54:00
4613,4613,Credit Card,success,416.95,2024-05-20 09:02:00
4614,4614,Credit Card,success,1118.36,2024-02-29 09:45:00
4615,4615,PayPal,success,401.65,2025-02-28 21:16:00
4616,4616,PayPal,success,1063.58,2023-11-23 22:12:00
4617,4617,Credit Card,failed,220.08,2024-02-28 22:44:00
4618,4618,Credit Card,success,1115.94,2023-06-26 00:34:00
4619,4619,PayPal,success,131.65,2024-04-05 02:20:00
4620,4620,Credit Card,success,819.72,2024-08-15 19:57:00
4621,4621,Credit Card,success,72.4,2024-05-14 18:14:00
4622,4622,Credit Card,success,230.72,2024-01-27 14:13:00
4623,4623,Apple Pay,success,265.95,2025-02-26 12:38:00
4624,4624,PayPal,success,680.12,2024-05-02 10:28:00
4625,4625,Apple Pay,success,35.9,2023-04-19 20:20:00
4626,4626,PayPal,success,756.76,2024-12-04 01:58:00
4627,4627,Apple Pay,success,842.69,2023-06-18 08:15:00
4628,4628,Credit Card,success,722.6,2023-07-05 07:28:00
4629,4629,Credit Card,success,1130.42,2024-10-09 09:59:00
4630,4630,PayPal,success,283.28,2024-07-10 14:28:00
4631,4631,Credit Card,success,290.65,2024-08-07 02:18:00
4632,4632,Credit Card,success,310.44,2024-04-02 16:34:00
4633,4633,Credit Card,success,951.75,2024-04-21 22:44:00
4634,4634,PayPal,success,81.31,2025-03-16 00:16:00
4635,4635,PayPal,success,893.94,2025-03-20 06:17:00
4636,4636,Credit Card,failed,1137.72,2025-02-12 15:05:00
4637,4637,PayPal,success,1539.29,2024-10-31 06:28:00
4638,4638,Credit Card,success,333.62,2023-05-14 22:31:00
4639,4639,PayPal,success,460.75,2024-10-14 21:33:00
4640,4640,PayPal,failed,361.54,2024-10-17 09:46:00
4641,4641,PayPal,success,430.21,2025-06-10 13:59:00
4642,4642,Credit Card,success,265.95,2023-11-19 06:51:00
4643,4643,Credit Card,success,1177.99,2024-10-21 09:30:00
4644,4644,Apple Pay,failed,233.96,2024-01-14 14:41:00
4645,4645,Credit Card,failed,525.91,2024-11-07 00:51:00
4646,4646,Credit Card,success,444.51,2025-07-05 23:39:00
4647,4647,Credit Card,success,142.64,2023-09-23 17:23:00
4648,4648,Credit Card,success,478.78,2024-10-19 00:58:00
4649,4649,Credit Card,success,394.02,2024-02-18 04:01:00
4650,4650,Credit Card,success,409.14,2024-02-19 21:23:00
4651,4651,Credit Card,success,740.46,2024-11-05 16:14:00
4652,4652,Credit Card,failed,972.1,2024-03-30 23:18:00
4653,4653,Credit Card,success,309.71,2024-09-06 10:40:00
4654,4654,Apple Pay,success,433.32,2024-02-03 13:12:00
4655,4655,Credit Card,success,199.05,2023-09-02 11:01:00
4656,4656,Credit Card,success,32.01,2023-07-27 19:04:00
4657,4657,Credit Card,success,800.13,2025-03-28 08:09:00
4658,4658,Credit Card,failed,1106.59,2025-07-08 21:40:00
4659,4659,PayPal,success,588.99,2024-02-23 08:55:00
4660,4660,Credit Card,success,919.19,2024-06-01 17:11:00
4661,4661,Credit Card,success,253.0,2024-05-07 01:48:00
4662,4662,PayPal,success,238.87,2025-02-16 16:51:00
4663,4663,Credit Card,success,394.04,2025-04-13 17:00:00
4664,4664,Credit Card,success,299.72,2023-05-29 00:28:00
4665,4665,Credit Card,success,819.32,2025-02-17 06:49:00
4666,4666,PayPal,success,71.32,2025-02-19 07:45:00
4667,4667,PayPal,success,605.05,2025-02-17 18:01:00
4668,4668,Credit Card,success,370.96,2024-12-25 11:59:00
4669,4669,Apple Pay,success,88.77,2024-02-26 06:23:00
4670,4670,Credit Card,failed,760.84,2024-05-12 08:51:00
4671,4671,PayPal,success,707.45,2023-09-07 06:59:00
4672,4672,PayPal,success,764.17,2023-06-07 08:35:00
4673,4673,PayPal,failed,290.09,2024-03-08 04:36:00
4674,4674,Credit Card,success,309.71,2024-06-17 11:24:00
4675,4675,PayPal,success,342.43,2024-06-05 19:25:00
4676,4676,Crypto,success,396.45,2024-06-24 06:46:00
4677,4677,PayPal,success,958.29,2024-04-20 10:40:00
4678,4678,Apple Pay,success,361.74,2024-01-09 02:24:00
4679,4679,Credit Card,success,405.05,2023-08-18 11:32:00
4680,4680,Credit Card,success,1543.28,2024-02-10 09:31:00
4681,4681,Apple Pay,success,744.58,2024-07-21 18:48:00
4682,4682,Credit Card,failed,846.97,2024-09-12 05:06:00
4683,4683,Credit Card,success,969.7,2024-08-28 00:48:00
4684,4684,Apple Pay,success,53.41,2024-05-21 06:05:00
4685,4685,Crypto,success,248.61,2024-07-07 00:41:00
4686,4686,Credit Card,success,305.08,2024-04-26 10:56:00
4687,4687,Apple Pay,failed,662.87,2025-11-07 08:30:00
4688,4688,Credit Card,success,186.13,2025-04-20 23:29:00
4689,4689,Credit Card,success,212.83,2024-07-04 06:54:00
4690,4690,Bank Transfer,success,463.33,2023-10-03 10:16:00
4691,4691,Credit Card,success,348.85,2024-06-18 00:39:00
4692,4692,Credit Card,success,826.3,2024-11-08 22:12:00
4693,4693,Bank Transfer,success,215.95,2025-10-20 19:10:00
4694,4694,Credit Card,success,273.7,2024-09-23 11:39:00
4695,4695,PayPal,success,866.41,2024-12-29 02:22:00
4696,4696,Credit Card,success,703.06,2025-11-01 10:40:00
4697,4697,Credit Card,success,719.62,2024-10-01 18:09:00
4698,4698,Credit Card,success,242.33,2023-06-13 21:35:00
4699,4699,Apple Pay,failed,416.9,2023-06-27 20:25:00
4700,4700,Apple Pay,success,871.99,2024-04-22 22:34:00
4701,4701,Credit Card,success,372.74,2025-01-25 08:28:00
4702,4702,Credit Card,success,332.43,2024-10-15 00:37:00
4703,4703,Credit Card,success,994.92,2023-12-23 17:56:00
4704,4704,Credit Card,success,360.4,2024-10-25 12:01:00
4705,4705,Credit Card,success,1009.51,2024-12-26 13:20:00
4706,4706,Credit Card,success,439.98,2025-04-19 00:06:00
4707,4707,Credit Card,success,332.43,2025-01-23 16:47:00
4708,4708,PayPal,failed,225.08,2023-09-27 23:23:00
4709,4709,Credit Card,success,388.21,2024-11-12 07:23:00
4710,4710,PayPal,failed,597.65,2024-02-15 18:53:00
4711,4711,PayPal,success,541.73,2023-11-17 14:02:00
4712,4712,Apple Pay,success,729.53,2023-07-30 10:13:00
4713,4713,Credit Card,failed,1343.24,2024-05-13 06:25:00
4714,4714,PayPal,success,162.8,2025-03-01 23:16:00
4715,4715,Credit Card,success,235.2,2025-03-18 16:15:00
4716,4716,Credit Card,success,982.56,2024-11-16 16:20:00
4717,4717,Bank Transfer,success,178.2,2024-05-23 04:28:00
4718,4718,Crypto,success,485.99,2023-05-25 03:34:00
4719,4719,Credit Card,failed,396.1,2025-05-07 11:36:00
4720,4720,PayPal,success,762.13,2025-11-11 06:00:00
4721,4721,Credit Card,success,86.43,2024-04-25 06:59:00
4722,4722,Credit Card,success,137.26,2024-06-11 13:55:00
4723,4723,PayPal,failed,602.29,2025-01-07 21:14:00
4724,4724,PayPal,success,329.82,2025-02-06 06:01:00
4725,4725,PayPal,success,95.37,2024-02-12 19:58:00
4726,4726,PayPal,success,827.41,2023-10-11 20:07:00
4727,4727,PayPal,success,655.99,2024-02-27 20:04:00
4728,4728,Crypto,success,299.72,2025-04-10 12:23:00
4729,4729,Credit Card,success,380.8,2024-02-22 01:58:00
4730,4730,Bank Transfer,success,284.81,2024-11-07 00:09:00
4731,4731,Credit Card,failed,168.93,2025-09-01 11:24:00
4732,4732,Apple Pay,success,822.63,2023-10-23 02:47:00
4733,4733,Crypto,success,198.27,2024-07-07 03:54:00
4734,4734,Apple Pay,success,305.71,2023-10-19 12:20:00
4735,4735,Credit Card,success,42.08,2023-10-03 18:53:00
4736,4736,Credit Card,success,454.93,2024-06-25 18:00:00
4737,4737,PayPal,failed,246.58,2024-03-19 18:15:00
4738,4738,Credit Card,success,79.38,2023-12-14 02:40:00
4739,4739,PayPal,success,1189.2,2023-07-12 20:14:00
4740,4740,Credit Card,success,991.1,2024-09-11 12:47:00
4741,4741,Credit Card,success,360.23,2024-08-03 14:04:00
4742,4742,PayPal,success,384.1,2025-08-03 20:15:00
4743,4743,PayPal,success,116.42,2025-06-01 12:59:00
4744,4744,Credit Card,success,125.45,2025-05-06 09:44:00
4745,4745,Credit Card,success,515.51,2024-12-30 04:25:00
4746,4746,PayPal,success,416.9,2023-05-20 04:55:00
4747,4747,Credit Card,success,454.93,2024-08-28 03:34:00
4748,4748,PayPal,success,684.71,2023-12-21 17:04:00
4749,4749,Credit Card,success,237.77,2023-09-18 22:36:00
4750,4750,Credit Card,success,267.14,2024-02-16 09:28:00
4751,4751,Credit Card,success,298.1,2024-07-03 17:24:00
4752,4752,Credit Card,success,220.82,2024-11-20 12:51:00
4753,4753,PayPal,success,1447.95,2024-10-10 16:50:00
4754,4754,Crypto,success,995.6,2024-05-23 01:44:00
4755,4755,Credit Card,success,319.1,2024-04-21 16:18:00
4756,4756,PayPal,success,473.28,2024-10-17 00:20:00
4757,4757,PayPal,success,375.67,2024-01-14 10:58:00
4758,4758,Credit Card,failed,525.91,2023-03-17 15:19:00
4759,4759,Apple Pay,success,226.69,2025-11-07 20:15:00
4760,4760,Credit Card,success,132.47,2025-05-01 03:27:00
4761,4761,Credit Card,success,380.95,2024-09-02 15:19:00
4762,4762,Credit Card,success,798.67,2025-02-11 12:44:00
4763,4763,Crypto,success,904.8,2024-02-11 15:53:00
4764,4764,Apple Pay,success,370.14,2024-02-27 19:40:00
4765,4765,PayPal,success,50.32,2024-08-07 00:35:00
4766,4766,Bank Transfer,success,332.1,2024-09-20 20:42:00
4767,4767,PayPal,success,569.12,2024-12-29 03:20:00
4768,4768,Apple Pay,success,539.5,2024-10-21 00:26:00
4769,4769,Credit Card,success,438.52,2023-10-25 01:40:00
4770,4770,Credit Card,success,46.76,2025-01-17 09:30:00
4771,4771,Credit Card,success,330.87,2025-03-23 13:37:00
4772,4772,PayPal,success,215.45,2025-01-23 07:02:00
4773,4773,Credit Card,success,370.96,2023-10-08 14:36:00
4774,4774,Credit Card,success,140.89,2025-02-17 04:09:00
4775,4775,Apple Pay,success,103.25,2024-08-13 14:21:00
4776,4776,Credit Card,success,720.3,2023-10-04 19:56:00
4777,4777,Bank Transfer,success,62.83,2024-03-21 15:29:00
4778,4778,Apple Pay,success,91.37,2025-06-07 02:59:00
4779,4779,Crypto,success,252.95,2023-12-26 11:22:00
4780,4780,Credit Card,success,1823.86,2025-04-06 14:08:00
4781,4781,Credit Card,success,51.82,2024-04-06 21:40:00
4782,4782,Bank Transfer,success,405.97,2024-05-02 17:42:00
4783,4783,Apple Pay,failed,227.05,2024-06-20 04:08:00
4784,4784,Credit Card,success,219.94,2024-01-16 13:07:00
4785,4785,Credit Card,failed,166.8,2023-08-16 06:15:00
4786,4786,Apple Pay,success,944.79,2025-06-14 08:59:00
4787,4787,Credit Card,failed,354.41,2023-05-19 21:59:00
4788,4788,Credit Card,success,309.79,2024-01-27 13:15:00
4789,4789,Credit Card,success,882.38,2023-12-31 22:15:00
4790,4790,Credit Card,success,305.03,2024-08-18 18:20:00
4791,4791,PayPal,success,360.15,2024-12-26 21:45:00
4792,4792,Credit Card,failed,56.34,2023-12-19 16:26:00
4793,4793,Credit Card,success,749.62,2024-10-15 05:24:00
4794,4794,Credit Card,success,1329.56,2023-05-28 13:02:00
4795,4795,Credit Card,success,396.45,2025-02-11 00:46:00
4796,4796,Credit Card,success,430.21,2025-03-17 22:29:00
4797,4797,Credit Card,success,715.96,2024-04-12 14:50:00
4798,4798,Apple Pay,success,411.01,2023-07-16 04:48:00
4799,4799,Credit Card,success,801.25,2025-03-10 13:50:00
4800,4800,Credit Card,success,910.69,2024-07-23 18:21:00
4801,4801,PayPal,success,423.01,2025-05-09 08:55:00
4802,4802,Credit Card,success,99.1,2024-08-31 16:26:00
4803,4803,PayPal,success,566.78,2024-08-20 09:22:00
4804,4804,Credit Card,success,438.52,2025-03-06 03:19:00
4805,4805,Credit Card,success,465.17,2023-05-04 20:30:00
4806,4806,Credit Card,failed,625.38,2024-07-23 15:08:00
4807,4807,Credit Card,success,148.03,2024-05-09 16:30:00
4808,4808,Credit Card,success,247.14,2024-04-08 14:24:00
4809,4809,Crypto,success,336.49,2023-04-08 10:04:00
4810,4810,Apple Pay,success,194.27,2023-12-12 14:45:00
4811,4811,PayPal,success,617.08,2024-06-03 14:13:00
4812,4812,PayPal,success,1234.17,2023-12-13 21:28:00
4813,4813,Credit Card,success,698.14,2024-06-09 02:05:00
4814,4814,PayPal,failed,1160.39,2023-04-23 17:51:00
4815,4815,Bank Transfer,success,436.2,2024-12-14 23:02:00
4816,4816,Credit Card,success,100.82,2023-07-14 08:19:00
4817,4817,Credit Card,success,311.25,2024-01-07 18:03:00
4818,4818,PayPal,success,246.42,2025-03-28 13:26:00
4819,4819,Crypto,success,281.95,2024-08-02 09:19:00
4820,4820,PayPal,success,865.78,2025-07-08 14:09:00
4821,4821,Credit Card,success,1244.61,2023-10-27 13:48:00
4822,4822,Credit Card,success,1060.52,2025-04-29 14:03:00
4823,4823,Credit Card,success,794.65,2025-01-28 13:48:00
4824,4824,Credit Card,success,411.7,2024-01-09 00:15:00
4825,4825,Bank Transfer,success,325.11,2025-05-29 10:03:00
4826,4826,Credit Card,success,72.4,2024-06-07 08:48:00
4827,4827,Credit Card,success,207.65,2024-06-02 09:35:00
4828,4828,Credit Card,success,145.61,2023-11-22 10:30:00
4829,4829,Credit Card,success,95.73,2025-03-02 10:34:00
4830,4830,PayPal,success,914.45,2025-11-24 10:57:00
4831,4831,Credit Card,success,688.36,2024-03-16 22:30:00
4832,4832,Apple Pay,success,483.0,2024-02-09 08:14:00
4833,4833,Apple Pay,success,1146.15,2023-12-19 03:52:00
4834,4834,Credit Card,success,410.63,2023-05-07 03:39:00
4835,4835,Credit Card,success,302.76,2025-05-02 20:10:00
4836,4836,Crypto,failed,180.14,2023-10-18 07:31:00
4837,4837,Crypto,success,580.18,2024-04-03 20:33:00
4838,4838,Credit Card,success,570.54,2024-03-10 14:25:00
4839,4839,Credit Card,success,945.51,2024-01-21 18:29:00
4840,4840,Credit Card,failed,647.81,2023-11-21 15:28:00
4841,4841,Credit Card,success,976.8,2024-08-04 02:22:00
4842,4842,PayPal,success,577.34,2024-01-18 01:18:00
4843,4843,Credit Card,success,348.41,2023-08-27 00:45:00
4844,4844,PayPal,success,809.42,2024-06-10 17:30:00
4845,4845,PayPal,success,213.95,2025-08-31 20:32:00
4846,4846,Bank Transfer,failed,140.89,2024-02-04 06:24:00
4847,4847,Credit Card,success,324.88,2024-02-03 14:24:00
4848,4848,PayPal,success,42.11,2025-05-24 00:14:00
4849,4849,PayPal,success,84.77,2025-01-04 19:52:00
4850,4850,Credit Card,success,407.71,2023-11-30 21:37:00
4851,4851,Crypto,success,110.81,2024-06-10 05:37:00
4852,4852,Credit Card,success,299.72,2024-02-27 03:41:00
4853,4853,Apple Pay,failed,238.62,2024-12-11 01:51:00
4854,4854,Credit Card,success,444.51,2023-07-12 12:39:00
4855,4855,PayPal,success,217.64,2024-01-07 05:20:00
4856,4856,Credit Card,success,639.33,2024-12-21 03:08:00
4857,4857,Apple Pay,success,252.41,2024-04-03 11:30:00
4858,4858,PayPal,success,1165.81,2024-09-01 00:16:00
4859,4859,Credit Card,success,1423.85,2025-01-25 13:54:00
4860,4860,PayPal,success,238.62,2024-05-05 12:45:00
4861,4861,Bank Transfer,success,868.67,2024-09-12 14:54:00
4862,4862,PayPal,success,199.05,2023-08-25 10:09:00
4863,4863,PayPal,success,717.19,2024-03-02 15:11:00
4864,4864,Credit Card,success,546.58,2023-05-27 09:12:00
4865,4865,Credit Card,success,66.33,2025-08-13 15:06:00
4866,4866,Bank Transfer,success,334.68,2024-11-11 03:48:00
4867,4867,Crypto,failed,1283.05,2024-12-15 04:07:00
4868,4868,Credit Card,success,1072.01,2024-08-24 02:37:00
4869,4869,PayPal,failed,302.46,2024-06-24 08:17:00
4870,4870,Bank Transfer,success,382.51,2025-09-05 10:42:00
4871,4871,Apple Pay,success,104.0,2024-02-12 03:41:00
4872,4872,PayPal,success,284.33,2025-01-04 01:08:00
4873,4873,PayPal,success,652.88,2024-06-07 16:06:00
4874,4874,Credit Card,success,475.31,2025-03-25 04:29:00
4875,4875,Credit Card,failed,381.46,2025-01-19 12:16:00
4876,4876,Apple Pay,success,284.87,2023-11-08 01:40:00
4877,4877,PayPal,failed,740.9,2025-01-24 20:16:00
4878,4878,Credit Card,failed,666.27,2023-12-17 18:42:00
4879,4879,PayPal,success,451.63,2024-06-16 05:32:00
4880,4880,Credit Card,success,160.04,2024-11-04 18:57:00
4881,4881,PayPal,success,648.51,2023-06-23 02:00:00
4882,4882,PayPal,success,66.96,2025-08-27 11:33:00
4883,4883,Bank Transfer,success,112.09,2025-06-19 06:41:00
4884,4884,Credit Card,success,111.01,2024-08-25 05:49:00
4885,4885,Credit Card,success,261.31,2024-11-24 09:12:00
4886,4886,Credit Card,success,363.96,2024-07-02 19:15:00
4887,4887,Credit Card,success,854.26,2025-05-30 14:27:00
4888,4888,Credit Card,success,73.74,2024-11-05 04:01:00
4889,4889,Credit Card,failed,276.78,2024-05-24 18:15:00
4890,4890,Credit Card,success,231.69,2025-01-13 23:18:00
4891,4891,Credit Card,success,824.54,2024-09-12 03:41:00
4892,4892,Apple Pay,success,186.16,2023-11-25 13:20:00
4893,4893,Apple Pay,success,341.5,2024-11-30 18:52:00
4894,4894,PayPal,success,428.97,2023-12-03 14:37:00
4895,4895,Apple Pay,success,674.06,2024-09-15 14:06:00
4896,4896,PayPal,failed,1447.06,2024-10-13 19:46:00
4897,4897,PayPal,success,226.93,2023-11-11 20:35:00
4898,4898,PayPal,success,253.0,2024-09-13 00:42:00
4899,4899,Crypto,success,384.8,2025-04-12 21:27:00
4900,4900,Apple Pay,success,1000.75,2025-06-12 15:52:00
4901,4901,Credit Card,success,709.35,2024-09-12 11:35:00
4902,4902,Credit Card,success,1498.43,2024-02-22 13:23:00
4903,4903,Credit Card,failed,253.0,2024-06-23 12:08:00
4904,4904,Apple Pay,success,858.6,2024-11-03 09:09:00
4905,4905,PayPal,success,941.72,2023-08-14 22:13:00
4906,4906,PayPal,success,502.92,2024-12-01 19:46:00
4907,4907,Apple Pay,success,544.05,2023-10-26 10:18:00
4908,4908,PayPal,success,411.7,2023-03-20 23:50:00
4909,4909,PayPal,success,528.93,2023-12-26 06:26:00
4910,4910,Credit Card,success,147.86,2023-10-21 05:42:00
4911,4911,PayPal,failed,252.41,2025-06-04 03:35:00
4912,4912,Credit Card,success,690.86,2025-07-25 23:12:00
4913,4913,Credit Card,success,1238.72,2025-11-12 07:11:00
4914,4914,Credit Card,success,556.65,2024-04-23 15:06:00
4915,4915,Credit Card,success,175.24,2023-03-01 23:59:00
4916,4916,PayPal,success,427.09,2024-03-18 16:24:00
4917,4917,PayPal,success,476.33,2024-03-04 12:58:00
4918,4918,Credit Card,failed,567.59,2024-07-21 13:25:00
4919,4919,Credit Card,failed,604.24,2025-04-09 08:00:00
4920,4920,Credit Card,success,262.54,2024-09-22 21:52:00
4921,4921,PayPal,success,638.5,2024-06-15 21:33:00
4922,4922,Credit Card,success,638.16,2024-05-20 22:56:00
4923,4923,PayPal,success,482.07,2024-09-21 06:45:00
4924,4924,Credit Card,success,232.44,2024-03-13 06:23:00
4925,4925,Credit Card,success,768.28,2023-07-17 04:34:00
4926,4926,Credit Card,success,866.25,2024-09-13 23:05:00
4927,4927,PayPal,success,389.18,2025-01-14 05:49:00
4928,4928,Credit Card,failed,747.34,2023-10-08 23:22:00
4929,4929,Credit Card,failed,265.95,2024-01-05 07:07:00
4930,4930,Credit Card,success,451.18,2024-01-04 06:35:00
4931,4931,PayPal,success,432.01,2024-11-04 22:20:00
4932,4932,Credit Card,failed,208.82,2023-12-23 17:32:00
4933,4933,Credit Card,success,362.83,2025-02-25 23:28:00
4934,4934,Credit Card,success,327.63,2025-11-19 12:50:00
4935,4935,PayPal,success,625.51,2025-11-19 16:48:00
4936,4936,Credit Card,success,189.85,2025-01-04 07:17:00
4937,4937,PayPal,success,142.64,2023-09-11 17:40:00
4938,4938,Credit Card,success,240.2,2024-08-22 10:15:00
4939,4939,Credit Card,success,678.99,2023-06-30 14:59:00
4940,4940,Apple Pay,success,643.22,2024-03-31 22:27:00
4941,4941,Apple Pay,success,352.41,2024-10-24 19:02:00
4942,4942,Apple Pay,success,1642.56,2025-02-20 18:53:00
4943,4943,Credit Card,success,303.12,2024-06-11 05:59:00
4944,4944,PayPal,success,104.0,2025-09-01 23:26:00
4945,4945,Credit Card,success,826.05,2024-08-16 13:18:00
4946,4946,Credit Card,failed,220.97,2024-02-11 18:17:00
4947,4947,Apple Pay,success,184.19,2025-05-31 08:41:00
4948,4948,Credit Card,success,45.45,2023-04-16 17:25:00
4949,4949,Apple Pay,success,1033.83,2024-12-19 03:40:00
4950,4950,Credit Card,success,67.75,2025-01-29 15:53:00
4951,4951,Apple Pay,success,133.82,2024-01-10 01:26:00
4952,4952,Bank Transfer,failed,456.42,2023-06-13 16:02:00
4953,4953,Credit Card,failed,316.88,2025-05-25 10:47:00
4954,4954,PayPal,success,994.6,2025-01-11 03:46:00
4955,4955,Credit Card,failed,332.43,2025-06-18 13:04:00
4956,4956,Apple Pay,success,205.04,2023-08-27 08:57:00
4957,4957,Apple Pay,success,78.78,2024-10-22 15:19:00
4958,4958,Credit Card,success,456.41,2023-05-26 01:12:00
4959,4959,Credit Card,success,519.92,2024-11-05 15:39:00
4960,4960,Credit Card,success,460.83,2024-02-18 15:13:00
4961,4961,Credit Card,success,177.12,2024-11-10 16:33:00
4962,4962,PayPal,failed,252.41,2024-06-20 03:17:00
4963,4963,PayPal,success,365.12,2023-08-26 18:45:00
4964,4964,Credit Card,success,214.76,2023-08-29 09:54:00
4965,4965,Credit Card,success,474.64,2023-07-03 12:27:00
4966,4966,Credit Card,success,62.83,2023-06-18 11:56:00
4967,4967,Credit Card,failed,649.77,2024-06-09 05:37:00
4968,4968,Apple Pay,success,1195.81,2023-01-01 14:53:00
4969,4969,PayPal,success,205.92,2023-05-04 00:42:00
4970,4970,PayPal,success,93.11,2024-08-21 08:31:00
4971,4971,PayPal,success,978.63,2023-10-17 06:23:00
4972,4972,Crypto,success,129.73,2023-05-12 12:33:00
4973,4973,PayPal,success,210.44,2023-12-09 14:02:00
4974,4974,Credit Card,success,359.38,2025-01-19 18:45:00
4975,4975,Crypto,success,1270.4,2025-05-28 02:17:00
4976,4976,PayPal,success,115.87,2024-07-16 07:50:00
4977,4977,Credit Card,success,139.44,2024-10-15 01:16:00
4978,4978,Credit Card,success,372.88,2024-11-22 19:24:00
4979,4979,Credit Card,success,98.5,2024-01-25 22:25:00
4980,4980,Crypto,success,513.77,2024-12-25 23:23:00
4981,4981,Credit Card,success,1255.05,2025-01-16 18:26:00
4982,4982,Credit Card,failed,695.17,2023-07-19 01:43:00
4983,4983,Credit Card,success,685.05,2025-04-12 16:34:00
4984,4984,Credit Card,success,1029.02,2023-11-12 18:36:00
4985,4985,Apple Pay,failed,162.22,2025-05-11 12:05:00
4986,4986,Credit Card,success,293.8,2023-08-13 14:42:00
4987,4987,Credit Card,success,550.54,2024-01-17 09:30:00
4988,4988,Credit Card,success,349.27,2024-08-28 01:27:00
4989,4989,Apple Pay,success,219.94,2023-06-14 06:08:00
4990,4990,PayPal,success,411.01,2025-09-12 21:56:00
4991,4991,Crypto,success,495.3,2024-05-27 18:45:00
4992,4992,Crypto,success,1089.55,2023-06-03 00:40:00
4993,4993,Credit Card,success,84.77,2024-09-02 18:48:00
4994,4994,PayPal,success,609.76,2025-06-03 17:33:00
4995,4995,Apple Pay,failed,166.87,2025-02-17 13:38:00
4996,4996,Credit Card,failed,387.61,2024-09-10 20:26:00
4997,4997,Credit Card,success,114.67,2025-02-12 13:03:00
4998,4998,Apple Pay,failed,200.98,2025-05-07 15:56:00
4999,4999,Credit Card,success,750.51,2023-12-09 14:20:00
5000,5000,Apple Pay,failed,1255.05,2024-01-31 04:11:00
5001,5001,PayPal,success,222.53,2023-10-29 05:51:00
5002,5002,Credit Card,success,462.62,2024-09-03 03:58:00
5003,5003,Credit Card,success,206.84,2023-12-12 13:56:00
5004,5004,Apple Pay,success,677.28,2024-04-09 15:48:00
5005,5005,Credit Card,failed,714.71,2025-08-19 00:29:00
5006,5006,Apple Pay,success,785.79,2025-04-28 15:09:00
5007,5007,Credit Card,success,321.8,2023-04-06 15:05:00
5008,5008,PayPal,success,224.19,2023-04-14 15:06:00
5009,5009,Credit Card,success,37.41,2023-10-18 08:35:00
5010,5010,Credit Card,success,216.69,2023-04-19 16:32:00
5011,5011,PayPal,failed,326.11,2025-01-10 10:34:00
5012,5012,Bank Transfer,failed,344.92,2024-09-17 01:41:00
5013,5013,Credit Card,success,208.38,2025-10-28 03:31:00
5014,5014,PayPal,success,1451.35,2024-04-06 19:43:00
5015,5015,Credit Card,success,575.6,2024-08-27 05:03:00
5016,5016,Credit Card,success,239.77,2024-10-23 08:21:00
5017,5017,PayPal,success,659.65,2025-11-15 13:43:00
5018,5018,PayPal,success,329.76,2025-07-25 20:53:00
5019,5019,Credit Card,failed,553.91,2024-06-11 11:45:00
5020,5020,Apple Pay,success,167.01,2025-02-18 00:10:00
5021,5021,Credit Card,success,106.52,2025-10-29 00:25:00
5022,5022,Credit Card,success,338.49,2024-05-05 04:19:00
5023,5023,PayPal,success,624.49,2024-01-20 09:15:00
5024,5024,Credit Card,failed,1389.59,2023-09-06 21:56:00
5025,5025,Crypto,success,82.83,2023-08-10 20:59:00
5026,5026,Crypto,success,815.39,2025-07-02 08:30:00
5027,5027,Credit Card,success,704.71,2024-03-11 06:59:00
5028,5028,Credit Card,success,165.25,2024-07-11 02:30:00
5029,5029,PayPal,success,179.15,2024-07-01 07:17:00
5030,5030,Credit Card,success,819.32,2024-12-14 23:25:00
5031,5031,Credit Card,success,737.35,2024-11-21 22:09:00
5032,5032,Credit Card,success,80.44,2024-05-29 08:43:00
5033,5033,Credit Card,success,766.7,2025-01-22 16:25:00
5034,5034,Crypto,success,369.99,2024-03-16 14:30:00
5035,5035,PayPal,success,233.82,2024-07-23 21:19:00
5036,5036,PayPal,success,1017.34,2023-08-11 07:36:00
5037,5037,Apple Pay,success,422.94,2023-08-19 14:20:00
5038,5038,Bank Transfer,success,411.01,2023-11-21 13:35:00
5039,5039,Apple Pay,success,163.26,2023-11-20 17:15:00
5040,5040,PayPal,success,856.01,2024-04-03 01:32:00
5041,5041,Credit Card,success,1533.78,2023-08-12 01:09:00
5042,5042,Credit Card,success,203.04,2024-11-09 01:30:00
5043,5043,Credit Card,success,395.98,2025-10-29 11:32:00
5044,5044,Crypto,success,470.43,2023-12-19 10:07:00
5045,5045,PayPal,success,161.56,2025-05-31 20:30:00
5046,5046,Bank Transfer,success,542.46,2024-05-10 16:57:00
5047,5047,Credit Card,success,238.09,2024-05-12 01:29:00
5048,5048,Credit Card,success,341.17,2024-11-19 00:03:00
5049,5049,Apple Pay,success,391.98,2024-09-11 11:24:00
5050,5050,PayPal,success,305.08,2024-10-26 04:35:00
5051,5051,Bank Transfer,success,784.34,2025-01-20 08:35:00
5052,5052,PayPal,success,584.91,2024-01-08 08:59:00
5053,5053,Bank Transfer,success,85.37,2024-11-22 20:40:00
5054,5054,PayPal,success,424.65,2025-06-11 18:04:00
5055,5055,Credit Card,success,974.82,2025-03-15 04:58:00
5056,5056,Credit Card,success,411.01,2023-08-19 22:21:00
5057,5057,PayPal,success,1298.08,2024-04-28 04:11:00
5058,5058,Credit Card,failed,424.31,2024-03-28 03:56:00
5059,5059,Credit Card,success,409.66,2024-03-13 16:02:00
5060,5060,Credit Card,success,366.14,2023-11-28 06:20:00
5061,5061,Credit Card,success,70.43,2024-05-20 14:16:00
5062,5062,PayPal,success,133.29,2024-10-27 21:42:00
5063,5063,PayPal,success,1155.98,2025-01-15 17:43:00
5064,5064,Credit Card,success,344.91,2024-11-17 19:48:00
5065,5065,Apple Pay,success,133.04,2024-04-01 10:28:00
5066,5066,Bank Transfer,success,374.81,2024-02-07 22:49:00
5067,5067,Credit Card,success,81.9,2025-01-11 18:14:00
5068,5068,Credit Card,success,95.78,2024-08-09 11:25:00
5069,5069,Credit Card,failed,125.72,2024-07-27 09:05:00
5070,5070,Credit Card,success,833.9,2025-01-27 04:44:00
5071,5071,Credit Card,success,1176.18,2025-05-05 02:01:00
5072,5072,PayPal,success,150.1,2024-09-03 22:37:00
5073,5073,Apple Pay,failed,919.15,2024-10-29 03:57:00
5074,5074,PayPal,success,204.07,2024-10-21 10:34:00
5075,5075,Credit Card,success,335.59,2023-04-15 03:25:00
5076,5076,Credit Card,success,71.32,2025-01-25 23:12:00
5077,5077,Crypto,success,532.64,2024-10-05 01:55:00
5078,5078,Credit Card,success,207.63,2025-05-02 01:42:00
5079,5079,Bank Transfer,success,359.15,2025-02-25 20:31:00
5080,5080,Credit Card,success,380.67,2023-12-10 08:02:00
5081,5081,Bank Transfer,success,930.39,2025-03-14 11:56:00
5082,5082,Credit Card,success,374.81,2025-03-16 15:48:00
5083,5083,Credit Card,failed,683.54,2025-02-14 00:29:00
5084,5084,Crypto,success,232.92,2023-06-12 17:03:00
5085,5085,Credit Card,failed,693.45,2025-08-27 00:44:00
5086,5086,Credit Card,success,206.84,2024-08-21 19:54:00
5087,5087,Credit Card,success,127.32,2025-03-26 14:43:00
5088,5088,PayPal,success,303.31,2025-02-03 19:35:00
5089,5089,PayPal,failed,390.46,2024-09-07 23:55:00
5090,5090,Credit Card,success,23.32,2023-12-14 09:10:00
5091,5091,Credit Card,success,64.19,2024-06-02 15:02:00
5092,5092,PayPal,success,409.58,2024-05-04 12:29:00
5093,5093,PayPal,success,1436.86,2024-06-01 11:57:00
5094,5094,PayPal,success,908.78,2023-05-21 21:03:00
5095,5095,Credit Card,success,194.27,2024-01-25 23:42:00
5096,5096,Credit Card,success,370.96,2024-04-26 14:09:00
5097,5097,PayPal,failed,399.06,2024-12-28 20:39:00
5098,5098,Credit Card,success,864.72,2025-01-07 20:53:00
5099,5099,Credit Card,success,150.78,2023-09-17 06:48:00
5100,5100,Credit Card,success,72.4,2023-12-19 04:13:00
5101,5101,Credit Card,success,394.27,2025-01-29 11:03:00
5102,5102,Credit Card,failed,445.97,2023-04-03 12:13:00
5103,5103,Credit Card,success,834.1,2024-02-07 02:47:00
5104,5104,Credit Card,success,1033.68,2025-09-06 14:04:00
5105,5105,Credit Card,success,206.84,2024-12-15 02:55:00
5106,5106,Credit Card,success,409.58,2024-05-28 17:41:00
5107,5107,Credit Card,success,531.03,2023-10-04 18:41:00
5108,5108,Credit Card,success,231.2,2025-01-16 08:07:00
5109,5109,Apple Pay,success,159.55,2025-03-22 19:57:00
5110,5110,PayPal,success,240.09,2023-09-03 15:48:00
5111,5111,Bank Transfer,failed,400.66,2023-10-10 11:58:00
5112,5112,Apple Pay,success,299.72,2024-01-27 14:39:00
5113,5113,Credit Card,success,525.52,2025-05-03 19:39:00
5114,5114,Credit Card,failed,108.0,2025-02-13 19:56:00
5115,5115,Apple Pay,success,288.11,2025-03-21 19:16:00
5116,5116,Credit Card,success,593.58,2024-09-26 15:38:00
5117,5117,Credit Card,success,444.51,2025-01-14 21:06:00
5118,5118,Credit Card,success,142.88,2023-07-30 03:42:00
5119,5119,Credit Card,success,453.85,2024-09-24 05:36:00
5120,5120,Credit Card,failed,658.64,2023-12-25 15:17:00
5121,5121,Credit Card,success,125.37,2023-12-15 06:38:00
5122,5122,Credit Card,success,269.95,2024-11-30 07:49:00
5123,5123,PayPal,success,67.66,2024-05-05 14:43:00
5124,5124,Credit Card,success,1171.8,2024-05-07 07:58:00
5125,5125,Credit Card,success,404.71,2025-02-28 15:17:00
5126,5126,Credit Card,success,896.75,2024-02-11 03:42:00
5127,5127,PayPal,success,465.76,2023-12-25 11:36:00
5128,5128,Crypto,success,416.95,2023-01-13 21:29:00
5129,5129,Credit Card,success,675.71,2024-12-06 01:04:00
5130,5130,PayPal,success,672.22,2024-04-27 05:52:00
5131,5131,PayPal,success,339.55,2024-01-19 21:37:00
5132,5132,Credit Card,success,1168.88,2025-12-03 17:10:00
5133,5133,Apple Pay,success,1048.37,2024-09-24 03:07:00
5134,5134,Credit Card,success,198.27,2024-11-03 18:21:00
5135,5135,Credit Card,failed,416.59,2023-10-30 11:54:00
5136,5136,Credit Card,success,634.38,2023-07-07 05:37:00
5137,5137,Credit Card,success,1089.22,2023-12-25 16:37:00
5138,5138,PayPal,success,73.65,2023-11-08 15:51:00
5139,5139,PayPal,success,560.31,2023-04-01 17:08:00
5140,5140,Credit Card,success,446.79,2023-09-22 20:36:00
5141,5141,Credit Card,failed,892.37,2023-12-21 10:29:00
5142,5142,Credit Card,success,1194.9,2024-05-12 09:47:00
5143,5143,Bank Transfer,failed,486.16,2025-02-25 20:00:00
5144,5144,PayPal,success,212.82,2024-11-25 06:42:00
5145,5145,Credit Card,success,113.0,2023-04-19 16:51:00
5146,5146,Credit Card,success,413.68,2023-09-01 10:40:00
5147,5147,PayPal,success,191.01,2024-10-13 21:19:00
5148,5148,Credit Card,success,413.9,2024-05-11 13:32:00
5149,5149,PayPal,success,25.91,2024-07-30 13:47:00
5150,5150,Credit Card,failed,304.47,2024-03-03 14:09:00
5151,5151,PayPal,success,319.24,2025-10-08 11:15:00
5152,5152,Credit Card,success,71.32,2023-10-07 14:15:00
5153,5153,Bank Transfer,success,743.51,2023-04-22 10:01:00
5154,5154,PayPal,failed,565.32,2023-07-19 04:58:00
5155,5155,Credit Card,failed,942.86,2023-05-03 10:29:00
5156,5156,Credit Card,success,417.98,2024-04-02 18:31:00
5157,5157,Credit Card,success,846.97,2023-10-21 11:23:00
5158,5158,Credit Card,success,509.76,2023-08-25 07:18:00
5159,5159,Crypto,success,181.28,2024-10-07 01:50:00
5160,5160,Credit Card,success,110.81,2024-09-12 16:53:00
5161,5161,PayPal,success,194.27,2024-11-19 18:14:00
5162,5162,Credit Card,success,1026.43,2024-10-11 15:04:00
5163,5163,PayPal,success,161.33,2025-03-14 18:06:00
5164,5164,Credit Card,success,190.13,2024-05-30 11:06:00
5165,5165,Crypto,success,741.16,2024-09-11 09:57:00
5166,5166,Credit Card,success,555.86,2024-03-13 05:51:00
5167,5167,Credit Card,success,178.2,2024-04-10 04:13:00
5168,5168,Apple Pay,success,25.91,2024-02-16 11:01:00
5169,5169,Apple Pay,success,626.23,2024-07-20 23:55:00
5170,5170,Credit Card,failed,1252.72,2025-02-21 20:29:00
5171,5171,PayPal,success,671.05,2025-09-04 15:10:00
5172,5172,PayPal,success,595.08,2023-08-23 13:52:00
5173,5173,Credit Card,success,713.3,2023-09-25 13:20:00
5174,5174,Credit Card,success,2182.3,2024-09-19 17:05:00
5175,5175,Credit Card,success,238.62,2023-03-07 03:21:00
5176,5176,PayPal,failed,86.83,2025-09-17 23:22:00
5177,5177,Credit Card,success,370.96,2024-11-22 09:28:00
5178,5178,Credit Card,success,248.86,2025-08-01 12:12:00
5179,5179,Credit Card,success,422.4,2023-10-06 05:55:00
5180,5180,PayPal,failed,663.03,2023-07-12 16:10:00
5181,5181,Credit Card,success,837.47,2024-01-20 02:56:00
5182,5182,Credit Card,success,171.13,2024-06-13 10:24:00
5183,5183,Credit Card,success,539.35,2025-08-02 18:51:00
5184,5184,Credit Card,success,84.77,2023-10-11 13:37:00
5185,5185,Credit Card,success,1033.57,2024-01-21 01:53:00
5186,5186,Credit Card,success,113.09,2023-09-13 13:11:00
5187,5187,PayPal,failed,178.87,2024-09-02 00:39:00
5188,5188,Credit Card,success,399.06,2024-09-21 08:44:00
5189,5189,PayPal,success,792.33,2024-01-08 06:20:00
5190,5190,PayPal,failed,1448.2,2025-05-19 17:19:00
5191,5191,Credit Card,failed,404.71,2023-07-16 12:52:00
5192,5192,Credit Card,success,245.71,2024-09-27 13:03:00
5193,5193,PayPal,failed,143.84,2024-12-15 05:57:00
5194,5194,Credit Card,success,964.74,2025-04-21 21:00:00
5195,5195,Credit Card,success,242.33,2024-08-17 17:16:00
5196,5196,Crypto,success,554.24,2025-03-29 21:51:00
5197,5197,Credit Card,success,1602.93,2024-03-29 12:05:00
5198,5198,Credit Card,success,101.72,2024-11-19 08:03:00
5199,5199,Credit Card,success,189.78,2023-07-18 03:55:00
5200,5200,Credit Card,success,234.1,2023-10-23 10:52:00
5201,5201,PayPal,failed,293.29,2024-09-16 07:22:00
5202,5202,PayPal,success,183.94,2024-03-12 14:33:00
5203,5203,Credit Card,success,108.0,2024-12-08 04:25:00
5204,5204,Crypto,success,359.13,2023-08-05 02:51:00
5205,5205,PayPal,failed,100.82,2024-09-16 20:52:00
5206,5206,Apple Pay,success,1127.35,2025-07-07 15:11:00
5207,5207,PayPal,success,1308.58,2024-01-16 03:25:00
5208,5208,Credit Card,success,196.02,2023-06-10 05:25:00
5209,5209,Credit Card,success,1275.75,2023-12-21 12:31:00
5210,5210,Credit Card,success,592.39,2025-02-11 23:36:00
5211,5211,PayPal,success,441.19,2024-03-26 23:36:00
5212,5212,PayPal,success,491.8,2024-10-14 02:35:00
5213,5213,Credit Card,success,486.41,2024-04-26 11:49:00
5214,5214,Credit Card,success,110.81,2025-02-24 12:00:00
5215,5215,Credit Card,failed,515.6,2023-10-09 03:20:00
5216,5216,Credit Card,success,238.09,2023-07-25 20:47:00
5217,5217,Credit Card,success,515.36,2023-05-22 02:22:00
5218,5218,PayPal,success,231.2,2024-10-28 21:01:00
5219,5219,Apple Pay,success,581.14,2025-06-04 01:27:00
5220,5220,Bank Transfer,success,238.62,2024-12-29 20:30:00
5221,5221,PayPal,failed,268.53,2025-01-13 23:46:00
5222,5222,Credit Card,success,332.43,2024-07-12 10:23:00
5223,5223,Credit Card,success,178.87,2023-04-24 03:30:00
5224,5224,Credit Card,failed,402.48,2025-08-06 03:27:00
5225,5225,Bank Transfer,success,411.01,2024-03-13 17:12:00
5226,5226,Credit Card,failed,448.94,2024-10-11 17:00:00
5227,5227,Apple Pay,success,151.14,2024-07-31 08:26:00
5228,5228,Credit Card,failed,937.38,2023-10-29 16:09:00
5229,5229,Credit Card,success,190.13,2024-12-11 10:05:00
5230,5230,Credit Card,success,121.54,2024-06-30 09:56:00
5231,5231,PayPal,success,394.46,2024-02-09 19:24:00
5232,5232,Credit Card,failed,422.94,2023-11-03 15:25:00
5233,5233,Apple Pay,failed,226.69,2023-11-28 11:05:00
5234,5234,PayPal,success,121.79,2024-02-08 22:21:00
5235,5235,PayPal,success,837.39,2025-07-23 14:58:00
5236,5236,Credit Card,failed,675.63,2024-09-28 07:01:00
5237,5237,Bank Transfer,success,539.86,2024-02-29 18:28:00
5238,5238,Crypto,success,143.03,2024-10-25 23:43:00
5239,5239,PayPal,success,608.55,2024-01-15 18:25:00
5240,5240,PayPal,success,403.65,2024-11-26 00:01:00
5241,5241,Crypto,success,197.45,2023-09-14 07:51:00
5242,5242,Credit Card,failed,872.94,2024-08-25 11:25:00
5243,5243,Credit Card,success,810.89,2025-11-20 19:02:00
5244,5244,PayPal,success,955.69,2025-06-20 19:29:00
5245,5245,PayPal,success,321.22,2023-06-01 09:07:00
5246,5246,Credit Card,success,637.76,2023-02-21 09:30:00
5247,5247,PayPal,success,413.5,2025-03-12 12:19:00
5248,5248,Credit Card,failed,721.75,2025-05-08 01:32:00
5249,5249,Credit Card,success,441.39,2024-01-10 11:52:00
5250,5250,Credit Card,failed,320.08,2024-07-16 19:27:00
5251,5251,Credit Card,success,165.54,2024-10-16 20:23:00
5252,5252,Credit Card,success,358.31,2023-10-16 08:42:00
5253,5253,PayPal,success,302.59,2024-08-10 20:46:00
5254,5254,Credit Card,success,1156.83,2023-09-27 09:06:00
5255,5255,Credit Card,success,90.65,2025-06-27 17:53:00
5256,5256,PayPal,success,313.62,2024-06-27 10:47:00
5257,5257,Credit Card,failed,134.15,2025-04-21 12:12:00
5258,5258,PayPal,success,584.08,2023-06-13 17:34:00
5259,5259,Credit Card,failed,202.83,2024-03-11 12:28:00
5260,5260,Bank Transfer,success,229.67,2023-08-18 07:42:00
5261,5261,Credit Card,success,364.67,2023-04-14 16:30:00
5262,5262,Bank Transfer,failed,857.72,2025-04-13 07:17:00
5263,5263,Credit Card,success,938.07,2024-02-21 10:35:00
5264,5264,Credit Card,success,298.3,2024-03-22 12:09:00
5265,5265,Credit Card,success,416.9,2025-07-04 16:16:00
5266,5266,PayPal,success,839.89,2025-03-28 01:38:00
5267,5267,Credit Card,success,78.36,2025-02-11 07:10:00
5268,5268,Bank Transfer,success,818.75,2025-05-01 21:37:00
5269,5269,Credit Card,success,378.87,2024-01-10 04:57:00
5270,5270,Credit Card,success,505.02,2025-03-09 17:58:00
5271,5271,Bank Transfer,success,335.76,2024-11-20 18:08:00
5272,5272,PayPal,success,315.32,2025-04-25 00:56:00
5273,5273,Credit Card,success,683.22,2025-01-19 18:44:00
5274,5274,PayPal,success,389.8,2024-06-02 16:24:00
5275,5275,Bank Transfer,failed,585.35,2025-02-17 17:48:00
5276,5276,Credit Card,success,151.47,2024-11-28 09:12:00
5277,5277,Credit Card,success,1384.51,2023-08-10 08:29:00
5278,5278,PayPal,success,836.42,2024-09-16 00:49:00
5279,5279,Apple Pay,success,430.77,2024-01-09 07:10:00
5280,5280,Credit Card,success,445.97,2023-11-05 23:39:00
5281,5281,Credit Card,success,1124.63,2023-09-08 21:56:00
5282,5282,Credit Card,success,394.04,2025-01-31 03:46:00
5283,5283,Credit Card,success,720.9,2024-01-11 19:58:00
5284,5284,PayPal,success,656.84,2024-06-20 13:10:00
5285,5285,Credit Card,success,44.33,2024-08-13 04:44:00
5286,5286,Credit Card,success,903.07,2024-12-08 15:48:00
5287,5287,Crypto,success,508.42,2024-07-27 11:23:00
5288,5288,Credit Card,success,508.16,2023-05-26 17:44:00
5289,5289,Crypto,success,258.58,2024-12-14 01:13:00
5290,5290,Credit Card,success,279.42,2024-10-18 18:15:00
5291,5291,PayPal,success,619.67,2024-04-28 21:50:00
5292,5292,Credit Card,failed,486.23,2024-05-01 09:26:00
5293,5293,Credit Card,success,334.87,2024-01-26 23:03:00
5294,5294,PayPal,success,66.88,2024-03-13 20:54:00
5295,5295,PayPal,success,114.67,2025-11-08 01:25:00
5296,5296,Apple Pay,success,632.19,2023-10-21 11:58:00
5297,5297,Credit Card,success,1262.22,2023-08-07 03:08:00
5298,5298,Credit Card,success,548.99,2023-11-04 04:27:00
5299,5299,Credit Card,success,757.89,2023-05-06 05:02:00
5300,5300,PayPal,success,687.23,2024-06-19 11:22:00
5301,5301,Crypto,success,326.44,2024-05-22 23:59:00
5302,5302,Credit Card,success,160.81,2024-09-13 20:28:00
5303,5303,Credit Card,success,115.87,2024-09-23 19:03:00
5304,5304,PayPal,success,356.45,2023-10-30 19:09:00
5305,5305,Credit Card,success,407.63,2024-07-04 23:20:00
5306,5306,PayPal,success,411.34,2025-10-15 12:02:00
5307,5307,Credit Card,success,849.4,2025-10-17 18:57:00
5308,5308,Apple Pay,failed,49.89,2024-11-11 09:12:00
5309,5309,Apple Pay,success,602.54,2025-08-27 15:43:00
5310,5310,Apple Pay,success,387.59,2024-09-07 07:24:00
5311,5311,PayPal,success,63.48,2025-02-22 19:38:00
5312,5312,Credit Card,success,467.1,2023-05-23 11:08:00
5313,5313,Credit Card,success,231.96,2023-11-25 01:08:00
5314,5314,Credit Card,success,1229.67,2023-09-30 02:01:00
5315,5315,Credit Card,success,1121.4,2024-07-23 13:58:00
5316,5316,Credit Card,success,798.07,2025-06-27 10:18:00
5317,5317,Bank Transfer,success,290.09,2024-02-24 10:45:00
5318,5318,Credit Card,success,200.98,2023-12-15 06:48:00
5319,5319,PayPal,success,453.55,2024-08-23 08:49:00
5320,5320,PayPal,success,186.87,2024-10-18 10:57:00
5321,5321,Credit Card,success,78.78,2025-02-06 13:53:00
5322,5322,Apple Pay,success,153.59,2023-09-13 13:01:00
5323,5323,Credit Card,success,717.39,2023-09-15 00:50:00
5324,5324,Credit Card,success,350.43,2024-10-25 22:00:00
5325,5325,Credit Card,success,239.95,2025-05-18 20:18:00
5326,5326,Credit Card,success,504.1,2025-03-03 23:56:00
5327,5327,PayPal,success,236.71,2024-11-10 04:14:00
5328,5328,Credit Card,success,294.11,2024-05-29 16:18:00
5329,5329,Credit Card,success,269.45,2023-08-22 12:19:00
5330,5330,Apple Pay,success,91.69,2023-06-05 04:20:00
5331,5331,PayPal,success,246.42,2023-04-28 18:00:00
5332,5332,Apple Pay,success,137.67,2024-04-06 23:39:00
5333,5333,PayPal,success,836.47,2024-09-11 08:26:00
5334,5334,Credit Card,success,346.5,2024-07-18 11:26:00
5335,5335,Credit Card,success,279.69,2023-07-07 18:44:00
5336,5336,Credit Card,success,705.91,2025-06-07 05:11:00
5337,5337,Apple Pay,success,85.37,2024-06-14 22:01:00
5338,5338,PayPal,success,636.6,2024-05-05 18:27:00
5339,5339,Credit Card,failed,953.7,2023-04-05 13:03:00
5340,5340,PayPal,success,832.99,2025-02-11 09:45:00
5341,5341,PayPal,success,232.07,2024-08-31 13:32:00
5342,5342,Credit Card,success,1000.21,2023-11-16 08:17:00
5343,5343,PayPal,success,98.01,2025-04-10 10:43:00
5344,5344,Credit Card,failed,288.11,2025-06-11 21:03:00
5345,5345,Credit Card,failed,280.66,2023-08-02 15:05:00
5346,5346,Credit Card,success,437.57,2024-12-20 05:47:00
5347,5347,PayPal,failed,346.27,2025-06-14 21:40:00
5348,5348,PayPal,success,347.9,2023-12-29 15:28:00
5349,5349,PayPal,success,205.04,2023-06-10 04:34:00
5350,5350,Credit Card,success,139.03,2024-07-19 13:51:00
5351,5351,Credit Card,success,817.86,2024-04-18 08:00:00
5352,5352,Credit Card,success,517.0,2025-09-26 02:13:00
5353,5353,PayPal,success,1619.15,2024-07-05 06:52:00
5354,5354,PayPal,success,324.13,2024-05-05 13:37:00
5355,5355,Crypto,success,331.56,2025-01-25 03:17:00
5356,5356,PayPal,success,449.06,2025-08-05 13:43:00
5357,5357,Credit Card,failed,159.55,2024-09-14 22:57:00
5358,5358,Credit Card,success,1201.92,2025-04-29 07:16:00
5359,5359,PayPal,failed,476.46,2025-06-29 19:34:00
5360,5360,PayPal,success,406.48,2023-12-25 05:03:00
5361,5361,PayPal,success,247.01,2024-07-28 12:30:00
5362,5362,Credit Card,success,238.43,2024-11-25 13:49:00
5363,5363,Apple Pay,success,834.16,2025-07-09 03:17:00
5364,5364,Credit Card,success,630.27,2024-10-20 16:43:00
5365,5365,Apple Pay,failed,791.63,2025-03-02 13:47:00
5366,5366,PayPal,success,729.04,2025-05-19 20:21:00
5367,5367,Credit Card,success,244.86,2025-08-26 17:39:00
5368,5368,PayPal,success,1824.56,2024-03-22 20:43:00
5369,5369,Credit Card,success,543.25,2024-12-27 05:54:00
5370,5370,Credit Card,success,735.3,2025-03-07 11:43:00
5371,5371,Credit Card,success,822.02,2024-07-13 14:09:00
5372,5372,Credit Card,failed,1173.06,2024-04-28 10:25:00
5373,5373,Credit Card,success,395.17,2025-01-29 10:50:00
5374,5374,PayPal,success,445.97,2024-02-12 07:11:00
5375,5375,Credit Card,success,332.43,2023-04-22 15:28:00
5376,5376,Credit Card,success,396.49,2024-12-18 15:23:00
5377,5377,Crypto,failed,354.64,2024-08-23 11:31:00
5378,5378,Apple Pay,success,415.65,2025-03-26 03:00:00
5379,5379,Credit Card,success,905.38,2023-12-07 04:14:00
5380,5380,Credit Card,success,280.78,2024-04-26 11:29:00
5381,5381,Crypto,success,1412.4,2023-12-27 17:06:00
5382,5382,Credit Card,failed,25.91,2023-08-14 00:00:00
5383,5383,PayPal,success,159.55,2024-09-18 00:03:00
5384,5384,PayPal,success,213.95,2024-08-23 12:50:00
5385,5385,Apple Pay,success,351.98,2024-09-17 14:59:00
5386,5386,PayPal,success,802.83,2024-02-02 04:08:00
5387,5387,Credit Card,success,84.77,2024-12-10 01:12:00
5388,5388,Credit Card,success,1230.11,2025-03-10 19:06:00
5389,5389,Credit Card,success,431.14,2025-02-21 21:05:00
5390,5390,Credit Card,success,184.86,2024-09-09 17:30:00
5391,5391,Credit Card,success,235.22,2025-04-27 12:34:00
5392,5392,Crypto,failed,360.15,2023-09-11 13:04:00
5393,5393,Credit Card,failed,783.69,2025-02-20 10:10:00
5394,5394,Bank Transfer,success,290.65,2024-03-05 10:18:00
5395,5395,PayPal,success,484.67,2023-09-16 12:59:00
5396,5396,PayPal,success,281.02,2024-01-29 10:05:00
5397,5397,Credit Card,success,66.54,2024-10-23 09:25:00
5398,5398,Credit Card,success,905.96,2024-06-22 00:04:00
5399,5399,Credit Card,success,576.22,2024-09-04 21:50:00
5400,5400,Credit Card,failed,1569.15,2025-09-30 09:34:00
5401,5401,Crypto,success,411.43,2023-10-23 18:00:00
5402,5402,Credit Card,success,365.12,2024-08-16 00:17:00
5403,5403,Credit Card,success,215.19,2023-07-23 18:25:00
5404,5404,Credit Card,success,93.25,2023-12-02 17:22:00
5405,5405,PayPal,success,77.31,2023-12-19 17:05:00
5406,5406,Apple Pay,success,362.49,2025-05-10 14:55:00
5407,5407,Credit Card,success,817.4,2023-04-02 04:51:00
5408,5408,Credit Card,success,654.32,2024-02-09 06:20:00
5409,5409,PayPal,success,276.7,2024-08-05 12:32:00
5410,5410,Apple Pay,success,384.47,2025-09-06 23:23:00
5411,5411,PayPal,success,286.65,2024-02-16 02:24:00
5412,5412,PayPal,success,294.87,2025-04-04 22:33:00
5413,5413,Credit Card,success,747.27,2024-05-19 09:35:00
5414,5414,PayPal,success,98.5,2024-02-17 12:51:00
5415,5415,PayPal,success,259.96,2024-04-09 17:05:00
5416,5416,Crypto,success,24.61,2025-05-19 18:16:00
5417,5417,Credit Card,failed,478.68,2025-04-04 03:38:00
5418,5418,Credit Card,success,359.13,2024-02-26 00:57:00
5419,5419,Credit Card,success,206.84,2025-06-15 17:41:00
5420,5420,Credit Card,success,238.09,2025-02-16 13:22:00
5421,5421,Credit Card,success,441.19,2024-01-26 07:26:00
5422,5422,Credit Card,success,806.57,2024-12-07 04:32:00
5423,5423,PayPal,success,335.99,2024-03-23 06:29:00
5424,5424,Credit Card,success,531.05,2024-10-08 21:26:00
5425,5425,Credit Card,success,864.33,2024-05-28 00:33:00
5426,5426,Credit Card,success,378.87,2023-11-19 01:08:00
5427,5427,PayPal,failed,158.96,2025-02-02 11:24:00
5428,5428,PayPal,success,248.27,2024-05-26 01:28:00
5429,5429,Credit Card,success,939.71,2025-09-09 01:41:00
5430,5430,Credit Card,success,242.43,2023-07-11 07:27:00
5431,5431,Credit Card,success,286.65,2025-04-23 12:16:00
5432,5432,Credit Card,success,332.43,2024-11-22 09:14:00
5433,5433,Apple Pay,success,560.06,2024-12-23 09:05:00
5434,5434,Credit Card,success,479.02,2024-10-11 01:49:00
5435,5435,Credit Card,failed,319.1,2024-06-21 14:17:00
5436,5436,Crypto,success,852.08,2023-11-03 17:32:00
5437,5437,Credit Card,failed,305.19,2024-09-05 04:08:00
5438,5438,Crypto,success,1117.94,2024-11-17 13:21:00
5439,5439,Credit Card,success,655.26,2023-10-07 20:00:00
5440,5440,Credit Card,failed,143.03,2024-10-06 18:28:00
5441,5441,Credit Card,success,423.97,2024-05-22 22:52:00
5442,5442,Credit Card,success,31.9,2024-12-10 01:50:00
5443,5443,PayPal,success,626.36,2023-07-16 06:30:00
5444,5444,PayPal,success,110.81,2024-03-19 00:57:00
5445,5445,Credit Card,success,42.11,2024-03-25 16:07:00
5446,5446,Apple Pay,success,321.52,2023-03-26 18:26:00
5447,5447,Bank Transfer,success,325.82,2024-12-22 04:23:00
5448,5448,PayPal,success,1085.09,2025-06-22 05:34:00
5449,5449,Credit Card,success,52.75,2024-10-03 02:10:00
5450,5450,Credit Card,success,149.15,2025-07-18 22:58:00
5451,5451,Credit Card,success,305.71,2023-12-06 22:17:00
5452,5452,Credit Card,success,239.81,2024-01-22 01:58:00
5453,5453,Credit Card,failed,62.83,2024-11-16 17:15:00
5454,5454,PayPal,success,1354.76,2024-01-11 21:09:00
5455,5455,Crypto,success,212.82,2023-11-28 18:25:00
5456,5456,Credit Card,success,1338.94,2023-08-08 20:07:00
5457,5457,Credit Card,success,454.93,2024-06-15 17:39:00
5458,5458,Credit Card,failed,48.1,2024-01-04 15:46:00
5459,5459,Credit Card,failed,196.02,2024-09-02 19:26:00
5460,5460,PayPal,success,356.07,2024-06-02 09:29:00
5461,5461,PayPal,success,1127.72,2025-07-06 13:50:00
5462,5462,Credit Card,success,100.82,2024-03-22 13:46:00
5463,5463,PayPal,success,605.54,2024-01-06 19:58:00
5464,5464,Credit Card,success,655.75,2024-04-23 07:52:00
5465,5465,Bank Transfer,success,92.51,2023-06-03 01:22:00
5466,5466,PayPal,success,486.73,2024-04-20 00:57:00
5467,5467,PayPal,failed,288.11,2024-01-04 18:35:00
5468,5468,Credit Card,success,241.92,2024-09-07 11:35:00
5469,5469,PayPal,success,449.97,2024-03-23 17:31:00
5470,5470,Credit Card,failed,808.37,2023-07-23 04:27:00
5471,5471,Credit Card,success,704.71,2025-03-20 20:53:00
5472,5472,Credit Card,success,2144.19,2025-02-16 15:52:00
5473,5473,Credit Card,success,272.62,2024-03-07 21:45:00
5474,5474,Apple Pay,success,516.55,2023-12-05 14:39:00
5475,5475,Apple Pay,success,419.13,2025-06-08 17:56:00
5476,5476,PayPal,success,401.71,2024-10-09 21:26:00
5477,5477,Credit Card,success,188.28,2025-04-19 22:32:00
5478,5478,PayPal,success,127.4,2024-06-14 21:27:00
5479,5479,PayPal,success,476.48,2024-01-20 00:19:00
5480,5480,Credit Card,success,987.08,2024-09-29 14:33:00
5481,5481,Credit Card,success,254.28,2024-12-09 23:28:00
5482,5482,Credit Card,success,85.37,2024-10-19 13:05:00
5483,5483,Credit Card,success,396.49,2024-11-17 02:02:00
5484,5484,Credit Card,success,692.03,2023-07-15 09:52:00
5485,5485,Credit Card,success,1122.1,2023-12-20 14:25:00
5486,5486,Credit Card,success,399.06,2024-11-06 23:05:00
5487,5487,PayPal,success,104.0,2024-03-17 12:52:00
5488,5488,PayPal,success,632.64,2024-08-18 07:54:00
5489,5489,Credit Card,success,619.01,2023-07-18 20:09:00
5490,5490,PayPal,success,429.27,2024-06-20 07:50:00
5491,5491,Credit Card,success,168.12,2023-05-28 11:16:00
5492,5492,Credit Card,success,546.2,2024-11-06 03:14:00
5493,5493,Credit Card,success,812.41,2023-09-21 06:10:00
5494,5494,PayPal,success,156.81,2024-01-08 18:29:00
5495,5495,Credit Card,success,416.9,2024-03-13 12:09:00
5496,5496,Credit Card,success,351.44,2024-04-24 04:06:00
5497,5497,Apple Pay,success,454.61,2025-01-21 08:20:00
5498,5498,Credit Card,success,222.69,2024-11-17 14:28:00
5499,5499,Apple Pay,failed,256.41,2023-05-27 16:48:00
5500,5500,PayPal,success,882.38,2025-01-01 01:56:00
5501,5501,Credit Card,success,185.46,2024-11-26 15:41:00
5502,5502,Apple Pay,success,704.71,2025-03-18 09:33:00
5503,5503,PayPal,success,719.31,2023-11-21 06:57:00
5504,5504,Credit Card,success,843.82,2025-10-08 19:25:00
5505,5505,Credit Card,success,169.45,2024-01-31 18:11:00
5506,5506,Credit Card,success,426.6,2024-05-21 20:52:00
5507,5507,PayPal,failed,230.72,2024-12-11 15:58:00
5508,5508,Crypto,success,143.03,2024-12-07 07:25:00
5509,5509,Apple Pay,success,209.94,2024-06-05 13:35:00
5510,5510,PayPal,success,45.89,2025-02-13 09:11:00
5511,5511,Credit Card,success,232.44,2024-11-28 03:38:00
5512,5512,Credit Card,success,560.21,2023-10-10 02:57:00
5513,5513,Credit Card,success,288.12,2024-12-21 03:41:00
5514,5514,Credit Card,success,550.68,2024-02-12 18:55:00
5515,5515,Apple Pay,success,226.69,2024-07-26 08:33:00
5516,5516,Credit Card,success,321.22,2025-05-14 10:30:00
5517,5517,Apple Pay,success,338.72,2025-02-16 21:32:00
5518,5518,PayPal,success,370.96,2024-09-16 01:45:00
5519,5519,Bank Transfer,success,1095.56,2023-03-20 21:39:00
5520,5520,Apple Pay,success,1042.94,2024-08-16 23:15:00
5521,5521,PayPal,success,424.7,2025-08-03 13:52:00
5522,5522,Credit Card,success,139.16,2024-05-16 09:34:00
5523,5523,Credit Card,success,866.38,2024-06-04 19:08:00
5524,5524,Credit Card,success,988.46,2023-09-25 02:32:00
5525,5525,PayPal,success,438.52,2024-06-28 15:52:00
5526,5526,Credit Card,success,175.81,2024-02-09 09:25:00
5527,5527,PayPal,success,354.2,2024-04-05 18:45:00
5528,5528,Credit Card,success,942.13,2023-07-22 04:14:00
5529,5529,PayPal,failed,956.83,2025-01-08 15:27:00
5530,5530,PayPal,success,370.16,2024-12-22 08:20:00
5531,5531,Apple Pay,success,318.63,2025-03-16 21:33:00
5532,5532,Bank Transfer,success,526.06,2024-05-01 23:32:00
5533,5533,Credit Card,success,288.11,2023-12-10 18:50:00
5534,5534,PayPal,success,186.19,2024-06-17 13:11:00
5535,5535,Crypto,failed,35.9,2025-09-04 16:44:00
5536,5536,Credit Card,success,875.81,2025-01-02 13:35:00
5537,5537,Bank Transfer,success,376.67,2024-05-19 13:08:00
5538,5538,Credit Card,success,509.85,2024-03-14 12:25:00
5539,5539,Credit Card,success,216.83,2025-06-02 17:28:00
5540,5540,PayPal,success,1203.89,2024-02-23 20:57:00
5541,5541,Credit Card,success,395.15,2024-08-17 10:49:00
5542,5542,Apple Pay,success,628.82,2023-08-16 00:21:00
5543,5543,Credit Card,success,1068.14,2024-09-22 19:58:00
5544,5544,Credit Card,success,484.64,2023-08-28 06:29:00
5545,5545,PayPal,success,382.98,2025-11-03 11:42:00
5546,5546,Credit Card,success,636.26,2024-05-29 17:46:00
5547,5547,Credit Card,success,1398.53,2025-04-01 21:08:00
5548,5548,Credit Card,success,383.06,2023-08-21 06:04:00
5549,5549,Credit Card,success,87.88,2025-08-06 04:50:00
5550,5550,Bank Transfer,success,220.97,2024-08-18 07:01:00
5551,5551,Credit Card,failed,276.7,2023-05-09 23:42:00
5552,5552,Credit Card,success,1601.95,2024-04-25 12:43:00
5553,5553,Apple Pay,success,710.74,2025-03-01 18:07:00
5554,5554,Apple Pay,failed,267.14,2023-12-14 06:39:00
5555,5555,Crypto,success,1323.57,2023-02-15 06:45:00
5556,5556,Apple Pay,success,932.46,2024-06-06 14:26:00
5557,5557,Apple Pay,success,244.86,2025-03-11 22:59:00
5558,5558,PayPal,failed,482.58,2023-05-30 08:05:00
5559,5559,Crypto,success,1643.4,2024-06-20 11:16:00
5560,5560,PayPal,success,271.07,2025-02-08 00:12:00
5561,5561,Apple Pay,success,207.63,2024-10-22 05:00:00
5562,5562,Credit Card,failed,352.13,2024-11-06 04:09:00
5563,5563,Credit Card,success,400.03,2024-11-13 03:20:00
5564,5564,Credit Card,success,693.7,2023-11-30 07:11:00
5565,5565,Credit Card,success,360.42,2025-02-08 19:51:00
5566,5566,Apple Pay,failed,359.13,2024-09-01 04:21:00
5567,5567,Credit Card,success,618.73,2024-11-15 08:12:00
5568,5568,Credit Card,failed,1111.03,2024-06-29 06:50:00
5569,5569,Credit Card,failed,124.13,2025-02-11 08:46:00
5570,5570,Apple Pay,failed,726.29,2024-02-01 12:56:00
5571,5571,Credit Card,success,342.37,2023-11-26 09:59:00
5572,5572,PayPal,success,85.38,2025-03-11 23:57:00
5573,5573,Credit Card,success,1312.26,2023-06-30 05:47:00
5574,5574,Apple Pay,success,1202.33,2025-10-02 01:48:00
5575,5575,Credit Card,success,288.69,2024-01-12 22:38:00
5576,5576,PayPal,success,530.74,2023-11-16 15:34:00
5577,5577,Credit Card,success,383.63,2024-06-14 11:13:00
5578,5578,PayPal,failed,421.28,2024-07-21 05:42:00
5579,5579,Credit Card,success,79.38,2024-10-10 12:27:00
5580,5580,PayPal,success,334.24,2023-11-22 09:39:00
5581,5581,Apple Pay,success,443.21,2024-06-10 05:36:00
5582,5582,PayPal,success,228.1,2024-02-13 03:05:00
5583,5583,PayPal,success,339.16,2025-04-28 16:27:00
5584,5584,Credit Card,success,1118.6,2025-02-14 05:44:00
5585,5585,PayPal,success,425.41,2023-08-02 13:05:00
5586,5586,Credit Card,success,560.81,2023-05-10 11:59:00
5587,5587,Crypto,success,92.51,2025-05-02 15:09:00
5588,5588,Credit Card,success,447.18,2024-12-07 07:47:00
5589,5589,Apple Pay,success,238.43,2024-05-05 00:46:00
5590,5590,Apple Pay,success,625.08,2024-12-03 15:46:00
5591,5591,Crypto,failed,1041.52,2024-10-25 02:29:00
5592,5592,Credit Card,success,356.44,2023-08-30 08:47:00
5593,5593,PayPal,failed,926.17,2024-12-09 18:58:00
5594,5594,Credit Card,success,344.57,2025-02-07 01:33:00
5595,5595,Credit Card,success,404.66,2023-10-22 10:41:00
5596,5596,Credit Card,failed,570.01,2024-02-25 17:52:00
5597,5597,Credit Card,success,852.39,2024-08-03 18:47:00
5598,5598,Apple Pay,success,972.69,2025-03-08 15:31:00
5599,5599,Credit Card,failed,541.63,2024-05-10 11:11:00
5600,5600,Credit Card,success,56.75,2024-05-07 17:40:00
5601,5601,Credit Card,failed,80.0,2023-12-30 07:22:00
5602,5602,PayPal,success,400.46,2023-10-22 13:35:00
5603,5603,Apple Pay,success,492.23,2024-07-14 04:01:00
5604,5604,Credit Card,success,669.31,2025-04-06 01:49:00
5605,5605,Bank Transfer,success,574.83,2023-12-08 10:32:00
5606,5606,Credit Card,success,353.46,2023-07-24 03:19:00
5607,5607,Credit Card,success,353.83,2024-03-25 12:00:00
5608,5608,Credit Card,success,139.44,2023-03-01 12:51:00
5609,5609,PayPal,success,178.2,2024-03-26 23:39:00
5610,5610,Bank Transfer,success,62.83,2023-10-12 22:21:00
5611,5611,Apple Pay,success,417.91,2023-01-03 12:56:00
5612,5612,Bank Transfer,success,379.11,2025-04-22 00:31:00
5613,5613,Apple Pay,success,98.01,2024-09-09 12:52:00
5614,5614,Credit Card,failed,611.39,2024-12-08 07:28:00
5615,5615,Credit Card,success,211.63,2024-07-29 09:46:00
5616,5616,Apple Pay,success,131.27,2024-08-15 10:47:00
5617,5617,Credit Card,failed,374.81,2025-05-08 09:21:00
5618,5618,PayPal,success,387.87,2025-02-17 22:55:00
5619,5619,Credit Card,success,237.77,2023-09-14 01:25:00
5620,5620,Crypto,success,212.83,2023-12-16 01:30:00
5621,5621,Credit Card,failed,1052.21,2023-05-24 15:48:00
5622,5622,Crypto,success,206.84,2025-01-13 12:07:00
5623,5623,Credit Card,success,79.38,2024-10-06 05:33:00
5624,5624,Credit Card,success,178.2,2024-03-19 11:39:00
5625,5625,Credit Card,success,466.97,2023-05-20 23:36:00
5626,5626,Credit Card,success,358.94,2023-09-29 20:14:00
5627,5627,Apple Pay,success,196.5,2025-03-15 12:10:00
5628,5628,Apple Pay,success,85.38,2024-03-06 19:25:00
5629,5629,Credit Card,failed,229.09,2023-10-31 01:04:00
5630,5630,Credit Card,success,569.18,2023-08-12 12:13:00
5631,5631,Credit Card,success,1221.42,2025-05-27 19:27:00
5632,5632,Credit Card,success,380.8,2025-01-01 15:39:00
5633,5633,Credit Card,success,180.14,2024-12-07 09:30:00
5634,5634,PayPal,success,793.67,2025-01-13 18:10:00
5635,5635,Credit Card,success,1371.88,2023-08-10 23:46:00
5636,5636,PayPal,success,146.7,2025-01-11 07:45:00
5637,5637,Credit Card,success,746.76,2025-01-02 05:23:00
5638,5638,PayPal,failed,309.47,2024-01-04 18:18:00
5639,5639,Credit Card,success,1010.54,2023-11-24 21:14:00
5640,5640,Credit Card,failed,375.14,2024-06-13 13:48:00
5641,5641,PayPal,success,328.73,2025-08-22 14:52:00
5642,5642,Credit Card,failed,1281.17,2024-06-14 12:10:00
5643,5643,Credit Card,success,362.06,2025-01-08 11:51:00
5644,5644,PayPal,success,216.08,2024-05-23 17:25:00
5645,5645,Bank Transfer,success,416.9,2024-09-22 20:13:00
5646,5646,Credit Card,success,628.13,2024-05-04 19:32:00
5647,5647,PayPal,success,724.32,2023-11-06 12:26:00
5648,5648,PayPal,success,246.42,2025-01-02 09:51:00
5649,5649,Credit Card,success,743.02,2023-11-22 11:04:00
5650,5650,PayPal,success,488.28,2023-07-23 10:51:00
5651,5651,PayPal,success,864.36,2025-04-02 23:45:00
5652,5652,Credit Card,failed,159.55,2024-02-19 14:23:00
5653,5653,PayPal,success,748.08,2024-06-08 10:41:00
5654,5654,PayPal,success,661.25,2024-11-19 01:43:00
5655,5655,Credit Card,success,140.86,2024-10-13 11:55:00
5656,5656,Crypto,success,681.08,2024-07-21 01:45:00
5657,5657,Credit Card,success,73.65,2024-05-09 22:22:00
5658,5658,Credit Card,success,1516.39,2024-08-22 06:27:00
5659,5659,PayPal,success,409.03,2025-04-21 03:55:00
5660,5660,Credit Card,failed,584.19,2023-09-25 10:52:00
5661,5661,Credit Card,success,1187.73,2024-08-11 15:22:00
5662,5662,Credit Card,success,131.65,2023-12-21 06:00:00
5663,5663,Apple Pay,success,1535.28,2024-02-06 10:38:00
5664,5664,Credit Card,success,287.8,2025-03-08 14:52:00
5665,5665,Crypto,success,132.4,2023-09-29 08:09:00
5666,5666,Crypto,success,1311.82,2024-07-30 14:46:00
5667,5667,PayPal,success,180.14,2024-05-20 04:36:00
5668,5668,Crypto,success,92.51,2023-08-24 09:34:00
5669,5669,Crypto,success,70.18,2024-06-26 04:13:00
5670,5670,Credit Card,success,840.37,2024-09-04 11:10:00
5671,5671,PayPal,success,1189.06,2025-04-10 22:31:00
5672,5672,Credit Card,success,384.66,2023-03-18 17:28:00
5673,5673,PayPal,success,93.77,2023-09-11 19:37:00
5674,5674,PayPal,success,1245.82,2024-10-08 11:41:00
5675,5675,Credit Card,success,40.9,2025-03-07 18:44:00
5676,5676,Apple Pay,success,415.65,2024-01-25 14:24:00
5677,5677,Bank Transfer,success,674.66,2023-12-11 19:20:00
5678,5678,Credit Card,success,552.82,2023-09-12 18:57:00
5679,5679,PayPal,success,454.91,2024-12-16 10:19:00
5680,5680,Credit Card,success,1132.1,2024-07-13 22:23:00
5681,5681,Credit Card,success,602.9,2024-09-20 21:49:00
5682,5682,PayPal,success,411.56,2025-01-30 17:37:00
5683,5683,PayPal,success,438.0,2023-12-08 14:57:00
5684,5684,Credit Card,success,139.07,2024-01-23 01:00:00
5685,5685,Credit Card,success,352.41,2025-04-16 10:23:00
5686,5686,Apple Pay,failed,199.88,2024-11-12 10:01:00
5687,5687,Credit Card,success,601.32,2024-08-19 06:06:00
5688,5688,Crypto,success,62.54,2024-08-28 00:38:00
5689,5689,Credit Card,success,585.07,2024-01-12 03:48:00
5690,5690,Credit Card,success,133.27,2024-04-03 01:08:00
5691,5691,Apple Pay,success,162.38,2025-04-13 00:28:00
5692,5692,PayPal,success,98.5,2024-05-15 14:02:00
5693,5693,Crypto,success,746.99,2024-05-11 12:30:00
5694,5694,Credit Card,success,25.91,2024-05-21 11:32:00
5695,5695,Apple Pay,success,625.88,2025-08-25 14:45:00
5696,5696,Credit Card,success,145.43,2024-06-30 06:36:00
5697,5697,Bank Transfer,success,288.11,2024-08-20 21:30:00
5698,5698,Credit Card,success,669.13,2024-06-20 06:34:00
5699,5699,Credit Card,failed,1485.91,2023-10-28 14:40:00
5700,5700,Credit Card,success,339.55,2025-09-20 16:47:00
5701,5701,PayPal,success,762.35,2024-07-14 23:40:00
5702,5702,Credit Card,success,816.66,2024-11-16 16:11:00
5703,5703,Apple Pay,success,333.62,2023-07-06 05:04:00
5704,5704,Credit Card,success,200.98,2024-01-22 12:47:00
5705,5705,Credit Card,success,327.16,2025-04-17 18:10:00
5706,5706,PayPal,success,1443.65,2025-03-06 21:05:00
5707,5707,Credit Card,failed,479.52,2024-06-10 05:20:00
5708,5708,Credit Card,success,1077.01,2023-12-28 10:02:00
5709,5709,Credit Card,success,1096.45,2023-11-04 02:39:00
5710,5710,Credit Card,success,1115.19,2025-04-12 13:32:00
5711,5711,Credit Card,failed,416.9,2025-04-11 17:44:00
5712,5712,PayPal,success,345.61,2023-11-04 12:14:00
5713,5713,Credit Card,success,903.87,2024-04-29 05:45:00
5714,5714,PayPal,success,199.06,2025-07-14 11:52:00
5715,5715,Credit Card,success,105.72,2024-07-17 23:34:00
5716,5716,PayPal,success,169.45,2025-11-09 05:14:00
5717,5717,Credit Card,success,499.51,2024-01-20 23:27:00
5718,5718,Crypto,success,89.25,2023-05-03 15:20:00
5719,5719,Credit Card,success,168.21,2024-04-17 07:30:00
5720,5720,PayPal,success,427.97,2024-11-20 21:37:00
5721,5721,Credit Card,success,345.19,2025-03-29 00:32:00
5722,5722,Credit Card,success,191.2,2025-06-05 16:52:00
5723,5723,Credit Card,success,532.19,2024-11-26 05:10:00
5724,5724,PayPal,success,578.67,2024-06-08 06:33:00
5725,5725,Apple Pay,failed,1081.53,2023-12-04 04:20:00
5726,5726,Credit Card,success,308.94,2025-07-11 14:57:00
5727,5727,Credit Card,success,184.57,2023-07-24 22:39:00
5728,5728,Credit Card,failed,817.72,2025-04-23 01:03:00
5729,5729,Credit Card,success,477.74,2025-01-10 20:23:00
5730,5730,PayPal,success,873.23,2024-09-15 02:50:00
5731,5731,Credit Card,success,1535.69,2024-06-12 18:22:00
5732,5732,Credit Card,failed,230.72,2025-05-11 06:00:00
5733,5733,Crypto,success,689.46,2025-07-01 12:35:00
5734,5734,PayPal,failed,909.41,2024-12-25 09:12:00
5735,5735,Credit Card,success,662.34,2023-10-19 07:43:00
5736,5736,Credit Card,success,718.26,2023-04-06 00:14:00
5737,5737,Credit Card,success,803.12,2023-06-26 19:18:00
5738,5738,PayPal,failed,749.62,2023-10-28 04:23:00
5739,5739,PayPal,success,66.33,2025-03-28 06:56:00
5740,5740,Credit Card,success,652.04,2024-02-15 06:23:00
5741,5741,Credit Card,success,821.99,2024-02-27 19:15:00
5742,5742,PayPal,success,335.63,2024-11-20 14:47:00
5743,5743,Credit Card,failed,395.17,2024-02-12 08:49:00
5744,5744,Credit Card,success,771.03,2024-02-05 21:25:00
5745,5745,Credit Card,success,971.33,2024-12-02 13:31:00
5746,5746,PayPal,success,233.82,2024-01-09 10:03:00
5747,5747,PayPal,success,642.03,2024-06-29 17:10:00
5748,5748,Credit Card,failed,523.15,2025-02-08 01:25:00
5749,5749,Credit Card,success,2008.24,2024-12-12 01:35:00
5750,5750,PayPal,success,280.66,2024-09-01 09:20:00
5751,5751,Bank Transfer,success,140.89,2024-05-29 15:11:00
5752,5752,Apple Pay,success,88.84,2023-11-16 14:55:00
5753,5753,Credit Card,failed,466.62,2023-11-27 14:32:00
5754,5754,Credit Card,success,380.95,2024-05-23 02:03:00
5755,5755,Credit Card,success,462.19,2023-12-19 03:28:00
5756,5756,Credit Card,success,135.33,2024-02-20 04:32:00
5757,5757,Credit Card,success,974.21,2023-10-18 16:33:00
5758,5758,Credit Card,success,618.25,2024-02-15 10:50:00
5759,5759,Credit Card,success,472.85,2025-06-15 17:25:00
5760,5760,PayPal,success,384.87,2024-12-03 23:20:00
5761,5761,PayPal,success,427.26,2024-07-25 20:52:00
5762,5762,Credit Card,success,880.64,2024-09-19 16:40:00
5763,5763,Credit Card,success,1087.26,2023-04-19 21:25:00
5764,5764,PayPal,success,139.92,2025-05-22 12:25:00
5765,5765,Credit Card,success,735.29,2023-07-19 02:12:00
5766,5766,PayPal,success,448.94,2023-05-24 14:18:00
5767,5767,Credit Card,success,1032.13,2023-06-03 15:51:00
5768,5768,PayPal,failed,790.18,2024-06-23 18:07:00
5769,5769,Credit Card,failed,165.8,2023-05-27 14:07:00
5770,5770,Credit Card,success,398.8,2023-12-12 15:16:00
5771,5771,PayPal,success,427.62,2024-01-30 13:33:00
5772,5772,Credit Card,failed,759.98,2024-02-20 19:34:00
5773,5773,Apple Pay,success,566.3,2024-05-18 08:09:00
5774,5774,Credit Card,success,815.41,2025-07-13 12:40:00
5775,5775,Credit Card,success,622.19,2023-11-01 11:44:00
5776,5776,Apple Pay,success,676.13,2024-10-04 12:13:00
5777,5777,Credit Card,success,110.72,2024-09-23 12:47:00
5778,5778,Credit Card,success,422.94,2024-11-02 16:16:00
5779,5779,PayPal,success,758.17,2025-03-09 18:21:00
5780,5780,Crypto,success,544.65,2024-10-29 13:01:00
5781,5781,Apple Pay,success,813.32,2024-12-21 19:08:00
5782,5782,Apple Pay,success,374.81,2024-01-07 04:01:00
5783,5783,Apple Pay,success,290.65,2024-07-07 00:43:00
5784,5784,PayPal,success,316.4,2024-09-27 15:14:00
5785,5785,Apple Pay,success,39.9,2024-04-02 22:45:00
5786,5786,PayPal,success,752.63,2024-08-22 01:05:00
5787,5787,Credit Card,success,456.18,2024-10-19 11:36:00
5788,5788,Credit Card,success,67.75,2023-10-14 08:32:00
5789,5789,PayPal,success,137.26,2024-03-22 01:49:00
5790,5790,PayPal,success,565.23,2025-09-10 15:09:00
5791,5791,PayPal,success,1350.86,2023-07-09 12:38:00
5792,5792,Credit Card,success,593.79,2024-05-09 15:11:00
5793,5793,Credit Card,success,1045.42,2024-06-26 02:01:00
5794,5794,Credit Card,success,390.36,2024-08-30 03:22:00
5795,5795,Credit Card,success,438.0,2024-01-01 09:03:00
5796,5796,Credit Card,success,778.07,2025-03-06 04:10:00
5797,5797,PayPal,success,205.08,2024-07-14 06:17:00
5798,5798,PayPal,success,1129.72,2023-11-28 05:39:00
5799,5799,Credit Card,success,1472.73,2023-06-29 22:41:00
5800,5800,Credit Card,success,188.28,2024-04-08 10:58:00
5801,5801,Credit Card,success,71.32,2025-04-28 18:10:00
5802,5802,Credit Card,success,280.06,2025-09-03 17:46:00
5803,5803,Credit Card,success,273.7,2025-01-11 14:53:00
5804,5804,PayPal,success,1250.36,2024-10-31 16:31:00
5805,5805,PayPal,success,424.99,2023-07-24 23:28:00
5806,5806,Credit Card,success,1152.08,2023-09-10 23:52:00
5807,5807,Credit Card,failed,186.13,2025-08-26 00:42:00
5808,5808,Credit Card,success,864.45,2024-05-03 11:59:00
5809,5809,Credit Card,success,242.43,2023-02-10 10:20:00
5810,5810,Credit Card,failed,967.92,2024-04-02 08:52:00
5811,5811,Apple Pay,failed,990.2,2024-11-02 14:31:00
5812,5812,Credit Card,success,184.19,2025-03-31 12:36:00
5813,5813,PayPal,success,736.9,2025-02-01 19:18:00
5814,5814,Apple Pay,failed,1494.74,2024-01-07 04:55:00
5815,5815,Credit Card,success,402.47,2025-02-27 04:20:00
5816,5816,Credit Card,success,828.47,2023-10-30 07:26:00
5817,5817,Credit Card,failed,123.07,2025-04-25 07:51:00
5818,5818,PayPal,success,438.52,2023-07-20 10:50:00
5819,5819,Apple Pay,success,493.33,2025-04-01 18:56:00
5820,5820,PayPal,success,343.32,2023-06-04 06:54:00
5821,5821,Credit Card,success,80.44,2024-07-02 12:51:00
5822,5822,Credit Card,success,422.26,2024-04-08 00:55:00
5823,5823,Credit Card,success,1485.11,2024-03-05 14:50:00
5824,5824,Bank Transfer,success,581.62,2023-08-13 11:43:00
5825,5825,PayPal,success,400.03,2024-07-15 12:08:00
5826,5826,PayPal,success,375.33,2025-06-11 04:21:00
5827,5827,PayPal,success,663.5,2023-03-17 22:14:00
5828,5828,Credit Card,failed,522.15,2024-12-24 23:02:00
5829,5829,Credit Card,success,219.94,2025-01-09 06:05:00
5830,5830,Crypto,success,1563.73,2024-12-23 04:00:00
5831,5831,PayPal,success,323.77,2024-04-27 07:54:00
5832,5832,Credit Card,success,548.9,2023-07-27 13:09:00
5833,5833,Bank Transfer,success,1656.92,2024-03-21 06:59:00
5834,5834,PayPal,success,648.27,2024-08-01 00:07:00
5835,5835,PayPal,success,333.13,2024-12-24 08:23:00
5836,5836,PayPal,success,323.22,2024-11-30 07:47:00
5837,5837,PayPal,success,967.52,2023-12-28 14:12:00
5838,5838,Credit Card,failed,52.75,2024-04-06 10:42:00
5839,5839,Credit Card,success,447.18,2024-11-15 12:53:00
5840,5840,PayPal,success,296.55,2025-01-24 00:13:00
5841,5841,Apple Pay,success,85.38,2023-05-19 00:16:00
5842,5842,Apple Pay,success,663.88,2023-06-25 19:02:00
5843,5843,Credit Card,success,1002.53,2024-09-19 15:03:00
5844,5844,Apple Pay,success,843.87,2024-04-02 07:27:00
5845,5845,Apple Pay,success,121.41,2024-10-28 07:06:00
5846,5846,Credit Card,success,488.64,2025-03-05 10:36:00
5847,5847,Apple Pay,success,239.95,2024-11-11 14:40:00
5848,5848,Credit Card,success,342.68,2024-09-10 03:28:00
5849,5849,Credit Card,success,888.99,2025-07-02 01:34:00
5850,5850,Credit Card,success,378.68,2025-10-17 09:17:00
5851,5851,PayPal,success,632.78,2024-12-26 08:48:00
5852,5852,Crypto,failed,799.09,2024-09-16 15:14:00
5853,5853,Credit Card,success,1785.14,2024-02-05 12:48:00
5854,5854,Crypto,success,552.3,2024-10-21 22:49:00
5855,5855,PayPal,success,280.83,2025-07-03 12:56:00
5856,5856,PayPal,failed,416.95,2024-01-23 23:59:00
5857,5857,Apple Pay,success,1028.24,2025-02-22 01:38:00
5858,5858,Credit Card,success,727.13,2024-02-20 06:10:00
5859,5859,Credit Card,success,93.77,2025-03-04 03:04:00
5860,5860,PayPal,success,848.59,2023-09-01 19:56:00
5861,5861,Credit Card,success,179.6,2024-07-19 21:41:00
5862,5862,Credit Card,failed,133.04,2024-02-10 02:54:00
5863,5863,Credit Card,success,850.83,2024-01-21 21:53:00
5864,5864,Bank Transfer,success,1081.78,2025-06-10 09:11:00
5865,5865,PayPal,success,409.05,2024-01-08 03:18:00
5866,5866,Credit Card,failed,871.57,2024-03-22 23:27:00
5867,5867,Credit Card,success,998.08,2024-04-18 15:27:00
5868,5868,Credit Card,success,324.88,2025-02-24 07:44:00
5869,5869,Credit Card,success,580.73,2025-10-03 05:24:00
5870,5870,PayPal,success,281.58,2023-09-14 22:04:00
5871,5871,PayPal,success,420.43,2024-03-19 21:38:00
5872,5872,PayPal,success,412.58,2024-01-17 01:21:00
5873,5873,Credit Card,success,165.54,2024-07-17 01:05:00
5874,5874,Credit Card,failed,911.4,2023-07-29 16:09:00
5875,5875,Credit Card,failed,329.21,2024-02-13 05:59:00
5876,5876,Credit Card,success,242.33,2024-01-02 16:34:00
5877,5877,PayPal,success,535.18,2024-10-16 14:12:00
5878,5878,PayPal,success,593.79,2025-09-07 19:50:00
5879,5879,Credit Card,success,394.04,2025-08-02 13:03:00
5880,5880,PayPal,success,674.88,2023-07-16 13:49:00
5881,5881,PayPal,success,244.86,2024-07-03 07:30:00
5882,5882,Credit Card,success,995.49,2024-03-27 12:06:00
5883,5883,PayPal,success,669.59,2023-12-10 02:20:00
5884,5884,Credit Card,success,2086.83,2024-05-20 17:02:00
5885,5885,Credit Card,success,419.13,2023-03-19 20:26:00
5886,5886,PayPal,success,259.96,2024-11-26 19:26:00
5887,5887,Credit Card,success,139.44,2024-12-29 17:13:00
5888,5888,Credit Card,success,554.28,2024-07-10 18:55:00
5889,5889,Credit Card,success,405.05,2024-04-30 19:35:00
5890,5890,Crypto,success,416.95,2023-12-22 11:23:00
5891,5891,Credit Card,success,70.43,2025-07-02 22:23:00
5892,5892,Credit Card,success,833.92,2024-03-14 06:53:00
5893,5893,Apple Pay,success,892.2,2023-12-05 09:57:00
5894,5894,Credit Card,success,653.95,2024-05-26 14:20:00
5895,5895,Credit Card,success,276.78,2024-01-25 06:19:00
5896,5896,Credit Card,success,149.43,2025-01-07 15:26:00
5897,5897,Credit Card,failed,1442.94,2024-07-05 18:02:00
5898,5898,PayPal,failed,446.22,2024-03-09 00:31:00
5899,5899,Apple Pay,success,619.97,2024-03-28 04:38:00
5900,5900,Crypto,success,228.1,2024-05-14 01:27:00
5901,5901,Credit Card,success,149.68,2023-03-22 01:27:00
5902,5902,Credit Card,success,578.95,2025-06-14 19:21:00
5903,5903,Credit Card,success,202.69,2023-12-18 14:38:00
5904,5904,Credit Card,failed,870.15,2024-04-28 01:38:00
5905,5905,Credit Card,success,115.87,2024-05-08 18:27:00
5906,5906,Credit Card,success,498.16,2024-01-12 07:33:00
5907,5907,Credit Card,success,523.91,2025-07-10 17:08:00
5908,5908,Credit Card,success,84.4,2024-05-05 11:27:00
5909,5909,Credit Card,success,715.29,2023-01-25 19:31:00
5910,5910,PayPal,success,646.69,2024-06-14 22:42:00
5911,5911,PayPal,success,404.03,2023-10-25 12:58:00
5912,5912,Credit Card,success,1295.21,2024-04-26 14:11:00
5913,5913,Bank Transfer,failed,438.0,2024-01-31 19:38:00
5914,5914,Credit Card,success,1166.96,2024-11-17 08:44:00
5915,5915,PayPal,success,725.72,2023-07-15 19:58:00
5916,5916,Credit Card,success,297.88,2024-10-12 17:40:00
5917,5917,Apple Pay,success,558.46,2024-09-09 09:15:00
5918,5918,Crypto,success,392.59,2024-10-07 16:50:00
5919,5919,Credit Card,success,244.61,2024-06-04 21:21:00
5920,5920,PayPal,success,383.68,2024-12-21 23:21:00
5921,5921,PayPal,success,188.84,2024-05-05 05:37:00
5922,5922,Credit Card,success,144.11,2023-08-28 07:59:00
5923,5923,Credit Card,success,460.94,2025-04-21 08:00:00
5924,5924,Crypto,success,571.95,2023-12-13 12:20:00
5925,5925,Credit Card,success,563.03,2025-09-07 03:40:00
5926,5926,PayPal,success,66.96,2023-11-29 15:54:00
5927,5927,Credit Card,success,166.8,2024-11-27 14:14:00
5928,5928,Credit Card,success,103.1,2024-10-20 18:01:00
5929,5929,PayPal,success,337.99,2025-11-20 00:44:00
5930,5930,PayPal,success,590.17,2025-09-24 06:27:00
5931,5931,Credit Card,success,71.44,2024-07-25 07:57:00
5932,5932,Credit Card,success,202.01,2023-04-07 02:18:00
5933,5933,Credit Card,success,201.64,2024-09-18 22:38:00
5934,5934,Credit Card,success,111.58,2024-01-28 16:04:00
5935,5935,Apple Pay,success,408.23,2024-09-06 02:45:00
5936,5936,Credit Card,success,94.2,2023-11-27 10:33:00
5937,5937,Apple Pay,failed,442.0,2025-02-02 13:34:00
5938,5938,Credit Card,success,584.23,2024-07-24 00:59:00
5939,5939,Crypto,success,139.44,2024-09-20 01:05:00
5940,5940,Apple Pay,success,448.94,2024-07-29 14:42:00
5941,5941,PayPal,success,636.62,2023-10-12 18:36:00
5942,5942,PayPal,success,29.31,2025-03-27 09:56:00
5943,5943,Credit Card,success,664.3,2024-07-28 01:11:00
5944,5944,Credit Card,success,682.53,2024-11-20 15:13:00
5945,5945,Credit Card,success,298.1,2024-12-03 00:27:00
5946,5946,Credit Card,success,1002.6,2025-06-26 23:27:00
5947,5947,Apple Pay,success,408.74,2023-12-28 12:44:00
5948,5948,Credit Card,success,409.66,2024-08-24 17:21:00
5949,5949,Apple Pay,success,84.62,2025-06-09 17:43:00
5950,5950,PayPal,success,881.17,2024-02-13 14:31:00
5951,5951,Credit Card,success,1040.27,2025-01-07 09:40:00
5952,5952,Credit Card,success,315.29,2024-04-07 01:28:00
5953,5953,Credit Card,failed,356.4,2025-03-12 20:59:00
5954,5954,Credit Card,success,832.38,2024-10-05 12:03:00
5955,5955,Apple Pay,success,520.57,2024-08-04 01:24:00
5956,5956,Apple Pay,success,595.0,2023-12-03 01:53:00
5957,5957,PayPal,success,196.89,2024-01-11 01:32:00
5958,5958,Bank Transfer,success,265.95,2023-12-08 15:09:00
5959,5959,Credit Card,success,333.62,2025-10-01 09:07:00
5960,5960,Credit Card,success,381.03,2025-09-02 07:27:00
5961,5961,Credit Card,success,426.04,2024-07-08 14:10:00
5962,5962,PayPal,failed,173.95,2024-07-13 13:24:00
5963,5963,Credit Card,success,984.69,2024-04-11 09:59:00
5964,5964,Crypto,success,716.95,2024-09-18 05:46:00
5965,5965,Credit Card,success,407.7,2025-02-05 03:43:00
5966,5966,Apple Pay,failed,232.44,2023-11-05 01:11:00
5967,5967,PayPal,failed,439.98,2023-10-31 22:06:00
5968,5968,Credit Card,success,72.82,2024-01-26 01:21:00
5969,5969,Credit Card,failed,98.5,2025-05-05 20:57:00
5970,5970,Apple Pay,success,67.66,2024-05-28 22:24:00
5971,5971,Apple Pay,failed,326.44,2024-02-05 02:22:00
5972,5972,Apple Pay,success,819.94,2023-11-03 15:22:00
5973,5973,PayPal,success,438.0,2024-09-24 10:58:00
5974,5974,PayPal,success,892.37,2024-03-30 20:55:00
5975,5975,Credit Card,success,82.65,2025-08-02 12:28:00
5976,5976,Credit Card,success,884.6,2025-01-08 10:12:00
5977,5977,Credit Card,success,161.52,2024-08-23 15:56:00
5978,5978,PayPal,success,1297.07,2025-03-03 19:41:00
5979,5979,Credit Card,success,802.97,2025-10-19 00:02:00
5980,5980,PayPal,success,284.73,2025-02-26 09:03:00
5981,5981,Bank Transfer,success,409.66,2023-11-27 09:33:00
5982,5982,Credit Card,success,685.37,2024-11-13 17:27:00
5983,5983,Credit Card,success,180.88,2024-03-28 16:19:00
5984,5984,Crypto,success,84.23,2025-03-18 14:33:00
5985,5985,Credit Card,success,1594.97,2023-12-23 15:03:00
5986,5986,Credit Card,failed,110.81,2025-03-09 14:57:00
5987,5987,PayPal,success,104.39,2024-01-25 14:05:00
5988,5988,Apple Pay,success,276.11,2024-04-20 11:06:00
5989,5989,Credit Card,success,1158.07,2024-11-01 06:55:00
5990,5990,Credit Card,failed,713.03,2024-01-07 20:24:00
5991,5991,Credit Card,success,608.79,2024-09-30 01:28:00
5992,5992,Credit Card,success,591.71,2024-06-04 01:51:00
5993,5993,Credit Card,success,382.55,2024-09-11 07:08:00
5994,5994,Apple Pay,success,72.82,2023-09-09 06:08:00
5995,5995,Credit Card,success,165.54,2025-03-09 06:40:00
5996,5996,PayPal,success,793.81,2025-07-26 00:17:00
5997,5997,PayPal,success,394.04,2024-08-08 22:30:00
5998,5998,PayPal,success,315.32,2025-03-16 03:23:00
5999,5999,Crypto,success,205.04,2023-11-08 22:44:00
6000,6000,PayPal,success,1165.58,2025-07-30 17:28:00
6001,6001,PayPal,success,579.09,2024-04-11 21:40:00
6002,6002,Credit Card,success,378.82,2023-05-04 07:43:00
6003,6003,Credit Card,success,456.41,2023-12-16 07:38:00
6004,6004,PayPal,failed,224.75,2024-07-30 00:57:00
6005,6005,Credit Card,success,199.05,2024-12-02 07:24:00
6006,6006,PayPal,success,896.49,2023-12-26 05:57:00
6007,6007,PayPal,success,379.2,2024-08-15 07:07:00
6008,6008,Credit Card,success,883.0,2024-09-16 16:40:00
6009,6009,Credit Card,failed,382.87,2025-02-14 21:03:00
6010,6010,Credit Card,failed,682.62,2023-04-18 15:51:00
6011,6011,Credit Card,success,439.98,2025-07-25 11:08:00
6012,6012,Credit Card,success,856.09,2025-01-18 18:54:00
6013,6013,PayPal,failed,475.31,2024-09-19 05:38:00
6014,6014,Credit Card,success,85.37,2024-05-21 20:18:00
6015,6015,Credit Card,success,233.82,2025-01-22 07:49:00
6016,6016,PayPal,success,1187.31,2023-10-16 13:30:00
6017,6017,Credit Card,success,448.94,2023-04-19 19:32:00
6018,6018,Apple Pay,success,745.76,2025-10-08 17:54:00
6019,6019,Credit Card,success,643.17,2024-08-25 06:40:00
6020,6020,Credit Card,success,128.16,2025-02-28 15:38:00
6021,6021,Credit Card,failed,528.23,2023-10-06 17:21:00
6022,6022,Credit Card,success,1590.29,2024-09-29 00:12:00
6023,6023,Crypto,failed,300.08,2025-04-19 07:09:00
6024,6024,Credit Card,success,605.05,2024-09-27 08:20:00
6025,6025,PayPal,success,330.59,2025-05-15 21:49:00
6026,6026,Crypto,success,887.61,2024-07-31 06:40:00
6027,6027,Credit Card,success,1292.83,2024-07-25 00:15:00
6028,6028,Credit Card,success,579.2,2023-10-15 18:22:00
6029,6029,Credit Card,success,56.55,2023-11-01 15:38:00
6030,6030,Credit Card,success,90.43,2025-02-04 17:19:00
6031,6031,Apple Pay,failed,359.15,2024-03-22 20:03:00
6032,6032,Credit Card,success,239.77,2024-10-21 10:33:00
6033,6033,Bank Transfer,success,87.56,2024-07-20 05:54:00
6034,6034,PayPal,success,409.66,2023-10-13 07:15:00
6035,6035,Credit Card,failed,614.45,2024-03-14 17:14:00
6036,6036,Credit Card,success,659.91,2024-01-01 17:18:00
6037,6037,Credit Card,success,483.73,2025-03-02 07:57:00
6038,6038,PayPal,success,315.29,2025-03-22 00:20:00
6039,6039,Credit Card,success,86.16,2024-10-14 15:32:00
6040,6040,Credit Card,success,745.25,2024-01-08 08:21:00
6041,6041,Credit Card,success,64.28,2024-11-27 04:15:00
6042,6042,Credit Card,success,157.56,2023-10-20 20:20:00
6043,6043,Apple Pay,success,339.2,2024-07-03 23:52:00
6044,6044,Credit Card,success,207.63,2023-06-07 23:09:00
6045,6045,PayPal,success,354.24,2024-10-03 06:18:00
6046,6046,Credit Card,success,258.58,2023-07-17 20:37:00
6047,6047,Credit Card,success,683.21,2024-03-20 20:33:00
6048,6048,PayPal,success,1328.3,2024-07-06 13:27:00
6049,6049,Bank Transfer,success,261.15,2024-04-02 16:14:00
6050,6050,Credit Card,success,165.54,2024-03-25 04:55:00
6051,6051,Crypto,success,720.72,2023-09-27 15:00:00
6052,6052,Credit Card,success,98.01,2025-01-17 10:32:00
6053,6053,Credit Card,success,276.78,2024-09-22 01:05:00
6054,6054,Credit Card,success,29.31,2024-09-22 12:36:00
6055,6055,Credit Card,success,203.27,2024-01-17 14:30:00
6056,6056,Apple Pay,success,186.16,2024-06-15 19:42:00
6057,6057,Credit Card,success,1223.71,2024-12-08 04:29:00
6058,6058,PayPal,success,144.89,2025-04-09 10:59:00
6059,6059,Credit Card,success,914.63,2024-02-21 06:57:00
6060,6060,Credit Card,success,424.34,2024-01-30 08:25:00
6061,6061,Crypto,success,388.81,2024-05-12 13:58:00
6062,6062,Apple Pay,success,812.25,2023-02-25 02:06:00
6063,6063,Credit Card,success,449.06,2024-05-04 00:44:00
6064,6064,Credit Card,failed,140.86,2025-05-03 07:45:00
6065,6065,Apple Pay,success,312.12,2024-05-12 12:36:00
6066,6066,Apple Pay,success,836.81,2023-12-26 12:01:00
6067,6067,Apple Pay,success,252.57,2024-04-08 03:58:00
6068,6068,Credit Card,success,428.96,2024-03-19 21:35:00
6069,6069,Credit Card,failed,422.26,2024-12-16 04:30:00
6070,6070,Crypto,success,1120.6,2025-03-21 13:20:00
6071,6071,PayPal,failed,482.33,2024-01-06 02:15:00
6072,6072,Credit Card,success,285.58,2023-12-23 00:05:00
6073,6073,Credit Card,failed,76.42,2024-05-09 11:28:00
6074,6074,PayPal,success,162.8,2025-05-25 23:18:00
6075,6075,Credit Card,success,71.32,2024-10-13 05:47:00
6076,6076,Credit Card,success,695.14,2024-06-04 02:20:00
6077,6077,Credit Card,success,402.48,2025-08-09 11:20:00
6078,6078,PayPal,success,442.0,2025-05-11 07:48:00
6079,6079,Credit Card,failed,801.95,2023-12-01 22:41:00
6080,6080,Credit Card,success,679.02,2023-08-07 11:49:00
6081,6081,Credit Card,success,725.85,2024-06-18 11:28:00
6082,6082,Apple Pay,success,1084.63,2024-04-02 17:09:00
6083,6083,Credit Card,success,190.67,2024-10-29 22:45:00
6084,6084,Credit Card,success,272.62,2024-09-01 17:31:00
6085,6085,PayPal,success,1748.29,2023-12-15 18:18:00
6086,6086,PayPal,success,409.58,2023-10-20 10:50:00
6087,6087,Apple Pay,success,699.12,2024-06-17 21:33:00
6088,6088,Credit Card,success,720.3,2024-05-05 19:00:00
6089,6089,Credit Card,success,805.34,2024-01-04 04:11:00
6090,6090,PayPal,success,160.81,2023-10-13 08:30:00
6091,6091,Credit Card,success,416.95,2025-04-20 16:37:00
6092,6092,Credit Card,success,329.21,2024-06-28 23:50:00
6093,6093,Credit Card,success,236.81,2024-08-07 03:02:00
6094,6094,Credit Card,success,854.33,2024-02-23 12:51:00
6095,6095,Credit Card,success,171.24,2024-04-28 15:02:00
6096,6096,Credit Card,success,234.17,2023-09-27 22:17:00
6097,6097,Credit Card,success,1415.98,2024-12-06 01:30:00
6098,6098,PayPal,failed,274.95,2025-08-31 00:24:00
6099,6099,Credit Card,failed,98.89,2024-08-19 13:15:00
6100,6100,Bank Transfer,success,181.59,2023-08-08 00:01:00
6101,6101,Credit Card,failed,104.0,2025-03-11 19:23:00
6102,6102,Credit Card,success,228.1,2025-02-12 21:08:00
6103,6103,Credit Card,success,222.31,2024-10-19 18:11:00
6104,6104,Credit Card,success,106.81,2024-08-17 02:04:00
6105,6105,Apple Pay,success,694.33,2023-07-12 03:40:00
6106,6106,Apple Pay,success,92.15,2023-06-19 06:53:00
6107,6107,Credit Card,failed,62.54,2025-02-23 02:28:00
6108,6108,Credit Card,success,727.96,2025-03-01 21:08:00
6109,6109,Apple Pay,success,810.07,2024-01-01 20:33:00
6110,6110,Credit Card,success,175.28,2025-09-08 14:25:00
6111,6111,PayPal,success,869.2,2024-04-17 06:46:00
6112,6112,Credit Card,success,765.46,2023-08-15 00:37:00
6113,6113,Apple Pay,success,259.3,2025-02-09 12:36:00
6114,6114,Credit Card,failed,429.12,2024-07-20 03:25:00
6115,6115,PayPal,success,458.93,2024-07-18 06:22:00
6116,6116,Credit Card,success,430.21,2024-09-13 09:18:00
6117,6117,PayPal,success,88.77,2024-09-02 02:03:00
6118,6118,PayPal,success,206.84,2024-07-04 20:15:00
6119,6119,PayPal,success,42.08,2023-10-15 00:06:00
6120,6120,Credit Card,failed,365.05,2024-07-27 00:28:00
6121,6121,PayPal,failed,228.1,2024-12-29 15:21:00
6122,6122,PayPal,success,212.83,2023-09-11 01:36:00
6123,6123,PayPal,success,216.83,2025-11-15 12:24:00
6124,6124,Crypto,success,882.38,2025-05-29 01:54:00
6125,6125,Credit Card,success,971.81,2024-04-21 20:14:00
6126,6126,PayPal,failed,373.34,2025-01-03 08:51:00
6127,6127,Credit Card,success,663.71,2023-10-04 21:35:00
6128,6128,Credit Card,success,206.97,2023-08-11 01:50:00
6129,6129,Crypto,failed,658.87,2024-12-18 12:00:00
6130,6130,Credit Card,success,780.07,2024-10-19 13:18:00
6131,6131,Apple Pay,success,352.77,2025-08-17 22:28:00
6132,6132,PayPal,success,20.73,2024-07-01 02:36:00
6133,6133,Credit Card,success,280.66,2024-07-17 20:29:00
6134,6134,Credit Card,success,135.32,2023-12-23 19:52:00
6135,6135,Apple Pay,success,305.71,2023-05-09 07:25:00
6136,6136,Credit Card,success,124.51,2024-01-28 20:49:00
6137,6137,Credit Card,success,22.02,2024-12-05 19:03:00
6138,6138,Credit Card,success,821.3,2023-08-24 12:34:00
6139,6139,Apple Pay,success,52.75,2024-02-24 12:26:00
6140,6140,PayPal,success,233.77,2023-10-17 04:23:00
6141,6141,Credit Card,success,600.15,2024-04-02 12:19:00
6142,6142,PayPal,success,601.04,2023-07-04 15:39:00
6143,6143,Credit Card,success,1144.88,2025-06-23 09:18:00
6144,6144,Credit Card,success,78.63,2024-11-11 16:33:00
6145,6145,Credit Card,success,222.13,2024-12-05 05:20:00
6146,6146,Credit Card,success,1580.87,2024-08-17 05:37:00
6147,6147,Credit Card,success,882.08,2024-06-19 07:21:00
6148,6148,Credit Card,success,510.82,2024-10-16 12:29:00
6149,6149,PayPal,success,80.44,2025-05-11 04:49:00
6150,6150,Credit Card,success,336.95,2023-08-05 09:09:00
6151,6151,PayPal,failed,422.58,2024-10-19 03:53:00
6152,6152,Credit Card,success,842.58,2024-11-19 13:43:00
6153,6153,PayPal,failed,706.85,2024-08-10 22:53:00
6154,6154,Apple Pay,failed,401.55,2024-06-23 17:29:00
6155,6155,PayPal,success,80.89,2024-11-23 13:35:00
6156,6156,Credit Card,success,295.47,2024-08-14 19:51:00
6157,6157,Apple Pay,failed,1321.16,2025-10-20 01:32:00
6158,6158,Credit Card,success,399.06,2023-09-23 04:20:00
6159,6159,Credit Card,success,206.84,2023-12-18 05:47:00
6160,6160,Credit Card,success,1410.22,2024-09-10 15:38:00
6161,6161,PayPal,success,308.79,2024-10-07 06:21:00
6162,6162,Bank Transfer,failed,438.52,2025-04-28 19:34:00
6163,6163,Credit Card,failed,1044.18,2024-12-11 02:56:00
6164,6164,Bank Transfer,success,63.05,2025-02-24 17:15:00
6165,6165,Credit Card,success,860.42,2023-12-10 12:22:00
6166,6166,Credit Card,failed,895.47,2024-06-02 07:16:00
6167,6167,PayPal,success,346.48,2023-11-27 18:19:00
6168,6168,Credit Card,success,790.58,2023-12-28 20:19:00
6169,6169,Credit Card,failed,244.61,2024-05-17 08:32:00
6170,6170,Credit Card,success,370.96,2023-12-16 15:28:00
6171,6171,Apple Pay,success,385.1,2024-05-12 01:41:00
6172,6172,Crypto,success,889.4,2024-05-06 08:11:00
6173,6173,Credit Card,success,294.1,2024-10-08 18:18:00
6174,6174,PayPal,success,437.13,2024-02-19 03:02:00
6175,6175,PayPal,success,70.43,2025-01-17 16:54:00
6176,6176,Credit Card,success,678.52,2024-01-16 18:50:00
6177,6177,PayPal,success,451.18,2023-06-01 02:31:00
6178,6178,Credit Card,failed,96.34,2024-05-19 22:57:00
6179,6179,PayPal,success,330.87,2023-12-15 12:00:00
6180,6180,Apple Pay,failed,442.0,2023-10-27 14:00:00
6181,6181,Apple Pay,success,251.01,2023-10-18 03:49:00
6182,6182,Credit Card,failed,280.66,2024-11-04 13:35:00
6183,6183,PayPal,success,614.2,2024-07-03 20:01:00
6184,6184,Crypto,success,353.56,2023-12-08 11:04:00
6185,6185,Credit Card,success,370.96,2023-10-07 12:53:00
6186,6186,PayPal,success,319.61,2025-04-02 09:29:00
6187,6187,Credit Card,success,813.41,2024-08-18 08:29:00
6188,6188,PayPal,success,549.18,2025-09-19 06:16:00
6189,6189,Credit Card,success,643.92,2024-10-08 13:20:00
6190,6190,PayPal,success,169.29,2023-05-01 21:56:00
6191,6191,PayPal,success,582.72,2024-07-30 17:41:00
6192,6192,Credit Card,failed,140.86,2024-09-28 15:39:00
6193,6193,PayPal,success,31.9,2023-12-04 17:34:00
6194,6194,Apple Pay,failed,233.82,2025-04-15 10:10:00
6195,6195,PayPal,failed,187.88,2025-04-23 08:59:00
6196,6196,PayPal,success,455.64,2024-09-13 19:57:00
6197,6197,PayPal,success,1335.14,2025-04-24 00:49:00
6198,6198,Credit Card,success,455.43,2023-12-02 11:18:00
6199,6199,Apple Pay,failed,228.1,2024-05-22 04:25:00
6200,6200,Crypto,success,688.6,2025-03-25 16:03:00
6201,6201,PayPal,success,243.81,2025-09-25 08:54:00
6202,6202,PayPal,success,76.42,2023-07-20 09:49:00
6203,6203,PayPal,success,137.63,2025-02-01 06:45:00
6204,6204,Credit Card,success,699.11,2025-06-20 11:07:00
6205,6205,Credit Card,success,772.14,2024-11-18 01:42:00
6206,6206,Credit Card,success,528.96,2023-11-22 20:03:00
6207,6207,PayPal,success,160.61,2024-06-22 19:14:00
6208,6208,Bank Transfer,success,45.74,2023-06-13 05:12:00
6209,6209,Credit Card,success,1059.04,2024-10-29 05:22:00
6210,6210,Credit Card,success,238.87,2025-04-14 06:00:00
6211,6211,Credit Card,success,888.04,2024-09-21 22:01:00
6212,6212,Credit Card,success,950.76,2023-07-10 20:30:00
6213,6213,PayPal,success,422.39,2024-09-03 17:17:00
6214,6214,Credit Card,success,415.65,2024-09-04 17:03:00
6215,6215,PayPal,success,972.98,2024-09-19 16:59:00
6216,6216,Credit Card,failed,228.1,2023-10-23 23:16:00
6217,6217,Credit Card,success,1189.1,2025-04-06 20:39:00
6218,6218,Credit Card,success,1544.51,2023-10-05 07:32:00
6219,6219,Credit Card,success,232.44,2023-12-26 07:22:00
6220,6220,Credit Card,success,430.21,2024-10-30 16:14:00
6221,6221,Credit Card,failed,554.95,2023-11-03 20:25:00
6222,6222,PayPal,success,299.72,2024-02-14 15:30:00
6223,6223,Credit Card,success,299.79,2024-06-12 08:32:00
6224,6224,Apple Pay,success,1243.51,2024-07-06 19:21:00
6225,6225,Credit Card,success,599.44,2023-11-10 07:06:00
6226,6226,PayPal,failed,407.95,2023-07-27 07:55:00
6227,6227,Credit Card,success,505.73,2024-05-14 04:41:00
6228,6228,Bank Transfer,failed,367.53,2024-01-07 22:26:00
6229,6229,Credit Card,success,188.28,2025-10-21 16:48:00
6230,6230,Credit Card,success,965.04,2023-07-07 14:24:00
6231,6231,Credit Card,success,344.36,2024-10-03 01:20:00
6232,6232,Credit Card,success,850.09,2024-08-11 04:35:00
6233,6233,Credit Card,success,468.09,2024-10-02 13:32:00
6234,6234,Credit Card,failed,101.72,2025-03-15 19:36:00
6235,6235,PayPal,success,623.9,2023-12-25 12:38:00
6236,6236,PayPal,failed,175.87,2025-05-02 03:46:00
6237,6237,PayPal,success,226.69,2023-08-04 06:42:00
6238,6238,PayPal,success,141.61,2024-11-01 15:15:00
6239,6239,Credit Card,success,270.79,2025-04-13 12:16:00
6240,6240,Credit Card,success,194.27,2023-12-14 09:18:00
6241,6241,PayPal,success,1385.29,2024-11-29 10:30:00
6242,6242,Credit Card,success,230.72,2024-09-19 23:07:00
6243,6243,Credit Card,success,272.62,2024-08-02 07:13:00
6244,6244,Crypto,success,259.96,2023-04-27 18:51:00
6245,6245,Credit Card,success,459.84,2024-08-01 00:39:00
6246,6246,Bank Transfer,failed,784.34,2025-11-03 23:01:00
6247,6247,Credit Card,success,159.55,2024-12-09 08:04:00
6248,6248,Credit Card,failed,54.32,2024-09-30 17:58:00
6249,6249,PayPal,success,288.11,2023-12-27 16:11:00
6250,6250,Crypto,success,143.6,2023-10-01 05:08:00
6251,6251,Credit Card,success,467.07,2024-10-27 21:07:00
6252,6252,Credit Card,failed,85.38,2023-03-24 11:02:00
6253,6253,Credit Card,success,894.46,2023-08-10 10:22:00
6254,6254,Credit Card,success,463.37,2024-08-30 12:34:00
6255,6255,Apple Pay,success,412.27,2024-02-24 02:10:00
6256,6256,PayPal,success,266.44,2024-11-08 17:20:00
6257,6257,Credit Card,success,502.04,2024-07-13 01:20:00
6258,6258,Credit Card,failed,952.53,2024-03-29 18:01:00
6259,6259,Credit Card,success,299.72,2023-06-21 01:10:00
6260,6260,Apple Pay,success,80.0,2023-05-18 18:01:00
6261,6261,Apple Pay,success,253.0,2024-10-10 11:44:00
6262,6262,PayPal,success,104.0,2023-09-04 00:49:00
6263,6263,Credit Card,success,650.09,2024-06-04 01:26:00
6264,6264,Credit Card,success,505.83,2024-11-12 19:27:00
6265,6265,Credit Card,success,1405.58,2024-03-18 03:05:00
6266,6266,Credit Card,success,235.2,2024-04-08 05:02:00
6267,6267,Credit Card,success,409.66,2024-09-12 14:07:00
6268,6268,PayPal,success,442.0,2024-10-17 12:07:00
6269,6269,Credit Card,failed,50.41,2024-07-31 21:20:00
6270,6270,Credit Card,success,954.68,2024-01-21 03:21:00
6271,6271,Apple Pay,success,52.75,2023-05-31 06:31:00
6272,6272,Credit Card,success,152.55,2025-12-03 11:30:00
6273,6273,Credit Card,success,682.69,2023-02-26 22:29:00
6274,6274,PayPal,success,438.52,2024-11-26 14:22:00
6275,6275,Credit Card,success,469.43,2025-09-19 04:31:00
6276,6276,Apple Pay,success,332.43,2024-07-27 13:09:00
6277,6277,PayPal,success,762.19,2024-03-20 18:43:00
6278,6278,Credit Card,success,95.43,2023-12-05 04:44:00
6279,6279,Credit Card,success,338.19,2024-05-27 02:38:00
6280,6280,Apple Pay,success,52.63,2024-03-29 03:25:00
6281,6281,Credit Card,success,290.09,2023-10-12 03:08:00
6282,6282,PayPal,success,419.65,2023-08-15 14:19:00
6283,6283,PayPal,success,145.71,2024-05-31 14:36:00
6284,6284,Credit Card,failed,121.41,2024-04-11 01:37:00
6285,6285,Credit Card,failed,143.03,2024-08-16 10:14:00
6286,6286,Apple Pay,success,141.13,2024-04-09 22:46:00
6287,6287,Credit Card,success,1162.81,2025-04-10 08:37:00
6288,6288,Credit Card,success,79.38,2024-09-04 02:26:00
6289,6289,Credit Card,success,728.03,2024-07-05 19:00:00
6290,6290,Bank Transfer,failed,267.66,2024-05-27 17:01:00
6291,6291,Credit Card,success,269.8,2024-06-18 15:02:00
6292,6292,PayPal,success,439.0,2025-04-11 15:20:00
6293,6293,Credit Card,success,381.62,2024-09-21 04:39:00
6294,6294,Credit Card,failed,362.89,2024-04-19 20:37:00
6295,6295,Credit Card,success,81.31,2024-12-07 06:04:00
6296,6296,Crypto,failed,352.41,2025-05-28 07:41:00
6297,6297,Credit Card,success,133.04,2024-07-31 07:21:00
6298,6298,PayPal,success,1078.8,2024-06-09 01:32:00
6299,6299,Credit Card,success,637.93,2023-03-11 23:25:00
6300,6300,PayPal,success,683.54,2024-06-21 18:36:00
6301,6301,Credit Card,success,415.65,2023-07-30 10:50:00
6302,6302,Credit Card,success,426.92,2024-09-22 10:58:00
6303,6303,PayPal,success,160.78,2024-04-09 16:57:00
6304,6304,Apple Pay,success,1076.66,2024-04-09 01:43:00
6305,6305,Credit Card,success,188.28,2023-12-30 18:02:00
6306,6306,Credit Card,success,788.64,2023-12-06 07:20:00
6307,6307,PayPal,failed,1231.58,2024-04-20 15:41:00
6308,6308,Credit Card,success,262.54,2025-03-25 16:05:00
6309,6309,PayPal,failed,254.88,2024-06-27 03:33:00
6310,6310,Credit Card,success,253.0,2024-11-28 08:42:00
6311,6311,Apple Pay,success,824.54,2024-02-22 00:42:00
6312,6312,PayPal,success,399.32,2024-03-12 01:57:00
6313,6313,Credit Card,success,417.71,2024-03-22 16:54:00
6314,6314,Credit Card,success,220.97,2025-04-17 16:38:00
6315,6315,Credit Card,success,108.88,2024-06-22 07:45:00
6316,6316,Bank Transfer,success,356.07,2024-03-24 23:08:00
6317,6317,Apple Pay,success,675.63,2024-10-19 21:51:00
6318,6318,Credit Card,failed,248.86,2024-03-02 03:23:00
6319,6319,Credit Card,failed,178.58,2023-09-19 15:24:00
6320,6320,Credit Card,success,374.34,2023-08-13 19:43:00
6321,6321,Apple Pay,success,63.39,2025-07-18 01:06:00
6322,6322,PayPal,success,458.23,2024-04-21 06:10:00
6323,6323,Crypto,success,704.52,2024-11-19 01:50:00
6324,6324,Apple Pay,success,76.42,2024-10-04 05:02:00
6325,6325,Credit Card,success,1251.8,2025-05-23 10:51:00
6326,6326,PayPal,success,1038.38,2024-10-10 16:29:00
6327,6327,Credit Card,success,1372.05,2025-02-25 11:44:00
6328,6328,Credit Card,success,863.73,2023-04-26 17:08:00
6329,6329,PayPal,failed,611.55,2025-01-17 05:03:00
6330,6330,Credit Card,failed,1312.2,2024-11-22 01:09:00
6331,6331,Apple Pay,success,80.44,2024-05-13 22:26:00
6332,6332,Credit Card,failed,808.03,2025-02-25 23:01:00
6333,6333,Credit Card,success,74.36,2024-05-22 19:12:00
6334,6334,Credit Card,failed,376.64,2024-03-18 08:14:00
6335,6335,PayPal,success,68.82,2025-02-23 20:11:00
6336,6336,Apple Pay,success,44.33,2024-07-21 10:22:00
6337,6337,Credit Card,failed,65.68,2025-03-26 23:43:00
6338,6338,Credit Card,success,394.04,2025-01-30 18:43:00
6339,6339,Credit Card,success,291.88,2023-02-08 00:55:00
6340,6340,Apple Pay,success,327.63,2025-04-22 11:14:00
6341,6341,Credit Card,success,1501.69,2023-10-21 14:26:00
6342,6342,Credit Card,success,847.97,2024-06-07 17:28:00
6343,6343,PayPal,success,431.12,2024-10-26 17:43:00
6344,6344,Credit Card,success,257.0,2024-05-29 02:54:00
6345,6345,Credit Card,success,762.56,2023-02-15 22:40:00
6346,6346,Credit Card,success,1519.88,2024-09-06 14:32:00
6347,6347,Credit Card,success,807.41,2025-06-04 04:41:00
6348,6348,Credit Card,failed,370.12,2025-03-10 00:54:00
6349,6349,Credit Card,failed,454.57,2024-07-26 19:20:00
6350,6350,PayPal,success,546.68,2025-09-06 14:31:00
6351,6351,Credit Card,success,1070.51,2024-03-08 07:51:00
6352,6352,PayPal,success,416.9,2023-09-11 13:11:00
6353,6353,Crypto,success,591.92,2024-07-12 16:15:00
6354,6354,Credit Card,success,365.12,2024-07-09 02:52:00
6355,6355,Credit Card,success,276.07,2024-04-22 23:42:00
6356,6356,Apple Pay,success,190.13,2024-12-24 17:55:00
6357,6357,Credit Card,success,220.82,2024-02-04 02:44:00
6358,6358,Credit Card,success,733.11,2025-02-23 18:28:00
6359,6359,Credit Card,success,253.13,2024-04-28 03:48:00
6360,6360,Crypto,success,577.96,2024-04-15 03:00:00
6361,6361,Credit Card,success,285.58,2024-07-03 19:11:00
6362,6362,Credit Card,failed,113.91,2023-08-03 00:34:00
6363,6363,Credit Card,success,209.46,2023-12-31 02:19:00
6364,6364,PayPal,success,407.06,2024-01-30 03:13:00
6365,6365,Credit Card,success,1089.14,2024-09-29 22:47:00
6366,6366,Bank Transfer,failed,270.79,2024-07-16 17:03:00
6367,6367,Credit Card,success,636.71,2024-07-23 01:39:00
6368,6368,Credit Card,success,156.81,2025-01-06 06:00:00
6369,6369,Credit Card,success,2164.47,2024-03-06 07:29:00
6370,6370,Apple Pay,success,1147.01,2025-01-26 21:30:00
6371,6371,PayPal,failed,177.12,2024-08-06 23:08:00
6372,6372,Credit Card,success,469.69,2025-02-10 10:43:00
6373,6373,PayPal,failed,80.44,2023-04-03 17:30:00
6374,6374,Credit Card,success,359.13,2023-12-10 16:36:00
6375,6375,Credit Card,success,283.46,2025-04-22 16:58:00
6376,6376,Credit Card,success,1296.03,2023-08-17 16:52:00
6377,6377,Credit Card,success,341.58,2024-09-19 03:36:00
6378,6378,PayPal,success,987.93,2024-12-22 04:48:00
6379,6379,Apple Pay,success,1213.36,2025-01-18 23:42:00
6380,6380,PayPal,success,586.17,2024-03-29 20:50:00
6381,6381,Apple Pay,success,386.73,2023-12-30 01:14:00
6382,6382,Credit Card,success,47.67,2025-06-15 17:39:00
6383,6383,Credit Card,success,1638.34,2024-10-14 20:07:00
6384,6384,Apple Pay,success,533.37,2023-06-08 19:30:00
6385,6385,Credit Card,success,683.74,2023-08-31 04:54:00
6386,6386,Credit Card,success,134.9,2025-05-02 11:39:00
6387,6387,Credit Card,success,231.2,2024-05-10 12:43:00
6388,6388,Apple Pay,success,361.54,2023-05-29 05:34:00
6389,6389,Credit Card,success,414.69,2024-03-30 19:36:00
6390,6390,Apple Pay,success,602.24,2024-04-08 09:32:00
6391,6391,Apple Pay,success,1010.45,2024-08-12 16:57:00
6392,6392,Credit Card,success,399.42,2023-10-15 16:57:00
6393,6393,PayPal,failed,156.81,2024-04-23 04:47:00
6394,6394,Crypto,failed,856.98,2024-02-19 15:32:00
6395,6395,Crypto,success,1170.54,2024-01-22 16:56:00
6396,6396,Credit Card,success,84.77,2023-08-19 01:29:00
6397,6397,Credit Card,success,775.99,2024-09-28 07:21:00
6398,6398,PayPal,success,1105.17,2023-09-17 04:01:00
6399,6399,Credit Card,success,269.95,2025-03-01 17:10:00
6400,6400,Credit Card,success,317.74,2024-11-10 05:18:00
6401,6401,Crypto,success,71.32,2023-07-21 22:44:00
6402,6402,Apple Pay,success,166.8,2023-10-14 10:23:00
6403,6403,PayPal,success,897.57,2024-12-11 02:04:00
6404,6404,Credit Card,failed,208.68,2023-07-01 18:57:00
6405,6405,Bank Transfer,success,528.15,2024-01-08 05:49:00
6406,6406,Credit Card,success,922.49,2023-12-04 15:48:00
6407,6407,Credit Card,success,978.72,2023-09-22 07:14:00
6408,6408,Bank Transfer,success,441.19,2023-05-17 14:43:00
6409,6409,Credit Card,success,785.87,2024-05-27 12:53:00
6410,6410,PayPal,success,115.87,2023-12-15 21:03:00
6411,6411,Credit Card,success,235.81,2024-07-26 07:45:00
6412,6412,Credit Card,success,779.12,2024-02-23 19:21:00
6413,6413,Credit Card,success,1104.95,2024-02-10 17:52:00
6414,6414,PayPal,success,948.83,2024-06-18 13:57:00
6415,6415,Credit Card,success,54.13,2024-06-14 09:59:00
6416,6416,PayPal,success,374.81,2025-06-30 02:19:00
6417,6417,PayPal,success,231.2,2024-05-15 14:55:00
6418,6418,Apple Pay,success,354.43,2025-02-20 11:30:00
6419,6419,Credit Card,success,1374.26,2024-08-27 13:07:00
6420,6420,Credit Card,success,338.9,2025-04-19 10:19:00
6421,6421,Apple Pay,success,633.52,2025-06-03 02:45:00
6422,6422,Credit Card,failed,718.15,2024-09-24 05:13:00
6423,6423,Credit Card,success,183.94,2024-08-03 15:24:00
6424,6424,Credit Card,success,406.48,2024-11-18 02:25:00
6425,6425,Credit Card,success,444.51,2025-04-18 10:13:00
6426,6426,Crypto,success,813.49,2025-01-02 21:43:00
6427,6427,Credit Card,failed,143.37,2024-02-25 05:47:00
6428,6428,Apple Pay,success,173.95,2024-08-10 03:22:00
6429,6429,PayPal,success,859.34,2023-10-17 04:56:00
6430,6430,PayPal,success,405.11,2024-11-17 21:43:00
6431,6431,Bank Transfer,failed,1214.13,2024-01-08 22:16:00
6432,6432,Credit Card,success,52.75,2023-10-28 12:22:00
6433,6433,Credit Card,success,154.96,2025-02-20 13:02:00
6434,6434,PayPal,failed,238.62,2024-06-19 21:31:00
6435,6435,Credit Card,success,404.03,2024-01-27 00:10:00
6436,6436,Credit Card,success,92.51,2024-07-09 13:57:00
6437,6437,PayPal,success,197.45,2023-08-23 23:41:00
6438,6438,Credit Card,success,396.45,2024-03-30 19:37:00
6439,6439,Apple Pay,success,793.21,2024-10-17 08:45:00
6440,6440,Apple Pay,success,206.97,2024-12-25 01:22:00
6441,6441,Credit Card,success,71.32,2025-03-24 03:55:00
6442,6442,Credit Card,success,262.0,2024-06-07 10:29:00
6443,6443,Credit Card,success,198.27,2025-05-19 23:57:00
6444,6444,Credit Card,success,438.0,2023-03-31 12:55:00
6445,6445,PayPal,success,330.87,2025-03-08 22:55:00
6446,6446,PayPal,success,404.03,2024-04-03 09:10:00
6447,6447,PayPal,success,188.28,2024-11-12 11:05:00
6448,6448,Credit Card,success,244.09,2025-01-22 16:16:00
6449,6449,PayPal,success,477.74,2024-10-09 03:14:00
6450,6450,PayPal,success,799.15,2025-05-12 21:24:00
6451,6451,Credit Card,success,478.39,2024-07-10 05:42:00
6452,6452,PayPal,success,786.63,2025-06-28 06:10:00
6453,6453,Credit Card,failed,286.65,2024-02-10 05:08:00
6454,6454,Apple Pay,success,200.98,2024-04-23 21:32:00
6455,6455,Credit Card,success,233.77,2025-01-13 08:55:00
6456,6456,Credit Card,success,829.13,2025-05-23 10:13:00
6457,6457,PayPal,success,1010.92,2024-07-02 11:41:00
6458,6458,Credit Card,failed,715.86,2025-09-08 06:57:00
6459,6459,Credit Card,success,1269.71,2024-12-15 09:35:00
6460,6460,Credit Card,success,322.94,2025-01-22 11:21:00
6461,6461,Bank Transfer,success,542.43,2024-01-31 12:53:00
6462,6462,Credit Card,success,929.63,2023-07-03 03:08:00
6463,6463,PayPal,success,1258.42,2023-04-23 11:38:00
6464,6464,PayPal,failed,109.88,2025-05-19 04:02:00
6465,6465,PayPal,success,308.64,2024-11-28 02:51:00
6466,6466,Credit Card,success,297.94,2024-11-14 07:58:00
6467,6467,Credit Card,success,672.09,2024-11-06 05:27:00
6468,6468,Credit Card,success,418.35,2024-07-13 16:21:00
6469,6469,Credit Card,success,410.04,2024-02-26 15:51:00
6470,6470,PayPal,success,412.27,2024-06-27 19:04:00
6471,6471,PayPal,success,456.41,2025-01-16 04:20:00
6472,6472,PayPal,success,305.82,2023-06-05 09:06:00
6473,6473,Apple Pay,success,656.56,2024-01-20 02:09:00
6474,6474,Credit Card,success,806.01,2023-12-26 06:48:00
6475,6475,PayPal,success,363.21,2023-07-09 14:02:00
6476,6476,Credit Card,success,485.32,2024-04-24 13:22:00
6477,6477,Credit Card,failed,169.29,2024-08-02 07:00:00
6478,6478,Credit Card,success,328.73,2024-04-18 21:15:00
6479,6479,PayPal,success,137.26,2024-11-11 14:48:00
6480,6480,Credit Card,success,234.1,2024-10-20 16:59:00
6481,6481,Credit Card,success,918.39,2024-07-23 01:21:00
6482,6482,Apple Pay,success,397.07,2024-03-11 08:45:00
6483,6483,PayPal,success,177.12,2024-09-16 07:48:00
6484,6484,Apple Pay,success,228.1,2024-08-14 18:28:00
6485,6485,Credit Card,success,85.37,2025-04-26 20:17:00
6486,6486,Credit Card,failed,551.45,2025-06-06 07:40:00
6487,6487,Credit Card,success,374.68,2024-07-04 20:05:00
6488,6488,PayPal,success,70.43,2024-05-31 10:12:00
6489,6489,Credit Card,success,467.68,2023-07-07 14:10:00
6490,6490,Credit Card,success,1356.56,2024-10-08 05:37:00
6491,6491,PayPal,success,215.97,2024-01-03 19:11:00
6492,6492,Credit Card,success,653.38,2024-06-22 16:20:00
6493,6493,Credit Card,success,616.97,2025-02-03 08:24:00
6494,6494,Bank Transfer,success,52.75,2025-04-11 11:03:00
6495,6495,Credit Card,success,192.15,2025-01-28 08:36:00
6496,6496,Credit Card,success,700.06,2024-12-20 07:08:00
6497,6497,Credit Card,success,294.1,2024-04-12 14:33:00
6498,6498,PayPal,success,175.44,2024-12-19 20:16:00
6499,6499,Credit Card,success,71.32,2024-12-14 05:11:00
6500,6500,Credit Card,success,238.62,2024-03-07 22:47:00
6501,6501,Credit Card,success,409.05,2024-05-04 14:53:00
6502,6502,Credit Card,success,646.43,2024-06-14 18:40:00
6503,6503,Credit Card,success,156.56,2024-09-24 03:58:00
6504,6504,Apple Pay,success,1847.97,2024-01-09 05:39:00
6505,6505,Credit Card,success,140.89,2025-02-24 11:49:00
6506,6506,Credit Card,failed,166.8,2023-12-25 22:39:00
6507,6507,Credit Card,success,622.55,2025-03-14 12:25:00
6508,6508,PayPal,failed,784.83,2023-08-24 20:37:00
6509,6509,PayPal,success,288.11,2024-04-28 02:12:00
6510,6510,Credit Card,success,908.81,2023-10-27 01:44:00
6511,6511,Credit Card,success,288.11,2024-07-10 04:20:00
6512,6512,Credit Card,success,1622.98,2025-04-27 12:40:00
6513,6513,PayPal,success,216.69,2024-07-24 08:41:00
6514,6514,Credit Card,failed,413.01,2025-10-27 08:25:00
6515,6515,Credit Card,failed,46.76,2024-07-19 15:46:00
6516,6516,PayPal,success,426.94,2024-06-06 20:02:00
6517,6517,PayPal,success,630.88,2024-02-14 11:31:00
6518,6518,Apple Pay,success,195.07,2025-10-19 00:40:00
6519,6519,PayPal,success,360.38,2024-10-12 18:28:00
6520,6520,Apple Pay,success,164.07,2024-10-10 19:32:00
6521,6521,Credit Card,success,332.43,2025-05-06 15:29:00
6522,6522,PayPal,success,259.3,2025-02-03 17:52:00
6523,6523,Credit Card,failed,518.24,2024-04-29 21:18:00
6524,6524,Credit Card,success,410.91,2024-09-04 12:45:00
6525,6525,Credit Card,success,78.78,2024-08-22 05:37:00
6526,6526,Credit Card,success,530.43,2024-08-21 18:44:00
6527,6527,PayPal,success,462.19,2025-02-19 09:41:00
6528,6528,Crypto,success,859.14,2025-08-04 20:53:00
6529,6529,Credit Card,success,572.48,2024-02-25 05:40:00
6530,6530,Credit Card,success,292.39,2023-09-11 13:09:00
6531,6531,Credit Card,success,416.71,2024-11-26 21:35:00
6532,6532,Credit Card,success,340.92,2024-07-30 02:06:00
6533,6533,Credit Card,success,715.98,2024-06-17 01:30:00
6534,6534,Apple Pay,failed,569.6,2024-10-02 09:26:00
6535,6535,Credit Card,success,303.79,2024-04-23 22:45:00
6536,6536,Credit Card,failed,111.01,2024-06-28 01:11:00
6537,6537,Bank Transfer,success,79.38,2024-10-10 21:57:00
6538,6538,Credit Card,success,184.19,2023-07-11 22:35:00
6539,6539,Credit Card,success,438.52,2024-12-24 22:01:00
6540,6540,Credit Card,success,370.96,2024-11-18 22:56:00
6541,6541,PayPal,success,209.2,2024-04-07 17:21:00
6542,6542,Apple Pay,success,139.28,2024-08-05 09:41:00
6543,6543,Credit Card,success,418.26,2024-04-27 15:17:00
6544,6544,Credit Card,success,1362.23,2024-07-17 03:06:00
6545,6545,Credit Card,success,974.85,2024-11-11 07:25:00
6546,6546,Credit Card,success,711.4,2024-06-16 16:46:00
6547,6547,PayPal,failed,1029.43,2025-02-27 11:32:00
6548,6548,Credit Card,success,619.31,2024-08-04 12:50:00
6549,6549,PayPal,success,483.97,2024-01-13 01:08:00
6550,6550,Credit Card,success,66.88,2025-04-17 22:21:00
6551,6551,Credit Card,success,310.78,2023-08-22 20:05:00
6552,6552,PayPal,success,1347.15,2025-04-22 02:06:00
6553,6553,Credit Card,success,425.12,2024-10-06 05:03:00
6554,6554,Credit Card,success,1420.34,2023-10-07 09:53:00
6555,6555,PayPal,success,245.76,2025-04-08 18:49:00
6556,6556,Credit Card,failed,230.72,2024-11-15 18:24:00
6557,6557,Credit Card,success,638.49,2023-08-16 21:58:00
6558,6558,Apple Pay,success,74.29,2024-01-31 09:48:00
6559,6559,Credit Card,success,523.63,2023-11-05 09:42:00
6560,6560,Crypto,success,1175.53,2024-02-07 22:00:00
6561,6561,Credit Card,success,176.82,2023-11-10 20:51:00
6562,6562,PayPal,failed,416.95,2024-10-20 15:13:00
6563,6563,PayPal,success,841.17,2023-12-08 18:57:00
6564,6564,Crypto,success,1092.92,2023-11-06 11:00:00
6565,6565,Crypto,success,417.0,2024-10-14 02:59:00
6566,6566,Apple Pay,success,299.72,2024-03-17 03:35:00
6567,6567,Apple Pay,success,336.43,2024-02-25 09:48:00
6568,6568,Credit Card,success,319.61,2024-07-16 22:02:00
6569,6569,Credit Card,success,205.04,2024-06-08 00:41:00
6570,6570,PayPal,success,355.35,2023-08-12 05:31:00
6571,6571,Crypto,failed,1205.53,2023-08-12 03:08:00
6572,6572,PayPal,success,1122.63,2024-09-26 03:56:00
6573,6573,Credit Card,success,228.76,2024-04-28 10:40:00
6574,6574,Apple Pay,success,529.91,2025-01-24 13:01:00
6575,6575,Credit Card,success,85.38,2023-04-12 22:02:00
6576,6576,Credit Card,success,138.46,2024-03-03 01:26:00
6577,6577,PayPal,success,389.17,2025-07-28 17:57:00
6578,6578,Credit Card,success,812.37,2023-04-28 19:20:00
6579,6579,PayPal,success,106.81,2024-04-01 10:01:00
6580,6580,Credit Card,success,128.16,2025-04-30 01:05:00
6581,6581,Apple Pay,success,771.06,2024-02-08 07:26:00
6582,6582,Credit Card,success,590.84,2025-04-11 17:34:00
6583,6583,Credit Card,success,199.05,2025-03-29 13:28:00
6584,6584,Credit Card,success,430.21,2025-06-18 11:14:00
6585,6585,Credit Card,success,437.35,2024-03-10 19:06:00
6586,6586,Credit Card,success,70.43,2023-09-08 21:41:00
6587,6587,Credit Card,failed,1661.7,2023-08-12 04:51:00
6588,6588,PayPal,success,209.88,2024-03-05 04:50:00
6589,6589,PayPal,success,205.58,2024-12-28 02:53:00
6590,6590,Crypto,success,767.2,2025-05-27 12:08:00
6591,6591,Apple Pay,success,162.8,2025-01-15 13:43:00
6592,6592,Credit Card,success,1571.27,2024-08-15 22:13:00
6593,6593,Credit Card,success,200.89,2024-04-03 05:40:00
6594,6594,PayPal,success,171.24,2024-07-20 23:38:00
6595,6595,Credit Card,success,180.2,2024-08-03 10:31:00
6596,6596,Apple Pay,success,786.65,2024-08-31 11:00:00
6597,6597,Apple Pay,success,555.52,2023-03-14 17:19:00
6598,6598,Credit Card,failed,307.28,2024-03-31 02:06:00
6599,6599,Apple Pay,failed,204.61,2025-08-19 15:55:00
6600,6600,Apple Pay,success,225.21,2025-01-02 10:57:00
6601,6601,Apple Pay,success,554.83,2024-10-05 04:16:00
6602,6602,Crypto,failed,377.81,2024-05-14 17:40:00
6603,6603,PayPal,success,436.2,2023-10-25 00:48:00
6604,6604,Credit Card,success,500.01,2024-02-09 00:47:00
6605,6605,Credit Card,success,259.96,2024-05-03 17:56:00
6606,6606,Credit Card,success,95.73,2024-01-23 14:11:00
6607,6607,Apple Pay,success,831.22,2024-05-29 09:41:00
6608,6608,Credit Card,success,1723.62,2025-02-27 23:19:00
6609,6609,Credit Card,success,139.03,2024-08-13 03:20:00
6610,6610,Credit Card,success,616.68,2025-06-22 08:02:00
6611,6611,Credit Card,failed,279.67,2024-11-19 18:43:00
6612,6612,Credit Card,success,794.92,2024-12-29 07:42:00
6613,6613,Credit Card,success,50.32,2025-03-09 21:27:00
6614,6614,PayPal,success,507.15,2023-08-03 02:30:00
6615,6615,Credit Card,success,439.98,2025-01-20 22:22:00
6616,6616,Apple Pay,success,1230.48,2024-06-20 09:22:00
6617,6617,PayPal,success,1917.55,2024-11-18 13:58:00
6618,6618,Crypto,success,636.43,2024-07-07 23:27:00
6619,6619,Credit Card,success,81.11,2024-04-02 04:05:00
6620,6620,Apple Pay,success,1096.3,2024-05-28 16:01:00
6621,6621,Credit Card,success,1513.45,2024-02-12 21:01:00
6622,6622,Apple Pay,success,93.87,2024-10-24 01:10:00
6623,6623,PayPal,success,640.72,2024-09-18 19:49:00
6624,6624,PayPal,success,369.12,2025-03-12 16:37:00
6625,6625,PayPal,success,337.62,2024-02-17 22:57:00
6626,6626,PayPal,success,46.76,2024-12-28 07:18:00
6627,6627,PayPal,failed,613.51,2024-09-06 06:02:00
6628,6628,Credit Card,success,240.65,2024-02-11 07:12:00
6629,6629,Credit Card,success,244.34,2023-12-02 08:25:00
6630,6630,Credit Card,success,206.97,2025-07-02 03:39:00
6631,6631,Credit Card,success,373.2,2025-01-09 09:58:00
6632,6632,Crypto,success,295.24,2025-06-28 18:02:00
6633,6633,Credit Card,success,212.83,2025-01-26 20:01:00
6634,6634,Credit Card,success,382.51,2024-06-17 13:20:00
6635,6635,PayPal,success,211.63,2025-02-22 01:27:00
6636,6636,PayPal,success,380.34,2024-09-16 19:23:00
6637,6637,PayPal,success,619.68,2024-11-10 06:48:00
6638,6638,PayPal,success,64.19,2023-11-08 08:31:00
6639,6639,Credit Card,success,225.21,2025-01-07 08:22:00
6640,6640,Credit Card,success,558.2,2025-03-18 23:30:00
6641,6641,Credit Card,success,681.9,2024-12-09 14:42:00
6642,6642,Credit Card,success,995.08,2023-12-02 21:14:00
6643,6643,Bank Transfer,success,265.89,2025-06-07 21:54:00
6644,6644,PayPal,success,422.26,2024-01-30 19:23:00
6645,6645,Credit Card,success,252.59,2024-05-11 23:48:00
6646,6646,Credit Card,success,272.98,2024-05-15 03:19:00
6647,6647,Credit Card,success,259.3,2023-07-22 01:57:00
6648,6648,Credit Card,success,280.66,2024-08-08 18:28:00
6649,6649,Credit Card,success,198.27,2025-06-18 13:39:00
6650,6650,Credit Card,success,383.96,2023-12-17 11:02:00
6651,6651,PayPal,success,113.0,2025-06-19 11:21:00
6652,6652,Credit Card,success,658.87,2024-04-15 18:19:00
6653,6653,Crypto,success,460.4,2025-06-02 04:57:00
6654,6654,Credit Card,success,410.41,2023-09-25 01:36:00
6655,6655,Credit Card,failed,282.77,2024-04-06 14:48:00
6656,6656,PayPal,failed,206.97,2025-02-06 17:02:00
6657,6657,Credit Card,success,655.26,2023-05-11 13:28:00
6658,6658,PayPal,success,290.09,2025-01-20 19:06:00
6659,6659,Credit Card,success,320.55,2025-02-05 00:36:00
6660,6660,PayPal,failed,106.81,2025-01-06 09:11:00
6661,6661,Credit Card,success,261.57,2025-11-10 22:19:00
6662,6662,Bank Transfer,success,959.93,2024-10-17 20:11:00
6663,6663,Credit Card,failed,269.95,2024-11-27 07:13:00
6664,6664,Apple Pay,success,389.18,2024-08-29 13:16:00
6665,6665,Credit Card,success,1107.62,2023-10-10 11:12:00
6666,6666,Credit Card,success,215.79,2024-05-15 22:10:00
6667,6667,Credit Card,success,206.84,2025-03-19 15:50:00
6668,6668,PayPal,failed,505.95,2024-09-17 00:38:00
6669,6669,Crypto,success,1368.57,2024-06-18 11:59:00
6670,6670,PayPal,success,280.66,2024-09-28 06:57:00
6671,6671,PayPal,failed,411.95,2024-01-01 17:24:00
6672,6672,PayPal,failed,92.51,2024-05-22 16:43:00
6673,6673,Crypto,success,891.11,2025-03-13 19:26:00
6674,6674,Apple Pay,success,519.92,2023-09-24 03:23:00
6675,6675,Credit Card,success,858.01,2023-09-12 06:19:00
6676,6676,Credit Card,success,139.44,2024-12-27 06:05:00
6677,6677,Credit Card,success,131.27,2024-12-10 17:11:00
6678,6678,Credit Card,failed,868.93,2025-03-01 11:17:00
6679,6679,Credit Card,success,239.78,2024-08-29 20:47:00
6680,6680,PayPal,success,151.57,2023-08-18 04:25:00
6681,6681,Credit Card,success,90.74,2024-03-17 13:15:00
6682,6682,Bank Transfer,failed,270.79,2024-01-09 16:27:00
6683,6683,Credit Card,success,760.06,2025-03-06 01:52:00
6684,6684,Credit Card,success,410.7,2023-10-25 04:22:00
6685,6685,Credit Card,success,681.3,2024-05-28 15:08:00
6686,6686,Credit Card,success,256.17,2024-07-11 14:29:00
6687,6687,Apple Pay,success,310.64,2023-10-17 12:46:00
6688,6688,PayPal,success,362.39,2024-05-04 02:26:00
6689,6689,Credit Card,success,721.64,2024-09-21 08:17:00
6690,6690,Apple Pay,success,62.83,2024-12-29 04:51:00
6691,6691,Apple Pay,success,115.87,2025-06-12 03:39:00
6692,6692,Credit Card,success,386.66,2023-06-25 17:21:00
6693,6693,Credit Card,success,431.14,2024-05-30 17:30:00
6694,6694,PayPal,success,232.44,2024-10-06 21:06:00
6695,6695,Bank Transfer,success,159.55,2025-02-18 10:20:00
6696,6696,Credit Card,success,363.35,2024-09-02 14:40:00
6697,6697,Apple Pay,success,310.6,2024-01-21 21:25:00
6698,6698,PayPal,success,499.78,2025-07-16 19:37:00
6699,6699,Apple Pay,success,843.02,2023-08-31 17:09:00
6700,6700,Apple Pay,success,1355.2,2024-10-01 17:56:00
6701,6701,Credit Card,failed,1395.12,2023-07-06 10:14:00
6702,6702,Credit Card,success,444.62,2024-02-07 00:28:00
6703,6703,Apple Pay,success,1146.5,2024-03-22 13:17:00
6704,6704,Credit Card,failed,907.19,2023-10-13 01:51:00
6705,6705,PayPal,failed,270.79,2024-02-11 14:20:00
6706,6706,Bank Transfer,success,514.59,2024-03-19 22:35:00
6707,6707,PayPal,success,382.48,2025-02-22 17:28:00
6708,6708,Apple Pay,success,858.23,2024-07-14 12:33:00
6709,6709,Credit Card,success,602.91,2023-08-12 22:41:00
6710,6710,Credit Card,failed,139.44,2024-09-25 16:48:00
6711,6711,Credit Card,success,731.36,2023-04-18 19:55:00
6712,6712,Apple Pay,success,345.31,2024-01-16 08:26:00
6713,6713,Credit Card,success,254.76,2024-06-15 13:03:00
6714,6714,Credit Card,success,819.93,2025-05-19 04:33:00
6715,6715,PayPal,failed,232.44,2024-08-21 00:54:00
6716,6716,Credit Card,success,751.02,2024-04-03 02:46:00
6717,6717,Credit Card,failed,230.72,2025-04-20 11:10:00
6718,6718,Apple Pay,success,1007.89,2025-08-18 02:57:00
6719,6719,Credit Card,success,261.35,2023-10-07 21:40:00
6720,6720,Credit Card,success,879.96,2023-03-25 07:56:00
6721,6721,Credit Card,success,370.96,2023-03-12 03:48:00
6722,6722,PayPal,success,145.43,2023-07-04 09:33:00
6723,6723,Credit Card,success,704.43,2024-06-18 21:49:00
6724,6724,Credit Card,failed,1028.54,2024-01-24 16:58:00
6725,6725,PayPal,success,94.37,2025-02-06 19:31:00
6726,6726,Credit Card,success,568.46,2024-06-22 09:25:00
6727,6727,Apple Pay,success,1055.53,2025-04-23 07:22:00
6728,6728,PayPal,success,949.93,2024-08-01 06:35:00
6729,6729,PayPal,failed,169.29,2023-08-12 01:36:00
6730,6730,Credit Card,success,500.67,2024-04-30 22:49:00
6731,6731,Credit Card,failed,228.12,2023-08-08 07:48:00
6732,6732,Apple Pay,failed,452.14,2023-11-13 21:54:00
6733,6733,PayPal,success,494.0,2023-06-03 23:51:00
6734,6734,Crypto,success,730.55,2024-06-15 23:47:00
6735,6735,Bank Transfer,success,721.23,2025-02-08 04:10:00
6736,6736,Apple Pay,success,526.89,2024-08-12 14:42:00
6737,6737,PayPal,success,972.9,2024-04-06 18:07:00
6738,6738,Credit Card,failed,77.31,2023-09-18 22:31:00
6739,6739,Credit Card,success,1575.6,2025-01-18 12:57:00
6740,6740,Credit Card,success,235.24,2025-05-06 05:34:00
6741,6741,Credit Card,success,429.94,2024-05-06 06:57:00
6742,6742,Bank Transfer,success,1515.27,2025-07-23 05:00:00
6743,6743,PayPal,success,533.97,2023-08-16 01:40:00
6744,6744,Credit Card,success,746.66,2024-10-18 21:04:00
6745,6745,Credit Card,success,399.06,2023-04-02 15:51:00
6746,6746,Credit Card,success,393.83,2023-07-26 09:48:00
6747,6747,Credit Card,success,620.8,2024-08-15 04:12:00
6748,6748,Credit Card,failed,175.81,2023-12-08 15:00:00
6749,6749,PayPal,success,390.46,2024-11-24 18:36:00
6750,6750,Credit Card,failed,188.28,2023-04-13 09:34:00
6751,6751,Credit Card,success,344.91,2023-02-03 22:19:00
6752,6752,PayPal,failed,329.09,2024-04-16 20:40:00
6753,6753,Credit Card,success,81.37,2025-06-15 06:23:00
6754,6754,Credit Card,success,1293.03,2025-05-26 10:09:00
6755,6755,Bank Transfer,success,1498.68,2025-06-29 18:33:00
6756,6756,Crypto,success,52.1,2025-05-17 04:46:00
6757,6757,Crypto,failed,995.09,2024-04-19 01:56:00
6758,6758,PayPal,success,78.39,2024-09-09 03:48:00
6759,6759,Credit Card,success,720.88,2024-09-09 10:47:00
6760,6760,PayPal,success,628.17,2024-05-08 23:14:00
6761,6761,Credit Card,success,219.69,2024-08-25 23:43:00
6762,6762,Credit Card,success,411.01,2025-05-24 16:27:00
6763,6763,Crypto,success,381.03,2023-11-10 20:53:00
6764,6764,PayPal,success,246.58,2023-11-18 09:46:00
6765,6765,Crypto,failed,240.09,2024-03-11 15:03:00
6766,6766,Credit Card,success,877.04,2023-10-13 12:48:00
6767,6767,Credit Card,failed,593.51,2025-02-03 23:40:00
6768,6768,Credit Card,success,618.09,2025-04-07 22:39:00
6769,6769,Credit Card,success,91.69,2024-08-28 21:04:00
6770,6770,PayPal,success,225.21,2024-11-12 11:55:00
6771,6771,Credit Card,success,92.51,2024-11-22 10:55:00
6772,6772,Credit Card,success,360.63,2024-09-12 03:50:00
6773,6773,Credit Card,success,212.83,2025-05-02 22:24:00
6774,6774,Credit Card,success,87.88,2024-03-14 04:24:00
6775,6775,Credit Card,success,675.94,2025-03-04 00:48:00
6776,6776,Credit Card,success,160.38,2025-04-18 03:55:00
6777,6777,Credit Card,success,190.16,2023-09-30 21:06:00
6778,6778,PayPal,failed,432.01,2023-09-28 11:27:00
6779,6779,Credit Card,success,582.78,2023-12-02 15:03:00
6780,6780,Credit Card,failed,165.47,2024-04-05 21:36:00
6781,6781,PayPal,success,772.67,2025-09-27 19:15:00
6782,6782,Credit Card,success,381.45,2023-10-29 08:14:00
6783,6783,Credit Card,failed,430.17,2025-05-27 09:10:00
6784,6784,PayPal,success,336.43,2023-12-30 02:38:00
6785,6785,PayPal,success,194.27,2025-05-25 08:16:00
6786,6786,Credit Card,success,238.14,2025-09-01 22:29:00
6787,6787,PayPal,success,1265.84,2023-09-22 02:32:00
6788,6788,PayPal,success,80.66,2024-01-03 05:49:00
6789,6789,PayPal,failed,731.6,2024-04-06 02:09:00
6790,6790,PayPal,success,405.05,2023-04-14 14:03:00
6791,6791,PayPal,success,565.8,2025-03-11 00:54:00
6792,6792,Apple Pay,success,231.2,2024-04-03 18:54:00
6793,6793,PayPal,success,166.55,2025-02-15 10:24:00
6794,6794,Credit Card,success,206.97,2025-01-28 07:18:00
6795,6795,Apple Pay,success,1444.28,2023-10-21 08:20:00
6796,6796,Credit Card,success,51.82,2023-07-10 16:56:00
6797,6797,Credit Card,success,1152.69,2024-06-14 16:11:00
6798,6798,Apple Pay,failed,296.77,2024-12-17 18:03:00
6799,6799,PayPal,success,162.8,2024-04-09 07:34:00
6800,6800,Credit Card,success,885.28,2025-03-17 11:32:00
6801,6801,Credit Card,success,139.81,2024-09-23 18:43:00
6802,6802,PayPal,success,878.19,2023-12-16 06:04:00
6803,6803,Credit Card,success,569.19,2023-05-30 02:07:00
6804,6804,PayPal,failed,640.43,2025-01-07 00:06:00
6805,6805,Credit Card,success,1043.54,2024-08-12 10:51:00
6806,6806,Credit Card,success,246.42,2025-12-07 06:29:00
6807,6807,Apple Pay,success,200.98,2024-06-12 13:56:00
6808,6808,PayPal,success,143.6,2023-05-08 06:56:00
6809,6809,Credit Card,success,606.92,2023-08-23 04:56:00
6810,6810,PayPal,success,319.7,2023-06-19 18:48:00
6811,6811,PayPal,success,327.63,2024-08-13 18:16:00
6812,6812,Apple Pay,success,1836.26,2024-07-24 21:19:00
6813,6813,Credit Card,success,546.33,2024-12-16 11:50:00
6814,6814,Credit Card,success,449.88,2024-05-07 10:58:00
6815,6815,Apple Pay,success,770.9,2024-03-03 02:15:00
6816,6816,Credit Card,success,324.88,2025-01-11 02:40:00
6817,6817,Credit Card,failed,59.32,2024-04-09 12:52:00
6818,6818,PayPal,success,81.11,2024-07-03 19:47:00
6819,6819,Credit Card,failed,992.27,2025-02-27 01:23:00
6820,6820,Credit Card,success,667.0,2025-04-22 09:04:00
6821,6821,Credit Card,success,335.59,2025-11-18 10:16:00
6822,6822,Credit Card,success,208.77,2025-04-14 08:10:00
6823,6823,PayPal,success,1072.49,2024-08-05 13:10:00
6824,6824,Crypto,success,549.19,2025-01-28 21:32:00
6825,6825,Bank Transfer,success,879.86,2023-04-09 21:16:00
6826,6826,Credit Card,success,143.81,2024-11-12 10:02:00
6827,6827,PayPal,success,232.44,2024-04-05 21:30:00
6828,6828,Credit Card,success,586.29,2023-09-09 03:43:00
6829,6829,Crypto,success,1559.62,2025-02-03 03:42:00
6830,6830,PayPal,success,160.15,2024-11-14 05:31:00
6831,6831,PayPal,success,104.39,2025-08-07 02:25:00
6832,6832,Credit Card,success,504.01,2024-03-27 11:17:00
6833,6833,Apple Pay,success,411.1,2024-11-09 09:22:00
6834,6834,PayPal,failed,125.66,2023-04-07 14:46:00
6835,6835,Credit Card,success,239.81,2023-10-07 14:20:00
6836,6836,Apple Pay,success,348.27,2024-07-04 11:00:00
6837,6837,Credit Card,failed,402.48,2024-09-17 05:16:00
6838,6838,Credit Card,success,109.88,2025-05-08 15:21:00
6839,6839,Credit Card,failed,72.4,2024-03-01 22:51:00
6840,6840,Credit Card,success,146.26,2024-12-24 23:36:00
6841,6841,Credit Card,success,566.5,2023-10-27 20:08:00
6842,6842,Crypto,success,355.12,2024-08-10 04:49:00
6843,6843,PayPal,success,381.69,2025-03-12 19:26:00
6844,6844,Credit Card,success,299.58,2023-11-28 22:56:00
6845,6845,Apple Pay,success,549.66,2024-09-25 10:28:00
6846,6846,Credit Card,success,391.66,2023-10-21 17:29:00
6847,6847,Apple Pay,success,384.81,2023-09-07 03:53:00
6848,6848,Credit Card,success,634.45,2023-11-20 18:45:00
6849,6849,PayPal,success,455.24,2024-06-03 09:36:00
6850,6850,Credit Card,success,286.65,2024-03-02 12:12:00
6851,6851,Credit Card,failed,246.96,2023-09-06 14:05:00
6852,6852,PayPal,success,239.78,2025-03-07 15:34:00
6853,6853,Credit Card,success,443.89,2023-08-12 04:57:00
6854,6854,PayPal,success,253.88,2025-02-14 13:46:00
6855,6855,Apple Pay,success,759.61,2025-03-15 20:13:00
6856,6856,PayPal,failed,1298.03,2024-10-01 12:44:00
6857,6857,PayPal,failed,617.24,2024-09-12 17:30:00
6858,6858,PayPal,failed,887.38,2025-04-19 16:56:00
6859,6859,Credit Card,success,345.08,2023-12-06 00:20:00
6860,6860,PayPal,success,438.78,2025-04-13 02:56:00
6861,6861,Credit Card,failed,202.1,2023-10-14 16:24:00
6862,6862,PayPal,success,299.72,2023-02-02 03:41:00
6863,6863,Apple Pay,success,410.7,2024-09-19 00:41:00
6864,6864,PayPal,success,519.58,2024-10-01 11:33:00
6865,6865,Credit Card,success,79.38,2023-07-18 10:19:00
6866,6866,Credit Card,success,1000.68,2025-04-23 01:03:00
6867,6867,PayPal,success,447.18,2024-03-03 12:05:00
6868,6868,Crypto,success,179.75,2023-10-11 16:13:00
6869,6869,Credit Card,success,984.63,2024-06-15 07:29:00
6870,6870,Credit Card,success,403.42,2024-01-14 02:34:00
6871,6871,PayPal,success,872.4,2025-06-04 04:57:00
6872,6872,Credit Card,success,927.03,2025-03-01 23:10:00
6873,6873,Credit Card,failed,428.34,2023-07-31 17:23:00
6874,6874,PayPal,success,89.37,2024-04-09 16:47:00
6875,6875,Credit Card,success,521.6,2024-03-21 03:28:00
6876,6876,Credit Card,failed,418.35,2024-05-20 04:25:00
6877,6877,Credit Card,failed,168.12,2024-04-13 00:39:00
6878,6878,Apple Pay,success,330.87,2024-06-06 04:50:00
6879,6879,Credit Card,failed,273.7,2024-09-13 01:38:00
6880,6880,PayPal,success,179.94,2024-01-31 00:56:00
6881,6881,Credit Card,success,185.82,2024-11-27 16:54:00
6882,6882,Credit Card,failed,539.14,2024-04-27 01:56:00
6883,6883,Credit Card,success,20.73,2025-06-13 12:43:00
6884,6884,Bank Transfer,failed,305.71,2023-11-28 10:28:00
6885,6885,Credit Card,success,52.75,2024-02-21 05:56:00
6886,6886,Credit Card,success,247.96,2025-02-21 04:28:00
6887,6887,PayPal,success,190.9,2024-06-13 19:37:00
6888,6888,PayPal,success,885.95,2024-08-21 21:55:00
6889,6889,Credit Card,success,2255.72,2023-10-22 15:46:00
6890,6890,Credit Card,failed,286.65,2023-09-11 16:11:00
6891,6891,Credit Card,success,327.73,2023-11-30 13:11:00
6892,6892,Credit Card,success,231.2,2024-12-03 20:02:00
6893,6893,PayPal,failed,432.01,2025-10-11 11:48:00
6894,6894,Credit Card,success,249.76,2025-07-10 23:54:00
6895,6895,Credit Card,success,135.44,2024-09-20 13:25:00
6896,6896,Credit Card,success,885.95,2024-03-18 21:17:00
6897,6897,Credit Card,success,947.62,2024-02-11 14:27:00
6898,6898,PayPal,success,1000.2,2024-10-30 17:20:00
6899,6899,Credit Card,success,540.49,2025-01-02 12:42:00
6900,6900,PayPal,failed,262.1,2023-09-26 10:21:00
6901,6901,PayPal,failed,1380.33,2023-12-18 12:17:00
6902,6902,Credit Card,success,156.81,2023-06-18 06:08:00
6903,6903,Apple Pay,success,864.33,2023-10-05 05:45:00
6904,6904,Crypto,success,531.1,2025-01-30 07:19:00
6905,6905,PayPal,success,299.1,2025-08-19 10:54:00
6906,6906,Credit Card,success,245.76,2023-12-23 13:27:00
6907,6907,PayPal,success,599.5,2023-12-31 22:27:00
6908,6908,Credit Card,success,100.82,2023-10-20 17:48:00
6909,6909,PayPal,success,1443.01,2023-11-23 07:39:00
6910,6910,Credit Card,failed,1319.94,2024-02-01 22:54:00
6911,6911,PayPal,failed,1164.55,2024-02-08 19:11:00
6912,6912,PayPal,success,151.57,2024-03-13 11:47:00
6913,6913,PayPal,success,1086.54,2023-10-21 08:04:00
6914,6914,Credit Card,success,80.44,2025-02-10 20:26:00
6915,6915,Credit Card,success,807.44,2024-08-06 22:56:00
6916,6916,Bank Transfer,success,507.47,2025-06-20 02:26:00
6917,6917,Credit Card,success,905.69,2025-06-13 04:33:00
6918,6918,Credit Card,success,1016.97,2025-03-03 18:37:00
6919,6919,Credit Card,success,445.97,2023-07-27 20:53:00
6920,6920,PayPal,success,1210.42,2024-04-28 19:37:00
6921,6921,Apple Pay,success,1241.82,2023-12-01 22:09:00
6922,6922,Credit Card,failed,512.32,2023-09-05 13:12:00
6923,6923,PayPal,success,219.61,2025-02-01 11:15:00
6924,6924,PayPal,success,239.78,2025-04-11 00:39:00
6925,6925,PayPal,success,205.04,2024-07-11 06:05:00
6926,6926,Credit Card,success,166.5,2024-09-19 06:19:00
6927,6927,Credit Card,success,1021.63,2025-01-20 13:56:00
6928,6928,PayPal,success,296.08,2024-08-11 18:25:00
6929,6929,Credit Card,failed,294.1,2025-01-08 10:26:00
6930,6930,Crypto,failed,246.42,2024-04-09 19:29:00
6931,6931,Crypto,failed,86.43,2025-05-27 02:06:00
6932,6932,PayPal,success,525.34,2024-12-28 11:59:00
6933,6933,PayPal,failed,765.11,2024-08-26 15:20:00
6934,6934,Credit Card,success,920.33,2025-10-24 19:06:00
6935,6935,Credit Card,success,401.71,2024-01-29 20:44:00
6936,6936,Credit Card,failed,179.15,2023-06-10 20:18:00
6937,6937,PayPal,success,384.28,2024-05-08 19:46:00
6938,6938,Credit Card,success,75.88,2024-02-14 04:12:00
6939,6939,Credit Card,success,664.25,2025-01-14 18:58:00
6940,6940,Credit Card,success,593.82,2024-02-29 18:21:00
6941,6941,Credit Card,success,184.19,2025-03-07 18:37:00
6942,6942,Credit Card,success,694.02,2024-12-30 04:04:00
6943,6943,Credit Card,success,205.58,2024-02-27 00:44:00
6944,6944,Crypto,success,80.44,2024-05-03 17:56:00
6945,6945,Credit Card,success,1236.81,2024-08-21 11:51:00
6946,6946,Bank Transfer,success,238.43,2024-12-01 01:42:00
6947,6947,PayPal,failed,224.19,2025-02-08 14:24:00
6948,6948,Credit Card,success,1340.05,2025-01-07 18:59:00
6949,6949,PayPal,success,563.03,2024-07-10 00:38:00
6950,6950,Crypto,success,1174.84,2024-08-10 03:52:00
6951,6951,Crypto,failed,579.22,2024-07-23 01:59:00
6952,6952,PayPal,failed,280.78,2024-07-10 04:45:00
6953,6953,Credit Card,success,439.98,2024-07-22 00:36:00
6954,6954,Apple Pay,success,194.48,2025-01-09 10:59:00
6955,6955,PayPal,failed,596.17,2024-08-16 14:29:00
6956,6956,Credit Card,success,822.02,2023-09-25 15:34:00
6957,6957,Credit Card,success,1284.94,2024-03-12 23:33:00
6958,6958,Bank Transfer,success,89.3,2024-03-25 21:43:00
6959,6959,Credit Card,success,289.44,2024-03-26 04:46:00
6960,6960,Credit Card,failed,327.63,2024-03-24 15:36:00
6961,6961,Credit Card,success,230.17,2023-09-09 21:44:00
6962,6962,PayPal,success,135.32,2025-06-28 05:09:00
6963,6963,PayPal,success,80.44,2024-03-02 09:57:00
6964,6964,Crypto,success,1104.55,2025-04-14 19:38:00
6965,6965,Credit Card,success,1585.09,2024-12-17 02:39:00
6966,6966,Credit Card,success,1505.5,2024-08-09 14:05:00
6967,6967,Apple Pay,success,440.2,2025-03-27 22:39:00
6968,6968,Credit Card,failed,322.94,2024-03-04 03:52:00
6969,6969,Bank Transfer,success,159.67,2024-10-26 18:23:00
6970,6970,Credit Card,success,438.52,2025-07-29 07:20:00
6971,6971,Credit Card,success,759.32,2025-01-09 08:33:00
6972,6972,PayPal,failed,658.62,2024-05-13 18:16:00
6973,6973,Credit Card,success,1323.57,2024-01-26 15:24:00
6974,6974,Credit Card,success,414.13,2024-07-22 02:10:00
6975,6975,Credit Card,success,627.7,2024-12-07 00:19:00
6976,6976,Apple Pay,success,239.81,2024-06-17 17:44:00
6977,6977,Credit Card,failed,802.89,2025-02-04 21:28:00
6978,6978,Credit Card,success,695.52,2023-09-25 23:34:00
6979,6979,Crypto,failed,970.97,2023-08-27 10:30:00
6980,6980,Credit Card,success,191.1,2024-06-03 17:04:00
6981,6981,Credit Card,success,56.55,2025-03-06 03:14:00
6982,6982,Credit Card,success,632.91,2025-01-16 08:36:00
6983,6983,Apple Pay,failed,827.81,2024-07-21 10:12:00
6984,6984,Apple Pay,success,407.7,2024-01-28 23:07:00
6985,6985,Apple Pay,success,493.86,2024-12-09 00:21:00
6986,6986,Credit Card,success,87.88,2025-04-28 10:34:00
6987,6987,Credit Card,success,870.41,2023-12-03 06:48:00
6988,6988,Credit Card,failed,1031.96,2024-09-10 17:12:00
6989,6989,Credit Card,failed,188.28,2024-12-21 23:44:00
6990,6990,PayPal,success,750.42,2024-11-23 03:26:00
6991,6991,Apple Pay,success,199.05,2023-10-31 08:47:00
6992,6992,Apple Pay,success,407.95,2024-08-13 03:48:00
6993,6993,Credit Card,failed,77.31,2025-02-02 19:09:00
6994,6994,PayPal,success,242.5,2024-08-01 09:50:00
6995,6995,PayPal,success,1083.66,2024-09-29 10:30:00
6996,6996,Crypto,success,893.05,2024-11-27 14:56:00
6997,6997,Credit Card,success,815.41,2024-08-13 18:43:00
6998,6998,Credit Card,failed,63.39,2025-02-13 02:29:00
6999,6999,PayPal,success,137.26,2024-03-28 04:00:00
7000,7000,Bank Transfer,failed,75.41,2025-01-24 18:23:00
7001,7001,Credit Card,success,220.08,2024-06-29 00:51:00
7002,7002,Credit Card,success,1224.04,2024-08-05 11:56:00
7003,7003,Credit Card,success,186.13,2024-07-03 18:34:00
7004,7004,Credit Card,success,93.4,2024-02-01 14:22:00
7005,7005,PayPal,success,422.75,2024-01-09 05:14:00
7006,7006,Credit Card,failed,188.19,2023-05-09 07:56:00
7007,7007,PayPal,success,234.09,2024-07-29 02:17:00
7008,7008,Crypto,failed,442.64,2023-03-24 17:28:00
7009,7009,Credit Card,success,295.84,2024-08-24 19:48:00
7010,7010,PayPal,success,1308.32,2025-03-14 22:32:00
7011,7011,Credit Card,failed,52.75,2025-04-01 12:46:00
7012,7012,Credit Card,success,929.27,2024-05-22 14:10:00
7013,7013,Credit Card,success,239.81,2023-07-13 08:32:00
7014,7014,Credit Card,success,257.0,2025-06-29 00:34:00
7015,7015,PayPal,success,890.18,2023-12-30 16:13:00
7016,7016,Credit Card,success,326.44,2025-01-11 20:18:00
7017,7017,Credit Card,success,404.48,2025-06-03 11:43:00
7018,7018,PayPal,success,755.75,2024-05-02 12:32:00
7019,7019,Credit Card,success,337.33,2024-04-06 18:07:00
7020,7020,Apple Pay,success,514.21,2024-09-09 03:23:00
7021,7021,Credit Card,failed,419.04,2024-10-26 21:35:00
7022,7022,PayPal,success,688.19,2024-03-19 23:59:00
7023,7023,Crypto,failed,284.42,2023-02-23 10:19:00
7024,7024,Credit Card,success,505.19,2024-01-21 15:57:00
7025,7025,PayPal,success,228.1,2023-11-04 03:18:00
7026,7026,PayPal,success,490.1,2024-06-29 09:47:00
7027,7027,Apple Pay,success,230.72,2024-04-03 07:53:00
7028,7028,Crypto,failed,119.74,2024-11-07 06:29:00
7029,7029,Credit Card,success,207.13,2024-10-21 05:55:00
7030,7030,Apple Pay,success,586.37,2023-01-21 18:38:00
7031,7031,PayPal,failed,206.84,2024-11-27 13:48:00
7032,7032,Credit Card,success,228.1,2024-08-22 23:39:00
7033,7033,Credit Card,success,374.14,2024-11-20 13:35:00
7034,7034,PayPal,success,1205.7,2024-06-07 01:56:00
7035,7035,Credit Card,success,221.78,2024-05-04 16:08:00
7036,7036,Credit Card,success,555.18,2024-06-18 23:56:00
7037,7037,Credit Card,success,331.56,2024-11-23 09:02:00
7038,7038,Credit Card,success,240.71,2024-02-12 22:49:00
7039,7039,Credit Card,failed,361.12,2024-08-02 19:49:00
7040,7040,Apple Pay,success,441.19,2024-02-14 05:23:00
7041,7041,Credit Card,success,760.02,2024-02-03 13:48:00
7042,7042,PayPal,success,336.1,2024-05-14 23:06:00
7043,7043,Credit Card,success,316.12,2025-05-09 17:41:00
7044,7044,Credit Card,failed,1707.53,2025-05-18 04:12:00
7045,7045,Credit Card,success,1123.37,2025-04-11 19:25:00
7046,7046,Credit Card,success,262.54,2024-03-28 23:50:00
7047,7047,PayPal,failed,438.52,2023-10-12 05:08:00
7048,7048,Credit Card,success,567.31,2024-01-21 12:05:00
7049,7049,Bank Transfer,success,232.44,2024-12-08 02:38:00
7050,7050,Credit Card,success,360.63,2024-02-23 05:09:00
7051,7051,Apple Pay,success,402.48,2023-09-12 08:38:00
7052,7052,Apple Pay,success,288.11,2024-09-07 08:14:00
7053,7053,Credit Card,success,80.42,2025-01-05 01:05:00
7054,7054,PayPal,success,56.75,2024-10-19 10:44:00
7055,7055,PayPal,success,219.94,2024-08-05 14:11:00
7056,7056,Credit Card,success,616.51,2024-01-29 03:40:00
7057,7057,Credit Card,success,133.04,2024-06-21 17:35:00
7058,7058,Apple Pay,failed,349.99,2024-05-31 04:12:00
7059,7059,PayPal,success,517.76,2025-06-13 06:36:00
7060,7060,Credit Card,success,515.6,2023-05-26 19:10:00
7061,7061,PayPal,success,354.24,2023-06-29 09:15:00
7062,7062,PayPal,success,79.38,2024-05-26 18:57:00
7063,7063,Credit Card,success,339.55,2025-03-09 17:36:00
7064,7064,Credit Card,success,167.55,2024-10-01 23:21:00
7065,7065,Credit Card,failed,1315.52,2023-09-19 06:20:00
7066,7066,PayPal,success,409.66,2024-07-09 14:16:00
7067,7067,PayPal,failed,860.42,2024-07-03 18:14:00
7068,7068,Credit Card,success,204.65,2025-01-21 17:56:00
7069,7069,PayPal,failed,110.81,2023-10-16 09:41:00
7070,7070,Credit Card,success,98.5,2023-09-28 11:13:00
7071,7071,Bank Transfer,success,674.7,2025-04-08 21:18:00
7072,7072,PayPal,success,311.25,2023-09-17 08:01:00
7073,7073,Credit Card,success,426.94,2024-12-16 22:03:00
7074,7074,Credit Card,success,156.56,2025-03-08 00:22:00
7075,7075,Credit Card,success,317.45,2025-06-23 20:51:00
7076,7076,PayPal,success,841.98,2024-12-10 14:05:00
7077,7077,Apple Pay,success,518.34,2023-07-22 14:31:00
7078,7078,Crypto,success,606.01,2024-09-24 05:20:00
7079,7079,Credit Card,success,802.83,2025-11-25 12:53:00
7080,7080,Credit Card,success,585.77,2024-10-01 08:10:00
7081,7081,Credit Card,success,299.72,2023-03-21 03:41:00
7082,7082,PayPal,success,625.39,2024-04-10 22:37:00
7083,7083,Credit Card,success,359.13,2024-11-07 02:05:00
7084,7084,Credit Card,success,845.95,2024-07-29 19:04:00
7085,7085,Credit Card,success,213.96,2024-06-03 14:24:00
7086,7086,PayPal,failed,508.02,2024-03-06 09:07:00
7087,7087,Credit Card,success,473.77,2024-12-23 02:28:00
7088,7088,Credit Card,success,138.46,2025-08-01 20:00:00
7089,7089,Credit Card,success,65.25,2023-09-11 04:48:00
7090,7090,Crypto,success,396.72,2023-10-15 22:56:00
7091,7091,Apple Pay,success,129.73,2023-08-17 00:15:00
7092,7092,Apple Pay,failed,370.96,2024-07-23 14:19:00
7093,7093,Credit Card,failed,76.42,2023-12-07 04:46:00
7094,7094,PayPal,success,759.27,2025-04-18 23:45:00
7095,7095,Credit Card,failed,405.05,2024-01-12 00:38:00
7096,7096,Apple Pay,success,309.18,2024-11-08 18:06:00
7097,7097,PayPal,success,769.85,2024-06-10 15:05:00
7098,7098,PayPal,success,247.01,2024-11-23 06:29:00
7099,7099,Credit Card,success,379.25,2024-02-03 17:52:00
7100,7100,Crypto,success,1246.34,2024-07-08 10:51:00
7101,7101,PayPal,failed,841.85,2023-08-14 02:55:00
7102,7102,Credit Card,success,547.22,2024-05-10 19:16:00
7103,7103,Credit Card,success,862.28,2025-03-02 04:04:00
7104,7104,Crypto,success,243.81,2025-05-21 18:59:00
7105,7105,Credit Card,success,90.94,2025-01-28 12:35:00
7106,7106,PayPal,success,256.41,2024-04-05 04:07:00
7107,7107,Apple Pay,success,844.05,2025-05-18 19:04:00
7108,7108,PayPal,success,574.66,2025-01-16 12:44:00
7109,7109,Credit Card,success,141.26,2023-09-22 06:51:00
7110,7110,Bank Transfer,success,411.01,2024-04-22 07:40:00
7111,7111,PayPal,failed,300.52,2023-11-01 09:21:00
7112,7112,PayPal,success,299.85,2025-01-02 06:01:00
7113,7113,Apple Pay,success,74.84,2025-02-27 00:15:00
7114,7114,PayPal,failed,184.02,2024-02-23 03:01:00
7115,7115,Credit Card,success,800.7,2024-03-04 01:54:00
7116,7116,PayPal,success,1478.57,2025-06-21 14:35:00
7117,7117,PayPal,failed,344.91,2023-03-12 08:13:00
7118,7118,Credit Card,success,199.07,2025-09-08 14:27:00
7119,7119,Bank Transfer,success,327.86,2024-08-16 19:27:00
7120,7120,PayPal,success,546.43,2025-05-30 11:19:00
7121,7121,PayPal,success,709.95,2025-01-08 18:33:00
7122,7122,Credit Card,failed,210.44,2023-08-20 06:49:00
7123,7123,PayPal,success,332.43,2025-10-18 11:04:00
7124,7124,PayPal,success,294.11,2024-06-16 05:59:00
7125,7125,Credit Card,success,383.19,2024-03-15 10:58:00
7126,7126,Apple Pay,success,199.05,2025-07-27 14:24:00
7127,7127,Credit Card,success,168.32,2023-11-21 19:28:00
7128,7128,PayPal,success,416.9,2024-10-31 04:51:00
7129,7129,Credit Card,success,418.35,2024-04-17 05:24:00
7130,7130,Credit Card,failed,407.7,2023-09-19 13:11:00
7131,7131,Credit Card,success,168.12,2024-10-16 08:22:00
7132,7132,PayPal,failed,594.1,2024-03-09 13:35:00
7133,7133,Credit Card,success,503.64,2024-04-19 18:02:00
7134,7134,Bank Transfer,success,298.1,2023-08-25 14:23:00
7135,7135,Bank Transfer,success,95.67,2023-04-05 17:24:00
7136,7136,Credit Card,success,374.81,2025-05-09 03:05:00
7137,7137,Apple Pay,success,426.0,2023-11-17 00:17:00
7138,7138,Apple Pay,success,1187.16,2024-09-16 16:04:00
7139,7139,PayPal,success,94.2,2023-12-29 06:02:00
7140,7140,PayPal,failed,44.33,2023-10-12 09:10:00
7141,7141,PayPal,success,1595.56,2023-08-18 23:39:00
7142,7142,Apple Pay,success,406.87,2025-06-27 19:52:00
7143,7143,Credit Card,success,660.88,2024-08-28 21:04:00
7144,7144,Apple Pay,failed,107.64,2023-10-15 19:51:00
7145,7145,Credit Card,success,308.45,2023-12-12 02:13:00
7146,7146,Credit Card,success,851.3,2024-02-12 17:48:00
7147,7147,Credit Card,success,110.38,2025-02-20 17:43:00
7148,7148,PayPal,success,532.16,2024-05-03 19:48:00
7149,7149,Credit Card,failed,80.66,2025-03-22 01:57:00
7150,7150,PayPal,success,341.35,2024-09-10 06:31:00
7151,7151,PayPal,success,688.39,2024-03-20 00:16:00
7152,7152,Credit Card,failed,78.39,2024-01-22 23:10:00
7153,7153,Credit Card,success,259.35,2024-02-03 17:57:00
7154,7154,Crypto,success,356.07,2025-06-11 04:56:00
7155,7155,Credit Card,success,984.5,2023-12-10 03:40:00
7156,7156,Credit Card,failed,306.13,2024-10-10 22:25:00
7157,7157,Bank Transfer,success,816.01,2023-10-30 20:11:00
7158,7158,Apple Pay,success,1546.26,2023-07-19 12:49:00
7159,7159,Credit Card,success,454.61,2023-09-26 13:27:00
7160,7160,Credit Card,success,1249.57,2025-02-12 12:56:00
7161,7161,Credit Card,success,179.28,2023-06-21 06:37:00
7162,7162,PayPal,success,1070.77,2024-01-30 13:41:00
7163,7163,PayPal,success,1262.58,2024-12-11 21:22:00
7164,7164,Apple Pay,success,64.28,2024-03-19 00:39:00
7165,7165,Credit Card,failed,367.72,2024-07-06 01:10:00
7166,7166,Bank Transfer,success,169.45,2024-08-09 01:58:00
7167,7167,PayPal,success,1062.71,2025-09-10 12:21:00
7168,7168,Credit Card,success,309.86,2023-12-19 12:38:00
7169,7169,PayPal,failed,1263.01,2024-01-09 14:36:00
7170,7170,PayPal,success,646.0,2024-11-13 04:17:00
7171,7171,Credit Card,success,84.77,2025-08-09 22:54:00
7172,7172,Credit Card,success,198.27,2023-05-09 22:54:00
7173,7173,Credit Card,success,1076.68,2024-03-30 16:47:00
7174,7174,PayPal,failed,171.29,2024-10-06 09:00:00
7175,7175,Credit Card,success,1247.18,2024-07-28 08:23:00
7176,7176,PayPal,success,599.44,2025-01-13 09:16:00
7177,7177,PayPal,success,50.32,2024-01-14 12:15:00
7178,7178,Credit Card,success,199.05,2024-02-08 03:36:00
7179,7179,PayPal,success,673.01,2023-07-23 17:33:00
7180,7180,Credit Card,success,418.35,2024-07-17 18:06:00
7181,7181,Credit Card,failed,238.62,2024-10-18 00:05:00
7182,7182,PayPal,failed,280.66,2025-04-08 09:46:00
7183,7183,PayPal,success,805.85,2025-01-28 00:29:00
7184,7184,Credit Card,success,86.16,2024-05-12 01:15:00
7185,7185,PayPal,success,318.82,2024-03-07 09:32:00
7186,7186,PayPal,success,371.04,2024-11-05 08:23:00
7187,7187,Credit Card,success,212.83,2025-09-03 09:44:00
7188,7188,PayPal,failed,198.27,2025-02-01 01:28:00
7189,7189,Credit Card,failed,388.03,2024-03-02 07:21:00
7190,7190,PayPal,success,491.07,2024-11-13 02:38:00
7191,7191,Credit Card,success,59.87,2024-03-25 21:11:00
7192,7192,Credit Card,success,361.54,2024-12-24 10:45:00
7193,7193,Credit Card,success,50.41,2023-11-18 03:45:00
7194,7194,Credit Card,success,378.87,2023-12-14 11:56:00
7195,7195,Credit Card,success,197.14,2024-01-31 19:38:00
7196,7196,Credit Card,failed,239.81,2025-01-07 03:27:00
7197,7197,Apple Pay,success,350.11,2025-07-23 05:58:00
7198,7198,Credit Card,success,156.56,2025-04-19 16:03:00
7199,7199,Credit Card,success,553.02,2025-06-09 00:44:00
7200,7200,Credit Card,success,599.06,2023-03-27 16:01:00
7201,7201,Apple Pay,success,210.09,2024-12-31 12:39:00
7202,7202,Credit Card,success,660.55,2023-05-12 21:45:00
7203,7203,Credit Card,success,659.07,2025-08-20 09:27:00
7204,7204,PayPal,success,435.87,2023-10-30 01:58:00
7205,7205,Credit Card,success,418.26,2023-06-10 01:30:00
7206,7206,Apple Pay,success,206.97,2024-11-20 05:02:00
7207,7207,Credit Card,success,1273.88,2024-10-31 02:15:00
7208,7208,Credit Card,success,238.62,2024-03-24 20:20:00
7209,7209,Credit Card,success,474.93,2025-07-03 06:47:00
7210,7210,Credit Card,success,444.62,2024-07-05 12:12:00
7211,7211,Crypto,success,401.71,2023-12-27 17:56:00
7212,7212,Credit Card,failed,448.0,2024-06-27 19:19:00
7213,7213,Credit Card,success,1700.03,2025-08-29 03:07:00
7214,7214,Credit Card,success,85.38,2024-09-07 15:24:00
7215,7215,Apple Pay,success,156.81,2024-12-12 08:49:00
7216,7216,Credit Card,success,728.21,2025-04-16 05:46:00
7217,7217,PayPal,success,160.04,2024-03-28 12:58:00
7218,7218,Bank Transfer,success,451.64,2025-02-23 23:00:00
7219,7219,Bank Transfer,success,642.2,2023-06-03 21:04:00
7220,7220,PayPal,success,404.71,2025-02-03 13:09:00
7221,7221,Credit Card,success,171.89,2025-02-22 15:44:00
7222,7222,Credit Card,success,233.82,2025-04-07 10:25:00
7223,7223,Credit Card,success,526.14,2024-01-23 18:21:00
7224,7224,Credit Card,success,419.65,2024-03-14 12:22:00
7225,7225,Credit Card,success,820.38,2024-10-12 05:17:00
7226,7226,PayPal,failed,624.24,2023-09-13 06:46:00
7227,7227,Credit Card,success,981.56,2023-12-30 03:18:00
7228,7228,Credit Card,success,348.13,2024-08-08 07:24:00
7229,7229,Credit Card,success,1904.94,2024-01-27 19:48:00
7230,7230,Credit Card,failed,229.77,2024-07-18 01:18:00
7231,7231,Credit Card,success,185.02,2025-06-14 07:49:00
7232,7232,Credit Card,success,238.43,2023-11-24 16:50:00
7233,7233,Credit Card,success,267.07,2024-02-29 19:59:00
7234,7234,Credit Card,success,407.7,2024-11-13 23:52:00
7235,7235,PayPal,success,597.75,2024-06-23 09:18:00
7236,7236,Apple Pay,success,1271.86,2024-10-22 20:13:00
7237,7237,Credit Card,success,436.11,2025-10-23 17:35:00
7238,7238,Apple Pay,success,192.67,2024-07-10 02:03:00
7239,7239,Credit Card,success,296.12,2023-11-23 21:32:00
7240,7240,Credit Card,success,276.15,2025-02-19 07:22:00
7241,7241,Credit Card,success,615.5,2024-08-25 14:35:00
7242,7242,Credit Card,success,206.84,2023-11-09 12:15:00
7243,7243,PayPal,success,547.41,2024-10-14 11:21:00
7244,7244,Apple Pay,success,85.37,2024-07-30 09:16:00
7245,7245,Apple Pay,success,995.36,2023-07-25 23:35:00
7246,7246,Credit Card,failed,228.1,2023-05-25 07:17:00
7247,7247,Credit Card,success,438.52,2023-10-11 23:52:00
7248,7248,Apple Pay,success,600.02,2024-06-01 03:28:00
7249,7249,PayPal,success,290.09,2023-03-27 02:10:00
7250,7250,Credit Card,success,913.61,2025-03-26 08:46:00
7251,7251,Credit Card,success,56.75,2024-10-02 23:32:00
7252,7252,Credit Card,failed,834.53,2024-07-18 08:59:00
7253,7253,Credit Card,success,1631.03,2024-04-17 05:15:00
7254,7254,Credit Card,success,238.43,2024-06-05 05:34:00
7255,7255,Credit Card,success,244.55,2023-08-16 20:30:00
7256,7256,Credit Card,failed,403.42,2024-12-26 09:12:00
7257,7257,Apple Pay,success,185.02,2024-09-12 07:16:00
7258,7258,PayPal,success,465.91,2024-04-09 20:19:00
7259,7259,Credit Card,success,295.65,2025-03-21 11:39:00
7260,7260,PayPal,success,764.29,2023-12-25 03:53:00
7261,7261,Apple Pay,success,64.28,2023-07-06 17:46:00
7262,7262,Credit Card,success,231.2,2024-07-29 09:07:00
7263,7263,Crypto,success,547.57,2023-02-18 22:19:00
7264,7264,Credit Card,success,536.01,2024-10-02 17:42:00
7265,7265,Credit Card,success,611.59,2024-05-14 12:09:00
7266,7266,Apple Pay,success,559.04,2024-04-29 14:08:00
7267,7267,Credit Card,success,197.57,2024-05-17 18:47:00
7268,7268,PayPal,failed,431.14,2023-11-26 17:05:00
7269,7269,Apple Pay,failed,194.27,2025-01-20 00:16:00
7270,7270,Credit Card,success,251.33,2024-09-11 19:33:00
7271,7271,Credit Card,success,139.44,2024-02-08 21:08:00
7272,7272,Apple Pay,success,354.79,2025-01-17 04:04:00
7273,7273,Apple Pay,success,310.64,2025-07-28 12:31:00
7274,7274,Bank Transfer,success,422.94,2025-01-27 23:42:00
7275,7275,Credit Card,success,981.97,2024-03-31 20:10:00
7276,7276,Credit Card,success,1020.16,2024-02-12 03:31:00
7277,7277,Credit Card,success,672.53,2024-04-16 04:05:00
7278,7278,Credit Card,success,417.0,2023-06-26 05:15:00
7279,7279,Credit Card,success,584.07,2025-02-17 05:52:00
7280,7280,Credit Card,success,532.15,2025-02-21 06:40:00
7281,7281,Credit Card,success,214.76,2023-07-06 12:37:00
7282,7282,Apple Pay,failed,439.98,2024-10-04 19:33:00
7283,7283,PayPal,success,686.4,2024-05-09 07:08:00
7284,7284,Credit Card,failed,464.88,2024-02-19 08:12:00
7285,7285,Credit Card,success,200.98,2024-07-08 09:41:00
7286,7286,PayPal,success,430.21,2025-08-27 19:26:00
7287,7287,Credit Card,success,482.08,2023-11-18 18:23:00
7288,7288,PayPal,failed,374.68,2024-09-08 17:25:00
7289,7289,Apple Pay,success,843.89,2024-05-13 23:30:00
7290,7290,Credit Card,success,1002.49,2024-12-06 19:27:00
7291,7291,Credit Card,success,424.34,2024-07-11 09:39:00
7292,7292,Apple Pay,failed,549.62,2025-06-12 14:17:00
7293,7293,Credit Card,failed,309.32,2024-07-19 20:33:00
7294,7294,Apple Pay,success,225.21,2024-01-28 02:58:00
7295,7295,PayPal,success,232.68,2023-11-04 08:33:00
7296,7296,Apple Pay,failed,25.91,2023-06-11 09:08:00
7297,7297,Credit Card,success,474.53,2023-08-20 23:00:00
7298,7298,Credit Card,success,303.1,2025-06-14 01:38:00
7299,7299,PayPal,success,394.04,2025-02-17 06:38:00
7300,7300,Credit Card,success,604.75,2024-11-02 00:57:00
7301,7301,Credit Card,success,708.77,2024-08-14 01:53:00
7302,7302,Crypto,failed,780.81,2023-05-14 01:04:00
7303,7303,Crypto,success,583.61,2024-01-09 23:24:00
7304,7304,PayPal,success,888.37,2024-02-03 03:47:00
7305,7305,Credit Card,success,253.0,2023-04-21 13:29:00
7306,7306,Credit Card,success,238.87,2025-01-12 17:08:00
7307,7307,Credit Card,success,203.15,2025-04-12 15:28:00
7308,7308,Credit Card,failed,156.56,2024-05-21 03:14:00
7309,7309,Apple Pay,success,326.44,2024-11-03 04:52:00
7310,7310,PayPal,success,1246.12,2024-12-30 15:18:00
7311,7311,Credit Card,success,1109.41,2024-09-29 01:05:00
7312,7312,Credit Card,failed,691.61,2025-04-20 04:34:00
7313,7313,Credit Card,success,1230.68,2025-06-01 23:43:00
7314,7314,Credit Card,failed,372.88,2025-03-07 23:43:00
7315,7315,PayPal,failed,1239.02,2025-07-02 17:50:00
7316,7316,Crypto,success,534.6,2025-08-22 14:32:00
7317,7317,Credit Card,success,70.43,2024-10-28 11:08:00
7318,7318,PayPal,success,293.8,2024-04-06 23:58:00
7319,7319,Credit Card,success,641.86,2024-03-26 17:07:00
7320,7320,Crypto,success,626.08,2024-11-30 23:03:00
7321,7321,Credit Card,success,2070.38,2023-12-16 00:56:00
7322,7322,Credit Card,success,941.09,2023-07-20 23:16:00
7323,7323,Apple Pay,success,587.87,2024-09-18 00:45:00
7324,7324,Apple Pay,success,399.06,2025-07-27 04:13:00
7325,7325,Credit Card,success,106.43,2024-10-25 22:06:00
7326,7326,Credit Card,success,568.37,2023-07-03 21:02:00
7327,7327,Apple Pay,success,834.53,2024-12-21 18:48:00
7328,7328,Credit Card,success,476.45,2024-01-06 18:23:00
7329,7329,PayPal,success,1078.19,2023-09-20 02:06:00
7330,7330,Apple Pay,success,1215.56,2025-03-03 15:11:00
7331,7331,Credit Card,success,406.48,2025-01-09 17:46:00
7332,7332,Crypto,success,87.36,2025-06-20 11:46:00
7333,7333,Credit Card,success,440.2,2025-08-09 21:18:00
7334,7334,Credit Card,success,56.75,2024-03-05 06:50:00
7335,7335,Apple Pay,success,562.48,2024-04-24 05:43:00
7336,7336,Credit Card,success,466.54,2024-05-01 22:07:00
7337,7337,Credit Card,success,266.58,2025-09-04 09:42:00
7338,7338,Credit Card,success,425.95,2023-10-18 10:55:00
7339,7339,Credit Card,success,1193.31,2024-07-30 19:21:00
7340,7340,Bank Transfer,success,892.65,2023-11-28 17:47:00
7341,7341,Credit Card,success,189.1,2023-11-10 05:18:00
7342,7342,PayPal,success,600.51,2023-10-13 20:57:00
7343,7343,Credit Card,success,246.58,2025-06-13 20:28:00
7344,7344,Credit Card,success,309.71,2025-01-12 06:42:00
7345,7345,Credit Card,success,285.05,2023-05-24 22:05:00
7346,7346,Credit Card,success,432.01,2023-04-06 16:17:00
7347,7347,PayPal,success,229.75,2024-10-24 23:05:00
7348,7348,PayPal,success,205.89,2024-05-20 16:25:00
7349,7349,Apple Pay,success,415.65,2024-12-23 19:50:00
7350,7350,Credit Card,success,482.06,2023-08-18 22:23:00
7351,7351,Credit Card,success,85.7,2023-10-15 02:26:00
7352,7352,Apple Pay,success,410.04,2023-08-13 03:21:00
7353,7353,PayPal,success,105.93,2023-12-07 17:44:00
7354,7354,Apple Pay,success,238.62,2023-05-01 10:51:00
7355,7355,Credit Card,success,362.39,2024-10-11 10:55:00
7356,7356,Credit Card,success,186.13,2023-12-15 15:35:00
7357,7357,Credit Card,success,145.43,2025-02-26 01:33:00
7358,7358,Credit Card,success,171.13,2024-03-22 11:33:00
7359,7359,Credit Card,success,597.5,2025-05-14 17:53:00
7360,7360,Credit Card,success,670.89,2025-03-22 04:02:00
7361,7361,PayPal,success,1188.98,2023-10-01 03:14:00
7362,7362,Credit Card,success,313.62,2024-05-11 15:28:00
7363,7363,Credit Card,success,726.04,2024-02-03 23:36:00
7364,7364,Credit Card,success,227.78,2023-10-28 00:58:00
7365,7365,Bank Transfer,success,910.03,2025-03-07 00:11:00
7366,7366,PayPal,success,203.56,2023-08-21 02:20:00
7367,7367,Credit Card,success,296.08,2023-03-03 08:17:00
7368,7368,Credit Card,success,378.87,2024-10-22 04:04:00
7369,7369,PayPal,success,719.88,2024-09-25 03:29:00
7370,7370,PayPal,failed,380.33,2023-07-29 03:33:00
7371,7371,Credit Card,success,592.58,2024-01-21 18:32:00
7372,7372,Credit Card,success,399.06,2025-03-14 06:38:00
7373,7373,PayPal,success,477.24,2024-07-22 14:00:00
7374,7374,Credit Card,success,2199.57,2023-12-29 20:37:00
7375,7375,Credit Card,success,539.7,2024-01-05 16:39:00
7376,7376,PayPal,success,432.01,2024-04-10 09:35:00
7377,7377,Apple Pay,success,99.1,2024-12-10 19:42:00
7378,7378,Credit Card,success,77.65,2023-05-03 19:02:00
7379,7379,Credit Card,success,601.59,2025-09-03 20:57:00
7380,7380,Credit Card,success,106.81,2023-11-15 01:01:00
7381,7381,PayPal,success,215.79,2024-06-29 15:43:00
7382,7382,PayPal,success,85.37,2025-06-08 10:34:00
7383,7383,PayPal,success,252.41,2024-12-16 11:54:00
7384,7384,Apple Pay,success,632.12,2023-08-16 01:55:00
7385,7385,Credit Card,success,540.28,2024-03-16 05:56:00
7386,7386,Credit Card,success,1064.31,2023-07-31 09:04:00
7387,7387,Credit Card,success,277.06,2025-06-24 15:46:00
7388,7388,Credit Card,success,175.31,2023-10-26 21:40:00
7389,7389,Credit Card,success,243.09,2025-03-04 13:38:00
7390,7390,Credit Card,success,125.5,2024-09-09 12:51:00
7391,7391,Credit Card,failed,209.58,2024-03-08 11:04:00
7392,7392,Apple Pay,failed,68.82,2025-05-06 14:55:00
7393,7393,Credit Card,success,498.89,2024-06-24 06:56:00
7394,7394,Credit Card,success,409.66,2024-12-21 12:41:00
7395,7395,PayPal,success,480.84,2023-06-15 23:32:00
7396,7396,Credit Card,success,156.81,2024-07-14 05:51:00
7397,7397,Credit Card,failed,775.95,2024-02-28 12:56:00
7398,7398,PayPal,success,100.82,2025-01-17 07:50:00
7399,7399,Credit Card,success,290.09,2023-11-01 16:55:00
7400,7400,PayPal,success,947.85,2025-07-13 07:58:00
7401,7401,Credit Card,success,562.26,2024-01-30 05:26:00
7402,7402,Apple Pay,success,291.23,2024-01-23 20:32:00
7403,7403,Apple Pay,success,22.02,2024-07-23 08:09:00
7404,7404,PayPal,success,370.96,2023-11-08 23:01:00
7405,7405,Credit Card,success,667.99,2024-11-06 10:27:00
7406,7406,PayPal,success,57.51,2024-01-02 03:29:00
7407,7407,Credit Card,success,272.62,2024-01-17 18:34:00
7408,7408,Credit Card,success,286.65,2025-04-05 14:43:00
7409,7409,Apple Pay,success,342.14,2024-06-01 13:47:00
7410,7410,Apple Pay,success,369.12,2024-04-05 16:51:00
7411,7411,Crypto,success,286.65,2025-07-19 07:30:00
7412,7412,Apple Pay,failed,1599.41,2024-02-07 12:55:00
7413,7413,Credit Card,success,729.42,2023-12-03 14:29:00
7414,7414,Credit Card,failed,217.68,2023-07-04 11:52:00
7415,7415,Apple Pay,success,370.14,2024-04-01 05:08:00
7416,7416,Credit Card,success,645.32,2024-12-02 22:53:00
7417,7417,Credit Card,success,124.13,2024-04-30 23:08:00
7418,7418,PayPal,success,689.78,2024-08-31 10:20:00
7419,7419,Credit Card,success,1076.66,2025-06-12 01:28:00
7420,7420,Credit Card,success,74.84,2023-12-09 21:01:00
7421,7421,Credit Card,success,564.39,2023-09-07 23:46:00
7422,7422,Credit Card,success,195.01,2024-05-09 19:08:00
7423,7423,Credit Card,success,305.71,2024-02-04 04:33:00
7424,7424,Credit Card,success,321.24,2023-12-21 17:53:00
7425,7425,Credit Card,failed,480.65,2025-05-20 11:26:00
7426,7426,PayPal,success,624.01,2024-05-07 10:13:00
7427,7427,Crypto,success,412.27,2023-09-19 01:30:00
7428,7428,PayPal,success,180.75,2023-06-10 20:36:00
7429,7429,Credit Card,success,454.93,2024-11-27 08:42:00
7430,7430,Credit Card,success,402.09,2024-08-08 17:48:00
7431,7431,Credit Card,success,616.51,2023-09-13 02:31:00
7432,7432,Apple Pay,failed,1139.61,2024-03-08 04:31:00
7433,7433,Credit Card,failed,374.81,2025-03-07 04:40:00
7434,7434,Apple Pay,failed,102.87,2024-06-17 06:38:00
7435,7435,PayPal,failed,447.49,2025-07-25 19:25:00
7436,7436,PayPal,success,285.58,2023-07-23 23:14:00
7437,7437,Crypto,success,482.86,2023-06-30 10:53:00
7438,7438,Credit Card,success,380.1,2023-03-30 22:40:00
7439,7439,PayPal,success,539.95,2025-06-30 12:39:00
7440,7440,PayPal,success,823.48,2025-05-28 16:24:00
7441,7441,Credit Card,success,339.75,2024-05-30 10:40:00
7442,7442,Credit Card,failed,782.88,2024-06-24 20:35:00
7443,7443,Bank Transfer,success,414.2,2024-11-05 12:14:00
7444,7444,Credit Card,failed,1127.29,2023-11-29 21:08:00
7445,7445,Credit Card,success,292.39,2024-12-23 18:48:00
7446,7446,Credit Card,success,145.61,2024-10-27 05:16:00
7447,7447,Credit Card,success,194.27,2024-12-30 18:48:00
7448,7448,PayPal,success,722.2,2024-03-22 02:56:00
7449,7449,Credit Card,success,257.25,2024-03-02 05:19:00
7450,7450,PayPal,success,1205.99,2024-06-24 15:30:00
7451,7451,PayPal,success,407.58,2024-07-01 06:58:00
7452,7452,PayPal,success,159.11,2024-08-24 19:33:00
7453,7453,Credit Card,success,172.56,2025-03-27 02:49:00
7454,7454,Credit Card,success,1735.66,2025-05-10 05:30:00
7455,7455,Credit Card,success,372.88,2024-04-10 16:12:00
7456,7456,Credit Card,success,252.41,2023-09-13 06:56:00
7457,7457,Credit Card,success,1599.02,2023-07-22 16:28:00
7458,7458,PayPal,success,139.03,2023-11-05 21:10:00
7459,7459,Credit Card,success,460.89,2023-08-28 18:37:00
7460,7460,Credit Card,success,447.18,2024-11-06 04:26:00
7461,7461,Credit Card,success,558.47,2025-08-17 13:02:00
7462,7462,PayPal,failed,1783.58,2023-07-13 20:23:00
7463,7463,Apple Pay,success,324.0,2025-01-13 18:51:00
7464,7464,Credit Card,success,623.44,2025-09-03 01:28:00
7465,7465,Apple Pay,success,470.33,2024-06-30 17:49:00
7466,7466,Credit Card,success,422.53,2023-09-28 09:10:00
7467,7467,PayPal,success,412.5,2025-02-14 19:00:00
7468,7468,Credit Card,success,283.58,2024-09-29 14:59:00
7469,7469,Credit Card,success,232.44,2024-05-07 00:23:00
7470,7470,Credit Card,success,366.14,2024-03-20 23:36:00
7471,7471,Credit Card,success,70.43,2024-08-21 05:45:00
7472,7472,Credit Card,success,113.91,2023-12-01 07:12:00
7473,7473,Credit Card,success,137.26,2024-10-09 05:46:00
7474,7474,Credit Card,success,191.01,2025-02-28 05:07:00
7475,7475,PayPal,failed,342.14,2024-04-29 07:44:00
7476,7476,Credit Card,success,189.1,2025-02-16 21:31:00
7477,7477,Credit Card,success,611.41,2024-08-17 07:15:00
7478,7478,Credit Card,success,277.96,2025-05-28 04:23:00
7479,7479,Credit Card,success,609.68,2024-11-22 18:55:00
7480,7480,Credit Card,success,70.43,2023-03-16 17:58:00
7481,7481,Credit Card,success,243.71,2024-02-13 02:57:00
7482,7482,Credit Card,failed,459.78,2024-12-22 14:32:00
7483,7483,PayPal,success,77.82,2024-12-23 15:44:00
7484,7484,Credit Card,success,769.19,2024-10-20 17:14:00
7485,7485,Apple Pay,success,412.27,2025-08-04 23:00:00
7486,7486,Credit Card,success,448.94,2024-07-06 01:04:00
7487,7487,PayPal,success,298.1,2024-12-04 05:38:00
7488,7488,PayPal,success,207.65,2023-08-18 07:14:00
7489,7489,Apple Pay,success,704.77,2025-03-09 10:57:00
7490,7490,PayPal,success,397.65,2024-04-29 21:09:00
7491,7491,PayPal,success,360.63,2025-05-31 08:19:00
7492,7492,PayPal,success,1094.42,2023-08-19 22:56:00
7493,7493,PayPal,success,449.55,2024-06-27 12:12:00
7494,7494,Credit Card,success,97.87,2023-01-20 08:02:00
7495,7495,Credit Card,success,579.79,2023-11-29 18:47:00
7496,7496,Credit Card,success,266.6,2024-03-12 08:24:00
7497,7497,PayPal,failed,1339.26,2024-12-09 21:02:00
7498,7498,PayPal,success,418.35,2023-03-05 09:23:00
7499,7499,Credit Card,failed,401.65,2023-06-04 15:13:00
7500,7500,Apple Pay,success,294.87,2024-01-09 08:35:00
7501,7501,Bank Transfer,success,44.33,2025-08-10 19:50:00
7502,7502,PayPal,success,340.59,2024-01-23 10:25:00
7503,7503,Credit Card,success,474.7,2024-11-08 12:36:00
7504,7504,Apple Pay,success,318.87,2023-11-22 08:14:00
7505,7505,PayPal,failed,487.91,2024-10-16 07:30:00
7506,7506,Credit Card,success,456.41,2025-06-03 14:37:00
7507,7507,Credit Card,success,238.08,2024-05-24 20:13:00
7508,7508,Apple Pay,success,1024.57,2023-12-15 12:29:00
7509,7509,Credit Card,success,321.16,2025-10-28 08:10:00
7510,7510,Credit Card,success,300.08,2025-04-03 09:04:00
7511,7511,Credit Card,success,683.2,2024-05-05 10:45:00
7512,7512,PayPal,success,994.42,2024-11-13 09:13:00
7513,7513,Credit Card,success,204.21,2024-02-13 00:26:00
7514,7514,Credit Card,success,1289.44,2023-07-02 11:29:00
7515,7515,PayPal,failed,624.58,2024-01-09 08:45:00
7516,7516,Credit Card,success,139.44,2024-11-16 08:09:00
7517,7517,Credit Card,success,1147.01,2024-06-30 08:59:00
7518,7518,Crypto,success,724.73,2024-08-16 06:45:00
7519,7519,Credit Card,success,1080.45,2023-06-04 16:31:00
7520,7520,Credit Card,success,1663.25,2024-04-13 00:05:00
7521,7521,Credit Card,success,764.2,2024-04-29 06:12:00
7522,7522,Apple Pay,success,196.5,2023-09-08 14:15:00
7523,7523,Crypto,success,215.79,2024-06-28 10:39:00
7524,7524,Credit Card,success,1822.92,2025-09-12 01:39:00
7525,7525,PayPal,success,359.13,2024-10-18 10:38:00
7526,7526,Credit Card,success,185.14,2025-02-25 09:05:00
7527,7527,Credit Card,failed,463.36,2024-06-29 12:29:00
7528,7528,Credit Card,success,773.19,2025-06-25 03:06:00
7529,7529,Credit Card,success,580.15,2024-12-20 03:40:00
7530,7530,Credit Card,success,641.36,2024-01-22 05:20:00
7531,7531,Credit Card,success,402.48,2024-10-31 06:42:00
7532,7532,Credit Card,success,506.79,2024-05-06 00:02:00
7533,7533,Credit Card,success,326.5,2024-11-04 12:02:00
7534,7534,Credit Card,success,219.76,2024-10-31 11:06:00
7535,7535,Bank Transfer,success,70.43,2023-09-21 06:03:00
7536,7536,Credit Card,failed,284.87,2025-05-03 13:14:00
7537,7537,Credit Card,success,332.43,2025-01-03 15:30:00
7538,7538,PayPal,success,862.56,2024-06-08 15:43:00
7539,7539,Bank Transfer,success,1253.79,2024-01-20 06:41:00
7540,7540,Credit Card,success,324.88,2024-11-22 08:53:00
7541,7541,Credit Card,success,421.0,2023-09-19 17:17:00
7542,7542,Credit Card,success,417.0,2025-01-02 09:52:00
7543,7543,Apple Pay,failed,530.96,2024-08-27 22:40:00
7544,7544,Credit Card,failed,70.34,2024-09-17 06:56:00
7545,7545,Apple Pay,success,210.09,2025-08-06 14:33:00
7546,7546,Bank Transfer,success,296.08,2024-10-19 03:17:00
7547,7547,Credit Card,success,417.0,2023-06-02 18:32:00
7548,7548,Credit Card,success,399.12,2024-06-30 22:10:00
7549,7549,Apple Pay,success,411.01,2025-08-12 12:35:00
7550,7550,PayPal,success,599.08,2024-08-29 04:52:00
7551,7551,Credit Card,success,220.82,2023-08-21 14:07:00
7552,7552,PayPal,success,384.8,2023-11-15 23:12:00
7553,7553,Credit Card,success,439.98,2025-02-06 15:35:00
7554,7554,Bank Transfer,failed,70.27,2024-09-13 08:02:00
7555,7555,Credit Card,success,233.82,2023-07-06 23:31:00
7556,7556,Crypto,success,457.38,2025-08-08 21:58:00
7557,7557,Credit Card,success,520.45,2024-12-21 05:39:00
7558,7558,Credit Card,success,246.42,2023-08-31 16:31:00
7559,7559,Credit Card,success,102.5,2025-02-01 17:58:00
7560,7560,PayPal,success,865.1,2023-07-23 21:40:00
7561,7561,Credit Card,success,79.38,2024-10-25 11:28:00
7562,7562,Credit Card,success,401.71,2024-11-26 08:01:00
7563,7563,Credit Card,success,422.94,2023-09-20 15:42:00
7564,7564,Credit Card,success,467.47,2023-07-31 16:53:00
7565,7565,Credit Card,success,855.58,2023-09-19 07:40:00
7566,7566,Credit Card,success,117.91,2024-05-22 14:09:00
7567,7567,PayPal,success,299.72,2025-01-08 07:50:00
7568,7568,Credit Card,success,155.31,2025-02-23 09:35:00
7569,7569,Apple Pay,success,567.31,2024-12-16 11:43:00
7570,7570,Apple Pay,success,786.34,2024-08-27 13:54:00
7571,7571,Credit Card,success,49.23,2024-02-21 23:41:00
7572,7572,Credit Card,success,428.34,2024-02-29 06:36:00
7573,7573,Credit Card,success,950.17,2024-11-11 16:05:00
7574,7574,Credit Card,success,239.81,2024-05-15 01:10:00
7575,7575,Apple Pay,success,213.74,2024-06-03 15:59:00
7576,7576,Apple Pay,success,302.38,2024-06-13 21:19:00
7577,7577,Credit Card,success,586.17,2025-03-11 03:46:00
7578,7578,Credit Card,failed,186.22,2024-03-25 05:32:00
7579,7579,Credit Card,success,414.7,2024-12-27 07:23:00
7580,7580,Credit Card,failed,425.12,2025-02-05 13:57:00
7581,7581,Credit Card,failed,1521.78,2023-10-10 23:41:00
7582,7582,Credit Card,success,411.7,2023-12-14 13:31:00
7583,7583,Credit Card,success,821.82,2024-12-31 00:43:00
7584,7584,Credit Card,success,79.79,2023-02-11 03:36:00
7585,7585,Bank Transfer,success,278.43,2023-12-08 15:03:00
7586,7586,Credit Card,failed,1260.34,2023-08-11 05:24:00
7587,7587,Credit Card,success,923.49,2023-02-21 00:24:00
7588,7588,PayPal,success,276.7,2024-06-02 14:08:00
7589,7589,Apple Pay,success,585.56,2025-01-10 19:57:00
7590,7590,Credit Card,success,293.87,2025-01-20 06:14:00
7591,7591,Credit Card,success,1326.21,2025-06-03 04:47:00
7592,7592,PayPal,success,63.5,2025-02-03 06:43:00
7593,7593,PayPal,success,298.3,2025-01-30 03:11:00
7594,7594,Credit Card,success,634.85,2023-10-12 03:00:00
7595,7595,Apple Pay,success,171.13,2024-11-06 19:02:00
7596,7596,Credit Card,success,1212.22,2024-06-11 13:11:00
7597,7597,Credit Card,success,311.97,2024-08-12 16:41:00
7598,7598,Credit Card,success,804.67,2023-07-22 08:06:00
7599,7599,Bank Transfer,success,296.08,2024-04-08 23:44:00
7600,7600,Credit Card,failed,266.56,2023-03-13 23:07:00
7601,7601,Credit Card,success,233.77,2023-07-19 09:35:00
7602,7602,Credit Card,success,479.56,2025-07-07 12:05:00
7603,7603,Credit Card,success,85.38,2024-03-22 13:38:00
7604,7604,Credit Card,failed,434.94,2023-11-07 18:02:00
7605,7605,Credit Card,success,142.56,2024-12-23 17:41:00
7606,7606,Credit Card,failed,231.2,2023-05-12 12:39:00
7607,7607,Credit Card,success,1363.41,2024-04-28 15:28:00
7608,7608,Credit Card,success,360.4,2024-05-08 07:25:00
7609,7609,Credit Card,success,524.95,2023-11-26 01:46:00
7610,7610,PayPal,success,351.16,2024-09-19 12:51:00
7611,7611,Credit Card,failed,336.49,2023-09-19 21:44:00
7612,7612,Credit Card,success,462.06,2024-12-15 08:24:00
7613,7613,Apple Pay,success,1340.28,2024-11-19 06:18:00
7614,7614,Apple Pay,success,636.47,2024-09-28 00:09:00
7615,7615,Credit Card,success,1217.0,2024-05-02 04:42:00
7616,7616,Credit Card,success,514.63,2024-03-31 09:06:00
7617,7617,PayPal,success,1738.25,2023-12-28 04:43:00
7618,7618,Credit Card,success,503.37,2024-01-28 20:31:00
7619,7619,Credit Card,success,521.15,2023-11-17 03:54:00
7620,7620,Credit Card,failed,1517.36,2023-08-16 16:24:00
7621,7621,Credit Card,failed,831.75,2025-03-31 04:50:00
7622,7622,Credit Card,success,350.43,2023-07-09 23:57:00
7623,7623,PayPal,success,76.89,2024-11-27 19:17:00
7624,7624,PayPal,success,211.67,2023-12-04 17:02:00
7625,7625,PayPal,success,920.51,2023-06-25 02:35:00
7626,7626,Credit Card,success,1084.4,2024-09-21 17:39:00
7627,7627,Credit Card,success,95.43,2024-10-03 16:28:00
7628,7628,Credit Card,success,307.12,2023-09-23 10:34:00
7629,7629,Credit Card,failed,103.51,2023-12-16 02:04:00
7630,7630,Credit Card,success,374.81,2025-05-21 23:45:00
7631,7631,Credit Card,success,180.75,2024-11-05 22:37:00
7632,7632,Apple Pay,success,887.07,2024-05-10 01:14:00
7633,7633,Credit Card,success,216.08,2025-07-09 02:03:00
7634,7634,Credit Card,success,188.47,2025-01-04 11:01:00
7635,7635,Apple Pay,success,68.82,2025-11-11 08:23:00
7636,7636,Credit Card,success,78.78,2024-12-18 02:23:00
7637,7637,PayPal,success,394.04,2025-03-26 03:39:00
7638,7638,Credit Card,success,445.08,2023-07-04 20:31:00
7639,7639,Credit Card,success,370.23,2023-11-24 19:46:00
7640,7640,Apple Pay,success,266.76,2024-11-28 15:56:00
7641,7641,Credit Card,success,318.63,2023-10-02 20:13:00
7642,7642,Credit Card,success,298.38,2023-07-09 09:04:00
7643,7643,Credit Card,success,302.46,2024-08-26 11:27:00
7644,7644,Crypto,success,431.49,2024-01-18 10:57:00
7645,7645,PayPal,success,139.03,2024-05-30 02:18:00
7646,7646,Credit Card,success,398.79,2024-07-09 07:36:00
7647,7647,Apple Pay,success,62.83,2025-05-08 06:03:00
7648,7648,Credit Card,success,326.44,2024-11-03 15:07:00
7649,7649,Credit Card,success,241.59,2023-10-05 13:33:00
7650,7650,PayPal,success,717.52,2024-02-25 14:53:00
7651,7651,Credit Card,success,790.08,2024-09-18 12:39:00
7652,7652,PayPal,success,324.13,2024-06-08 19:48:00
7653,7653,Credit Card,success,354.64,2024-12-30 00:14:00
7654,7654,Credit Card,success,1259.93,2025-06-13 04:12:00
7655,7655,Credit Card,success,496.87,2025-02-01 16:23:00
7656,7656,Credit Card,success,474.37,2024-01-23 07:00:00
7657,7657,PayPal,success,725.25,2024-01-23 06:26:00
7658,7658,Credit Card,success,525.02,2024-02-16 16:13:00
7659,7659,Credit Card,success,203.6,2024-10-03 20:59:00
7660,7660,Credit Card,success,1179.88,2025-03-10 23:02:00
7661,7661,Credit Card,success,950.23,2024-11-17 04:22:00
7662,7662,Crypto,success,867.57,2023-12-17 22:34:00
7663,7663,Credit Card,success,720.64,2023-07-23 10:25:00
7664,7664,Credit Card,success,439.98,2025-02-11 18:07:00
7665,7665,Crypto,success,225.21,2023-11-08 14:02:00
7666,7666,Credit Card,success,564.11,2024-05-05 17:41:00
7667,7667,PayPal,success,140.89,2023-06-04 09:36:00
7668,7668,PayPal,success,626.39,2024-10-14 20:48:00
7669,7669,PayPal,success,107.5,2025-04-10 19:58:00
7670,7670,PayPal,success,152.63,2024-01-27 10:27:00
7671,7671,Credit Card,failed,997.27,2025-06-30 19:42:00
7672,7672,Credit Card,success,259.9,2023-12-21 22:08:00
7673,7673,Credit Card,success,901.26,2025-07-14 14:00:00
7674,7674,PayPal,success,400.03,2025-05-18 00:31:00
7675,7675,Apple Pay,failed,207.07,2023-04-12 10:28:00
7676,7676,Crypto,success,571.69,2025-02-03 07:04:00
7677,7677,PayPal,success,190.16,2024-09-06 12:45:00
7678,7678,Bank Transfer,failed,480.22,2025-03-07 16:23:00
7679,7679,Apple Pay,success,776.08,2025-01-03 20:26:00
7680,7680,Apple Pay,success,42.08,2023-10-21 05:55:00
7681,7681,PayPal,success,822.06,2025-06-21 06:42:00
7682,7682,PayPal,success,804.95,2024-02-19 00:06:00
7683,7683,PayPal,failed,221.08,2025-01-28 02:13:00
7684,7684,Credit Card,success,539.2,2024-10-19 00:18:00
7685,7685,Credit Card,success,410.42,2024-07-24 17:38:00
7686,7686,Apple Pay,success,875.34,2025-05-31 06:26:00
7687,7687,Crypto,success,364.52,2025-06-29 14:39:00
7688,7688,Credit Card,success,628.64,2024-10-14 10:12:00
7689,7689,Credit Card,success,797.09,2024-09-16 21:40:00
7690,7690,PayPal,success,180.14,2024-01-17 12:09:00
7691,7691,Credit Card,success,273.89,2023-12-10 17:41:00
7692,7692,PayPal,success,300.08,2023-08-31 10:52:00
7693,7693,Credit Card,success,186.16,2023-10-04 22:30:00
7694,7694,Credit Card,success,85.38,2024-01-29 10:09:00
7695,7695,Apple Pay,success,844.04,2023-12-25 16:28:00
7696,7696,Credit Card,success,290.09,2024-11-21 00:30:00
7697,7697,Credit Card,success,820.78,2023-12-03 10:42:00
7698,7698,PayPal,success,25.91,2024-04-20 04:59:00
7699,7699,Credit Card,success,444.51,2024-01-31 13:54:00
7700,7700,Credit Card,success,142.64,2023-05-07 16:26:00
7701,7701,Credit Card,success,384.9,2025-04-23 20:19:00
7702,7702,PayPal,success,772.05,2023-07-05 17:33:00
7703,7703,Credit Card,success,239.77,2023-12-12 21:19:00
7704,7704,PayPal,success,102.5,2023-03-22 11:38:00
7705,7705,PayPal,success,226.93,2023-06-09 09:58:00
7706,7706,Credit Card,success,758.49,2025-07-28 07:55:00
7707,7707,Credit Card,success,232.44,2025-01-21 11:37:00
7708,7708,Credit Card,success,330.87,2023-07-21 02:45:00
7709,7709,Credit Card,success,244.61,2025-07-09 15:23:00
7710,7710,Credit Card,success,754.58,2023-07-28 15:02:00
7711,7711,Credit Card,failed,628.34,2025-10-06 13:03:00
7712,7712,Credit Card,success,165.25,2024-05-03 22:43:00
7713,7713,PayPal,failed,190.13,2024-06-14 01:03:00
7714,7714,Credit Card,success,78.78,2024-05-03 15:23:00
7715,7715,Apple Pay,success,294.1,2025-09-03 18:34:00
7716,7716,Apple Pay,success,206.97,2025-01-16 07:05:00
7717,7717,Credit Card,success,50.32,2024-02-01 12:39:00
7718,7718,Apple Pay,success,121.79,2023-09-16 09:34:00
7719,7719,Credit Card,success,173.95,2023-11-22 05:04:00
7720,7720,Apple Pay,success,451.18,2024-08-17 13:58:00
7721,7721,PayPal,success,585.19,2023-03-18 14:10:00
7722,7722,Credit Card,failed,269.8,2025-02-02 18:37:00
7723,7723,Credit Card,success,624.35,2025-06-27 05:47:00
7724,7724,Credit Card,success,329.21,2024-11-11 13:05:00
7725,7725,PayPal,success,329.21,2024-07-18 23:54:00
7726,7726,Credit Card,failed,1326.04,2024-02-12 14:15:00
7727,7727,Credit Card,success,773.39,2024-10-12 08:46:00
7728,7728,Credit Card,success,399.06,2024-05-09 03:45:00
7729,7729,Credit Card,failed,443.91,2023-12-03 09:41:00
7730,7730,PayPal,success,244.86,2025-07-22 04:37:00
7731,7731,PayPal,failed,274.95,2024-07-21 20:07:00
7732,7732,Crypto,success,334.87,2024-10-19 12:11:00
7733,7733,PayPal,success,110.72,2023-07-01 13:12:00
7734,7734,Credit Card,success,1568.8,2023-11-05 15:32:00
7735,7735,Bank Transfer,success,140.86,2023-11-17 17:07:00
7736,7736,Credit Card,success,417.98,2025-06-24 08:41:00
7737,7737,Apple Pay,failed,48.07,2024-02-03 11:05:00
7738,7738,PayPal,success,768.79,2023-03-23 16:07:00
7739,7739,Credit Card,failed,808.02,2023-11-24 21:58:00
7740,7740,Credit Card,success,513.07,2024-09-06 22:23:00
7741,7741,Credit Card,success,381.22,2023-11-26 08:11:00
7742,7742,Credit Card,success,487.42,2024-02-21 06:44:00
7743,7743,Credit Card,success,225.21,2025-08-09 05:43:00
7744,7744,Credit Card,success,1290.29,2024-12-07 19:08:00
7745,7745,Crypto,success,656.2,2025-05-17 07:54:00
7746,7746,Credit Card,success,400.03,2023-09-24 16:42:00
7747,7747,PayPal,failed,418.35,2024-11-22 00:06:00
7748,7748,Apple Pay,failed,67.66,2024-06-28 02:30:00
7749,7749,Apple Pay,success,186.12,2023-10-25 21:39:00
7750,7750,PayPal,success,487.23,2024-11-09 23:27:00
7751,7751,Apple Pay,success,418.26,2024-09-29 09:26:00
7752,7752,Credit Card,success,1065.99,2023-12-16 15:16:00
7753,7753,Bank Transfer,success,978.14,2025-02-07 08:54:00
7754,7754,Credit Card,success,222.31,2023-05-04 02:24:00
7755,7755,Credit Card,success,279.69,2024-06-26 09:03:00
7756,7756,Credit Card,success,179.94,2024-05-23 15:24:00
7757,7757,Credit Card,success,543.57,2024-06-23 00:22:00
7758,7758,Crypto,success,151.47,2023-10-29 07:36:00
7759,7759,Credit Card,failed,1514.6,2024-06-19 21:34:00
7760,7760,Credit Card,success,96.15,2023-09-03 02:47:00
7761,7761,Crypto,success,88.62,2025-02-03 10:57:00
7762,7762,Credit Card,success,446.12,2023-11-04 09:07:00
7763,7763,Credit Card,success,455.05,2024-07-25 08:13:00
7764,7764,Credit Card,failed,367.4,2025-02-07 22:33:00
7765,7765,PayPal,success,479.58,2024-08-09 07:34:00
7766,7766,PayPal,success,513.63,2023-08-15 05:33:00
7767,7767,PayPal,success,262.54,2023-09-24 06:54:00
7768,7768,Apple Pay,success,402.61,2024-01-29 11:13:00
7769,7769,PayPal,success,86.83,2025-06-01 16:27:00
7770,7770,Credit Card,success,44.33,2024-03-27 13:42:00
7771,7771,Credit Card,success,737.14,2024-11-13 09:34:00
7772,7772,Credit Card,success,681.93,2025-07-14 17:59:00
7773,7773,Credit Card,success,833.82,2023-09-21 06:48:00
7774,7774,Credit Card,success,473.73,2024-09-24 12:50:00
7775,7775,PayPal,success,527.49,2023-10-19 23:46:00
7776,7776,Credit Card,success,152.63,2024-06-12 19:43:00
7777,7777,Credit Card,success,238.62,2024-11-23 10:11:00
7778,7778,Credit Card,success,363.69,2025-01-17 19:29:00
7779,7779,PayPal,success,370.96,2024-06-27 23:13:00
7780,7780,Crypto,success,1088.09,2024-04-03 19:12:00
7781,7781,PayPal,failed,126.39,2024-02-16 17:49:00
7782,7782,Credit Card,success,507.38,2024-07-21 12:22:00
7783,7783,Credit Card,success,419.65,2025-07-12 01:13:00
7784,7784,Credit Card,success,271.31,2024-05-31 13:39:00
7785,7785,Credit Card,success,448.51,2024-01-01 07:52:00
7786,7786,Credit Card,success,747.28,2024-06-15 19:09:00
7787,7787,PayPal,success,185.68,2023-09-29 05:09:00
7788,7788,PayPal,failed,999.19,2024-03-25 01:40:00
7789,7789,Credit Card,failed,244.86,2024-11-27 15:01:00
7790,7790,Credit Card,success,239.77,2024-04-29 23:14:00
7791,7791,PayPal,success,394.11,2025-07-08 00:10:00
7792,7792,Credit Card,success,998.99,2024-06-01 13:30:00
7793,7793,Apple Pay,success,783.31,2024-07-25 03:33:00
7794,7794,Credit Card,success,72.57,2023-09-28 20:15:00
7795,7795,Credit Card,success,385.0,2025-06-29 07:59:00
7796,7796,Credit Card,success,666.28,2025-02-11 10:23:00
7797,7797,Credit Card,success,332.76,2025-04-09 01:58:00
7798,7798,Apple Pay,success,476.79,2025-11-06 23:02:00
7799,7799,PayPal,success,299.72,2025-07-02 18:29:00
7800,7800,Credit Card,success,212.68,2025-02-09 20:44:00
7801,7801,Credit Card,failed,387.61,2025-08-22 15:59:00
7802,7802,Credit Card,failed,243.71,2023-11-04 14:50:00
7803,7803,Credit Card,success,111.58,2024-12-09 02:49:00
7804,7804,PayPal,failed,627.9,2023-11-18 15:07:00
7805,7805,Credit Card,success,96.73,2024-05-15 15:23:00
7806,7806,Apple Pay,success,438.0,2025-02-03 09:31:00
7807,7807,Credit Card,success,1228.34,2024-05-06 18:53:00
7808,7808,Credit Card,success,747.93,2025-10-02 16:34:00
7809,7809,Bank Transfer,success,91.37,2024-09-06 18:43:00
7810,7810,Credit Card,failed,220.97,2023-08-09 09:54:00
7811,7811,PayPal,success,477.24,2024-01-29 08:57:00
7812,7812,Apple Pay,success,195.09,2025-02-15 23:46:00
7813,7813,Credit Card,success,272.62,2024-10-28 19:31:00
7814,7814,PayPal,success,188.28,2024-12-11 13:26:00
7815,7815,Credit Card,success,263.24,2024-01-30 19:52:00
7816,7816,PayPal,success,199.09,2024-01-13 17:31:00
7817,7817,Credit Card,success,978.06,2024-09-14 21:13:00
7818,7818,PayPal,success,1861.28,2024-05-26 12:32:00
7819,7819,Credit Card,success,445.44,2023-08-31 10:51:00
7820,7820,Apple Pay,success,401.98,2024-09-15 12:23:00
7821,7821,Credit Card,success,85.38,2024-10-25 05:54:00
7822,7822,Crypto,success,410.91,2024-07-21 18:37:00
7823,7823,Credit Card,success,745.82,2024-09-23 20:40:00
7824,7824,Credit Card,success,321.31,2024-04-07 08:22:00
7825,7825,Crypto,success,447.69,2024-04-03 14:30:00
7826,7826,PayPal,success,259.96,2023-09-25 06:54:00
7827,7827,PayPal,success,779.34,2025-02-26 19:34:00
7828,7828,Credit Card,success,74.36,2024-06-19 17:13:00
7829,7829,Apple Pay,success,325.95,2023-10-08 21:46:00
7830,7830,PayPal,success,205.04,2024-07-23 18:52:00
7831,7831,PayPal,failed,675.96,2023-12-07 18:14:00
7832,7832,Apple Pay,success,529.2,2024-02-23 17:15:00
7833,7833,Crypto,success,638.67,2023-04-04 11:18:00
7834,7834,PayPal,success,586.21,2024-11-25 22:05:00
7835,7835,Credit Card,success,71.32,2024-05-09 09:10:00
7836,7836,Credit Card,success,870.01,2024-11-15 03:05:00
7837,7837,Credit Card,success,178.2,2024-02-28 17:47:00
7838,7838,Credit Card,success,387.19,2023-11-05 20:04:00
7839,7839,PayPal,success,165.54,2024-01-14 16:10:00
7840,7840,Credit Card,success,244.7,2023-12-25 04:35:00
7841,7841,Credit Card,success,1722.66,2024-11-03 09:05:00
7842,7842,Crypto,success,819.41,2023-07-06 11:57:00
7843,7843,Credit Card,success,417.0,2024-10-29 09:59:00
7844,7844,PayPal,success,556.62,2025-06-18 21:04:00
7845,7845,Credit Card,success,181.89,2023-07-27 07:09:00
7846,7846,Crypto,success,78.78,2025-01-28 04:56:00
7847,7847,Credit Card,success,483.4,2024-11-02 18:47:00
7848,7848,Credit Card,success,638.87,2024-06-04 14:34:00
7849,7849,Credit Card,success,1228.98,2025-05-08 22:44:00
7850,7850,PayPal,success,332.43,2023-06-25 03:07:00
7851,7851,Credit Card,success,202.01,2024-05-08 16:26:00
7852,7852,Apple Pay,success,245.98,2023-09-14 22:24:00
7853,7853,Credit Card,success,794.14,2025-04-06 01:15:00
7854,7854,Credit Card,success,155.67,2025-02-28 14:05:00
7855,7855,Crypto,failed,216.83,2024-11-01 04:03:00
7856,7856,Apple Pay,success,225.21,2025-04-24 23:58:00
7857,7857,Credit Card,success,226.93,2024-11-17 16:37:00
7858,7858,Credit Card,success,1741.21,2024-04-26 00:27:00
7859,7859,PayPal,success,256.41,2024-07-29 18:10:00
7860,7860,Credit Card,failed,1233.17,2024-10-06 18:33:00
7861,7861,Credit Card,success,627.43,2024-02-23 17:04:00
7862,7862,Apple Pay,success,1538.97,2025-05-30 15:55:00
7863,7863,PayPal,success,301.7,2025-04-17 15:32:00
7864,7864,Apple Pay,success,1080.45,2025-04-09 06:43:00
7865,7865,Credit Card,success,626.17,2025-04-15 22:11:00
7866,7866,PayPal,success,467.64,2024-07-23 00:35:00
7867,7867,Credit Card,success,818.8,2025-08-04 13:46:00
7868,7868,PayPal,failed,499.9,2024-09-11 23:48:00
7869,7869,Credit Card,success,251.98,2025-05-27 21:15:00
7870,7870,PayPal,failed,318.59,2023-11-16 05:46:00
7871,7871,Credit Card,failed,709.49,2023-04-27 13:34:00
7872,7872,Credit Card,success,551.07,2025-06-27 01:09:00
7873,7873,PayPal,failed,468.07,2025-03-13 10:31:00
7874,7874,Credit Card,success,603.2,2024-08-27 09:18:00
7875,7875,PayPal,success,188.19,2024-02-27 23:01:00
7876,7876,PayPal,success,510.48,2024-03-22 05:30:00
7877,7877,Credit Card,success,139.03,2025-03-30 15:56:00
7878,7878,Credit Card,success,101.72,2023-10-09 12:06:00
7879,7879,PayPal,success,380.8,2023-09-14 23:07:00
7880,7880,Crypto,success,400.03,2025-01-27 03:05:00
7881,7881,Credit Card,success,169.54,2024-07-06 14:47:00
7882,7882,Apple Pay,success,230.78,2023-09-28 01:58:00
7883,7883,PayPal,success,1104.66,2024-08-13 22:45:00
7884,7884,Credit Card,success,238.87,2025-04-08 20:44:00
7885,7885,PayPal,success,118.52,2023-12-25 09:11:00
7886,7886,Credit Card,success,280.66,2024-09-06 00:32:00
7887,7887,Crypto,success,790.49,2023-04-15 21:38:00
7888,7888,Credit Card,success,95.73,2024-06-01 06:26:00
7889,7889,Credit Card,success,243.71,2023-11-29 06:37:00
7890,7890,Crypto,success,194.27,2024-08-21 18:33:00
7891,7891,Credit Card,success,113.67,2024-01-05 05:14:00
7892,7892,Crypto,success,197.05,2024-12-12 11:25:00
7893,7893,Apple Pay,success,176.75,2024-10-17 07:29:00
7894,7894,Crypto,success,315.23,2023-08-19 21:21:00
7895,7895,PayPal,success,239.77,2024-11-09 17:03:00
7896,7896,PayPal,success,1377.45,2025-03-04 16:10:00
7897,7897,PayPal,success,230.49,2024-07-17 06:55:00
7898,7898,Credit Card,success,239.78,2023-10-24 09:08:00
7899,7899,Credit Card,success,743.38,2023-10-01 22:34:00
7900,7900,Crypto,success,342.62,2025-02-14 12:47:00
7901,7901,PayPal,failed,777.28,2024-02-03 11:24:00
7902,7902,PayPal,failed,437.13,2024-09-11 04:57:00
7903,7903,Credit Card,success,361.86,2024-03-28 18:32:00
7904,7904,Credit Card,success,324.88,2023-11-21 04:01:00
7905,7905,Apple Pay,success,1462.95,2024-03-08 22:50:00
7906,7906,Apple Pay,success,86.16,2024-08-18 02:17:00
7907,7907,PayPal,success,448.94,2024-11-23 09:08:00
7908,7908,PayPal,success,405.97,2025-06-02 22:27:00
7909,7909,Credit Card,success,928.63,2023-11-29 15:59:00
7910,7910,Apple Pay,success,496.88,2024-07-24 08:38:00
7911,7911,Credit Card,success,1251.18,2023-11-06 15:28:00
7912,7912,Credit Card,success,82.57,2023-11-01 21:13:00
7913,7913,Credit Card,success,508.85,2024-08-12 07:05:00
7914,7914,Credit Card,success,323.09,2023-12-28 11:08:00
7915,7915,Apple Pay,success,366.47,2025-01-21 00:19:00
7916,7916,Credit Card,failed,109.88,2024-11-14 10:04:00
7917,7917,Apple Pay,success,733.13,2023-10-10 12:38:00
7918,7918,Credit Card,success,401.71,2024-02-29 06:18:00
7919,7919,Credit Card,success,244.09,2025-01-30 16:54:00
7920,7920,Credit Card,success,370.14,2023-09-04 18:11:00
7921,7921,Credit Card,success,213.96,2024-12-28 19:56:00
7922,7922,PayPal,success,560.76,2023-12-16 10:33:00
7923,7923,PayPal,success,24.61,2025-03-16 05:09:00
7924,7924,Crypto,success,589.17,2024-06-04 05:26:00
7925,7925,Apple Pay,failed,599.84,2023-08-15 13:55:00
7926,7926,PayPal,failed,50.41,2024-12-11 23:29:00
7927,7927,Credit Card,success,98.01,2024-10-22 19:31:00
7928,7928,PayPal,success,1021.82,2024-11-12 07:11:00
7929,7929,Apple Pay,success,418.56,2023-08-12 04:30:00
7930,7930,Credit Card,success,448.94,2024-09-07 06:03:00
7931,7931,Credit Card,success,402.09,2025-02-08 06:33:00
7932,7932,Credit Card,failed,347.9,2025-04-14 12:53:00
7933,7933,Apple Pay,success,278.49,2024-02-23 18:29:00
7934,7934,Credit Card,success,739.26,2025-01-10 04:52:00
7935,7935,Credit Card,success,294.1,2024-12-03 17:42:00
7936,7936,Credit Card,failed,159.24,2025-06-01 23:06:00
7937,7937,Credit Card,success,444.51,2025-09-27 19:13:00
7938,7938,Credit Card,success,397.8,2025-03-22 03:08:00
7939,7939,PayPal,success,170.75,2025-02-28 14:50:00
7940,7940,Credit Card,success,809.41,2024-11-22 06:48:00
7941,7941,Credit Card,success,447.63,2023-08-14 11:26:00
7942,7942,Credit Card,success,288.11,2024-01-03 08:23:00
7943,7943,Credit Card,success,302.46,2024-02-15 04:03:00
7944,7944,PayPal,success,316.1,2023-12-17 12:23:00
7945,7945,Credit Card,success,248.86,2024-08-30 08:33:00
7946,7946,Crypto,success,180.14,2023-12-02 09:55:00
7947,7947,Credit Card,success,860.42,2024-09-27 09:34:00
7948,7948,Credit Card,success,173.95,2024-02-18 17:08:00
7949,7949,PayPal,failed,85.38,2024-03-18 15:03:00
7950,7950,Credit Card,failed,159.55,2025-01-26 05:32:00
7951,7951,PayPal,success,458.01,2024-12-04 09:15:00
7952,7952,PayPal,success,939.17,2024-06-09 17:57:00
7953,7953,Credit Card,success,82.83,2024-03-17 20:35:00
7954,7954,Credit Card,failed,50.04,2024-03-25 18:40:00
7955,7955,Apple Pay,failed,1269.59,2024-09-16 05:35:00
7956,7956,Credit Card,success,1105.87,2024-12-20 14:39:00
7957,7957,Credit Card,success,844.69,2024-01-22 06:36:00
7958,7958,PayPal,failed,125.5,2024-11-10 08:51:00
7959,7959,Credit Card,success,286.65,2023-11-03 11:12:00
7960,7960,PayPal,success,166.87,2023-09-07 17:18:00
7961,7961,PayPal,success,412.15,2024-12-25 12:27:00
7962,7962,Credit Card,success,376.67,2025-02-19 01:32:00
7963,7963,Credit Card,success,849.01,2025-05-03 19:10:00
7964,7964,PayPal,success,635.36,2024-07-11 04:51:00
7965,7965,PayPal,success,718.8,2025-03-05 18:19:00
7966,7966,Credit Card,success,438.0,2024-09-27 21:16:00
7967,7967,Crypto,failed,165.47,2024-11-13 20:09:00
7968,7968,Credit Card,success,409.66,2025-05-27 11:07:00
7969,7969,Credit Card,success,825.27,2025-04-08 13:09:00
7970,7970,Apple Pay,success,400.03,2023-06-06 18:03:00
7971,7971,Credit Card,success,567.94,2024-08-06 11:45:00
7972,7972,Credit Card,success,715.68,2024-05-11 09:23:00
7973,7973,Apple Pay,success,769.24,2024-08-16 03:23:00
7974,7974,Credit Card,success,676.61,2023-11-21 01:38:00
7975,7975,Credit Card,success,432.01,2025-08-24 04:23:00
7976,7976,Bank Transfer,success,125.5,2023-11-27 14:54:00
7977,7977,Credit Card,failed,424.65,2024-11-04 06:51:00
7978,7978,Credit Card,failed,176.42,2023-10-18 05:43:00
7979,7979,PayPal,success,85.38,2025-01-20 17:27:00
7980,7980,Credit Card,success,417.0,2023-08-27 11:45:00
7981,7981,Credit Card,success,92.51,2023-11-25 07:42:00
7982,7982,Credit Card,success,100.82,2024-02-21 00:56:00
7983,7983,Credit Card,success,399.06,2024-12-27 04:48:00
7984,7984,Credit Card,success,785.87,2023-07-29 00:19:00
7985,7985,PayPal,failed,1060.88,2023-07-09 00:54:00
7986,7986,PayPal,failed,898.79,2024-08-05 09:18:00
7987,7987,Credit Card,success,527.76,2024-03-22 22:12:00
7988,7988,Credit Card,success,697.77,2023-09-30 18:35:00
7989,7989,Credit Card,failed,458.93,2024-01-31 16:35:00
7990,7990,Credit Card,success,244.86,2025-05-07 06:20:00
7991,7991,Credit Card,success,535.84,2025-01-01 14:40:00
7992,7992,Crypto,success,391.7,2023-04-05 08:28:00
7993,7993,Credit Card,failed,349.99,2025-05-16 18:23:00
7994,7994,PayPal,success,597.01,2025-09-04 03:32:00
7995,7995,Credit Card,success,547.81,2024-02-28 17:44:00
7996,7996,PayPal,success,526.21,2025-10-30 12:28:00
7997,7997,Bank Transfer,success,1302.86,2024-01-21 23:23:00
7998,7998,Credit Card,failed,649.56,2024-06-03 19:22:00
7999,7999,PayPal,success,74.84,2024-03-12 13:34:00
8000,8000,Credit Card,success,334.87,2023-06-05 14:32:00
