item_id,order_id,product_id,quantity,unit_price,discount_amount
ITEM_100001,ORD_20001,PROD_503,1,157.89,15.79
ITEM_100002,ORD_20002,PROD_518,2,148.06,0.0
ITEM_100003,ORD_20003,PROD_547,1,20.21,0.0
ITEM_100004,ORD_20003,PROD_524,1,116.66,0.0
ITEM_100005,ORD_20004,PROD_528,2,17.95,0.0
ITEM_100006,ORD_20005,PROD_530,1,142.79,0.0
ITEM_100007,ORD_20006,PROD_548,2,54.38,0.0
ITEM_100008,ORD_20007,PROD_504,1,130.74,19.61
ITEM_100009,ORD_20007,PROD_532,2,272.35,27.24
ITEM_100010,ORD_20008,PROD_580,2,221.1,0.0
ITEM_100011,ORD_20009,PROD_538,2,153.61,0.0
ITEM_100012,ORD_20010,PROD_561,2,375.16,0.0
ITEM_100013,ORD_20010,PROD_530,1,142.79,0.0
ITEM_100014,ORD_20011,PROD_515,2,189.61,0.0
ITEM_100015,ORD_20012,PROD_522,1,209.52,0.0
ITEM_100016,ORD_20012,PROD_520,1,74.25,11.14
ITEM_100017,ORD_20013,PROD_565,2,16.38,0.0
ITEM_100018,ORD_20014,PROD_546,1,209.69,0.0
ITEM_100019,ORD_20014,PROD_525,1,227.68,34.15
ITEM_100020,ORD_20014,PROD_545,1,246.78,0.0
ITEM_100021,ORD_20014,PROD_537,2,145.12,0.0
ITEM_100022,ORD_20015,PROD_570,1,85.34,0.0
ITEM_100023,ORD_20015,PROD_511,1,295.08,29.51
ITEM_100024,ORD_20015,PROD_568,1,116.17,11.62
ITEM_100025,ORD_20016,PROD_567,2,103.84,0.0
ITEM_100026,ORD_20016,PROD_507,1,16.01,0.0
ITEM_100027,ORD_20017,PROD_532,1,272.35,0.0
ITEM_100028,ORD_20018,PROD_539,2,250.31,0.0
ITEM_100029,ORD_20019,PROD_541,1,137.54,0.0
ITEM_100030,ORD_20019,PROD_530,1,142.79,0.0
ITEM_100031,ORD_20020,PROD_578,1,165.8,0.0
ITEM_100032,ORD_20021,PROD_513,1,126.72,0.0
ITEM_100033,ORD_20022,PROD_558,3,152.68,0.0
ITEM_100034,ORD_20022,PROD_570,2,85.34,17.07
ITEM_100035,ORD_20023,PROD_567,1,103.84,0.0
ITEM_100036,ORD_20024,PROD_553,1,123.16,12.32
ITEM_100037,ORD_20025,PROD_552,1,157.7,7.88
ITEM_100038,ORD_20025,PROD_523,1,104.47,0.0
ITEM_100039,ORD_20025,PROD_547,2,20.21,0.0
ITEM_100040,ORD_20025,PROD_531,1,242.35,12.12
ITEM_100041,ORD_20026,PROD_523,2,104.47,10.45
ITEM_100042,ORD_20026,PROD_565,1,16.38,0.0
ITEM_100043,ORD_20027,PROD_566,2,250.95,50.19
ITEM_100044,ORD_20028,PROD_569,1,274.5,0.0
ITEM_100045,ORD_20029,PROD_516,1,91.12,4.56
ITEM_100046,ORD_20030,PROD_524,1,116.66,11.67
ITEM_100047,ORD_20031,PROD_542,1,140.18,0.0
ITEM_100048,ORD_20032,PROD_539,1,250.31,0.0
ITEM_100049,ORD_20033,PROD_517,2,232.38,46.48
ITEM_100050,ORD_20034,PROD_524,2,116.66,0.0
ITEM_100051,ORD_20035,PROD_509,1,213.9,0.0
ITEM_100052,ORD_20036,PROD_505,1,64.22,0.0
ITEM_100053,ORD_20037,PROD_559,1,149.13,0.0
ITEM_100054,ORD_20037,PROD_531,2,242.35,0.0
ITEM_100055,ORD_20038,PROD_548,1,54.38,2.72
ITEM_100056,ORD_20038,PROD_543,2,313.64,31.36
ITEM_100057,ORD_20038,PROD_531,1,242.35,36.35
ITEM_100058,ORD_20039,PROD_533,2,161.57,0.0
ITEM_100059,ORD_20039,PROD_547,2,20.21,0.0
ITEM_100060,ORD_20040,PROD_515,2,189.61,0.0
ITEM_100061,ORD_20041,PROD_539,1,250.31,0.0
ITEM_100062,ORD_20042,PROD_574,1,250.97,0.0
ITEM_100063,ORD_20043,PROD_517,1,232.38,0.0
ITEM_100064,ORD_20044,PROD_517,1,232.38,23.24
ITEM_100065,ORD_20044,PROD_535,1,36.04,3.6
ITEM_100066,ORD_20045,PROD_522,1,209.52,0.0
ITEM_100067,ORD_20046,PROD_515,1,189.61,0.0
ITEM_100068,ORD_20046,PROD_518,1,148.06,0.0
ITEM_100069,ORD_20046,PROD_542,1,140.18,7.01
ITEM_100070,ORD_20047,PROD_501,1,199.67,0.0
ITEM_100071,ORD_20048,PROD_556,1,171.31,0.0
ITEM_100072,ORD_20049,PROD_513,1,126.72,0.0
ITEM_100073,ORD_20049,PROD_564,1,77.5,0.0
ITEM_100074,ORD_20050,PROD_541,2,137.54,41.26
ITEM_100075,ORD_20050,PROD_501,2,199.67,0.0
ITEM_100076,ORD_20051,PROD_560,2,88.9,0.0
ITEM_100077,ORD_20052,PROD_545,1,246.78,0.0
ITEM_100078,ORD_20053,PROD_510,1,220.56,0.0
ITEM_100079,ORD_20054,PROD_516,2,91.12,9.11
ITEM_100080,ORD_20055,PROD_565,2,16.38,0.0
ITEM_100081,ORD_20055,PROD_576,1,75.48,0.0
ITEM_100082,ORD_20056,PROD_539,2,250.31,25.03
ITEM_100083,ORD_20057,PROD_568,1,116.17,0.0
ITEM_100084,ORD_20058,PROD_501,1,199.67,0.0
ITEM_100085,ORD_20059,PROD_516,1,91.12,0.0
ITEM_100086,ORD_20060,PROD_504,1,130.74,13.07
ITEM_100087,ORD_20060,PROD_535,1,36.04,0.0
ITEM_100088,ORD_20061,PROD_518,1,148.06,0.0
ITEM_100089,ORD_20062,PROD_527,3,218.49,0.0
ITEM_100090,ORD_20063,PROD_566,1,250.95,0.0
ITEM_100091,ORD_20063,PROD_521,1,141.39,0.0
ITEM_100092,ORD_20064,PROD_516,1,91.12,0.0
ITEM_100093,ORD_20065,PROD_514,2,255.83,0.0
ITEM_100094,ORD_20065,PROD_534,2,46.48,0.0
ITEM_100095,ORD_20066,PROD_563,1,317.9,0.0
ITEM_100096,ORD_20067,PROD_554,1,309.23,0.0
ITEM_100097,ORD_20068,PROD_513,1,126.72,6.34
ITEM_100098,ORD_20069,PROD_510,1,220.56,0.0
ITEM_100099,ORD_20070,PROD_519,1,236.9,0.0
ITEM_100100,ORD_20071,PROD_577,2,71.78,7.18
ITEM_100101,ORD_20072,PROD_545,1,246.78,12.34
ITEM_100102,ORD_20072,PROD_530,2,142.79,0.0
ITEM_100103,ORD_20072,PROD_565,1,16.38,0.0
ITEM_100104,ORD_20073,PROD_566,1,250.95,0.0
ITEM_100105,ORD_20074,PROD_507,2,16.01,0.0
ITEM_100106,ORD_20074,PROD_558,1,152.68,0.0
ITEM_100107,ORD_20074,PROD_569,3,274.5,0.0
ITEM_100108,ORD_20075,PROD_575,1,175.82,0.0
ITEM_100109,ORD_20075,PROD_546,1,209.69,0.0
ITEM_100110,ORD_20076,PROD_518,2,148.06,44.42
ITEM_100111,ORD_20077,PROD_512,1,151.42,0.0
ITEM_100112,ORD_20078,PROD_547,1,20.21,0.0
ITEM_100113,ORD_20078,PROD_519,1,236.9,35.53
ITEM_100114,ORD_20078,PROD_531,3,242.35,0.0
ITEM_100115,ORD_20079,PROD_524,1,116.66,0.0
ITEM_100116,ORD_20079,PROD_513,1,126.72,0.0
ITEM_100117,ORD_20080,PROD_536,1,242.17,0.0
ITEM_100118,ORD_20080,PROD_562,1,225.46,0.0
ITEM_100119,ORD_20080,PROD_553,2,123.16,24.63
ITEM_100120,ORD_20080,PROD_534,2,46.48,0.0
ITEM_100121,ORD_20081,PROD_509,1,213.9,0.0
ITEM_100122,ORD_20082,PROD_511,3,295.08,0.0
ITEM_100123,ORD_20083,PROD_554,2,309.23,0.0
ITEM_100124,ORD_20084,PROD_531,1,242.35,0.0
ITEM_100125,ORD_20084,PROD_548,2,54.38,0.0
ITEM_100126,ORD_20085,PROD_537,1,145.12,21.77
ITEM_100127,ORD_20086,PROD_553,1,123.16,0.0
ITEM_100128,ORD_20087,PROD_533,3,161.57,0.0
ITEM_100129,ORD_20088,PROD_566,1,250.95,0.0
ITEM_100130,ORD_20089,PROD_529,1,24.28,0.0
ITEM_100131,ORD_20089,PROD_520,2,74.25,7.43
ITEM_100132,ORD_20089,PROD_517,1,232.38,0.0
ITEM_100133,ORD_20090,PROD_521,1,141.39,0.0
ITEM_100134,ORD_20091,PROD_567,1,103.84,0.0
ITEM_100135,ORD_20091,PROD_557,3,170.75,0.0
ITEM_100136,ORD_20092,PROD_578,1,165.8,16.58
ITEM_100137,ORD_20093,PROD_567,2,103.84,0.0
ITEM_100138,ORD_20094,PROD_503,1,157.89,15.79
ITEM_100139,ORD_20095,PROD_578,1,165.8,0.0
ITEM_100140,ORD_20096,PROD_510,1,220.56,0.0
ITEM_100141,ORD_20096,PROD_571,1,211.74,0.0
ITEM_100142,ORD_20097,PROD_553,1,123.16,0.0
ITEM_100143,ORD_20097,PROD_528,1,17.95,0.9
ITEM_100144,ORD_20097,PROD_501,1,199.67,9.98
ITEM_100145,ORD_20098,PROD_503,1,157.89,0.0
ITEM_100146,ORD_20098,PROD_505,2,64.22,12.84
ITEM_100147,ORD_20099,PROD_558,1,152.68,0.0
ITEM_100148,ORD_20100,PROD_514,1,255.83,12.79
ITEM_100149,ORD_20100,PROD_552,1,157.7,0.0
ITEM_100150,ORD_20101,PROD_561,2,375.16,37.52
ITEM_100151,ORD_20101,PROD_538,1,153.61,0.0
ITEM_100152,ORD_20101,PROD_528,1,17.95,0.0
ITEM_100153,ORD_20101,PROD_564,1,77.5,0.0
ITEM_100154,ORD_20102,PROD_545,1,246.78,0.0
ITEM_100155,ORD_20103,PROD_577,1,71.78,0.0
ITEM_100156,ORD_20103,PROD_509,1,213.9,0.0
ITEM_100157,ORD_20104,PROD_568,1,116.17,0.0
ITEM_100158,ORD_20104,PROD_528,1,17.95,1.79
ITEM_100159,ORD_20105,PROD_541,1,137.54,0.0
ITEM_100160,ORD_20105,PROD_524,1,116.66,0.0
ITEM_100161,ORD_20106,PROD_572,1,144.07,0.0
ITEM_100162,ORD_20106,PROD_546,1,209.69,20.97
ITEM_100163,ORD_20107,PROD_541,2,137.54,0.0
ITEM_100164,ORD_20107,PROD_572,2,144.07,0.0
ITEM_100165,ORD_20108,PROD_574,1,250.97,0.0
ITEM_100166,ORD_20109,PROD_554,1,309.23,0.0
ITEM_100167,ORD_20110,PROD_513,1,126.72,12.67
ITEM_100168,ORD_20111,PROD_548,1,54.38,0.0
ITEM_100169,ORD_20112,PROD_567,1,103.84,5.19
ITEM_100170,ORD_20113,PROD_503,1,157.89,0.0
ITEM_100171,ORD_20114,PROD_532,2,272.35,0.0
ITEM_100172,ORD_20115,PROD_549,1,112.15,0.0
ITEM_100173,ORD_20115,PROD_534,1,46.48,4.65
ITEM_100174,ORD_20116,PROD_548,1,54.38,0.0
ITEM_100175,ORD_20117,PROD_521,1,141.39,0.0
ITEM_100176,ORD_20117,PROD_545,1,246.78,24.68
ITEM_100177,ORD_20118,PROD_572,1,144.07,7.2
ITEM_100178,ORD_20119,PROD_502,2,242.11,24.21
ITEM_100179,ORD_20120,PROD_540,1,48.42,0.0
ITEM_100180,ORD_20120,PROD_528,1,17.95,0.0
ITEM_100181,ORD_20120,PROD_553,1,123.16,0.0
ITEM_100182,ORD_20121,PROD_546,1,209.69,0.0
ITEM_100183,ORD_20121,PROD_545,1,246.78,24.68
ITEM_100184,ORD_20122,PROD_533,2,161.57,0.0
ITEM_100185,ORD_20122,PROD_553,1,123.16,0.0
ITEM_100186,ORD_20123,PROD_579,1,221.42,11.07
ITEM_100187,ORD_20124,PROD_537,1,145.12,0.0
ITEM_100188,ORD_20124,PROD_531,3,242.35,36.35
ITEM_100189,ORD_20125,PROD_502,1,242.11,0.0
ITEM_100190,ORD_20125,PROD_532,1,272.35,0.0
ITEM_100191,ORD_20126,PROD_528,1,17.95,1.79
ITEM_100192,ORD_20126,PROD_558,1,152.68,7.63
ITEM_100193,ORD_20127,PROD_568,1,116.17,0.0
ITEM_100194,ORD_20127,PROD_564,1,77.5,0.0
ITEM_100195,ORD_20127,PROD_533,1,161.57,0.0
ITEM_100196,ORD_20128,PROD_563,1,317.9,0.0
ITEM_100197,ORD_20128,PROD_510,1,220.56,0.0
ITEM_100198,ORD_20128,PROD_507,1,16.01,1.6
ITEM_100199,ORD_20129,PROD_510,3,220.56,66.17
ITEM_100200,ORD_20129,PROD_549,1,112.15,0.0
ITEM_100201,ORD_20130,PROD_579,1,221.42,0.0
ITEM_100202,ORD_20131,PROD_544,1,280.84,0.0
ITEM_100203,ORD_20132,PROD_556,1,171.31,0.0
ITEM_100204,ORD_20132,PROD_532,1,272.35,0.0
ITEM_100205,ORD_20132,PROD_510,1,220.56,0.0
ITEM_100206,ORD_20132,PROD_525,1,227.68,0.0
ITEM_100207,ORD_20133,PROD_504,1,130.74,0.0
ITEM_100208,ORD_20134,PROD_570,2,85.34,0.0
ITEM_100209,ORD_20134,PROD_565,1,16.38,0.0
ITEM_100210,ORD_20135,PROD_557,1,170.75,0.0
ITEM_100211,ORD_20136,PROD_552,1,157.7,0.0
ITEM_100212,ORD_20137,PROD_552,1,157.7,7.88
ITEM_100213,ORD_20137,PROD_529,1,24.28,0.0
ITEM_100214,ORD_20138,PROD_539,1,250.31,12.52
ITEM_100215,ORD_20138,PROD_514,1,255.83,0.0
ITEM_100216,ORD_20138,PROD_522,1,209.52,0.0
ITEM_100217,ORD_20138,PROD_546,1,209.69,10.48
ITEM_100218,ORD_20139,PROD_520,2,74.25,7.43
ITEM_100219,ORD_20139,PROD_522,2,209.52,0.0
ITEM_100220,ORD_20140,PROD_516,1,91.12,0.0
ITEM_100221,ORD_20140,PROD_562,1,225.46,22.55
ITEM_100222,ORD_20141,PROD_552,1,157.7,0.0
ITEM_100223,ORD_20142,PROD_560,1,88.9,0.0
ITEM_100224,ORD_20142,PROD_569,1,274.5,27.45
ITEM_100225,ORD_20143,PROD_510,1,220.56,0.0
ITEM_100226,ORD_20144,PROD_564,1,77.5,7.75
ITEM_100227,ORD_20145,PROD_504,1,130.74,0.0
ITEM_100228,ORD_20146,PROD_547,1,20.21,0.0
ITEM_100229,ORD_20146,PROD_548,1,54.38,0.0
ITEM_100230,ORD_20147,PROD_507,2,16.01,0.0
ITEM_100231,ORD_20148,PROD_522,1,209.52,0.0
ITEM_100232,ORD_20149,PROD_501,1,199.67,0.0
ITEM_100233,ORD_20149,PROD_520,1,74.25,0.0
ITEM_100234,ORD_20150,PROD_570,1,85.34,8.53
ITEM_100235,ORD_20150,PROD_515,1,189.61,9.48
ITEM_100236,ORD_20150,PROD_530,1,142.79,0.0
ITEM_100237,ORD_20151,PROD_540,2,48.42,0.0
ITEM_100238,ORD_20151,PROD_553,1,123.16,0.0
ITEM_100239,ORD_20152,PROD_538,1,153.61,0.0
ITEM_100240,ORD_20153,PROD_570,1,85.34,4.27
ITEM_100241,ORD_20153,PROD_515,1,189.61,0.0
ITEM_100242,ORD_20154,PROD_553,1,123.16,0.0
ITEM_100243,ORD_20155,PROD_569,1,274.5,0.0
ITEM_100244,ORD_20156,PROD_575,1,175.82,0.0
ITEM_100245,ORD_20156,PROD_558,1,152.68,7.63
ITEM_100246,ORD_20157,PROD_564,1,77.5,0.0
ITEM_100247,ORD_20158,PROD_527,1,218.49,0.0
ITEM_100248,ORD_20159,PROD_577,1,71.78,0.0
ITEM_100249,ORD_20160,PROD_560,1,88.9,0.0
ITEM_100250,ORD_20161,PROD_559,1,149.13,0.0
ITEM_100251,ORD_20161,PROD_542,2,140.18,28.04
ITEM_100252,ORD_20162,PROD_509,1,213.9,0.0
ITEM_100253,ORD_20162,PROD_559,1,149.13,7.46
ITEM_100254,ORD_20163,PROD_510,2,220.56,0.0
ITEM_100255,ORD_20163,PROD_502,1,242.11,12.11
ITEM_100256,ORD_20163,PROD_547,2,20.21,0.0
ITEM_100257,ORD_20164,PROD_522,1,209.52,20.95
ITEM_100258,ORD_20164,PROD_512,2,151.42,30.28
ITEM_100259,ORD_20164,PROD_521,2,141.39,14.14
ITEM_100260,ORD_20165,PROD_567,2,103.84,0.0
ITEM_100261,ORD_20165,PROD_506,1,240.11,24.01
ITEM_100262,ORD_20166,PROD_542,1,140.18,0.0
ITEM_100263,ORD_20167,PROD_532,1,272.35,0.0
ITEM_100264,ORD_20168,PROD_519,1,236.9,0.0
ITEM_100265,ORD_20168,PROD_515,1,189.61,0.0
ITEM_100266,ORD_20168,PROD_506,1,240.11,0.0
ITEM_100267,ORD_20168,PROD_557,1,170.75,0.0
ITEM_100268,ORD_20169,PROD_564,1,77.5,0.0
ITEM_100269,ORD_20170,PROD_538,1,153.61,0.0
ITEM_100270,ORD_20171,PROD_552,1,157.7,0.0
ITEM_100271,ORD_20171,PROD_555,1,121.11,0.0
ITEM_100272,ORD_20171,PROD_518,1,148.06,0.0
ITEM_100273,ORD_20171,PROD_506,1,240.11,0.0
ITEM_100274,ORD_20172,PROD_548,1,54.38,0.0
ITEM_100275,ORD_20172,PROD_533,1,161.57,16.16
ITEM_100276,ORD_20173,PROD_527,1,218.49,21.85
ITEM_100277,ORD_20173,PROD_560,1,88.9,13.34
ITEM_100278,ORD_20173,PROD_519,1,236.9,11.85
ITEM_100279,ORD_20174,PROD_558,1,152.68,7.63
ITEM_100280,ORD_20175,PROD_531,1,242.35,0.0
ITEM_100281,ORD_20176,PROD_503,2,157.89,31.58
ITEM_100282,ORD_20177,PROD_525,2,227.68,0.0
ITEM_100283,ORD_20178,PROD_533,2,161.57,16.16
ITEM_100284,ORD_20178,PROD_557,1,170.75,8.54
ITEM_100285,ORD_20178,PROD_520,1,74.25,0.0
ITEM_100286,ORD_20179,PROD_536,1,242.17,12.11
ITEM_100287,ORD_20180,PROD_565,1,16.38,0.0
ITEM_100288,ORD_20181,PROD_546,1,209.69,0.0
ITEM_100289,ORD_20182,PROD_542,1,140.18,0.0
ITEM_100290,ORD_20182,PROD_578,1,165.8,8.29
ITEM_100291,ORD_20183,PROD_529,1,24.28,0.0
ITEM_100292,ORD_20183,PROD_557,1,170.75,0.0
ITEM_100293,ORD_20184,PROD_552,1,157.7,0.0
ITEM_100294,ORD_20185,PROD_528,1,17.95,0.0
ITEM_100295,ORD_20185,PROD_553,1,123.16,6.16
ITEM_100296,ORD_20186,PROD_529,1,24.28,1.21
ITEM_100297,ORD_20186,PROD_526,1,212.22,0.0
ITEM_100298,ORD_20186,PROD_514,1,255.83,25.58
ITEM_100299,ORD_20187,PROD_564,1,77.5,0.0
ITEM_100300,ORD_20188,PROD_544,1,280.84,0.0
ITEM_100301,ORD_20189,PROD_572,1,144.07,0.0
ITEM_100302,ORD_20190,PROD_511,3,295.08,44.26
ITEM_100303,ORD_20191,PROD_554,1,309.23,15.46
ITEM_100304,ORD_20192,PROD_566,1,250.95,0.0
ITEM_100305,ORD_20192,PROD_512,1,151.42,0.0
ITEM_100306,ORD_20193,PROD_548,1,54.38,2.72
ITEM_100307,ORD_20194,PROD_567,1,103.84,0.0
ITEM_100308,ORD_20194,PROD_559,1,149.13,0.0
ITEM_100309,ORD_20194,PROD_514,1,255.83,0.0
ITEM_100310,ORD_20195,PROD_545,2,246.78,0.0
ITEM_100311,ORD_20195,PROD_513,1,126.72,0.0
ITEM_100312,ORD_20195,PROD_508,1,312.13,0.0
ITEM_100313,ORD_20195,PROD_565,1,16.38,0.0
ITEM_100314,ORD_20196,PROD_508,1,312.13,0.0
ITEM_100315,ORD_20197,PROD_507,2,16.01,4.8
ITEM_100316,ORD_20198,PROD_537,2,145.12,29.02
ITEM_100317,ORD_20198,PROD_562,1,225.46,0.0
ITEM_100318,ORD_20199,PROD_522,1,209.52,0.0
ITEM_100319,ORD_20200,PROD_568,1,116.17,0.0
ITEM_100320,ORD_20200,PROD_534,1,46.48,0.0
ITEM_100321,ORD_20201,PROD_506,1,240.11,0.0
ITEM_100322,ORD_20202,PROD_549,1,112.15,0.0
ITEM_100323,ORD_20203,PROD_504,2,130.74,0.0
ITEM_100324,ORD_20203,PROD_563,2,317.9,0.0
ITEM_100325,ORD_20204,PROD_543,1,313.64,15.68
ITEM_100326,ORD_20204,PROD_525,1,227.68,0.0
ITEM_100327,ORD_20204,PROD_508,1,312.13,15.61
ITEM_100328,ORD_20204,PROD_507,1,16.01,0.0
ITEM_100329,ORD_20205,PROD_534,1,46.48,0.0
ITEM_100330,ORD_20206,PROD_528,1,17.95,0.0
ITEM_100331,ORD_20206,PROD_543,1,313.64,0.0
ITEM_100332,ORD_20206,PROD_530,1,142.79,0.0
ITEM_100333,ORD_20207,PROD_543,1,313.64,47.05
ITEM_100334,ORD_20208,PROD_534,1,46.48,0.0
ITEM_100335,ORD_20208,PROD_509,1,213.9,0.0
ITEM_100336,ORD_20209,PROD_510,1,220.56,11.03
ITEM_100337,ORD_20210,PROD_571,1,211.74,0.0
ITEM_100338,ORD_20210,PROD_518,1,148.06,0.0
ITEM_100339,ORD_20211,PROD_540,3,48.42,0.0
ITEM_100340,ORD_20211,PROD_566,1,250.95,0.0
ITEM_100341,ORD_20212,PROD_503,3,157.89,0.0
ITEM_100342,ORD_20213,PROD_546,1,209.69,0.0
ITEM_100343,ORD_20213,PROD_579,1,221.42,11.07
ITEM_100344,ORD_20213,PROD_580,1,221.1,0.0
ITEM_100345,ORD_20214,PROD_576,2,75.48,0.0
ITEM_100346,ORD_20214,PROD_555,2,121.11,12.11
ITEM_100347,ORD_20215,PROD_518,1,148.06,0.0
ITEM_100348,ORD_20215,PROD_501,2,199.67,0.0
ITEM_100349,ORD_20216,PROD_539,2,250.31,0.0
ITEM_100350,ORD_20217,PROD_507,1,16.01,0.8
ITEM_100351,ORD_20218,PROD_554,1,309.23,0.0
ITEM_100352,ORD_20218,PROD_536,1,242.17,0.0
ITEM_100353,ORD_20218,PROD_501,1,199.67,19.97
ITEM_100354,ORD_20219,PROD_579,3,221.42,0.0
ITEM_100355,ORD_20220,PROD_502,1,242.11,0.0
ITEM_100356,ORD_20221,PROD_580,2,221.1,22.11
ITEM_100357,ORD_20222,PROD_561,1,375.16,37.52
ITEM_100358,ORD_20222,PROD_575,1,175.82,8.79
ITEM_100359,ORD_20223,PROD_513,2,126.72,0.0
ITEM_100360,ORD_20224,PROD_522,1,209.52,0.0
ITEM_100361,ORD_20224,PROD_515,2,189.61,0.0
ITEM_100362,ORD_20224,PROD_552,1,157.7,7.88
ITEM_100363,ORD_20225,PROD_576,1,75.48,0.0
ITEM_100364,ORD_20225,PROD_544,1,280.84,0.0
ITEM_100365,ORD_20226,PROD_516,1,91.12,0.0
ITEM_100366,ORD_20226,PROD_554,1,309.23,0.0
ITEM_100367,ORD_20227,PROD_540,2,48.42,0.0
ITEM_100368,ORD_20227,PROD_572,1,144.07,0.0
ITEM_100369,ORD_20228,PROD_573,1,121.95,0.0
ITEM_100370,ORD_20228,PROD_558,3,152.68,0.0
ITEM_100371,ORD_20229,PROD_527,1,218.49,0.0
ITEM_100372,ORD_20229,PROD_567,1,103.84,5.19
ITEM_100373,ORD_20229,PROD_542,2,140.18,0.0
ITEM_100374,ORD_20230,PROD_524,1,116.66,5.83
ITEM_100375,ORD_20231,PROD_564,1,77.5,7.75
ITEM_100376,ORD_20232,PROD_580,1,221.1,0.0
ITEM_100377,ORD_20233,PROD_523,1,104.47,0.0
ITEM_100378,ORD_20233,PROD_572,1,144.07,0.0
ITEM_100379,ORD_20233,PROD_529,2,24.28,2.43
ITEM_100380,ORD_20233,PROD_527,2,218.49,0.0
ITEM_100381,ORD_20234,PROD_540,1,48.42,0.0
ITEM_100382,ORD_20234,PROD_545,1,246.78,0.0
ITEM_100383,ORD_20235,PROD_538,3,153.61,0.0
ITEM_100384,ORD_20235,PROD_503,1,157.89,0.0
ITEM_100385,ORD_20236,PROD_573,1,121.95,0.0
ITEM_100386,ORD_20237,PROD_513,1,126.72,0.0
ITEM_100387,ORD_20238,PROD_527,1,218.49,0.0
ITEM_100388,ORD_20239,PROD_571,1,211.74,31.76
ITEM_100389,ORD_20240,PROD_548,1,54.38,0.0
ITEM_100390,ORD_20240,PROD_525,3,227.68,0.0
ITEM_100391,ORD_20240,PROD_575,1,175.82,26.37
ITEM_100392,ORD_20241,PROD_515,1,189.61,0.0
ITEM_100393,ORD_20241,PROD_504,1,130.74,0.0
ITEM_100394,ORD_20242,PROD_576,3,75.48,22.64
ITEM_100395,ORD_20243,PROD_569,1,274.5,0.0
ITEM_100396,ORD_20243,PROD_547,1,20.21,0.0
ITEM_100397,ORD_20244,PROD_502,1,242.11,0.0
ITEM_100398,ORD_20245,PROD_541,3,137.54,0.0
ITEM_100399,ORD_20245,PROD_564,1,77.5,0.0
ITEM_100400,ORD_20246,PROD_565,1,16.38,0.0
ITEM_100401,ORD_20247,PROD_572,1,144.07,0.0
ITEM_100402,ORD_20248,PROD_559,1,149.13,14.91
ITEM_100403,ORD_20249,PROD_565,1,16.38,0.82
ITEM_100404,ORD_20250,PROD_555,1,121.11,0.0
ITEM_100405,ORD_20251,PROD_567,1,103.84,0.0
ITEM_100406,ORD_20251,PROD_558,3,152.68,0.0
ITEM_100407,ORD_20251,PROD_509,1,213.9,0.0
ITEM_100408,ORD_20251,PROD_557,1,170.75,0.0
ITEM_100409,ORD_20252,PROD_572,1,144.07,7.2
ITEM_100410,ORD_20252,PROD_574,1,250.97,12.55
ITEM_100411,ORD_20253,PROD_566,2,250.95,50.19
ITEM_100412,ORD_20254,PROD_576,1,75.48,3.77
ITEM_100413,ORD_20254,PROD_535,1,36.04,0.0
ITEM_100414,ORD_20255,PROD_514,1,255.83,25.58
ITEM_100415,ORD_20256,PROD_543,1,313.64,15.68
ITEM_100416,ORD_20257,PROD_544,1,280.84,0.0
ITEM_100417,ORD_20258,PROD_533,1,161.57,0.0
ITEM_100418,ORD_20258,PROD_566,1,250.95,0.0
ITEM_100419,ORD_20258,PROD_573,2,121.95,0.0
ITEM_100420,ORD_20259,PROD_546,2,209.69,0.0
ITEM_100421,ORD_20260,PROD_546,2,209.69,20.97
ITEM_100422,ORD_20261,PROD_557,1,170.75,0.0
ITEM_100423,ORD_20261,PROD_536,2,242.17,0.0
ITEM_100424,ORD_20262,PROD_522,1,209.52,0.0
ITEM_100425,ORD_20262,PROD_578,1,165.8,8.29
ITEM_100426,ORD_20263,PROD_512,1,151.42,0.0
ITEM_100427,ORD_20264,PROD_517,1,232.38,0.0
ITEM_100428,ORD_20265,PROD_567,1,103.84,0.0
ITEM_100429,ORD_20266,PROD_530,2,142.79,0.0
ITEM_100430,ORD_20267,PROD_513,1,126.72,0.0
ITEM_100431,ORD_20268,PROD_538,1,153.61,0.0
ITEM_100432,ORD_20269,PROD_503,1,157.89,0.0
ITEM_100433,ORD_20270,PROD_528,1,17.95,0.0
ITEM_100434,ORD_20271,PROD_562,1,225.46,11.27
ITEM_100435,ORD_20272,PROD_518,2,148.06,29.61
ITEM_100436,ORD_20272,PROD_546,3,209.69,0.0
ITEM_100437,ORD_20273,PROD_547,1,20.21,0.0
ITEM_100438,ORD_20274,PROD_543,3,313.64,0.0
ITEM_100439,ORD_20274,PROD_501,1,199.67,0.0
ITEM_100440,ORD_20275,PROD_526,1,212.22,10.61
ITEM_100441,ORD_20276,PROD_544,1,280.84,0.0
ITEM_100442,ORD_20276,PROD_511,1,295.08,0.0
ITEM_100443,ORD_20277,PROD_577,1,71.78,0.0
ITEM_100444,ORD_20277,PROD_503,1,157.89,0.0
ITEM_100445,ORD_20278,PROD_542,2,140.18,0.0
ITEM_100446,ORD_20279,PROD_535,1,36.04,1.8
ITEM_100447,ORD_20280,PROD_579,1,221.42,0.0
ITEM_100448,ORD_20280,PROD_560,2,88.9,0.0
ITEM_100449,ORD_20280,PROD_509,1,213.9,0.0
ITEM_100450,ORD_20281,PROD_530,1,142.79,0.0
ITEM_100451,ORD_20282,PROD_539,1,250.31,0.0
ITEM_100452,ORD_20283,PROD_557,1,170.75,0.0
ITEM_100453,ORD_20284,PROD_542,1,140.18,21.03
ITEM_100454,ORD_20285,PROD_566,1,250.95,0.0
ITEM_100455,ORD_20286,PROD_580,1,221.1,11.05
ITEM_100456,ORD_20286,PROD_549,1,112.15,0.0
ITEM_100457,ORD_20286,PROD_516,1,91.12,9.11
ITEM_100458,ORD_20287,PROD_522,1,209.52,0.0
ITEM_100459,ORD_20287,PROD_532,1,272.35,0.0
ITEM_100460,ORD_20287,PROD_510,2,220.56,0.0
ITEM_100461,ORD_20288,PROD_560,1,88.9,0.0
ITEM_100462,ORD_20288,PROD_575,3,175.82,0.0
ITEM_100463,ORD_20289,PROD_560,1,88.9,4.45
ITEM_100464,ORD_20289,PROD_537,1,145.12,7.26
ITEM_100465,ORD_20290,PROD_502,1,242.11,0.0
ITEM_100466,ORD_20290,PROD_512,2,151.42,15.14
ITEM_100467,ORD_20290,PROD_520,1,74.25,7.43
ITEM_100468,ORD_20291,PROD_568,1,116.17,11.62
ITEM_100469,ORD_20292,PROD_570,1,85.34,4.27
ITEM_100470,ORD_20293,PROD_529,1,24.28,0.0
ITEM_100471,ORD_20293,PROD_513,1,126.72,0.0
ITEM_100472,ORD_20294,PROD_527,1,218.49,0.0
ITEM_100473,ORD_20294,PROD_549,2,112.15,0.0
ITEM_100474,ORD_20295,PROD_559,1,149.13,0.0
ITEM_100475,ORD_20296,PROD_577,1,71.78,0.0
ITEM_100476,ORD_20297,PROD_555,1,121.11,18.17
ITEM_100477,ORD_20298,PROD_514,1,255.83,0.0
ITEM_100478,ORD_20298,PROD_517,3,232.38,0.0
ITEM_100479,ORD_20299,PROD_570,1,85.34,4.27
ITEM_100480,ORD_20299,PROD_554,1,309.23,15.46
ITEM_100481,ORD_20300,PROD_577,1,71.78,0.0
ITEM_100482,ORD_20301,PROD_560,2,88.9,8.89
ITEM_100483,ORD_20301,PROD_547,1,20.21,0.0
ITEM_100484,ORD_20302,PROD_527,1,218.49,0.0
ITEM_100485,ORD_20303,PROD_529,1,24.28,2.43
ITEM_100486,ORD_20304,PROD_529,1,24.28,0.0
ITEM_100487,ORD_20305,PROD_503,2,157.89,0.0
ITEM_100488,ORD_20306,PROD_576,1,75.48,7.55
ITEM_100489,ORD_20307,PROD_508,2,312.13,31.21
ITEM_100490,ORD_20307,PROD_526,2,212.22,42.44
ITEM_100491,ORD_20308,PROD_532,1,272.35,13.62
ITEM_100492,ORD_20308,PROD_545,1,246.78,0.0
ITEM_100493,ORD_20309,PROD_502,1,242.11,0.0
ITEM_100494,ORD_20310,PROD_509,2,213.9,0.0
ITEM_100495,ORD_20311,PROD_554,1,309.23,0.0
ITEM_100496,ORD_20312,PROD_520,1,74.25,0.0
ITEM_100497,ORD_20312,PROD_565,1,16.38,0.0
ITEM_100498,ORD_20313,PROD_514,1,255.83,0.0
ITEM_100499,ORD_20314,PROD_502,3,242.11,36.32
ITEM_100500,ORD_20315,PROD_529,1,24.28,0.0
ITEM_100501,ORD_20316,PROD_533,1,161.57,0.0
ITEM_100502,ORD_20316,PROD_566,2,250.95,0.0
ITEM_100503,ORD_20317,PROD_545,1,246.78,37.02
ITEM_100504,ORD_20317,PROD_503,1,157.89,0.0
ITEM_100505,ORD_20318,PROD_509,1,213.9,10.7
ITEM_100506,ORD_20318,PROD_565,1,16.38,2.46
ITEM_100507,ORD_20319,PROD_551,2,148.84,0.0
ITEM_100508,ORD_20320,PROD_503,1,157.89,7.89
ITEM_100509,ORD_20321,PROD_518,1,148.06,14.81
ITEM_100510,ORD_20322,PROD_522,2,209.52,0.0
ITEM_100511,ORD_20323,PROD_518,1,148.06,0.0
ITEM_100512,ORD_20324,PROD_521,2,141.39,0.0
ITEM_100513,ORD_20325,PROD_541,1,137.54,0.0
ITEM_100514,ORD_20326,PROD_540,2,48.42,0.0
ITEM_100515,ORD_20326,PROD_520,1,74.25,0.0
ITEM_100516,ORD_20327,PROD_505,1,64.22,9.63
ITEM_100517,ORD_20327,PROD_527,1,218.49,0.0
ITEM_100518,ORD_20328,PROD_540,2,48.42,4.84
ITEM_100519,ORD_20329,PROD_552,3,157.7,0.0
ITEM_100520,ORD_20330,PROD_504,1,130.74,0.0
ITEM_100521,ORD_20331,PROD_515,1,189.61,0.0
ITEM_100522,ORD_20332,PROD_534,1,46.48,0.0
ITEM_100523,ORD_20332,PROD_564,1,77.5,3.88
ITEM_100524,ORD_20332,PROD_520,1,74.25,0.0
ITEM_100525,ORD_20333,PROD_508,1,312.13,0.0
ITEM_100526,ORD_20333,PROD_527,1,218.49,0.0
ITEM_100527,ORD_20334,PROD_580,1,221.1,0.0
ITEM_100528,ORD_20334,PROD_572,1,144.07,14.41
ITEM_100529,ORD_20334,PROD_565,1,16.38,0.0
ITEM_100530,ORD_20334,PROD_504,1,130.74,13.07
ITEM_100531,ORD_20335,PROD_552,1,157.7,0.0
ITEM_100532,ORD_20335,PROD_566,2,250.95,0.0
ITEM_100533,ORD_20336,PROD_578,1,165.8,0.0
ITEM_100534,ORD_20337,PROD_567,2,103.84,0.0
ITEM_100535,ORD_20337,PROD_507,1,16.01,0.0
ITEM_100536,ORD_20338,PROD_505,1,64.22,9.63
ITEM_100537,ORD_20339,PROD_535,1,36.04,3.6
ITEM_100538,ORD_20340,PROD_521,1,141.39,21.21
ITEM_100539,ORD_20341,PROD_515,2,189.61,18.96
ITEM_100540,ORD_20341,PROD_577,1,71.78,7.18
ITEM_100541,ORD_20341,PROD_517,1,232.38,0.0
ITEM_100542,ORD_20342,PROD_565,3,16.38,0.0
ITEM_100543,ORD_20343,PROD_557,1,170.75,0.0
ITEM_100544,ORD_20343,PROD_559,1,149.13,0.0
ITEM_100545,ORD_20343,PROD_546,1,209.69,0.0
ITEM_100546,ORD_20344,PROD_529,1,24.28,0.0
ITEM_100547,ORD_20345,PROD_548,1,54.38,0.0
ITEM_100548,ORD_20346,PROD_515,1,189.61,0.0
ITEM_100549,ORD_20346,PROD_559,1,149.13,0.0
ITEM_100550,ORD_20346,PROD_524,2,116.66,35.0
ITEM_100551,ORD_20347,PROD_531,2,242.35,0.0
ITEM_100552,ORD_20348,PROD_529,1,24.28,0.0
ITEM_100553,ORD_20348,PROD_575,1,175.82,0.0
ITEM_100554,ORD_20349,PROD_565,1,16.38,2.46
ITEM_100555,ORD_20349,PROD_548,1,54.38,0.0
ITEM_100556,ORD_20349,PROD_510,1,220.56,0.0
ITEM_100557,ORD_20350,PROD_524,1,116.66,0.0
ITEM_100558,ORD_20350,PROD_567,1,103.84,0.0
ITEM_100559,ORD_20350,PROD_566,1,250.95,0.0
ITEM_100560,ORD_20351,PROD_556,2,171.31,34.26
ITEM_100561,ORD_20352,PROD_549,1,112.15,0.0
ITEM_100562,ORD_20353,PROD_511,1,295.08,0.0
ITEM_100563,ORD_20354,PROD_547,1,20.21,0.0
ITEM_100564,ORD_20355,PROD_550,2,19.6,0.0
ITEM_100565,ORD_20356,PROD_515,1,189.61,0.0
ITEM_100566,ORD_20357,PROD_576,1,75.48,0.0
ITEM_100567,ORD_20357,PROD_535,1,36.04,0.0
ITEM_100568,ORD_20358,PROD_539,1,250.31,0.0
ITEM_100569,ORD_20358,PROD_557,1,170.75,0.0
ITEM_100570,ORD_20358,PROD_573,1,121.95,0.0
ITEM_100571,ORD_20359,PROD_545,2,246.78,0.0
ITEM_100572,ORD_20359,PROD_544,1,280.84,0.0
ITEM_100573,ORD_20359,PROD_515,1,189.61,0.0
ITEM_100574,ORD_20360,PROD_567,1,103.84,10.38
ITEM_100575,ORD_20360,PROD_573,1,121.95,0.0
ITEM_100576,ORD_20361,PROD_541,1,137.54,0.0
ITEM_100577,ORD_20362,PROD_559,2,149.13,0.0
ITEM_100578,ORD_20362,PROD_511,1,295.08,0.0
ITEM_100579,ORD_20363,PROD_577,1,71.78,0.0
ITEM_100580,ORD_20363,PROD_535,1,36.04,0.0
ITEM_100581,ORD_20364,PROD_558,3,152.68,0.0
ITEM_100582,ORD_20364,PROD_576,1,75.48,0.0
ITEM_100583,ORD_20365,PROD_542,1,140.18,7.01
ITEM_100584,ORD_20365,PROD_540,1,48.42,0.0
ITEM_100585,ORD_20365,PROD_573,1,121.95,0.0
ITEM_100586,ORD_20365,PROD_552,1,157.7,15.77
ITEM_100587,ORD_20366,PROD_546,1,209.69,20.97
ITEM_100588,ORD_20367,PROD_515,1,189.61,0.0
ITEM_100589,ORD_20367,PROD_521,2,141.39,28.28
ITEM_100590,ORD_20367,PROD_573,1,121.95,0.0
ITEM_100591,ORD_20367,PROD_536,3,242.17,72.65
ITEM_100592,ORD_20368,PROD_566,1,250.95,0.0
ITEM_100593,ORD_20368,PROD_519,1,236.9,0.0
ITEM_100594,ORD_20368,PROD_514,1,255.83,0.0
ITEM_100595,ORD_20369,PROD_571,1,211.74,0.0
ITEM_100596,ORD_20369,PROD_546,3,209.69,0.0
ITEM_100597,ORD_20369,PROD_536,2,242.17,0.0
ITEM_100598,ORD_20370,PROD_565,1,16.38,1.64
ITEM_100599,ORD_20370,PROD_512,1,151.42,0.0
ITEM_100600,ORD_20370,PROD_530,1,142.79,0.0
ITEM_100601,ORD_20371,PROD_566,1,250.95,0.0
ITEM_100602,ORD_20371,PROD_522,1,209.52,0.0
ITEM_100603,ORD_20372,PROD_514,1,255.83,0.0
ITEM_100604,ORD_20372,PROD_519,1,236.9,0.0
ITEM_100605,ORD_20372,PROD_528,1,17.95,0.0
ITEM_100606,ORD_20373,PROD_552,1,157.7,0.0
ITEM_100607,ORD_20373,PROD_565,1,16.38,0.82
ITEM_100608,ORD_20374,PROD_505,2,64.22,19.27
ITEM_100609,ORD_20375,PROD_563,1,317.9,0.0
ITEM_100610,ORD_20376,PROD_577,1,71.78,0.0
ITEM_100611,ORD_20376,PROD_534,2,46.48,4.65
ITEM_100612,ORD_20376,PROD_506,2,240.11,24.01
ITEM_100613,ORD_20377,PROD_563,1,317.9,0.0
ITEM_100614,ORD_20377,PROD_544,2,280.84,28.08
ITEM_100615,ORD_20378,PROD_531,1,242.35,36.35
ITEM_100616,ORD_20378,PROD_522,1,209.52,20.95
ITEM_100617,ORD_20379,PROD_544,3,280.84,0.0
ITEM_100618,ORD_20380,PROD_563,3,317.9,0.0
ITEM_100619,ORD_20381,PROD_571,2,211.74,0.0
ITEM_100620,ORD_20381,PROD_507,1,16.01,0.0
ITEM_100621,ORD_20381,PROD_531,1,242.35,0.0
ITEM_100622,ORD_20382,PROD_564,1,77.5,11.62
ITEM_100623,ORD_20383,PROD_569,1,274.5,13.73
ITEM_100624,ORD_20383,PROD_576,2,75.48,0.0
ITEM_100625,ORD_20384,PROD_576,1,75.48,3.77
ITEM_100626,ORD_20385,PROD_505,1,64.22,0.0
ITEM_100627,ORD_20386,PROD_567,3,103.84,0.0
ITEM_100628,ORD_20386,PROD_531,1,242.35,12.12
ITEM_100629,ORD_20386,PROD_568,1,116.17,0.0
ITEM_100630,ORD_20387,PROD_564,1,77.5,7.75
ITEM_100631,ORD_20388,PROD_548,1,54.38,0.0
ITEM_100632,ORD_20388,PROD_580,1,221.1,22.11
ITEM_100633,ORD_20389,PROD_529,1,24.28,2.43
ITEM_100634,ORD_20390,PROD_520,2,74.25,0.0
ITEM_100635,ORD_20391,PROD_552,1,157.7,0.0
ITEM_100636,ORD_20392,PROD_550,1,19.6,0.0
ITEM_100637,ORD_20393,PROD_577,1,71.78,0.0
ITEM_100638,ORD_20393,PROD_566,3,250.95,0.0
ITEM_100639,ORD_20394,PROD_557,1,170.75,0.0
ITEM_100640,ORD_20394,PROD_552,2,157.7,0.0
ITEM_100641,ORD_20394,PROD_577,1,71.78,0.0
ITEM_100642,ORD_20395,PROD_578,1,165.8,8.29
ITEM_100643,ORD_20396,PROD_578,1,165.8,0.0
ITEM_100644,ORD_20397,PROD_537,1,145.12,0.0
ITEM_100645,ORD_20397,PROD_505,1,64.22,3.21
ITEM_100646,ORD_20398,PROD_526,1,212.22,21.22
ITEM_100647,ORD_20399,PROD_543,2,313.64,62.73
ITEM_100648,ORD_20400,PROD_510,1,220.56,0.0
ITEM_100649,ORD_20401,PROD_536,1,242.17,0.0
ITEM_100650,ORD_20402,PROD_546,2,209.69,0.0
ITEM_100651,ORD_20402,PROD_576,3,75.48,0.0
ITEM_100652,ORD_20402,PROD_528,1,17.95,0.0
ITEM_100653,ORD_20403,PROD_526,1,212.22,0.0
ITEM_100654,ORD_20403,PROD_551,1,148.84,0.0
ITEM_100655,ORD_20403,PROD_578,1,165.8,0.0
ITEM_100656,ORD_20404,PROD_528,2,17.95,0.0
ITEM_100657,ORD_20404,PROD_543,1,313.64,0.0
ITEM_100658,ORD_20405,PROD_565,2,16.38,0.0
ITEM_100659,ORD_20405,PROD_567,1,103.84,0.0
ITEM_100660,ORD_20406,PROD_536,1,242.17,0.0
ITEM_100661,ORD_20406,PROD_515,1,189.61,28.44
ITEM_100662,ORD_20407,PROD_539,1,250.31,0.0
ITEM_100663,ORD_20407,PROD_512,1,151.42,22.71
ITEM_100664,ORD_20408,PROD_563,2,317.9,63.58
ITEM_100665,ORD_20409,PROD_538,1,153.61,7.68
ITEM_100666,ORD_20409,PROD_555,3,121.11,0.0
ITEM_100667,ORD_20410,PROD_574,1,250.97,0.0
ITEM_100668,ORD_20410,PROD_540,1,48.42,7.26
ITEM_100669,ORD_20411,PROD_545,1,246.78,0.0
ITEM_100670,ORD_20411,PROD_562,2,225.46,0.0
ITEM_100671,ORD_20412,PROD_557,1,170.75,0.0
ITEM_100672,ORD_20413,PROD_522,2,209.52,41.9
ITEM_100673,ORD_20413,PROD_507,1,16.01,0.0
ITEM_100674,ORD_20414,PROD_543,1,313.64,0.0
ITEM_100675,ORD_20415,PROD_532,1,272.35,0.0
ITEM_100676,ORD_20415,PROD_558,2,152.68,0.0
ITEM_100677,ORD_20416,PROD_506,1,240.11,12.01
ITEM_100678,ORD_20417,PROD_549,2,112.15,11.22
ITEM_100679,ORD_20418,PROD_550,1,19.6,0.0
ITEM_100680,ORD_20419,PROD_504,2,130.74,0.0
ITEM_100681,ORD_20420,PROD_566,2,250.95,0.0
ITEM_100682,ORD_20421,PROD_574,1,250.97,12.55
ITEM_100683,ORD_20421,PROD_560,1,88.9,0.0
ITEM_100684,ORD_20421,PROD_528,1,17.95,0.0
ITEM_100685,ORD_20422,PROD_502,1,242.11,0.0
ITEM_100686,ORD_20423,PROD_568,1,116.17,0.0
ITEM_100687,ORD_20423,PROD_532,2,272.35,81.7
ITEM_100688,ORD_20424,PROD_519,1,236.9,11.85
ITEM_100689,ORD_20424,PROD_515,2,189.61,37.92
ITEM_100690,ORD_20425,PROD_517,1,232.38,0.0
ITEM_100691,ORD_20426,PROD_542,2,140.18,0.0
ITEM_100692,ORD_20427,PROD_570,1,85.34,0.0
ITEM_100693,ORD_20427,PROD_515,1,189.61,0.0
ITEM_100694,ORD_20428,PROD_515,1,189.61,0.0
ITEM_100695,ORD_20428,PROD_579,1,221.42,0.0
ITEM_100696,ORD_20428,PROD_508,2,312.13,0.0
ITEM_100697,ORD_20429,PROD_537,3,145.12,0.0
ITEM_100698,ORD_20430,PROD_546,1,209.69,20.97
ITEM_100699,ORD_20431,PROD_576,1,75.48,0.0
ITEM_100700,ORD_20431,PROD_566,2,250.95,0.0
ITEM_100701,ORD_20432,PROD_563,1,317.9,15.89
ITEM_100702,ORD_20433,PROD_521,1,141.39,0.0
ITEM_100703,ORD_20434,PROD_560,1,88.9,0.0
ITEM_100704,ORD_20434,PROD_558,1,152.68,0.0
ITEM_100705,ORD_20435,PROD_520,2,74.25,0.0
ITEM_100706,ORD_20436,PROD_503,1,157.89,0.0
ITEM_100707,ORD_20437,PROD_580,2,221.1,0.0
ITEM_100708,ORD_20437,PROD_522,3,209.52,0.0
ITEM_100709,ORD_20438,PROD_537,1,145.12,7.26
ITEM_100710,ORD_20438,PROD_518,3,148.06,0.0
ITEM_100711,ORD_20438,PROD_551,1,148.84,7.44
ITEM_100712,ORD_20439,PROD_521,1,141.39,0.0
ITEM_100713,ORD_20440,PROD_537,3,145.12,0.0
ITEM_100714,ORD_20441,PROD_545,1,246.78,12.34
ITEM_100715,ORD_20441,PROD_555,2,121.11,0.0
ITEM_100716,ORD_20442,PROD_520,2,74.25,0.0
ITEM_100717,ORD_20442,PROD_503,1,157.89,0.0
ITEM_100718,ORD_20442,PROD_554,1,309.23,0.0
ITEM_100719,ORD_20442,PROD_551,1,148.84,0.0
ITEM_100720,ORD_20443,PROD_542,1,140.18,14.02
ITEM_100721,ORD_20444,PROD_577,1,71.78,0.0
ITEM_100722,ORD_20445,PROD_543,2,313.64,31.36
ITEM_100723,ORD_20445,PROD_536,3,242.17,36.33
ITEM_100724,ORD_20446,PROD_511,2,295.08,0.0
ITEM_100725,ORD_20447,PROD_570,1,85.34,0.0
ITEM_100726,ORD_20447,PROD_549,1,112.15,0.0
ITEM_100727,ORD_20447,PROD_548,1,54.38,5.44
ITEM_100728,ORD_20448,PROD_506,1,240.11,0.0
ITEM_100729,ORD_20449,PROD_521,2,141.39,0.0
ITEM_100730,ORD_20449,PROD_579,2,221.42,0.0
ITEM_100731,ORD_20450,PROD_548,1,54.38,0.0
ITEM_100732,ORD_20450,PROD_566,1,250.95,0.0
ITEM_100733,ORD_20451,PROD_527,1,218.49,0.0
ITEM_100734,ORD_20451,PROD_578,1,165.8,0.0
ITEM_100735,ORD_20451,PROD_576,2,75.48,0.0
ITEM_100736,ORD_20452,PROD_559,1,149.13,0.0
ITEM_100737,ORD_20452,PROD_527,1,218.49,32.77
ITEM_100738,ORD_20453,PROD_514,1,255.83,0.0
ITEM_100739,ORD_20454,PROD_514,1,255.83,0.0
ITEM_100740,ORD_20455,PROD_546,1,209.69,0.0
ITEM_100741,ORD_20456,PROD_545,1,246.78,37.02
ITEM_100742,ORD_20456,PROD_553,1,123.16,18.47
ITEM_100743,ORD_20457,PROD_579,1,221.42,0.0
ITEM_100744,ORD_20458,PROD_568,1,116.17,0.0
ITEM_100745,ORD_20458,PROD_549,1,112.15,0.0
ITEM_100746,ORD_20459,PROD_572,1,144.07,7.2
ITEM_100747,ORD_20460,PROD_549,1,112.15,5.61
ITEM_100748,ORD_20461,PROD_512,1,151.42,7.57
ITEM_100749,ORD_20461,PROD_577,1,71.78,3.59
ITEM_100750,ORD_20462,PROD_526,1,212.22,0.0
ITEM_100751,ORD_20463,PROD_574,1,250.97,0.0
ITEM_100752,ORD_20464,PROD_558,1,152.68,0.0
ITEM_100753,ORD_20464,PROD_507,1,16.01,0.0
ITEM_100754,ORD_20464,PROD_576,2,75.48,0.0
ITEM_100755,ORD_20464,PROD_544,1,280.84,0.0
ITEM_100756,ORD_20465,PROD_502,1,242.11,0.0
ITEM_100757,ORD_20465,PROD_571,2,211.74,0.0
ITEM_100758,ORD_20465,PROD_531,1,242.35,24.23
ITEM_100759,ORD_20466,PROD_580,2,221.1,0.0
ITEM_100760,ORD_20467,PROD_542,2,140.18,0.0
ITEM_100761,ORD_20468,PROD_504,2,130.74,0.0
ITEM_100762,ORD_20469,PROD_517,1,232.38,0.0
ITEM_100763,ORD_20469,PROD_505,2,64.22,0.0
ITEM_100764,ORD_20470,PROD_502,2,242.11,0.0
ITEM_100765,ORD_20470,PROD_580,1,221.1,0.0
ITEM_100766,ORD_20471,PROD_563,1,317.9,31.79
ITEM_100767,ORD_20472,PROD_545,2,246.78,49.36
ITEM_100768,ORD_20473,PROD_563,1,317.9,0.0
ITEM_100769,ORD_20473,PROD_567,1,103.84,0.0
ITEM_100770,ORD_20473,PROD_541,1,137.54,0.0
ITEM_100771,ORD_20474,PROD_545,3,246.78,0.0
ITEM_100772,ORD_20475,PROD_541,1,137.54,13.75
ITEM_100773,ORD_20475,PROD_566,1,250.95,12.55
ITEM_100774,ORD_20476,PROD_559,1,149.13,22.37
ITEM_100775,ORD_20476,PROD_509,1,213.9,0.0
ITEM_100776,ORD_20477,PROD_535,2,36.04,0.0
ITEM_100777,ORD_20478,PROD_576,2,75.48,0.0
ITEM_100778,ORD_20478,PROD_514,2,255.83,0.0
ITEM_100779,ORD_20479,PROD_513,2,126.72,0.0
ITEM_100780,ORD_20480,PROD_530,1,142.79,0.0
ITEM_100781,ORD_20480,PROD_533,3,161.57,24.24
ITEM_100782,ORD_20481,PROD_538,2,153.61,0.0
ITEM_100783,ORD_20481,PROD_524,1,116.66,0.0
ITEM_100784,ORD_20482,PROD_575,1,175.82,0.0
ITEM_100785,ORD_20482,PROD_508,1,312.13,0.0
ITEM_100786,ORD_20483,PROD_545,3,246.78,0.0
ITEM_100787,ORD_20483,PROD_544,1,280.84,0.0
ITEM_100788,ORD_20483,PROD_551,3,148.84,0.0
ITEM_100789,ORD_20484,PROD_501,1,199.67,0.0
ITEM_100790,ORD_20485,PROD_520,1,74.25,0.0
ITEM_100791,ORD_20486,PROD_561,1,375.16,0.0
ITEM_100792,ORD_20487,PROD_547,1,20.21,0.0
ITEM_100793,ORD_20487,PROD_566,1,250.95,0.0
ITEM_100794,ORD_20488,PROD_520,1,74.25,0.0
ITEM_100795,ORD_20488,PROD_513,1,126.72,6.34
ITEM_100796,ORD_20489,PROD_530,1,142.79,21.42
ITEM_100797,ORD_20489,PROD_561,1,375.16,0.0
ITEM_100798,ORD_20490,PROD_560,1,88.9,0.0
ITEM_100799,ORD_20490,PROD_580,1,221.1,0.0
ITEM_100800,ORD_20491,PROD_532,2,272.35,0.0
ITEM_100801,ORD_20492,PROD_519,1,236.9,11.85
ITEM_100802,ORD_20493,PROD_505,1,64.22,0.0
ITEM_100803,ORD_20494,PROD_534,1,46.48,0.0
ITEM_100804,ORD_20494,PROD_552,1,157.7,0.0
ITEM_100805,ORD_20495,PROD_549,1,112.15,16.82
ITEM_100806,ORD_20496,PROD_510,3,220.56,0.0
ITEM_100807,ORD_20496,PROD_566,1,250.95,0.0
ITEM_100808,ORD_20497,PROD_540,2,48.42,0.0
ITEM_100809,ORD_20498,PROD_578,1,165.8,0.0
ITEM_100810,ORD_20499,PROD_531,2,242.35,0.0
ITEM_100811,ORD_20499,PROD_579,1,221.42,0.0
ITEM_100812,ORD_20500,PROD_554,1,309.23,15.46
ITEM_100813,ORD_20500,PROD_546,2,209.69,41.94
ITEM_100814,ORD_20500,PROD_538,1,153.61,0.0
ITEM_100815,ORD_20501,PROD_557,1,170.75,8.54
ITEM_100816,ORD_20502,PROD_560,2,88.9,0.0
ITEM_100817,ORD_20502,PROD_571,1,211.74,0.0
ITEM_100818,ORD_20502,PROD_538,2,153.61,30.72
ITEM_100819,ORD_20503,PROD_505,1,64.22,3.21
ITEM_100820,ORD_20504,PROD_516,1,91.12,0.0
ITEM_100821,ORD_20504,PROD_550,1,19.6,0.0
ITEM_100822,ORD_20504,PROD_523,1,104.47,0.0
ITEM_100823,ORD_20504,PROD_511,1,295.08,14.75
ITEM_100824,ORD_20505,PROD_522,2,209.52,0.0
ITEM_100825,ORD_20506,PROD_527,1,218.49,0.0
ITEM_100826,ORD_20507,PROD_563,2,317.9,0.0
ITEM_100827,ORD_20507,PROD_504,1,130.74,6.54
ITEM_100828,ORD_20508,PROD_560,1,88.9,0.0
ITEM_100829,ORD_20509,PROD_511,1,295.08,29.51
ITEM_100830,ORD_20509,PROD_525,1,227.68,0.0
ITEM_100831,ORD_20509,PROD_577,1,71.78,0.0
ITEM_100832,ORD_20510,PROD_570,1,85.34,0.0
ITEM_100833,ORD_20511,PROD_560,1,88.9,0.0
ITEM_100834,ORD_20511,PROD_567,2,103.84,0.0
ITEM_100835,ORD_20512,PROD_552,1,157.7,0.0
ITEM_100836,ORD_20513,PROD_503,1,157.89,0.0
ITEM_100837,ORD_20514,PROD_541,1,137.54,0.0
ITEM_100838,ORD_20515,PROD_502,1,242.11,12.11
ITEM_100839,ORD_20516,PROD_532,2,272.35,27.24
ITEM_100840,ORD_20516,PROD_566,1,250.95,0.0
ITEM_100841,ORD_20516,PROD_519,1,236.9,0.0
ITEM_100842,ORD_20516,PROD_575,2,175.82,0.0
ITEM_100843,ORD_20517,PROD_529,2,24.28,0.0
ITEM_100844,ORD_20518,PROD_576,1,75.48,7.55
ITEM_100845,ORD_20519,PROD_502,1,242.11,0.0
ITEM_100846,ORD_20519,PROD_569,1,274.5,41.17
ITEM_100847,ORD_20520,PROD_521,1,141.39,0.0
ITEM_100848,ORD_20520,PROD_502,1,242.11,0.0
ITEM_100849,ORD_20521,PROD_508,1,312.13,15.61
ITEM_100850,ORD_20522,PROD_573,1,121.95,0.0
ITEM_100851,ORD_20523,PROD_573,1,121.95,6.1
ITEM_100852,ORD_20523,PROD_507,1,16.01,0.8
ITEM_100853,ORD_20523,PROD_568,1,116.17,5.81
ITEM_100854,ORD_20524,PROD_504,1,130.74,13.07
ITEM_100855,ORD_20524,PROD_547,1,20.21,1.01
ITEM_100856,ORD_20525,PROD_528,1,17.95,1.79
ITEM_100857,ORD_20526,PROD_528,1,17.95,0.0
ITEM_100858,ORD_20527,PROD_544,1,280.84,0.0
ITEM_100859,ORD_20528,PROD_515,1,189.61,0.0
ITEM_100860,ORD_20528,PROD_578,1,165.8,0.0
ITEM_100861,ORD_20528,PROD_532,1,272.35,0.0
ITEM_100862,ORD_20529,PROD_506,1,240.11,36.02
ITEM_100863,ORD_20530,PROD_549,2,112.15,0.0
ITEM_100864,ORD_20531,PROD_524,1,116.66,0.0
ITEM_100865,ORD_20531,PROD_551,1,148.84,0.0
ITEM_100866,ORD_20531,PROD_576,1,75.48,11.32
ITEM_100867,ORD_20531,PROD_527,2,218.49,65.55
ITEM_100868,ORD_20532,PROD_506,2,240.11,0.0
ITEM_100869,ORD_20533,PROD_540,1,48.42,0.0
ITEM_100870,ORD_20533,PROD_520,1,74.25,0.0
ITEM_100871,ORD_20534,PROD_533,1,161.57,0.0
ITEM_100872,ORD_20535,PROD_511,3,295.08,44.26
ITEM_100873,ORD_20535,PROD_560,1,88.9,8.89
ITEM_100874,ORD_20536,PROD_536,1,242.17,12.11
ITEM_100875,ORD_20537,PROD_502,1,242.11,24.21
ITEM_100876,ORD_20537,PROD_530,2,142.79,28.56
ITEM_100877,ORD_20537,PROD_545,1,246.78,0.0
ITEM_100878,ORD_20538,PROD_547,2,20.21,0.0
ITEM_100879,ORD_20538,PROD_531,1,242.35,0.0
ITEM_100880,ORD_20539,PROD_577,2,71.78,0.0
ITEM_100881,ORD_20539,PROD_529,2,24.28,0.0
ITEM_100882,ORD_20540,PROD_514,1,255.83,0.0
ITEM_100883,ORD_20541,PROD_561,2,375.16,0.0
ITEM_100884,ORD_20542,PROD_505,2,64.22,12.84
ITEM_100885,ORD_20543,PROD_514,2,255.83,0.0
ITEM_100886,ORD_20543,PROD_513,1,126.72,0.0
ITEM_100887,ORD_20543,PROD_519,2,236.9,0.0
ITEM_100888,ORD_20543,PROD_555,1,121.11,0.0
ITEM_100889,ORD_20544,PROD_525,1,227.68,0.0
ITEM_100890,ORD_20544,PROD_521,1,141.39,0.0
ITEM_100891,ORD_20545,PROD_513,1,126.72,12.67
ITEM_100892,ORD_20545,PROD_558,2,152.68,0.0
ITEM_100893,ORD_20546,PROD_522,1,209.52,0.0
ITEM_100894,ORD_20547,PROD_534,2,46.48,4.65
ITEM_100895,ORD_20548,PROD_532,1,272.35,0.0
ITEM_100896,ORD_20548,PROD_559,1,149.13,0.0
ITEM_100897,ORD_20549,PROD_563,1,317.9,0.0
ITEM_100898,ORD_20549,PROD_572,1,144.07,0.0
ITEM_100899,ORD_20549,PROD_573,2,121.95,0.0
ITEM_100900,ORD_20550,PROD_532,2,272.35,0.0
ITEM_100901,ORD_20550,PROD_536,1,242.17,0.0
ITEM_100902,ORD_20551,PROD_508,1,312.13,0.0
ITEM_100903,ORD_20551,PROD_568,1,116.17,5.81
ITEM_100904,ORD_20552,PROD_512,1,151.42,0.0
ITEM_100905,ORD_20552,PROD_579,1,221.42,0.0
ITEM_100906,ORD_20553,PROD_538,1,153.61,0.0
ITEM_100907,ORD_20553,PROD_518,1,148.06,0.0
ITEM_100908,ORD_20553,PROD_565,2,16.38,0.0
ITEM_100909,ORD_20553,PROD_545,1,246.78,0.0
ITEM_100910,ORD_20554,PROD_556,2,171.31,0.0
ITEM_100911,ORD_20554,PROD_579,1,221.42,0.0
ITEM_100912,ORD_20555,PROD_553,1,123.16,6.16
ITEM_100913,ORD_20556,PROD_510,2,220.56,0.0
ITEM_100914,ORD_20556,PROD_559,3,149.13,0.0
ITEM_100915,ORD_20556,PROD_538,1,153.61,0.0
ITEM_100916,ORD_20557,PROD_571,1,211.74,21.17
ITEM_100917,ORD_20558,PROD_549,1,112.15,0.0
ITEM_100918,ORD_20558,PROD_522,1,209.52,10.48
ITEM_100919,ORD_20558,PROD_524,1,116.66,5.83
ITEM_100920,ORD_20558,PROD_525,1,227.68,0.0
ITEM_100921,ORD_20559,PROD_558,1,152.68,0.0
ITEM_100922,ORD_20559,PROD_578,1,165.8,0.0
ITEM_100923,ORD_20559,PROD_551,1,148.84,0.0
ITEM_100924,ORD_20560,PROD_519,1,236.9,11.85
ITEM_100925,ORD_20560,PROD_505,1,64.22,0.0
ITEM_100926,ORD_20560,PROD_530,2,142.79,14.28
ITEM_100927,ORD_20560,PROD_570,1,85.34,0.0
ITEM_100928,ORD_20561,PROD_569,2,274.5,0.0
ITEM_100929,ORD_20562,PROD_527,2,218.49,43.7
ITEM_100930,ORD_20563,PROD_564,3,77.5,11.62
ITEM_100931,ORD_20564,PROD_502,1,242.11,12.11
ITEM_100932,ORD_20565,PROD_543,2,313.64,0.0
ITEM_100933,ORD_20565,PROD_525,3,227.68,0.0
ITEM_100934,ORD_20566,PROD_579,1,221.42,11.07
ITEM_100935,ORD_20566,PROD_532,1,272.35,0.0
ITEM_100936,ORD_20566,PROD_572,1,144.07,0.0
ITEM_100937,ORD_20566,PROD_543,1,313.64,0.0
ITEM_100938,ORD_20567,PROD_531,3,242.35,36.35
ITEM_100939,ORD_20568,PROD_529,1,24.28,0.0
ITEM_100940,ORD_20569,PROD_539,2,250.31,50.06
ITEM_100941,ORD_20570,PROD_508,1,312.13,31.21
ITEM_100942,ORD_20571,PROD_563,2,317.9,63.58
ITEM_100943,ORD_20572,PROD_535,1,36.04,0.0
ITEM_100944,ORD_20572,PROD_566,2,250.95,0.0
ITEM_100945,ORD_20572,PROD_548,1,54.38,0.0
ITEM_100946,ORD_20573,PROD_576,1,75.48,0.0
ITEM_100947,ORD_20573,PROD_563,1,317.9,0.0
ITEM_100948,ORD_20573,PROD_520,1,74.25,3.71
ITEM_100949,ORD_20574,PROD_553,2,123.16,12.32
ITEM_100950,ORD_20575,PROD_505,1,64.22,0.0
ITEM_100951,ORD_20576,PROD_517,1,232.38,34.86
ITEM_100952,ORD_20576,PROD_536,1,242.17,24.22
ITEM_100953,ORD_20576,PROD_559,1,149.13,0.0
ITEM_100954,ORD_20576,PROD_541,3,137.54,0.0
ITEM_100955,ORD_20577,PROD_536,2,242.17,0.0
ITEM_100956,ORD_20577,PROD_551,1,148.84,7.44
ITEM_100957,ORD_20578,PROD_517,1,232.38,0.0
ITEM_100958,ORD_20578,PROD_563,1,317.9,15.89
ITEM_100959,ORD_20578,PROD_539,1,250.31,0.0
ITEM_100960,ORD_20578,PROD_577,1,71.78,0.0
ITEM_100961,ORD_20579,PROD_537,1,145.12,0.0
ITEM_100962,ORD_20580,PROD_544,1,280.84,14.04
ITEM_100963,ORD_20581,PROD_570,1,85.34,0.0
ITEM_100964,ORD_20581,PROD_571,2,211.74,0.0
ITEM_100965,ORD_20581,PROD_542,1,140.18,0.0
ITEM_100966,ORD_20581,PROD_537,1,145.12,0.0
ITEM_100967,ORD_20582,PROD_556,1,171.31,8.57
ITEM_100968,ORD_20583,PROD_574,1,250.97,0.0
ITEM_100969,ORD_20584,PROD_573,1,121.95,0.0
ITEM_100970,ORD_20584,PROD_538,1,153.61,0.0
ITEM_100971,ORD_20585,PROD_534,1,46.48,0.0
ITEM_100972,ORD_20586,PROD_559,1,149.13,0.0
ITEM_100973,ORD_20586,PROD_523,1,104.47,0.0
ITEM_100974,ORD_20587,PROD_532,1,272.35,40.85
ITEM_100975,ORD_20588,PROD_547,1,20.21,0.0
ITEM_100976,ORD_20589,PROD_561,1,375.16,0.0
ITEM_100977,ORD_20590,PROD_565,1,16.38,0.0
ITEM_100978,ORD_20590,PROD_571,2,211.74,42.35
ITEM_100979,ORD_20590,PROD_501,1,199.67,0.0
ITEM_100980,ORD_20590,PROD_516,1,91.12,0.0
ITEM_100981,ORD_20591,PROD_554,1,309.23,0.0
ITEM_100982,ORD_20591,PROD_550,2,19.6,3.92
ITEM_100983,ORD_20592,PROD_558,1,152.68,7.63
ITEM_100984,ORD_20593,PROD_533,1,161.57,0.0
ITEM_100985,ORD_20594,PROD_531,2,242.35,0.0
ITEM_100986,ORD_20594,PROD_575,1,175.82,0.0
ITEM_100987,ORD_20595,PROD_506,1,240.11,0.0
ITEM_100988,ORD_20596,PROD_502,1,242.11,12.11
ITEM_100989,ORD_20596,PROD_554,1,309.23,0.0
ITEM_100990,ORD_20596,PROD_512,1,151.42,0.0
ITEM_100991,ORD_20597,PROD_564,3,77.5,0.0
ITEM_100992,ORD_20597,PROD_502,1,242.11,0.0
ITEM_100993,ORD_20598,PROD_506,3,240.11,0.0
ITEM_100994,ORD_20598,PROD_556,1,171.31,0.0
ITEM_100995,ORD_20599,PROD_573,1,121.95,12.2
ITEM_100996,ORD_20599,PROD_504,1,130.74,13.07
ITEM_100997,ORD_20600,PROD_575,2,175.82,0.0
ITEM_100998,ORD_20601,PROD_573,1,121.95,0.0
ITEM_100999,ORD_20602,PROD_534,1,46.48,0.0
ITEM_101000,ORD_20602,PROD_558,1,152.68,0.0
ITEM_101001,ORD_20602,PROD_562,1,225.46,11.27
ITEM_101002,ORD_20602,PROD_564,2,77.5,0.0
ITEM_101003,ORD_20603,PROD_570,1,85.34,0.0
ITEM_101004,ORD_20604,PROD_531,1,242.35,0.0
ITEM_101005,ORD_20605,PROD_564,1,77.5,0.0
ITEM_101006,ORD_20605,PROD_542,1,140.18,7.01
ITEM_101007,ORD_20606,PROD_508,1,312.13,0.0
ITEM_101008,ORD_20606,PROD_505,1,64.22,0.0
ITEM_101009,ORD_20607,PROD_509,1,213.9,0.0
ITEM_101010,ORD_20608,PROD_516,1,91.12,4.56
ITEM_101011,ORD_20608,PROD_530,1,142.79,0.0
ITEM_101012,ORD_20608,PROD_549,1,112.15,0.0
ITEM_101013,ORD_20608,PROD_519,2,236.9,0.0
ITEM_101014,ORD_20609,PROD_555,1,121.11,18.17
ITEM_101015,ORD_20609,PROD_546,1,209.69,31.45
ITEM_101016,ORD_20610,PROD_502,3,242.11,0.0
ITEM_101017,ORD_20610,PROD_531,1,242.35,12.12
ITEM_101018,ORD_20610,PROD_569,2,274.5,0.0
ITEM_101019,ORD_20611,PROD_552,1,157.7,7.88
ITEM_101020,ORD_20612,PROD_504,2,130.74,13.07
ITEM_101021,ORD_20613,PROD_513,2,126.72,12.67
ITEM_101022,ORD_20614,PROD_569,1,274.5,41.17
ITEM_101023,ORD_20614,PROD_540,1,48.42,0.0
ITEM_101024,ORD_20614,PROD_515,3,189.61,0.0
ITEM_101025,ORD_20615,PROD_504,1,130.74,0.0
ITEM_101026,ORD_20615,PROD_567,1,103.84,0.0
ITEM_101027,ORD_20616,PROD_580,1,221.1,22.11
ITEM_101028,ORD_20617,PROD_578,1,165.8,0.0
ITEM_101029,ORD_20617,PROD_509,1,213.9,10.7
ITEM_101030,ORD_20617,PROD_557,1,170.75,0.0
ITEM_101031,ORD_20618,PROD_549,1,112.15,0.0
ITEM_101032,ORD_20619,PROD_526,1,212.22,0.0
ITEM_101033,ORD_20619,PROD_530,2,142.79,0.0
ITEM_101034,ORD_20620,PROD_564,1,77.5,0.0
ITEM_101035,ORD_20620,PROD_520,1,74.25,0.0
ITEM_101036,ORD_20621,PROD_565,1,16.38,1.64
ITEM_101037,ORD_20622,PROD_578,1,165.8,0.0
ITEM_101038,ORD_20622,PROD_523,1,104.47,5.22
ITEM_101039,ORD_20623,PROD_508,1,312.13,31.21
ITEM_101040,ORD_20623,PROD_578,1,165.8,24.87
ITEM_101041,ORD_20624,PROD_513,3,126.72,0.0
ITEM_101042,ORD_20624,PROD_542,3,140.18,0.0
ITEM_101043,ORD_20625,PROD_503,1,157.89,0.0
ITEM_101044,ORD_20626,PROD_522,3,209.52,31.43
ITEM_101045,ORD_20626,PROD_526,2,212.22,0.0
ITEM_101046,ORD_20627,PROD_548,1,54.38,0.0
ITEM_101047,ORD_20628,PROD_525,1,227.68,0.0
ITEM_101048,ORD_20628,PROD_556,1,171.31,8.57
ITEM_101049,ORD_20629,PROD_536,1,242.17,0.0
ITEM_101050,ORD_20630,PROD_544,1,280.84,0.0
ITEM_101051,ORD_20631,PROD_532,1,272.35,0.0
ITEM_101052,ORD_20632,PROD_565,1,16.38,0.0
ITEM_101053,ORD_20632,PROD_543,2,313.64,0.0
ITEM_101054,ORD_20633,PROD_566,1,250.95,0.0
ITEM_101055,ORD_20633,PROD_556,2,171.31,0.0
ITEM_101056,ORD_20633,PROD_512,1,151.42,0.0
ITEM_101057,ORD_20634,PROD_555,1,121.11,0.0
ITEM_101058,ORD_20635,PROD_563,2,317.9,0.0
ITEM_101059,ORD_20635,PROD_562,1,225.46,0.0
ITEM_101060,ORD_20635,PROD_539,1,250.31,25.03
ITEM_101061,ORD_20636,PROD_547,1,20.21,1.01
ITEM_101062,ORD_20636,PROD_546,1,209.69,31.45
ITEM_101063,ORD_20636,PROD_529,1,24.28,0.0
ITEM_101064,ORD_20637,PROD_534,1,46.48,0.0
ITEM_101065,ORD_20638,PROD_501,1,199.67,9.98
ITEM_101066,ORD_20638,PROD_557,1,170.75,0.0
ITEM_101067,ORD_20639,PROD_512,1,151.42,0.0
ITEM_101068,ORD_20640,PROD_567,1,103.84,0.0
ITEM_101069,ORD_20641,PROD_562,1,225.46,22.55
ITEM_101070,ORD_20642,PROD_568,1,116.17,0.0
ITEM_101071,ORD_20642,PROD_565,2,16.38,0.0
ITEM_101072,ORD_20642,PROD_523,1,104.47,0.0
ITEM_101073,ORD_20642,PROD_512,1,151.42,0.0
ITEM_101074,ORD_20643,PROD_541,1,137.54,0.0
ITEM_101075,ORD_20644,PROD_505,1,64.22,6.42
ITEM_101076,ORD_20644,PROD_545,1,246.78,0.0
ITEM_101077,ORD_20644,PROD_572,1,144.07,7.2
ITEM_101078,ORD_20645,PROD_554,3,309.23,0.0
ITEM_101079,ORD_20646,PROD_508,2,312.13,0.0
ITEM_101080,ORD_20647,PROD_558,1,152.68,0.0
ITEM_101081,ORD_20647,PROD_572,1,144.07,0.0
ITEM_101082,ORD_20648,PROD_529,1,24.28,0.0
ITEM_101083,ORD_20649,PROD_542,2,140.18,0.0
ITEM_101084,ORD_20649,PROD_551,1,148.84,0.0
ITEM_101085,ORD_20649,PROD_546,1,209.69,10.48
ITEM_101086,ORD_20649,PROD_561,1,375.16,0.0
ITEM_101087,ORD_20650,PROD_550,1,19.6,0.98
ITEM_101088,ORD_20650,PROD_544,1,280.84,0.0
ITEM_101089,ORD_20651,PROD_547,1,20.21,0.0
ITEM_101090,ORD_20651,PROD_503,2,157.89,0.0
ITEM_101091,ORD_20652,PROD_570,1,85.34,0.0
ITEM_101092,ORD_20652,PROD_540,1,48.42,0.0
ITEM_101093,ORD_20653,PROD_522,1,209.52,0.0
ITEM_101094,ORD_20654,PROD_549,3,112.15,0.0
ITEM_101095,ORD_20655,PROD_539,1,250.31,0.0
ITEM_101096,ORD_20655,PROD_537,1,145.12,0.0
ITEM_101097,ORD_20655,PROD_546,1,209.69,0.0
ITEM_101098,ORD_20656,PROD_528,1,17.95,0.0
ITEM_101099,ORD_20657,PROD_566,1,250.95,12.55
ITEM_101100,ORD_20658,PROD_545,1,246.78,0.0
ITEM_101101,ORD_20659,PROD_513,1,126.72,12.67
ITEM_101102,ORD_20659,PROD_512,1,151.42,22.71
ITEM_101103,ORD_20660,PROD_541,1,137.54,0.0
ITEM_101104,ORD_20660,PROD_580,2,221.1,66.33
ITEM_101105,ORD_20661,PROD_530,1,142.79,0.0
ITEM_101106,ORD_20662,PROD_540,1,48.42,0.0
ITEM_101107,ORD_20663,PROD_521,2,141.39,42.42
ITEM_101108,ORD_20664,PROD_503,1,157.89,7.89
ITEM_101109,ORD_20665,PROD_549,2,112.15,11.22
ITEM_101110,ORD_20665,PROD_501,1,199.67,0.0
ITEM_101111,ORD_20666,PROD_510,2,220.56,0.0
ITEM_101112,ORD_20667,PROD_552,1,157.7,0.0
ITEM_101113,ORD_20668,PROD_537,1,145.12,0.0
ITEM_101114,ORD_20669,PROD_566,1,250.95,25.09
ITEM_101115,ORD_20670,PROD_504,2,130.74,39.22
ITEM_101116,ORD_20671,PROD_529,1,24.28,1.21
ITEM_101117,ORD_20671,PROD_551,1,148.84,7.44
ITEM_101118,ORD_20671,PROD_543,1,313.64,0.0
ITEM_101119,ORD_20672,PROD_505,1,64.22,3.21
ITEM_101120,ORD_20673,PROD_516,2,91.12,0.0
ITEM_101121,ORD_20673,PROD_575,1,175.82,0.0
ITEM_101122,ORD_20674,PROD_578,1,165.8,0.0
ITEM_101123,ORD_20674,PROD_526,1,212.22,21.22
ITEM_101124,ORD_20675,PROD_552,2,157.7,0.0
ITEM_101125,ORD_20676,PROD_560,1,88.9,0.0
ITEM_101126,ORD_20677,PROD_509,1,213.9,0.0
ITEM_101127,ORD_20678,PROD_507,1,16.01,0.0
ITEM_101128,ORD_20679,PROD_525,1,227.68,0.0
ITEM_101129,ORD_20680,PROD_575,1,175.82,8.79
ITEM_101130,ORD_20681,PROD_501,1,199.67,0.0
ITEM_101131,ORD_20682,PROD_541,1,137.54,0.0
ITEM_101132,ORD_20683,PROD_511,1,295.08,0.0
ITEM_101133,ORD_20684,PROD_540,2,48.42,0.0
ITEM_101134,ORD_20685,PROD_543,2,313.64,0.0
ITEM_101135,ORD_20686,PROD_554,1,309.23,0.0
ITEM_101136,ORD_20686,PROD_543,1,313.64,15.68
ITEM_101137,ORD_20686,PROD_566,1,250.95,0.0
ITEM_101138,ORD_20686,PROD_578,1,165.8,8.29
ITEM_101139,ORD_20687,PROD_569,1,274.5,0.0
ITEM_101140,ORD_20687,PROD_502,1,242.11,12.11
ITEM_101141,ORD_20688,PROD_538,1,153.61,0.0
ITEM_101142,ORD_20689,PROD_505,1,64.22,0.0
ITEM_101143,ORD_20690,PROD_525,2,227.68,45.54
ITEM_101144,ORD_20690,PROD_523,1,104.47,10.45
ITEM_101145,ORD_20691,PROD_580,1,221.1,11.05
ITEM_101146,ORD_20692,PROD_578,1,165.8,0.0
ITEM_101147,ORD_20692,PROD_554,1,309.23,0.0
ITEM_101148,ORD_20692,PROD_570,1,85.34,0.0
ITEM_101149,ORD_20692,PROD_509,2,213.9,0.0
ITEM_101150,ORD_20693,PROD_569,3,274.5,41.18
ITEM_101151,ORD_20693,PROD_544,1,280.84,0.0
ITEM_101152,ORD_20694,PROD_501,1,199.67,0.0
ITEM_101153,ORD_20695,PROD_508,1,312.13,0.0
ITEM_101154,ORD_20696,PROD_541,1,137.54,0.0
ITEM_101155,ORD_20696,PROD_575,2,175.82,0.0
ITEM_101156,ORD_20697,PROD_566,1,250.95,12.55
ITEM_101157,ORD_20697,PROD_549,3,112.15,0.0
ITEM_101158,ORD_20698,PROD_515,1,189.61,28.44
ITEM_101159,ORD_20699,PROD_563,1,317.9,0.0
ITEM_101160,ORD_20700,PROD_510,1,220.56,0.0
ITEM_101161,ORD_20701,PROD_554,1,309.23,15.46
ITEM_101162,ORD_20701,PROD_508,1,312.13,15.61
ITEM_101163,ORD_20702,PROD_514,1,255.83,0.0
ITEM_101164,ORD_20703,PROD_557,2,170.75,0.0
ITEM_101165,ORD_20704,PROD_518,3,148.06,22.21
ITEM_101166,ORD_20705,PROD_548,1,54.38,2.72
ITEM_101167,ORD_20706,PROD_521,1,141.39,0.0
ITEM_101168,ORD_20707,PROD_557,2,170.75,0.0
ITEM_101169,ORD_20708,PROD_515,2,189.61,0.0
ITEM_101170,ORD_20708,PROD_526,1,212.22,10.61
ITEM_101171,ORD_20709,PROD_572,1,144.07,21.61
ITEM_101172,ORD_20710,PROD_567,2,103.84,20.77
ITEM_101173,ORD_20711,PROD_520,1,74.25,7.43
ITEM_101174,ORD_20712,PROD_543,2,313.64,0.0
ITEM_101175,ORD_20713,PROD_571,1,211.74,0.0
ITEM_101176,ORD_20713,PROD_535,1,36.04,0.0
ITEM_101177,ORD_20714,PROD_549,1,112.15,0.0
ITEM_101178,ORD_20715,PROD_504,1,130.74,0.0
ITEM_101179,ORD_20716,PROD_561,1,375.16,18.76
ITEM_101180,ORD_20716,PROD_527,3,218.49,32.77
ITEM_101181,ORD_20717,PROD_528,2,17.95,3.59
ITEM_101182,ORD_20718,PROD_542,1,140.18,0.0
ITEM_101183,ORD_20718,PROD_558,1,152.68,0.0
ITEM_101184,ORD_20719,PROD_545,1,246.78,12.34
ITEM_101185,ORD_20719,PROD_505,1,64.22,6.42
ITEM_101186,ORD_20720,PROD_520,1,74.25,7.43
ITEM_101187,ORD_20721,PROD_535,1,36.04,0.0
ITEM_101188,ORD_20722,PROD_553,1,123.16,6.16
ITEM_101189,ORD_20722,PROD_569,1,274.5,0.0
ITEM_101190,ORD_20723,PROD_528,1,17.95,0.9
ITEM_101191,ORD_20724,PROD_535,2,36.04,0.0
ITEM_101192,ORD_20724,PROD_502,1,242.11,24.21
ITEM_101193,ORD_20725,PROD_553,1,123.16,6.16
ITEM_101194,ORD_20725,PROD_515,1,189.61,0.0
ITEM_101195,ORD_20726,PROD_525,1,227.68,0.0
ITEM_101196,ORD_20727,PROD_540,2,48.42,0.0
ITEM_101197,ORD_20728,PROD_525,1,227.68,0.0
ITEM_101198,ORD_20729,PROD_504,1,130.74,0.0
ITEM_101199,ORD_20730,PROD_545,1,246.78,0.0
ITEM_101200,ORD_20731,PROD_526,1,212.22,0.0
ITEM_101201,ORD_20731,PROD_539,2,250.31,25.03
ITEM_101202,ORD_20731,PROD_519,1,236.9,0.0
ITEM_101203,ORD_20732,PROD_560,1,88.9,0.0
ITEM_101204,ORD_20732,PROD_507,3,16.01,4.8
ITEM_101205,ORD_20733,PROD_532,1,272.35,0.0
ITEM_101206,ORD_20733,PROD_506,1,240.11,12.01
ITEM_101207,ORD_20733,PROD_501,1,199.67,0.0
ITEM_101208,ORD_20734,PROD_515,2,189.61,0.0
ITEM_101209,ORD_20735,PROD_514,1,255.83,0.0
ITEM_101210,ORD_20735,PROD_507,1,16.01,0.0
ITEM_101211,ORD_20735,PROD_519,1,236.9,0.0
ITEM_101212,ORD_20736,PROD_527,1,218.49,0.0
ITEM_101213,ORD_20737,PROD_580,2,221.1,0.0
ITEM_101214,ORD_20738,PROD_509,2,213.9,0.0
ITEM_101215,ORD_20739,PROD_548,1,54.38,0.0
ITEM_101216,ORD_20739,PROD_524,1,116.66,0.0
ITEM_101217,ORD_20740,PROD_558,1,152.68,0.0
ITEM_101218,ORD_20740,PROD_550,2,19.6,1.96
ITEM_101219,ORD_20740,PROD_579,1,221.42,11.07
ITEM_101220,ORD_20740,PROD_545,1,246.78,0.0
ITEM_101221,ORD_20741,PROD_577,2,71.78,0.0
ITEM_101222,ORD_20741,PROD_559,2,149.13,0.0
ITEM_101223,ORD_20742,PROD_509,1,213.9,0.0
ITEM_101224,ORD_20743,PROD_511,1,295.08,0.0
ITEM_101225,ORD_20744,PROD_552,1,157.7,0.0
ITEM_101226,ORD_20744,PROD_508,1,312.13,0.0
ITEM_101227,ORD_20745,PROD_525,3,227.68,0.0
ITEM_101228,ORD_20746,PROD_507,2,16.01,0.0
ITEM_101229,ORD_20747,PROD_526,1,212.22,0.0
ITEM_101230,ORD_20748,PROD_534,3,46.48,0.0
ITEM_101231,ORD_20748,PROD_521,1,141.39,0.0
ITEM_101232,ORD_20749,PROD_502,1,242.11,12.11
ITEM_101233,ORD_20749,PROD_526,1,212.22,31.83
ITEM_101234,ORD_20750,PROD_528,1,17.95,0.0
ITEM_101235,ORD_20750,PROD_510,1,220.56,11.03
ITEM_101236,ORD_20751,PROD_541,2,137.54,0.0
ITEM_101237,ORD_20751,PROD_553,1,123.16,0.0
ITEM_101238,ORD_20752,PROD_547,1,20.21,0.0
ITEM_101239,ORD_20753,PROD_511,1,295.08,29.51
ITEM_101240,ORD_20754,PROD_533,1,161.57,0.0
ITEM_101241,ORD_20755,PROD_533,2,161.57,0.0
ITEM_101242,ORD_20755,PROD_574,1,250.97,12.55
ITEM_101243,ORD_20756,PROD_527,3,218.49,32.77
ITEM_101244,ORD_20756,PROD_506,1,240.11,0.0
ITEM_101245,ORD_20756,PROD_545,1,246.78,0.0
ITEM_101246,ORD_20757,PROD_523,1,104.47,0.0
ITEM_101247,ORD_20757,PROD_566,1,250.95,12.55
ITEM_101248,ORD_20758,PROD_523,1,104.47,0.0
ITEM_101249,ORD_20759,PROD_515,1,189.61,0.0
ITEM_101250,ORD_20759,PROD_558,2,152.68,0.0
ITEM_101251,ORD_20760,PROD_568,1,116.17,0.0
ITEM_101252,ORD_20760,PROD_569,1,274.5,0.0
ITEM_101253,ORD_20761,PROD_553,1,123.16,0.0
ITEM_101254,ORD_20762,PROD_573,2,121.95,0.0
ITEM_101255,ORD_20763,PROD_517,1,232.38,0.0
ITEM_101256,ORD_20764,PROD_580,1,221.1,11.05
ITEM_101257,ORD_20765,PROD_545,1,246.78,0.0
ITEM_101258,ORD_20766,PROD_577,1,71.78,0.0
ITEM_101259,ORD_20766,PROD_528,2,17.95,0.0
ITEM_101260,ORD_20767,PROD_522,1,209.52,0.0
ITEM_101261,ORD_20768,PROD_532,1,272.35,13.62
ITEM_101262,ORD_20768,PROD_554,1,309.23,0.0
ITEM_101263,ORD_20768,PROD_553,1,123.16,0.0
ITEM_101264,ORD_20769,PROD_546,1,209.69,0.0
ITEM_101265,ORD_20770,PROD_514,1,255.83,0.0
ITEM_101266,ORD_20770,PROD_550,1,19.6,0.98
ITEM_101267,ORD_20770,PROD_551,1,148.84,0.0
ITEM_101268,ORD_20771,PROD_506,2,240.11,0.0
ITEM_101269,ORD_20771,PROD_529,2,24.28,0.0
ITEM_101270,ORD_20772,PROD_528,2,17.95,0.0
ITEM_101271,ORD_20773,PROD_504,1,130.74,6.54
ITEM_101272,ORD_20773,PROD_567,1,103.84,0.0
ITEM_101273,ORD_20773,PROD_557,1,170.75,0.0
ITEM_101274,ORD_20773,PROD_562,1,225.46,22.55
ITEM_101275,ORD_20774,PROD_520,1,74.25,0.0
ITEM_101276,ORD_20775,PROD_538,1,153.61,0.0
ITEM_101277,ORD_20776,PROD_547,1,20.21,0.0
ITEM_101278,ORD_20776,PROD_501,1,199.67,9.98
ITEM_101279,ORD_20777,PROD_518,1,148.06,0.0
ITEM_101280,ORD_20777,PROD_510,1,220.56,0.0
ITEM_101281,ORD_20778,PROD_545,1,246.78,0.0
ITEM_101282,ORD_20778,PROD_569,1,274.5,0.0
ITEM_101283,ORD_20779,PROD_574,2,250.97,0.0
ITEM_101284,ORD_20780,PROD_576,2,75.48,0.0
ITEM_101285,ORD_20781,PROD_524,1,116.66,0.0
ITEM_101286,ORD_20781,PROD_539,1,250.31,0.0
ITEM_101287,ORD_20781,PROD_503,1,157.89,7.89
ITEM_101288,ORD_20782,PROD_516,1,91.12,9.11
ITEM_101289,ORD_20782,PROD_580,1,221.1,22.11
ITEM_101290,ORD_20783,PROD_525,1,227.68,0.0
ITEM_101291,ORD_20783,PROD_535,1,36.04,0.0
ITEM_101292,ORD_20784,PROD_525,1,227.68,11.38
ITEM_101293,ORD_20785,PROD_536,1,242.17,0.0
ITEM_101294,ORD_20785,PROD_550,3,19.6,0.0
ITEM_101295,ORD_20785,PROD_546,1,209.69,0.0
ITEM_101296,ORD_20785,PROD_534,1,46.48,0.0
ITEM_101297,ORD_20786,PROD_519,1,236.9,11.85
ITEM_101298,ORD_20786,PROD_549,1,112.15,11.22
ITEM_101299,ORD_20786,PROD_576,1,75.48,11.32
ITEM_101300,ORD_20787,PROD_528,1,17.95,1.79
ITEM_101301,ORD_20787,PROD_546,1,209.69,0.0
ITEM_101302,ORD_20787,PROD_560,2,88.9,0.0
ITEM_101303,ORD_20787,PROD_515,1,189.61,0.0
ITEM_101304,ORD_20788,PROD_531,1,242.35,24.23
ITEM_101305,ORD_20789,PROD_569,1,274.5,13.73
ITEM_101306,ORD_20790,PROD_518,1,148.06,22.21
ITEM_101307,ORD_20790,PROD_531,2,242.35,0.0
ITEM_101308,ORD_20790,PROD_576,1,75.48,0.0
ITEM_101309,ORD_20791,PROD_525,1,227.68,0.0
ITEM_101310,ORD_20792,PROD_567,1,103.84,0.0
ITEM_101311,ORD_20793,PROD_562,1,225.46,0.0
ITEM_101312,ORD_20793,PROD_568,1,116.17,0.0
ITEM_101313,ORD_20793,PROD_570,1,85.34,0.0
ITEM_101314,ORD_20793,PROD_556,1,171.31,0.0
ITEM_101315,ORD_20794,PROD_512,1,151.42,7.57
ITEM_101316,ORD_20795,PROD_524,1,116.66,0.0
ITEM_101317,ORD_20796,PROD_528,2,17.95,3.59
ITEM_101318,ORD_20796,PROD_523,1,104.47,0.0
ITEM_101319,ORD_20796,PROD_577,1,71.78,0.0
ITEM_101320,ORD_20796,PROD_505,1,64.22,0.0
ITEM_101321,ORD_20797,PROD_525,1,227.68,0.0
ITEM_101322,ORD_20798,PROD_505,2,64.22,0.0
ITEM_101323,ORD_20798,PROD_559,1,149.13,0.0
ITEM_101324,ORD_20798,PROD_501,1,199.67,0.0
ITEM_101325,ORD_20799,PROD_520,2,74.25,0.0
ITEM_101326,ORD_20800,PROD_551,1,148.84,0.0
ITEM_101327,ORD_20801,PROD_525,2,227.68,0.0
ITEM_101328,ORD_20801,PROD_571,1,211.74,0.0
ITEM_101329,ORD_20802,PROD_521,1,141.39,0.0
ITEM_101330,ORD_20803,PROD_553,1,123.16,6.16
ITEM_101331,ORD_20803,PROD_531,1,242.35,0.0
ITEM_101332,ORD_20804,PROD_512,1,151.42,0.0
ITEM_101333,ORD_20804,PROD_544,1,280.84,14.04
ITEM_101334,ORD_20805,PROD_515,1,189.61,9.48
ITEM_101335,ORD_20806,PROD_552,1,157.7,0.0
ITEM_101336,ORD_20806,PROD_560,1,88.9,8.89
ITEM_101337,ORD_20807,PROD_544,1,280.84,0.0
ITEM_101338,ORD_20807,PROD_534,1,46.48,0.0
ITEM_101339,ORD_20808,PROD_558,1,152.68,0.0
ITEM_101340,ORD_20809,PROD_557,1,170.75,0.0
ITEM_101341,ORD_20810,PROD_569,1,274.5,0.0
ITEM_101342,ORD_20810,PROD_532,2,272.35,54.47
ITEM_101343,ORD_20811,PROD_545,2,246.78,0.0
ITEM_101344,ORD_20811,PROD_548,2,54.38,5.44
ITEM_101345,ORD_20812,PROD_511,1,295.08,0.0
ITEM_101346,ORD_20813,PROD_523,1,104.47,15.67
ITEM_101347,ORD_20814,PROD_551,1,148.84,0.0
ITEM_101348,ORD_20815,PROD_521,1,141.39,7.07
ITEM_101349,ORD_20816,PROD_506,3,240.11,0.0
ITEM_101350,ORD_20816,PROD_528,1,17.95,1.79
ITEM_101351,ORD_20816,PROD_521,3,141.39,0.0
ITEM_101352,ORD_20817,PROD_556,2,171.31,0.0
ITEM_101353,ORD_20817,PROD_518,2,148.06,0.0
ITEM_101354,ORD_20818,PROD_548,1,54.38,0.0
ITEM_101355,ORD_20818,PROD_524,1,116.66,17.5
ITEM_101356,ORD_20818,PROD_564,1,77.5,7.75
ITEM_101357,ORD_20818,PROD_511,3,295.08,0.0
ITEM_101358,ORD_20819,PROD_555,1,121.11,0.0
ITEM_101359,ORD_20819,PROD_510,1,220.56,22.06
ITEM_101360,ORD_20820,PROD_571,2,211.74,0.0
ITEM_101361,ORD_20820,PROD_564,1,77.5,0.0
ITEM_101362,ORD_20821,PROD_536,2,242.17,48.43
ITEM_101363,ORD_20821,PROD_504,3,130.74,0.0
ITEM_101364,ORD_20822,PROD_516,1,91.12,9.11
ITEM_101365,ORD_20822,PROD_503,2,157.89,31.58
ITEM_101366,ORD_20823,PROD_511,1,295.08,0.0
ITEM_101367,ORD_20824,PROD_560,1,88.9,0.0
ITEM_101368,ORD_20824,PROD_533,1,161.57,8.08
ITEM_101369,ORD_20824,PROD_503,2,157.89,0.0
ITEM_101370,ORD_20824,PROD_527,1,218.49,10.92
ITEM_101371,ORD_20825,PROD_516,1,91.12,4.56
ITEM_101372,ORD_20825,PROD_520,1,74.25,0.0
ITEM_101373,ORD_20826,PROD_534,1,46.48,0.0
ITEM_101374,ORD_20826,PROD_554,2,309.23,0.0
ITEM_101375,ORD_20826,PROD_540,1,48.42,0.0
ITEM_101376,ORD_20827,PROD_503,1,157.89,15.79
ITEM_101377,ORD_20828,PROD_549,2,112.15,11.22
ITEM_101378,ORD_20829,PROD_551,2,148.84,0.0
ITEM_101379,ORD_20830,PROD_563,2,317.9,0.0
ITEM_101380,ORD_20831,PROD_572,2,144.07,28.81
ITEM_101381,ORD_20832,PROD_572,1,144.07,7.2
ITEM_101382,ORD_20832,PROD_508,1,312.13,0.0
ITEM_101383,ORD_20833,PROD_514,1,255.83,0.0
ITEM_101384,ORD_20834,PROD_578,1,165.8,0.0
ITEM_101385,ORD_20834,PROD_531,1,242.35,0.0
ITEM_101386,ORD_20835,PROD_578,3,165.8,0.0
ITEM_101387,ORD_20836,PROD_534,1,46.48,0.0
ITEM_101388,ORD_20836,PROD_561,1,375.16,18.76
ITEM_101389,ORD_20836,PROD_508,2,312.13,0.0
ITEM_101390,ORD_20837,PROD_541,1,137.54,13.75
ITEM_101391,ORD_20838,PROD_547,3,20.21,9.09
ITEM_101392,ORD_20839,PROD_511,2,295.08,0.0
ITEM_101393,ORD_20840,PROD_550,1,19.6,0.0
ITEM_101394,ORD_20840,PROD_569,1,274.5,0.0
ITEM_101395,ORD_20841,PROD_559,3,149.13,0.0
ITEM_101396,ORD_20841,PROD_504,1,130.74,0.0
ITEM_101397,ORD_20842,PROD_527,1,218.49,10.92
ITEM_101398,ORD_20842,PROD_553,2,123.16,36.95
ITEM_101399,ORD_20842,PROD_548,1,54.38,0.0
ITEM_101400,ORD_20842,PROD_560,2,88.9,17.78
ITEM_101401,ORD_20843,PROD_530,1,142.79,21.42
ITEM_101402,ORD_20844,PROD_515,2,189.61,0.0
ITEM_101403,ORD_20844,PROD_553,1,123.16,6.16
ITEM_101404,ORD_20845,PROD_530,1,142.79,14.28
ITEM_101405,ORD_20846,PROD_504,1,130.74,19.61
ITEM_101406,ORD_20847,PROD_513,1,126.72,0.0
ITEM_101407,ORD_20847,PROD_532,2,272.35,0.0
ITEM_101408,ORD_20848,PROD_559,1,149.13,0.0
ITEM_101409,ORD_20848,PROD_505,1,64.22,0.0
ITEM_101410,ORD_20849,PROD_577,1,71.78,0.0
ITEM_101411,ORD_20849,PROD_545,2,246.78,0.0
ITEM_101412,ORD_20850,PROD_559,2,149.13,0.0
ITEM_101413,ORD_20851,PROD_540,1,48.42,0.0
ITEM_101414,ORD_20851,PROD_507,2,16.01,0.0
ITEM_101415,ORD_20852,PROD_559,1,149.13,0.0
ITEM_101416,ORD_20853,PROD_542,1,140.18,14.02
ITEM_101417,ORD_20854,PROD_531,1,242.35,0.0
ITEM_101418,ORD_20855,PROD_552,1,157.7,0.0
ITEM_101419,ORD_20856,PROD_533,2,161.57,32.31
ITEM_101420,ORD_20857,PROD_541,1,137.54,0.0
ITEM_101421,ORD_20858,PROD_533,1,161.57,8.08
ITEM_101422,ORD_20859,PROD_575,1,175.82,0.0
ITEM_101423,ORD_20860,PROD_525,1,227.68,11.38
ITEM_101424,ORD_20861,PROD_551,1,148.84,0.0
ITEM_101425,ORD_20861,PROD_529,1,24.28,0.0
ITEM_101426,ORD_20862,PROD_562,1,225.46,33.82
ITEM_101427,ORD_20863,PROD_529,1,24.28,2.43
ITEM_101428,ORD_20864,PROD_528,1,17.95,0.0
ITEM_101429,ORD_20864,PROD_508,2,312.13,0.0
ITEM_101430,ORD_20865,PROD_532,1,272.35,0.0
ITEM_101431,ORD_20865,PROD_554,1,309.23,0.0
ITEM_101432,ORD_20865,PROD_506,1,240.11,0.0
ITEM_101433,ORD_20865,PROD_527,1,218.49,0.0
ITEM_101434,ORD_20866,PROD_517,1,232.38,0.0
ITEM_101435,ORD_20866,PROD_551,1,148.84,0.0
ITEM_101436,ORD_20867,PROD_557,2,170.75,34.15
ITEM_101437,ORD_20867,PROD_574,1,250.97,12.55
ITEM_101438,ORD_20867,PROD_554,1,309.23,0.0
ITEM_101439,ORD_20868,PROD_526,1,212.22,10.61
ITEM_101440,ORD_20868,PROD_573,1,121.95,12.2
ITEM_101441,ORD_20868,PROD_517,1,232.38,0.0
ITEM_101442,ORD_20868,PROD_518,1,148.06,0.0
ITEM_101443,ORD_20869,PROD_523,1,104.47,5.22
ITEM_101444,ORD_20870,PROD_523,1,104.47,0.0
ITEM_101445,ORD_20871,PROD_523,1,104.47,0.0
ITEM_101446,ORD_20872,PROD_566,1,250.95,12.55
ITEM_101447,ORD_20873,PROD_545,2,246.78,0.0
ITEM_101448,ORD_20873,PROD_520,1,74.25,7.43
ITEM_101449,ORD_20874,PROD_539,3,250.31,0.0
ITEM_101450,ORD_20874,PROD_550,2,19.6,0.0
ITEM_101451,ORD_20875,PROD_521,2,141.39,28.28
ITEM_101452,ORD_20875,PROD_538,2,153.61,0.0
ITEM_101453,ORD_20876,PROD_517,1,232.38,0.0
ITEM_101454,ORD_20877,PROD_518,3,148.06,0.0
ITEM_101455,ORD_20877,PROD_530,1,142.79,14.28
ITEM_101456,ORD_20878,PROD_518,1,148.06,0.0
ITEM_101457,ORD_20879,PROD_505,1,64.22,0.0
ITEM_101458,ORD_20880,PROD_545,1,246.78,0.0
ITEM_101459,ORD_20880,PROD_522,2,209.52,0.0
ITEM_101460,ORD_20880,PROD_559,2,149.13,44.74
ITEM_101461,ORD_20881,PROD_553,1,123.16,18.47
ITEM_101462,ORD_20882,PROD_539,1,250.31,0.0
ITEM_101463,ORD_20882,PROD_513,1,126.72,0.0
ITEM_101464,ORD_20883,PROD_528,1,17.95,0.0
ITEM_101465,ORD_20884,PROD_551,2,148.84,0.0
ITEM_101466,ORD_20884,PROD_564,1,77.5,7.75
ITEM_101467,ORD_20885,PROD_537,3,145.12,0.0
ITEM_101468,ORD_20886,PROD_530,1,142.79,0.0
ITEM_101469,ORD_20887,PROD_578,2,165.8,0.0
ITEM_101470,ORD_20888,PROD_535,1,36.04,0.0
ITEM_101471,ORD_20889,PROD_573,1,121.95,0.0
ITEM_101472,ORD_20890,PROD_551,3,148.84,0.0
ITEM_101473,ORD_20890,PROD_502,1,242.11,0.0
ITEM_101474,ORD_20890,PROD_522,3,209.52,0.0
ITEM_101475,ORD_20891,PROD_564,1,77.5,7.75
ITEM_101476,ORD_20892,PROD_533,1,161.57,0.0
ITEM_101477,ORD_20893,PROD_557,1,170.75,0.0
ITEM_101478,ORD_20893,PROD_573,1,121.95,0.0
ITEM_101479,ORD_20894,PROD_530,1,142.79,14.28
ITEM_101480,ORD_20894,PROD_549,1,112.15,0.0
ITEM_101481,ORD_20895,PROD_510,1,220.56,0.0
ITEM_101482,ORD_20896,PROD_579,1,221.42,0.0
ITEM_101483,ORD_20897,PROD_538,1,153.61,15.36
ITEM_101484,ORD_20898,PROD_509,3,213.9,96.26
ITEM_101485,ORD_20899,PROD_560,1,88.9,13.34
ITEM_101486,ORD_20899,PROD_526,3,212.22,0.0
ITEM_101487,ORD_20900,PROD_543,3,313.64,0.0
ITEM_101488,ORD_20901,PROD_513,1,126.72,0.0
ITEM_101489,ORD_20901,PROD_575,2,175.82,0.0
ITEM_101490,ORD_20902,PROD_551,1,148.84,0.0
ITEM_101491,ORD_20902,PROD_539,1,250.31,0.0
ITEM_101492,ORD_20903,PROD_543,1,313.64,0.0
ITEM_101493,ORD_20904,PROD_546,1,209.69,10.48
ITEM_101494,ORD_20905,PROD_520,1,74.25,3.71
ITEM_101495,ORD_20905,PROD_531,1,242.35,0.0
ITEM_101496,ORD_20906,PROD_525,1,227.68,0.0
ITEM_101497,ORD_20907,PROD_563,1,317.9,0.0
ITEM_101498,ORD_20908,PROD_532,1,272.35,0.0
ITEM_101499,ORD_20909,PROD_517,2,232.38,0.0
ITEM_101500,ORD_20910,PROD_515,1,189.61,0.0
ITEM_101501,ORD_20911,PROD_541,1,137.54,0.0
ITEM_101502,ORD_20911,PROD_508,1,312.13,31.21
ITEM_101503,ORD_20912,PROD_551,2,148.84,0.0
ITEM_101504,ORD_20913,PROD_519,1,236.9,11.85
ITEM_101505,ORD_20914,PROD_551,1,148.84,14.88
ITEM_101506,ORD_20915,PROD_570,1,85.34,4.27
ITEM_101507,ORD_20916,PROD_542,1,140.18,7.01
ITEM_101508,ORD_20917,PROD_536,1,242.17,0.0
ITEM_101509,ORD_20918,PROD_509,1,213.9,21.39
ITEM_101510,ORD_20918,PROD_503,1,157.89,7.89
ITEM_101511,ORD_20918,PROD_524,1,116.66,0.0
ITEM_101512,ORD_20919,PROD_515,2,189.61,0.0
ITEM_101513,ORD_20920,PROD_512,1,151.42,0.0
ITEM_101514,ORD_20921,PROD_566,1,250.95,25.09
ITEM_101515,ORD_20922,PROD_559,2,149.13,0.0
ITEM_101516,ORD_20923,PROD_516,1,91.12,0.0
ITEM_101517,ORD_20924,PROD_516,3,91.12,0.0
ITEM_101518,ORD_20925,PROD_553,1,123.16,0.0
ITEM_101519,ORD_20925,PROD_564,1,77.5,0.0
ITEM_101520,ORD_20925,PROD_518,1,148.06,0.0
ITEM_101521,ORD_20926,PROD_530,1,142.79,14.28
ITEM_101522,ORD_20927,PROD_580,1,221.1,0.0
ITEM_101523,ORD_20928,PROD_556,1,171.31,0.0
ITEM_101524,ORD_20929,PROD_545,1,246.78,0.0
ITEM_101525,ORD_20930,PROD_559,1,149.13,0.0
ITEM_101526,ORD_20931,PROD_569,1,274.5,0.0
ITEM_101527,ORD_20931,PROD_520,1,74.25,3.71
ITEM_101528,ORD_20931,PROD_519,1,236.9,0.0
ITEM_101529,ORD_20932,PROD_532,2,272.35,54.47
ITEM_101530,ORD_20933,PROD_521,1,141.39,7.07
ITEM_101531,ORD_20934,PROD_526,2,212.22,0.0
ITEM_101532,ORD_20934,PROD_520,2,74.25,0.0
ITEM_101533,ORD_20934,PROD_546,1,209.69,0.0
ITEM_101534,ORD_20935,PROD_509,1,213.9,10.7
ITEM_101535,ORD_20936,PROD_507,3,16.01,7.2
ITEM_101536,ORD_20936,PROD_573,1,121.95,0.0
ITEM_101537,ORD_20936,PROD_577,1,71.78,0.0
ITEM_101538,ORD_20936,PROD_522,1,209.52,0.0
ITEM_101539,ORD_20937,PROD_575,1,175.82,0.0
ITEM_101540,ORD_20937,PROD_570,2,85.34,0.0
ITEM_101541,ORD_20938,PROD_543,1,313.64,0.0
ITEM_101542,ORD_20939,PROD_575,2,175.82,0.0
ITEM_101543,ORD_20939,PROD_539,1,250.31,0.0
ITEM_101544,ORD_20940,PROD_580,1,221.1,33.16
ITEM_101545,ORD_20940,PROD_546,1,209.69,20.97
ITEM_101546,ORD_20941,PROD_560,1,88.9,0.0
ITEM_101547,ORD_20941,PROD_579,1,221.42,0.0
ITEM_101548,ORD_20942,PROD_533,1,161.57,0.0
ITEM_101549,ORD_20942,PROD_536,1,242.17,0.0
ITEM_101550,ORD_20943,PROD_501,1,199.67,0.0
ITEM_101551,ORD_20943,PROD_518,1,148.06,0.0
ITEM_101552,ORD_20944,PROD_530,1,142.79,0.0
ITEM_101553,ORD_20945,PROD_512,1,151.42,22.71
ITEM_101554,ORD_20945,PROD_548,1,54.38,0.0
ITEM_101555,ORD_20945,PROD_561,1,375.16,37.52
ITEM_101556,ORD_20945,PROD_552,1,157.7,0.0
ITEM_101557,ORD_20946,PROD_538,1,153.61,0.0
ITEM_101558,ORD_20946,PROD_519,1,236.9,0.0
ITEM_101559,ORD_20947,PROD_556,2,171.31,17.13
ITEM_101560,ORD_20948,PROD_537,2,145.12,0.0
ITEM_101561,ORD_20948,PROD_544,2,280.84,0.0
ITEM_101562,ORD_20949,PROD_567,1,103.84,5.19
ITEM_101563,ORD_20950,PROD_569,1,274.5,0.0
ITEM_101564,ORD_20951,PROD_546,1,209.69,0.0
ITEM_101565,ORD_20951,PROD_545,2,246.78,0.0
ITEM_101566,ORD_20951,PROD_535,1,36.04,0.0
ITEM_101567,ORD_20952,PROD_580,1,221.1,0.0
ITEM_101568,ORD_20953,PROD_520,1,74.25,0.0
ITEM_101569,ORD_20954,PROD_547,1,20.21,0.0
ITEM_101570,ORD_20955,PROD_561,2,375.16,37.52
ITEM_101571,ORD_20956,PROD_521,1,141.39,0.0
ITEM_101572,ORD_20956,PROD_564,1,77.5,0.0
ITEM_101573,ORD_20957,PROD_557,1,170.75,0.0
ITEM_101574,ORD_20958,PROD_502,1,242.11,12.11
ITEM_101575,ORD_20959,PROD_509,1,213.9,0.0
ITEM_101576,ORD_20960,PROD_577,1,71.78,0.0
ITEM_101577,ORD_20960,PROD_579,1,221.42,0.0
ITEM_101578,ORD_20960,PROD_525,3,227.68,0.0
ITEM_101579,ORD_20961,PROD_535,1,36.04,0.0
ITEM_101580,ORD_20962,PROD_501,1,199.67,0.0
ITEM_101581,ORD_20963,PROD_503,1,157.89,0.0
ITEM_101582,ORD_20964,PROD_541,1,137.54,13.75
ITEM_101583,ORD_20964,PROD_524,1,116.66,0.0
ITEM_101584,ORD_20965,PROD_503,2,157.89,15.79
ITEM_101585,ORD_20966,PROD_538,1,153.61,0.0
ITEM_101586,ORD_20966,PROD_570,3,85.34,38.4
ITEM_101587,ORD_20967,PROD_579,2,221.42,0.0
ITEM_101588,ORD_20968,PROD_551,1,148.84,14.88
ITEM_101589,ORD_20969,PROD_578,1,165.8,0.0
ITEM_101590,ORD_20969,PROD_553,1,123.16,0.0
ITEM_101591,ORD_20969,PROD_512,1,151.42,15.14
ITEM_101592,ORD_20970,PROD_514,1,255.83,12.79
ITEM_101593,ORD_20971,PROD_512,1,151.42,0.0
ITEM_101594,ORD_20972,PROD_518,1,148.06,0.0
ITEM_101595,ORD_20973,PROD_561,1,375.16,56.27
ITEM_101596,ORD_20973,PROD_525,1,227.68,0.0
ITEM_101597,ORD_20973,PROD_566,2,250.95,0.0
ITEM_101598,ORD_20974,PROD_575,1,175.82,0.0
ITEM_101599,ORD_20975,PROD_562,1,225.46,0.0
ITEM_101600,ORD_20976,PROD_528,1,17.95,0.9
ITEM_101601,ORD_20976,PROD_519,1,236.9,0.0
ITEM_101602,ORD_20976,PROD_516,1,91.12,0.0
ITEM_101603,ORD_20977,PROD_504,2,130.74,0.0
ITEM_101604,ORD_20977,PROD_552,1,157.7,7.88
ITEM_101605,ORD_20977,PROD_572,1,144.07,0.0
ITEM_101606,ORD_20977,PROD_519,1,236.9,0.0
ITEM_101607,ORD_20978,PROD_545,1,246.78,0.0
ITEM_101608,ORD_20979,PROD_542,3,140.18,21.03
ITEM_101609,ORD_20980,PROD_521,1,141.39,0.0
ITEM_101610,ORD_20981,PROD_520,1,74.25,0.0
ITEM_101611,ORD_20981,PROD_535,1,36.04,0.0
ITEM_101612,ORD_20982,PROD_534,2,46.48,0.0
ITEM_101613,ORD_20983,PROD_511,1,295.08,0.0
ITEM_101614,ORD_20984,PROD_545,1,246.78,12.34
ITEM_101615,ORD_20985,PROD_521,1,141.39,0.0
ITEM_101616,ORD_20986,PROD_563,1,317.9,0.0
ITEM_101617,ORD_20986,PROD_533,2,161.57,0.0
ITEM_101618,ORD_20986,PROD_548,2,54.38,0.0
ITEM_101619,ORD_20987,PROD_543,1,313.64,0.0
ITEM_101620,ORD_20987,PROD_502,1,242.11,0.0
ITEM_101621,ORD_20987,PROD_546,1,209.69,10.48
ITEM_101622,ORD_20987,PROD_578,1,165.8,0.0
ITEM_101623,ORD_20988,PROD_580,1,221.1,11.05
ITEM_101624,ORD_20989,PROD_524,2,116.66,11.67
ITEM_101625,ORD_20990,PROD_547,2,20.21,0.0
ITEM_101626,ORD_20991,PROD_576,1,75.48,0.0
ITEM_101627,ORD_20991,PROD_520,1,74.25,0.0
ITEM_101628,ORD_20992,PROD_567,3,103.84,0.0
ITEM_101629,ORD_20992,PROD_562,1,225.46,11.27
ITEM_101630,ORD_20993,PROD_553,1,123.16,0.0
ITEM_101631,ORD_20993,PROD_555,1,121.11,0.0
ITEM_101632,ORD_20994,PROD_539,1,250.31,0.0
ITEM_101633,ORD_20995,PROD_503,1,157.89,7.89
ITEM_101634,ORD_20995,PROD_541,1,137.54,0.0
ITEM_101635,ORD_20995,PROD_524,1,116.66,5.83
ITEM_101636,ORD_20996,PROD_530,1,142.79,7.14
ITEM_101637,ORD_20997,PROD_523,1,104.47,0.0
ITEM_101638,ORD_20998,PROD_572,2,144.07,0.0
ITEM_101639,ORD_20998,PROD_507,2,16.01,0.0
ITEM_101640,ORD_20998,PROD_549,1,112.15,0.0
ITEM_101641,ORD_20999,PROD_537,1,145.12,0.0
ITEM_101642,ORD_21000,PROD_564,1,77.5,11.62
ITEM_101643,ORD_21001,PROD_522,2,209.52,0.0
ITEM_101644,ORD_21001,PROD_579,2,221.42,0.0
ITEM_101645,ORD_21001,PROD_573,3,121.95,36.59
ITEM_101646,ORD_21001,PROD_534,1,46.48,0.0
ITEM_101647,ORD_21002,PROD_568,1,116.17,0.0
ITEM_101648,ORD_21003,PROD_541,1,137.54,0.0
ITEM_101649,ORD_21003,PROD_509,3,213.9,0.0
ITEM_101650,ORD_21004,PROD_544,1,280.84,14.04
ITEM_101651,ORD_21005,PROD_580,2,221.1,44.22
ITEM_101652,ORD_21005,PROD_561,1,375.16,37.52
ITEM_101653,ORD_21006,PROD_524,2,116.66,0.0
ITEM_101654,ORD_21007,PROD_567,1,103.84,0.0
ITEM_101655,ORD_21008,PROD_561,1,375.16,0.0
ITEM_101656,ORD_21009,PROD_536,1,242.17,0.0
ITEM_101657,ORD_21010,PROD_558,2,152.68,0.0
ITEM_101658,ORD_21011,PROD_508,1,312.13,15.61
ITEM_101659,ORD_21011,PROD_561,1,375.16,18.76
ITEM_101660,ORD_21011,PROD_579,1,221.42,0.0
ITEM_101661,ORD_21012,PROD_543,1,313.64,0.0
ITEM_101662,ORD_21012,PROD_538,1,153.61,0.0
ITEM_101663,ORD_21013,PROD_543,1,313.64,0.0
ITEM_101664,ORD_21013,PROD_540,1,48.42,0.0
ITEM_101665,ORD_21014,PROD_557,1,170.75,0.0
ITEM_101666,ORD_21015,PROD_556,1,171.31,0.0
ITEM_101667,ORD_21016,PROD_557,1,170.75,0.0
ITEM_101668,ORD_21016,PROD_514,1,255.83,0.0
ITEM_101669,ORD_21017,PROD_525,1,227.68,34.15
ITEM_101670,ORD_21018,PROD_556,1,171.31,25.7
ITEM_101671,ORD_21018,PROD_561,2,375.16,0.0
ITEM_101672,ORD_21018,PROD_515,1,189.61,18.96
ITEM_101673,ORD_21018,PROD_568,2,116.17,0.0
ITEM_101674,ORD_21019,PROD_518,1,148.06,0.0
ITEM_101675,ORD_21019,PROD_501,1,199.67,0.0
ITEM_101676,ORD_21020,PROD_506,3,240.11,108.05
ITEM_101677,ORD_21021,PROD_517,1,232.38,23.24
ITEM_101678,ORD_21021,PROD_542,2,140.18,0.0
ITEM_101679,ORD_21021,PROD_522,1,209.52,0.0
ITEM_101680,ORD_21021,PROD_526,2,212.22,0.0
ITEM_101681,ORD_21022,PROD_523,1,104.47,0.0
ITEM_101682,ORD_21023,PROD_522,1,209.52,0.0
ITEM_101683,ORD_21024,PROD_515,1,189.61,18.96
ITEM_101684,ORD_21025,PROD_544,1,280.84,14.04
ITEM_101685,ORD_21025,PROD_566,1,250.95,0.0
ITEM_101686,ORD_21026,PROD_542,2,140.18,0.0
ITEM_101687,ORD_21026,PROD_548,1,54.38,2.72
ITEM_101688,ORD_21027,PROD_523,1,104.47,0.0
ITEM_101689,ORD_21028,PROD_559,1,149.13,22.37
ITEM_101690,ORD_21029,PROD_507,2,16.01,0.0
ITEM_101691,ORD_21030,PROD_505,1,64.22,0.0
ITEM_101692,ORD_21031,PROD_534,1,46.48,2.32
ITEM_101693,ORD_21032,PROD_537,1,145.12,0.0
ITEM_101694,ORD_21033,PROD_550,1,19.6,2.94
ITEM_101695,ORD_21034,PROD_571,1,211.74,0.0
ITEM_101696,ORD_21035,PROD_546,1,209.69,0.0
ITEM_101697,ORD_21036,PROD_538,2,153.61,0.0
ITEM_101698,ORD_21037,PROD_522,1,209.52,0.0
ITEM_101699,ORD_21037,PROD_510,1,220.56,0.0
ITEM_101700,ORD_21037,PROD_513,1,126.72,6.34
ITEM_101701,ORD_21038,PROD_514,1,255.83,0.0
ITEM_101702,ORD_21038,PROD_543,1,313.64,0.0
ITEM_101703,ORD_21039,PROD_511,1,295.08,0.0
ITEM_101704,ORD_21040,PROD_523,3,104.47,31.34
ITEM_101705,ORD_21041,PROD_508,2,312.13,0.0
ITEM_101706,ORD_21042,PROD_540,1,48.42,0.0
ITEM_101707,ORD_21042,PROD_579,1,221.42,0.0
ITEM_101708,ORD_21043,PROD_502,1,242.11,0.0
ITEM_101709,ORD_21044,PROD_532,1,272.35,13.62
ITEM_101710,ORD_21045,PROD_502,1,242.11,0.0
ITEM_101711,ORD_21046,PROD_575,2,175.82,0.0
ITEM_101712,ORD_21046,PROD_558,2,152.68,0.0
ITEM_101713,ORD_21047,PROD_527,1,218.49,32.77
ITEM_101714,ORD_21047,PROD_556,1,171.31,0.0
ITEM_101715,ORD_21047,PROD_574,1,250.97,0.0
ITEM_101716,ORD_21047,PROD_524,3,116.66,0.0
ITEM_101717,ORD_21048,PROD_559,1,149.13,0.0
ITEM_101718,ORD_21048,PROD_533,1,161.57,0.0
ITEM_101719,ORD_21049,PROD_549,1,112.15,0.0
ITEM_101720,ORD_21049,PROD_554,1,309.23,46.38
ITEM_101721,ORD_21050,PROD_533,1,161.57,0.0
ITEM_101722,ORD_21050,PROD_523,1,104.47,15.67
ITEM_101723,ORD_21051,PROD_579,1,221.42,22.14
ITEM_101724,ORD_21052,PROD_546,1,209.69,0.0
ITEM_101725,ORD_21053,PROD_517,1,232.38,0.0
ITEM_101726,ORD_21053,PROD_540,2,48.42,0.0
ITEM_101727,ORD_21053,PROD_549,1,112.15,0.0
ITEM_101728,ORD_21054,PROD_560,1,88.9,4.45
ITEM_101729,ORD_21055,PROD_561,1,375.16,0.0
ITEM_101730,ORD_21055,PROD_559,1,149.13,0.0
ITEM_101731,ORD_21056,PROD_539,1,250.31,0.0
ITEM_101732,ORD_21056,PROD_560,1,88.9,8.89
ITEM_101733,ORD_21057,PROD_569,1,274.5,0.0
ITEM_101734,ORD_21057,PROD_539,1,250.31,12.52
ITEM_101735,ORD_21057,PROD_545,1,246.78,12.34
ITEM_101736,ORD_21058,PROD_542,1,140.18,0.0
ITEM_101737,ORD_21058,PROD_512,2,151.42,0.0
ITEM_101738,ORD_21058,PROD_568,1,116.17,0.0
ITEM_101739,ORD_21059,PROD_546,1,209.69,10.48
ITEM_101740,ORD_21059,PROD_511,2,295.08,0.0
ITEM_101741,ORD_21059,PROD_533,1,161.57,8.08
ITEM_101742,ORD_21060,PROD_563,2,317.9,0.0
ITEM_101743,ORD_21061,PROD_522,1,209.52,31.43
ITEM_101744,ORD_21062,PROD_510,1,220.56,0.0
ITEM_101745,ORD_21063,PROD_554,1,309.23,0.0
ITEM_101746,ORD_21064,PROD_537,3,145.12,0.0
ITEM_101747,ORD_21065,PROD_566,1,250.95,0.0
ITEM_101748,ORD_21066,PROD_565,1,16.38,0.0
ITEM_101749,ORD_21066,PROD_567,3,103.84,15.58
ITEM_101750,ORD_21066,PROD_541,2,137.54,0.0
ITEM_101751,ORD_21066,PROD_564,1,77.5,3.88
ITEM_101752,ORD_21067,PROD_515,1,189.61,0.0
ITEM_101753,ORD_21068,PROD_519,2,236.9,23.69
ITEM_101754,ORD_21069,PROD_542,1,140.18,0.0
ITEM_101755,ORD_21069,PROD_576,1,75.48,7.55
ITEM_101756,ORD_21069,PROD_571,1,211.74,0.0
ITEM_101757,ORD_21070,PROD_532,1,272.35,27.24
ITEM_101758,ORD_21070,PROD_503,1,157.89,0.0
ITEM_101759,ORD_21070,PROD_537,2,145.12,43.54
ITEM_101760,ORD_21070,PROD_563,2,317.9,0.0
ITEM_101761,ORD_21071,PROD_518,1,148.06,0.0
ITEM_101762,ORD_21072,PROD_571,1,211.74,0.0
ITEM_101763,ORD_21073,PROD_538,1,153.61,0.0
ITEM_101764,ORD_21073,PROD_545,2,246.78,0.0
ITEM_101765,ORD_21074,PROD_536,1,242.17,0.0
ITEM_101766,ORD_21075,PROD_522,1,209.52,0.0
ITEM_101767,ORD_21076,PROD_560,3,88.9,0.0
ITEM_101768,ORD_21077,PROD_565,1,16.38,0.0
ITEM_101769,ORD_21078,PROD_559,2,149.13,0.0
ITEM_101770,ORD_21079,PROD_549,1,112.15,0.0
ITEM_101771,ORD_21080,PROD_512,1,151.42,15.14
ITEM_101772,ORD_21081,PROD_519,2,236.9,0.0
ITEM_101773,ORD_21081,PROD_567,1,103.84,0.0
ITEM_101774,ORD_21082,PROD_572,3,144.07,0.0
ITEM_101775,ORD_21083,PROD_513,1,126.72,0.0
ITEM_101776,ORD_21083,PROD_559,1,149.13,0.0
ITEM_101777,ORD_21083,PROD_545,1,246.78,0.0
ITEM_101778,ORD_21084,PROD_558,1,152.68,0.0
ITEM_101779,ORD_21084,PROD_520,2,74.25,0.0
ITEM_101780,ORD_21084,PROD_577,1,71.78,0.0
ITEM_101781,ORD_21085,PROD_505,1,64.22,9.63
ITEM_101782,ORD_21085,PROD_536,1,242.17,24.22
ITEM_101783,ORD_21086,PROD_556,1,171.31,0.0
ITEM_101784,ORD_21086,PROD_501,1,199.67,19.97
ITEM_101785,ORD_21087,PROD_548,1,54.38,0.0
ITEM_101786,ORD_21087,PROD_504,1,130.74,0.0
ITEM_101787,ORD_21087,PROD_519,2,236.9,0.0
ITEM_101788,ORD_21088,PROD_553,1,123.16,0.0
ITEM_101789,ORD_21088,PROD_544,1,280.84,0.0
ITEM_101790,ORD_21089,PROD_520,1,74.25,3.71
ITEM_101791,ORD_21089,PROD_502,1,242.11,0.0
ITEM_101792,ORD_21090,PROD_528,1,17.95,0.0
ITEM_101793,ORD_21090,PROD_516,1,91.12,0.0
ITEM_101794,ORD_21091,PROD_532,1,272.35,0.0
ITEM_101795,ORD_21092,PROD_536,1,242.17,24.22
ITEM_101796,ORD_21093,PROD_555,1,121.11,0.0
ITEM_101797,ORD_21093,PROD_554,1,309.23,15.46
ITEM_101798,ORD_21094,PROD_573,1,121.95,0.0
ITEM_101799,ORD_21095,PROD_549,1,112.15,0.0
ITEM_101800,ORD_21095,PROD_577,1,71.78,7.18
ITEM_101801,ORD_21096,PROD_538,1,153.61,0.0
ITEM_101802,ORD_21097,PROD_580,2,221.1,0.0
ITEM_101803,ORD_21097,PROD_509,1,213.9,0.0
ITEM_101804,ORD_21098,PROD_543,1,313.64,47.05
ITEM_101805,ORD_21099,PROD_510,3,220.56,0.0
ITEM_101806,ORD_21099,PROD_516,1,91.12,9.11
ITEM_101807,ORD_21100,PROD_531,2,242.35,0.0
ITEM_101808,ORD_21101,PROD_545,2,246.78,49.36
ITEM_101809,ORD_21101,PROD_571,1,211.74,10.59
ITEM_101810,ORD_21102,PROD_553,2,123.16,0.0
ITEM_101811,ORD_21103,PROD_547,3,20.21,0.0
ITEM_101812,ORD_21103,PROD_506,1,240.11,0.0
ITEM_101813,ORD_21104,PROD_576,1,75.48,11.32
ITEM_101814,ORD_21105,PROD_511,1,295.08,0.0
ITEM_101815,ORD_21106,PROD_521,1,141.39,0.0
ITEM_101816,ORD_21107,PROD_557,1,170.75,0.0
ITEM_101817,ORD_21107,PROD_544,3,280.84,126.38
ITEM_101818,ORD_21108,PROD_539,2,250.31,0.0
ITEM_101819,ORD_21109,PROD_529,1,24.28,0.0
ITEM_101820,ORD_21110,PROD_539,1,250.31,0.0
ITEM_101821,ORD_21111,PROD_570,1,85.34,0.0
ITEM_101822,ORD_21112,PROD_566,2,250.95,0.0
ITEM_101823,ORD_21113,PROD_555,1,121.11,0.0
ITEM_101824,ORD_21114,PROD_550,2,19.6,1.96
ITEM_101825,ORD_21115,PROD_527,1,218.49,0.0
ITEM_101826,ORD_21116,PROD_571,1,211.74,0.0
ITEM_101827,ORD_21117,PROD_565,1,16.38,0.0
ITEM_101828,ORD_21118,PROD_508,1,312.13,15.61
ITEM_101829,ORD_21118,PROD_517,1,232.38,11.62
ITEM_101830,ORD_21118,PROD_554,2,309.23,0.0
ITEM_101831,ORD_21119,PROD_502,2,242.11,0.0
ITEM_101832,ORD_21119,PROD_503,2,157.89,0.0
ITEM_101833,ORD_21119,PROD_506,1,240.11,12.01
ITEM_101834,ORD_21120,PROD_572,3,144.07,0.0
ITEM_101835,ORD_21121,PROD_516,1,91.12,0.0
ITEM_101836,ORD_21121,PROD_541,1,137.54,6.88
ITEM_101837,ORD_21121,PROD_537,1,145.12,7.26
ITEM_101838,ORD_21122,PROD_557,1,170.75,0.0
ITEM_101839,ORD_21123,PROD_550,1,19.6,0.0
ITEM_101840,ORD_21123,PROD_554,1,309.23,15.46
ITEM_101841,ORD_21124,PROD_538,1,153.61,0.0
ITEM_101842,ORD_21124,PROD_547,1,20.21,0.0
ITEM_101843,ORD_21124,PROD_549,1,112.15,0.0
ITEM_101844,ORD_21124,PROD_572,2,144.07,0.0
ITEM_101845,ORD_21125,PROD_544,1,280.84,0.0
ITEM_101846,ORD_21125,PROD_525,1,227.68,11.38
ITEM_101847,ORD_21125,PROD_529,3,24.28,0.0
ITEM_101848,ORD_21126,PROD_506,1,240.11,0.0
ITEM_101849,ORD_21127,PROD_578,1,165.8,0.0
ITEM_101850,ORD_21128,PROD_523,1,104.47,0.0
ITEM_101851,ORD_21128,PROD_542,2,140.18,0.0
ITEM_101852,ORD_21129,PROD_557,1,170.75,17.07
ITEM_101853,ORD_21129,PROD_549,2,112.15,22.43
ITEM_101854,ORD_21130,PROD_569,1,274.5,0.0
ITEM_101855,ORD_21131,PROD_556,1,171.31,0.0
ITEM_101856,ORD_21132,PROD_573,1,121.95,0.0
ITEM_101857,ORD_21133,PROD_550,1,19.6,0.98
ITEM_101858,ORD_21134,PROD_532,2,272.35,0.0
ITEM_101859,ORD_21134,PROD_502,2,242.11,0.0
ITEM_101860,ORD_21134,PROD_570,1,85.34,0.0
ITEM_101861,ORD_21135,PROD_568,1,116.17,0.0
ITEM_101862,ORD_21136,PROD_551,1,148.84,14.88
ITEM_101863,ORD_21137,PROD_521,1,141.39,14.14
ITEM_101864,ORD_21138,PROD_518,2,148.06,0.0
ITEM_101865,ORD_21139,PROD_506,2,240.11,0.0
ITEM_101866,ORD_21139,PROD_501,1,199.67,9.98
ITEM_101867,ORD_21139,PROD_532,2,272.35,0.0
ITEM_101868,ORD_21139,PROD_551,1,148.84,0.0
ITEM_101869,ORD_21140,PROD_551,1,148.84,0.0
ITEM_101870,ORD_21140,PROD_531,1,242.35,0.0
ITEM_101871,ORD_21141,PROD_544,3,280.84,0.0
ITEM_101872,ORD_21141,PROD_506,1,240.11,24.01
ITEM_101873,ORD_21141,PROD_533,1,161.57,24.24
ITEM_101874,ORD_21141,PROD_553,1,123.16,0.0
ITEM_101875,ORD_21142,PROD_556,2,171.31,17.13
ITEM_101876,ORD_21143,PROD_548,1,54.38,0.0
ITEM_101877,ORD_21144,PROD_569,1,274.5,0.0
ITEM_101878,ORD_21145,PROD_556,1,171.31,25.7
ITEM_101879,ORD_21146,PROD_549,3,112.15,16.82
ITEM_101880,ORD_21146,PROD_537,1,145.12,7.26
ITEM_101881,ORD_21147,PROD_564,1,77.5,0.0
ITEM_101882,ORD_21148,PROD_519,1,236.9,23.69
ITEM_101883,ORD_21149,PROD_507,2,16.01,1.6
ITEM_101884,ORD_21150,PROD_575,1,175.82,0.0
ITEM_101885,ORD_21150,PROD_566,3,250.95,75.28
ITEM_101886,ORD_21150,PROD_564,1,77.5,7.75
ITEM_101887,ORD_21151,PROD_507,2,16.01,0.0
ITEM_101888,ORD_21152,PROD_543,1,313.64,0.0
ITEM_101889,ORD_21153,PROD_523,2,104.47,0.0
ITEM_101890,ORD_21153,PROD_534,3,46.48,13.94
ITEM_101891,ORD_21154,PROD_552,2,157.7,31.54
ITEM_101892,ORD_21154,PROD_546,2,209.69,41.94
ITEM_101893,ORD_21155,PROD_515,1,189.61,9.48
ITEM_101894,ORD_21156,PROD_572,1,144.07,0.0
ITEM_101895,ORD_21157,PROD_539,1,250.31,12.52
ITEM_101896,ORD_21157,PROD_555,1,121.11,18.17
ITEM_101897,ORD_21158,PROD_513,2,126.72,0.0
ITEM_101898,ORD_21159,PROD_501,1,199.67,0.0
ITEM_101899,ORD_21160,PROD_537,1,145.12,0.0
ITEM_101900,ORD_21161,PROD_533,1,161.57,24.24
ITEM_101901,ORD_21162,PROD_557,1,170.75,0.0
ITEM_101902,ORD_21163,PROD_531,3,242.35,109.06
ITEM_101903,ORD_21164,PROD_537,1,145.12,0.0
ITEM_101904,ORD_21164,PROD_573,1,121.95,0.0
ITEM_101905,ORD_21164,PROD_552,1,157.7,0.0
ITEM_101906,ORD_21165,PROD_578,2,165.8,0.0
ITEM_101907,ORD_21165,PROD_532,1,272.35,27.24
ITEM_101908,ORD_21166,PROD_511,1,295.08,14.75
ITEM_101909,ORD_21166,PROD_504,1,130.74,0.0
ITEM_101910,ORD_21167,PROD_537,1,145.12,7.26
ITEM_101911,ORD_21167,PROD_573,2,121.95,12.2
ITEM_101912,ORD_21168,PROD_562,1,225.46,0.0
ITEM_101913,ORD_21169,PROD_579,1,221.42,0.0
ITEM_101914,ORD_21169,PROD_551,2,148.84,0.0
ITEM_101915,ORD_21169,PROD_574,1,250.97,0.0
ITEM_101916,ORD_21170,PROD_580,1,221.1,11.05
ITEM_101917,ORD_21170,PROD_523,1,104.47,0.0
ITEM_101918,ORD_21170,PROD_553,1,123.16,6.16
ITEM_101919,ORD_21171,PROD_520,1,74.25,3.71
ITEM_101920,ORD_21171,PROD_523,1,104.47,0.0
ITEM_101921,ORD_21172,PROD_543,1,313.64,0.0
ITEM_101922,ORD_21173,PROD_564,2,77.5,7.75
ITEM_101923,ORD_21174,PROD_559,1,149.13,0.0
ITEM_101924,ORD_21174,PROD_542,2,140.18,0.0
ITEM_101925,ORD_21175,PROD_531,1,242.35,0.0
ITEM_101926,ORD_21176,PROD_539,1,250.31,0.0
ITEM_101927,ORD_21177,PROD_502,1,242.11,0.0
ITEM_101928,ORD_21177,PROD_522,1,209.52,0.0
ITEM_101929,ORD_21178,PROD_549,1,112.15,0.0
ITEM_101930,ORD_21179,PROD_539,2,250.31,50.06
ITEM_101931,ORD_21179,PROD_548,1,54.38,0.0
ITEM_101932,ORD_21179,PROD_513,1,126.72,0.0
ITEM_101933,ORD_21179,PROD_565,2,16.38,0.0
ITEM_101934,ORD_21180,PROD_569,2,274.5,0.0
ITEM_101935,ORD_21181,PROD_505,1,64.22,0.0
ITEM_101936,ORD_21181,PROD_542,1,140.18,14.02
ITEM_101937,ORD_21182,PROD_528,1,17.95,0.0
ITEM_101938,ORD_21182,PROD_512,1,151.42,0.0
ITEM_101939,ORD_21183,PROD_513,2,126.72,0.0
ITEM_101940,ORD_21184,PROD_570,1,85.34,0.0
ITEM_101941,ORD_21185,PROD_536,2,242.17,0.0
ITEM_101942,ORD_21186,PROD_504,1,130.74,0.0
ITEM_101943,ORD_21186,PROD_567,1,103.84,0.0
ITEM_101944,ORD_21187,PROD_567,1,103.84,0.0
ITEM_101945,ORD_21188,PROD_519,1,236.9,11.85
ITEM_101946,ORD_21189,PROD_575,1,175.82,0.0
ITEM_101947,ORD_21190,PROD_537,1,145.12,0.0
ITEM_101948,ORD_21190,PROD_546,2,209.69,0.0
ITEM_101949,ORD_21190,PROD_554,1,309.23,0.0
ITEM_101950,ORD_21190,PROD_556,1,171.31,0.0
ITEM_101951,ORD_21191,PROD_515,2,189.61,0.0
ITEM_101952,ORD_21191,PROD_522,1,209.52,20.95
ITEM_101953,ORD_21192,PROD_572,1,144.07,0.0
ITEM_101954,ORD_21193,PROD_518,1,148.06,0.0
ITEM_101955,ORD_21194,PROD_576,1,75.48,0.0
ITEM_101956,ORD_21194,PROD_548,1,54.38,0.0
ITEM_101957,ORD_21195,PROD_552,1,157.7,0.0
ITEM_101958,ORD_21196,PROD_542,1,140.18,0.0
ITEM_101959,ORD_21197,PROD_566,1,250.95,0.0
ITEM_101960,ORD_21198,PROD_507,1,16.01,0.0
ITEM_101961,ORD_21199,PROD_502,1,242.11,0.0
ITEM_101962,ORD_21199,PROD_541,1,137.54,13.75
ITEM_101963,ORD_21200,PROD_547,2,20.21,0.0
ITEM_101964,ORD_21200,PROD_528,2,17.95,0.0
ITEM_101965,ORD_21201,PROD_542,1,140.18,0.0
ITEM_101966,ORD_21201,PROD_509,1,213.9,0.0
ITEM_101967,ORD_21201,PROD_548,3,54.38,8.16
ITEM_101968,ORD_21202,PROD_542,1,140.18,21.03
ITEM_101969,ORD_21203,PROD_559,1,149.13,0.0
ITEM_101970,ORD_21203,PROD_579,1,221.42,22.14
ITEM_101971,ORD_21204,PROD_568,1,116.17,0.0
ITEM_101972,ORD_21204,PROD_555,1,121.11,0.0
ITEM_101973,ORD_21204,PROD_521,1,141.39,0.0
ITEM_101974,ORD_21205,PROD_514,2,255.83,0.0
ITEM_101975,ORD_21205,PROD_522,1,209.52,31.43
ITEM_101976,ORD_21205,PROD_520,1,74.25,3.71
ITEM_101977,ORD_21206,PROD_541,1,137.54,13.75
ITEM_101978,ORD_21207,PROD_508,1,312.13,15.61
ITEM_101979,ORD_21207,PROD_566,1,250.95,12.55
ITEM_101980,ORD_21207,PROD_528,1,17.95,0.9
ITEM_101981,ORD_21208,PROD_525,1,227.68,11.38
ITEM_101982,ORD_21209,PROD_503,1,157.89,15.79
ITEM_101983,ORD_21209,PROD_535,2,36.04,0.0
ITEM_101984,ORD_21209,PROD_561,1,375.16,0.0
ITEM_101985,ORD_21210,PROD_520,1,74.25,7.43
ITEM_101986,ORD_21211,PROD_516,1,91.12,4.56
ITEM_101987,ORD_21212,PROD_561,1,375.16,0.0
ITEM_101988,ORD_21213,PROD_549,1,112.15,0.0
ITEM_101989,ORD_21213,PROD_558,1,152.68,0.0
ITEM_101990,ORD_21214,PROD_541,2,137.54,0.0
ITEM_101991,ORD_21215,PROD_540,2,48.42,0.0
ITEM_101992,ORD_21215,PROD_574,1,250.97,0.0
ITEM_101993,ORD_21216,PROD_566,1,250.95,0.0
ITEM_101994,ORD_21217,PROD_510,1,220.56,11.03
ITEM_101995,ORD_21217,PROD_579,1,221.42,0.0
ITEM_101996,ORD_21218,PROD_525,1,227.68,0.0
ITEM_101997,ORD_21219,PROD_547,1,20.21,0.0
ITEM_101998,ORD_21220,PROD_508,1,312.13,0.0
ITEM_101999,ORD_21220,PROD_529,1,24.28,0.0
ITEM_102000,ORD_21221,PROD_567,1,103.84,0.0
ITEM_102001,ORD_21222,PROD_524,1,116.66,0.0
ITEM_102002,ORD_21223,PROD_508,1,312.13,0.0
ITEM_102003,ORD_21224,PROD_533,2,161.57,0.0
ITEM_102004,ORD_21225,PROD_551,1,148.84,14.88
ITEM_102005,ORD_21225,PROD_525,2,227.68,0.0
ITEM_102006,ORD_21226,PROD_579,1,221.42,0.0
ITEM_102007,ORD_21226,PROD_551,2,148.84,0.0
ITEM_102008,ORD_21226,PROD_516,2,91.12,0.0
ITEM_102009,ORD_21227,PROD_550,1,19.6,0.0
ITEM_102010,ORD_21228,PROD_563,1,317.9,0.0
ITEM_102011,ORD_21229,PROD_517,2,232.38,0.0
ITEM_102012,ORD_21229,PROD_557,1,170.75,17.07
ITEM_102013,ORD_21230,PROD_522,1,209.52,0.0
ITEM_102014,ORD_21231,PROD_528,1,17.95,0.0
ITEM_102015,ORD_21231,PROD_558,1,152.68,7.63
ITEM_102016,ORD_21231,PROD_531,1,242.35,0.0
ITEM_102017,ORD_21232,PROD_525,1,227.68,0.0
ITEM_102018,ORD_21233,PROD_557,1,170.75,8.54
ITEM_102019,ORD_21233,PROD_561,1,375.16,0.0
ITEM_102020,ORD_21233,PROD_506,1,240.11,24.01
ITEM_102021,ORD_21234,PROD_527,1,218.49,0.0
ITEM_102022,ORD_21234,PROD_545,1,246.78,0.0
ITEM_102023,ORD_21234,PROD_505,1,64.22,0.0
ITEM_102024,ORD_21234,PROD_565,1,16.38,0.0
ITEM_102025,ORD_21235,PROD_574,1,250.97,0.0
ITEM_102026,ORD_21235,PROD_505,2,64.22,0.0
ITEM_102027,ORD_21236,PROD_512,1,151.42,0.0
ITEM_102028,ORD_21236,PROD_514,2,255.83,51.17
ITEM_102029,ORD_21237,PROD_576,1,75.48,0.0
ITEM_102030,ORD_21237,PROD_516,2,91.12,9.11
ITEM_102031,ORD_21238,PROD_568,1,116.17,0.0
ITEM_102032,ORD_21239,PROD_527,1,218.49,0.0
ITEM_102033,ORD_21239,PROD_576,1,75.48,0.0
ITEM_102034,ORD_21239,PROD_507,1,16.01,0.0
ITEM_102035,ORD_21240,PROD_518,1,148.06,0.0
ITEM_102036,ORD_21240,PROD_552,2,157.7,47.31
ITEM_102037,ORD_21241,PROD_552,1,157.7,0.0
ITEM_102038,ORD_21242,PROD_543,1,313.64,0.0
ITEM_102039,ORD_21242,PROD_555,2,121.11,0.0
ITEM_102040,ORD_21242,PROD_525,1,227.68,22.77
ITEM_102041,ORD_21243,PROD_559,1,149.13,0.0
ITEM_102042,ORD_21244,PROD_506,1,240.11,0.0
ITEM_102043,ORD_21245,PROD_519,2,236.9,47.38
ITEM_102044,ORD_21246,PROD_578,1,165.8,0.0
ITEM_102045,ORD_21247,PROD_565,1,16.38,1.64
ITEM_102046,ORD_21248,PROD_571,1,211.74,0.0
ITEM_102047,ORD_21249,PROD_577,2,71.78,0.0
ITEM_102048,ORD_21249,PROD_505,1,64.22,6.42
ITEM_102049,ORD_21250,PROD_563,1,317.9,15.89
ITEM_102050,ORD_21250,PROD_580,1,221.1,11.05
ITEM_102051,ORD_21251,PROD_576,1,75.48,0.0
ITEM_102052,ORD_21252,PROD_528,2,17.95,0.0
ITEM_102053,ORD_21252,PROD_502,1,242.11,24.21
ITEM_102054,ORD_21252,PROD_568,1,116.17,5.81
ITEM_102055,ORD_21253,PROD_504,1,130.74,6.54
ITEM_102056,ORD_21254,PROD_542,1,140.18,0.0
ITEM_102057,ORD_21254,PROD_533,2,161.57,0.0
ITEM_102058,ORD_21254,PROD_571,1,211.74,0.0
ITEM_102059,ORD_21255,PROD_520,1,74.25,0.0
ITEM_102060,ORD_21256,PROD_510,1,220.56,0.0
ITEM_102061,ORD_21256,PROD_549,1,112.15,16.82
ITEM_102062,ORD_21257,PROD_530,1,142.79,0.0
ITEM_102063,ORD_21257,PROD_549,1,112.15,0.0
ITEM_102064,ORD_21257,PROD_558,1,152.68,0.0
ITEM_102065,ORD_21258,PROD_574,1,250.97,37.65
ITEM_102066,ORD_21259,PROD_548,1,54.38,0.0
ITEM_102067,ORD_21259,PROD_504,1,130.74,0.0
ITEM_102068,ORD_21260,PROD_545,1,246.78,24.68
ITEM_102069,ORD_21260,PROD_580,2,221.1,0.0
ITEM_102070,ORD_21260,PROD_563,1,317.9,0.0
ITEM_102071,ORD_21261,PROD_527,2,218.49,21.85
ITEM_102072,ORD_21262,PROD_577,1,71.78,0.0
ITEM_102073,ORD_21262,PROD_565,1,16.38,0.82
ITEM_102074,ORD_21262,PROD_542,1,140.18,0.0
ITEM_102075,ORD_21263,PROD_544,1,280.84,14.04
ITEM_102076,ORD_21264,PROD_527,1,218.49,0.0
ITEM_102077,ORD_21265,PROD_518,1,148.06,0.0
ITEM_102078,ORD_21266,PROD_541,1,137.54,13.75
ITEM_102079,ORD_21266,PROD_576,1,75.48,0.0
ITEM_102080,ORD_21267,PROD_538,1,153.61,23.04
ITEM_102081,ORD_21268,PROD_573,1,121.95,0.0
ITEM_102082,ORD_21268,PROD_524,1,116.66,0.0
ITEM_102083,ORD_21268,PROD_568,2,116.17,34.85
ITEM_102084,ORD_21269,PROD_514,2,255.83,25.58
ITEM_102085,ORD_21269,PROD_566,1,250.95,12.55
ITEM_102086,ORD_21269,PROD_521,1,141.39,0.0
ITEM_102087,ORD_21270,PROD_537,1,145.12,0.0
ITEM_102088,ORD_21270,PROD_552,1,157.7,0.0
ITEM_102089,ORD_21271,PROD_525,3,227.68,0.0
ITEM_102090,ORD_21272,PROD_536,1,242.17,0.0
ITEM_102091,ORD_21272,PROD_505,2,64.22,0.0
ITEM_102092,ORD_21273,PROD_559,2,149.13,29.83
ITEM_102093,ORD_21273,PROD_564,1,77.5,3.88
ITEM_102094,ORD_21273,PROD_575,1,175.82,8.79
ITEM_102095,ORD_21274,PROD_568,1,116.17,0.0
ITEM_102096,ORD_21274,PROD_534,1,46.48,0.0
ITEM_102097,ORD_21274,PROD_576,1,75.48,3.77
ITEM_102098,ORD_21274,PROD_535,1,36.04,3.6
ITEM_102099,ORD_21275,PROD_577,2,71.78,0.0
ITEM_102100,ORD_21275,PROD_562,1,225.46,0.0
ITEM_102101,ORD_21275,PROD_559,1,149.13,0.0
ITEM_102102,ORD_21276,PROD_524,1,116.66,0.0
ITEM_102103,ORD_21276,PROD_547,1,20.21,0.0
ITEM_102104,ORD_21276,PROD_522,1,209.52,0.0
ITEM_102105,ORD_21277,PROD_530,1,142.79,0.0
ITEM_102106,ORD_21278,PROD_545,1,246.78,0.0
ITEM_102107,ORD_21279,PROD_555,2,121.11,0.0
ITEM_102108,ORD_21279,PROD_556,1,171.31,17.13
ITEM_102109,ORD_21279,PROD_545,1,246.78,0.0
ITEM_102110,ORD_21280,PROD_566,2,250.95,0.0
ITEM_102111,ORD_21281,PROD_526,1,212.22,0.0
ITEM_102112,ORD_21282,PROD_560,2,88.9,0.0
ITEM_102113,ORD_21283,PROD_554,1,309.23,0.0
ITEM_102114,ORD_21283,PROD_569,1,274.5,0.0
ITEM_102115,ORD_21284,PROD_514,3,255.83,0.0
ITEM_102116,ORD_21284,PROD_523,2,104.47,0.0
ITEM_102117,ORD_21285,PROD_574,2,250.97,0.0
ITEM_102118,ORD_21286,PROD_571,1,211.74,0.0
ITEM_102119,ORD_21287,PROD_532,1,272.35,0.0
ITEM_102120,ORD_21288,PROD_518,2,148.06,0.0
ITEM_102121,ORD_21288,PROD_568,1,116.17,0.0
ITEM_102122,ORD_21288,PROD_527,2,218.49,21.85
ITEM_102123,ORD_21289,PROD_506,3,240.11,72.03
ITEM_102124,ORD_21290,PROD_531,1,242.35,0.0
ITEM_102125,ORD_21290,PROD_523,2,104.47,10.45
ITEM_102126,ORD_21290,PROD_553,2,123.16,0.0
ITEM_102127,ORD_21290,PROD_511,2,295.08,0.0
ITEM_102128,ORD_21291,PROD_575,2,175.82,0.0
ITEM_102129,ORD_21291,PROD_511,1,295.08,0.0
ITEM_102130,ORD_21292,PROD_537,1,145.12,0.0
ITEM_102131,ORD_21293,PROD_563,1,317.9,0.0
ITEM_102132,ORD_21293,PROD_543,1,313.64,47.05
ITEM_102133,ORD_21294,PROD_537,1,145.12,0.0
ITEM_102134,ORD_21294,PROD_562,1,225.46,0.0
ITEM_102135,ORD_21295,PROD_515,1,189.61,0.0
ITEM_102136,ORD_21295,PROD_560,1,88.9,0.0
ITEM_102137,ORD_21295,PROD_529,1,24.28,0.0
ITEM_102138,ORD_21296,PROD_540,1,48.42,0.0
ITEM_102139,ORD_21297,PROD_575,1,175.82,0.0
ITEM_102140,ORD_21297,PROD_541,2,137.54,0.0
ITEM_102141,ORD_21297,PROD_558,1,152.68,0.0
ITEM_102142,ORD_21298,PROD_566,1,250.95,0.0
ITEM_102143,ORD_21299,PROD_513,1,126.72,0.0
ITEM_102144,ORD_21300,PROD_563,3,317.9,0.0
ITEM_102145,ORD_21301,PROD_550,3,19.6,5.88
ITEM_102146,ORD_21301,PROD_513,1,126.72,0.0
ITEM_102147,ORD_21301,PROD_558,1,152.68,0.0
ITEM_102148,ORD_21302,PROD_572,1,144.07,14.41
ITEM_102149,ORD_21302,PROD_523,2,104.47,20.89
ITEM_102150,ORD_21302,PROD_547,1,20.21,2.02
ITEM_102151,ORD_21302,PROD_569,1,274.5,27.45
ITEM_102152,ORD_21303,PROD_532,1,272.35,0.0
ITEM_102153,ORD_21304,PROD_572,1,144.07,0.0
ITEM_102154,ORD_21305,PROD_541,1,137.54,0.0
ITEM_102155,ORD_21305,PROD_554,1,309.23,0.0
ITEM_102156,ORD_21305,PROD_525,1,227.68,22.77
ITEM_102157,ORD_21306,PROD_505,1,64.22,9.63
ITEM_102158,ORD_21306,PROD_570,3,85.34,0.0
ITEM_102159,ORD_21306,PROD_502,1,242.11,0.0
ITEM_102160,ORD_21306,PROD_516,1,91.12,0.0
ITEM_102161,ORD_21307,PROD_576,1,75.48,0.0
ITEM_102162,ORD_21307,PROD_563,1,317.9,0.0
ITEM_102163,ORD_21307,PROD_514,1,255.83,0.0
ITEM_102164,ORD_21308,PROD_549,1,112.15,5.61
ITEM_102165,ORD_21308,PROD_574,2,250.97,0.0
ITEM_102166,ORD_21309,PROD_502,1,242.11,0.0
ITEM_102167,ORD_21310,PROD_533,1,161.57,0.0
ITEM_102168,ORD_21311,PROD_564,1,77.5,0.0
ITEM_102169,ORD_21311,PROD_530,1,142.79,0.0
ITEM_102170,ORD_21312,PROD_536,1,242.17,36.33
ITEM_102171,ORD_21312,PROD_505,1,64.22,0.0
ITEM_102172,ORD_21312,PROD_548,1,54.38,0.0
ITEM_102173,ORD_21313,PROD_539,1,250.31,0.0
ITEM_102174,ORD_21314,PROD_576,2,75.48,7.55
ITEM_102175,ORD_21315,PROD_554,1,309.23,30.92
ITEM_102176,ORD_21316,PROD_564,2,77.5,0.0
ITEM_102177,ORD_21316,PROD_565,1,16.38,0.0
ITEM_102178,ORD_21317,PROD_552,3,157.7,47.31
ITEM_102179,ORD_21317,PROD_509,1,213.9,32.09
ITEM_102180,ORD_21318,PROD_566,1,250.95,0.0
ITEM_102181,ORD_21318,PROD_564,1,77.5,0.0
ITEM_102182,ORD_21319,PROD_516,1,91.12,9.11
ITEM_102183,ORD_21319,PROD_507,1,16.01,0.0
ITEM_102184,ORD_21319,PROD_565,1,16.38,1.64
ITEM_102185,ORD_21319,PROD_546,2,209.69,41.94
ITEM_102186,ORD_21320,PROD_531,2,242.35,48.47
ITEM_102187,ORD_21320,PROD_514,1,255.83,0.0
ITEM_102188,ORD_21321,PROD_578,2,165.8,0.0
ITEM_102189,ORD_21322,PROD_566,1,250.95,0.0
ITEM_102190,ORD_21322,PROD_570,1,85.34,0.0
ITEM_102191,ORD_21322,PROD_574,1,250.97,0.0
ITEM_102192,ORD_21323,PROD_571,1,211.74,0.0
ITEM_102193,ORD_21323,PROD_554,1,309.23,0.0
ITEM_102194,ORD_21323,PROD_550,1,19.6,1.96
ITEM_102195,ORD_21323,PROD_580,1,221.1,0.0
ITEM_102196,ORD_21324,PROD_516,1,91.12,0.0
ITEM_102197,ORD_21325,PROD_551,2,148.84,29.77
ITEM_102198,ORD_21325,PROD_568,1,116.17,0.0
ITEM_102199,ORD_21326,PROD_529,1,24.28,0.0
ITEM_102200,ORD_21327,PROD_547,1,20.21,0.0
ITEM_102201,ORD_21328,PROD_535,1,36.04,0.0
ITEM_102202,ORD_21328,PROD_510,3,220.56,0.0
ITEM_102203,ORD_21328,PROD_529,1,24.28,2.43
ITEM_102204,ORD_21329,PROD_559,1,149.13,0.0
ITEM_102205,ORD_21329,PROD_554,1,309.23,0.0
ITEM_102206,ORD_21330,PROD_509,1,213.9,10.7
ITEM_102207,ORD_21331,PROD_531,1,242.35,12.12
ITEM_102208,ORD_21332,PROD_527,1,218.49,0.0
ITEM_102209,ORD_21332,PROD_532,1,272.35,0.0
ITEM_102210,ORD_21333,PROD_564,2,77.5,0.0
ITEM_102211,ORD_21333,PROD_539,1,250.31,0.0
ITEM_102212,ORD_21334,PROD_518,2,148.06,0.0
ITEM_102213,ORD_21335,PROD_545,1,246.78,0.0
ITEM_102214,ORD_21336,PROD_516,3,91.12,0.0
ITEM_102215,ORD_21337,PROD_540,1,48.42,0.0
ITEM_102216,ORD_21337,PROD_524,2,116.66,11.67
ITEM_102217,ORD_21337,PROD_548,1,54.38,0.0
ITEM_102218,ORD_21337,PROD_552,1,157.7,0.0
ITEM_102219,ORD_21338,PROD_536,1,242.17,24.22
ITEM_102220,ORD_21339,PROD_555,1,121.11,0.0
ITEM_102221,ORD_21340,PROD_528,2,17.95,0.0
ITEM_102222,ORD_21340,PROD_531,1,242.35,24.23
ITEM_102223,ORD_21340,PROD_512,1,151.42,15.14
ITEM_102224,ORD_21340,PROD_563,2,317.9,0.0
ITEM_102225,ORD_21341,PROD_537,1,145.12,14.51
ITEM_102226,ORD_21342,PROD_542,1,140.18,0.0
ITEM_102227,ORD_21343,PROD_564,1,77.5,11.62
ITEM_102228,ORD_21344,PROD_512,1,151.42,0.0
ITEM_102229,ORD_21344,PROD_564,2,77.5,0.0
ITEM_102230,ORD_21344,PROD_508,1,312.13,0.0
ITEM_102231,ORD_21345,PROD_523,2,104.47,0.0
ITEM_102232,ORD_21345,PROD_546,1,209.69,10.48
ITEM_102233,ORD_21346,PROD_528,1,17.95,0.0
ITEM_102234,ORD_21347,PROD_577,1,71.78,7.18
ITEM_102235,ORD_21347,PROD_522,1,209.52,0.0
ITEM_102236,ORD_21348,PROD_580,1,221.1,0.0
ITEM_102237,ORD_21349,PROD_539,1,250.31,0.0
ITEM_102238,ORD_21350,PROD_515,1,189.61,0.0
ITEM_102239,ORD_21351,PROD_537,1,145.12,0.0
ITEM_102240,ORD_21352,PROD_543,1,313.64,0.0
ITEM_102241,ORD_21353,PROD_567,2,103.84,0.0
ITEM_102242,ORD_21353,PROD_538,1,153.61,0.0
ITEM_102243,ORD_21353,PROD_540,1,48.42,0.0
ITEM_102244,ORD_21354,PROD_557,1,170.75,0.0
ITEM_102245,ORD_21355,PROD_564,1,77.5,0.0
ITEM_102246,ORD_21356,PROD_545,2,246.78,0.0
ITEM_102247,ORD_21356,PROD_557,1,170.75,0.0
ITEM_102248,ORD_21356,PROD_564,1,77.5,0.0
ITEM_102249,ORD_21356,PROD_554,1,309.23,0.0
ITEM_102250,ORD_21357,PROD_576,1,75.48,7.55
ITEM_102251,ORD_21358,PROD_580,1,221.1,0.0
ITEM_102252,ORD_21358,PROD_557,3,170.75,25.61
ITEM_102253,ORD_21358,PROD_552,1,157.7,23.65
ITEM_102254,ORD_21359,PROD_514,2,255.83,0.0
ITEM_102255,ORD_21360,PROD_548,1,54.38,0.0
ITEM_102256,ORD_21361,PROD_533,1,161.57,0.0
ITEM_102257,ORD_21362,PROD_555,2,121.11,0.0
ITEM_102258,ORD_21362,PROD_551,1,148.84,0.0
ITEM_102259,ORD_21363,PROD_510,1,220.56,0.0
ITEM_102260,ORD_21363,PROD_541,1,137.54,0.0
ITEM_102261,ORD_21363,PROD_519,1,236.9,0.0
ITEM_102262,ORD_21364,PROD_502,1,242.11,0.0
ITEM_102263,ORD_21364,PROD_540,1,48.42,2.42
ITEM_102264,ORD_21364,PROD_577,1,71.78,0.0
ITEM_102265,ORD_21365,PROD_516,2,91.12,9.11
ITEM_102266,ORD_21366,PROD_514,1,255.83,12.79
ITEM_102267,ORD_21366,PROD_523,2,104.47,0.0
ITEM_102268,ORD_21367,PROD_509,3,213.9,0.0
ITEM_102269,ORD_21368,PROD_537,2,145.12,0.0
ITEM_102270,ORD_21368,PROD_540,1,48.42,4.84
ITEM_102271,ORD_21369,PROD_511,1,295.08,0.0
ITEM_102272,ORD_21369,PROD_516,2,91.12,0.0
ITEM_102273,ORD_21370,PROD_534,1,46.48,4.65
ITEM_102274,ORD_21371,PROD_519,1,236.9,0.0
ITEM_102275,ORD_21372,PROD_518,2,148.06,0.0
ITEM_102276,ORD_21372,PROD_555,1,121.11,0.0
ITEM_102277,ORD_21373,PROD_561,2,375.16,37.52
ITEM_102278,ORD_21373,PROD_566,1,250.95,12.55
ITEM_102279,ORD_21374,PROD_528,1,17.95,1.79
ITEM_102280,ORD_21375,PROD_556,2,171.31,0.0
ITEM_102281,ORD_21375,PROD_568,1,116.17,0.0
ITEM_102282,ORD_21375,PROD_570,1,85.34,0.0
ITEM_102283,ORD_21375,PROD_558,1,152.68,0.0
ITEM_102284,ORD_21376,PROD_521,1,141.39,0.0
ITEM_102285,ORD_21376,PROD_551,1,148.84,0.0
ITEM_102286,ORD_21376,PROD_548,1,54.38,0.0
ITEM_102287,ORD_21376,PROD_507,2,16.01,1.6
ITEM_102288,ORD_21377,PROD_506,1,240.11,0.0
ITEM_102289,ORD_21377,PROD_550,2,19.6,0.0
ITEM_102290,ORD_21378,PROD_512,1,151.42,0.0
ITEM_102291,ORD_21379,PROD_575,1,175.82,0.0
ITEM_102292,ORD_21380,PROD_536,3,242.17,0.0
ITEM_102293,ORD_21380,PROD_542,1,140.18,0.0
ITEM_102294,ORD_21381,PROD_545,1,246.78,12.34
ITEM_102295,ORD_21381,PROD_532,3,272.35,40.85
ITEM_102296,ORD_21382,PROD_529,1,24.28,0.0
ITEM_102297,ORD_21383,PROD_520,1,74.25,0.0
ITEM_102298,ORD_21384,PROD_560,1,88.9,0.0
ITEM_102299,ORD_21384,PROD_579,1,221.42,0.0
ITEM_102300,ORD_21385,PROD_577,2,71.78,0.0
ITEM_102301,ORD_21385,PROD_532,1,272.35,13.62
ITEM_102302,ORD_21385,PROD_571,1,211.74,0.0
ITEM_102303,ORD_21385,PROD_525,1,227.68,11.38
ITEM_102304,ORD_21386,PROD_545,1,246.78,0.0
ITEM_102305,ORD_21387,PROD_555,1,121.11,0.0
ITEM_102306,ORD_21387,PROD_503,1,157.89,0.0
ITEM_102307,ORD_21388,PROD_532,1,272.35,0.0
ITEM_102308,ORD_21388,PROD_522,1,209.52,0.0
ITEM_102309,ORD_21388,PROD_549,1,112.15,0.0
ITEM_102310,ORD_21388,PROD_516,1,91.12,0.0
ITEM_102311,ORD_21389,PROD_532,1,272.35,0.0
ITEM_102312,ORD_21390,PROD_506,1,240.11,0.0
ITEM_102313,ORD_21390,PROD_553,2,123.16,0.0
ITEM_102314,ORD_21390,PROD_549,1,112.15,5.61
ITEM_102315,ORD_21390,PROD_501,1,199.67,0.0
ITEM_102316,ORD_21391,PROD_510,1,220.56,0.0
ITEM_102317,ORD_21392,PROD_562,1,225.46,0.0
ITEM_102318,ORD_21393,PROD_542,1,140.18,7.01
ITEM_102319,ORD_21394,PROD_561,2,375.16,0.0
ITEM_102320,ORD_21394,PROD_557,1,170.75,0.0
ITEM_102321,ORD_21394,PROD_556,1,171.31,8.57
ITEM_102322,ORD_21394,PROD_519,2,236.9,71.07
ITEM_102323,ORD_21395,PROD_540,1,48.42,0.0
ITEM_102324,ORD_21396,PROD_567,1,103.84,0.0
ITEM_102325,ORD_21397,PROD_523,1,104.47,0.0
ITEM_102326,ORD_21397,PROD_580,1,221.1,0.0
ITEM_102327,ORD_21398,PROD_513,1,126.72,0.0
ITEM_102328,ORD_21398,PROD_523,1,104.47,0.0
ITEM_102329,ORD_21399,PROD_505,1,64.22,3.21
ITEM_102330,ORD_21400,PROD_546,1,209.69,10.48
ITEM_102331,ORD_21401,PROD_510,1,220.56,0.0
ITEM_102332,ORD_21402,PROD_504,1,130.74,0.0
ITEM_102333,ORD_21402,PROD_545,1,246.78,24.68
ITEM_102334,ORD_21403,PROD_555,1,121.11,0.0
ITEM_102335,ORD_21404,PROD_577,3,71.78,21.53
ITEM_102336,ORD_21404,PROD_517,1,232.38,0.0
ITEM_102337,ORD_21404,PROD_503,1,157.89,0.0
ITEM_102338,ORD_21405,PROD_569,1,274.5,0.0
ITEM_102339,ORD_21405,PROD_517,1,232.38,0.0
ITEM_102340,ORD_21406,PROD_566,1,250.95,0.0
ITEM_102341,ORD_21406,PROD_546,3,209.69,0.0
ITEM_102342,ORD_21407,PROD_513,1,126.72,6.34
ITEM_102343,ORD_21408,PROD_532,1,272.35,0.0
ITEM_102344,ORD_21409,PROD_567,1,103.84,0.0
ITEM_102345,ORD_21410,PROD_502,1,242.11,0.0
ITEM_102346,ORD_21411,PROD_508,3,312.13,0.0
ITEM_102347,ORD_21411,PROD_577,2,71.78,0.0
ITEM_102348,ORD_21412,PROD_545,1,246.78,0.0
ITEM_102349,ORD_21412,PROD_534,2,46.48,0.0
ITEM_102350,ORD_21413,PROD_535,1,36.04,3.6
ITEM_102351,ORD_21414,PROD_566,1,250.95,0.0
ITEM_102352,ORD_21415,PROD_579,1,221.42,0.0
ITEM_102353,ORD_21416,PROD_552,1,157.7,0.0
ITEM_102354,ORD_21417,PROD_523,1,104.47,10.45
ITEM_102355,ORD_21417,PROD_565,1,16.38,0.0
ITEM_102356,ORD_21417,PROD_545,2,246.78,0.0
ITEM_102357,ORD_21418,PROD_556,1,171.31,8.57
ITEM_102358,ORD_21418,PROD_543,1,313.64,0.0
ITEM_102359,ORD_21419,PROD_578,1,165.8,8.29
ITEM_102360,ORD_21419,PROD_512,1,151.42,7.57
ITEM_102361,ORD_21420,PROD_514,1,255.83,0.0
ITEM_102362,ORD_21421,PROD_519,1,236.9,0.0
ITEM_102363,ORD_21422,PROD_536,1,242.17,12.11
ITEM_102364,ORD_21423,PROD_571,1,211.74,0.0
ITEM_102365,ORD_21423,PROD_522,1,209.52,0.0
ITEM_102366,ORD_21424,PROD_536,2,242.17,48.43
ITEM_102367,ORD_21424,PROD_516,1,91.12,0.0
ITEM_102368,ORD_21424,PROD_555,2,121.11,0.0
ITEM_102369,ORD_21425,PROD_537,1,145.12,0.0
ITEM_102370,ORD_21425,PROD_575,1,175.82,0.0
ITEM_102371,ORD_21426,PROD_504,1,130.74,0.0
ITEM_102372,ORD_21427,PROD_550,1,19.6,0.0
ITEM_102373,ORD_21428,PROD_519,1,236.9,0.0
ITEM_102374,ORD_21429,PROD_570,1,85.34,0.0
ITEM_102375,ORD_21429,PROD_523,1,104.47,0.0
ITEM_102376,ORD_21430,PROD_502,3,242.11,0.0
ITEM_102377,ORD_21430,PROD_501,1,199.67,19.97
ITEM_102378,ORD_21431,PROD_539,1,250.31,0.0
ITEM_102379,ORD_21431,PROD_570,1,85.34,0.0
ITEM_102380,ORD_21432,PROD_524,1,116.66,5.83
ITEM_102381,ORD_21432,PROD_513,1,126.72,0.0
ITEM_102382,ORD_21433,PROD_573,1,121.95,0.0
ITEM_102383,ORD_21434,PROD_552,1,157.7,0.0
ITEM_102384,ORD_21435,PROD_527,1,218.49,0.0
ITEM_102385,ORD_21435,PROD_580,3,221.1,0.0
ITEM_102386,ORD_21436,PROD_537,1,145.12,0.0
ITEM_102387,ORD_21437,PROD_532,1,272.35,13.62
ITEM_102388,ORD_21438,PROD_542,1,140.18,0.0
ITEM_102389,ORD_21438,PROD_545,1,246.78,0.0
ITEM_102390,ORD_21439,PROD_502,1,242.11,0.0
ITEM_102391,ORD_21440,PROD_578,1,165.8,8.29
ITEM_102392,ORD_21441,PROD_509,1,213.9,0.0
ITEM_102393,ORD_21441,PROD_535,1,36.04,0.0
ITEM_102394,ORD_21442,PROD_560,1,88.9,0.0
ITEM_102395,ORD_21442,PROD_516,1,91.12,4.56
ITEM_102396,ORD_21443,PROD_519,1,236.9,0.0
ITEM_102397,ORD_21443,PROD_573,1,121.95,0.0
ITEM_102398,ORD_21443,PROD_501,1,199.67,0.0
ITEM_102399,ORD_21443,PROD_540,2,48.42,4.84
ITEM_102400,ORD_21444,PROD_503,1,157.89,0.0
ITEM_102401,ORD_21445,PROD_515,2,189.61,0.0
ITEM_102402,ORD_21446,PROD_541,2,137.54,13.75
ITEM_102403,ORD_21447,PROD_508,1,312.13,0.0
ITEM_102404,ORD_21448,PROD_548,1,54.38,2.72
ITEM_102405,ORD_21449,PROD_538,1,153.61,0.0
ITEM_102406,ORD_21449,PROD_514,3,255.83,0.0
ITEM_102407,ORD_21449,PROD_567,1,103.84,0.0
ITEM_102408,ORD_21450,PROD_527,1,218.49,0.0
ITEM_102409,ORD_21450,PROD_507,2,16.01,0.0
ITEM_102410,ORD_21450,PROD_539,1,250.31,0.0
ITEM_102411,ORD_21450,PROD_532,1,272.35,0.0
ITEM_102412,ORD_21451,PROD_555,1,121.11,0.0
ITEM_102413,ORD_21452,PROD_515,1,189.61,0.0
ITEM_102414,ORD_21453,PROD_565,1,16.38,0.0
ITEM_102415,ORD_21453,PROD_501,1,199.67,19.97
ITEM_102416,ORD_21454,PROD_573,1,121.95,6.1
ITEM_102417,ORD_21454,PROD_520,1,74.25,0.0
ITEM_102418,ORD_21455,PROD_534,2,46.48,0.0
ITEM_102419,ORD_21455,PROD_571,2,211.74,21.17
ITEM_102420,ORD_21456,PROD_544,1,280.84,0.0
ITEM_102421,ORD_21457,PROD_550,2,19.6,3.92
ITEM_102422,ORD_21458,PROD_576,1,75.48,0.0
ITEM_102423,ORD_21459,PROD_566,1,250.95,12.55
ITEM_102424,ORD_21460,PROD_560,2,88.9,0.0
ITEM_102425,ORD_21460,PROD_558,1,152.68,0.0
ITEM_102426,ORD_21460,PROD_557,1,170.75,8.54
ITEM_102427,ORD_21460,PROD_571,1,211.74,0.0
ITEM_102428,ORD_21461,PROD_553,2,123.16,0.0
ITEM_102429,ORD_21462,PROD_576,2,75.48,0.0
ITEM_102430,ORD_21462,PROD_536,1,242.17,0.0
ITEM_102431,ORD_21463,PROD_571,1,211.74,31.76
ITEM_102432,ORD_21463,PROD_527,2,218.49,0.0
ITEM_102433,ORD_21464,PROD_526,1,212.22,0.0
ITEM_102434,ORD_21464,PROD_547,1,20.21,0.0
ITEM_102435,ORD_21465,PROD_531,2,242.35,0.0
ITEM_102436,ORD_21466,PROD_567,1,103.84,0.0
ITEM_102437,ORD_21466,PROD_515,1,189.61,0.0
ITEM_102438,ORD_21466,PROD_544,1,280.84,42.13
ITEM_102439,ORD_21466,PROD_533,2,161.57,0.0
ITEM_102440,ORD_21467,PROD_560,2,88.9,0.0
ITEM_102441,ORD_21467,PROD_534,1,46.48,6.97
ITEM_102442,ORD_21468,PROD_505,1,64.22,0.0
ITEM_102443,ORD_21469,PROD_546,2,209.69,41.94
ITEM_102444,ORD_21470,PROD_523,1,104.47,10.45
ITEM_102445,ORD_21470,PROD_545,1,246.78,12.34
ITEM_102446,ORD_21471,PROD_553,1,123.16,0.0
ITEM_102447,ORD_21471,PROD_566,2,250.95,0.0
ITEM_102448,ORD_21472,PROD_549,1,112.15,0.0
ITEM_102449,ORD_21473,PROD_505,2,64.22,6.42
ITEM_102450,ORD_21473,PROD_515,1,189.61,0.0
ITEM_102451,ORD_21474,PROD_556,2,171.31,0.0
ITEM_102452,ORD_21474,PROD_501,2,199.67,19.97
ITEM_102453,ORD_21474,PROD_578,3,165.8,0.0
ITEM_102454,ORD_21475,PROD_501,1,199.67,0.0
ITEM_102455,ORD_21475,PROD_550,3,19.6,0.0
ITEM_102456,ORD_21476,PROD_505,2,64.22,0.0
ITEM_102457,ORD_21476,PROD_502,2,242.11,0.0
ITEM_102458,ORD_21476,PROD_544,1,280.84,0.0
ITEM_102459,ORD_21477,PROD_539,1,250.31,0.0
ITEM_102460,ORD_21477,PROD_560,1,88.9,0.0
ITEM_102461,ORD_21477,PROD_520,2,74.25,14.85
ITEM_102462,ORD_21477,PROD_575,1,175.82,8.79
ITEM_102463,ORD_21478,PROD_564,1,77.5,0.0
ITEM_102464,ORD_21479,PROD_529,1,24.28,0.0
ITEM_102465,ORD_21480,PROD_573,1,121.95,0.0
ITEM_102466,ORD_21480,PROD_578,1,165.8,0.0
ITEM_102467,ORD_21481,PROD_545,1,246.78,0.0
ITEM_102468,ORD_21481,PROD_564,1,77.5,0.0
ITEM_102469,ORD_21481,PROD_552,1,157.7,0.0
ITEM_102470,ORD_21482,PROD_518,2,148.06,0.0
ITEM_102471,ORD_21482,PROD_505,2,64.22,0.0
ITEM_102472,ORD_21482,PROD_575,1,175.82,8.79
ITEM_102473,ORD_21482,PROD_515,1,189.61,18.96
ITEM_102474,ORD_21483,PROD_509,1,213.9,0.0
ITEM_102475,ORD_21484,PROD_525,2,227.68,45.54
ITEM_102476,ORD_21485,PROD_509,1,213.9,0.0
ITEM_102477,ORD_21485,PROD_578,1,165.8,0.0
ITEM_102478,ORD_21486,PROD_533,1,161.57,0.0
ITEM_102479,ORD_21486,PROD_504,1,130.74,0.0
ITEM_102480,ORD_21487,PROD_549,2,112.15,0.0
ITEM_102481,ORD_21487,PROD_527,1,218.49,0.0
ITEM_102482,ORD_21488,PROD_523,2,104.47,0.0
ITEM_102483,ORD_21489,PROD_547,3,20.21,3.03
ITEM_102484,ORD_21489,PROD_558,1,152.68,0.0
ITEM_102485,ORD_21489,PROD_501,1,199.67,19.97
ITEM_102486,ORD_21489,PROD_555,1,121.11,0.0
ITEM_102487,ORD_21490,PROD_560,2,88.9,17.78
ITEM_102488,ORD_21490,PROD_512,1,151.42,0.0
ITEM_102489,ORD_21491,PROD_569,1,274.5,27.45
ITEM_102490,ORD_21492,PROD_554,1,309.23,0.0
ITEM_102491,ORD_21493,PROD_501,1,199.67,0.0
ITEM_102492,ORD_21494,PROD_502,1,242.11,0.0
ITEM_102493,ORD_21495,PROD_567,1,103.84,0.0
ITEM_102494,ORD_21495,PROD_510,1,220.56,0.0
ITEM_102495,ORD_21496,PROD_505,1,64.22,0.0
ITEM_102496,ORD_21497,PROD_525,1,227.68,0.0
ITEM_102497,ORD_21498,PROD_511,1,295.08,0.0
ITEM_102498,ORD_21498,PROD_551,1,148.84,0.0
ITEM_102499,ORD_21499,PROD_523,1,104.47,15.67
ITEM_102500,ORD_21499,PROD_541,2,137.54,13.75
ITEM_102501,ORD_21500,PROD_551,1,148.84,0.0
ITEM_102502,ORD_21500,PROD_580,1,221.1,0.0
ITEM_102503,ORD_21501,PROD_515,1,189.61,0.0
ITEM_102504,ORD_21501,PROD_579,1,221.42,0.0
ITEM_102505,ORD_21502,PROD_514,1,255.83,0.0
ITEM_102506,ORD_21502,PROD_521,1,141.39,14.14
ITEM_102507,ORD_21503,PROD_506,1,240.11,12.01
ITEM_102508,ORD_21504,PROD_542,1,140.18,0.0
ITEM_102509,ORD_21505,PROD_503,3,157.89,0.0
ITEM_102510,ORD_21506,PROD_526,2,212.22,0.0
ITEM_102511,ORD_21507,PROD_536,1,242.17,24.22
ITEM_102512,ORD_21508,PROD_522,1,209.52,20.95
ITEM_102513,ORD_21508,PROD_505,1,64.22,0.0
ITEM_102514,ORD_21509,PROD_563,1,317.9,0.0
ITEM_102515,ORD_21510,PROD_504,2,130.74,0.0
ITEM_102516,ORD_21510,PROD_564,1,77.5,0.0
ITEM_102517,ORD_21511,PROD_565,1,16.38,0.0
ITEM_102518,ORD_21512,PROD_569,2,274.5,0.0
ITEM_102519,ORD_21513,PROD_532,1,272.35,0.0
ITEM_102520,ORD_21514,PROD_513,1,126.72,6.34
ITEM_102521,ORD_21514,PROD_502,2,242.11,0.0
ITEM_102522,ORD_21514,PROD_561,1,375.16,0.0
ITEM_102523,ORD_21514,PROD_517,1,232.38,23.24
ITEM_102524,ORD_21515,PROD_505,1,64.22,0.0
ITEM_102525,ORD_21516,PROD_513,1,126.72,12.67
ITEM_102526,ORD_21516,PROD_552,1,157.7,0.0
ITEM_102527,ORD_21516,PROD_575,1,175.82,8.79
ITEM_102528,ORD_21517,PROD_517,1,232.38,11.62
ITEM_102529,ORD_21517,PROD_570,1,85.34,4.27
ITEM_102530,ORD_21517,PROD_507,1,16.01,1.6
ITEM_102531,ORD_21517,PROD_549,1,112.15,5.61
ITEM_102532,ORD_21518,PROD_574,1,250.97,12.55
ITEM_102533,ORD_21518,PROD_546,1,209.69,20.97
ITEM_102534,ORD_21518,PROD_508,2,312.13,0.0
ITEM_102535,ORD_21518,PROD_560,3,88.9,13.34
ITEM_102536,ORD_21519,PROD_564,2,77.5,0.0
ITEM_102537,ORD_21520,PROD_562,1,225.46,22.55
ITEM_102538,ORD_21521,PROD_523,1,104.47,0.0
ITEM_102539,ORD_21521,PROD_566,1,250.95,0.0
ITEM_102540,ORD_21522,PROD_505,1,64.22,0.0
ITEM_102541,ORD_21523,PROD_554,2,309.23,30.92
ITEM_102542,ORD_21523,PROD_537,1,145.12,0.0
ITEM_102543,ORD_21524,PROD_551,1,148.84,7.44
ITEM_102544,ORD_21524,PROD_576,1,75.48,0.0
ITEM_102545,ORD_21525,PROD_544,1,280.84,28.08
ITEM_102546,ORD_21526,PROD_526,1,212.22,0.0
ITEM_102547,ORD_21526,PROD_550,1,19.6,0.0
ITEM_102548,ORD_21527,PROD_579,1,221.42,0.0
ITEM_102549,ORD_21527,PROD_566,1,250.95,25.09
ITEM_102550,ORD_21528,PROD_545,1,246.78,0.0
ITEM_102551,ORD_21529,PROD_562,1,225.46,0.0
ITEM_102552,ORD_21529,PROD_545,1,246.78,24.68
ITEM_102553,ORD_21529,PROD_512,1,151.42,0.0
ITEM_102554,ORD_21530,PROD_545,2,246.78,24.68
ITEM_102555,ORD_21530,PROD_527,1,218.49,0.0
ITEM_102556,ORD_21530,PROD_549,1,112.15,0.0
ITEM_102557,ORD_21531,PROD_570,1,85.34,0.0
ITEM_102558,ORD_21532,PROD_544,1,280.84,0.0
ITEM_102559,ORD_21533,PROD_566,1,250.95,0.0
ITEM_102560,ORD_21534,PROD_577,2,71.78,0.0
ITEM_102561,ORD_21535,PROD_566,1,250.95,0.0
ITEM_102562,ORD_21536,PROD_506,1,240.11,0.0
ITEM_102563,ORD_21537,PROD_538,2,153.61,0.0
ITEM_102564,ORD_21538,PROD_573,1,121.95,12.2
ITEM_102565,ORD_21539,PROD_569,1,274.5,13.73
ITEM_102566,ORD_21540,PROD_553,1,123.16,0.0
ITEM_102567,ORD_21540,PROD_577,1,71.78,0.0
ITEM_102568,ORD_21541,PROD_572,1,144.07,0.0
ITEM_102569,ORD_21541,PROD_575,1,175.82,0.0
ITEM_102570,ORD_21542,PROD_565,1,16.38,0.0
ITEM_102571,ORD_21543,PROD_501,1,199.67,0.0
ITEM_102572,ORD_21543,PROD_554,1,309.23,0.0
ITEM_102573,ORD_21544,PROD_568,1,116.17,5.81
ITEM_102574,ORD_21544,PROD_552,1,157.7,0.0
ITEM_102575,ORD_21545,PROD_522,1,209.52,0.0
ITEM_102576,ORD_21545,PROD_556,1,171.31,0.0
ITEM_102577,ORD_21545,PROD_521,1,141.39,14.14
ITEM_102578,ORD_21545,PROD_579,1,221.42,22.14
ITEM_102579,ORD_21546,PROD_575,1,175.82,0.0
ITEM_102580,ORD_21546,PROD_509,1,213.9,0.0
ITEM_102581,ORD_21546,PROD_577,1,71.78,0.0
ITEM_102582,ORD_21547,PROD_563,1,317.9,15.89
ITEM_102583,ORD_21548,PROD_547,2,20.21,0.0
ITEM_102584,ORD_21549,PROD_504,1,130.74,13.07
ITEM_102585,ORD_21550,PROD_542,1,140.18,0.0
ITEM_102586,ORD_21551,PROD_521,1,141.39,21.21
ITEM_102587,ORD_21552,PROD_574,2,250.97,25.1
ITEM_102588,ORD_21553,PROD_544,1,280.84,0.0
ITEM_102589,ORD_21553,PROD_501,2,199.67,0.0
ITEM_102590,ORD_21553,PROD_518,2,148.06,29.61
ITEM_102591,ORD_21553,PROD_568,2,116.17,0.0
ITEM_102592,ORD_21554,PROD_538,2,153.61,0.0
ITEM_102593,ORD_21555,PROD_553,1,123.16,6.16
ITEM_102594,ORD_21556,PROD_508,3,312.13,0.0
ITEM_102595,ORD_21557,PROD_548,2,54.38,16.31
ITEM_102596,ORD_21558,PROD_567,1,103.84,0.0
ITEM_102597,ORD_21558,PROD_557,1,170.75,8.54
ITEM_102598,ORD_21559,PROD_547,1,20.21,2.02
ITEM_102599,ORD_21560,PROD_532,3,272.35,0.0
ITEM_102600,ORD_21561,PROD_532,1,272.35,0.0
ITEM_102601,ORD_21562,PROD_501,1,199.67,0.0
ITEM_102602,ORD_21562,PROD_538,1,153.61,0.0
ITEM_102603,ORD_21563,PROD_564,1,77.5,0.0
ITEM_102604,ORD_21563,PROD_518,2,148.06,0.0
ITEM_102605,ORD_21564,PROD_555,1,121.11,6.06
ITEM_102606,ORD_21565,PROD_531,1,242.35,12.12
ITEM_102607,ORD_21566,PROD_555,1,121.11,6.06
ITEM_102608,ORD_21566,PROD_553,1,123.16,12.32
ITEM_102609,ORD_21567,PROD_569,1,274.5,0.0
ITEM_102610,ORD_21567,PROD_567,2,103.84,0.0
ITEM_102611,ORD_21567,PROD_565,1,16.38,1.64
ITEM_102612,ORD_21567,PROD_561,1,375.16,37.52
ITEM_102613,ORD_21568,PROD_514,2,255.83,25.58
ITEM_102614,ORD_21569,PROD_580,1,221.1,0.0
ITEM_102615,ORD_21569,PROD_508,1,312.13,46.82
ITEM_102616,ORD_21570,PROD_517,2,232.38,0.0
ITEM_102617,ORD_21570,PROD_547,1,20.21,0.0
ITEM_102618,ORD_21571,PROD_568,1,116.17,11.62
ITEM_102619,ORD_21572,PROD_532,1,272.35,0.0
ITEM_102620,ORD_21573,PROD_507,1,16.01,0.8
ITEM_102621,ORD_21574,PROD_576,1,75.48,0.0
ITEM_102622,ORD_21574,PROD_534,1,46.48,0.0
ITEM_102623,ORD_21575,PROD_552,1,157.7,23.65
ITEM_102624,ORD_21576,PROD_565,1,16.38,0.0
ITEM_102625,ORD_21576,PROD_560,1,88.9,0.0
ITEM_102626,ORD_21576,PROD_580,1,221.1,0.0
ITEM_102627,ORD_21577,PROD_563,2,317.9,0.0
ITEM_102628,ORD_21577,PROD_580,1,221.1,11.05
ITEM_102629,ORD_21577,PROD_551,1,148.84,0.0
ITEM_102630,ORD_21578,PROD_525,1,227.68,0.0
ITEM_102631,ORD_21579,PROD_501,1,199.67,0.0
ITEM_102632,ORD_21580,PROD_580,1,221.1,0.0
ITEM_102633,ORD_21581,PROD_545,3,246.78,0.0
ITEM_102634,ORD_21581,PROD_544,1,280.84,42.13
ITEM_102635,ORD_21582,PROD_535,1,36.04,0.0
ITEM_102636,ORD_21583,PROD_503,3,157.89,0.0
ITEM_102637,ORD_21583,PROD_515,1,189.61,0.0
ITEM_102638,ORD_21584,PROD_556,1,171.31,0.0
ITEM_102639,ORD_21584,PROD_575,2,175.82,0.0
ITEM_102640,ORD_21584,PROD_545,1,246.78,0.0
ITEM_102641,ORD_21585,PROD_557,1,170.75,17.07
ITEM_102642,ORD_21586,PROD_555,1,121.11,0.0
ITEM_102643,ORD_21586,PROD_565,1,16.38,0.82
ITEM_102644,ORD_21587,PROD_530,2,142.79,14.28
ITEM_102645,ORD_21588,PROD_574,1,250.97,0.0
ITEM_102646,ORD_21588,PROD_516,1,91.12,0.0
ITEM_102647,ORD_21589,PROD_517,1,232.38,11.62
ITEM_102648,ORD_21590,PROD_565,2,16.38,3.28
ITEM_102649,ORD_21590,PROD_573,1,121.95,0.0
ITEM_102650,ORD_21591,PROD_530,1,142.79,0.0
ITEM_102651,ORD_21591,PROD_558,2,152.68,15.27
ITEM_102652,ORD_21592,PROD_575,2,175.82,17.58
ITEM_102653,ORD_21593,PROD_542,1,140.18,0.0
ITEM_102654,ORD_21594,PROD_573,1,121.95,0.0
ITEM_102655,ORD_21594,PROD_520,2,74.25,0.0
ITEM_102656,ORD_21595,PROD_560,2,88.9,8.89
ITEM_102657,ORD_21595,PROD_547,1,20.21,1.01
ITEM_102658,ORD_21595,PROD_507,1,16.01,0.0
ITEM_102659,ORD_21596,PROD_522,2,209.52,20.95
ITEM_102660,ORD_21596,PROD_553,1,123.16,0.0
ITEM_102661,ORD_21597,PROD_578,1,165.8,0.0
ITEM_102662,ORD_21598,PROD_517,1,232.38,23.24
ITEM_102663,ORD_21599,PROD_563,1,317.9,47.68
ITEM_102664,ORD_21600,PROD_569,1,274.5,0.0
ITEM_102665,ORD_21601,PROD_526,1,212.22,0.0
ITEM_102666,ORD_21601,PROD_515,2,189.61,0.0
ITEM_102667,ORD_21602,PROD_514,1,255.83,38.37
ITEM_102668,ORD_21602,PROD_502,1,242.11,12.11
ITEM_102669,ORD_21603,PROD_559,2,149.13,0.0
ITEM_102670,ORD_21603,PROD_515,1,189.61,0.0
ITEM_102671,ORD_21604,PROD_509,1,213.9,0.0
ITEM_102672,ORD_21604,PROD_573,1,121.95,0.0
ITEM_102673,ORD_21605,PROD_527,1,218.49,0.0
ITEM_102674,ORD_21605,PROD_560,1,88.9,0.0
ITEM_102675,ORD_21606,PROD_565,1,16.38,0.0
ITEM_102676,ORD_21606,PROD_524,1,116.66,11.67
ITEM_102677,ORD_21607,PROD_565,1,16.38,0.0
ITEM_102678,ORD_21607,PROD_567,1,103.84,0.0
ITEM_102679,ORD_21607,PROD_503,1,157.89,0.0
ITEM_102680,ORD_21608,PROD_568,1,116.17,0.0
ITEM_102681,ORD_21609,PROD_559,1,149.13,14.91
ITEM_102682,ORD_21610,PROD_520,1,74.25,11.14
ITEM_102683,ORD_21611,PROD_574,1,250.97,0.0
ITEM_102684,ORD_21612,PROD_513,1,126.72,12.67
ITEM_102685,ORD_21613,PROD_513,2,126.72,0.0
ITEM_102686,ORD_21614,PROD_510,1,220.56,0.0
ITEM_102687,ORD_21614,PROD_538,2,153.61,0.0
ITEM_102688,ORD_21615,PROD_529,2,24.28,0.0
ITEM_102689,ORD_21616,PROD_535,1,36.04,3.6
ITEM_102690,ORD_21617,PROD_520,1,74.25,0.0
ITEM_102691,ORD_21617,PROD_514,2,255.83,0.0
ITEM_102692,ORD_21617,PROD_513,2,126.72,12.67
ITEM_102693,ORD_21618,PROD_574,1,250.97,0.0
ITEM_102694,ORD_21619,PROD_508,2,312.13,0.0
ITEM_102695,ORD_21620,PROD_536,1,242.17,0.0
ITEM_102696,ORD_21621,PROD_547,1,20.21,0.0
ITEM_102697,ORD_21622,PROD_527,2,218.49,0.0
ITEM_102698,ORD_21622,PROD_523,1,104.47,0.0
ITEM_102699,ORD_21623,PROD_537,1,145.12,14.51
ITEM_102700,ORD_21623,PROD_531,1,242.35,12.12
ITEM_102701,ORD_21623,PROD_540,1,48.42,0.0
ITEM_102702,ORD_21624,PROD_542,1,140.18,0.0
ITEM_102703,ORD_21625,PROD_512,1,151.42,22.71
ITEM_102704,ORD_21625,PROD_576,3,75.48,0.0
ITEM_102705,ORD_21626,PROD_560,1,88.9,0.0
ITEM_102706,ORD_21627,PROD_547,1,20.21,0.0
ITEM_102707,ORD_21628,PROD_505,3,64.22,19.27
ITEM_102708,ORD_21628,PROD_502,1,242.11,0.0
ITEM_102709,ORD_21629,PROD_549,1,112.15,0.0
ITEM_102710,ORD_21629,PROD_553,1,123.16,6.16
ITEM_102711,ORD_21630,PROD_550,1,19.6,0.0
ITEM_102712,ORD_21630,PROD_574,1,250.97,0.0
ITEM_102713,ORD_21631,PROD_548,1,54.38,0.0
ITEM_102714,ORD_21631,PROD_551,1,148.84,0.0
ITEM_102715,ORD_21631,PROD_509,1,213.9,0.0
ITEM_102716,ORD_21631,PROD_528,2,17.95,0.0
ITEM_102717,ORD_21632,PROD_575,1,175.82,8.79
ITEM_102718,ORD_21633,PROD_571,1,211.74,0.0
ITEM_102719,ORD_21634,PROD_505,1,64.22,3.21
ITEM_102720,ORD_21635,PROD_537,2,145.12,29.02
ITEM_102721,ORD_21636,PROD_527,1,218.49,10.92
ITEM_102722,ORD_21636,PROD_518,1,148.06,0.0
ITEM_102723,ORD_21637,PROD_564,1,77.5,0.0
ITEM_102724,ORD_21638,PROD_563,1,317.9,0.0
ITEM_102725,ORD_21639,PROD_533,1,161.57,0.0
ITEM_102726,ORD_21640,PROD_535,1,36.04,1.8
ITEM_102727,ORD_21640,PROD_508,1,312.13,15.61
ITEM_102728,ORD_21641,PROD_515,1,189.61,9.48
ITEM_102729,ORD_21642,PROD_529,1,24.28,0.0
ITEM_102730,ORD_21642,PROD_508,2,312.13,0.0
ITEM_102731,ORD_21642,PROD_521,1,141.39,7.07
ITEM_102732,ORD_21642,PROD_502,2,242.11,48.42
ITEM_102733,ORD_21643,PROD_507,1,16.01,0.0
ITEM_102734,ORD_21644,PROD_501,1,199.67,0.0
ITEM_102735,ORD_21645,PROD_531,1,242.35,0.0
ITEM_102736,ORD_21645,PROD_580,1,221.1,11.05
ITEM_102737,ORD_21646,PROD_561,1,375.16,18.76
ITEM_102738,ORD_21646,PROD_502,2,242.11,48.42
ITEM_102739,ORD_21647,PROD_555,1,121.11,0.0
ITEM_102740,ORD_21647,PROD_511,2,295.08,59.02
ITEM_102741,ORD_21648,PROD_561,1,375.16,0.0
ITEM_102742,ORD_21649,PROD_547,1,20.21,0.0
ITEM_102743,ORD_21650,PROD_527,1,218.49,10.92
ITEM_102744,ORD_21650,PROD_501,1,199.67,0.0
ITEM_102745,ORD_21651,PROD_575,2,175.82,0.0
ITEM_102746,ORD_21652,PROD_571,1,211.74,0.0
ITEM_102747,ORD_21652,PROD_567,2,103.84,0.0
ITEM_102748,ORD_21652,PROD_516,1,91.12,0.0
ITEM_102749,ORD_21653,PROD_514,2,255.83,0.0
ITEM_102750,ORD_21653,PROD_552,2,157.7,0.0
ITEM_102751,ORD_21654,PROD_538,1,153.61,7.68
ITEM_102752,ORD_21655,PROD_552,1,157.7,0.0
ITEM_102753,ORD_21656,PROD_578,2,165.8,0.0
ITEM_102754,ORD_21656,PROD_558,1,152.68,0.0
ITEM_102755,ORD_21656,PROD_506,1,240.11,12.01
ITEM_102756,ORD_21657,PROD_517,2,232.38,0.0
ITEM_102757,ORD_21657,PROD_529,1,24.28,0.0
ITEM_102758,ORD_21658,PROD_536,1,242.17,0.0
ITEM_102759,ORD_21659,PROD_533,1,161.57,24.24
ITEM_102760,ORD_21660,PROD_508,1,312.13,31.21
ITEM_102761,ORD_21661,PROD_564,1,77.5,3.88
ITEM_102762,ORD_21661,PROD_522,1,209.52,0.0
ITEM_102763,ORD_21661,PROD_558,1,152.68,0.0
ITEM_102764,ORD_21662,PROD_536,1,242.17,0.0
ITEM_102765,ORD_21662,PROD_578,1,165.8,8.29
ITEM_102766,ORD_21663,PROD_533,2,161.57,0.0
ITEM_102767,ORD_21663,PROD_556,1,171.31,0.0
ITEM_102768,ORD_21663,PROD_501,1,199.67,0.0
ITEM_102769,ORD_21664,PROD_565,1,16.38,1.64
ITEM_102770,ORD_21664,PROD_521,1,141.39,0.0
ITEM_102771,ORD_21664,PROD_530,1,142.79,0.0
ITEM_102772,ORD_21665,PROD_509,1,213.9,0.0
ITEM_102773,ORD_21665,PROD_501,1,199.67,0.0
ITEM_102774,ORD_21666,PROD_534,1,46.48,0.0
ITEM_102775,ORD_21666,PROD_571,1,211.74,0.0
ITEM_102776,ORD_21666,PROD_553,1,123.16,0.0
ITEM_102777,ORD_21667,PROD_576,1,75.48,0.0
ITEM_102778,ORD_21667,PROD_550,1,19.6,0.0
ITEM_102779,ORD_21667,PROD_508,1,312.13,15.61
ITEM_102780,ORD_21668,PROD_533,2,161.57,32.31
ITEM_102781,ORD_21668,PROD_522,1,209.52,0.0
ITEM_102782,ORD_21668,PROD_566,2,250.95,50.19
ITEM_102783,ORD_21668,PROD_523,1,104.47,0.0
ITEM_102784,ORD_21669,PROD_570,2,85.34,0.0
ITEM_102785,ORD_21670,PROD_567,1,103.84,0.0
ITEM_102786,ORD_21670,PROD_528,2,17.95,0.0
ITEM_102787,ORD_21671,PROD_545,1,246.78,0.0
ITEM_102788,ORD_21671,PROD_508,1,312.13,31.21
ITEM_102789,ORD_21672,PROD_529,2,24.28,0.0
ITEM_102790,ORD_21673,PROD_550,1,19.6,0.0
ITEM_102791,ORD_21673,PROD_560,1,88.9,0.0
ITEM_102792,ORD_21673,PROD_575,1,175.82,0.0
ITEM_102793,ORD_21674,PROD_542,2,140.18,0.0
ITEM_102794,ORD_21675,PROD_540,1,48.42,4.84
ITEM_102795,ORD_21675,PROD_551,1,148.84,0.0
ITEM_102796,ORD_21676,PROD_536,2,242.17,0.0
ITEM_102797,ORD_21677,PROD_575,1,175.82,0.0
ITEM_102798,ORD_21677,PROD_576,1,75.48,0.0
ITEM_102799,ORD_21677,PROD_521,1,141.39,0.0
ITEM_102800,ORD_21678,PROD_556,1,171.31,0.0
ITEM_102801,ORD_21678,PROD_521,1,141.39,0.0
ITEM_102802,ORD_21679,PROD_574,2,250.97,0.0
ITEM_102803,ORD_21680,PROD_543,1,313.64,0.0
ITEM_102804,ORD_21681,PROD_566,1,250.95,0.0
ITEM_102805,ORD_21681,PROD_571,1,211.74,0.0
ITEM_102806,ORD_21681,PROD_553,1,123.16,0.0
ITEM_102807,ORD_21681,PROD_523,3,104.47,0.0
ITEM_102808,ORD_21682,PROD_559,1,149.13,22.37
ITEM_102809,ORD_21682,PROD_560,1,88.9,0.0
ITEM_102810,ORD_21683,PROD_510,1,220.56,22.06
ITEM_102811,ORD_21684,PROD_579,1,221.42,0.0
ITEM_102812,ORD_21685,PROD_551,1,148.84,0.0
ITEM_102813,ORD_21686,PROD_524,1,116.66,0.0
ITEM_102814,ORD_21687,PROD_520,1,74.25,3.71
ITEM_102815,ORD_21688,PROD_546,2,209.69,0.0
ITEM_102816,ORD_21689,PROD_544,1,280.84,0.0
ITEM_102817,ORD_21689,PROD_502,1,242.11,0.0
ITEM_102818,ORD_21689,PROD_580,1,221.1,33.16
ITEM_102819,ORD_21690,PROD_532,1,272.35,27.24
ITEM_102820,ORD_21691,PROD_501,1,199.67,0.0
ITEM_102821,ORD_21692,PROD_565,1,16.38,0.0
ITEM_102822,ORD_21693,PROD_560,1,88.9,0.0
ITEM_102823,ORD_21693,PROD_523,1,104.47,0.0
ITEM_102824,ORD_21694,PROD_530,3,142.79,0.0
ITEM_102825,ORD_21695,PROD_542,1,140.18,0.0
ITEM_102826,ORD_21695,PROD_524,1,116.66,5.83
ITEM_102827,ORD_21696,PROD_572,1,144.07,7.2
ITEM_102828,ORD_21697,PROD_566,1,250.95,0.0
ITEM_102829,ORD_21697,PROD_541,1,137.54,0.0
ITEM_102830,ORD_21697,PROD_570,1,85.34,0.0
ITEM_102831,ORD_21698,PROD_544,1,280.84,0.0
ITEM_102832,ORD_21698,PROD_546,1,209.69,10.48
ITEM_102833,ORD_21699,PROD_539,1,250.31,0.0
ITEM_102834,ORD_21700,PROD_542,1,140.18,14.02
ITEM_102835,ORD_21701,PROD_518,1,148.06,7.4
ITEM_102836,ORD_21701,PROD_557,1,170.75,8.54
ITEM_102837,ORD_21702,PROD_578,1,165.8,0.0
ITEM_102838,ORD_21702,PROD_528,1,17.95,0.0
ITEM_102839,ORD_21703,PROD_540,3,48.42,0.0
ITEM_102840,ORD_21704,PROD_515,1,189.61,9.48
ITEM_102841,ORD_21705,PROD_516,2,91.12,0.0
ITEM_102842,ORD_21706,PROD_550,2,19.6,1.96
ITEM_102843,ORD_21706,PROD_573,1,121.95,0.0
ITEM_102844,ORD_21706,PROD_521,1,141.39,0.0
ITEM_102845,ORD_21707,PROD_569,1,274.5,0.0
ITEM_102846,ORD_21707,PROD_514,1,255.83,0.0
ITEM_102847,ORD_21707,PROD_566,1,250.95,0.0
ITEM_102848,ORD_21708,PROD_533,1,161.57,8.08
ITEM_102849,ORD_21708,PROD_507,1,16.01,1.6
ITEM_102850,ORD_21708,PROD_510,1,220.56,0.0
ITEM_102851,ORD_21709,PROD_528,1,17.95,0.9
ITEM_102852,ORD_21709,PROD_541,2,137.54,0.0
ITEM_102853,ORD_21710,PROD_511,1,295.08,0.0
ITEM_102854,ORD_21711,PROD_538,2,153.61,0.0
ITEM_102855,ORD_21711,PROD_543,2,313.64,0.0
ITEM_102856,ORD_21712,PROD_566,1,250.95,12.55
ITEM_102857,ORD_21713,PROD_563,1,317.9,31.79
ITEM_102858,ORD_21714,PROD_519,1,236.9,23.69
ITEM_102859,ORD_21715,PROD_543,1,313.64,15.68
ITEM_102860,ORD_21715,PROD_524,1,116.66,0.0
ITEM_102861,ORD_21715,PROD_533,1,161.57,0.0
ITEM_102862,ORD_21716,PROD_524,2,116.66,0.0
ITEM_102863,ORD_21717,PROD_534,1,46.48,4.65
ITEM_102864,ORD_21718,PROD_571,1,211.74,0.0
ITEM_102865,ORD_21719,PROD_554,2,309.23,30.92
ITEM_102866,ORD_21719,PROD_524,1,116.66,0.0
ITEM_102867,ORD_21720,PROD_562,1,225.46,0.0
ITEM_102868,ORD_21721,PROD_515,2,189.61,0.0
ITEM_102869,ORD_21722,PROD_537,1,145.12,14.51
ITEM_102870,ORD_21723,PROD_506,1,240.11,24.01
ITEM_102871,ORD_21724,PROD_569,1,274.5,0.0
ITEM_102872,ORD_21724,PROD_530,1,142.79,0.0
ITEM_102873,ORD_21724,PROD_547,1,20.21,3.03
ITEM_102874,ORD_21724,PROD_557,1,170.75,0.0
ITEM_102875,ORD_21725,PROD_555,1,121.11,6.06
ITEM_102876,ORD_21726,PROD_551,1,148.84,0.0
ITEM_102877,ORD_21726,PROD_559,1,149.13,0.0
ITEM_102878,ORD_21727,PROD_547,1,20.21,0.0
ITEM_102879,ORD_21728,PROD_519,1,236.9,35.53
ITEM_102880,ORD_21729,PROD_551,1,148.84,22.33
ITEM_102881,ORD_21729,PROD_543,1,313.64,15.68
ITEM_102882,ORD_21729,PROD_575,1,175.82,0.0
ITEM_102883,ORD_21730,PROD_510,1,220.56,22.06
ITEM_102884,ORD_21731,PROD_517,1,232.38,0.0
ITEM_102885,ORD_21731,PROD_531,1,242.35,12.12
ITEM_102886,ORD_21732,PROD_563,1,317.9,0.0
ITEM_102887,ORD_21733,PROD_543,1,313.64,0.0
ITEM_102888,ORD_21734,PROD_526,1,212.22,0.0
ITEM_102889,ORD_21734,PROD_507,1,16.01,0.0
ITEM_102890,ORD_21734,PROD_544,2,280.84,0.0
ITEM_102891,ORD_21735,PROD_510,1,220.56,0.0
ITEM_102892,ORD_21735,PROD_562,1,225.46,0.0
ITEM_102893,ORD_21736,PROD_507,1,16.01,0.0
ITEM_102894,ORD_21737,PROD_557,1,170.75,0.0
ITEM_102895,ORD_21738,PROD_513,2,126.72,12.67
ITEM_102896,ORD_21739,PROD_533,1,161.57,0.0
ITEM_102897,ORD_21740,PROD_511,2,295.08,0.0
ITEM_102898,ORD_21741,PROD_568,2,116.17,34.85
ITEM_102899,ORD_21742,PROD_568,2,116.17,0.0
ITEM_102900,ORD_21743,PROD_547,1,20.21,0.0
ITEM_102901,ORD_21744,PROD_555,2,121.11,0.0
ITEM_102902,ORD_21744,PROD_548,1,54.38,0.0
ITEM_102903,ORD_21744,PROD_543,1,313.64,15.68
ITEM_102904,ORD_21745,PROD_563,1,317.9,0.0
ITEM_102905,ORD_21745,PROD_538,1,153.61,0.0
ITEM_102906,ORD_21746,PROD_527,1,218.49,10.92
ITEM_102907,ORD_21747,PROD_549,1,112.15,0.0
ITEM_102908,ORD_21747,PROD_536,2,242.17,0.0
ITEM_102909,ORD_21748,PROD_521,1,141.39,0.0
ITEM_102910,ORD_21749,PROD_559,1,149.13,7.46
ITEM_102911,ORD_21750,PROD_506,2,240.11,48.02
ITEM_102912,ORD_21751,PROD_571,1,211.74,0.0
ITEM_102913,ORD_21752,PROD_546,1,209.69,0.0
ITEM_102914,ORD_21753,PROD_561,1,375.16,18.76
ITEM_102915,ORD_21754,PROD_529,1,24.28,0.0
ITEM_102916,ORD_21755,PROD_534,1,46.48,0.0
ITEM_102917,ORD_21756,PROD_566,1,250.95,0.0
ITEM_102918,ORD_21756,PROD_520,1,74.25,3.71
ITEM_102919,ORD_21757,PROD_513,1,126.72,0.0
ITEM_102920,ORD_21757,PROD_549,1,112.15,0.0
ITEM_102921,ORD_21758,PROD_570,1,85.34,0.0
ITEM_102922,ORD_21758,PROD_545,1,246.78,0.0
ITEM_102923,ORD_21759,PROD_504,2,130.74,0.0
ITEM_102924,ORD_21760,PROD_509,2,213.9,0.0
ITEM_102925,ORD_21761,PROD_555,2,121.11,0.0
ITEM_102926,ORD_21761,PROD_522,1,209.52,20.95
ITEM_102927,ORD_21762,PROD_504,1,130.74,0.0
ITEM_102928,ORD_21762,PROD_577,1,71.78,0.0
ITEM_102929,ORD_21763,PROD_551,1,148.84,0.0
ITEM_102930,ORD_21763,PROD_579,3,221.42,0.0
ITEM_102931,ORD_21763,PROD_530,1,142.79,0.0
ITEM_102932,ORD_21763,PROD_537,1,145.12,0.0
ITEM_102933,ORD_21764,PROD_535,2,36.04,0.0
ITEM_102934,ORD_21765,PROD_564,1,77.5,7.75
ITEM_102935,ORD_21765,PROD_580,2,221.1,0.0
ITEM_102936,ORD_21766,PROD_510,1,220.56,0.0
ITEM_102937,ORD_21767,PROD_552,1,157.7,7.88
ITEM_102938,ORD_21768,PROD_513,3,126.72,0.0
ITEM_102939,ORD_21769,PROD_557,2,170.75,0.0
ITEM_102940,ORD_21770,PROD_564,1,77.5,0.0
ITEM_102941,ORD_21771,PROD_509,1,213.9,0.0
ITEM_102942,ORD_21771,PROD_573,1,121.95,0.0
ITEM_102943,ORD_21772,PROD_538,1,153.61,0.0
ITEM_102944,ORD_21773,PROD_526,2,212.22,0.0
ITEM_102945,ORD_21774,PROD_522,1,209.52,0.0
ITEM_102946,ORD_21774,PROD_525,1,227.68,34.15
ITEM_102947,ORD_21775,PROD_572,1,144.07,0.0
ITEM_102948,ORD_21776,PROD_546,2,209.69,20.97
ITEM_102949,ORD_21777,PROD_515,1,189.61,0.0
ITEM_102950,ORD_21778,PROD_518,1,148.06,0.0
ITEM_102951,ORD_21779,PROD_536,1,242.17,24.22
ITEM_102952,ORD_21779,PROD_570,2,85.34,0.0
ITEM_102953,ORD_21780,PROD_501,1,199.67,0.0
ITEM_102954,ORD_21780,PROD_504,2,130.74,0.0
ITEM_102955,ORD_21780,PROD_526,1,212.22,0.0
ITEM_102956,ORD_21781,PROD_543,1,313.64,31.36
ITEM_102957,ORD_21781,PROD_576,1,75.48,0.0
ITEM_102958,ORD_21782,PROD_566,2,250.95,0.0
ITEM_102959,ORD_21783,PROD_544,2,280.84,0.0
ITEM_102960,ORD_21784,PROD_508,1,312.13,0.0
ITEM_102961,ORD_21784,PROD_516,1,91.12,0.0
ITEM_102962,ORD_21784,PROD_540,1,48.42,0.0
ITEM_102963,ORD_21784,PROD_525,1,227.68,11.38
ITEM_102964,ORD_21785,PROD_504,1,130.74,0.0
ITEM_102965,ORD_21786,PROD_562,1,225.46,0.0
ITEM_102966,ORD_21787,PROD_527,1,218.49,0.0
ITEM_102967,ORD_21787,PROD_537,1,145.12,0.0
ITEM_102968,ORD_21788,PROD_510,1,220.56,11.03
ITEM_102969,ORD_21788,PROD_559,2,149.13,0.0
ITEM_102970,ORD_21789,PROD_507,1,16.01,0.8
ITEM_102971,ORD_21790,PROD_560,1,88.9,4.45
ITEM_102972,ORD_21791,PROD_529,1,24.28,0.0
ITEM_102973,ORD_21792,PROD_516,1,91.12,13.67
ITEM_102974,ORD_21792,PROD_508,2,312.13,31.21
ITEM_102975,ORD_21793,PROD_508,1,312.13,0.0
ITEM_102976,ORD_21794,PROD_570,2,85.34,0.0
ITEM_102977,ORD_21795,PROD_548,1,54.38,5.44
ITEM_102978,ORD_21795,PROD_550,1,19.6,0.0
ITEM_102979,ORD_21796,PROD_542,1,140.18,0.0
ITEM_102980,ORD_21796,PROD_502,1,242.11,0.0
ITEM_102981,ORD_21797,PROD_579,1,221.42,33.21
ITEM_102982,ORD_21798,PROD_532,1,272.35,0.0
ITEM_102983,ORD_21798,PROD_569,2,274.5,0.0
ITEM_102984,ORD_21798,PROD_543,1,313.64,0.0
ITEM_102985,ORD_21799,PROD_560,1,88.9,0.0
ITEM_102986,ORD_21800,PROD_557,1,170.75,0.0
ITEM_102987,ORD_21800,PROD_571,1,211.74,0.0
ITEM_102988,ORD_21800,PROD_565,1,16.38,0.0
ITEM_102989,ORD_21801,PROD_578,1,165.8,0.0
ITEM_102990,ORD_21801,PROD_537,1,145.12,0.0
ITEM_102991,ORD_21802,PROD_561,1,375.16,0.0
ITEM_102992,ORD_21802,PROD_551,2,148.84,29.77
ITEM_102993,ORD_21802,PROD_513,1,126.72,0.0
ITEM_102994,ORD_21803,PROD_567,2,103.84,31.15
ITEM_102995,ORD_21803,PROD_546,1,209.69,0.0
ITEM_102996,ORD_21804,PROD_511,1,295.08,44.26
ITEM_102997,ORD_21804,PROD_544,1,280.84,0.0
ITEM_102998,ORD_21804,PROD_529,1,24.28,1.21
ITEM_102999,ORD_21805,PROD_556,1,171.31,0.0
ITEM_103000,ORD_21806,PROD_568,3,116.17,17.43
ITEM_103001,ORD_21806,PROD_574,1,250.97,25.1
ITEM_103002,ORD_21806,PROD_561,1,375.16,18.76
ITEM_103003,ORD_21807,PROD_501,1,199.67,9.98
ITEM_103004,ORD_21807,PROD_514,1,255.83,0.0
ITEM_103005,ORD_21808,PROD_558,1,152.68,0.0
ITEM_103006,ORD_21809,PROD_555,1,121.11,6.06
ITEM_103007,ORD_21810,PROD_571,3,211.74,63.52
ITEM_103008,ORD_21811,PROD_556,1,171.31,0.0
ITEM_103009,ORD_21811,PROD_534,2,46.48,0.0
ITEM_103010,ORD_21811,PROD_537,2,145.12,14.51
ITEM_103011,ORD_21811,PROD_525,1,227.68,0.0
ITEM_103012,ORD_21812,PROD_533,1,161.57,0.0
ITEM_103013,ORD_21813,PROD_543,1,313.64,31.36
ITEM_103014,ORD_21813,PROD_532,1,272.35,13.62
ITEM_103015,ORD_21814,PROD_575,1,175.82,0.0
ITEM_103016,ORD_21815,PROD_542,1,140.18,21.03
ITEM_103017,ORD_21816,PROD_516,3,91.12,0.0
ITEM_103018,ORD_21817,PROD_504,1,130.74,0.0
ITEM_103019,ORD_21818,PROD_520,1,74.25,0.0
ITEM_103020,ORD_21818,PROD_565,1,16.38,0.0
ITEM_103021,ORD_21819,PROD_553,3,123.16,0.0
ITEM_103022,ORD_21820,PROD_542,1,140.18,0.0
ITEM_103023,ORD_21820,PROD_506,2,240.11,0.0
ITEM_103024,ORD_21821,PROD_577,2,71.78,0.0
ITEM_103025,ORD_21822,PROD_518,2,148.06,0.0
ITEM_103026,ORD_21823,PROD_522,2,209.52,0.0
ITEM_103027,ORD_21824,PROD_517,1,232.38,0.0
ITEM_103028,ORD_21824,PROD_521,1,141.39,21.21
ITEM_103029,ORD_21825,PROD_542,1,140.18,0.0
ITEM_103030,ORD_21826,PROD_549,1,112.15,0.0
ITEM_103031,ORD_21826,PROD_514,1,255.83,0.0
ITEM_103032,ORD_21826,PROD_563,3,317.9,0.0
ITEM_103033,ORD_21827,PROD_572,1,144.07,14.41
ITEM_103034,ORD_21828,PROD_538,2,153.61,0.0
ITEM_103035,ORD_21828,PROD_580,1,221.1,0.0
ITEM_103036,ORD_21829,PROD_539,1,250.31,0.0
ITEM_103037,ORD_21830,PROD_541,1,137.54,6.88
ITEM_103038,ORD_21830,PROD_504,2,130.74,0.0
ITEM_103039,ORD_21831,PROD_574,1,250.97,0.0
ITEM_103040,ORD_21831,PROD_568,1,116.17,5.81
ITEM_103041,ORD_21832,PROD_540,1,48.42,0.0
ITEM_103042,ORD_21833,PROD_527,1,218.49,10.92
ITEM_103043,ORD_21834,PROD_522,1,209.52,0.0
ITEM_103044,ORD_21835,PROD_561,2,375.16,0.0
ITEM_103045,ORD_21836,PROD_537,1,145.12,0.0
ITEM_103046,ORD_21837,PROD_559,1,149.13,0.0
ITEM_103047,ORD_21838,PROD_501,2,199.67,19.97
ITEM_103048,ORD_21838,PROD_544,1,280.84,14.04
ITEM_103049,ORD_21839,PROD_520,1,74.25,0.0
ITEM_103050,ORD_21840,PROD_511,1,295.08,0.0
ITEM_103051,ORD_21841,PROD_562,3,225.46,0.0
ITEM_103052,ORD_21841,PROD_570,1,85.34,8.53
ITEM_103053,ORD_21842,PROD_562,3,225.46,0.0
ITEM_103054,ORD_21843,PROD_540,1,48.42,0.0
ITEM_103055,ORD_21844,PROD_520,1,74.25,7.43
ITEM_103056,ORD_21844,PROD_555,1,121.11,0.0
ITEM_103057,ORD_21844,PROD_568,1,116.17,0.0
ITEM_103058,ORD_21844,PROD_519,1,236.9,23.69
ITEM_103059,ORD_21845,PROD_559,2,149.13,0.0
ITEM_103060,ORD_21846,PROD_578,2,165.8,49.74
ITEM_103061,ORD_21847,PROD_576,1,75.48,0.0
ITEM_103062,ORD_21848,PROD_549,1,112.15,0.0
ITEM_103063,ORD_21849,PROD_545,1,246.78,12.34
ITEM_103064,ORD_21850,PROD_511,1,295.08,0.0
ITEM_103065,ORD_21851,PROD_526,1,212.22,0.0
ITEM_103066,ORD_21852,PROD_541,3,137.54,0.0
ITEM_103067,ORD_21853,PROD_520,1,74.25,0.0
ITEM_103068,ORD_21854,PROD_557,1,170.75,0.0
ITEM_103069,ORD_21855,PROD_529,1,24.28,0.0
ITEM_103070,ORD_21856,PROD_541,1,137.54,6.88
ITEM_103071,ORD_21857,PROD_540,1,48.42,0.0
ITEM_103072,ORD_21857,PROD_521,1,141.39,0.0
ITEM_103073,ORD_21858,PROD_524,2,116.66,23.33
ITEM_103074,ORD_21858,PROD_559,1,149.13,14.91
ITEM_103075,ORD_21858,PROD_556,1,171.31,0.0
ITEM_103076,ORD_21859,PROD_537,2,145.12,14.51
ITEM_103077,ORD_21860,PROD_517,1,232.38,11.62
ITEM_103078,ORD_21861,PROD_534,3,46.48,13.94
ITEM_103079,ORD_21861,PROD_535,2,36.04,3.6
ITEM_103080,ORD_21862,PROD_567,1,103.84,15.58
ITEM_103081,ORD_21863,PROD_516,2,91.12,0.0
ITEM_103082,ORD_21864,PROD_580,1,221.1,22.11
ITEM_103083,ORD_21865,PROD_572,1,144.07,21.61
ITEM_103084,ORD_21866,PROD_573,1,121.95,0.0
ITEM_103085,ORD_21866,PROD_501,2,199.67,0.0
ITEM_103086,ORD_21866,PROD_568,1,116.17,0.0
ITEM_103087,ORD_21867,PROD_553,1,123.16,0.0
ITEM_103088,ORD_21867,PROD_551,1,148.84,0.0
ITEM_103089,ORD_21867,PROD_514,1,255.83,38.37
ITEM_103090,ORD_21867,PROD_505,1,64.22,0.0
ITEM_103091,ORD_21868,PROD_557,1,170.75,8.54
ITEM_103092,ORD_21869,PROD_548,1,54.38,0.0
ITEM_103093,ORD_21869,PROD_563,1,317.9,0.0
ITEM_103094,ORD_21869,PROD_540,1,48.42,2.42
ITEM_103095,ORD_21870,PROD_569,1,274.5,0.0
ITEM_103096,ORD_21870,PROD_559,1,149.13,0.0
ITEM_103097,ORD_21871,PROD_560,1,88.9,0.0
ITEM_103098,ORD_21871,PROD_520,2,74.25,0.0
ITEM_103099,ORD_21872,PROD_506,1,240.11,12.01
ITEM_103100,ORD_21873,PROD_553,1,123.16,0.0
ITEM_103101,ORD_21874,PROD_515,1,189.61,0.0
ITEM_103102,ORD_21875,PROD_579,2,221.42,0.0
ITEM_103103,ORD_21876,PROD_555,1,121.11,12.11
ITEM_103104,ORD_21876,PROD_542,1,140.18,0.0
ITEM_103105,ORD_21876,PROD_534,1,46.48,0.0
ITEM_103106,ORD_21877,PROD_572,1,144.07,0.0
ITEM_103107,ORD_21878,PROD_537,1,145.12,0.0
ITEM_103108,ORD_21879,PROD_515,1,189.61,0.0
ITEM_103109,ORD_21880,PROD_555,1,121.11,0.0
ITEM_103110,ORD_21881,PROD_573,1,121.95,0.0
ITEM_103111,ORD_21881,PROD_504,1,130.74,0.0
ITEM_103112,ORD_21881,PROD_514,1,255.83,0.0
ITEM_103113,ORD_21881,PROD_515,1,189.61,0.0
ITEM_103114,ORD_21882,PROD_551,1,148.84,0.0
ITEM_103115,ORD_21882,PROD_546,1,209.69,0.0
ITEM_103116,ORD_21882,PROD_568,1,116.17,0.0
ITEM_103117,ORD_21883,PROD_561,2,375.16,75.03
ITEM_103118,ORD_21883,PROD_514,2,255.83,51.17
ITEM_103119,ORD_21884,PROD_503,1,157.89,7.89
ITEM_103120,ORD_21885,PROD_566,3,250.95,75.28
ITEM_103121,ORD_21886,PROD_575,1,175.82,0.0
ITEM_103122,ORD_21887,PROD_531,1,242.35,12.12
ITEM_103123,ORD_21887,PROD_527,1,218.49,21.85
ITEM_103124,ORD_21888,PROD_558,1,152.68,0.0
ITEM_103125,ORD_21888,PROD_547,1,20.21,0.0
ITEM_103126,ORD_21889,PROD_550,2,19.6,3.92
ITEM_103127,ORD_21889,PROD_510,1,220.56,0.0
ITEM_103128,ORD_21889,PROD_520,2,74.25,0.0
ITEM_103129,ORD_21890,PROD_536,1,242.17,0.0
ITEM_103130,ORD_21890,PROD_517,1,232.38,0.0
ITEM_103131,ORD_21890,PROD_515,2,189.61,0.0
ITEM_103132,ORD_21890,PROD_544,1,280.84,14.04
ITEM_103133,ORD_21891,PROD_554,1,309.23,0.0
ITEM_103134,ORD_21891,PROD_571,2,211.74,21.17
ITEM_103135,ORD_21891,PROD_549,1,112.15,0.0
ITEM_103136,ORD_21891,PROD_506,1,240.11,0.0
ITEM_103137,ORD_21892,PROD_520,2,74.25,0.0
ITEM_103138,ORD_21892,PROD_568,1,116.17,0.0
ITEM_103139,ORD_21892,PROD_563,1,317.9,0.0
ITEM_103140,ORD_21893,PROD_577,1,71.78,10.77
ITEM_103141,ORD_21894,PROD_517,1,232.38,11.62
ITEM_103142,ORD_21894,PROD_526,1,212.22,0.0
ITEM_103143,ORD_21895,PROD_572,1,144.07,14.41
ITEM_103144,ORD_21896,PROD_522,1,209.52,10.48
ITEM_103145,ORD_21896,PROD_568,2,116.17,0.0
ITEM_103146,ORD_21896,PROD_506,1,240.11,0.0
ITEM_103147,ORD_21896,PROD_545,1,246.78,0.0
ITEM_103148,ORD_21897,PROD_576,1,75.48,0.0
ITEM_103149,ORD_21897,PROD_557,1,170.75,0.0
ITEM_103150,ORD_21897,PROD_534,1,46.48,0.0
ITEM_103151,ORD_21898,PROD_551,1,148.84,14.88
ITEM_103152,ORD_21898,PROD_550,2,19.6,3.92
ITEM_103153,ORD_21899,PROD_507,2,16.01,0.0
ITEM_103154,ORD_21899,PROD_524,1,116.66,0.0
ITEM_103155,ORD_21900,PROD_505,1,64.22,0.0
ITEM_103156,ORD_21900,PROD_562,1,225.46,0.0
ITEM_103157,ORD_21901,PROD_514,2,255.83,0.0
ITEM_103158,ORD_21902,PROD_570,1,85.34,0.0
ITEM_103159,ORD_21903,PROD_542,1,140.18,7.01
ITEM_103160,ORD_21903,PROD_577,2,71.78,14.36
ITEM_103161,ORD_21904,PROD_537,1,145.12,0.0
ITEM_103162,ORD_21905,PROD_575,1,175.82,0.0
ITEM_103163,ORD_21906,PROD_556,1,171.31,0.0
ITEM_103164,ORD_21906,PROD_533,1,161.57,0.0
ITEM_103165,ORD_21906,PROD_523,1,104.47,10.45
ITEM_103166,ORD_21907,PROD_510,1,220.56,11.03
ITEM_103167,ORD_21908,PROD_546,1,209.69,20.97
ITEM_103168,ORD_21909,PROD_554,1,309.23,0.0
ITEM_103169,ORD_21909,PROD_507,1,16.01,0.0
ITEM_103170,ORD_21910,PROD_575,1,175.82,17.58
ITEM_103171,ORD_21911,PROD_524,1,116.66,0.0
ITEM_103172,ORD_21911,PROD_538,2,153.61,30.72
ITEM_103173,ORD_21911,PROD_521,1,141.39,7.07
ITEM_103174,ORD_21911,PROD_510,1,220.56,11.03
ITEM_103175,ORD_21912,PROD_557,1,170.75,17.07
ITEM_103176,ORD_21913,PROD_514,1,255.83,0.0
ITEM_103177,ORD_21914,PROD_523,2,104.47,0.0
ITEM_103178,ORD_21914,PROD_580,1,221.1,0.0
ITEM_103179,ORD_21915,PROD_531,2,242.35,0.0
ITEM_103180,ORD_21916,PROD_524,1,116.66,0.0
ITEM_103181,ORD_21917,PROD_547,3,20.21,6.06
ITEM_103182,ORD_21918,PROD_576,1,75.48,0.0
ITEM_103183,ORD_21918,PROD_565,1,16.38,0.82
ITEM_103184,ORD_21919,PROD_557,1,170.75,0.0
ITEM_103185,ORD_21920,PROD_509,3,213.9,64.17
ITEM_103186,ORD_21921,PROD_571,1,211.74,0.0
ITEM_103187,ORD_21922,PROD_570,1,85.34,0.0
ITEM_103188,ORD_21923,PROD_530,1,142.79,14.28
ITEM_103189,ORD_21924,PROD_505,3,64.22,0.0
ITEM_103190,ORD_21924,PROD_514,2,255.83,25.58
ITEM_103191,ORD_21924,PROD_509,1,213.9,10.7
ITEM_103192,ORD_21924,PROD_578,3,165.8,0.0
ITEM_103193,ORD_21925,PROD_561,1,375.16,37.52
ITEM_103194,ORD_21926,PROD_572,1,144.07,0.0
ITEM_103195,ORD_21927,PROD_557,1,170.75,0.0
ITEM_103196,ORD_21927,PROD_546,1,209.69,10.48
ITEM_103197,ORD_21927,PROD_532,1,272.35,0.0
ITEM_103198,ORD_21928,PROD_503,1,157.89,0.0
ITEM_103199,ORD_21929,PROD_566,1,250.95,0.0
ITEM_103200,ORD_21929,PROD_532,1,272.35,27.24
ITEM_103201,ORD_21929,PROD_534,1,46.48,6.97
ITEM_103202,ORD_21930,PROD_507,1,16.01,0.0
ITEM_103203,ORD_21931,PROD_574,1,250.97,0.0
ITEM_103204,ORD_21932,PROD_512,1,151.42,7.57
ITEM_103205,ORD_21932,PROD_541,1,137.54,6.88
ITEM_103206,ORD_21933,PROD_503,1,157.89,0.0
ITEM_103207,ORD_21933,PROD_514,1,255.83,0.0
ITEM_103208,ORD_21934,PROD_549,2,112.15,0.0
ITEM_103209,ORD_21934,PROD_524,1,116.66,0.0
ITEM_103210,ORD_21934,PROD_506,1,240.11,0.0
ITEM_103211,ORD_21935,PROD_577,1,71.78,0.0
ITEM_103212,ORD_21935,PROD_529,1,24.28,2.43
ITEM_103213,ORD_21936,PROD_507,2,16.01,1.6
ITEM_103214,ORD_21936,PROD_538,1,153.61,23.04
ITEM_103215,ORD_21937,PROD_523,2,104.47,0.0
ITEM_103216,ORD_21937,PROD_512,1,151.42,0.0
ITEM_103217,ORD_21937,PROD_563,1,317.9,0.0
ITEM_103218,ORD_21937,PROD_558,1,152.68,0.0
ITEM_103219,ORD_21938,PROD_534,1,46.48,0.0
ITEM_103220,ORD_21939,PROD_549,3,112.15,0.0
ITEM_103221,ORD_21939,PROD_571,3,211.74,0.0
ITEM_103222,ORD_21939,PROD_566,1,250.95,0.0
ITEM_103223,ORD_21940,PROD_514,1,255.83,0.0
ITEM_103224,ORD_21940,PROD_542,1,140.18,0.0
ITEM_103225,ORD_21941,PROD_524,1,116.66,0.0
ITEM_103226,ORD_21941,PROD_505,1,64.22,0.0
ITEM_103227,ORD_21942,PROD_519,1,236.9,0.0
ITEM_103228,ORD_21943,PROD_554,1,309.23,0.0
ITEM_103229,ORD_21943,PROD_566,1,250.95,0.0
ITEM_103230,ORD_21944,PROD_515,1,189.61,0.0
ITEM_103231,ORD_21945,PROD_510,2,220.56,0.0
ITEM_103232,ORD_21945,PROD_563,1,317.9,0.0
ITEM_103233,ORD_21946,PROD_558,1,152.68,0.0
ITEM_103234,ORD_21947,PROD_547,1,20.21,0.0
ITEM_103235,ORD_21948,PROD_523,2,104.47,10.45
ITEM_103236,ORD_21949,PROD_527,1,218.49,0.0
ITEM_103237,ORD_21949,PROD_506,1,240.11,0.0
ITEM_103238,ORD_21950,PROD_534,1,46.48,0.0
ITEM_103239,ORD_21951,PROD_522,1,209.52,0.0
ITEM_103240,ORD_21952,PROD_529,2,24.28,2.43
ITEM_103241,ORD_21953,PROD_574,1,250.97,0.0
ITEM_103242,ORD_21953,PROD_512,1,151.42,0.0
ITEM_103243,ORD_21954,PROD_547,1,20.21,0.0
ITEM_103244,ORD_21955,PROD_550,1,19.6,1.96
ITEM_103245,ORD_21956,PROD_524,2,116.66,0.0
ITEM_103246,ORD_21957,PROD_523,1,104.47,15.67
ITEM_103247,ORD_21958,PROD_525,1,227.68,0.0
ITEM_103248,ORD_21959,PROD_504,1,130.74,0.0
ITEM_103249,ORD_21960,PROD_545,1,246.78,0.0
ITEM_103250,ORD_21960,PROD_520,2,74.25,22.27
ITEM_103251,ORD_21960,PROD_541,1,137.54,0.0
ITEM_103252,ORD_21961,PROD_521,1,141.39,0.0
ITEM_103253,ORD_21962,PROD_513,1,126.72,0.0
ITEM_103254,ORD_21962,PROD_515,1,189.61,0.0
ITEM_103255,ORD_21963,PROD_549,1,112.15,0.0
ITEM_103256,ORD_21964,PROD_577,2,71.78,21.53
ITEM_103257,ORD_21965,PROD_570,1,85.34,0.0
ITEM_103258,ORD_21965,PROD_509,1,213.9,0.0
ITEM_103259,ORD_21965,PROD_565,3,16.38,0.0
ITEM_103260,ORD_21966,PROD_557,1,170.75,0.0
ITEM_103261,ORD_21966,PROD_573,2,121.95,24.39
ITEM_103262,ORD_21967,PROD_580,1,221.1,0.0
ITEM_103263,ORD_21968,PROD_563,1,317.9,0.0
ITEM_103264,ORD_21969,PROD_508,1,312.13,31.21
ITEM_103265,ORD_21970,PROD_532,1,272.35,0.0
ITEM_103266,ORD_21970,PROD_539,2,250.31,0.0
ITEM_103267,ORD_21971,PROD_574,1,250.97,0.0
ITEM_103268,ORD_21971,PROD_535,1,36.04,0.0
ITEM_103269,ORD_21971,PROD_546,2,209.69,20.97
ITEM_103270,ORD_21972,PROD_515,2,189.61,0.0
ITEM_103271,ORD_21972,PROD_573,1,121.95,0.0
ITEM_103272,ORD_21972,PROD_564,2,77.5,0.0
ITEM_103273,ORD_21973,PROD_537,1,145.12,7.26
ITEM_103274,ORD_21973,PROD_555,1,121.11,12.11
ITEM_103275,ORD_21974,PROD_574,1,250.97,0.0
ITEM_103276,ORD_21974,PROD_551,1,148.84,0.0
ITEM_103277,ORD_21974,PROD_555,1,121.11,6.06
ITEM_103278,ORD_21975,PROD_529,2,24.28,2.43
ITEM_103279,ORD_21975,PROD_580,1,221.1,22.11
ITEM_103280,ORD_21976,PROD_553,1,123.16,6.16
ITEM_103281,ORD_21976,PROD_544,1,280.84,0.0
ITEM_103282,ORD_21976,PROD_551,1,148.84,0.0
ITEM_103283,ORD_21977,PROD_578,2,165.8,0.0
ITEM_103284,ORD_21977,PROD_570,1,85.34,0.0
ITEM_103285,ORD_21978,PROD_538,1,153.61,0.0
ITEM_103286,ORD_21979,PROD_511,1,295.08,0.0
ITEM_103287,ORD_21979,PROD_524,1,116.66,0.0
ITEM_103288,ORD_21980,PROD_560,1,88.9,0.0
ITEM_103289,ORD_21981,PROD_541,2,137.54,0.0
ITEM_103290,ORD_21982,PROD_503,3,157.89,23.68
ITEM_103291,ORD_21983,PROD_508,1,312.13,15.61
ITEM_103292,ORD_21983,PROD_513,2,126.72,12.67
ITEM_103293,ORD_21984,PROD_576,1,75.48,0.0
ITEM_103294,ORD_21985,PROD_525,2,227.68,0.0
ITEM_103295,ORD_21986,PROD_530,1,142.79,0.0
ITEM_103296,ORD_21986,PROD_517,2,232.38,0.0
ITEM_103297,ORD_21987,PROD_549,1,112.15,0.0
ITEM_103298,ORD_21988,PROD_521,1,141.39,0.0
ITEM_103299,ORD_21989,PROD_539,2,250.31,0.0
ITEM_103300,ORD_21990,PROD_548,1,54.38,0.0
ITEM_103301,ORD_21990,PROD_557,2,170.75,0.0
ITEM_103302,ORD_21991,PROD_508,2,312.13,0.0
ITEM_103303,ORD_21992,PROD_538,1,153.61,0.0
ITEM_103304,ORD_21993,PROD_508,1,312.13,0.0
ITEM_103305,ORD_21993,PROD_572,1,144.07,0.0
ITEM_103306,ORD_21993,PROD_542,2,140.18,42.05
ITEM_103307,ORD_21994,PROD_519,2,236.9,0.0
ITEM_103308,ORD_21995,PROD_578,2,165.8,16.58
ITEM_103309,ORD_21996,PROD_535,1,36.04,1.8
ITEM_103310,ORD_21996,PROD_567,1,103.84,0.0
ITEM_103311,ORD_21996,PROD_580,1,221.1,0.0
ITEM_103312,ORD_21997,PROD_510,1,220.56,0.0
ITEM_103313,ORD_21997,PROD_514,1,255.83,0.0
ITEM_103314,ORD_21997,PROD_533,2,161.57,48.47
ITEM_103315,ORD_21997,PROD_531,3,242.35,0.0
ITEM_103316,ORD_21998,PROD_513,2,126.72,0.0
ITEM_103317,ORD_21999,PROD_569,1,274.5,0.0
ITEM_103318,ORD_21999,PROD_510,1,220.56,22.06
ITEM_103319,ORD_22000,PROD_575,1,175.82,0.0
ITEM_103320,ORD_22001,PROD_534,2,46.48,4.65
ITEM_103321,ORD_22002,PROD_572,2,144.07,43.22
ITEM_103322,ORD_22002,PROD_539,3,250.31,37.55
ITEM_103323,ORD_22002,PROD_511,1,295.08,0.0
ITEM_103324,ORD_22003,PROD_579,1,221.42,0.0
ITEM_103325,ORD_22004,PROD_513,1,126.72,0.0
ITEM_103326,ORD_22005,PROD_555,1,121.11,0.0
ITEM_103327,ORD_22005,PROD_559,1,149.13,22.37
ITEM_103328,ORD_22006,PROD_510,1,220.56,11.03
ITEM_103329,ORD_22007,PROD_550,1,19.6,1.96
ITEM_103330,ORD_22007,PROD_512,3,151.42,0.0
ITEM_103331,ORD_22008,PROD_560,1,88.9,0.0
ITEM_103332,ORD_22008,PROD_527,2,218.49,43.7
ITEM_103333,ORD_22008,PROD_564,1,77.5,0.0
ITEM_103334,ORD_22009,PROD_551,2,148.84,0.0
ITEM_103335,ORD_22010,PROD_546,1,209.69,0.0
ITEM_103336,ORD_22010,PROD_566,1,250.95,0.0
ITEM_103337,ORD_22010,PROD_533,3,161.57,24.24
ITEM_103338,ORD_22011,PROD_570,1,85.34,0.0
ITEM_103339,ORD_22011,PROD_557,1,170.75,17.07
ITEM_103340,ORD_22012,PROD_570,1,85.34,0.0
ITEM_103341,ORD_22013,PROD_564,1,77.5,0.0
ITEM_103342,ORD_22013,PROD_524,1,116.66,5.83
ITEM_103343,ORD_22014,PROD_505,1,64.22,0.0
ITEM_103344,ORD_22015,PROD_546,1,209.69,0.0
ITEM_103345,ORD_22016,PROD_539,2,250.31,25.03
ITEM_103346,ORD_22017,PROD_505,1,64.22,0.0
ITEM_103347,ORD_22017,PROD_560,1,88.9,4.45
ITEM_103348,ORD_22018,PROD_522,1,209.52,0.0
ITEM_103349,ORD_22019,PROD_575,3,175.82,79.12
ITEM_103350,ORD_22020,PROD_579,1,221.42,22.14
ITEM_103351,ORD_22020,PROD_540,1,48.42,0.0
ITEM_103352,ORD_22021,PROD_561,2,375.16,37.52
ITEM_103353,ORD_22021,PROD_580,1,221.1,22.11
ITEM_103354,ORD_22022,PROD_504,2,130.74,0.0
ITEM_103355,ORD_22022,PROD_577,2,71.78,21.53
ITEM_103356,ORD_22022,PROD_524,2,116.66,0.0
ITEM_103357,ORD_22023,PROD_557,3,170.75,0.0
ITEM_103358,ORD_22023,PROD_561,1,375.16,0.0
ITEM_103359,ORD_22024,PROD_520,1,74.25,0.0
ITEM_103360,ORD_22024,PROD_558,2,152.68,0.0
ITEM_103361,ORD_22025,PROD_533,2,161.57,0.0
ITEM_103362,ORD_22025,PROD_524,1,116.66,0.0
ITEM_103363,ORD_22025,PROD_570,1,85.34,0.0
ITEM_103364,ORD_22026,PROD_560,1,88.9,0.0
ITEM_103365,ORD_22026,PROD_566,2,250.95,0.0
ITEM_103366,ORD_22027,PROD_567,1,103.84,10.38
ITEM_103367,ORD_22028,PROD_571,1,211.74,0.0
ITEM_103368,ORD_22028,PROD_553,1,123.16,0.0
ITEM_103369,ORD_22029,PROD_545,1,246.78,12.34
ITEM_103370,ORD_22030,PROD_536,1,242.17,0.0
ITEM_103371,ORD_22031,PROD_569,1,274.5,0.0
ITEM_103372,ORD_22031,PROD_531,1,242.35,24.23
ITEM_103373,ORD_22032,PROD_508,1,312.13,15.61
ITEM_103374,ORD_22033,PROD_546,1,209.69,0.0
ITEM_103375,ORD_22034,PROD_538,3,153.61,0.0
ITEM_103376,ORD_22034,PROD_517,1,232.38,11.62
ITEM_103377,ORD_22034,PROD_501,1,199.67,0.0
ITEM_103378,ORD_22034,PROD_553,3,123.16,0.0
ITEM_103379,ORD_22035,PROD_556,2,171.31,0.0
ITEM_103380,ORD_22035,PROD_573,1,121.95,0.0
ITEM_103381,ORD_22036,PROD_556,1,171.31,0.0
ITEM_103382,ORD_22037,PROD_532,2,272.35,0.0
ITEM_103383,ORD_22038,PROD_542,1,140.18,0.0
ITEM_103384,ORD_22039,PROD_571,2,211.74,0.0
ITEM_103385,ORD_22039,PROD_568,1,116.17,0.0
ITEM_103386,ORD_22039,PROD_552,2,157.7,0.0
ITEM_103387,ORD_22040,PROD_552,1,157.7,0.0
ITEM_103388,ORD_22041,PROD_564,1,77.5,0.0
ITEM_103389,ORD_22042,PROD_541,2,137.54,0.0
ITEM_103390,ORD_22042,PROD_578,1,165.8,0.0
ITEM_103391,ORD_22043,PROD_551,2,148.84,0.0
ITEM_103392,ORD_22044,PROD_579,1,221.42,0.0
ITEM_103393,ORD_22044,PROD_505,1,64.22,6.42
ITEM_103394,ORD_22045,PROD_525,1,227.68,0.0
ITEM_103395,ORD_22045,PROD_538,1,153.61,0.0
ITEM_103396,ORD_22046,PROD_566,1,250.95,0.0
ITEM_103397,ORD_22047,PROD_562,3,225.46,0.0
ITEM_103398,ORD_22047,PROD_542,1,140.18,0.0
ITEM_103399,ORD_22047,PROD_566,1,250.95,25.09
ITEM_103400,ORD_22047,PROD_516,2,91.12,0.0
ITEM_103401,ORD_22048,PROD_521,1,141.39,0.0
ITEM_103402,ORD_22048,PROD_567,1,103.84,15.58
ITEM_103403,ORD_22049,PROD_571,1,211.74,0.0
ITEM_103404,ORD_22050,PROD_546,1,209.69,0.0
ITEM_103405,ORD_22051,PROD_555,1,121.11,0.0
ITEM_103406,ORD_22052,PROD_548,1,54.38,5.44
ITEM_103407,ORD_22052,PROD_542,1,140.18,0.0
ITEM_103408,ORD_22053,PROD_519,1,236.9,0.0
ITEM_103409,ORD_22053,PROD_536,1,242.17,0.0
ITEM_103410,ORD_22054,PROD_515,2,189.61,0.0
ITEM_103411,ORD_22055,PROD_564,1,77.5,0.0
ITEM_103412,ORD_22056,PROD_571,3,211.74,0.0
ITEM_103413,ORD_22056,PROD_547,1,20.21,0.0
ITEM_103414,ORD_22057,PROD_568,3,116.17,34.85
ITEM_103415,ORD_22058,PROD_501,1,199.67,0.0
ITEM_103416,ORD_22059,PROD_545,1,246.78,0.0
ITEM_103417,ORD_22059,PROD_554,1,309.23,15.46
ITEM_103418,ORD_22059,PROD_514,1,255.83,12.79
ITEM_103419,ORD_22060,PROD_532,1,272.35,0.0
ITEM_103420,ORD_22061,PROD_515,1,189.61,0.0
ITEM_103421,ORD_22062,PROD_535,1,36.04,0.0
ITEM_103422,ORD_22062,PROD_565,1,16.38,0.0
ITEM_103423,ORD_22063,PROD_522,1,209.52,0.0
ITEM_103424,ORD_22064,PROD_567,1,103.84,15.58
ITEM_103425,ORD_22065,PROD_517,1,232.38,0.0
ITEM_103426,ORD_22066,PROD_569,2,274.5,0.0
ITEM_103427,ORD_22066,PROD_538,1,153.61,0.0
ITEM_103428,ORD_22066,PROD_560,2,88.9,0.0
ITEM_103429,ORD_22066,PROD_578,1,165.8,16.58
ITEM_103430,ORD_22067,PROD_541,1,137.54,0.0
ITEM_103431,ORD_22068,PROD_550,1,19.6,1.96
ITEM_103432,ORD_22069,PROD_552,2,157.7,0.0
ITEM_103433,ORD_22070,PROD_558,2,152.68,0.0
ITEM_103434,ORD_22070,PROD_541,1,137.54,0.0
ITEM_103435,ORD_22070,PROD_502,1,242.11,24.21
ITEM_103436,ORD_22071,PROD_546,1,209.69,0.0
ITEM_103437,ORD_22072,PROD_541,1,137.54,0.0
ITEM_103438,ORD_22073,PROD_504,1,130.74,0.0
ITEM_103439,ORD_22074,PROD_515,1,189.61,0.0
ITEM_103440,ORD_22075,PROD_553,1,123.16,0.0
ITEM_103441,ORD_22076,PROD_579,1,221.42,0.0
ITEM_103442,ORD_22076,PROD_509,1,213.9,21.39
ITEM_103443,ORD_22077,PROD_519,1,236.9,0.0
ITEM_103444,ORD_22077,PROD_524,1,116.66,0.0
ITEM_103445,ORD_22077,PROD_544,2,280.84,0.0
ITEM_103446,ORD_22078,PROD_509,1,213.9,0.0
ITEM_103447,ORD_22079,PROD_545,1,246.78,0.0
ITEM_103448,ORD_22079,PROD_555,1,121.11,0.0
ITEM_103449,ORD_22080,PROD_509,2,213.9,21.39
ITEM_103450,ORD_22081,PROD_557,2,170.75,0.0
ITEM_103451,ORD_22082,PROD_554,1,309.23,0.0
ITEM_103452,ORD_22083,PROD_544,2,280.84,56.17
ITEM_103453,ORD_22083,PROD_530,1,142.79,7.14
ITEM_103454,ORD_22084,PROD_578,1,165.8,0.0
ITEM_103455,ORD_22084,PROD_555,1,121.11,0.0
ITEM_103456,ORD_22085,PROD_551,1,148.84,0.0
ITEM_103457,ORD_22086,PROD_537,1,145.12,0.0
ITEM_103458,ORD_22086,PROD_567,1,103.84,5.19
ITEM_103459,ORD_22087,PROD_504,2,130.74,26.15
ITEM_103460,ORD_22087,PROD_553,2,123.16,0.0
ITEM_103461,ORD_22087,PROD_546,1,209.69,0.0
ITEM_103462,ORD_22088,PROD_550,3,19.6,0.0
ITEM_103463,ORD_22089,PROD_504,1,130.74,6.54
ITEM_103464,ORD_22090,PROD_576,3,75.48,0.0
ITEM_103465,ORD_22091,PROD_560,1,88.9,0.0
ITEM_103466,ORD_22092,PROD_555,1,121.11,0.0
ITEM_103467,ORD_22093,PROD_580,2,221.1,0.0
ITEM_103468,ORD_22093,PROD_533,3,161.57,72.71
ITEM_103469,ORD_22093,PROD_516,1,91.12,0.0
ITEM_103470,ORD_22094,PROD_543,1,313.64,15.68
ITEM_103471,ORD_22094,PROD_502,1,242.11,12.11
ITEM_103472,ORD_22095,PROD_544,1,280.84,14.04
ITEM_103473,ORD_22095,PROD_554,1,309.23,0.0
ITEM_103474,ORD_22096,PROD_501,2,199.67,59.9
ITEM_103475,ORD_22096,PROD_557,2,170.75,17.07
ITEM_103476,ORD_22097,PROD_504,1,130.74,19.61
ITEM_103477,ORD_22098,PROD_562,1,225.46,0.0
ITEM_103478,ORD_22098,PROD_523,1,104.47,0.0
ITEM_103479,ORD_22099,PROD_555,1,121.11,6.06
ITEM_103480,ORD_22099,PROD_549,1,112.15,11.22
ITEM_103481,ORD_22099,PROD_546,2,209.69,41.94
ITEM_103482,ORD_22100,PROD_514,2,255.83,0.0
ITEM_103483,ORD_22100,PROD_524,2,116.66,0.0
ITEM_103484,ORD_22101,PROD_519,1,236.9,11.85
ITEM_103485,ORD_22101,PROD_542,1,140.18,14.02
ITEM_103486,ORD_22102,PROD_572,2,144.07,0.0
ITEM_103487,ORD_22103,PROD_565,1,16.38,0.82
ITEM_103488,ORD_22103,PROD_545,1,246.78,12.34
ITEM_103489,ORD_22103,PROD_526,3,212.22,0.0
ITEM_103490,ORD_22104,PROD_518,1,148.06,0.0
ITEM_103491,ORD_22104,PROD_551,1,148.84,0.0
ITEM_103492,ORD_22105,PROD_531,1,242.35,0.0
ITEM_103493,ORD_22105,PROD_524,1,116.66,0.0
ITEM_103494,ORD_22105,PROD_517,1,232.38,0.0
ITEM_103495,ORD_22105,PROD_557,1,170.75,25.61
ITEM_103496,ORD_22106,PROD_528,1,17.95,0.9
ITEM_103497,ORD_22107,PROD_566,1,250.95,25.09
ITEM_103498,ORD_22108,PROD_564,1,77.5,0.0
ITEM_103499,ORD_22108,PROD_566,3,250.95,0.0
ITEM_103500,ORD_22109,PROD_502,2,242.11,0.0
ITEM_103501,ORD_22110,PROD_538,1,153.61,0.0
ITEM_103502,ORD_22110,PROD_556,1,171.31,0.0
ITEM_103503,ORD_22111,PROD_561,1,375.16,37.52
ITEM_103504,ORD_22112,PROD_525,2,227.68,68.3
ITEM_103505,ORD_22112,PROD_534,1,46.48,0.0
ITEM_103506,ORD_22112,PROD_513,1,126.72,0.0
ITEM_103507,ORD_22113,PROD_514,1,255.83,0.0
ITEM_103508,ORD_22114,PROD_572,1,144.07,0.0
ITEM_103509,ORD_22114,PROD_558,1,152.68,0.0
ITEM_103510,ORD_22114,PROD_521,1,141.39,0.0
ITEM_103511,ORD_22115,PROD_572,3,144.07,0.0
ITEM_103512,ORD_22115,PROD_509,2,213.9,0.0
ITEM_103513,ORD_22116,PROD_503,1,157.89,0.0
ITEM_103514,ORD_22116,PROD_507,1,16.01,0.0
ITEM_103515,ORD_22116,PROD_569,1,274.5,0.0
ITEM_103516,ORD_22117,PROD_538,2,153.61,0.0
ITEM_103517,ORD_22117,PROD_569,2,274.5,54.9
ITEM_103518,ORD_22118,PROD_572,1,144.07,7.2
ITEM_103519,ORD_22119,PROD_534,1,46.48,0.0
ITEM_103520,ORD_22120,PROD_534,1,46.48,6.97
ITEM_103521,ORD_22120,PROD_513,2,126.72,0.0
ITEM_103522,ORD_22120,PROD_555,2,121.11,0.0
ITEM_103523,ORD_22121,PROD_547,1,20.21,0.0
ITEM_103524,ORD_22122,PROD_544,1,280.84,42.13
ITEM_103525,ORD_22122,PROD_568,1,116.17,5.81
ITEM_103526,ORD_22122,PROD_555,1,121.11,0.0
ITEM_103527,ORD_22122,PROD_576,3,75.48,11.32
ITEM_103528,ORD_22123,PROD_565,1,16.38,1.64
ITEM_103529,ORD_22124,PROD_575,1,175.82,0.0
ITEM_103530,ORD_22124,PROD_557,1,170.75,0.0
ITEM_103531,ORD_22125,PROD_506,1,240.11,12.01
ITEM_103532,ORD_22126,PROD_547,1,20.21,0.0
ITEM_103533,ORD_22126,PROD_518,1,148.06,7.4
ITEM_103534,ORD_22127,PROD_576,1,75.48,0.0
ITEM_103535,ORD_22128,PROD_578,1,165.8,0.0
ITEM_103536,ORD_22129,PROD_549,3,112.15,16.82
ITEM_103537,ORD_22130,PROD_544,1,280.84,14.04
ITEM_103538,ORD_22131,PROD_560,1,88.9,0.0
ITEM_103539,ORD_22131,PROD_570,1,85.34,0.0
ITEM_103540,ORD_22131,PROD_525,1,227.68,0.0
ITEM_103541,ORD_22132,PROD_531,1,242.35,0.0
ITEM_103542,ORD_22132,PROD_552,1,157.7,0.0
ITEM_103543,ORD_22133,PROD_538,1,153.61,0.0
ITEM_103544,ORD_22133,PROD_563,1,317.9,0.0
ITEM_103545,ORD_22134,PROD_514,1,255.83,0.0
ITEM_103546,ORD_22134,PROD_552,1,157.7,0.0
ITEM_103547,ORD_22135,PROD_510,2,220.56,0.0
ITEM_103548,ORD_22136,PROD_576,1,75.48,0.0
ITEM_103549,ORD_22136,PROD_547,1,20.21,0.0
ITEM_103550,ORD_22136,PROD_558,1,152.68,0.0
ITEM_103551,ORD_22137,PROD_546,1,209.69,10.48
ITEM_103552,ORD_22137,PROD_553,1,123.16,6.16
ITEM_103553,ORD_22138,PROD_535,2,36.04,0.0
ITEM_103554,ORD_22139,PROD_533,1,161.57,8.08
ITEM_103555,ORD_22139,PROD_508,1,312.13,0.0
ITEM_103556,ORD_22140,PROD_522,1,209.52,0.0
ITEM_103557,ORD_22140,PROD_550,1,19.6,0.0
ITEM_103558,ORD_22141,PROD_526,1,212.22,0.0
ITEM_103559,ORD_22141,PROD_551,1,148.84,7.44
ITEM_103560,ORD_22141,PROD_538,1,153.61,0.0
ITEM_103561,ORD_22142,PROD_524,1,116.66,11.67
ITEM_103562,ORD_22142,PROD_550,1,19.6,0.98
ITEM_103563,ORD_22142,PROD_533,3,161.57,0.0
ITEM_103564,ORD_22142,PROD_522,1,209.52,10.48
ITEM_103565,ORD_22143,PROD_572,1,144.07,0.0
ITEM_103566,ORD_22144,PROD_550,1,19.6,1.96
ITEM_103567,ORD_22145,PROD_510,2,220.56,0.0
ITEM_103568,ORD_22145,PROD_507,3,16.01,0.0
ITEM_103569,ORD_22145,PROD_523,1,104.47,0.0
ITEM_103570,ORD_22145,PROD_532,1,272.35,0.0
ITEM_103571,ORD_22146,PROD_535,1,36.04,5.41
ITEM_103572,ORD_22147,PROD_575,1,175.82,0.0
ITEM_103573,ORD_22148,PROD_514,1,255.83,0.0
ITEM_103574,ORD_22149,PROD_514,1,255.83,0.0
ITEM_103575,ORD_22149,PROD_568,1,116.17,0.0
ITEM_103576,ORD_22150,PROD_564,2,77.5,0.0
ITEM_103577,ORD_22150,PROD_529,2,24.28,2.43
ITEM_103578,ORD_22151,PROD_534,1,46.48,4.65
ITEM_103579,ORD_22151,PROD_546,1,209.69,0.0
ITEM_103580,ORD_22151,PROD_537,1,145.12,7.26
ITEM_103581,ORD_22151,PROD_517,1,232.38,0.0
ITEM_103582,ORD_22152,PROD_550,1,19.6,2.94
ITEM_103583,ORD_22153,PROD_501,1,199.67,0.0
ITEM_103584,ORD_22154,PROD_549,1,112.15,0.0
ITEM_103585,ORD_22155,PROD_563,1,317.9,0.0
ITEM_103586,ORD_22155,PROD_536,1,242.17,36.33
ITEM_103587,ORD_22155,PROD_532,2,272.35,27.24
ITEM_103588,ORD_22156,PROD_579,1,221.42,0.0
ITEM_103589,ORD_22157,PROD_574,1,250.97,0.0
ITEM_103590,ORD_22158,PROD_504,1,130.74,13.07
ITEM_103591,ORD_22158,PROD_519,1,236.9,11.85
ITEM_103592,ORD_22158,PROD_516,1,91.12,0.0
ITEM_103593,ORD_22158,PROD_545,1,246.78,0.0
ITEM_103594,ORD_22159,PROD_553,2,123.16,0.0
ITEM_103595,ORD_22159,PROD_513,1,126.72,6.34
ITEM_103596,ORD_22160,PROD_565,1,16.38,0.0
ITEM_103597,ORD_22161,PROD_511,1,295.08,44.26
ITEM_103598,ORD_22162,PROD_563,1,317.9,0.0
ITEM_103599,ORD_22162,PROD_572,1,144.07,0.0
ITEM_103600,ORD_22162,PROD_546,1,209.69,0.0
ITEM_103601,ORD_22162,PROD_511,1,295.08,0.0
ITEM_103602,ORD_22163,PROD_577,1,71.78,0.0
ITEM_103603,ORD_22164,PROD_513,1,126.72,0.0
ITEM_103604,ORD_22164,PROD_575,1,175.82,0.0
ITEM_103605,ORD_22165,PROD_570,1,85.34,0.0
ITEM_103606,ORD_22165,PROD_519,1,236.9,23.69
ITEM_103607,ORD_22165,PROD_524,1,116.66,5.83
ITEM_103608,ORD_22166,PROD_573,1,121.95,0.0
ITEM_103609,ORD_22167,PROD_531,1,242.35,0.0
ITEM_103610,ORD_22167,PROD_507,1,16.01,0.8
ITEM_103611,ORD_22167,PROD_543,1,313.64,31.36
ITEM_103612,ORD_22168,PROD_533,2,161.57,0.0
ITEM_103613,ORD_22169,PROD_547,1,20.21,0.0
ITEM_103614,ORD_22170,PROD_543,1,313.64,0.0
ITEM_103615,ORD_22170,PROD_533,1,161.57,8.08
ITEM_103616,ORD_22171,PROD_509,1,213.9,0.0
ITEM_103617,ORD_22172,PROD_545,2,246.78,0.0
ITEM_103618,ORD_22173,PROD_546,1,209.69,0.0
ITEM_103619,ORD_22173,PROD_550,1,19.6,1.96
ITEM_103620,ORD_22173,PROD_527,1,218.49,0.0
ITEM_103621,ORD_22174,PROD_563,1,317.9,0.0
ITEM_103622,ORD_22174,PROD_533,1,161.57,0.0
ITEM_103623,ORD_22174,PROD_553,2,123.16,24.63
ITEM_103624,ORD_22175,PROD_568,3,116.17,0.0
ITEM_103625,ORD_22175,PROD_555,2,121.11,0.0
ITEM_103626,ORD_22176,PROD_547,1,20.21,0.0
ITEM_103627,ORD_22177,PROD_526,1,212.22,0.0
ITEM_103628,ORD_22177,PROD_547,1,20.21,0.0
ITEM_103629,ORD_22178,PROD_531,1,242.35,0.0
ITEM_103630,ORD_22179,PROD_510,2,220.56,0.0
ITEM_103631,ORD_22179,PROD_543,2,313.64,0.0
ITEM_103632,ORD_22180,PROD_542,1,140.18,7.01
ITEM_103633,ORD_22180,PROD_547,1,20.21,0.0
ITEM_103634,ORD_22181,PROD_572,1,144.07,0.0
ITEM_103635,ORD_22181,PROD_544,1,280.84,0.0
ITEM_103636,ORD_22181,PROD_530,2,142.79,0.0
ITEM_103637,ORD_22182,PROD_550,1,19.6,0.0
ITEM_103638,ORD_22182,PROD_523,1,104.47,0.0
ITEM_103639,ORD_22182,PROD_545,1,246.78,0.0
ITEM_103640,ORD_22183,PROD_557,1,170.75,8.54
ITEM_103641,ORD_22183,PROD_559,2,149.13,14.91
ITEM_103642,ORD_22183,PROD_545,1,246.78,0.0
ITEM_103643,ORD_22184,PROD_547,1,20.21,0.0
ITEM_103644,ORD_22185,PROD_543,1,313.64,0.0
ITEM_103645,ORD_22185,PROD_515,1,189.61,0.0
ITEM_103646,ORD_22185,PROD_557,1,170.75,0.0
ITEM_103647,ORD_22186,PROD_518,1,148.06,0.0
ITEM_103648,ORD_22186,PROD_519,2,236.9,23.69
ITEM_103649,ORD_22186,PROD_529,1,24.28,0.0
ITEM_103650,ORD_22186,PROD_551,1,148.84,0.0
ITEM_103651,ORD_22187,PROD_577,1,71.78,7.18
ITEM_103652,ORD_22188,PROD_547,1,20.21,0.0
ITEM_103653,ORD_22188,PROD_531,1,242.35,12.12
ITEM_103654,ORD_22189,PROD_577,1,71.78,0.0
ITEM_103655,ORD_22189,PROD_560,1,88.9,0.0
ITEM_103656,ORD_22189,PROD_553,1,123.16,6.16
ITEM_103657,ORD_22190,PROD_549,1,112.15,11.22
ITEM_103658,ORD_22191,PROD_513,1,126.72,0.0
ITEM_103659,ORD_22192,PROD_520,1,74.25,0.0
ITEM_103660,ORD_22193,PROD_542,1,140.18,0.0
ITEM_103661,ORD_22193,PROD_517,3,232.38,0.0
ITEM_103662,ORD_22194,PROD_577,2,71.78,0.0
ITEM_103663,ORD_22195,PROD_504,2,130.74,0.0
ITEM_103664,ORD_22195,PROD_532,1,272.35,0.0
ITEM_103665,ORD_22195,PROD_534,1,46.48,4.65
ITEM_103666,ORD_22196,PROD_565,1,16.38,0.82
ITEM_103667,ORD_22197,PROD_537,2,145.12,0.0
ITEM_103668,ORD_22198,PROD_580,1,221.1,0.0
ITEM_103669,ORD_22199,PROD_577,1,71.78,0.0
ITEM_103670,ORD_22200,PROD_560,1,88.9,4.45
ITEM_103671,ORD_22201,PROD_557,1,170.75,0.0
ITEM_103672,ORD_22202,PROD_517,3,232.38,0.0
ITEM_103673,ORD_22203,PROD_544,1,280.84,0.0
ITEM_103674,ORD_22204,PROD_506,1,240.11,0.0
ITEM_103675,ORD_22205,PROD_568,2,116.17,0.0
ITEM_103676,ORD_22206,PROD_558,1,152.68,0.0
ITEM_103677,ORD_22206,PROD_564,1,77.5,0.0
ITEM_103678,ORD_22206,PROD_522,2,209.52,0.0
ITEM_103679,ORD_22206,PROD_512,3,151.42,0.0
ITEM_103680,ORD_22207,PROD_546,1,209.69,0.0
ITEM_103681,ORD_22208,PROD_536,1,242.17,0.0
ITEM_103682,ORD_22208,PROD_579,2,221.42,0.0
ITEM_103683,ORD_22209,PROD_546,1,209.69,0.0
ITEM_103684,ORD_22210,PROD_523,2,104.47,0.0
ITEM_103685,ORD_22211,PROD_523,1,104.47,0.0
ITEM_103686,ORD_22212,PROD_546,1,209.69,0.0
ITEM_103687,ORD_22213,PROD_524,2,116.66,11.67
ITEM_103688,ORD_22214,PROD_502,2,242.11,48.42
ITEM_103689,ORD_22215,PROD_527,1,218.49,0.0
ITEM_103690,ORD_22215,PROD_532,2,272.35,0.0
ITEM_103691,ORD_22215,PROD_519,3,236.9,0.0
ITEM_103692,ORD_22216,PROD_562,1,225.46,0.0
ITEM_103693,ORD_22216,PROD_542,1,140.18,0.0
ITEM_103694,ORD_22216,PROD_572,2,144.07,0.0
ITEM_103695,ORD_22216,PROD_568,2,116.17,0.0
ITEM_103696,ORD_22217,PROD_574,2,250.97,0.0
ITEM_103697,ORD_22218,PROD_554,1,309.23,46.38
ITEM_103698,ORD_22219,PROD_546,1,209.69,0.0
ITEM_103699,ORD_22220,PROD_537,1,145.12,0.0
ITEM_103700,ORD_22220,PROD_573,1,121.95,0.0
ITEM_103701,ORD_22221,PROD_528,2,17.95,3.59
ITEM_103702,ORD_22221,PROD_522,1,209.52,0.0
ITEM_103703,ORD_22222,PROD_527,1,218.49,21.85
ITEM_103704,ORD_22222,PROD_510,3,220.56,0.0
ITEM_103705,ORD_22222,PROD_542,1,140.18,14.02
ITEM_103706,ORD_22223,PROD_531,1,242.35,0.0
ITEM_103707,ORD_22224,PROD_531,1,242.35,24.23
ITEM_103708,ORD_22225,PROD_534,1,46.48,0.0
ITEM_103709,ORD_22226,PROD_544,1,280.84,0.0
ITEM_103710,ORD_22226,PROD_535,2,36.04,0.0
ITEM_103711,ORD_22226,PROD_561,1,375.16,37.52
ITEM_103712,ORD_22227,PROD_542,2,140.18,0.0
ITEM_103713,ORD_22227,PROD_567,3,103.84,0.0
ITEM_103714,ORD_22227,PROD_562,1,225.46,0.0
ITEM_103715,ORD_22228,PROD_503,1,157.89,0.0
ITEM_103716,ORD_22228,PROD_529,1,24.28,0.0
ITEM_103717,ORD_22229,PROD_507,1,16.01,0.8
ITEM_103718,ORD_22230,PROD_543,1,313.64,0.0
ITEM_103719,ORD_22230,PROD_526,1,212.22,0.0
ITEM_103720,ORD_22230,PROD_531,1,242.35,0.0
ITEM_103721,ORD_22230,PROD_579,1,221.42,0.0
ITEM_103722,ORD_22231,PROD_553,1,123.16,6.16
ITEM_103723,ORD_22231,PROD_521,1,141.39,0.0
ITEM_103724,ORD_22231,PROD_506,2,240.11,48.02
ITEM_103725,ORD_22231,PROD_517,1,232.38,34.86
ITEM_103726,ORD_22232,PROD_541,1,137.54,0.0
ITEM_103727,ORD_22232,PROD_506,1,240.11,0.0
ITEM_103728,ORD_22232,PROD_579,1,221.42,33.21
ITEM_103729,ORD_22232,PROD_569,2,274.5,54.9
ITEM_103730,ORD_22233,PROD_504,1,130.74,0.0
ITEM_103731,ORD_22234,PROD_504,3,130.74,0.0
ITEM_103732,ORD_22234,PROD_557,1,170.75,0.0
ITEM_103733,ORD_22235,PROD_526,2,212.22,42.44
ITEM_103734,ORD_22235,PROD_545,1,246.78,0.0
ITEM_103735,ORD_22235,PROD_544,2,280.84,0.0
ITEM_103736,ORD_22236,PROD_530,2,142.79,0.0
ITEM_103737,ORD_22237,PROD_538,1,153.61,0.0
ITEM_103738,ORD_22237,PROD_525,2,227.68,0.0
ITEM_103739,ORD_22238,PROD_544,1,280.84,0.0
ITEM_103740,ORD_22239,PROD_550,1,19.6,0.0
ITEM_103741,ORD_22240,PROD_522,1,209.52,10.48
ITEM_103742,ORD_22240,PROD_507,1,16.01,0.0
ITEM_103743,ORD_22241,PROD_562,1,225.46,33.82
ITEM_103744,ORD_22242,PROD_555,1,121.11,0.0
ITEM_103745,ORD_22242,PROD_579,2,221.42,0.0
ITEM_103746,ORD_22243,PROD_556,1,171.31,17.13
ITEM_103747,ORD_22244,PROD_576,1,75.48,0.0
ITEM_103748,ORD_22245,PROD_507,3,16.01,4.8
ITEM_103749,ORD_22245,PROD_517,1,232.38,0.0
ITEM_103750,ORD_22246,PROD_569,1,274.5,0.0
ITEM_103751,ORD_22246,PROD_521,1,141.39,0.0
ITEM_103752,ORD_22247,PROD_555,1,121.11,0.0
ITEM_103753,ORD_22248,PROD_527,1,218.49,0.0
ITEM_103754,ORD_22248,PROD_514,1,255.83,0.0
ITEM_103755,ORD_22248,PROD_505,1,64.22,0.0
ITEM_103756,ORD_22249,PROD_552,1,157.7,0.0
ITEM_103757,ORD_22249,PROD_578,1,165.8,0.0
ITEM_103758,ORD_22250,PROD_555,1,121.11,0.0
ITEM_103759,ORD_22251,PROD_516,3,91.12,0.0
ITEM_103760,ORD_22252,PROD_507,1,16.01,0.0
ITEM_103761,ORD_22253,PROD_529,1,24.28,2.43
ITEM_103762,ORD_22254,PROD_517,2,232.38,23.24
ITEM_103763,ORD_22255,PROD_542,1,140.18,0.0
ITEM_103764,ORD_22256,PROD_563,1,317.9,47.68
ITEM_103765,ORD_22256,PROD_558,3,152.68,0.0
ITEM_103766,ORD_22256,PROD_559,1,149.13,0.0
ITEM_103767,ORD_22257,PROD_503,1,157.89,0.0
ITEM_103768,ORD_22258,PROD_561,1,375.16,18.76
ITEM_103769,ORD_22259,PROD_547,1,20.21,0.0
ITEM_103770,ORD_22259,PROD_504,1,130.74,0.0
ITEM_103771,ORD_22260,PROD_516,1,91.12,0.0
ITEM_103772,ORD_22260,PROD_575,1,175.82,8.79
ITEM_103773,ORD_22261,PROD_540,1,48.42,0.0
ITEM_103774,ORD_22262,PROD_564,1,77.5,7.75
ITEM_103775,ORD_22263,PROD_522,1,209.52,20.95
ITEM_103776,ORD_22264,PROD_562,1,225.46,0.0
ITEM_103777,ORD_22264,PROD_569,3,274.5,41.18
ITEM_103778,ORD_22265,PROD_546,2,209.69,0.0
ITEM_103779,ORD_22266,PROD_501,1,199.67,9.98
ITEM_103780,ORD_22267,PROD_506,1,240.11,0.0
ITEM_103781,ORD_22267,PROD_504,1,130.74,0.0
ITEM_103782,ORD_22268,PROD_568,1,116.17,0.0
ITEM_103783,ORD_22269,PROD_527,1,218.49,0.0
ITEM_103784,ORD_22269,PROD_531,1,242.35,0.0
ITEM_103785,ORD_22270,PROD_569,2,274.5,82.35
ITEM_103786,ORD_22271,PROD_549,1,112.15,0.0
ITEM_103787,ORD_22272,PROD_556,2,171.31,0.0
ITEM_103788,ORD_22273,PROD_526,1,212.22,0.0
ITEM_103789,ORD_22273,PROD_565,2,16.38,4.91
ITEM_103790,ORD_22274,PROD_551,1,148.84,0.0
ITEM_103791,ORD_22275,PROD_503,2,157.89,15.79
ITEM_103792,ORD_22276,PROD_568,1,116.17,0.0
ITEM_103793,ORD_22276,PROD_520,1,74.25,7.43
ITEM_103794,ORD_22276,PROD_535,1,36.04,0.0
ITEM_103795,ORD_22277,PROD_546,1,209.69,0.0
ITEM_103796,ORD_22278,PROD_529,2,24.28,0.0
ITEM_103797,ORD_22279,PROD_510,1,220.56,0.0
ITEM_103798,ORD_22279,PROD_565,1,16.38,0.0
ITEM_103799,ORD_22279,PROD_534,1,46.48,0.0
ITEM_103800,ORD_22280,PROD_538,1,153.61,0.0
ITEM_103801,ORD_22280,PROD_510,1,220.56,11.03
ITEM_103802,ORD_22281,PROD_535,1,36.04,0.0
ITEM_103803,ORD_22282,PROD_540,1,48.42,0.0
ITEM_103804,ORD_22283,PROD_512,1,151.42,0.0
ITEM_103805,ORD_22284,PROD_566,2,250.95,0.0
ITEM_103806,ORD_22284,PROD_575,1,175.82,0.0
ITEM_103807,ORD_22285,PROD_545,2,246.78,0.0
ITEM_103808,ORD_22286,PROD_524,1,116.66,0.0
ITEM_103809,ORD_22287,PROD_532,2,272.35,27.24
ITEM_103810,ORD_22287,PROD_579,1,221.42,0.0
ITEM_103811,ORD_22287,PROD_522,1,209.52,0.0
ITEM_103812,ORD_22288,PROD_540,1,48.42,0.0
ITEM_103813,ORD_22289,PROD_566,1,250.95,25.09
ITEM_103814,ORD_22290,PROD_505,1,64.22,0.0
ITEM_103815,ORD_22291,PROD_552,1,157.7,0.0
ITEM_103816,ORD_22291,PROD_565,1,16.38,0.0
ITEM_103817,ORD_22291,PROD_571,1,211.74,21.17
ITEM_103818,ORD_22292,PROD_521,1,141.39,0.0
ITEM_103819,ORD_22292,PROD_537,1,145.12,0.0
ITEM_103820,ORD_22293,PROD_561,1,375.16,0.0
ITEM_103821,ORD_22293,PROD_514,1,255.83,0.0
ITEM_103822,ORD_22294,PROD_538,1,153.61,0.0
ITEM_103823,ORD_22294,PROD_579,2,221.42,22.14
ITEM_103824,ORD_22295,PROD_542,1,140.18,0.0
ITEM_103825,ORD_22295,PROD_552,1,157.7,0.0
ITEM_103826,ORD_22295,PROD_512,1,151.42,22.71
ITEM_103827,ORD_22296,PROD_539,1,250.31,0.0
ITEM_103828,ORD_22297,PROD_502,1,242.11,12.11
ITEM_103829,ORD_22298,PROD_516,1,91.12,0.0
ITEM_103830,ORD_22299,PROD_535,2,36.04,0.0
ITEM_103831,ORD_22300,PROD_525,1,227.68,0.0
ITEM_103832,ORD_22301,PROD_569,1,274.5,0.0
ITEM_103833,ORD_22302,PROD_523,1,104.47,0.0
ITEM_103834,ORD_22302,PROD_548,1,54.38,5.44
ITEM_103835,ORD_22303,PROD_530,1,142.79,0.0
ITEM_103836,ORD_22303,PROD_511,1,295.08,0.0
ITEM_103837,ORD_22304,PROD_512,1,151.42,0.0
ITEM_103838,ORD_22305,PROD_551,2,148.84,0.0
ITEM_103839,ORD_22305,PROD_527,2,218.49,21.85
ITEM_103840,ORD_22306,PROD_539,2,250.31,25.03
ITEM_103841,ORD_22306,PROD_555,1,121.11,0.0
ITEM_103842,ORD_22307,PROD_559,2,149.13,44.74
ITEM_103843,ORD_22308,PROD_515,1,189.61,0.0
ITEM_103844,ORD_22308,PROD_555,1,121.11,0.0
ITEM_103845,ORD_22309,PROD_565,1,16.38,0.0
ITEM_103846,ORD_22309,PROD_563,1,317.9,0.0
ITEM_103847,ORD_22309,PROD_530,1,142.79,0.0
ITEM_103848,ORD_22309,PROD_547,1,20.21,0.0
ITEM_103849,ORD_22310,PROD_570,1,85.34,0.0
ITEM_103850,ORD_22310,PROD_530,1,142.79,0.0
ITEM_103851,ORD_22311,PROD_509,1,213.9,21.39
ITEM_103852,ORD_22312,PROD_575,1,175.82,0.0
ITEM_103853,ORD_22313,PROD_510,1,220.56,0.0
ITEM_103854,ORD_22313,PROD_530,1,142.79,14.28
ITEM_103855,ORD_22314,PROD_547,1,20.21,0.0
ITEM_103856,ORD_22314,PROD_531,1,242.35,24.23
ITEM_103857,ORD_22315,PROD_542,2,140.18,0.0
ITEM_103858,ORD_22315,PROD_577,3,71.78,0.0
ITEM_103859,ORD_22316,PROD_565,1,16.38,0.0
ITEM_103860,ORD_22316,PROD_547,2,20.21,0.0
ITEM_103861,ORD_22317,PROD_521,1,141.39,7.07
ITEM_103862,ORD_22318,PROD_529,2,24.28,0.0
ITEM_103863,ORD_22319,PROD_578,1,165.8,24.87
ITEM_103864,ORD_22319,PROD_562,1,225.46,0.0
ITEM_103865,ORD_22320,PROD_519,1,236.9,0.0
ITEM_103866,ORD_22320,PROD_518,1,148.06,0.0
ITEM_103867,ORD_22321,PROD_556,1,171.31,8.57
ITEM_103868,ORD_22322,PROD_559,1,149.13,0.0
ITEM_103869,ORD_22323,PROD_563,2,317.9,0.0
ITEM_103870,ORD_22323,PROD_522,2,209.52,62.86
ITEM_103871,ORD_22324,PROD_511,2,295.08,29.51
ITEM_103872,ORD_22325,PROD_508,1,312.13,0.0
ITEM_103873,ORD_22326,PROD_510,1,220.56,0.0
ITEM_103874,ORD_22327,PROD_565,1,16.38,0.0
ITEM_103875,ORD_22328,PROD_569,1,274.5,0.0
ITEM_103876,ORD_22328,PROD_555,1,121.11,0.0
ITEM_103877,ORD_22328,PROD_568,1,116.17,0.0
ITEM_103878,ORD_22329,PROD_544,1,280.84,0.0
ITEM_103879,ORD_22329,PROD_556,1,171.31,0.0
ITEM_103880,ORD_22330,PROD_519,1,236.9,0.0
ITEM_103881,ORD_22331,PROD_570,1,85.34,8.53
ITEM_103882,ORD_22331,PROD_543,2,313.64,62.73
ITEM_103883,ORD_22331,PROD_504,1,130.74,0.0
ITEM_103884,ORD_22332,PROD_564,1,77.5,7.75
ITEM_103885,ORD_22333,PROD_575,1,175.82,8.79
ITEM_103886,ORD_22334,PROD_532,2,272.35,0.0
ITEM_103887,ORD_22334,PROD_576,3,75.48,0.0
ITEM_103888,ORD_22334,PROD_501,3,199.67,0.0
ITEM_103889,ORD_22335,PROD_555,1,121.11,0.0
ITEM_103890,ORD_22335,PROD_561,1,375.16,0.0
ITEM_103891,ORD_22336,PROD_536,1,242.17,0.0
ITEM_103892,ORD_22337,PROD_575,3,175.82,52.75
ITEM_103893,ORD_22337,PROD_548,1,54.38,0.0
ITEM_103894,ORD_22337,PROD_505,1,64.22,6.42
ITEM_103895,ORD_22338,PROD_563,1,317.9,0.0
ITEM_103896,ORD_22339,PROD_562,3,225.46,0.0
ITEM_103897,ORD_22340,PROD_522,2,209.52,0.0
ITEM_103898,ORD_22340,PROD_512,1,151.42,0.0
ITEM_103899,ORD_22341,PROD_539,1,250.31,25.03
ITEM_103900,ORD_22342,PROD_529,2,24.28,4.86
ITEM_103901,ORD_22343,PROD_547,1,20.21,0.0
ITEM_103902,ORD_22344,PROD_538,1,153.61,15.36
ITEM_103903,ORD_22345,PROD_558,1,152.68,0.0
ITEM_103904,ORD_22345,PROD_520,1,74.25,11.14
ITEM_103905,ORD_22346,PROD_580,3,221.1,0.0
ITEM_103906,ORD_22346,PROD_550,2,19.6,0.0
ITEM_103907,ORD_22346,PROD_515,1,189.61,0.0
ITEM_103908,ORD_22347,PROD_543,1,313.64,0.0
ITEM_103909,ORD_22347,PROD_567,1,103.84,0.0
ITEM_103910,ORD_22347,PROD_552,1,157.7,0.0
ITEM_103911,ORD_22347,PROD_514,1,255.83,0.0
ITEM_103912,ORD_22348,PROD_573,1,121.95,0.0
ITEM_103913,ORD_22348,PROD_512,1,151.42,7.57
ITEM_103914,ORD_22349,PROD_527,1,218.49,10.92
ITEM_103915,ORD_22350,PROD_503,2,157.89,31.58
ITEM_103916,ORD_22351,PROD_521,1,141.39,0.0
ITEM_103917,ORD_22352,PROD_547,1,20.21,0.0
ITEM_103918,ORD_22352,PROD_514,2,255.83,51.17
ITEM_103919,ORD_22352,PROD_508,1,312.13,0.0
ITEM_103920,ORD_22352,PROD_502,1,242.11,12.11
ITEM_103921,ORD_22353,PROD_503,1,157.89,15.79
ITEM_103922,ORD_22354,PROD_505,2,64.22,0.0
ITEM_103923,ORD_22355,PROD_528,1,17.95,0.0
ITEM_103924,ORD_22355,PROD_511,1,295.08,0.0
ITEM_103925,ORD_22356,PROD_525,1,227.68,0.0
ITEM_103926,ORD_22357,PROD_512,1,151.42,0.0
ITEM_103927,ORD_22358,PROD_526,1,212.22,0.0
ITEM_103928,ORD_22359,PROD_540,3,48.42,14.53
ITEM_103929,ORD_22359,PROD_569,1,274.5,0.0
ITEM_103930,ORD_22359,PROD_524,1,116.66,0.0
ITEM_103931,ORD_22360,PROD_547,2,20.21,2.02
ITEM_103932,ORD_22360,PROD_535,1,36.04,5.41
ITEM_103933,ORD_22361,PROD_545,2,246.78,0.0
ITEM_103934,ORD_22362,PROD_577,1,71.78,0.0
ITEM_103935,ORD_22363,PROD_579,2,221.42,0.0
ITEM_103936,ORD_22363,PROD_567,1,103.84,0.0
ITEM_103937,ORD_22363,PROD_507,2,16.01,0.0
ITEM_103938,ORD_22364,PROD_505,1,64.22,3.21
ITEM_103939,ORD_22364,PROD_523,3,104.47,0.0
ITEM_103940,ORD_22365,PROD_556,1,171.31,0.0
ITEM_103941,ORD_22365,PROD_542,3,140.18,0.0
ITEM_103942,ORD_22365,PROD_505,1,64.22,0.0
ITEM_103943,ORD_22366,PROD_533,1,161.57,0.0
ITEM_103944,ORD_22367,PROD_535,2,36.04,0.0
ITEM_103945,ORD_22368,PROD_519,1,236.9,35.53
ITEM_103946,ORD_22368,PROD_513,1,126.72,0.0
ITEM_103947,ORD_22368,PROD_549,1,112.15,0.0
ITEM_103948,ORD_22369,PROD_550,1,19.6,0.98
ITEM_103949,ORD_22369,PROD_568,2,116.17,23.23
ITEM_103950,ORD_22370,PROD_552,1,157.7,0.0
ITEM_103951,ORD_22371,PROD_520,3,74.25,0.0
ITEM_103952,ORD_22371,PROD_571,1,211.74,0.0
ITEM_103953,ORD_22371,PROD_574,2,250.97,50.19
ITEM_103954,ORD_22371,PROD_505,3,64.22,0.0
ITEM_103955,ORD_22372,PROD_550,1,19.6,1.96
ITEM_103956,ORD_22373,PROD_556,2,171.31,0.0
ITEM_103957,ORD_22374,PROD_550,1,19.6,2.94
ITEM_103958,ORD_22375,PROD_577,1,71.78,0.0
ITEM_103959,ORD_22376,PROD_518,1,148.06,0.0
ITEM_103960,ORD_22377,PROD_518,2,148.06,14.81
ITEM_103961,ORD_22377,PROD_521,2,141.39,28.28
ITEM_103962,ORD_22378,PROD_534,2,46.48,4.65
ITEM_103963,ORD_22378,PROD_521,1,141.39,0.0
ITEM_103964,ORD_22378,PROD_578,1,165.8,16.58
ITEM_103965,ORD_22379,PROD_562,1,225.46,22.55
ITEM_103966,ORD_22380,PROD_548,1,54.38,0.0
ITEM_103967,ORD_22381,PROD_507,1,16.01,0.0
ITEM_103968,ORD_22382,PROD_573,1,121.95,0.0
ITEM_103969,ORD_22383,PROD_520,1,74.25,3.71
ITEM_103970,ORD_22384,PROD_527,1,218.49,0.0
ITEM_103971,ORD_22385,PROD_570,1,85.34,4.27
ITEM_103972,ORD_22385,PROD_549,1,112.15,0.0
ITEM_103973,ORD_22385,PROD_580,2,221.1,66.33
ITEM_103974,ORD_22386,PROD_570,1,85.34,0.0
ITEM_103975,ORD_22387,PROD_514,1,255.83,25.58
ITEM_103976,ORD_22388,PROD_537,1,145.12,0.0
ITEM_103977,ORD_22388,PROD_521,1,141.39,14.14
ITEM_103978,ORD_22389,PROD_566,1,250.95,12.55
ITEM_103979,ORD_22390,PROD_573,1,121.95,12.2
ITEM_103980,ORD_22390,PROD_532,1,272.35,13.62
ITEM_103981,ORD_22391,PROD_537,1,145.12,14.51
ITEM_103982,ORD_22391,PROD_543,1,313.64,15.68
ITEM_103983,ORD_22391,PROD_525,1,227.68,0.0
ITEM_103984,ORD_22392,PROD_539,1,250.31,25.03
ITEM_103985,ORD_22392,PROD_575,2,175.82,0.0
ITEM_103986,ORD_22392,PROD_530,1,142.79,0.0
ITEM_103987,ORD_22392,PROD_580,1,221.1,33.16
ITEM_103988,ORD_22393,PROD_511,1,295.08,0.0
ITEM_103989,ORD_22394,PROD_574,1,250.97,0.0
ITEM_103990,ORD_22395,PROD_573,1,121.95,0.0
ITEM_103991,ORD_22396,PROD_537,1,145.12,0.0
ITEM_103992,ORD_22397,PROD_563,1,317.9,0.0
ITEM_103993,ORD_22398,PROD_532,1,272.35,13.62
ITEM_103994,ORD_22399,PROD_514,2,255.83,0.0
ITEM_103995,ORD_22400,PROD_547,1,20.21,0.0
ITEM_103996,ORD_22401,PROD_541,1,137.54,0.0
ITEM_103997,ORD_22401,PROD_523,1,104.47,0.0
ITEM_103998,ORD_22402,PROD_550,2,19.6,0.0
ITEM_103999,ORD_22402,PROD_551,1,148.84,0.0
ITEM_104000,ORD_22402,PROD_573,2,121.95,24.39
ITEM_104001,ORD_22403,PROD_547,2,20.21,0.0
ITEM_104002,ORD_22404,PROD_522,1,209.52,0.0
ITEM_104003,ORD_22405,PROD_553,1,123.16,12.32
ITEM_104004,ORD_22406,PROD_572,1,144.07,14.41
ITEM_104005,ORD_22406,PROD_579,2,221.42,44.28
ITEM_104006,ORD_22407,PROD_532,1,272.35,0.0
ITEM_104007,ORD_22408,PROD_542,1,140.18,0.0
ITEM_104008,ORD_22408,PROD_544,1,280.84,0.0
ITEM_104009,ORD_22409,PROD_557,1,170.75,0.0
ITEM_104010,ORD_22410,PROD_518,1,148.06,7.4
ITEM_104011,ORD_22410,PROD_509,2,213.9,21.39
ITEM_104012,ORD_22410,PROD_576,3,75.48,11.32
ITEM_104013,ORD_22411,PROD_549,1,112.15,0.0
ITEM_104014,ORD_22411,PROD_507,1,16.01,0.8
ITEM_104015,ORD_22412,PROD_528,1,17.95,0.9
ITEM_104016,ORD_22413,PROD_511,2,295.08,0.0
ITEM_104017,ORD_22414,PROD_509,1,213.9,0.0
ITEM_104018,ORD_22414,PROD_525,1,227.68,0.0
ITEM_104019,ORD_22415,PROD_523,1,104.47,0.0
ITEM_104020,ORD_22415,PROD_552,2,157.7,0.0
ITEM_104021,ORD_22416,PROD_543,1,313.64,0.0
ITEM_104022,ORD_22416,PROD_562,1,225.46,0.0
ITEM_104023,ORD_22417,PROD_576,1,75.48,7.55
ITEM_104024,ORD_22417,PROD_575,1,175.82,0.0
ITEM_104025,ORD_22417,PROD_569,1,274.5,27.45
ITEM_104026,ORD_22418,PROD_565,1,16.38,0.82
ITEM_104027,ORD_22419,PROD_571,1,211.74,0.0
ITEM_104028,ORD_22419,PROD_573,1,121.95,18.29
ITEM_104029,ORD_22420,PROD_530,1,142.79,0.0
ITEM_104030,ORD_22421,PROD_564,1,77.5,0.0
ITEM_104031,ORD_22422,PROD_574,2,250.97,50.19
ITEM_104032,ORD_22423,PROD_542,1,140.18,0.0
ITEM_104033,ORD_22424,PROD_524,1,116.66,0.0
ITEM_104034,ORD_22425,PROD_578,1,165.8,0.0
ITEM_104035,ORD_22426,PROD_565,1,16.38,0.0
ITEM_104036,ORD_22426,PROD_507,1,16.01,0.0
ITEM_104037,ORD_22427,PROD_544,3,280.84,126.38
ITEM_104038,ORD_22428,PROD_541,1,137.54,0.0
ITEM_104039,ORD_22429,PROD_574,1,250.97,0.0
ITEM_104040,ORD_22429,PROD_521,1,141.39,0.0
ITEM_104041,ORD_22429,PROD_558,1,152.68,0.0
ITEM_104042,ORD_22430,PROD_577,1,71.78,0.0
ITEM_104043,ORD_22431,PROD_557,1,170.75,0.0
ITEM_104044,ORD_22432,PROD_555,1,121.11,12.11
ITEM_104045,ORD_22433,PROD_508,1,312.13,0.0
ITEM_104046,ORD_22433,PROD_535,1,36.04,0.0
ITEM_104047,ORD_22433,PROD_569,1,274.5,0.0
ITEM_104048,ORD_22434,PROD_537,1,145.12,0.0
ITEM_104049,ORD_22434,PROD_526,1,212.22,0.0
ITEM_104050,ORD_22434,PROD_514,1,255.83,0.0
ITEM_104051,ORD_22434,PROD_519,2,236.9,0.0
ITEM_104052,ORD_22435,PROD_557,2,170.75,51.23
ITEM_104053,ORD_22436,PROD_533,1,161.57,8.08
ITEM_104054,ORD_22436,PROD_551,2,148.84,0.0
ITEM_104055,ORD_22437,PROD_514,1,255.83,0.0
ITEM_104056,ORD_22437,PROD_525,1,227.68,0.0
ITEM_104057,ORD_22438,PROD_510,1,220.56,0.0
ITEM_104058,ORD_22438,PROD_518,1,148.06,0.0
ITEM_104059,ORD_22438,PROD_561,1,375.16,37.52
ITEM_104060,ORD_22439,PROD_557,1,170.75,0.0
ITEM_104061,ORD_22440,PROD_551,2,148.84,0.0
ITEM_104062,ORD_22441,PROD_556,1,171.31,0.0
ITEM_104063,ORD_22442,PROD_572,2,144.07,0.0
ITEM_104064,ORD_22443,PROD_545,1,246.78,0.0
ITEM_104065,ORD_22443,PROD_548,1,54.38,0.0
ITEM_104066,ORD_22443,PROD_528,1,17.95,1.79
ITEM_104067,ORD_22444,PROD_528,1,17.95,0.0
ITEM_104068,ORD_22444,PROD_543,1,313.64,0.0
ITEM_104069,ORD_22445,PROD_558,1,152.68,0.0
ITEM_104070,ORD_22446,PROD_546,1,209.69,20.97
ITEM_104071,ORD_22447,PROD_542,1,140.18,14.02
ITEM_104072,ORD_22447,PROD_573,1,121.95,6.1
ITEM_104073,ORD_22448,PROD_557,1,170.75,0.0
ITEM_104074,ORD_22449,PROD_526,1,212.22,0.0
ITEM_104075,ORD_22449,PROD_546,3,209.69,31.45
ITEM_104076,ORD_22450,PROD_562,1,225.46,22.55
ITEM_104077,ORD_22451,PROD_568,2,116.17,0.0
ITEM_104078,ORD_22452,PROD_526,2,212.22,21.22
ITEM_104079,ORD_22452,PROD_501,1,199.67,29.95
ITEM_104080,ORD_22453,PROD_563,1,317.9,0.0
ITEM_104081,ORD_22454,PROD_531,1,242.35,12.12
ITEM_104082,ORD_22454,PROD_514,2,255.83,25.58
ITEM_104083,ORD_22455,PROD_530,2,142.79,42.84
ITEM_104084,ORD_22455,PROD_543,1,313.64,0.0
ITEM_104085,ORD_22456,PROD_565,1,16.38,0.0
ITEM_104086,ORD_22456,PROD_547,1,20.21,0.0
ITEM_104087,ORD_22456,PROD_569,1,274.5,13.73
ITEM_104088,ORD_22457,PROD_517,1,232.38,0.0
ITEM_104089,ORD_22458,PROD_515,1,189.61,0.0
ITEM_104090,ORD_22459,PROD_528,1,17.95,0.0
ITEM_104091,ORD_22460,PROD_529,1,24.28,0.0
ITEM_104092,ORD_22460,PROD_580,1,221.1,0.0
ITEM_104093,ORD_22460,PROD_552,1,157.7,0.0
ITEM_104094,ORD_22460,PROD_501,1,199.67,19.97
ITEM_104095,ORD_22461,PROD_562,1,225.46,0.0
ITEM_104096,ORD_22462,PROD_567,2,103.84,20.77
ITEM_104097,ORD_22462,PROD_539,2,250.31,0.0
ITEM_104098,ORD_22463,PROD_549,2,112.15,0.0
ITEM_104099,ORD_22464,PROD_544,1,280.84,0.0
ITEM_104100,ORD_22465,PROD_556,2,171.31,0.0
ITEM_104101,ORD_22465,PROD_558,1,152.68,7.63
ITEM_104102,ORD_22465,PROD_514,1,255.83,0.0
ITEM_104103,ORD_22466,PROD_510,1,220.56,0.0
ITEM_104104,ORD_22466,PROD_513,1,126.72,0.0
ITEM_104105,ORD_22467,PROD_534,1,46.48,4.65
ITEM_104106,ORD_22467,PROD_530,1,142.79,0.0
ITEM_104107,ORD_22468,PROD_555,2,121.11,0.0
ITEM_104108,ORD_22469,PROD_555,1,121.11,12.11
ITEM_104109,ORD_22469,PROD_518,2,148.06,44.42
ITEM_104110,ORD_22470,PROD_575,1,175.82,0.0
ITEM_104111,ORD_22470,PROD_512,1,151.42,0.0
ITEM_104112,ORD_22470,PROD_536,3,242.17,0.0
ITEM_104113,ORD_22471,PROD_501,1,199.67,0.0
ITEM_104114,ORD_22472,PROD_557,1,170.75,0.0
ITEM_104115,ORD_22473,PROD_552,1,157.7,0.0
ITEM_104116,ORD_22473,PROD_562,1,225.46,11.27
ITEM_104117,ORD_22474,PROD_548,2,54.38,0.0
ITEM_104118,ORD_22475,PROD_565,2,16.38,1.64
ITEM_104119,ORD_22475,PROD_518,2,148.06,29.61
ITEM_104120,ORD_22476,PROD_554,2,309.23,0.0
ITEM_104121,ORD_22477,PROD_548,1,54.38,2.72
ITEM_104122,ORD_22478,PROD_571,1,211.74,0.0
ITEM_104123,ORD_22479,PROD_518,1,148.06,0.0
ITEM_104124,ORD_22479,PROD_553,1,123.16,0.0
ITEM_104125,ORD_22480,PROD_545,3,246.78,0.0
ITEM_104126,ORD_22481,PROD_514,1,255.83,0.0
ITEM_104127,ORD_22482,PROD_504,1,130.74,6.54
ITEM_104128,ORD_22482,PROD_570,2,85.34,0.0
ITEM_104129,ORD_22483,PROD_534,1,46.48,2.32
ITEM_104130,ORD_22484,PROD_510,2,220.56,0.0
ITEM_104131,ORD_22485,PROD_547,1,20.21,0.0
ITEM_104132,ORD_22485,PROD_529,2,24.28,0.0
ITEM_104133,ORD_22485,PROD_579,1,221.42,0.0
ITEM_104134,ORD_22485,PROD_571,1,211.74,21.17
ITEM_104135,ORD_22486,PROD_545,3,246.78,0.0
ITEM_104136,ORD_22487,PROD_531,2,242.35,0.0
ITEM_104137,ORD_22488,PROD_573,1,121.95,12.2
ITEM_104138,ORD_22489,PROD_506,1,240.11,0.0
ITEM_104139,ORD_22490,PROD_556,1,171.31,0.0
ITEM_104140,ORD_22490,PROD_537,1,145.12,0.0
ITEM_104141,ORD_22490,PROD_531,2,242.35,0.0
ITEM_104142,ORD_22491,PROD_546,1,209.69,0.0
ITEM_104143,ORD_22491,PROD_552,2,157.7,0.0
ITEM_104144,ORD_22492,PROD_567,1,103.84,0.0
ITEM_104145,ORD_22493,PROD_530,1,142.79,14.28
ITEM_104146,ORD_22494,PROD_506,2,240.11,48.02
ITEM_104147,ORD_22494,PROD_523,1,104.47,0.0
ITEM_104148,ORD_22495,PROD_560,1,88.9,0.0
ITEM_104149,ORD_22495,PROD_510,1,220.56,0.0
ITEM_104150,ORD_22496,PROD_579,3,221.42,0.0
ITEM_104151,ORD_22497,PROD_565,1,16.38,0.0
ITEM_104152,ORD_22498,PROD_559,1,149.13,0.0
ITEM_104153,ORD_22499,PROD_510,1,220.56,0.0
ITEM_104154,ORD_22500,PROD_509,1,213.9,0.0
ITEM_104155,ORD_22501,PROD_533,2,161.57,0.0
ITEM_104156,ORD_22502,PROD_580,1,221.1,0.0
ITEM_104157,ORD_22502,PROD_548,1,54.38,2.72
ITEM_104158,ORD_22503,PROD_505,2,64.22,0.0
ITEM_104159,ORD_22504,PROD_531,1,242.35,24.23
ITEM_104160,ORD_22504,PROD_578,1,165.8,0.0
ITEM_104161,ORD_22505,PROD_516,1,91.12,0.0
ITEM_104162,ORD_22506,PROD_556,1,171.31,17.13
ITEM_104163,ORD_22506,PROD_554,2,309.23,61.85
ITEM_104164,ORD_22507,PROD_572,1,144.07,0.0
ITEM_104165,ORD_22507,PROD_529,2,24.28,7.28
ITEM_104166,ORD_22507,PROD_556,2,171.31,0.0
ITEM_104167,ORD_22507,PROD_553,1,123.16,18.47
ITEM_104168,ORD_22508,PROD_532,2,272.35,0.0
ITEM_104169,ORD_22509,PROD_524,1,116.66,0.0
ITEM_104170,ORD_22509,PROD_503,1,157.89,0.0
ITEM_104171,ORD_22510,PROD_524,2,116.66,11.67
ITEM_104172,ORD_22510,PROD_562,1,225.46,0.0
ITEM_104173,ORD_22511,PROD_507,1,16.01,0.0
ITEM_104174,ORD_22512,PROD_506,1,240.11,24.01
ITEM_104175,ORD_22512,PROD_570,2,85.34,17.07
ITEM_104176,ORD_22512,PROD_525,2,227.68,0.0
ITEM_104177,ORD_22513,PROD_578,1,165.8,0.0
ITEM_104178,ORD_22513,PROD_502,1,242.11,0.0
ITEM_104179,ORD_22513,PROD_523,1,104.47,10.45
ITEM_104180,ORD_22514,PROD_554,1,309.23,0.0
ITEM_104181,ORD_22514,PROD_537,1,145.12,0.0
ITEM_104182,ORD_22515,PROD_575,2,175.82,0.0
ITEM_104183,ORD_22515,PROD_505,1,64.22,0.0
ITEM_104184,ORD_22515,PROD_527,1,218.49,10.92
ITEM_104185,ORD_22516,PROD_561,1,375.16,0.0
ITEM_104186,ORD_22516,PROD_508,1,312.13,15.61
ITEM_104187,ORD_22516,PROD_545,1,246.78,0.0
ITEM_104188,ORD_22516,PROD_511,1,295.08,29.51
ITEM_104189,ORD_22517,PROD_510,1,220.56,22.06
ITEM_104190,ORD_22517,PROD_567,1,103.84,0.0
ITEM_104191,ORD_22517,PROD_516,2,91.12,0.0
ITEM_104192,ORD_22517,PROD_552,2,157.7,15.77
ITEM_104193,ORD_22518,PROD_521,2,141.39,28.28
ITEM_104194,ORD_22519,PROD_513,2,126.72,12.67
ITEM_104195,ORD_22520,PROD_579,1,221.42,0.0
ITEM_104196,ORD_22520,PROD_559,1,149.13,0.0
ITEM_104197,ORD_22521,PROD_561,1,375.16,0.0
ITEM_104198,ORD_22522,PROD_562,3,225.46,0.0
ITEM_104199,ORD_22522,PROD_514,2,255.83,0.0
ITEM_104200,ORD_22523,PROD_544,1,280.84,28.08
ITEM_104201,ORD_22523,PROD_539,1,250.31,0.0
ITEM_104202,ORD_22524,PROD_501,1,199.67,0.0
ITEM_104203,ORD_22524,PROD_575,1,175.82,17.58
ITEM_104204,ORD_22525,PROD_524,1,116.66,5.83
ITEM_104205,ORD_22526,PROD_538,1,153.61,0.0
ITEM_104206,ORD_22527,PROD_562,2,225.46,0.0
ITEM_104207,ORD_22527,PROD_537,2,145.12,0.0
ITEM_104208,ORD_22528,PROD_504,1,130.74,0.0
ITEM_104209,ORD_22528,PROD_580,1,221.1,0.0
ITEM_104210,ORD_22529,PROD_515,1,189.61,0.0
ITEM_104211,ORD_22530,PROD_549,1,112.15,0.0
ITEM_104212,ORD_22530,PROD_547,1,20.21,2.02
ITEM_104213,ORD_22530,PROD_577,3,71.78,21.53
ITEM_104214,ORD_22531,PROD_549,1,112.15,0.0
ITEM_104215,ORD_22531,PROD_524,1,116.66,0.0
ITEM_104216,ORD_22531,PROD_555,1,121.11,0.0
ITEM_104217,ORD_22532,PROD_531,1,242.35,0.0
ITEM_104218,ORD_22532,PROD_524,1,116.66,5.83
ITEM_104219,ORD_22532,PROD_529,2,24.28,0.0
ITEM_104220,ORD_22533,PROD_533,1,161.57,0.0
ITEM_104221,ORD_22533,PROD_556,1,171.31,0.0
ITEM_104222,ORD_22534,PROD_530,1,142.79,0.0
ITEM_104223,ORD_22534,PROD_579,2,221.42,0.0
ITEM_104224,ORD_22535,PROD_554,1,309.23,0.0
ITEM_104225,ORD_22535,PROD_533,2,161.57,32.31
ITEM_104226,ORD_22536,PROD_541,1,137.54,0.0
ITEM_104227,ORD_22537,PROD_561,3,375.16,56.27
ITEM_104228,ORD_22537,PROD_579,1,221.42,0.0
ITEM_104229,ORD_22538,PROD_554,1,309.23,0.0
ITEM_104230,ORD_22539,PROD_554,1,309.23,46.38
ITEM_104231,ORD_22539,PROD_504,1,130.74,0.0
ITEM_104232,ORD_22539,PROD_522,2,209.52,0.0
ITEM_104233,ORD_22539,PROD_528,1,17.95,0.0
ITEM_104234,ORD_22540,PROD_580,1,221.1,0.0
ITEM_104235,ORD_22540,PROD_501,1,199.67,9.98
ITEM_104236,ORD_22541,PROD_527,1,218.49,0.0
ITEM_104237,ORD_22542,PROD_557,1,170.75,0.0
ITEM_104238,ORD_22542,PROD_508,1,312.13,0.0
ITEM_104239,ORD_22542,PROD_512,1,151.42,0.0
ITEM_104240,ORD_22543,PROD_539,2,250.31,0.0
ITEM_104241,ORD_22544,PROD_516,1,91.12,0.0
ITEM_104242,ORD_22545,PROD_514,2,255.83,25.58
ITEM_104243,ORD_22546,PROD_517,1,232.38,0.0
ITEM_104244,ORD_22547,PROD_532,2,272.35,0.0
ITEM_104245,ORD_22548,PROD_544,2,280.84,0.0
ITEM_104246,ORD_22549,PROD_542,1,140.18,0.0
ITEM_104247,ORD_22550,PROD_542,1,140.18,0.0
ITEM_104248,ORD_22550,PROD_538,2,153.61,0.0
ITEM_104249,ORD_22550,PROD_557,2,170.75,0.0
ITEM_104250,ORD_22550,PROD_544,1,280.84,0.0
ITEM_104251,ORD_22551,PROD_515,3,189.61,85.32
ITEM_104252,ORD_22551,PROD_533,1,161.57,8.08
ITEM_104253,ORD_22552,PROD_548,1,54.38,0.0
ITEM_104254,ORD_22553,PROD_575,1,175.82,17.58
ITEM_104255,ORD_22554,PROD_521,2,141.39,0.0
ITEM_104256,ORD_22554,PROD_539,1,250.31,0.0
ITEM_104257,ORD_22554,PROD_543,1,313.64,0.0
ITEM_104258,ORD_22555,PROD_515,1,189.61,0.0
ITEM_104259,ORD_22555,PROD_505,1,64.22,3.21
ITEM_104260,ORD_22556,PROD_504,1,130.74,13.07
ITEM_104261,ORD_22556,PROD_535,1,36.04,3.6
ITEM_104262,ORD_22557,PROD_572,2,144.07,0.0
ITEM_104263,ORD_22557,PROD_537,1,145.12,0.0
ITEM_104264,ORD_22557,PROD_521,1,141.39,7.07
ITEM_104265,ORD_22558,PROD_519,1,236.9,0.0
ITEM_104266,ORD_22558,PROD_546,1,209.69,0.0
ITEM_104267,ORD_22559,PROD_580,1,221.1,11.05
ITEM_104268,ORD_22560,PROD_539,3,250.31,0.0
ITEM_104269,ORD_22561,PROD_538,1,153.61,0.0
ITEM_104270,ORD_22561,PROD_516,2,91.12,0.0
ITEM_104271,ORD_22561,PROD_575,2,175.82,0.0
ITEM_104272,ORD_22562,PROD_565,1,16.38,0.0
ITEM_104273,ORD_22563,PROD_555,1,121.11,0.0
ITEM_104274,ORD_22564,PROD_516,2,91.12,0.0
ITEM_104275,ORD_22564,PROD_527,1,218.49,0.0
ITEM_104276,ORD_22565,PROD_512,1,151.42,0.0
ITEM_104277,ORD_22565,PROD_554,2,309.23,0.0
ITEM_104278,ORD_22566,PROD_501,2,199.67,0.0
ITEM_104279,ORD_22566,PROD_553,1,123.16,0.0
ITEM_104280,ORD_22566,PROD_564,1,77.5,0.0
ITEM_104281,ORD_22566,PROD_540,2,48.42,0.0
ITEM_104282,ORD_22567,PROD_577,1,71.78,0.0
ITEM_104283,ORD_22568,PROD_511,1,295.08,0.0
ITEM_104284,ORD_22568,PROD_577,1,71.78,0.0
ITEM_104285,ORD_22568,PROD_532,1,272.35,0.0
ITEM_104286,ORD_22569,PROD_511,1,295.08,0.0
ITEM_104287,ORD_22570,PROD_547,1,20.21,0.0
ITEM_104288,ORD_22570,PROD_553,1,123.16,0.0
ITEM_104289,ORD_22571,PROD_565,1,16.38,0.0
ITEM_104290,ORD_22571,PROD_529,2,24.28,0.0
ITEM_104291,ORD_22572,PROD_529,2,24.28,0.0
ITEM_104292,ORD_22573,PROD_526,2,212.22,0.0
ITEM_104293,ORD_22573,PROD_511,1,295.08,0.0
ITEM_104294,ORD_22573,PROD_542,1,140.18,7.01
ITEM_104295,ORD_22573,PROD_546,1,209.69,10.48
ITEM_104296,ORD_22574,PROD_531,1,242.35,12.12
ITEM_104297,ORD_22575,PROD_573,1,121.95,0.0
ITEM_104298,ORD_22575,PROD_561,2,375.16,0.0
ITEM_104299,ORD_22576,PROD_524,1,116.66,0.0
ITEM_104300,ORD_22576,PROD_549,2,112.15,0.0
ITEM_104301,ORD_22577,PROD_519,1,236.9,0.0
ITEM_104302,ORD_22577,PROD_580,1,221.1,0.0
ITEM_104303,ORD_22578,PROD_503,1,157.89,23.68
ITEM_104304,ORD_22579,PROD_524,3,116.66,0.0
ITEM_104305,ORD_22579,PROD_564,1,77.5,7.75
ITEM_104306,ORD_22580,PROD_547,1,20.21,1.01
ITEM_104307,ORD_22581,PROD_549,2,112.15,0.0
ITEM_104308,ORD_22582,PROD_575,2,175.82,0.0
ITEM_104309,ORD_22583,PROD_574,2,250.97,50.19
ITEM_104310,ORD_22584,PROD_507,1,16.01,0.0
ITEM_104311,ORD_22585,PROD_556,1,171.31,0.0
ITEM_104312,ORD_22585,PROD_558,1,152.68,0.0
ITEM_104313,ORD_22586,PROD_553,1,123.16,0.0
ITEM_104314,ORD_22587,PROD_570,1,85.34,0.0
ITEM_104315,ORD_22587,PROD_554,1,309.23,0.0
ITEM_104316,ORD_22588,PROD_509,2,213.9,0.0
ITEM_104317,ORD_22588,PROD_572,2,144.07,0.0
ITEM_104318,ORD_22589,PROD_578,1,165.8,24.87
ITEM_104319,ORD_22589,PROD_517,1,232.38,0.0
ITEM_104320,ORD_22590,PROD_542,2,140.18,0.0
ITEM_104321,ORD_22590,PROD_524,1,116.66,0.0
ITEM_104322,ORD_22591,PROD_562,1,225.46,0.0
ITEM_104323,ORD_22592,PROD_565,1,16.38,0.0
ITEM_104324,ORD_22592,PROD_536,1,242.17,12.11
ITEM_104325,ORD_22592,PROD_522,1,209.52,0.0
ITEM_104326,ORD_22593,PROD_535,1,36.04,3.6
ITEM_104327,ORD_22593,PROD_509,1,213.9,10.7
ITEM_104328,ORD_22594,PROD_557,1,170.75,8.54
ITEM_104329,ORD_22594,PROD_577,2,71.78,7.18
ITEM_104330,ORD_22594,PROD_522,1,209.52,10.48
ITEM_104331,ORD_22594,PROD_537,1,145.12,0.0
ITEM_104332,ORD_22595,PROD_518,1,148.06,0.0
ITEM_104333,ORD_22596,PROD_540,2,48.42,0.0
ITEM_104334,ORD_22597,PROD_544,1,280.84,0.0
ITEM_104335,ORD_22598,PROD_556,1,171.31,0.0
ITEM_104336,ORD_22599,PROD_551,2,148.84,0.0
ITEM_104337,ORD_22599,PROD_574,1,250.97,0.0
ITEM_104338,ORD_22600,PROD_512,2,151.42,0.0
ITEM_104339,ORD_22601,PROD_541,2,137.54,13.75
ITEM_104340,ORD_22602,PROD_578,2,165.8,0.0
ITEM_104341,ORD_22603,PROD_551,1,148.84,0.0
ITEM_104342,ORD_22603,PROD_507,2,16.01,0.0
ITEM_104343,ORD_22603,PROD_522,1,209.52,0.0
ITEM_104344,ORD_22603,PROD_564,2,77.5,0.0
ITEM_104345,ORD_22604,PROD_559,1,149.13,0.0
ITEM_104346,ORD_22604,PROD_551,1,148.84,7.44
ITEM_104347,ORD_22605,PROD_561,1,375.16,18.76
ITEM_104348,ORD_22605,PROD_551,1,148.84,0.0
ITEM_104349,ORD_22605,PROD_576,2,75.48,7.55
ITEM_104350,ORD_22605,PROD_532,2,272.35,0.0
ITEM_104351,ORD_22606,PROD_521,2,141.39,14.14
ITEM_104352,ORD_22606,PROD_543,2,313.64,31.36
ITEM_104353,ORD_22606,PROD_524,1,116.66,11.67
ITEM_104354,ORD_22606,PROD_571,1,211.74,0.0
ITEM_104355,ORD_22607,PROD_542,1,140.18,0.0
ITEM_104356,ORD_22607,PROD_502,1,242.11,0.0
ITEM_104357,ORD_22608,PROD_576,1,75.48,0.0
ITEM_104358,ORD_22609,PROD_541,3,137.54,20.63
ITEM_104359,ORD_22609,PROD_557,3,170.75,0.0
ITEM_104360,ORD_22610,PROD_576,1,75.48,3.77
ITEM_104361,ORD_22610,PROD_574,1,250.97,12.55
ITEM_104362,ORD_22611,PROD_521,3,141.39,0.0
ITEM_104363,ORD_22611,PROD_532,1,272.35,13.62
ITEM_104364,ORD_22612,PROD_508,1,312.13,0.0
ITEM_104365,ORD_22613,PROD_572,1,144.07,0.0
ITEM_104366,ORD_22614,PROD_507,1,16.01,0.0
ITEM_104367,ORD_22614,PROD_521,1,141.39,0.0
ITEM_104368,ORD_22614,PROD_580,1,221.1,22.11
ITEM_104369,ORD_22615,PROD_533,2,161.57,0.0
ITEM_104370,ORD_22615,PROD_521,2,141.39,14.14
ITEM_104371,ORD_22616,PROD_551,1,148.84,0.0
ITEM_104372,ORD_22617,PROD_561,1,375.16,0.0
ITEM_104373,ORD_22618,PROD_561,1,375.16,0.0
ITEM_104374,ORD_22619,PROD_574,1,250.97,0.0
ITEM_104375,ORD_22619,PROD_579,1,221.42,0.0
ITEM_104376,ORD_22620,PROD_543,1,313.64,15.68
ITEM_104377,ORD_22620,PROD_504,2,130.74,0.0
ITEM_104378,ORD_22620,PROD_558,2,152.68,0.0
ITEM_104379,ORD_22621,PROD_528,1,17.95,1.79
ITEM_104380,ORD_22622,PROD_522,2,209.52,0.0
ITEM_104381,ORD_22623,PROD_520,1,74.25,3.71
ITEM_104382,ORD_22623,PROD_533,1,161.57,24.24
ITEM_104383,ORD_22624,PROD_568,2,116.17,0.0
ITEM_104384,ORD_22625,PROD_520,1,74.25,3.71
ITEM_104385,ORD_22625,PROD_537,1,145.12,21.77
ITEM_104386,ORD_22626,PROD_566,1,250.95,0.0
ITEM_104387,ORD_22626,PROD_530,1,142.79,0.0
ITEM_104388,ORD_22626,PROD_520,1,74.25,0.0
ITEM_104389,ORD_22627,PROD_526,1,212.22,0.0
ITEM_104390,ORD_22628,PROD_554,1,309.23,0.0
ITEM_104391,ORD_22628,PROD_518,1,148.06,0.0
ITEM_104392,ORD_22628,PROD_535,1,36.04,0.0
ITEM_104393,ORD_22628,PROD_513,3,126.72,0.0
ITEM_104394,ORD_22629,PROD_546,1,209.69,0.0
ITEM_104395,ORD_22629,PROD_529,1,24.28,0.0
ITEM_104396,ORD_22629,PROD_556,1,171.31,0.0
ITEM_104397,ORD_22630,PROD_546,2,209.69,0.0
ITEM_104398,ORD_22630,PROD_513,2,126.72,0.0
ITEM_104399,ORD_22631,PROD_540,2,48.42,0.0
ITEM_104400,ORD_22632,PROD_573,1,121.95,12.2
ITEM_104401,ORD_22632,PROD_514,1,255.83,0.0
ITEM_104402,ORD_22633,PROD_531,1,242.35,0.0
ITEM_104403,ORD_22633,PROD_550,1,19.6,0.98
ITEM_104404,ORD_22634,PROD_533,1,161.57,8.08
ITEM_104405,ORD_22634,PROD_570,1,85.34,4.27
ITEM_104406,ORD_22634,PROD_559,1,149.13,0.0
ITEM_104407,ORD_22635,PROD_529,1,24.28,0.0
ITEM_104408,ORD_22635,PROD_502,1,242.11,24.21
ITEM_104409,ORD_22635,PROD_562,2,225.46,0.0
ITEM_104410,ORD_22636,PROD_525,3,227.68,0.0
ITEM_104411,ORD_22637,PROD_537,1,145.12,0.0
ITEM_104412,ORD_22638,PROD_502,1,242.11,0.0
ITEM_104413,ORD_22639,PROD_553,1,123.16,0.0
ITEM_104414,ORD_22639,PROD_555,1,121.11,0.0
ITEM_104415,ORD_22640,PROD_501,2,199.67,0.0
ITEM_104416,ORD_22640,PROD_513,1,126.72,12.67
ITEM_104417,ORD_22641,PROD_530,1,142.79,21.42
ITEM_104418,ORD_22642,PROD_511,1,295.08,0.0
ITEM_104419,ORD_22643,PROD_540,2,48.42,9.68
ITEM_104420,ORD_22643,PROD_524,1,116.66,5.83
ITEM_104421,ORD_22643,PROD_550,1,19.6,0.0
ITEM_104422,ORD_22643,PROD_508,3,312.13,93.64
ITEM_104423,ORD_22644,PROD_508,1,312.13,0.0
ITEM_104424,ORD_22645,PROD_518,1,148.06,22.21
ITEM_104425,ORD_22645,PROD_569,1,274.5,13.73
ITEM_104426,ORD_22645,PROD_510,1,220.56,11.03
ITEM_104427,ORD_22646,PROD_567,2,103.84,0.0
ITEM_104428,ORD_22647,PROD_518,1,148.06,0.0
ITEM_104429,ORD_22647,PROD_532,1,272.35,13.62
ITEM_104430,ORD_22647,PROD_549,1,112.15,0.0
ITEM_104431,ORD_22648,PROD_503,3,157.89,0.0
ITEM_104432,ORD_22649,PROD_555,1,121.11,6.06
ITEM_104433,ORD_22649,PROD_565,1,16.38,0.0
ITEM_104434,ORD_22650,PROD_526,2,212.22,63.67
ITEM_104435,ORD_22650,PROD_516,1,91.12,0.0
ITEM_104436,ORD_22651,PROD_504,1,130.74,0.0
ITEM_104437,ORD_22651,PROD_564,1,77.5,0.0
ITEM_104438,ORD_22652,PROD_534,1,46.48,0.0
ITEM_104439,ORD_22653,PROD_515,1,189.61,0.0
ITEM_104440,ORD_22654,PROD_541,1,137.54,6.88
ITEM_104441,ORD_22654,PROD_568,3,116.17,0.0
ITEM_104442,ORD_22654,PROD_535,1,36.04,0.0
ITEM_104443,ORD_22655,PROD_519,1,236.9,0.0
ITEM_104444,ORD_22656,PROD_549,1,112.15,0.0
ITEM_104445,ORD_22656,PROD_510,2,220.56,0.0
ITEM_104446,ORD_22657,PROD_554,1,309.23,15.46
ITEM_104447,ORD_22657,PROD_533,1,161.57,0.0
ITEM_104448,ORD_22657,PROD_532,1,272.35,0.0
ITEM_104449,ORD_22658,PROD_512,1,151.42,0.0
ITEM_104450,ORD_22659,PROD_547,1,20.21,1.01
ITEM_104451,ORD_22660,PROD_515,1,189.61,0.0
ITEM_104452,ORD_22661,PROD_527,1,218.49,0.0
ITEM_104453,ORD_22662,PROD_520,1,74.25,0.0
ITEM_104454,ORD_22663,PROD_520,1,74.25,0.0
ITEM_104455,ORD_22664,PROD_562,1,225.46,0.0
ITEM_104456,ORD_22664,PROD_559,1,149.13,0.0
ITEM_104457,ORD_22665,PROD_544,1,280.84,28.08
ITEM_104458,ORD_22666,PROD_540,1,48.42,0.0
ITEM_104459,ORD_22666,PROD_553,1,123.16,0.0
ITEM_104460,ORD_22667,PROD_525,1,227.68,0.0
ITEM_104461,ORD_22667,PROD_576,1,75.48,0.0
ITEM_104462,ORD_22668,PROD_570,2,85.34,0.0
ITEM_104463,ORD_22668,PROD_533,1,161.57,0.0
ITEM_104464,ORD_22669,PROD_570,1,85.34,0.0
ITEM_104465,ORD_22670,PROD_517,2,232.38,46.48
ITEM_104466,ORD_22670,PROD_531,2,242.35,0.0
ITEM_104467,ORD_22670,PROD_520,1,74.25,0.0
ITEM_104468,ORD_22671,PROD_573,1,121.95,0.0
ITEM_104469,ORD_22672,PROD_568,1,116.17,0.0
ITEM_104470,ORD_22673,PROD_552,1,157.7,0.0
ITEM_104471,ORD_22674,PROD_543,1,313.64,0.0
ITEM_104472,ORD_22675,PROD_562,1,225.46,0.0
ITEM_104473,ORD_22675,PROD_510,1,220.56,0.0
ITEM_104474,ORD_22675,PROD_561,2,375.16,37.52
ITEM_104475,ORD_22676,PROD_505,1,64.22,0.0
ITEM_104476,ORD_22677,PROD_531,1,242.35,0.0
ITEM_104477,ORD_22678,PROD_546,1,209.69,0.0
ITEM_104478,ORD_22678,PROD_538,1,153.61,0.0
ITEM_104479,ORD_22679,PROD_512,2,151.42,30.28
ITEM_104480,ORD_22679,PROD_504,2,130.74,0.0
ITEM_104481,ORD_22680,PROD_506,1,240.11,0.0
ITEM_104482,ORD_22681,PROD_573,2,121.95,12.2
ITEM_104483,ORD_22682,PROD_566,1,250.95,0.0
ITEM_104484,ORD_22682,PROD_549,2,112.15,11.22
ITEM_104485,ORD_22683,PROD_558,3,152.68,22.9
ITEM_104486,ORD_22683,PROD_574,1,250.97,0.0
ITEM_104487,ORD_22684,PROD_521,2,141.39,0.0
ITEM_104488,ORD_22685,PROD_548,1,54.38,0.0
ITEM_104489,ORD_22686,PROD_575,1,175.82,0.0
ITEM_104490,ORD_22686,PROD_564,1,77.5,0.0
ITEM_104491,ORD_22686,PROD_580,1,221.1,0.0
ITEM_104492,ORD_22687,PROD_580,1,221.1,0.0
ITEM_104493,ORD_22688,PROD_515,1,189.61,0.0
ITEM_104494,ORD_22689,PROD_514,1,255.83,12.79
ITEM_104495,ORD_22689,PROD_528,1,17.95,0.0
ITEM_104496,ORD_22690,PROD_522,1,209.52,0.0
ITEM_104497,ORD_22690,PROD_548,2,54.38,0.0
ITEM_104498,ORD_22691,PROD_557,2,170.75,0.0
ITEM_104499,ORD_22691,PROD_548,1,54.38,5.44
ITEM_104500,ORD_22692,PROD_558,1,152.68,0.0
ITEM_104501,ORD_22692,PROD_505,1,64.22,0.0
ITEM_104502,ORD_22693,PROD_560,1,88.9,0.0
ITEM_104503,ORD_22694,PROD_561,1,375.16,0.0
ITEM_104504,ORD_22695,PROD_524,1,116.66,0.0
ITEM_104505,ORD_22696,PROD_525,2,227.68,0.0
ITEM_104506,ORD_22696,PROD_579,1,221.42,0.0
ITEM_104507,ORD_22697,PROD_572,3,144.07,21.61
ITEM_104508,ORD_22698,PROD_557,2,170.75,0.0
ITEM_104509,ORD_22699,PROD_537,1,145.12,0.0
ITEM_104510,ORD_22700,PROD_557,1,170.75,0.0
ITEM_104511,ORD_22700,PROD_520,2,74.25,0.0
ITEM_104512,ORD_22701,PROD_568,1,116.17,11.62
ITEM_104513,ORD_22701,PROD_569,2,274.5,0.0
ITEM_104514,ORD_22702,PROD_506,2,240.11,0.0
ITEM_104515,ORD_22703,PROD_529,1,24.28,0.0
ITEM_104516,ORD_22704,PROD_524,1,116.66,17.5
ITEM_104517,ORD_22705,PROD_574,1,250.97,12.55
ITEM_104518,ORD_22705,PROD_504,1,130.74,0.0
ITEM_104519,ORD_22706,PROD_536,1,242.17,0.0
ITEM_104520,ORD_22706,PROD_576,3,75.48,0.0
ITEM_104521,ORD_22706,PROD_537,3,145.12,0.0
ITEM_104522,ORD_22706,PROD_571,1,211.74,0.0
ITEM_104523,ORD_22707,PROD_520,1,74.25,11.14
ITEM_104524,ORD_22707,PROD_536,1,242.17,12.11
ITEM_104525,ORD_22707,PROD_554,2,309.23,0.0
ITEM_104526,ORD_22708,PROD_560,2,88.9,0.0
ITEM_104527,ORD_22708,PROD_550,2,19.6,0.0
ITEM_104528,ORD_22709,PROD_530,1,142.79,0.0
ITEM_104529,ORD_22709,PROD_503,1,157.89,0.0
ITEM_104530,ORD_22710,PROD_550,2,19.6,0.0
ITEM_104531,ORD_22711,PROD_543,1,313.64,15.68
ITEM_104532,ORD_22711,PROD_521,1,141.39,0.0
ITEM_104533,ORD_22712,PROD_562,2,225.46,0.0
ITEM_104534,ORD_22712,PROD_565,1,16.38,0.0
ITEM_104535,ORD_22713,PROD_511,3,295.08,44.26
ITEM_104536,ORD_22714,PROD_578,1,165.8,0.0
ITEM_104537,ORD_22715,PROD_503,1,157.89,0.0
ITEM_104538,ORD_22715,PROD_516,2,91.12,9.11
ITEM_104539,ORD_22716,PROD_537,2,145.12,0.0
ITEM_104540,ORD_22717,PROD_573,1,121.95,0.0
ITEM_104541,ORD_22718,PROD_528,1,17.95,1.79
ITEM_104542,ORD_22718,PROD_547,1,20.21,2.02
ITEM_104543,ORD_22719,PROD_504,1,130.74,6.54
ITEM_104544,ORD_22719,PROD_515,2,189.61,0.0
ITEM_104545,ORD_22720,PROD_513,1,126.72,6.34
ITEM_104546,ORD_22721,PROD_577,2,71.78,0.0
ITEM_104547,ORD_22722,PROD_534,1,46.48,0.0
ITEM_104548,ORD_22722,PROD_559,1,149.13,22.37
ITEM_104549,ORD_22722,PROD_539,1,250.31,12.52
ITEM_104550,ORD_22723,PROD_534,1,46.48,0.0
ITEM_104551,ORD_22724,PROD_505,1,64.22,0.0
ITEM_104552,ORD_22725,PROD_518,2,148.06,14.81
ITEM_104553,ORD_22725,PROD_560,1,88.9,0.0
ITEM_104554,ORD_22726,PROD_502,1,242.11,36.32
ITEM_104555,ORD_22727,PROD_501,2,199.67,19.97
ITEM_104556,ORD_22727,PROD_569,1,274.5,0.0
ITEM_104557,ORD_22727,PROD_543,1,313.64,0.0
ITEM_104558,ORD_22728,PROD_574,1,250.97,0.0
ITEM_104559,ORD_22729,PROD_562,1,225.46,0.0
ITEM_104560,ORD_22729,PROD_512,2,151.42,0.0
ITEM_104561,ORD_22730,PROD_575,1,175.82,0.0
ITEM_104562,ORD_22731,PROD_557,1,170.75,0.0
ITEM_104563,ORD_22731,PROD_516,1,91.12,9.11
ITEM_104564,ORD_22732,PROD_506,2,240.11,0.0
ITEM_104565,ORD_22733,PROD_572,1,144.07,0.0
ITEM_104566,ORD_22733,PROD_545,1,246.78,12.34
ITEM_104567,ORD_22733,PROD_561,1,375.16,0.0
ITEM_104568,ORD_22733,PROD_548,1,54.38,0.0
ITEM_104569,ORD_22734,PROD_548,1,54.38,5.44
ITEM_104570,ORD_22735,PROD_504,2,130.74,0.0
ITEM_104571,ORD_22735,PROD_501,2,199.67,19.97
ITEM_104572,ORD_22736,PROD_567,1,103.84,5.19
ITEM_104573,ORD_22736,PROD_552,2,157.7,0.0
ITEM_104574,ORD_22737,PROD_549,2,112.15,0.0
ITEM_104575,ORD_22738,PROD_565,1,16.38,0.0
ITEM_104576,ORD_22739,PROD_532,2,272.35,0.0
ITEM_104577,ORD_22739,PROD_535,1,36.04,1.8
ITEM_104578,ORD_22740,PROD_537,1,145.12,14.51
ITEM_104579,ORD_22741,PROD_525,2,227.68,0.0
ITEM_104580,ORD_22741,PROD_577,3,71.78,0.0
ITEM_104581,ORD_22741,PROD_544,1,280.84,42.13
ITEM_104582,ORD_22742,PROD_552,1,157.7,0.0
ITEM_104583,ORD_22742,PROD_504,1,130.74,6.54
ITEM_104584,ORD_22743,PROD_531,1,242.35,0.0
ITEM_104585,ORD_22743,PROD_533,1,161.57,0.0
ITEM_104586,ORD_22743,PROD_570,1,85.34,0.0
ITEM_104587,ORD_22744,PROD_534,1,46.48,0.0
ITEM_104588,ORD_22745,PROD_569,1,274.5,13.73
ITEM_104589,ORD_22746,PROD_575,2,175.82,17.58
ITEM_104590,ORD_22747,PROD_507,1,16.01,0.0
ITEM_104591,ORD_22748,PROD_571,1,211.74,21.17
ITEM_104592,ORD_22749,PROD_546,1,209.69,0.0
ITEM_104593,ORD_22749,PROD_503,2,157.89,0.0
ITEM_104594,ORD_22749,PROD_512,2,151.42,0.0
ITEM_104595,ORD_22749,PROD_511,1,295.08,0.0
ITEM_104596,ORD_22750,PROD_521,1,141.39,0.0
ITEM_104597,ORD_22751,PROD_551,1,148.84,0.0
ITEM_104598,ORD_22752,PROD_510,1,220.56,11.03
ITEM_104599,ORD_22753,PROD_525,1,227.68,22.77
ITEM_104600,ORD_22754,PROD_569,1,274.5,0.0
ITEM_104601,ORD_22754,PROD_551,1,148.84,14.88
ITEM_104602,ORD_22754,PROD_535,1,36.04,0.0
ITEM_104603,ORD_22755,PROD_519,1,236.9,11.85
ITEM_104604,ORD_22756,PROD_519,1,236.9,0.0
ITEM_104605,ORD_22756,PROD_528,2,17.95,0.0
ITEM_104606,ORD_22757,PROD_522,3,209.52,0.0
ITEM_104607,ORD_22757,PROD_559,1,149.13,0.0
ITEM_104608,ORD_22757,PROD_529,1,24.28,0.0
ITEM_104609,ORD_22758,PROD_546,2,209.69,41.94
ITEM_104610,ORD_22759,PROD_527,1,218.49,0.0
ITEM_104611,ORD_22759,PROD_539,1,250.31,12.52
ITEM_104612,ORD_22760,PROD_573,1,121.95,18.29
ITEM_104613,ORD_22760,PROD_528,1,17.95,0.0
ITEM_104614,ORD_22761,PROD_538,1,153.61,0.0
ITEM_104615,ORD_22762,PROD_566,1,250.95,0.0
ITEM_104616,ORD_22762,PROD_511,2,295.08,29.51
ITEM_104617,ORD_22763,PROD_525,1,227.68,0.0
ITEM_104618,ORD_22763,PROD_556,1,171.31,0.0
ITEM_104619,ORD_22764,PROD_528,1,17.95,0.0
ITEM_104620,ORD_22765,PROD_521,3,141.39,21.21
ITEM_104621,ORD_22765,PROD_573,1,121.95,0.0
ITEM_104622,ORD_22765,PROD_544,1,280.84,0.0
ITEM_104623,ORD_22765,PROD_533,1,161.57,0.0
ITEM_104624,ORD_22766,PROD_562,1,225.46,11.27
ITEM_104625,ORD_22767,PROD_513,1,126.72,0.0
ITEM_104626,ORD_22767,PROD_577,1,71.78,7.18
ITEM_104627,ORD_22768,PROD_570,1,85.34,0.0
ITEM_104628,ORD_22768,PROD_532,2,272.35,0.0
ITEM_104629,ORD_22768,PROD_560,2,88.9,0.0
ITEM_104630,ORD_22769,PROD_506,1,240.11,0.0
ITEM_104631,ORD_22769,PROD_522,1,209.52,0.0
ITEM_104632,ORD_22770,PROD_534,1,46.48,0.0
ITEM_104633,ORD_22771,PROD_529,1,24.28,1.21
ITEM_104634,ORD_22772,PROD_530,1,142.79,0.0
ITEM_104635,ORD_22773,PROD_531,1,242.35,12.12
ITEM_104636,ORD_22774,PROD_510,1,220.56,0.0
ITEM_104637,ORD_22774,PROD_566,1,250.95,0.0
ITEM_104638,ORD_22775,PROD_579,1,221.42,0.0
ITEM_104639,ORD_22776,PROD_568,2,116.17,0.0
ITEM_104640,ORD_22777,PROD_539,1,250.31,0.0
ITEM_104641,ORD_22777,PROD_576,2,75.48,0.0
ITEM_104642,ORD_22778,PROD_529,1,24.28,2.43
ITEM_104643,ORD_22778,PROD_552,1,157.7,7.88
ITEM_104644,ORD_22779,PROD_532,1,272.35,27.24
ITEM_104645,ORD_22780,PROD_502,1,242.11,0.0
ITEM_104646,ORD_22780,PROD_578,2,165.8,0.0
ITEM_104647,ORD_22780,PROD_573,1,121.95,12.2
ITEM_104648,ORD_22780,PROD_558,3,152.68,0.0
ITEM_104649,ORD_22781,PROD_520,1,74.25,0.0
ITEM_104650,ORD_22782,PROD_569,1,274.5,27.45
ITEM_104651,ORD_22782,PROD_519,3,236.9,0.0
ITEM_104652,ORD_22783,PROD_578,1,165.8,0.0
ITEM_104653,ORD_22783,PROD_553,2,123.16,0.0
ITEM_104654,ORD_22783,PROD_552,1,157.7,0.0
ITEM_104655,ORD_22784,PROD_573,1,121.95,0.0
ITEM_104656,ORD_22785,PROD_572,1,144.07,0.0
ITEM_104657,ORD_22786,PROD_566,1,250.95,0.0
ITEM_104658,ORD_22786,PROD_570,1,85.34,0.0
ITEM_104659,ORD_22786,PROD_505,1,64.22,0.0
ITEM_104660,ORD_22787,PROD_547,1,20.21,0.0
ITEM_104661,ORD_22788,PROD_580,1,221.1,0.0
ITEM_104662,ORD_22788,PROD_561,3,375.16,0.0
ITEM_104663,ORD_22788,PROD_502,2,242.11,0.0
ITEM_104664,ORD_22789,PROD_558,2,152.68,0.0
ITEM_104665,ORD_22790,PROD_548,1,54.38,0.0
ITEM_104666,ORD_22790,PROD_501,1,199.67,0.0
ITEM_104667,ORD_22791,PROD_546,2,209.69,20.97
ITEM_104668,ORD_22792,PROD_572,1,144.07,14.41
ITEM_104669,ORD_22792,PROD_528,1,17.95,0.0
ITEM_104670,ORD_22792,PROD_540,1,48.42,4.84
ITEM_104671,ORD_22792,PROD_539,1,250.31,0.0
ITEM_104672,ORD_22793,PROD_510,1,220.56,0.0
ITEM_104673,ORD_22794,PROD_537,1,145.12,0.0
ITEM_104674,ORD_22794,PROD_515,1,189.61,9.48
ITEM_104675,ORD_22794,PROD_550,1,19.6,0.0
ITEM_104676,ORD_22795,PROD_564,1,77.5,0.0
ITEM_104677,ORD_22795,PROD_520,3,74.25,22.28
ITEM_104678,ORD_22796,PROD_566,1,250.95,0.0
ITEM_104679,ORD_22797,PROD_547,1,20.21,0.0
ITEM_104680,ORD_22798,PROD_531,1,242.35,12.12
ITEM_104681,ORD_22798,PROD_553,2,123.16,0.0
ITEM_104682,ORD_22799,PROD_528,1,17.95,1.79
ITEM_104683,ORD_22800,PROD_511,1,295.08,0.0
ITEM_104684,ORD_22801,PROD_550,3,19.6,0.0
ITEM_104685,ORD_22801,PROD_546,1,209.69,20.97
ITEM_104686,ORD_22801,PROD_523,1,104.47,0.0
ITEM_104687,ORD_22802,PROD_509,1,213.9,0.0
ITEM_104688,ORD_22802,PROD_525,1,227.68,0.0
ITEM_104689,ORD_22803,PROD_529,1,24.28,0.0
ITEM_104690,ORD_22804,PROD_552,1,157.7,15.77
ITEM_104691,ORD_22805,PROD_565,1,16.38,0.0
ITEM_104692,ORD_22806,PROD_545,2,246.78,0.0
ITEM_104693,ORD_22806,PROD_503,2,157.89,15.79
ITEM_104694,ORD_22807,PROD_515,1,189.61,18.96
ITEM_104695,ORD_22807,PROD_534,1,46.48,0.0
ITEM_104696,ORD_22807,PROD_549,1,112.15,5.61
ITEM_104697,ORD_22807,PROD_562,1,225.46,0.0
ITEM_104698,ORD_22808,PROD_527,2,218.49,0.0
ITEM_104699,ORD_22808,PROD_577,1,71.78,0.0
ITEM_104700,ORD_22809,PROD_532,1,272.35,0.0
ITEM_104701,ORD_22810,PROD_556,1,171.31,0.0
ITEM_104702,ORD_22810,PROD_515,2,189.61,18.96
ITEM_104703,ORD_22810,PROD_516,1,91.12,13.67
ITEM_104704,ORD_22810,PROD_507,3,16.01,0.0
ITEM_104705,ORD_22811,PROD_569,1,274.5,0.0
ITEM_104706,ORD_22811,PROD_512,2,151.42,30.28
ITEM_104707,ORD_22812,PROD_551,2,148.84,44.65
ITEM_104708,ORD_22812,PROD_526,1,212.22,21.22
ITEM_104709,ORD_22813,PROD_537,1,145.12,0.0
ITEM_104710,ORD_22813,PROD_503,1,157.89,0.0
ITEM_104711,ORD_22814,PROD_565,1,16.38,0.0
ITEM_104712,ORD_22815,PROD_516,1,91.12,4.56
ITEM_104713,ORD_22815,PROD_537,1,145.12,0.0
ITEM_104714,ORD_22816,PROD_524,2,116.66,0.0
ITEM_104715,ORD_22817,PROD_511,1,295.08,0.0
ITEM_104716,ORD_22818,PROD_526,1,212.22,0.0
ITEM_104717,ORD_22818,PROD_563,1,317.9,0.0
ITEM_104718,ORD_22818,PROD_532,1,272.35,0.0
ITEM_104719,ORD_22819,PROD_580,2,221.1,0.0
ITEM_104720,ORD_22820,PROD_518,1,148.06,22.21
ITEM_104721,ORD_22820,PROD_507,1,16.01,1.6
ITEM_104722,ORD_22820,PROD_572,1,144.07,0.0
ITEM_104723,ORD_22821,PROD_515,1,189.61,9.48
ITEM_104724,ORD_22822,PROD_562,1,225.46,22.55
ITEM_104725,ORD_22823,PROD_502,2,242.11,24.21
ITEM_104726,ORD_22824,PROD_509,1,213.9,0.0
ITEM_104727,ORD_22825,PROD_562,3,225.46,0.0
ITEM_104728,ORD_22825,PROD_527,1,218.49,10.92
ITEM_104729,ORD_22826,PROD_571,2,211.74,0.0
ITEM_104730,ORD_22827,PROD_563,1,317.9,0.0
ITEM_104731,ORD_22827,PROD_559,1,149.13,0.0
ITEM_104732,ORD_22828,PROD_528,1,17.95,0.0
ITEM_104733,ORD_22829,PROD_538,2,153.61,0.0
ITEM_104734,ORD_22830,PROD_507,1,16.01,0.0
ITEM_104735,ORD_22830,PROD_573,1,121.95,0.0
ITEM_104736,ORD_22830,PROD_543,2,313.64,0.0
ITEM_104737,ORD_22831,PROD_508,1,312.13,0.0
ITEM_104738,ORD_22831,PROD_506,1,240.11,24.01
ITEM_104739,ORD_22832,PROD_534,2,46.48,0.0
ITEM_104740,ORD_22833,PROD_513,2,126.72,0.0
ITEM_104741,ORD_22834,PROD_513,1,126.72,0.0
ITEM_104742,ORD_22835,PROD_523,1,104.47,0.0
ITEM_104743,ORD_22835,PROD_551,1,148.84,7.44
ITEM_104744,ORD_22835,PROD_558,1,152.68,0.0
ITEM_104745,ORD_22836,PROD_524,1,116.66,0.0
ITEM_104746,ORD_22836,PROD_550,1,19.6,0.0
ITEM_104747,ORD_22837,PROD_545,1,246.78,12.34
ITEM_104748,ORD_22838,PROD_540,1,48.42,2.42
ITEM_104749,ORD_22839,PROD_522,1,209.52,0.0
ITEM_104750,ORD_22839,PROD_521,1,141.39,0.0
ITEM_104751,ORD_22840,PROD_557,1,170.75,0.0
ITEM_104752,ORD_22841,PROD_571,1,211.74,0.0
ITEM_104753,ORD_22842,PROD_516,1,91.12,0.0
ITEM_104754,ORD_22842,PROD_547,1,20.21,0.0
ITEM_104755,ORD_22842,PROD_517,1,232.38,0.0
ITEM_104756,ORD_22842,PROD_563,1,317.9,0.0
ITEM_104757,ORD_22843,PROD_539,1,250.31,0.0
ITEM_104758,ORD_22843,PROD_566,2,250.95,0.0
ITEM_104759,ORD_22843,PROD_564,1,77.5,0.0
ITEM_104760,ORD_22844,PROD_507,1,16.01,0.0
ITEM_104761,ORD_22844,PROD_555,3,121.11,0.0
ITEM_104762,ORD_22845,PROD_560,2,88.9,0.0
ITEM_104763,ORD_22846,PROD_508,1,312.13,15.61
ITEM_104764,ORD_22846,PROD_578,2,165.8,16.58
ITEM_104765,ORD_22846,PROD_580,3,221.1,0.0
ITEM_104766,ORD_22846,PROD_555,1,121.11,0.0
ITEM_104767,ORD_22847,PROD_541,1,137.54,0.0
ITEM_104768,ORD_22848,PROD_543,1,313.64,0.0
ITEM_104769,ORD_22849,PROD_513,1,126.72,0.0
ITEM_104770,ORD_22849,PROD_558,1,152.68,0.0
ITEM_104771,ORD_22849,PROD_574,2,250.97,0.0
ITEM_104772,ORD_22849,PROD_529,1,24.28,0.0
ITEM_104773,ORD_22850,PROD_571,1,211.74,0.0
ITEM_104774,ORD_22851,PROD_569,1,274.5,13.73
ITEM_104775,ORD_22851,PROD_562,1,225.46,11.27
ITEM_104776,ORD_22852,PROD_561,1,375.16,0.0
ITEM_104777,ORD_22853,PROD_548,2,54.38,5.44
ITEM_104778,ORD_22853,PROD_552,2,157.7,0.0
ITEM_104779,ORD_22854,PROD_501,1,199.67,0.0
ITEM_104780,ORD_22855,PROD_574,1,250.97,0.0
ITEM_104781,ORD_22855,PROD_538,1,153.61,0.0
ITEM_104782,ORD_22856,PROD_521,2,141.39,14.14
ITEM_104783,ORD_22856,PROD_513,1,126.72,0.0
ITEM_104784,ORD_22857,PROD_546,2,209.69,20.97
ITEM_104785,ORD_22858,PROD_546,1,209.69,20.97
ITEM_104786,ORD_22859,PROD_520,2,74.25,7.43
ITEM_104787,ORD_22859,PROD_545,3,246.78,0.0
ITEM_104788,ORD_22860,PROD_562,1,225.46,11.27
ITEM_104789,ORD_22861,PROD_566,1,250.95,0.0
ITEM_104790,ORD_22861,PROD_554,1,309.23,0.0
ITEM_104791,ORD_22862,PROD_534,2,46.48,4.65
ITEM_104792,ORD_22863,PROD_558,2,152.68,15.27
ITEM_104793,ORD_22863,PROD_523,1,104.47,5.22
ITEM_104794,ORD_22863,PROD_539,1,250.31,25.03
ITEM_104795,ORD_22864,PROD_503,1,157.89,0.0
ITEM_104796,ORD_22865,PROD_523,1,104.47,5.22
ITEM_104797,ORD_22866,PROD_513,1,126.72,0.0
ITEM_104798,ORD_22866,PROD_517,2,232.38,0.0
ITEM_104799,ORD_22867,PROD_540,1,48.42,0.0
ITEM_104800,ORD_22867,PROD_525,1,227.68,11.38
ITEM_104801,ORD_22868,PROD_533,1,161.57,0.0
ITEM_104802,ORD_22869,PROD_512,1,151.42,0.0
ITEM_104803,ORD_22869,PROD_538,1,153.61,0.0
ITEM_104804,ORD_22870,PROD_561,2,375.16,37.52
ITEM_104805,ORD_22871,PROD_520,2,74.25,0.0
ITEM_104806,ORD_22871,PROD_526,1,212.22,0.0
ITEM_104807,ORD_22872,PROD_524,1,116.66,0.0
ITEM_104808,ORD_22873,PROD_508,1,312.13,0.0
ITEM_104809,ORD_22874,PROD_540,3,48.42,0.0
ITEM_104810,ORD_22874,PROD_513,1,126.72,6.34
ITEM_104811,ORD_22875,PROD_521,1,141.39,0.0
ITEM_104812,ORD_22875,PROD_564,1,77.5,7.75
ITEM_104813,ORD_22875,PROD_543,1,313.64,15.68
ITEM_104814,ORD_22876,PROD_526,1,212.22,0.0
ITEM_104815,ORD_22877,PROD_517,1,232.38,0.0
ITEM_104816,ORD_22878,PROD_564,3,77.5,0.0
ITEM_104817,ORD_22879,PROD_515,1,189.61,0.0
ITEM_104818,ORD_22880,PROD_566,1,250.95,0.0
ITEM_104819,ORD_22881,PROD_505,2,64.22,0.0
ITEM_104820,ORD_22881,PROD_575,1,175.82,0.0
ITEM_104821,ORD_22881,PROD_548,1,54.38,2.72
ITEM_104822,ORD_22882,PROD_510,1,220.56,0.0
ITEM_104823,ORD_22882,PROD_550,1,19.6,0.0
ITEM_104824,ORD_22882,PROD_562,2,225.46,0.0
ITEM_104825,ORD_22883,PROD_536,1,242.17,0.0
ITEM_104826,ORD_22883,PROD_548,1,54.38,0.0
ITEM_104827,ORD_22884,PROD_539,1,250.31,0.0
ITEM_104828,ORD_22884,PROD_517,2,232.38,69.71
ITEM_104829,ORD_22885,PROD_574,1,250.97,0.0
ITEM_104830,ORD_22886,PROD_572,2,144.07,0.0
ITEM_104831,ORD_22886,PROD_532,2,272.35,0.0
ITEM_104832,ORD_22887,PROD_511,1,295.08,29.51
ITEM_104833,ORD_22888,PROD_504,2,130.74,26.15
ITEM_104834,ORD_22888,PROD_528,1,17.95,0.0
ITEM_104835,ORD_22889,PROD_503,1,157.89,7.89
ITEM_104836,ORD_22890,PROD_535,1,36.04,3.6
ITEM_104837,ORD_22891,PROD_510,1,220.56,33.08
ITEM_104838,ORD_22892,PROD_501,1,199.67,19.97
ITEM_104839,ORD_22892,PROD_560,1,88.9,4.45
ITEM_104840,ORD_22893,PROD_559,1,149.13,0.0
ITEM_104841,ORD_22894,PROD_526,1,212.22,10.61
ITEM_104842,ORD_22895,PROD_508,1,312.13,0.0
ITEM_104843,ORD_22896,PROD_546,1,209.69,0.0
ITEM_104844,ORD_22897,PROD_531,1,242.35,0.0
ITEM_104845,ORD_22898,PROD_513,1,126.72,6.34
ITEM_104846,ORD_22898,PROD_535,1,36.04,0.0
ITEM_104847,ORD_22899,PROD_571,1,211.74,0.0
ITEM_104848,ORD_22900,PROD_530,1,142.79,0.0
ITEM_104849,ORD_22901,PROD_552,3,157.7,0.0
ITEM_104850,ORD_22901,PROD_579,2,221.42,0.0
ITEM_104851,ORD_22902,PROD_510,1,220.56,0.0
ITEM_104852,ORD_22902,PROD_513,1,126.72,0.0
ITEM_104853,ORD_22903,PROD_530,1,142.79,0.0
ITEM_104854,ORD_22903,PROD_531,2,242.35,0.0
ITEM_104855,ORD_22904,PROD_512,1,151.42,0.0
ITEM_104856,ORD_22904,PROD_536,1,242.17,0.0
ITEM_104857,ORD_22905,PROD_554,2,309.23,0.0
ITEM_104858,ORD_22906,PROD_507,1,16.01,1.6
ITEM_104859,ORD_22906,PROD_519,1,236.9,11.85
ITEM_104860,ORD_22907,PROD_502,2,242.11,0.0
ITEM_104861,ORD_22908,PROD_576,1,75.48,0.0
ITEM_104862,ORD_22909,PROD_516,2,91.12,0.0
ITEM_104863,ORD_22910,PROD_545,1,246.78,0.0
ITEM_104864,ORD_22911,PROD_514,3,255.83,76.75
ITEM_104865,ORD_22911,PROD_535,1,36.04,0.0
ITEM_104866,ORD_22912,PROD_520,1,74.25,0.0
ITEM_104867,ORD_22912,PROD_522,1,209.52,0.0
ITEM_104868,ORD_22913,PROD_579,1,221.42,0.0
ITEM_104869,ORD_22914,PROD_568,1,116.17,0.0
ITEM_104870,ORD_22915,PROD_554,1,309.23,0.0
ITEM_104871,ORD_22915,PROD_536,2,242.17,48.43
ITEM_104872,ORD_22915,PROD_572,2,144.07,28.81
ITEM_104873,ORD_22916,PROD_567,2,103.84,0.0
ITEM_104874,ORD_22917,PROD_525,2,227.68,0.0
ITEM_104875,ORD_22918,PROD_523,2,104.47,0.0
ITEM_104876,ORD_22918,PROD_510,1,220.56,0.0
ITEM_104877,ORD_22918,PROD_558,2,152.68,0.0
ITEM_104878,ORD_22919,PROD_506,1,240.11,0.0
ITEM_104879,ORD_22919,PROD_536,1,242.17,0.0
ITEM_104880,ORD_22919,PROD_576,1,75.48,0.0
ITEM_104881,ORD_22919,PROD_551,1,148.84,0.0
ITEM_104882,ORD_22920,PROD_562,1,225.46,0.0
ITEM_104883,ORD_22920,PROD_523,1,104.47,5.22
ITEM_104884,ORD_22921,PROD_540,3,48.42,7.26
ITEM_104885,ORD_22922,PROD_506,1,240.11,0.0
ITEM_104886,ORD_22922,PROD_577,1,71.78,0.0
ITEM_104887,ORD_22923,PROD_557,1,170.75,0.0
ITEM_104888,ORD_22924,PROD_565,1,16.38,0.0
ITEM_104889,ORD_22924,PROD_557,1,170.75,0.0
ITEM_104890,ORD_22925,PROD_580,1,221.1,0.0
ITEM_104891,ORD_22926,PROD_541,1,137.54,0.0
ITEM_104892,ORD_22926,PROD_548,1,54.38,2.72
ITEM_104893,ORD_22926,PROD_564,1,77.5,7.75
ITEM_104894,ORD_22927,PROD_574,2,250.97,0.0
ITEM_104895,ORD_22928,PROD_557,1,170.75,8.54
ITEM_104896,ORD_22928,PROD_515,2,189.61,0.0
ITEM_104897,ORD_22929,PROD_536,1,242.17,0.0
ITEM_104898,ORD_22929,PROD_571,2,211.74,21.17
ITEM_104899,ORD_22929,PROD_521,1,141.39,0.0
ITEM_104900,ORD_22930,PROD_570,1,85.34,4.27
ITEM_104901,ORD_22930,PROD_567,1,103.84,10.38
ITEM_104902,ORD_22930,PROD_548,1,54.38,0.0
ITEM_104903,ORD_22931,PROD_550,1,19.6,0.0
ITEM_104904,ORD_22932,PROD_541,1,137.54,0.0
ITEM_104905,ORD_22933,PROD_547,1,20.21,0.0
ITEM_104906,ORD_22933,PROD_540,2,48.42,9.68
ITEM_104907,ORD_22934,PROD_551,1,148.84,14.88
ITEM_104908,ORD_22934,PROD_513,1,126.72,0.0
ITEM_104909,ORD_22935,PROD_526,1,212.22,31.83
ITEM_104910,ORD_22935,PROD_544,1,280.84,14.04
ITEM_104911,ORD_22936,PROD_558,1,152.68,7.63
ITEM_104912,ORD_22936,PROD_570,2,85.34,0.0
ITEM_104913,ORD_22937,PROD_570,2,85.34,0.0
ITEM_104914,ORD_22937,PROD_542,2,140.18,14.02
ITEM_104915,ORD_22937,PROD_506,1,240.11,0.0
ITEM_104916,ORD_22938,PROD_573,1,121.95,6.1
ITEM_104917,ORD_22939,PROD_506,1,240.11,0.0
ITEM_104918,ORD_22940,PROD_549,1,112.15,0.0
ITEM_104919,ORD_22940,PROD_557,2,170.75,51.23
ITEM_104920,ORD_22941,PROD_501,3,199.67,0.0
ITEM_104921,ORD_22942,PROD_530,1,142.79,0.0
ITEM_104922,ORD_22943,PROD_565,2,16.38,0.0
ITEM_104923,ORD_22943,PROD_576,2,75.48,22.64
ITEM_104924,ORD_22944,PROD_571,1,211.74,0.0
ITEM_104925,ORD_22944,PROD_577,3,71.78,21.53
ITEM_104926,ORD_22944,PROD_511,2,295.08,0.0
ITEM_104927,ORD_22945,PROD_508,1,312.13,0.0
ITEM_104928,ORD_22945,PROD_556,2,171.31,0.0
ITEM_104929,ORD_22946,PROD_562,1,225.46,0.0
ITEM_104930,ORD_22946,PROD_558,1,152.68,22.9
ITEM_104931,ORD_22946,PROD_530,1,142.79,7.14
ITEM_104932,ORD_22947,PROD_507,1,16.01,0.0
ITEM_104933,ORD_22947,PROD_545,1,246.78,0.0
ITEM_104934,ORD_22948,PROD_517,1,232.38,23.24
ITEM_104935,ORD_22948,PROD_536,1,242.17,0.0
ITEM_104936,ORD_22948,PROD_516,3,91.12,13.67
ITEM_104937,ORD_22949,PROD_526,2,212.22,0.0
ITEM_104938,ORD_22950,PROD_576,1,75.48,0.0
ITEM_104939,ORD_22951,PROD_509,1,213.9,21.39
ITEM_104940,ORD_22952,PROD_555,2,121.11,0.0
ITEM_104941,ORD_22952,PROD_559,1,149.13,0.0
ITEM_104942,ORD_22953,PROD_528,1,17.95,1.79
ITEM_104943,ORD_22953,PROD_580,2,221.1,0.0
ITEM_104944,ORD_22953,PROD_509,1,213.9,10.7
ITEM_104945,ORD_22954,PROD_573,1,121.95,0.0
ITEM_104946,ORD_22955,PROD_574,1,250.97,0.0
ITEM_104947,ORD_22955,PROD_567,1,103.84,5.19
ITEM_104948,ORD_22956,PROD_528,1,17.95,0.0
ITEM_104949,ORD_22957,PROD_572,1,144.07,0.0
ITEM_104950,ORD_22957,PROD_517,2,232.38,0.0
ITEM_104951,ORD_22958,PROD_564,1,77.5,0.0
ITEM_104952,ORD_22959,PROD_520,1,74.25,0.0
ITEM_104953,ORD_22959,PROD_548,1,54.38,0.0
ITEM_104954,ORD_22959,PROD_507,1,16.01,0.0
ITEM_104955,ORD_22960,PROD_557,2,170.75,0.0
ITEM_104956,ORD_22961,PROD_559,2,149.13,0.0
ITEM_104957,ORD_22961,PROD_532,1,272.35,0.0
ITEM_104958,ORD_22961,PROD_526,1,212.22,0.0
ITEM_104959,ORD_22962,PROD_534,2,46.48,9.3
ITEM_104960,ORD_22962,PROD_508,2,312.13,31.21
ITEM_104961,ORD_22963,PROD_565,3,16.38,0.0
ITEM_104962,ORD_22964,PROD_538,1,153.61,7.68
ITEM_104963,ORD_22965,PROD_570,2,85.34,0.0
ITEM_104964,ORD_22966,PROD_508,1,312.13,0.0
ITEM_104965,ORD_22966,PROD_534,1,46.48,0.0
ITEM_104966,ORD_22966,PROD_524,1,116.66,0.0
ITEM_104967,ORD_22967,PROD_552,1,157.7,0.0
ITEM_104968,ORD_22968,PROD_517,1,232.38,0.0
ITEM_104969,ORD_22969,PROD_507,1,16.01,0.0
ITEM_104970,ORD_22969,PROD_527,2,218.49,0.0
ITEM_104971,ORD_22970,PROD_524,1,116.66,0.0
ITEM_104972,ORD_22970,PROD_534,1,46.48,0.0
ITEM_104973,ORD_22971,PROD_541,1,137.54,0.0
ITEM_104974,ORD_22972,PROD_558,1,152.68,22.9
ITEM_104975,ORD_22973,PROD_537,2,145.12,29.02
ITEM_104976,ORD_22974,PROD_579,1,221.42,0.0
ITEM_104977,ORD_22974,PROD_522,1,209.52,0.0
ITEM_104978,ORD_22975,PROD_505,2,64.22,19.27
ITEM_104979,ORD_22975,PROD_533,1,161.57,16.16
ITEM_104980,ORD_22976,PROD_518,2,148.06,14.81
ITEM_104981,ORD_22977,PROD_501,1,199.67,0.0
ITEM_104982,ORD_22977,PROD_532,1,272.35,0.0
ITEM_104983,ORD_22978,PROD_542,1,140.18,21.03
ITEM_104984,ORD_22979,PROD_567,1,103.84,5.19
ITEM_104985,ORD_22979,PROD_565,2,16.38,0.0
ITEM_104986,ORD_22980,PROD_536,2,242.17,24.22
ITEM_104987,ORD_22980,PROD_571,1,211.74,10.59
ITEM_104988,ORD_22981,PROD_511,1,295.08,0.0
ITEM_104989,ORD_22982,PROD_553,1,123.16,18.47
ITEM_104990,ORD_22982,PROD_518,1,148.06,0.0
ITEM_104991,ORD_22982,PROD_571,1,211.74,10.59
ITEM_104992,ORD_22983,PROD_569,2,274.5,0.0
ITEM_104993,ORD_22984,PROD_524,1,116.66,0.0
ITEM_104994,ORD_22985,PROD_541,1,137.54,0.0
ITEM_104995,ORD_22985,PROD_549,1,112.15,0.0
ITEM_104996,ORD_22986,PROD_562,1,225.46,11.27
ITEM_104997,ORD_22986,PROD_563,3,317.9,0.0
ITEM_104998,ORD_22987,PROD_554,1,309.23,0.0
ITEM_104999,ORD_22988,PROD_562,2,225.46,0.0
ITEM_105000,ORD_22988,PROD_513,2,126.72,12.67
ITEM_105001,ORD_22988,PROD_554,3,309.23,92.77
ITEM_105002,ORD_22989,PROD_545,1,246.78,0.0
ITEM_105003,ORD_22989,PROD_520,1,74.25,0.0
ITEM_105004,ORD_22989,PROD_519,1,236.9,11.85
ITEM_105005,ORD_22990,PROD_570,1,85.34,0.0
ITEM_105006,ORD_22991,PROD_541,1,137.54,0.0
ITEM_105007,ORD_22992,PROD_522,1,209.52,10.48
ITEM_105008,ORD_22992,PROD_565,2,16.38,0.0
ITEM_105009,ORD_22993,PROD_534,2,46.48,9.3
ITEM_105010,ORD_22994,PROD_515,1,189.61,9.48
ITEM_105011,ORD_22994,PROD_562,2,225.46,22.55
ITEM_105012,ORD_22995,PROD_558,1,152.68,0.0
ITEM_105013,ORD_22995,PROD_549,2,112.15,22.43
ITEM_105014,ORD_22995,PROD_569,1,274.5,0.0
ITEM_105015,ORD_22996,PROD_507,2,16.01,3.2
ITEM_105016,ORD_22997,PROD_503,1,157.89,15.79
ITEM_105017,ORD_22997,PROD_550,1,19.6,0.0
ITEM_105018,ORD_22997,PROD_534,1,46.48,0.0
ITEM_105019,ORD_22998,PROD_575,1,175.82,0.0
ITEM_105020,ORD_22998,PROD_564,1,77.5,7.75
ITEM_105021,ORD_22998,PROD_525,1,227.68,22.77
ITEM_105022,ORD_22998,PROD_572,1,144.07,0.0
ITEM_105023,ORD_22999,PROD_555,2,121.11,0.0
ITEM_105024,ORD_22999,PROD_515,3,189.61,28.44
ITEM_105025,ORD_22999,PROD_542,1,140.18,0.0
ITEM_105026,ORD_23000,PROD_544,1,280.84,0.0
ITEM_105027,ORD_23001,PROD_521,1,141.39,14.14
ITEM_105028,ORD_23001,PROD_540,1,48.42,2.42
ITEM_105029,ORD_23001,PROD_552,1,157.7,0.0
ITEM_105030,ORD_23001,PROD_553,1,123.16,12.32
ITEM_105031,ORD_23002,PROD_571,1,211.74,0.0
ITEM_105032,ORD_23003,PROD_513,2,126.72,0.0
ITEM_105033,ORD_23004,PROD_507,1,16.01,0.0
ITEM_105034,ORD_23004,PROD_503,3,157.89,0.0
ITEM_105035,ORD_23005,PROD_572,2,144.07,0.0
ITEM_105036,ORD_23005,PROD_565,1,16.38,0.82
ITEM_105037,ORD_23006,PROD_505,1,64.22,0.0
ITEM_105038,ORD_23007,PROD_544,1,280.84,0.0
ITEM_105039,ORD_23008,PROD_569,2,274.5,27.45
ITEM_105040,ORD_23009,PROD_538,1,153.61,0.0
ITEM_105041,ORD_23009,PROD_510,1,220.56,0.0
ITEM_105042,ORD_23010,PROD_518,1,148.06,0.0
ITEM_105043,ORD_23011,PROD_567,1,103.84,0.0
ITEM_105044,ORD_23011,PROD_541,2,137.54,0.0
ITEM_105045,ORD_23011,PROD_578,1,165.8,24.87
ITEM_105046,ORD_23011,PROD_528,3,17.95,0.0
ITEM_105047,ORD_23012,PROD_542,1,140.18,14.02
ITEM_105048,ORD_23012,PROD_536,1,242.17,36.33
ITEM_105049,ORD_23013,PROD_567,1,103.84,0.0
ITEM_105050,ORD_23014,PROD_507,2,16.01,1.6
ITEM_105051,ORD_23015,PROD_507,1,16.01,0.0
ITEM_105052,ORD_23016,PROD_542,1,140.18,14.02
ITEM_105053,ORD_23017,PROD_535,1,36.04,0.0
ITEM_105054,ORD_23017,PROD_522,1,209.52,31.43
ITEM_105055,ORD_23017,PROD_514,1,255.83,12.79
ITEM_105056,ORD_23017,PROD_543,2,313.64,0.0
ITEM_105057,ORD_23018,PROD_569,1,274.5,0.0
ITEM_105058,ORD_23018,PROD_519,2,236.9,0.0
ITEM_105059,ORD_23019,PROD_514,1,255.83,0.0
ITEM_105060,ORD_23020,PROD_573,1,121.95,0.0
ITEM_105061,ORD_23021,PROD_572,1,144.07,0.0
ITEM_105062,ORD_23021,PROD_530,1,142.79,0.0
ITEM_105063,ORD_23022,PROD_535,1,36.04,1.8
ITEM_105064,ORD_23022,PROD_539,1,250.31,12.52
ITEM_105065,ORD_23023,PROD_558,1,152.68,0.0
ITEM_105066,ORD_23023,PROD_562,1,225.46,0.0
ITEM_105067,ORD_23023,PROD_521,1,141.39,14.14
ITEM_105068,ORD_23023,PROD_520,1,74.25,0.0
ITEM_105069,ORD_23024,PROD_535,2,36.04,10.81
ITEM_105070,ORD_23025,PROD_544,1,280.84,0.0
ITEM_105071,ORD_23026,PROD_559,1,149.13,7.46
ITEM_105072,ORD_23027,PROD_567,1,103.84,0.0
ITEM_105073,ORD_23028,PROD_529,2,24.28,0.0
ITEM_105074,ORD_23029,PROD_550,1,19.6,0.0
ITEM_105075,ORD_23030,PROD_511,1,295.08,0.0
ITEM_105076,ORD_23031,PROD_575,1,175.82,17.58
ITEM_105077,ORD_23032,PROD_560,2,88.9,17.78
ITEM_105078,ORD_23033,PROD_555,1,121.11,0.0
ITEM_105079,ORD_23033,PROD_562,1,225.46,0.0
ITEM_105080,ORD_23033,PROD_550,1,19.6,0.0
ITEM_105081,ORD_23034,PROD_564,1,77.5,7.75
ITEM_105082,ORD_23034,PROD_514,3,255.83,0.0
ITEM_105083,ORD_23035,PROD_535,1,36.04,0.0
ITEM_105084,ORD_23036,PROD_559,1,149.13,0.0
ITEM_105085,ORD_23036,PROD_504,1,130.74,0.0
ITEM_105086,ORD_23037,PROD_505,1,64.22,9.63
ITEM_105087,ORD_23038,PROD_536,2,242.17,0.0
ITEM_105088,ORD_23039,PROD_579,1,221.42,22.14
ITEM_105089,ORD_23039,PROD_539,1,250.31,0.0
ITEM_105090,ORD_23040,PROD_573,1,121.95,0.0
ITEM_105091,ORD_23040,PROD_558,1,152.68,0.0
ITEM_105092,ORD_23041,PROD_559,3,149.13,22.37
ITEM_105093,ORD_23042,PROD_534,1,46.48,0.0
ITEM_105094,ORD_23042,PROD_563,2,317.9,31.79
ITEM_105095,ORD_23043,PROD_506,1,240.11,0.0
ITEM_105096,ORD_23043,PROD_514,1,255.83,0.0
ITEM_105097,ORD_23044,PROD_514,2,255.83,25.58
ITEM_105098,ORD_23045,PROD_531,1,242.35,24.23
ITEM_105099,ORD_23045,PROD_518,1,148.06,0.0
ITEM_105100,ORD_23046,PROD_509,1,213.9,0.0
ITEM_105101,ORD_23047,PROD_562,1,225.46,0.0
ITEM_105102,ORD_23048,PROD_516,1,91.12,0.0
ITEM_105103,ORD_23049,PROD_541,2,137.54,0.0
ITEM_105104,ORD_23049,PROD_515,2,189.61,0.0
ITEM_105105,ORD_23049,PROD_559,1,149.13,0.0
ITEM_105106,ORD_23049,PROD_545,1,246.78,0.0
ITEM_105107,ORD_23050,PROD_517,2,232.38,0.0
ITEM_105108,ORD_23050,PROD_560,1,88.9,0.0
ITEM_105109,ORD_23051,PROD_571,1,211.74,0.0
ITEM_105110,ORD_23052,PROD_529,1,24.28,0.0
ITEM_105111,ORD_23053,PROD_511,1,295.08,14.75
ITEM_105112,ORD_23053,PROD_536,2,242.17,0.0
ITEM_105113,ORD_23054,PROD_508,1,312.13,0.0
ITEM_105114,ORD_23055,PROD_524,1,116.66,11.67
ITEM_105115,ORD_23055,PROD_544,1,280.84,0.0
ITEM_105116,ORD_23056,PROD_539,3,250.31,75.09
ITEM_105117,ORD_23057,PROD_515,1,189.61,0.0
ITEM_105118,ORD_23058,PROD_519,2,236.9,23.69
ITEM_105119,ORD_23058,PROD_528,2,17.95,0.0
ITEM_105120,ORD_23059,PROD_502,1,242.11,0.0
ITEM_105121,ORD_23059,PROD_546,1,209.69,0.0
ITEM_105122,ORD_23060,PROD_520,1,74.25,0.0
ITEM_105123,ORD_23060,PROD_538,2,153.61,15.36
ITEM_105124,ORD_23061,PROD_576,2,75.48,15.1
ITEM_105125,ORD_23061,PROD_522,2,209.52,41.9
ITEM_105126,ORD_23062,PROD_576,2,75.48,7.55
ITEM_105127,ORD_23062,PROD_535,2,36.04,0.0
ITEM_105128,ORD_23063,PROD_567,1,103.84,10.38
ITEM_105129,ORD_23064,PROD_539,2,250.31,25.03
ITEM_105130,ORD_23065,PROD_552,2,157.7,0.0
ITEM_105131,ORD_23066,PROD_561,1,375.16,0.0
ITEM_105132,ORD_23066,PROD_578,1,165.8,24.87
ITEM_105133,ORD_23066,PROD_541,1,137.54,6.88
ITEM_105134,ORD_23066,PROD_565,1,16.38,0.82
ITEM_105135,ORD_23067,PROD_560,2,88.9,0.0
ITEM_105136,ORD_23067,PROD_523,1,104.47,0.0
ITEM_105137,ORD_23068,PROD_579,1,221.42,0.0
ITEM_105138,ORD_23068,PROD_544,2,280.84,28.08
ITEM_105139,ORD_23069,PROD_561,1,375.16,0.0
ITEM_105140,ORD_23069,PROD_521,2,141.39,0.0
ITEM_105141,ORD_23070,PROD_563,3,317.9,0.0
ITEM_105142,ORD_23071,PROD_562,1,225.46,22.55
ITEM_105143,ORD_23072,PROD_550,1,19.6,0.98
ITEM_105144,ORD_23072,PROD_507,1,16.01,0.0
ITEM_105145,ORD_23073,PROD_513,1,126.72,6.34
ITEM_105146,ORD_23073,PROD_571,1,211.74,0.0
ITEM_105147,ORD_23074,PROD_558,1,152.68,0.0
ITEM_105148,ORD_23075,PROD_540,1,48.42,0.0
ITEM_105149,ORD_23076,PROD_568,1,116.17,11.62
ITEM_105150,ORD_23077,PROD_575,1,175.82,0.0
ITEM_105151,ORD_23077,PROD_528,1,17.95,0.0
ITEM_105152,ORD_23078,PROD_571,2,211.74,0.0
ITEM_105153,ORD_23078,PROD_519,1,236.9,11.85
ITEM_105154,ORD_23078,PROD_507,1,16.01,0.8
ITEM_105155,ORD_23079,PROD_539,1,250.31,25.03
ITEM_105156,ORD_23080,PROD_576,2,75.48,0.0
ITEM_105157,ORD_23081,PROD_558,1,152.68,0.0
ITEM_105158,ORD_23081,PROD_565,1,16.38,0.0
ITEM_105159,ORD_23082,PROD_557,2,170.75,0.0
ITEM_105160,ORD_23083,PROD_521,1,141.39,0.0
ITEM_105161,ORD_23083,PROD_557,1,170.75,17.07
ITEM_105162,ORD_23083,PROD_527,1,218.49,0.0
ITEM_105163,ORD_23084,PROD_567,1,103.84,15.58
ITEM_105164,ORD_23085,PROD_535,2,36.04,0.0
ITEM_105165,ORD_23086,PROD_523,3,104.47,47.01
ITEM_105166,ORD_23087,PROD_537,1,145.12,0.0
ITEM_105167,ORD_23088,PROD_561,1,375.16,0.0
ITEM_105168,ORD_23089,PROD_533,1,161.57,0.0
ITEM_105169,ORD_23089,PROD_542,1,140.18,0.0
ITEM_105170,ORD_23089,PROD_576,1,75.48,11.32
ITEM_105171,ORD_23090,PROD_550,1,19.6,0.0
ITEM_105172,ORD_23090,PROD_577,1,71.78,0.0
ITEM_105173,ORD_23091,PROD_534,1,46.48,0.0
ITEM_105174,ORD_23092,PROD_547,3,20.21,3.03
ITEM_105175,ORD_23092,PROD_501,1,199.67,19.97
ITEM_105176,ORD_23093,PROD_571,1,211.74,0.0
ITEM_105177,ORD_23094,PROD_532,1,272.35,0.0
ITEM_105178,ORD_23094,PROD_506,1,240.11,24.01
ITEM_105179,ORD_23095,PROD_559,1,149.13,7.46
ITEM_105180,ORD_23095,PROD_536,1,242.17,0.0
ITEM_105181,ORD_23096,PROD_552,2,157.7,0.0
ITEM_105182,ORD_23097,PROD_515,1,189.61,18.96
ITEM_105183,ORD_23098,PROD_522,1,209.52,31.43
ITEM_105184,ORD_23099,PROD_528,2,17.95,0.0
ITEM_105185,ORD_23099,PROD_556,1,171.31,8.57
ITEM_105186,ORD_23099,PROD_520,1,74.25,3.71
ITEM_105187,ORD_23099,PROD_552,2,157.7,0.0
ITEM_105188,ORD_23100,PROD_565,1,16.38,2.46
ITEM_105189,ORD_23101,PROD_508,2,312.13,0.0
ITEM_105190,ORD_23101,PROD_516,2,91.12,0.0
ITEM_105191,ORD_23101,PROD_505,1,64.22,0.0
ITEM_105192,ORD_23101,PROD_564,1,77.5,0.0
ITEM_105193,ORD_23102,PROD_515,3,189.61,0.0
ITEM_105194,ORD_23103,PROD_578,1,165.8,8.29
ITEM_105195,ORD_23103,PROD_564,1,77.5,0.0
ITEM_105196,ORD_23104,PROD_555,1,121.11,0.0
ITEM_105197,ORD_23105,PROD_563,1,317.9,31.79
ITEM_105198,ORD_23106,PROD_530,1,142.79,7.14
ITEM_105199,ORD_23106,PROD_546,3,209.69,94.36
ITEM_105200,ORD_23107,PROD_577,1,71.78,0.0
ITEM_105201,ORD_23107,PROD_565,3,16.38,4.91
ITEM_105202,ORD_23107,PROD_509,2,213.9,0.0
ITEM_105203,ORD_23108,PROD_567,1,103.84,0.0
ITEM_105204,ORD_23109,PROD_537,2,145.12,0.0
ITEM_105205,ORD_23109,PROD_506,1,240.11,12.01
ITEM_105206,ORD_23109,PROD_550,1,19.6,0.0
ITEM_105207,ORD_23110,PROD_519,1,236.9,0.0
ITEM_105208,ORD_23111,PROD_530,1,142.79,7.14
ITEM_105209,ORD_23111,PROD_538,1,153.61,15.36
ITEM_105210,ORD_23112,PROD_530,1,142.79,0.0
ITEM_105211,ORD_23112,PROD_524,2,116.66,0.0
ITEM_105212,ORD_23112,PROD_501,1,199.67,0.0
ITEM_105213,ORD_23113,PROD_561,3,375.16,0.0
ITEM_105214,ORD_23113,PROD_565,2,16.38,1.64
ITEM_105215,ORD_23113,PROD_530,1,142.79,0.0
ITEM_105216,ORD_23114,PROD_519,1,236.9,0.0
ITEM_105217,ORD_23115,PROD_519,1,236.9,0.0
ITEM_105218,ORD_23115,PROD_572,1,144.07,0.0
ITEM_105219,ORD_23116,PROD_536,1,242.17,0.0
ITEM_105220,ORD_23117,PROD_523,2,104.47,0.0
ITEM_105221,ORD_23118,PROD_579,1,221.42,22.14
ITEM_105222,ORD_23118,PROD_523,2,104.47,0.0
ITEM_105223,ORD_23119,PROD_563,1,317.9,0.0
ITEM_105224,ORD_23120,PROD_506,1,240.11,12.01
ITEM_105225,ORD_23120,PROD_558,1,152.68,0.0
ITEM_105226,ORD_23120,PROD_557,1,170.75,17.07
ITEM_105227,ORD_23120,PROD_526,1,212.22,10.61
ITEM_105228,ORD_23121,PROD_576,1,75.48,0.0
ITEM_105229,ORD_23122,PROD_574,1,250.97,0.0
ITEM_105230,ORD_23122,PROD_554,1,309.23,0.0
ITEM_105231,ORD_23122,PROD_530,3,142.79,0.0
ITEM_105232,ORD_23122,PROD_508,1,312.13,0.0
ITEM_105233,ORD_23123,PROD_554,1,309.23,0.0
ITEM_105234,ORD_23123,PROD_577,1,71.78,0.0
ITEM_105235,ORD_23124,PROD_529,1,24.28,0.0
ITEM_105236,ORD_23125,PROD_511,1,295.08,0.0
ITEM_105237,ORD_23125,PROD_519,1,236.9,0.0
ITEM_105238,ORD_23126,PROD_564,1,77.5,0.0
ITEM_105239,ORD_23126,PROD_567,1,103.84,0.0
ITEM_105240,ORD_23127,PROD_506,2,240.11,0.0
ITEM_105241,ORD_23128,PROD_579,2,221.42,0.0
ITEM_105242,ORD_23128,PROD_525,1,227.68,0.0
ITEM_105243,ORD_23128,PROD_563,1,317.9,15.89
ITEM_105244,ORD_23129,PROD_510,1,220.56,0.0
ITEM_105245,ORD_23129,PROD_520,1,74.25,0.0
ITEM_105246,ORD_23130,PROD_510,2,220.56,0.0
ITEM_105247,ORD_23131,PROD_574,1,250.97,12.55
ITEM_105248,ORD_23132,PROD_533,1,161.57,8.08
ITEM_105249,ORD_23133,PROD_510,2,220.56,44.11
ITEM_105250,ORD_23134,PROD_530,1,142.79,0.0
ITEM_105251,ORD_23134,PROD_574,1,250.97,12.55
ITEM_105252,ORD_23134,PROD_579,1,221.42,0.0
ITEM_105253,ORD_23134,PROD_521,1,141.39,0.0
ITEM_105254,ORD_23135,PROD_541,2,137.54,0.0
ITEM_105255,ORD_23135,PROD_523,1,104.47,5.22
ITEM_105256,ORD_23136,PROD_563,2,317.9,63.58
ITEM_105257,ORD_23137,PROD_525,1,227.68,0.0
ITEM_105258,ORD_23138,PROD_510,1,220.56,0.0
ITEM_105259,ORD_23139,PROD_577,2,71.78,0.0
ITEM_105260,ORD_23139,PROD_573,2,121.95,0.0
ITEM_105261,ORD_23139,PROD_562,1,225.46,0.0
ITEM_105262,ORD_23140,PROD_577,1,71.78,0.0
ITEM_105263,ORD_23141,PROD_553,1,123.16,6.16
ITEM_105264,ORD_23142,PROD_537,1,145.12,14.51
ITEM_105265,ORD_23143,PROD_554,1,309.23,15.46
ITEM_105266,ORD_23144,PROD_557,1,170.75,0.0
ITEM_105267,ORD_23144,PROD_516,1,91.12,9.11
ITEM_105268,ORD_23145,PROD_572,2,144.07,0.0
ITEM_105269,ORD_23145,PROD_558,1,152.68,7.63
ITEM_105270,ORD_23145,PROD_536,1,242.17,0.0
ITEM_105271,ORD_23146,PROD_503,1,157.89,0.0
ITEM_105272,ORD_23147,PROD_555,2,121.11,0.0
ITEM_105273,ORD_23148,PROD_550,1,19.6,1.96
ITEM_105274,ORD_23149,PROD_523,1,104.47,10.45
ITEM_105275,ORD_23150,PROD_502,1,242.11,0.0
ITEM_105276,ORD_23150,PROD_574,1,250.97,0.0
ITEM_105277,ORD_23151,PROD_573,1,121.95,0.0
ITEM_105278,ORD_23151,PROD_521,1,141.39,0.0
ITEM_105279,ORD_23151,PROD_531,2,242.35,0.0
ITEM_105280,ORD_23151,PROD_543,1,313.64,15.68
ITEM_105281,ORD_23152,PROD_542,2,140.18,0.0
ITEM_105282,ORD_23153,PROD_512,2,151.42,15.14
ITEM_105283,ORD_23153,PROD_533,1,161.57,24.24
ITEM_105284,ORD_23154,PROD_561,1,375.16,18.76
ITEM_105285,ORD_23154,PROD_560,1,88.9,0.0
ITEM_105286,ORD_23154,PROD_528,1,17.95,0.0
ITEM_105287,ORD_23155,PROD_559,1,149.13,0.0
ITEM_105288,ORD_23156,PROD_580,1,221.1,0.0
ITEM_105289,ORD_23156,PROD_539,2,250.31,0.0
ITEM_105290,ORD_23157,PROD_525,1,227.68,11.38
ITEM_105291,ORD_23158,PROD_551,1,148.84,7.44
ITEM_105292,ORD_23158,PROD_522,2,209.52,0.0
ITEM_105293,ORD_23159,PROD_529,2,24.28,7.28
ITEM_105294,ORD_23159,PROD_515,1,189.61,0.0
ITEM_105295,ORD_23159,PROD_516,1,91.12,0.0
ITEM_105296,ORD_23160,PROD_570,1,85.34,0.0
ITEM_105297,ORD_23161,PROD_525,1,227.68,0.0
ITEM_105298,ORD_23161,PROD_534,1,46.48,0.0
ITEM_105299,ORD_23161,PROD_537,1,145.12,14.51
ITEM_105300,ORD_23161,PROD_571,1,211.74,0.0
ITEM_105301,ORD_23162,PROD_578,1,165.8,0.0
ITEM_105302,ORD_23162,PROD_575,1,175.82,0.0
ITEM_105303,ORD_23163,PROD_571,1,211.74,0.0
ITEM_105304,ORD_23164,PROD_516,1,91.12,0.0
ITEM_105305,ORD_23165,PROD_536,1,242.17,0.0
ITEM_105306,ORD_23165,PROD_521,1,141.39,14.14
ITEM_105307,ORD_23166,PROD_560,2,88.9,0.0
ITEM_105308,ORD_23167,PROD_505,1,64.22,0.0
ITEM_105309,ORD_23168,PROD_569,1,274.5,0.0
ITEM_105310,ORD_23169,PROD_544,2,280.84,0.0
ITEM_105311,ORD_23170,PROD_550,2,19.6,1.96
ITEM_105312,ORD_23170,PROD_564,1,77.5,0.0
ITEM_105313,ORD_23171,PROD_545,1,246.78,0.0
ITEM_105314,ORD_23171,PROD_569,1,274.5,0.0
ITEM_105315,ORD_23172,PROD_539,1,250.31,0.0
ITEM_105316,ORD_23172,PROD_519,1,236.9,35.53
ITEM_105317,ORD_23172,PROD_504,2,130.74,0.0
ITEM_105318,ORD_23173,PROD_501,1,199.67,19.97
ITEM_105319,ORD_23173,PROD_519,1,236.9,0.0
ITEM_105320,ORD_23174,PROD_518,1,148.06,0.0
ITEM_105321,ORD_23175,PROD_576,1,75.48,0.0
ITEM_105322,ORD_23175,PROD_502,1,242.11,0.0
ITEM_105323,ORD_23175,PROD_530,1,142.79,0.0
ITEM_105324,ORD_23176,PROD_550,1,19.6,2.94
ITEM_105325,ORD_23176,PROD_574,1,250.97,0.0
ITEM_105326,ORD_23177,PROD_514,1,255.83,0.0
ITEM_105327,ORD_23178,PROD_516,3,91.12,0.0
ITEM_105328,ORD_23179,PROD_529,1,24.28,2.43
ITEM_105329,ORD_23179,PROD_539,2,250.31,0.0
ITEM_105330,ORD_23180,PROD_539,1,250.31,0.0
ITEM_105331,ORD_23180,PROD_545,2,246.78,49.36
ITEM_105332,ORD_23180,PROD_542,1,140.18,7.01
ITEM_105333,ORD_23181,PROD_531,1,242.35,0.0
ITEM_105334,ORD_23182,PROD_572,1,144.07,0.0
ITEM_105335,ORD_23182,PROD_550,1,19.6,0.98
ITEM_105336,ORD_23182,PROD_516,1,91.12,4.56
ITEM_105337,ORD_23183,PROD_523,1,104.47,0.0
ITEM_105338,ORD_23184,PROD_540,3,48.42,7.26
ITEM_105339,ORD_23185,PROD_580,1,221.1,11.05
ITEM_105340,ORD_23185,PROD_532,1,272.35,27.24
ITEM_105341,ORD_23186,PROD_575,1,175.82,0.0
ITEM_105342,ORD_23187,PROD_579,1,221.42,33.21
ITEM_105343,ORD_23187,PROD_503,2,157.89,0.0
ITEM_105344,ORD_23188,PROD_568,1,116.17,0.0
ITEM_105345,ORD_23188,PROD_541,1,137.54,0.0
ITEM_105346,ORD_23189,PROD_537,2,145.12,0.0
ITEM_105347,ORD_23190,PROD_518,1,148.06,0.0
ITEM_105348,ORD_23191,PROD_564,1,77.5,11.62
ITEM_105349,ORD_23192,PROD_514,2,255.83,0.0
ITEM_105350,ORD_23192,PROD_501,1,199.67,19.97
ITEM_105351,ORD_23192,PROD_518,1,148.06,0.0
ITEM_105352,ORD_23193,PROD_529,1,24.28,0.0
ITEM_105353,ORD_23194,PROD_506,2,240.11,24.01
ITEM_105354,ORD_23194,PROD_529,1,24.28,0.0
ITEM_105355,ORD_23195,PROD_504,1,130.74,13.07
ITEM_105356,ORD_23196,PROD_525,1,227.68,22.77
ITEM_105357,ORD_23197,PROD_552,1,157.7,0.0
ITEM_105358,ORD_23198,PROD_567,1,103.84,0.0
ITEM_105359,ORD_23199,PROD_538,2,153.61,0.0
ITEM_105360,ORD_23200,PROD_565,1,16.38,0.0
ITEM_105361,ORD_23201,PROD_503,1,157.89,15.79
ITEM_105362,ORD_23202,PROD_564,3,77.5,0.0
ITEM_105363,ORD_23203,PROD_539,1,250.31,0.0
ITEM_105364,ORD_23204,PROD_523,2,104.47,20.89
ITEM_105365,ORD_23205,PROD_567,1,103.84,0.0
ITEM_105366,ORD_23205,PROD_559,1,149.13,0.0
ITEM_105367,ORD_23205,PROD_547,1,20.21,2.02
ITEM_105368,ORD_23205,PROD_539,1,250.31,0.0
ITEM_105369,ORD_23206,PROD_507,1,16.01,0.0
ITEM_105370,ORD_23206,PROD_515,1,189.61,0.0
ITEM_105371,ORD_23206,PROD_570,2,85.34,8.53
ITEM_105372,ORD_23207,PROD_566,2,250.95,0.0
ITEM_105373,ORD_23207,PROD_509,3,213.9,0.0
ITEM_105374,ORD_23208,PROD_527,1,218.49,0.0
ITEM_105375,ORD_23208,PROD_510,1,220.56,0.0
ITEM_105376,ORD_23209,PROD_564,1,77.5,0.0
ITEM_105377,ORD_23209,PROD_551,1,148.84,0.0
ITEM_105378,ORD_23209,PROD_570,1,85.34,0.0
ITEM_105379,ORD_23210,PROD_551,1,148.84,0.0
ITEM_105380,ORD_23210,PROD_553,1,123.16,0.0
ITEM_105381,ORD_23211,PROD_557,1,170.75,17.07
ITEM_105382,ORD_23211,PROD_531,1,242.35,0.0
ITEM_105383,ORD_23212,PROD_543,2,313.64,0.0
ITEM_105384,ORD_23213,PROD_544,1,280.84,0.0
ITEM_105385,ORD_23213,PROD_573,2,121.95,0.0
ITEM_105386,ORD_23214,PROD_556,1,171.31,17.13
ITEM_105387,ORD_23214,PROD_517,1,232.38,0.0
ITEM_105388,ORD_23214,PROD_546,1,209.69,0.0
ITEM_105389,ORD_23215,PROD_577,1,71.78,0.0
ITEM_105390,ORD_23215,PROD_530,1,142.79,14.28
ITEM_105391,ORD_23216,PROD_554,3,309.23,0.0
ITEM_105392,ORD_23217,PROD_514,1,255.83,0.0
ITEM_105393,ORD_23218,PROD_558,1,152.68,0.0
ITEM_105394,ORD_23219,PROD_503,1,157.89,0.0
ITEM_105395,ORD_23220,PROD_536,1,242.17,12.11
ITEM_105396,ORD_23221,PROD_571,1,211.74,31.76
ITEM_105397,ORD_23221,PROD_580,1,221.1,11.05
ITEM_105398,ORD_23221,PROD_569,2,274.5,0.0
ITEM_105399,ORD_23221,PROD_525,1,227.68,0.0
ITEM_105400,ORD_23222,PROD_538,1,153.61,0.0
ITEM_105401,ORD_23222,PROD_516,1,91.12,0.0
ITEM_105402,ORD_23223,PROD_526,1,212.22,0.0
ITEM_105403,ORD_23224,PROD_566,1,250.95,0.0
ITEM_105404,ORD_23224,PROD_540,1,48.42,4.84
ITEM_105405,ORD_23224,PROD_576,2,75.48,0.0
ITEM_105406,ORD_23225,PROD_563,1,317.9,0.0
ITEM_105407,ORD_23225,PROD_520,2,74.25,0.0
ITEM_105408,ORD_23225,PROD_505,1,64.22,9.63
ITEM_105409,ORD_23226,PROD_552,1,157.7,0.0
ITEM_105410,ORD_23226,PROD_568,1,116.17,0.0
ITEM_105411,ORD_23226,PROD_505,2,64.22,0.0
ITEM_105412,ORD_23226,PROD_536,1,242.17,0.0
ITEM_105413,ORD_23227,PROD_518,1,148.06,0.0
ITEM_105414,ORD_23228,PROD_506,1,240.11,0.0
ITEM_105415,ORD_23229,PROD_573,2,121.95,0.0
ITEM_105416,ORD_23230,PROD_577,1,71.78,0.0
ITEM_105417,ORD_23231,PROD_515,2,189.61,56.88
ITEM_105418,ORD_23231,PROD_539,2,250.31,75.09
ITEM_105419,ORD_23232,PROD_506,2,240.11,0.0
ITEM_105420,ORD_23233,PROD_505,1,64.22,3.21
ITEM_105421,ORD_23233,PROD_540,1,48.42,2.42
ITEM_105422,ORD_23234,PROD_518,1,148.06,7.4
ITEM_105423,ORD_23235,PROD_563,1,317.9,0.0
ITEM_105424,ORD_23236,PROD_564,3,77.5,0.0
ITEM_105425,ORD_23237,PROD_517,1,232.38,0.0
ITEM_105426,ORD_23237,PROD_505,1,64.22,0.0
ITEM_105427,ORD_23238,PROD_562,2,225.46,0.0
ITEM_105428,ORD_23239,PROD_550,1,19.6,0.0
ITEM_105429,ORD_23239,PROD_561,1,375.16,0.0
ITEM_105430,ORD_23240,PROD_551,1,148.84,14.88
ITEM_105431,ORD_23241,PROD_503,1,157.89,0.0
ITEM_105432,ORD_23242,PROD_515,1,189.61,0.0
ITEM_105433,ORD_23242,PROD_559,3,149.13,0.0
ITEM_105434,ORD_23243,PROD_544,2,280.84,0.0
ITEM_105435,ORD_23244,PROD_507,1,16.01,1.6
ITEM_105436,ORD_23245,PROD_550,1,19.6,0.98
ITEM_105437,ORD_23246,PROD_505,1,64.22,3.21
ITEM_105438,ORD_23247,PROD_541,1,137.54,6.88
ITEM_105439,ORD_23247,PROD_501,2,199.67,39.93
ITEM_105440,ORD_23247,PROD_563,1,317.9,15.89
ITEM_105441,ORD_23247,PROD_576,1,75.48,0.0
ITEM_105442,ORD_23248,PROD_535,1,36.04,0.0
ITEM_105443,ORD_23249,PROD_506,1,240.11,24.01
ITEM_105444,ORD_23250,PROD_546,1,209.69,0.0
ITEM_105445,ORD_23251,PROD_534,2,46.48,13.94
ITEM_105446,ORD_23251,PROD_505,1,64.22,0.0
ITEM_105447,ORD_23252,PROD_510,1,220.56,0.0
ITEM_105448,ORD_23252,PROD_528,1,17.95,0.0
ITEM_105449,ORD_23253,PROD_502,1,242.11,12.11
ITEM_105450,ORD_23253,PROD_551,2,148.84,14.88
ITEM_105451,ORD_23253,PROD_524,2,116.66,23.33
ITEM_105452,ORD_23254,PROD_579,1,221.42,0.0
ITEM_105453,ORD_23255,PROD_537,2,145.12,0.0
ITEM_105454,ORD_23255,PROD_548,1,54.38,2.72
ITEM_105455,ORD_23255,PROD_569,1,274.5,0.0
ITEM_105456,ORD_23255,PROD_509,1,213.9,0.0
ITEM_105457,ORD_23256,PROD_573,1,121.95,0.0
ITEM_105458,ORD_23257,PROD_574,1,250.97,0.0
ITEM_105459,ORD_23257,PROD_547,1,20.21,0.0
ITEM_105460,ORD_23257,PROD_542,3,140.18,0.0
ITEM_105461,ORD_23258,PROD_519,2,236.9,47.38
ITEM_105462,ORD_23259,PROD_502,1,242.11,0.0
ITEM_105463,ORD_23260,PROD_506,3,240.11,0.0
ITEM_105464,ORD_23261,PROD_522,1,209.52,20.95
ITEM_105465,ORD_23261,PROD_511,1,295.08,0.0
ITEM_105466,ORD_23262,PROD_580,2,221.1,0.0
ITEM_105467,ORD_23263,PROD_522,1,209.52,0.0
ITEM_105468,ORD_23264,PROD_571,1,211.74,0.0
ITEM_105469,ORD_23264,PROD_506,1,240.11,12.01
ITEM_105470,ORD_23265,PROD_521,1,141.39,0.0
ITEM_105471,ORD_23265,PROD_518,2,148.06,0.0
ITEM_105472,ORD_23266,PROD_535,1,36.04,0.0
ITEM_105473,ORD_23267,PROD_542,2,140.18,0.0
ITEM_105474,ORD_23268,PROD_570,1,85.34,0.0
ITEM_105475,ORD_23269,PROD_571,2,211.74,63.52
ITEM_105476,ORD_23270,PROD_520,1,74.25,3.71
ITEM_105477,ORD_23270,PROD_534,1,46.48,2.32
ITEM_105478,ORD_23271,PROD_505,1,64.22,0.0
ITEM_105479,ORD_23271,PROD_542,1,140.18,0.0
ITEM_105480,ORD_23272,PROD_530,1,142.79,0.0
ITEM_105481,ORD_23273,PROD_564,3,77.5,0.0
ITEM_105482,ORD_23273,PROD_514,2,255.83,0.0
ITEM_105483,ORD_23273,PROD_561,1,375.16,0.0
ITEM_105484,ORD_23273,PROD_544,1,280.84,0.0
ITEM_105485,ORD_23274,PROD_522,1,209.52,0.0
ITEM_105486,ORD_23275,PROD_502,2,242.11,0.0
ITEM_105487,ORD_23276,PROD_522,1,209.52,10.48
ITEM_105488,ORD_23277,PROD_525,1,227.68,22.77
ITEM_105489,ORD_23277,PROD_503,2,157.89,31.58
ITEM_105490,ORD_23278,PROD_537,1,145.12,0.0
ITEM_105491,ORD_23279,PROD_532,1,272.35,0.0
ITEM_105492,ORD_23280,PROD_574,1,250.97,0.0
ITEM_105493,ORD_23280,PROD_539,1,250.31,0.0
ITEM_105494,ORD_23281,PROD_516,2,91.12,0.0
ITEM_105495,ORD_23282,PROD_534,1,46.48,2.32
ITEM_105496,ORD_23282,PROD_526,1,212.22,0.0
ITEM_105497,ORD_23283,PROD_533,1,161.57,8.08
ITEM_105498,ORD_23284,PROD_572,1,144.07,7.2
ITEM_105499,ORD_23284,PROD_555,2,121.11,0.0
ITEM_105500,ORD_23284,PROD_506,1,240.11,0.0
ITEM_105501,ORD_23284,PROD_552,1,157.7,0.0
ITEM_105502,ORD_23285,PROD_543,1,313.64,31.36
ITEM_105503,ORD_23285,PROD_534,1,46.48,0.0
ITEM_105504,ORD_23286,PROD_540,2,48.42,0.0
ITEM_105505,ORD_23287,PROD_502,1,242.11,0.0
ITEM_105506,ORD_23288,PROD_563,1,317.9,15.89
ITEM_105507,ORD_23289,PROD_506,1,240.11,0.0
ITEM_105508,ORD_23290,PROD_531,1,242.35,0.0
ITEM_105509,ORD_23291,PROD_564,2,77.5,0.0
ITEM_105510,ORD_23292,PROD_526,1,212.22,0.0
ITEM_105511,ORD_23292,PROD_574,1,250.97,12.55
ITEM_105512,ORD_23293,PROD_576,1,75.48,0.0
ITEM_105513,ORD_23294,PROD_565,1,16.38,0.0
ITEM_105514,ORD_23295,PROD_539,1,250.31,0.0
ITEM_105515,ORD_23295,PROD_540,1,48.42,2.42
ITEM_105516,ORD_23296,PROD_535,1,36.04,1.8
ITEM_105517,ORD_23296,PROD_525,3,227.68,68.3
ITEM_105518,ORD_23297,PROD_554,1,309.23,30.92
ITEM_105519,ORD_23298,PROD_565,1,16.38,0.0
ITEM_105520,ORD_23299,PROD_522,2,209.52,0.0
ITEM_105521,ORD_23299,PROD_575,1,175.82,26.37
ITEM_105522,ORD_23300,PROD_516,3,91.12,0.0
ITEM_105523,ORD_23300,PROD_558,1,152.68,7.63
ITEM_105524,ORD_23301,PROD_509,2,213.9,21.39
ITEM_105525,ORD_23302,PROD_569,1,274.5,41.17
ITEM_105526,ORD_23303,PROD_555,1,121.11,0.0
ITEM_105527,ORD_23304,PROD_502,1,242.11,12.11
ITEM_105528,ORD_23305,PROD_544,1,280.84,0.0
ITEM_105529,ORD_23305,PROD_580,2,221.1,0.0
ITEM_105530,ORD_23305,PROD_553,2,123.16,12.32
ITEM_105531,ORD_23305,PROD_502,2,242.11,24.21
ITEM_105532,ORD_23306,PROD_557,2,170.75,0.0
ITEM_105533,ORD_23307,PROD_502,1,242.11,24.21
ITEM_105534,ORD_23308,PROD_573,1,121.95,12.2
ITEM_105535,ORD_23308,PROD_565,2,16.38,0.0
ITEM_105536,ORD_23309,PROD_550,3,19.6,0.0
ITEM_105537,ORD_23310,PROD_550,1,19.6,0.0
ITEM_105538,ORD_23311,PROD_507,2,16.01,0.0
ITEM_105539,ORD_23312,PROD_533,1,161.57,0.0
ITEM_105540,ORD_23313,PROD_562,1,225.46,11.27
ITEM_105541,ORD_23314,PROD_542,1,140.18,21.03
ITEM_105542,ORD_23314,PROD_529,1,24.28,0.0
ITEM_105543,ORD_23314,PROD_565,1,16.38,0.0
ITEM_105544,ORD_23314,PROD_566,2,250.95,0.0
ITEM_105545,ORD_23315,PROD_560,1,88.9,0.0
ITEM_105546,ORD_23315,PROD_513,1,126.72,6.34
ITEM_105547,ORD_23315,PROD_533,2,161.57,48.47
ITEM_105548,ORD_23315,PROD_543,2,313.64,0.0
ITEM_105549,ORD_23316,PROD_575,1,175.82,0.0
ITEM_105550,ORD_23317,PROD_525,3,227.68,0.0
ITEM_105551,ORD_23318,PROD_577,2,71.78,0.0
ITEM_105552,ORD_23319,PROD_532,1,272.35,27.24
ITEM_105553,ORD_23320,PROD_535,1,36.04,0.0
ITEM_105554,ORD_23320,PROD_541,1,137.54,0.0
ITEM_105555,ORD_23321,PROD_576,1,75.48,0.0
ITEM_105556,ORD_23322,PROD_558,1,152.68,0.0
ITEM_105557,ORD_23323,PROD_518,1,148.06,7.4
ITEM_105558,ORD_23323,PROD_539,2,250.31,0.0
ITEM_105559,ORD_23324,PROD_538,1,153.61,15.36
ITEM_105560,ORD_23325,PROD_536,1,242.17,0.0
ITEM_105561,ORD_23325,PROD_502,1,242.11,12.11
ITEM_105562,ORD_23325,PROD_561,1,375.16,0.0
ITEM_105563,ORD_23326,PROD_566,1,250.95,0.0
ITEM_105564,ORD_23327,PROD_511,1,295.08,0.0
ITEM_105565,ORD_23328,PROD_523,2,104.47,0.0
ITEM_105566,ORD_23329,PROD_508,1,312.13,0.0
ITEM_105567,ORD_23330,PROD_565,1,16.38,0.0
ITEM_105568,ORD_23331,PROD_546,1,209.69,10.48
ITEM_105569,ORD_23331,PROD_538,3,153.61,0.0
ITEM_105570,ORD_23331,PROD_571,1,211.74,21.17
ITEM_105571,ORD_23332,PROD_553,1,123.16,0.0
ITEM_105572,ORD_23332,PROD_554,1,309.23,0.0
ITEM_105573,ORD_23333,PROD_533,1,161.57,0.0
ITEM_105574,ORD_23334,PROD_565,2,16.38,0.0
ITEM_105575,ORD_23334,PROD_541,1,137.54,0.0
ITEM_105576,ORD_23335,PROD_561,1,375.16,0.0
ITEM_105577,ORD_23335,PROD_524,1,116.66,0.0
ITEM_105578,ORD_23336,PROD_580,1,221.1,33.16
ITEM_105579,ORD_23336,PROD_544,2,280.84,56.17
ITEM_105580,ORD_23337,PROD_564,3,77.5,0.0
ITEM_105581,ORD_23338,PROD_555,1,121.11,18.17
ITEM_105582,ORD_23338,PROD_561,2,375.16,37.52
ITEM_105583,ORD_23338,PROD_576,1,75.48,7.55
ITEM_105584,ORD_23339,PROD_550,1,19.6,0.0
ITEM_105585,ORD_23340,PROD_506,2,240.11,0.0
ITEM_105586,ORD_23341,PROD_541,1,137.54,0.0
ITEM_105587,ORD_23342,PROD_559,2,149.13,0.0
ITEM_105588,ORD_23343,PROD_532,1,272.35,27.24
ITEM_105589,ORD_23344,PROD_542,2,140.18,0.0
ITEM_105590,ORD_23345,PROD_570,2,85.34,0.0
ITEM_105591,ORD_23346,PROD_524,1,116.66,5.83
ITEM_105592,ORD_23347,PROD_514,1,255.83,0.0
ITEM_105593,ORD_23348,PROD_556,3,171.31,51.39
ITEM_105594,ORD_23348,PROD_536,1,242.17,0.0
ITEM_105595,ORD_23349,PROD_537,1,145.12,0.0
ITEM_105596,ORD_23349,PROD_576,2,75.48,15.1
ITEM_105597,ORD_23350,PROD_538,3,153.61,46.08
ITEM_105598,ORD_23350,PROD_520,2,74.25,0.0
ITEM_105599,ORD_23351,PROD_549,1,112.15,0.0
ITEM_105600,ORD_23352,PROD_580,1,221.1,0.0
ITEM_105601,ORD_23353,PROD_506,1,240.11,0.0
ITEM_105602,ORD_23353,PROD_519,1,236.9,11.85
ITEM_105603,ORD_23354,PROD_567,1,103.84,0.0
ITEM_105604,ORD_23354,PROD_511,1,295.08,0.0
ITEM_105605,ORD_23354,PROD_580,1,221.1,11.05
ITEM_105606,ORD_23355,PROD_553,2,123.16,0.0
ITEM_105607,ORD_23355,PROD_548,1,54.38,2.72
ITEM_105608,ORD_23356,PROD_534,2,46.48,0.0
ITEM_105609,ORD_23357,PROD_527,1,218.49,0.0
ITEM_105610,ORD_23358,PROD_517,2,232.38,0.0
ITEM_105611,ORD_23358,PROD_549,1,112.15,0.0
ITEM_105612,ORD_23359,PROD_524,1,116.66,0.0
ITEM_105613,ORD_23360,PROD_560,1,88.9,0.0
ITEM_105614,ORD_23361,PROD_578,2,165.8,0.0
ITEM_105615,ORD_23361,PROD_520,1,74.25,3.71
ITEM_105616,ORD_23362,PROD_541,3,137.54,0.0
ITEM_105617,ORD_23362,PROD_529,1,24.28,0.0
ITEM_105618,ORD_23363,PROD_532,2,272.35,0.0
ITEM_105619,ORD_23363,PROD_514,1,255.83,12.79
ITEM_105620,ORD_23364,PROD_513,1,126.72,0.0
ITEM_105621,ORD_23365,PROD_514,1,255.83,0.0
ITEM_105622,ORD_23365,PROD_557,1,170.75,8.54
ITEM_105623,ORD_23365,PROD_523,1,104.47,0.0
ITEM_105624,ORD_23366,PROD_529,1,24.28,0.0
ITEM_105625,ORD_23366,PROD_523,1,104.47,0.0
ITEM_105626,ORD_23366,PROD_502,2,242.11,48.42
ITEM_105627,ORD_23366,PROD_563,1,317.9,0.0
ITEM_105628,ORD_23367,PROD_551,2,148.84,0.0
ITEM_105629,ORD_23368,PROD_550,2,19.6,0.0
ITEM_105630,ORD_23369,PROD_538,2,153.61,0.0
ITEM_105631,ORD_23369,PROD_519,3,236.9,0.0
ITEM_105632,ORD_23370,PROD_542,1,140.18,7.01
ITEM_105633,ORD_23371,PROD_524,2,116.66,11.67
ITEM_105634,ORD_23372,PROD_569,1,274.5,0.0
ITEM_105635,ORD_23372,PROD_533,1,161.57,0.0
ITEM_105636,ORD_23373,PROD_535,3,36.04,10.81
ITEM_105637,ORD_23374,PROD_549,1,112.15,0.0
ITEM_105638,ORD_23375,PROD_547,1,20.21,1.01
ITEM_105639,ORD_23376,PROD_574,2,250.97,0.0
ITEM_105640,ORD_23377,PROD_523,1,104.47,0.0
ITEM_105641,ORD_23378,PROD_575,1,175.82,8.79
ITEM_105642,ORD_23378,PROD_526,1,212.22,21.22
ITEM_105643,ORD_23378,PROD_570,1,85.34,0.0
ITEM_105644,ORD_23378,PROD_512,1,151.42,15.14
ITEM_105645,ORD_23379,PROD_549,1,112.15,0.0
ITEM_105646,ORD_23380,PROD_554,2,309.23,61.85
ITEM_105647,ORD_23380,PROD_536,3,242.17,0.0
ITEM_105648,ORD_23381,PROD_523,1,104.47,0.0
ITEM_105649,ORD_23382,PROD_535,2,36.04,0.0
ITEM_105650,ORD_23383,PROD_574,1,250.97,0.0
ITEM_105651,ORD_23384,PROD_559,1,149.13,0.0
ITEM_105652,ORD_23385,PROD_549,2,112.15,33.65
ITEM_105653,ORD_23385,PROD_528,1,17.95,0.0
ITEM_105654,ORD_23386,PROD_525,1,227.68,0.0
ITEM_105655,ORD_23387,PROD_573,1,121.95,0.0
ITEM_105656,ORD_23388,PROD_535,1,36.04,0.0
ITEM_105657,ORD_23389,PROD_543,1,313.64,0.0
ITEM_105658,ORD_23389,PROD_510,1,220.56,0.0
ITEM_105659,ORD_23390,PROD_540,2,48.42,9.68
ITEM_105660,ORD_23390,PROD_565,1,16.38,0.0
ITEM_105661,ORD_23390,PROD_559,2,149.13,0.0
ITEM_105662,ORD_23391,PROD_519,1,236.9,23.69
ITEM_105663,ORD_23391,PROD_505,2,64.22,12.84
ITEM_105664,ORD_23391,PROD_580,1,221.1,0.0
ITEM_105665,ORD_23392,PROD_525,1,227.68,0.0
ITEM_105666,ORD_23392,PROD_519,1,236.9,0.0
ITEM_105667,ORD_23393,PROD_536,1,242.17,12.11
ITEM_105668,ORD_23393,PROD_510,1,220.56,0.0
ITEM_105669,ORD_23394,PROD_519,1,236.9,0.0
ITEM_105670,ORD_23394,PROD_535,1,36.04,3.6
ITEM_105671,ORD_23394,PROD_547,2,20.21,0.0
ITEM_105672,ORD_23395,PROD_566,2,250.95,0.0
ITEM_105673,ORD_23396,PROD_546,1,209.69,10.48
ITEM_105674,ORD_23397,PROD_547,1,20.21,1.01
ITEM_105675,ORD_23398,PROD_580,1,221.1,0.0
ITEM_105676,ORD_23399,PROD_530,1,142.79,0.0
ITEM_105677,ORD_23400,PROD_566,1,250.95,12.55
ITEM_105678,ORD_23400,PROD_568,2,116.17,0.0
ITEM_105679,ORD_23401,PROD_505,1,64.22,0.0
ITEM_105680,ORD_23402,PROD_547,1,20.21,0.0
ITEM_105681,ORD_23403,PROD_569,1,274.5,0.0
ITEM_105682,ORD_23404,PROD_539,1,250.31,0.0
ITEM_105683,ORD_23405,PROD_562,1,225.46,0.0
ITEM_105684,ORD_23406,PROD_537,1,145.12,0.0
ITEM_105685,ORD_23407,PROD_575,1,175.82,0.0
ITEM_105686,ORD_23408,PROD_510,1,220.56,0.0
ITEM_105687,ORD_23408,PROD_529,1,24.28,0.0
ITEM_105688,ORD_23409,PROD_538,1,153.61,0.0
ITEM_105689,ORD_23410,PROD_560,2,88.9,17.78
ITEM_105690,ORD_23410,PROD_548,1,54.38,5.44
ITEM_105691,ORD_23411,PROD_525,1,227.68,0.0
ITEM_105692,ORD_23412,PROD_554,1,309.23,0.0
ITEM_105693,ORD_23412,PROD_557,1,170.75,0.0
ITEM_105694,ORD_23413,PROD_501,2,199.67,0.0
ITEM_105695,ORD_23414,PROD_573,1,121.95,0.0
ITEM_105696,ORD_23415,PROD_579,1,221.42,0.0
ITEM_105697,ORD_23416,PROD_533,1,161.57,0.0
ITEM_105698,ORD_23417,PROD_531,1,242.35,24.23
ITEM_105699,ORD_23418,PROD_569,3,274.5,0.0
ITEM_105700,ORD_23419,PROD_561,1,375.16,0.0
ITEM_105701,ORD_23420,PROD_538,1,153.61,0.0
ITEM_105702,ORD_23420,PROD_572,1,144.07,14.41
ITEM_105703,ORD_23421,PROD_555,1,121.11,12.11
ITEM_105704,ORD_23421,PROD_514,2,255.83,0.0
ITEM_105705,ORD_23421,PROD_526,1,212.22,21.22
ITEM_105706,ORD_23422,PROD_511,2,295.08,59.02
ITEM_105707,ORD_23423,PROD_539,1,250.31,0.0
ITEM_105708,ORD_23424,PROD_511,2,295.08,0.0
ITEM_105709,ORD_23424,PROD_559,1,149.13,0.0
ITEM_105710,ORD_23424,PROD_523,1,104.47,0.0
ITEM_105711,ORD_23425,PROD_522,1,209.52,10.48
ITEM_105712,ORD_23425,PROD_530,1,142.79,0.0
ITEM_105713,ORD_23426,PROD_552,1,157.7,0.0
ITEM_105714,ORD_23427,PROD_551,1,148.84,0.0
ITEM_105715,ORD_23428,PROD_527,1,218.49,0.0
ITEM_105716,ORD_23429,PROD_534,1,46.48,2.32
ITEM_105717,ORD_23430,PROD_505,1,64.22,0.0
ITEM_105718,ORD_23431,PROD_578,1,165.8,0.0
ITEM_105719,ORD_23431,PROD_539,1,250.31,0.0
ITEM_105720,ORD_23432,PROD_561,1,375.16,56.27
ITEM_105721,ORD_23432,PROD_573,1,121.95,0.0
ITEM_105722,ORD_23433,PROD_542,1,140.18,7.01
ITEM_105723,ORD_23433,PROD_534,2,46.48,0.0
ITEM_105724,ORD_23433,PROD_559,3,149.13,67.11
ITEM_105725,ORD_23433,PROD_521,1,141.39,0.0
ITEM_105726,ORD_23434,PROD_521,1,141.39,0.0
ITEM_105727,ORD_23435,PROD_513,1,126.72,0.0
ITEM_105728,ORD_23435,PROD_520,3,74.25,0.0
ITEM_105729,ORD_23436,PROD_543,1,313.64,0.0
ITEM_105730,ORD_23437,PROD_574,1,250.97,0.0
ITEM_105731,ORD_23438,PROD_569,1,274.5,27.45
ITEM_105732,ORD_23439,PROD_567,1,103.84,0.0
ITEM_105733,ORD_23439,PROD_580,1,221.1,11.05
ITEM_105734,ORD_23440,PROD_503,1,157.89,15.79
ITEM_105735,ORD_23441,PROD_527,2,218.49,0.0
ITEM_105736,ORD_23441,PROD_570,1,85.34,0.0
ITEM_105737,ORD_23442,PROD_549,1,112.15,0.0
ITEM_105738,ORD_23442,PROD_542,1,140.18,21.03
ITEM_105739,ORD_23443,PROD_506,1,240.11,12.01
ITEM_105740,ORD_23443,PROD_522,2,209.52,41.9
ITEM_105741,ORD_23444,PROD_534,1,46.48,0.0
ITEM_105742,ORD_23445,PROD_522,1,209.52,20.95
ITEM_105743,ORD_23446,PROD_523,2,104.47,0.0
ITEM_105744,ORD_23446,PROD_501,1,199.67,9.98
ITEM_105745,ORD_23446,PROD_537,1,145.12,21.77
ITEM_105746,ORD_23447,PROD_503,3,157.89,0.0
ITEM_105747,ORD_23447,PROD_561,2,375.16,0.0
ITEM_105748,ORD_23448,PROD_570,2,85.34,0.0
ITEM_105749,ORD_23449,PROD_508,1,312.13,0.0
ITEM_105750,ORD_23449,PROD_540,2,48.42,0.0
ITEM_105751,ORD_23450,PROD_531,1,242.35,0.0
ITEM_105752,ORD_23450,PROD_508,2,312.13,0.0
ITEM_105753,ORD_23451,PROD_561,1,375.16,0.0
ITEM_105754,ORD_23452,PROD_511,1,295.08,0.0
ITEM_105755,ORD_23453,PROD_545,1,246.78,24.68
ITEM_105756,ORD_23453,PROD_556,1,171.31,0.0
ITEM_105757,ORD_23454,PROD_501,2,199.67,0.0
ITEM_105758,ORD_23455,PROD_562,2,225.46,0.0
ITEM_105759,ORD_23455,PROD_504,2,130.74,13.07
ITEM_105760,ORD_23456,PROD_565,1,16.38,0.0
ITEM_105761,ORD_23457,PROD_533,1,161.57,0.0
ITEM_105762,ORD_23458,PROD_504,1,130.74,0.0
ITEM_105763,ORD_23459,PROD_557,1,170.75,0.0
ITEM_105764,ORD_23460,PROD_558,1,152.68,15.27
ITEM_105765,ORD_23461,PROD_503,1,157.89,0.0
ITEM_105766,ORD_23462,PROD_550,2,19.6,0.0
ITEM_105767,ORD_23463,PROD_532,1,272.35,0.0
ITEM_105768,ORD_23463,PROD_555,1,121.11,0.0
ITEM_105769,ORD_23464,PROD_501,1,199.67,0.0
ITEM_105770,ORD_23464,PROD_560,1,88.9,0.0
ITEM_105771,ORD_23465,PROD_549,2,112.15,0.0
ITEM_105772,ORD_23465,PROD_507,1,16.01,0.0
ITEM_105773,ORD_23465,PROD_534,1,46.48,0.0
ITEM_105774,ORD_23466,PROD_520,2,74.25,0.0
ITEM_105775,ORD_23466,PROD_561,1,375.16,0.0
ITEM_105776,ORD_23467,PROD_506,1,240.11,0.0
ITEM_105777,ORD_23467,PROD_523,1,104.47,0.0
ITEM_105778,ORD_23468,PROD_554,2,309.23,30.92
ITEM_105779,ORD_23469,PROD_524,1,116.66,0.0
ITEM_105780,ORD_23469,PROD_516,1,91.12,13.67
ITEM_105781,ORD_23470,PROD_576,1,75.48,0.0
ITEM_105782,ORD_23471,PROD_531,1,242.35,12.12
ITEM_105783,ORD_23471,PROD_513,1,126.72,0.0
ITEM_105784,ORD_23472,PROD_527,1,218.49,32.77
ITEM_105785,ORD_23472,PROD_569,1,274.5,0.0
ITEM_105786,ORD_23472,PROD_513,1,126.72,0.0
ITEM_105787,ORD_23473,PROD_538,2,153.61,46.08
ITEM_105788,ORD_23474,PROD_556,1,171.31,17.13
ITEM_105789,ORD_23474,PROD_521,1,141.39,7.07
ITEM_105790,ORD_23474,PROD_518,1,148.06,0.0
ITEM_105791,ORD_23475,PROD_549,1,112.15,5.61
ITEM_105792,ORD_23476,PROD_576,1,75.48,3.77
ITEM_105793,ORD_23477,PROD_558,2,152.68,0.0
ITEM_105794,ORD_23478,PROD_534,1,46.48,0.0
ITEM_105795,ORD_23479,PROD_514,3,255.83,38.37
ITEM_105796,ORD_23479,PROD_539,2,250.31,75.09
ITEM_105797,ORD_23480,PROD_503,3,157.89,0.0
ITEM_105798,ORD_23480,PROD_532,1,272.35,0.0
ITEM_105799,ORD_23481,PROD_554,1,309.23,15.46
ITEM_105800,ORD_23481,PROD_578,1,165.8,0.0
ITEM_105801,ORD_23482,PROD_542,2,140.18,28.04
ITEM_105802,ORD_23483,PROD_523,2,104.47,20.89
ITEM_105803,ORD_23483,PROD_565,1,16.38,0.0
ITEM_105804,ORD_23483,PROD_563,1,317.9,15.89
ITEM_105805,ORD_23484,PROD_558,1,152.68,0.0
ITEM_105806,ORD_23485,PROD_503,1,157.89,15.79
ITEM_105807,ORD_23485,PROD_572,1,144.07,0.0
ITEM_105808,ORD_23486,PROD_571,2,211.74,0.0
ITEM_105809,ORD_23487,PROD_558,1,152.68,15.27
ITEM_105810,ORD_23487,PROD_541,1,137.54,0.0
ITEM_105811,ORD_23487,PROD_506,3,240.11,0.0
ITEM_105812,ORD_23488,PROD_561,1,375.16,0.0
ITEM_105813,ORD_23488,PROD_524,1,116.66,0.0
ITEM_105814,ORD_23488,PROD_551,3,148.84,0.0
ITEM_105815,ORD_23489,PROD_526,1,212.22,0.0
ITEM_105816,ORD_23489,PROD_517,1,232.38,0.0
ITEM_105817,ORD_23489,PROD_518,1,148.06,0.0
ITEM_105818,ORD_23489,PROD_512,1,151.42,0.0
ITEM_105819,ORD_23490,PROD_517,1,232.38,0.0
ITEM_105820,ORD_23491,PROD_506,1,240.11,0.0
ITEM_105821,ORD_23492,PROD_580,1,221.1,0.0
ITEM_105822,ORD_23492,PROD_562,1,225.46,11.27
ITEM_105823,ORD_23493,PROD_522,1,209.52,0.0
ITEM_105824,ORD_23493,PROD_510,1,220.56,0.0
ITEM_105825,ORD_23493,PROD_563,1,317.9,15.89
ITEM_105826,ORD_23493,PROD_532,1,272.35,27.24
ITEM_105827,ORD_23494,PROD_562,2,225.46,45.09
ITEM_105828,ORD_23495,PROD_549,3,112.15,0.0
ITEM_105829,ORD_23495,PROD_567,1,103.84,0.0
ITEM_105830,ORD_23496,PROD_579,1,221.42,11.07
ITEM_105831,ORD_23497,PROD_568,1,116.17,11.62
ITEM_105832,ORD_23497,PROD_579,1,221.42,11.07
ITEM_105833,ORD_23498,PROD_511,1,295.08,0.0
ITEM_105834,ORD_23499,PROD_508,1,312.13,0.0
ITEM_105835,ORD_23500,PROD_571,1,211.74,0.0
ITEM_105836,ORD_23501,PROD_553,1,123.16,0.0
ITEM_105837,ORD_23502,PROD_553,1,123.16,0.0
ITEM_105838,ORD_23502,PROD_556,1,171.31,0.0
ITEM_105839,ORD_23503,PROD_556,2,171.31,17.13
ITEM_105840,ORD_23504,PROD_505,1,64.22,3.21
ITEM_105841,ORD_23505,PROD_551,1,148.84,14.88
ITEM_105842,ORD_23506,PROD_561,1,375.16,0.0
ITEM_105843,ORD_23507,PROD_573,2,121.95,0.0
ITEM_105844,ORD_23507,PROD_508,1,312.13,0.0
ITEM_105845,ORD_23507,PROD_516,1,91.12,0.0
ITEM_105846,ORD_23508,PROD_543,1,313.64,0.0
ITEM_105847,ORD_23509,PROD_504,1,130.74,0.0
ITEM_105848,ORD_23510,PROD_571,2,211.74,0.0
ITEM_105849,ORD_23511,PROD_565,3,16.38,2.46
ITEM_105850,ORD_23511,PROD_512,1,151.42,0.0
ITEM_105851,ORD_23512,PROD_520,1,74.25,3.71
ITEM_105852,ORD_23513,PROD_507,1,16.01,2.4
ITEM_105853,ORD_23514,PROD_530,2,142.79,0.0
ITEM_105854,ORD_23515,PROD_508,1,312.13,0.0
ITEM_105855,ORD_23515,PROD_543,2,313.64,31.36
ITEM_105856,ORD_23516,PROD_578,2,165.8,0.0
ITEM_105857,ORD_23517,PROD_508,1,312.13,31.21
ITEM_105858,ORD_23517,PROD_513,1,126.72,0.0
ITEM_105859,ORD_23518,PROD_501,1,199.67,0.0
ITEM_105860,ORD_23518,PROD_522,1,209.52,10.48
ITEM_105861,ORD_23518,PROD_515,1,189.61,0.0
ITEM_105862,ORD_23519,PROD_513,1,126.72,0.0
ITEM_105863,ORD_23519,PROD_559,2,149.13,0.0
ITEM_105864,ORD_23520,PROD_534,3,46.48,0.0
ITEM_105865,ORD_23521,PROD_540,1,48.42,0.0
ITEM_105866,ORD_23521,PROD_538,1,153.61,23.04
ITEM_105867,ORD_23522,PROD_566,1,250.95,25.09
ITEM_105868,ORD_23522,PROD_537,2,145.12,0.0
ITEM_105869,ORD_23523,PROD_554,1,309.23,15.46
ITEM_105870,ORD_23524,PROD_557,2,170.75,17.07
ITEM_105871,ORD_23524,PROD_569,1,274.5,0.0
ITEM_105872,ORD_23524,PROD_572,1,144.07,14.41
ITEM_105873,ORD_23525,PROD_572,2,144.07,0.0
ITEM_105874,ORD_23526,PROD_536,1,242.17,0.0
ITEM_105875,ORD_23527,PROD_545,1,246.78,0.0
ITEM_105876,ORD_23528,PROD_517,1,232.38,11.62
ITEM_105877,ORD_23528,PROD_520,1,74.25,7.43
ITEM_105878,ORD_23529,PROD_509,1,213.9,21.39
ITEM_105879,ORD_23529,PROD_528,1,17.95,0.0
ITEM_105880,ORD_23530,PROD_560,1,88.9,8.89
ITEM_105881,ORD_23531,PROD_509,1,213.9,32.09
ITEM_105882,ORD_23532,PROD_524,2,116.66,0.0
ITEM_105883,ORD_23533,PROD_510,2,220.56,0.0
ITEM_105884,ORD_23533,PROD_579,2,221.42,0.0
ITEM_105885,ORD_23533,PROD_512,1,151.42,0.0
ITEM_105886,ORD_23534,PROD_554,1,309.23,0.0
ITEM_105887,ORD_23535,PROD_544,2,280.84,56.17
ITEM_105888,ORD_23535,PROD_580,2,221.1,0.0
ITEM_105889,ORD_23535,PROD_560,2,88.9,0.0
ITEM_105890,ORD_23536,PROD_569,1,274.5,27.45
ITEM_105891,ORD_23536,PROD_518,1,148.06,7.4
ITEM_105892,ORD_23536,PROD_541,1,137.54,0.0
ITEM_105893,ORD_23537,PROD_524,1,116.66,0.0
ITEM_105894,ORD_23537,PROD_559,1,149.13,0.0
ITEM_105895,ORD_23537,PROD_573,1,121.95,0.0
ITEM_105896,ORD_23537,PROD_517,1,232.38,23.24
ITEM_105897,ORD_23538,PROD_567,1,103.84,0.0
ITEM_105898,ORD_23539,PROD_523,1,104.47,0.0
ITEM_105899,ORD_23539,PROD_510,1,220.56,0.0
ITEM_105900,ORD_23540,PROD_539,1,250.31,0.0
ITEM_105901,ORD_23540,PROD_508,2,312.13,62.43
ITEM_105902,ORD_23541,PROD_531,1,242.35,0.0
ITEM_105903,ORD_23541,PROD_564,1,77.5,7.75
ITEM_105904,ORD_23542,PROD_527,1,218.49,0.0
ITEM_105905,ORD_23542,PROD_507,1,16.01,0.0
ITEM_105906,ORD_23542,PROD_505,1,64.22,0.0
ITEM_105907,ORD_23543,PROD_550,1,19.6,0.0
ITEM_105908,ORD_23543,PROD_553,1,123.16,6.16
ITEM_105909,ORD_23543,PROD_541,1,137.54,0.0
ITEM_105910,ORD_23544,PROD_504,1,130.74,6.54
ITEM_105911,ORD_23545,PROD_567,2,103.84,10.38
ITEM_105912,ORD_23546,PROD_559,1,149.13,7.46
ITEM_105913,ORD_23546,PROD_540,2,48.42,14.53
ITEM_105914,ORD_23546,PROD_525,1,227.68,0.0
ITEM_105915,ORD_23547,PROD_566,1,250.95,0.0
ITEM_105916,ORD_23548,PROD_575,1,175.82,0.0
ITEM_105917,ORD_23549,PROD_511,1,295.08,0.0
ITEM_105918,ORD_23550,PROD_572,1,144.07,14.41
ITEM_105919,ORD_23550,PROD_564,2,77.5,0.0
ITEM_105920,ORD_23551,PROD_550,1,19.6,0.0
ITEM_105921,ORD_23552,PROD_516,1,91.12,0.0
ITEM_105922,ORD_23553,PROD_557,2,170.75,0.0
ITEM_105923,ORD_23554,PROD_533,2,161.57,0.0
ITEM_105924,ORD_23555,PROD_512,2,151.42,0.0
ITEM_105925,ORD_23555,PROD_505,1,64.22,0.0
ITEM_105926,ORD_23555,PROD_528,1,17.95,0.9
ITEM_105927,ORD_23555,PROD_558,1,152.68,22.9
ITEM_105928,ORD_23556,PROD_513,2,126.72,0.0
ITEM_105929,ORD_23557,PROD_526,1,212.22,0.0
ITEM_105930,ORD_23557,PROD_536,1,242.17,12.11
ITEM_105931,ORD_23558,PROD_549,1,112.15,0.0
ITEM_105932,ORD_23559,PROD_504,2,130.74,0.0
ITEM_105933,ORD_23559,PROD_556,1,171.31,0.0
ITEM_105934,ORD_23559,PROD_540,1,48.42,0.0
ITEM_105935,ORD_23559,PROD_538,1,153.61,23.04
ITEM_105936,ORD_23560,PROD_518,1,148.06,7.4
ITEM_105937,ORD_23561,PROD_521,2,141.39,0.0
ITEM_105938,ORD_23562,PROD_531,1,242.35,36.35
ITEM_105939,ORD_23563,PROD_579,1,221.42,0.0
ITEM_105940,ORD_23564,PROD_562,2,225.46,22.55
ITEM_105941,ORD_23564,PROD_540,2,48.42,0.0
ITEM_105942,ORD_23564,PROD_572,1,144.07,0.0
ITEM_105943,ORD_23565,PROD_532,1,272.35,0.0
ITEM_105944,ORD_23566,PROD_563,1,317.9,31.79
ITEM_105945,ORD_23566,PROD_511,1,295.08,14.75
ITEM_105946,ORD_23566,PROD_547,1,20.21,0.0
ITEM_105947,ORD_23567,PROD_533,1,161.57,0.0
ITEM_105948,ORD_23568,PROD_561,2,375.16,0.0
ITEM_105949,ORD_23569,PROD_512,2,151.42,0.0
ITEM_105950,ORD_23569,PROD_579,1,221.42,0.0
ITEM_105951,ORD_23569,PROD_535,1,36.04,0.0
ITEM_105952,ORD_23570,PROD_552,1,157.7,0.0
ITEM_105953,ORD_23571,PROD_533,1,161.57,0.0
ITEM_105954,ORD_23571,PROD_507,1,16.01,2.4
ITEM_105955,ORD_23572,PROD_573,1,121.95,0.0
ITEM_105956,ORD_23573,PROD_565,1,16.38,0.0
ITEM_105957,ORD_23574,PROD_556,1,171.31,0.0
ITEM_105958,ORD_23574,PROD_579,3,221.42,33.21
ITEM_105959,ORD_23574,PROD_503,1,157.89,0.0
ITEM_105960,ORD_23575,PROD_553,1,123.16,0.0
ITEM_105961,ORD_23575,PROD_564,2,77.5,0.0
ITEM_105962,ORD_23575,PROD_544,1,280.84,28.08
ITEM_105963,ORD_23575,PROD_531,1,242.35,0.0
ITEM_105964,ORD_23576,PROD_546,1,209.69,10.48
ITEM_105965,ORD_23577,PROD_542,1,140.18,0.0
ITEM_105966,ORD_23578,PROD_534,1,46.48,2.32
ITEM_105967,ORD_23579,PROD_545,1,246.78,0.0
ITEM_105968,ORD_23580,PROD_554,1,309.23,0.0
ITEM_105969,ORD_23581,PROD_564,1,77.5,0.0
ITEM_105970,ORD_23582,PROD_569,1,274.5,0.0
ITEM_105971,ORD_23582,PROD_571,3,211.74,31.76
ITEM_105972,ORD_23582,PROD_502,1,242.11,0.0
ITEM_105973,ORD_23583,PROD_566,1,250.95,12.55
ITEM_105974,ORD_23583,PROD_535,3,36.04,0.0
ITEM_105975,ORD_23583,PROD_579,1,221.42,0.0
ITEM_105976,ORD_23584,PROD_535,1,36.04,3.6
ITEM_105977,ORD_23585,PROD_537,1,145.12,0.0
ITEM_105978,ORD_23586,PROD_521,1,141.39,0.0
ITEM_105979,ORD_23587,PROD_561,1,375.16,0.0
ITEM_105980,ORD_23587,PROD_514,1,255.83,0.0
ITEM_105981,ORD_23588,PROD_518,1,148.06,0.0
ITEM_105982,ORD_23588,PROD_530,1,142.79,7.14
ITEM_105983,ORD_23589,PROD_518,1,148.06,0.0
ITEM_105984,ORD_23590,PROD_543,1,313.64,0.0
ITEM_105985,ORD_23590,PROD_515,1,189.61,18.96
ITEM_105986,ORD_23591,PROD_530,1,142.79,21.42
ITEM_105987,ORD_23592,PROD_534,2,46.48,0.0
ITEM_105988,ORD_23593,PROD_568,1,116.17,0.0
ITEM_105989,ORD_23593,PROD_564,1,77.5,3.88
ITEM_105990,ORD_23594,PROD_527,1,218.49,10.92
ITEM_105991,ORD_23594,PROD_540,1,48.42,0.0
ITEM_105992,ORD_23595,PROD_505,1,64.22,0.0
ITEM_105993,ORD_23596,PROD_575,1,175.82,8.79
ITEM_105994,ORD_23597,PROD_512,3,151.42,0.0
ITEM_105995,ORD_23597,PROD_547,1,20.21,0.0
ITEM_105996,ORD_23597,PROD_574,1,250.97,0.0
ITEM_105997,ORD_23598,PROD_507,2,16.01,0.0
ITEM_105998,ORD_23599,PROD_537,1,145.12,0.0
ITEM_105999,ORD_23600,PROD_568,2,116.17,0.0
ITEM_106000,ORD_23601,PROD_551,1,148.84,0.0
ITEM_106001,ORD_23602,PROD_526,3,212.22,0.0
ITEM_106002,ORD_23603,PROD_533,1,161.57,0.0
ITEM_106003,ORD_23603,PROD_572,1,144.07,0.0
ITEM_106004,ORD_23603,PROD_580,1,221.1,0.0
ITEM_106005,ORD_23604,PROD_562,1,225.46,0.0
ITEM_106006,ORD_23605,PROD_508,1,312.13,0.0
ITEM_106007,ORD_23605,PROD_561,1,375.16,18.76
ITEM_106008,ORD_23606,PROD_569,1,274.5,0.0
ITEM_106009,ORD_23607,PROD_503,3,157.89,23.68
ITEM_106010,ORD_23608,PROD_552,2,157.7,47.31
ITEM_106011,ORD_23608,PROD_537,1,145.12,0.0
ITEM_106012,ORD_23608,PROD_579,1,221.42,0.0
ITEM_106013,ORD_23609,PROD_579,1,221.42,22.14
ITEM_106014,ORD_23610,PROD_502,1,242.11,12.11
ITEM_106015,ORD_23611,PROD_566,1,250.95,12.55
ITEM_106016,ORD_23611,PROD_552,2,157.7,0.0
ITEM_106017,ORD_23611,PROD_533,2,161.57,0.0
ITEM_106018,ORD_23612,PROD_554,1,309.23,15.46
ITEM_106019,ORD_23612,PROD_526,1,212.22,0.0
ITEM_106020,ORD_23612,PROD_523,1,104.47,0.0
ITEM_106021,ORD_23612,PROD_504,2,130.74,0.0
ITEM_106022,ORD_23613,PROD_550,1,19.6,0.0
ITEM_106023,ORD_23614,PROD_553,1,123.16,0.0
ITEM_106024,ORD_23614,PROD_536,1,242.17,0.0
ITEM_106025,ORD_23615,PROD_504,1,130.74,13.07
ITEM_106026,ORD_23615,PROD_568,1,116.17,11.62
ITEM_106027,ORD_23616,PROD_539,2,250.31,0.0
ITEM_106028,ORD_23617,PROD_557,1,170.75,0.0
ITEM_106029,ORD_23617,PROD_562,1,225.46,0.0
ITEM_106030,ORD_23617,PROD_563,2,317.9,0.0
ITEM_106031,ORD_23618,PROD_517,1,232.38,0.0
ITEM_106032,ORD_23619,PROD_562,1,225.46,0.0
ITEM_106033,ORD_23620,PROD_548,1,54.38,0.0
ITEM_106034,ORD_23621,PROD_561,2,375.16,0.0
ITEM_106035,ORD_23621,PROD_532,1,272.35,0.0
ITEM_106036,ORD_23622,PROD_556,1,171.31,0.0
ITEM_106037,ORD_23623,PROD_580,1,221.1,0.0
ITEM_106038,ORD_23624,PROD_534,1,46.48,0.0
ITEM_106039,ORD_23624,PROD_572,1,144.07,0.0
ITEM_106040,ORD_23625,PROD_523,1,104.47,0.0
ITEM_106041,ORD_23626,PROD_513,1,126.72,6.34
ITEM_106042,ORD_23627,PROD_509,1,213.9,0.0
ITEM_106043,ORD_23628,PROD_578,1,165.8,0.0
ITEM_106044,ORD_23628,PROD_577,1,71.78,0.0
ITEM_106045,ORD_23629,PROD_502,1,242.11,0.0
ITEM_106046,ORD_23630,PROD_527,1,218.49,0.0
ITEM_106047,ORD_23630,PROD_541,2,137.54,0.0
ITEM_106048,ORD_23630,PROD_509,1,213.9,0.0
ITEM_106049,ORD_23631,PROD_512,1,151.42,0.0
ITEM_106050,ORD_23632,PROD_564,1,77.5,0.0
ITEM_106051,ORD_23633,PROD_522,1,209.52,31.43
ITEM_106052,ORD_23633,PROD_570,2,85.34,0.0
ITEM_106053,ORD_23633,PROD_566,2,250.95,0.0
ITEM_106054,ORD_23634,PROD_562,1,225.46,22.55
ITEM_106055,ORD_23634,PROD_574,2,250.97,50.19
ITEM_106056,ORD_23634,PROD_527,2,218.49,0.0
ITEM_106057,ORD_23635,PROD_541,1,137.54,0.0
ITEM_106058,ORD_23636,PROD_522,2,209.52,41.9
ITEM_106059,ORD_23636,PROD_512,1,151.42,0.0
ITEM_106060,ORD_23636,PROD_555,1,121.11,0.0
ITEM_106061,ORD_23636,PROD_563,1,317.9,0.0
ITEM_106062,ORD_23637,PROD_510,1,220.56,0.0
ITEM_106063,ORD_23638,PROD_506,2,240.11,0.0
ITEM_106064,ORD_23638,PROD_507,1,16.01,0.0
ITEM_106065,ORD_23639,PROD_524,2,116.66,0.0
ITEM_106066,ORD_23639,PROD_572,1,144.07,0.0
ITEM_106067,ORD_23639,PROD_564,1,77.5,11.62
ITEM_106068,ORD_23640,PROD_540,2,48.42,0.0
ITEM_106069,ORD_23641,PROD_577,1,71.78,3.59
ITEM_106070,ORD_23641,PROD_523,1,104.47,0.0
ITEM_106071,ORD_23642,PROD_572,1,144.07,0.0
ITEM_106072,ORD_23642,PROD_509,1,213.9,10.7
ITEM_106073,ORD_23642,PROD_530,1,142.79,0.0
ITEM_106074,ORD_23642,PROD_532,1,272.35,0.0
ITEM_106075,ORD_23643,PROD_531,1,242.35,0.0
ITEM_106076,ORD_23644,PROD_542,2,140.18,0.0
ITEM_106077,ORD_23645,PROD_523,1,104.47,0.0
ITEM_106078,ORD_23646,PROD_526,3,212.22,0.0
ITEM_106079,ORD_23647,PROD_565,1,16.38,0.0
ITEM_106080,ORD_23647,PROD_554,3,309.23,0.0
ITEM_106081,ORD_23647,PROD_563,1,317.9,31.79
ITEM_106082,ORD_23648,PROD_577,1,71.78,7.18
ITEM_106083,ORD_23649,PROD_509,2,213.9,0.0
ITEM_106084,ORD_23650,PROD_502,1,242.11,0.0
ITEM_106085,ORD_23651,PROD_519,1,236.9,11.85
ITEM_106086,ORD_23652,PROD_541,1,137.54,0.0
ITEM_106087,ORD_23652,PROD_538,2,153.61,0.0
ITEM_106088,ORD_23653,PROD_541,2,137.54,0.0
ITEM_106089,ORD_23654,PROD_506,1,240.11,0.0
ITEM_106090,ORD_23655,PROD_524,2,116.66,0.0
ITEM_106091,ORD_23656,PROD_547,1,20.21,0.0
ITEM_106092,ORD_23657,PROD_564,1,77.5,0.0
ITEM_106093,ORD_23657,PROD_509,1,213.9,0.0
ITEM_106094,ORD_23657,PROD_538,1,153.61,7.68
ITEM_106095,ORD_23658,PROD_537,1,145.12,0.0
ITEM_106096,ORD_23659,PROD_527,1,218.49,0.0
ITEM_106097,ORD_23659,PROD_513,1,126.72,0.0
ITEM_106098,ORD_23660,PROD_524,1,116.66,0.0
ITEM_106099,ORD_23660,PROD_574,1,250.97,0.0
ITEM_106100,ORD_23661,PROD_555,2,121.11,24.22
ITEM_106101,ORD_23661,PROD_501,3,199.67,0.0
ITEM_106102,ORD_23662,PROD_566,1,250.95,0.0
ITEM_106103,ORD_23663,PROD_534,1,46.48,4.65
ITEM_106104,ORD_23664,PROD_513,1,126.72,0.0
ITEM_106105,ORD_23665,PROD_513,1,126.72,12.67
ITEM_106106,ORD_23665,PROD_572,1,144.07,7.2
ITEM_106107,ORD_23666,PROD_511,2,295.08,29.51
ITEM_106108,ORD_23667,PROD_573,3,121.95,0.0
ITEM_106109,ORD_23667,PROD_553,2,123.16,0.0
ITEM_106110,ORD_23668,PROD_558,2,152.68,0.0
ITEM_106111,ORD_23669,PROD_543,1,313.64,0.0
ITEM_106112,ORD_23670,PROD_507,1,16.01,0.8
ITEM_106113,ORD_23670,PROD_516,1,91.12,0.0
ITEM_106114,ORD_23671,PROD_547,2,20.21,0.0
ITEM_106115,ORD_23672,PROD_520,2,74.25,0.0
ITEM_106116,ORD_23673,PROD_568,1,116.17,0.0
ITEM_106117,ORD_23673,PROD_545,1,246.78,24.68
ITEM_106118,ORD_23674,PROD_506,1,240.11,0.0
ITEM_106119,ORD_23675,PROD_524,1,116.66,0.0
ITEM_106120,ORD_23675,PROD_515,2,189.61,0.0
ITEM_106121,ORD_23675,PROD_539,1,250.31,0.0
ITEM_106122,ORD_23676,PROD_574,1,250.97,0.0
ITEM_106123,ORD_23677,PROD_576,2,75.48,0.0
ITEM_106124,ORD_23678,PROD_565,1,16.38,0.0
ITEM_106125,ORD_23678,PROD_553,2,123.16,0.0
ITEM_106126,ORD_23679,PROD_552,1,157.7,0.0
ITEM_106127,ORD_23679,PROD_508,1,312.13,15.61
ITEM_106128,ORD_23679,PROD_531,1,242.35,0.0
ITEM_106129,ORD_23680,PROD_571,1,211.74,0.0
ITEM_106130,ORD_23680,PROD_548,1,54.38,2.72
ITEM_106131,ORD_23681,PROD_509,1,213.9,0.0
ITEM_106132,ORD_23681,PROD_514,1,255.83,12.79
ITEM_106133,ORD_23682,PROD_579,2,221.42,0.0
ITEM_106134,ORD_23682,PROD_545,1,246.78,12.34
ITEM_106135,ORD_23683,PROD_559,1,149.13,0.0
ITEM_106136,ORD_23684,PROD_507,1,16.01,1.6
ITEM_106137,ORD_23685,PROD_567,1,103.84,0.0
ITEM_106138,ORD_23685,PROD_525,3,227.68,0.0
ITEM_106139,ORD_23685,PROD_572,1,144.07,0.0
ITEM_106140,ORD_23685,PROD_509,1,213.9,0.0
ITEM_106141,ORD_23686,PROD_543,1,313.64,31.36
ITEM_106142,ORD_23686,PROD_559,1,149.13,0.0
ITEM_106143,ORD_23687,PROD_560,1,88.9,4.45
ITEM_106144,ORD_23688,PROD_529,1,24.28,0.0
ITEM_106145,ORD_23689,PROD_532,2,272.35,27.24
ITEM_106146,ORD_23689,PROD_565,1,16.38,0.0
ITEM_106147,ORD_23690,PROD_561,1,375.16,18.76
ITEM_106148,ORD_23691,PROD_567,1,103.84,0.0
ITEM_106149,ORD_23692,PROD_552,1,157.7,7.88
ITEM_106150,ORD_23692,PROD_505,1,64.22,0.0
ITEM_106151,ORD_23693,PROD_566,1,250.95,0.0
ITEM_106152,ORD_23693,PROD_517,1,232.38,11.62
ITEM_106153,ORD_23693,PROD_550,3,19.6,0.0
ITEM_106154,ORD_23694,PROD_502,1,242.11,0.0
ITEM_106155,ORD_23695,PROD_503,1,157.89,0.0
ITEM_106156,ORD_23696,PROD_513,1,126.72,6.34
ITEM_106157,ORD_23696,PROD_502,2,242.11,24.21
ITEM_106158,ORD_23696,PROD_556,1,171.31,25.7
ITEM_106159,ORD_23697,PROD_565,1,16.38,0.0
ITEM_106160,ORD_23698,PROD_576,1,75.48,0.0
ITEM_106161,ORD_23698,PROD_514,1,255.83,38.37
ITEM_106162,ORD_23698,PROD_564,2,77.5,7.75
ITEM_106163,ORD_23699,PROD_568,1,116.17,17.43
ITEM_106164,ORD_23700,PROD_515,1,189.61,0.0
ITEM_106165,ORD_23701,PROD_580,2,221.1,22.11
ITEM_106166,ORD_23702,PROD_562,1,225.46,0.0
ITEM_106167,ORD_23703,PROD_530,3,142.79,0.0
ITEM_106168,ORD_23704,PROD_525,1,227.68,0.0
ITEM_106169,ORD_23704,PROD_503,1,157.89,23.68
ITEM_106170,ORD_23705,PROD_510,2,220.56,0.0
ITEM_106171,ORD_23706,PROD_567,1,103.84,0.0
ITEM_106172,ORD_23706,PROD_501,1,199.67,0.0
ITEM_106173,ORD_23706,PROD_512,1,151.42,0.0
ITEM_106174,ORD_23706,PROD_541,3,137.54,41.26
ITEM_106175,ORD_23707,PROD_520,2,74.25,7.43
ITEM_106176,ORD_23707,PROD_549,1,112.15,11.22
ITEM_106177,ORD_23708,PROD_515,1,189.61,0.0
ITEM_106178,ORD_23708,PROD_518,1,148.06,0.0
ITEM_106179,ORD_23708,PROD_566,2,250.95,75.28
ITEM_106180,ORD_23709,PROD_567,1,103.84,0.0
ITEM_106181,ORD_23709,PROD_504,1,130.74,6.54
ITEM_106182,ORD_23710,PROD_518,2,148.06,14.81
ITEM_106183,ORD_23711,PROD_560,1,88.9,4.45
ITEM_106184,ORD_23711,PROD_559,1,149.13,0.0
ITEM_106185,ORD_23712,PROD_569,2,274.5,0.0
ITEM_106186,ORD_23712,PROD_568,1,116.17,0.0
ITEM_106187,ORD_23713,PROD_551,1,148.84,0.0
ITEM_106188,ORD_23714,PROD_507,1,16.01,0.0
ITEM_106189,ORD_23714,PROD_509,1,213.9,0.0
ITEM_106190,ORD_23715,PROD_580,1,221.1,0.0
ITEM_106191,ORD_23716,PROD_569,1,274.5,0.0
ITEM_106192,ORD_23716,PROD_517,1,232.38,0.0
ITEM_106193,ORD_23717,PROD_551,2,148.84,0.0
ITEM_106194,ORD_23717,PROD_554,1,309.23,0.0
ITEM_106195,ORD_23717,PROD_541,1,137.54,0.0
ITEM_106196,ORD_23717,PROD_520,2,74.25,0.0
ITEM_106197,ORD_23718,PROD_531,1,242.35,36.35
ITEM_106198,ORD_23719,PROD_529,1,24.28,2.43
ITEM_106199,ORD_23719,PROD_535,1,36.04,0.0
ITEM_106200,ORD_23719,PROD_558,1,152.68,15.27
ITEM_106201,ORD_23720,PROD_564,2,77.5,15.5
ITEM_106202,ORD_23720,PROD_529,2,24.28,0.0
ITEM_106203,ORD_23720,PROD_573,1,121.95,0.0
ITEM_106204,ORD_23721,PROD_574,1,250.97,0.0
ITEM_106205,ORD_23722,PROD_573,1,121.95,0.0
ITEM_106206,ORD_23723,PROD_565,1,16.38,0.0
ITEM_106207,ORD_23724,PROD_568,1,116.17,17.43
ITEM_106208,ORD_23725,PROD_519,2,236.9,0.0
ITEM_106209,ORD_23725,PROD_537,1,145.12,0.0
ITEM_106210,ORD_23726,PROD_519,2,236.9,0.0
ITEM_106211,ORD_23727,PROD_563,1,317.9,47.68
ITEM_106212,ORD_23728,PROD_577,1,71.78,7.18
ITEM_106213,ORD_23729,PROD_534,1,46.48,0.0
ITEM_106214,ORD_23729,PROD_567,1,103.84,0.0
ITEM_106215,ORD_23730,PROD_527,1,218.49,10.92
ITEM_106216,ORD_23731,PROD_557,2,170.75,0.0
ITEM_106217,ORD_23732,PROD_573,1,121.95,0.0
ITEM_106218,ORD_23732,PROD_575,2,175.82,17.58
ITEM_106219,ORD_23733,PROD_525,1,227.68,0.0
ITEM_106220,ORD_23734,PROD_518,1,148.06,0.0
ITEM_106221,ORD_23735,PROD_567,1,103.84,10.38
ITEM_106222,ORD_23735,PROD_501,2,199.67,0.0
ITEM_106223,ORD_23735,PROD_506,1,240.11,0.0
ITEM_106224,ORD_23735,PROD_508,1,312.13,0.0
ITEM_106225,ORD_23736,PROD_579,1,221.42,0.0
ITEM_106226,ORD_23736,PROD_563,1,317.9,0.0
ITEM_106227,ORD_23737,PROD_566,1,250.95,0.0
ITEM_106228,ORD_23738,PROD_511,2,295.08,0.0
ITEM_106229,ORD_23739,PROD_568,1,116.17,5.81
ITEM_106230,ORD_23740,PROD_503,1,157.89,0.0
ITEM_106231,ORD_23741,PROD_509,1,213.9,10.7
ITEM_106232,ORD_23742,PROD_504,1,130.74,0.0
ITEM_106233,ORD_23743,PROD_501,1,199.67,0.0
ITEM_106234,ORD_23744,PROD_529,1,24.28,0.0
ITEM_106235,ORD_23745,PROD_520,1,74.25,0.0
ITEM_106236,ORD_23746,PROD_579,1,221.42,0.0
ITEM_106237,ORD_23747,PROD_576,1,75.48,0.0
ITEM_106238,ORD_23747,PROD_518,1,148.06,0.0
ITEM_106239,ORD_23748,PROD_511,1,295.08,14.75
ITEM_106240,ORD_23748,PROD_568,2,116.17,0.0
ITEM_106241,ORD_23749,PROD_573,1,121.95,6.1
ITEM_106242,ORD_23750,PROD_536,1,242.17,12.11
ITEM_106243,ORD_23750,PROD_514,1,255.83,0.0
ITEM_106244,ORD_23750,PROD_540,1,48.42,2.42
ITEM_106245,ORD_23751,PROD_570,1,85.34,0.0
ITEM_106246,ORD_23752,PROD_576,2,75.48,0.0
ITEM_106247,ORD_23753,PROD_552,1,157.7,0.0
ITEM_106248,ORD_23754,PROD_509,1,213.9,0.0
ITEM_106249,ORD_23755,PROD_503,1,157.89,0.0
ITEM_106250,ORD_23756,PROD_520,1,74.25,0.0
ITEM_106251,ORD_23756,PROD_543,2,313.64,0.0
ITEM_106252,ORD_23757,PROD_569,1,274.5,0.0
ITEM_106253,ORD_23757,PROD_538,1,153.61,0.0
ITEM_106254,ORD_23757,PROD_534,1,46.48,0.0
ITEM_106255,ORD_23758,PROD_535,1,36.04,0.0
ITEM_106256,ORD_23759,PROD_545,1,246.78,0.0
ITEM_106257,ORD_23760,PROD_570,1,85.34,0.0
ITEM_106258,ORD_23761,PROD_543,1,313.64,0.0
ITEM_106259,ORD_23762,PROD_522,1,209.52,20.95
ITEM_106260,ORD_23763,PROD_529,2,24.28,0.0
ITEM_106261,ORD_23764,PROD_566,1,250.95,0.0
ITEM_106262,ORD_23764,PROD_506,1,240.11,0.0
ITEM_106263,ORD_23765,PROD_506,3,240.11,0.0
ITEM_106264,ORD_23766,PROD_532,2,272.35,0.0
ITEM_106265,ORD_23767,PROD_527,3,218.49,0.0
ITEM_106266,ORD_23768,PROD_512,1,151.42,0.0
ITEM_106267,ORD_23769,PROD_525,1,227.68,0.0
ITEM_106268,ORD_23770,PROD_527,1,218.49,0.0
ITEM_106269,ORD_23771,PROD_549,2,112.15,0.0
ITEM_106270,ORD_23772,PROD_536,2,242.17,24.22
ITEM_106271,ORD_23772,PROD_515,1,189.61,0.0
ITEM_106272,ORD_23773,PROD_515,1,189.61,18.96
ITEM_106273,ORD_23773,PROD_577,1,71.78,0.0
ITEM_106274,ORD_23773,PROD_541,2,137.54,41.26
ITEM_106275,ORD_23774,PROD_514,1,255.83,12.79
ITEM_106276,ORD_23774,PROD_570,2,85.34,0.0
ITEM_106277,ORD_23775,PROD_506,1,240.11,0.0
ITEM_106278,ORD_23776,PROD_546,1,209.69,0.0
ITEM_106279,ORD_23777,PROD_504,1,130.74,0.0
ITEM_106280,ORD_23778,PROD_579,2,221.42,0.0
ITEM_106281,ORD_23779,PROD_569,1,274.5,0.0
ITEM_106282,ORD_23779,PROD_523,1,104.47,10.45
ITEM_106283,ORD_23780,PROD_525,1,227.68,0.0
ITEM_106284,ORD_23780,PROD_529,1,24.28,0.0
ITEM_106285,ORD_23780,PROD_507,2,16.01,0.0
ITEM_106286,ORD_23781,PROD_562,1,225.46,0.0
ITEM_106287,ORD_23781,PROD_546,3,209.69,0.0
ITEM_106288,ORD_23782,PROD_511,1,295.08,0.0
ITEM_106289,ORD_23783,PROD_540,1,48.42,0.0
ITEM_106290,ORD_23784,PROD_518,1,148.06,0.0
ITEM_106291,ORD_23784,PROD_509,1,213.9,0.0
ITEM_106292,ORD_23785,PROD_546,1,209.69,0.0
ITEM_106293,ORD_23786,PROD_512,1,151.42,0.0
ITEM_106294,ORD_23787,PROD_516,1,91.12,9.11
ITEM_106295,ORD_23787,PROD_539,2,250.31,0.0
ITEM_106296,ORD_23787,PROD_540,1,48.42,0.0
ITEM_106297,ORD_23788,PROD_571,1,211.74,0.0
ITEM_106298,ORD_23789,PROD_501,1,199.67,0.0
ITEM_106299,ORD_23789,PROD_509,1,213.9,0.0
ITEM_106300,ORD_23790,PROD_505,2,64.22,0.0
ITEM_106301,ORD_23791,PROD_544,1,280.84,0.0
ITEM_106302,ORD_23791,PROD_549,1,112.15,0.0
ITEM_106303,ORD_23792,PROD_554,1,309.23,15.46
ITEM_106304,ORD_23793,PROD_514,2,255.83,0.0
ITEM_106305,ORD_23793,PROD_540,1,48.42,0.0
ITEM_106306,ORD_23794,PROD_562,1,225.46,22.55
ITEM_106307,ORD_23794,PROD_523,1,104.47,0.0
ITEM_106308,ORD_23794,PROD_517,1,232.38,11.62
ITEM_106309,ORD_23794,PROD_506,2,240.11,0.0
ITEM_106310,ORD_23795,PROD_568,1,116.17,0.0
ITEM_106311,ORD_23795,PROD_510,1,220.56,0.0
ITEM_106312,ORD_23796,PROD_518,2,148.06,29.61
ITEM_106313,ORD_23797,PROD_566,2,250.95,0.0
ITEM_106314,ORD_23797,PROD_546,2,209.69,0.0
ITEM_106315,ORD_23797,PROD_554,1,309.23,0.0
ITEM_106316,ORD_23797,PROD_559,1,149.13,0.0
ITEM_106317,ORD_23798,PROD_578,1,165.8,0.0
ITEM_106318,ORD_23799,PROD_560,1,88.9,0.0
ITEM_106319,ORD_23800,PROD_529,3,24.28,3.64
ITEM_106320,ORD_23800,PROD_533,1,161.57,8.08
ITEM_106321,ORD_23801,PROD_526,2,212.22,0.0
ITEM_106322,ORD_23801,PROD_567,1,103.84,0.0
ITEM_106323,ORD_23802,PROD_505,1,64.22,0.0
ITEM_106324,ORD_23803,PROD_577,1,71.78,0.0
ITEM_106325,ORD_23803,PROD_521,1,141.39,0.0
ITEM_106326,ORD_23804,PROD_534,1,46.48,0.0
ITEM_106327,ORD_23804,PROD_522,2,209.52,0.0
ITEM_106328,ORD_23804,PROD_510,1,220.56,0.0
ITEM_106329,ORD_23805,PROD_538,1,153.61,7.68
ITEM_106330,ORD_23806,PROD_569,1,274.5,0.0
ITEM_106331,ORD_23806,PROD_570,2,85.34,0.0
ITEM_106332,ORD_23807,PROD_514,1,255.83,0.0
ITEM_106333,ORD_23808,PROD_547,1,20.21,0.0
ITEM_106334,ORD_23808,PROD_514,3,255.83,0.0
ITEM_106335,ORD_23808,PROD_561,1,375.16,37.52
ITEM_106336,ORD_23808,PROD_572,1,144.07,14.41
ITEM_106337,ORD_23809,PROD_503,2,157.89,0.0
ITEM_106338,ORD_23810,PROD_553,1,123.16,0.0
ITEM_106339,ORD_23811,PROD_563,2,317.9,31.79
ITEM_106340,ORD_23812,PROD_561,1,375.16,0.0
ITEM_106341,ORD_23812,PROD_528,1,17.95,0.9
ITEM_106342,ORD_23812,PROD_502,1,242.11,0.0
ITEM_106343,ORD_23812,PROD_507,2,16.01,1.6
ITEM_106344,ORD_23813,PROD_566,1,250.95,0.0
ITEM_106345,ORD_23813,PROD_509,1,213.9,0.0
ITEM_106346,ORD_23814,PROD_504,1,130.74,0.0
ITEM_106347,ORD_23815,PROD_544,1,280.84,0.0
ITEM_106348,ORD_23816,PROD_511,1,295.08,0.0
ITEM_106349,ORD_23816,PROD_532,2,272.35,81.7
ITEM_106350,ORD_23816,PROD_577,1,71.78,0.0
ITEM_106351,ORD_23817,PROD_561,1,375.16,0.0
ITEM_106352,ORD_23817,PROD_571,2,211.74,0.0
ITEM_106353,ORD_23818,PROD_575,2,175.82,35.16
ITEM_106354,ORD_23819,PROD_578,1,165.8,8.29
ITEM_106355,ORD_23819,PROD_573,1,121.95,12.2
ITEM_106356,ORD_23820,PROD_540,2,48.42,0.0
ITEM_106357,ORD_23820,PROD_550,1,19.6,0.0
ITEM_106358,ORD_23820,PROD_568,1,116.17,5.81
ITEM_106359,ORD_23821,PROD_569,1,274.5,0.0
ITEM_106360,ORD_23822,PROD_541,1,137.54,0.0
ITEM_106361,ORD_23823,PROD_566,2,250.95,0.0
ITEM_106362,ORD_23823,PROD_540,1,48.42,2.42
ITEM_106363,ORD_23824,PROD_526,1,212.22,0.0
ITEM_106364,ORD_23824,PROD_531,1,242.35,0.0
ITEM_106365,ORD_23824,PROD_579,1,221.42,0.0
ITEM_106366,ORD_23825,PROD_501,1,199.67,0.0
ITEM_106367,ORD_23826,PROD_550,1,19.6,0.0
ITEM_106368,ORD_23827,PROD_514,1,255.83,0.0
ITEM_106369,ORD_23827,PROD_560,1,88.9,0.0
ITEM_106370,ORD_23828,PROD_533,1,161.57,0.0
ITEM_106371,ORD_23829,PROD_521,2,141.39,0.0
ITEM_106372,ORD_23830,PROD_523,1,104.47,0.0
ITEM_106373,ORD_23830,PROD_525,1,227.68,22.77
ITEM_106374,ORD_23831,PROD_567,2,103.84,0.0
ITEM_106375,ORD_23831,PROD_509,1,213.9,10.7
ITEM_106376,ORD_23832,PROD_570,1,85.34,0.0
ITEM_106377,ORD_23833,PROD_560,1,88.9,0.0
ITEM_106378,ORD_23834,PROD_516,2,91.12,0.0
ITEM_106379,ORD_23834,PROD_574,1,250.97,37.65
ITEM_106380,ORD_23835,PROD_528,1,17.95,0.0
ITEM_106381,ORD_23836,PROD_542,1,140.18,7.01
ITEM_106382,ORD_23836,PROD_541,1,137.54,0.0
ITEM_106383,ORD_23836,PROD_504,1,130.74,13.07
ITEM_106384,ORD_23837,PROD_505,1,64.22,0.0
ITEM_106385,ORD_23838,PROD_579,1,221.42,0.0
ITEM_106386,ORD_23838,PROD_536,1,242.17,0.0
ITEM_106387,ORD_23838,PROD_576,1,75.48,0.0
ITEM_106388,ORD_23838,PROD_555,2,121.11,0.0
ITEM_106389,ORD_23839,PROD_516,1,91.12,0.0
ITEM_106390,ORD_23839,PROD_575,1,175.82,8.79
ITEM_106391,ORD_23839,PROD_544,1,280.84,0.0
ITEM_106392,ORD_23840,PROD_556,1,171.31,0.0
ITEM_106393,ORD_23840,PROD_544,1,280.84,0.0
ITEM_106394,ORD_23840,PROD_545,1,246.78,0.0
ITEM_106395,ORD_23841,PROD_565,1,16.38,0.0
ITEM_106396,ORD_23841,PROD_524,1,116.66,0.0
ITEM_106397,ORD_23842,PROD_506,1,240.11,36.02
ITEM_106398,ORD_23843,PROD_568,1,116.17,5.81
ITEM_106399,ORD_23843,PROD_519,3,236.9,0.0
ITEM_106400,ORD_23844,PROD_525,1,227.68,0.0
ITEM_106401,ORD_23845,PROD_570,1,85.34,0.0
ITEM_106402,ORD_23846,PROD_560,1,88.9,4.45
ITEM_106403,ORD_23846,PROD_524,2,116.66,0.0
ITEM_106404,ORD_23846,PROD_502,2,242.11,24.21
ITEM_106405,ORD_23846,PROD_515,1,189.61,0.0
ITEM_106406,ORD_23847,PROD_515,1,189.61,0.0
ITEM_106407,ORD_23847,PROD_522,1,209.52,10.48
ITEM_106408,ORD_23848,PROD_556,1,171.31,0.0
ITEM_106409,ORD_23849,PROD_521,1,141.39,7.07
ITEM_106410,ORD_23849,PROD_511,1,295.08,29.51
ITEM_106411,ORD_23850,PROD_570,2,85.34,0.0
ITEM_106412,ORD_23850,PROD_567,1,103.84,5.19
ITEM_106413,ORD_23850,PROD_576,1,75.48,0.0
ITEM_106414,ORD_23851,PROD_567,2,103.84,0.0
ITEM_106415,ORD_23851,PROD_537,1,145.12,0.0
ITEM_106416,ORD_23851,PROD_524,1,116.66,0.0
ITEM_106417,ORD_23852,PROD_551,2,148.84,0.0
ITEM_106418,ORD_23852,PROD_554,1,309.23,0.0
ITEM_106419,ORD_23853,PROD_532,1,272.35,0.0
ITEM_106420,ORD_23854,PROD_539,1,250.31,0.0
ITEM_106421,ORD_23854,PROD_564,1,77.5,3.88
ITEM_106422,ORD_23855,PROD_568,1,116.17,5.81
ITEM_106423,ORD_23855,PROD_566,2,250.95,0.0
ITEM_106424,ORD_23855,PROD_516,1,91.12,0.0
ITEM_106425,ORD_23855,PROD_517,1,232.38,23.24
ITEM_106426,ORD_23856,PROD_553,1,123.16,0.0
ITEM_106427,ORD_23856,PROD_516,2,91.12,0.0
ITEM_106428,ORD_23857,PROD_512,2,151.42,30.28
ITEM_106429,ORD_23858,PROD_542,1,140.18,14.02
ITEM_106430,ORD_23859,PROD_531,1,242.35,0.0
ITEM_106431,ORD_23859,PROD_565,1,16.38,0.0
ITEM_106432,ORD_23860,PROD_550,1,19.6,0.0
ITEM_106433,ORD_23861,PROD_521,3,141.39,63.63
ITEM_106434,ORD_23862,PROD_526,1,212.22,0.0
ITEM_106435,ORD_23863,PROD_519,1,236.9,0.0
ITEM_106436,ORD_23863,PROD_549,2,112.15,0.0
ITEM_106437,ORD_23864,PROD_565,1,16.38,0.0
ITEM_106438,ORD_23864,PROD_525,2,227.68,45.54
ITEM_106439,ORD_23865,PROD_576,1,75.48,0.0
ITEM_106440,ORD_23866,PROD_553,1,123.16,12.32
ITEM_106441,ORD_23867,PROD_552,1,157.7,0.0
ITEM_106442,ORD_23867,PROD_502,3,242.11,0.0
ITEM_106443,ORD_23868,PROD_549,2,112.15,0.0
ITEM_106444,ORD_23869,PROD_566,1,250.95,37.64
ITEM_106445,ORD_23869,PROD_515,1,189.61,0.0
ITEM_106446,ORD_23869,PROD_555,1,121.11,0.0
ITEM_106447,ORD_23870,PROD_525,1,227.68,0.0
ITEM_106448,ORD_23870,PROD_541,1,137.54,0.0
ITEM_106449,ORD_23871,PROD_569,3,274.5,41.18
ITEM_106450,ORD_23872,PROD_535,3,36.04,0.0
ITEM_106451,ORD_23873,PROD_576,1,75.48,0.0
ITEM_106452,ORD_23874,PROD_546,1,209.69,0.0
ITEM_106453,ORD_23874,PROD_530,1,142.79,0.0
ITEM_106454,ORD_23874,PROD_509,1,213.9,10.7
ITEM_106455,ORD_23875,PROD_530,1,142.79,7.14
ITEM_106456,ORD_23876,PROD_543,2,313.64,0.0
ITEM_106457,ORD_23876,PROD_536,1,242.17,0.0
ITEM_106458,ORD_23877,PROD_521,1,141.39,14.14
ITEM_106459,ORD_23877,PROD_577,1,71.78,3.59
ITEM_106460,ORD_23878,PROD_564,1,77.5,0.0
ITEM_106461,ORD_23878,PROD_572,1,144.07,0.0
ITEM_106462,ORD_23878,PROD_551,2,148.84,44.65
ITEM_106463,ORD_23879,PROD_557,1,170.75,0.0
ITEM_106464,ORD_23879,PROD_565,2,16.38,0.0
ITEM_106465,ORD_23880,PROD_504,1,130.74,0.0
ITEM_106466,ORD_23880,PROD_533,1,161.57,0.0
ITEM_106467,ORD_23881,PROD_570,3,85.34,0.0
ITEM_106468,ORD_23881,PROD_502,1,242.11,0.0
ITEM_106469,ORD_23882,PROD_507,1,16.01,2.4
ITEM_106470,ORD_23882,PROD_501,1,199.67,0.0
ITEM_106471,ORD_23883,PROD_524,2,116.66,0.0
ITEM_106472,ORD_23884,PROD_503,1,157.89,7.89
ITEM_106473,ORD_23885,PROD_568,3,116.17,0.0
ITEM_106474,ORD_23886,PROD_522,2,209.52,41.9
ITEM_106475,ORD_23887,PROD_548,1,54.38,0.0
ITEM_106476,ORD_23887,PROD_513,1,126.72,0.0
ITEM_106477,ORD_23888,PROD_512,1,151.42,7.57
ITEM_106478,ORD_23888,PROD_556,1,171.31,0.0
ITEM_106479,ORD_23888,PROD_569,2,274.5,27.45
ITEM_106480,ORD_23889,PROD_561,1,375.16,37.52
ITEM_106481,ORD_23889,PROD_501,1,199.67,0.0
ITEM_106482,ORD_23890,PROD_552,2,157.7,15.77
ITEM_106483,ORD_23890,PROD_567,3,103.84,0.0
ITEM_106484,ORD_23890,PROD_536,1,242.17,0.0
ITEM_106485,ORD_23891,PROD_529,1,24.28,1.21
ITEM_106486,ORD_23891,PROD_527,3,218.49,0.0
ITEM_106487,ORD_23891,PROD_558,2,152.68,0.0
ITEM_106488,ORD_23892,PROD_572,1,144.07,0.0
ITEM_106489,ORD_23893,PROD_558,1,152.68,0.0
ITEM_106490,ORD_23893,PROD_511,1,295.08,0.0
ITEM_106491,ORD_23894,PROD_554,1,309.23,0.0
ITEM_106492,ORD_23895,PROD_552,1,157.7,0.0
ITEM_106493,ORD_23896,PROD_525,2,227.68,0.0
ITEM_106494,ORD_23896,PROD_540,1,48.42,0.0
ITEM_106495,ORD_23897,PROD_528,1,17.95,0.0
ITEM_106496,ORD_23898,PROD_559,2,149.13,0.0
ITEM_106497,ORD_23899,PROD_503,1,157.89,0.0
ITEM_106498,ORD_23900,PROD_533,1,161.57,0.0
ITEM_106499,ORD_23900,PROD_506,1,240.11,0.0
ITEM_106500,ORD_23900,PROD_552,1,157.7,15.77
ITEM_106501,ORD_23901,PROD_512,2,151.42,0.0
ITEM_106502,ORD_23902,PROD_549,1,112.15,5.61
ITEM_106503,ORD_23902,PROD_579,2,221.42,0.0
ITEM_106504,ORD_23902,PROD_527,1,218.49,0.0
ITEM_106505,ORD_23902,PROD_535,1,36.04,0.0
ITEM_106506,ORD_23903,PROD_569,2,274.5,27.45
ITEM_106507,ORD_23903,PROD_526,1,212.22,10.61
ITEM_106508,ORD_23904,PROD_563,1,317.9,0.0
ITEM_106509,ORD_23904,PROD_572,1,144.07,0.0
ITEM_106510,ORD_23905,PROD_542,1,140.18,14.02
ITEM_106511,ORD_23905,PROD_556,2,171.31,34.26
ITEM_106512,ORD_23905,PROD_546,1,209.69,31.45
ITEM_106513,ORD_23906,PROD_507,1,16.01,0.0
ITEM_106514,ORD_23907,PROD_522,1,209.52,10.48
ITEM_106515,ORD_23907,PROD_568,1,116.17,0.0
ITEM_106516,ORD_23907,PROD_570,1,85.34,4.27
ITEM_106517,ORD_23908,PROD_550,1,19.6,2.94
ITEM_106518,ORD_23909,PROD_525,1,227.68,11.38
ITEM_106519,ORD_23910,PROD_521,3,141.39,63.63
ITEM_106520,ORD_23910,PROD_546,3,209.69,31.45
ITEM_106521,ORD_23911,PROD_554,1,309.23,0.0
ITEM_106522,ORD_23911,PROD_512,1,151.42,0.0
ITEM_106523,ORD_23912,PROD_537,2,145.12,0.0
ITEM_106524,ORD_23913,PROD_543,1,313.64,15.68
ITEM_106525,ORD_23913,PROD_503,2,157.89,0.0
ITEM_106526,ORD_23914,PROD_560,1,88.9,0.0
ITEM_106527,ORD_23915,PROD_518,1,148.06,0.0
ITEM_106528,ORD_23916,PROD_526,1,212.22,10.61
ITEM_106529,ORD_23916,PROD_563,2,317.9,0.0
ITEM_106530,ORD_23917,PROD_537,1,145.12,7.26
ITEM_106531,ORD_23917,PROD_511,1,295.08,29.51
ITEM_106532,ORD_23917,PROD_554,2,309.23,0.0
ITEM_106533,ORD_23918,PROD_517,1,232.38,0.0
ITEM_106534,ORD_23919,PROD_569,1,274.5,0.0
ITEM_106535,ORD_23920,PROD_549,1,112.15,0.0
ITEM_106536,ORD_23921,PROD_540,3,48.42,14.53
ITEM_106537,ORD_23921,PROD_569,2,274.5,0.0
ITEM_106538,ORD_23921,PROD_528,2,17.95,1.79
ITEM_106539,ORD_23922,PROD_579,3,221.42,33.21
ITEM_106540,ORD_23922,PROD_544,1,280.84,0.0
ITEM_106541,ORD_23923,PROD_525,2,227.68,68.3
ITEM_106542,ORD_23923,PROD_545,2,246.78,0.0
ITEM_106543,ORD_23924,PROD_560,3,88.9,13.34
ITEM_106544,ORD_23925,PROD_523,1,104.47,5.22
ITEM_106545,ORD_23926,PROD_504,2,130.74,0.0
ITEM_106546,ORD_23927,PROD_507,1,16.01,0.0
ITEM_106547,ORD_23927,PROD_528,1,17.95,0.9
ITEM_106548,ORD_23928,PROD_522,1,209.52,0.0
ITEM_106549,ORD_23929,PROD_562,1,225.46,0.0
ITEM_106550,ORD_23930,PROD_563,2,317.9,31.79
ITEM_106551,ORD_23931,PROD_549,2,112.15,0.0
ITEM_106552,ORD_23931,PROD_573,2,121.95,12.2
ITEM_106553,ORD_23932,PROD_524,2,116.66,0.0
ITEM_106554,ORD_23932,PROD_540,1,48.42,0.0
ITEM_106555,ORD_23933,PROD_531,2,242.35,48.47
ITEM_106556,ORD_23934,PROD_529,1,24.28,3.64
ITEM_106557,ORD_23934,PROD_536,1,242.17,0.0
ITEM_106558,ORD_23935,PROD_504,2,130.74,13.07
ITEM_106559,ORD_23935,PROD_579,1,221.42,0.0
ITEM_106560,ORD_23935,PROD_519,2,236.9,0.0
ITEM_106561,ORD_23936,PROD_508,1,312.13,46.82
ITEM_106562,ORD_23937,PROD_568,1,116.17,0.0
ITEM_106563,ORD_23938,PROD_547,1,20.21,0.0
ITEM_106564,ORD_23939,PROD_543,1,313.64,0.0
ITEM_106565,ORD_23940,PROD_521,2,141.39,14.14
ITEM_106566,ORD_23941,PROD_541,1,137.54,0.0
ITEM_106567,ORD_23941,PROD_579,1,221.42,33.21
ITEM_106568,ORD_23942,PROD_534,1,46.48,0.0
ITEM_106569,ORD_23943,PROD_533,1,161.57,0.0
ITEM_106570,ORD_23943,PROD_528,1,17.95,0.0
ITEM_106571,ORD_23944,PROD_562,3,225.46,0.0
ITEM_106572,ORD_23945,PROD_567,1,103.84,5.19
ITEM_106573,ORD_23946,PROD_549,1,112.15,0.0
ITEM_106574,ORD_23946,PROD_514,2,255.83,0.0
ITEM_106575,ORD_23947,PROD_538,1,153.61,0.0
ITEM_106576,ORD_23948,PROD_561,1,375.16,0.0
ITEM_106577,ORD_23948,PROD_528,1,17.95,0.0
ITEM_106578,ORD_23949,PROD_521,2,141.39,42.42
ITEM_106579,ORD_23949,PROD_507,2,16.01,3.2
ITEM_106580,ORD_23949,PROD_562,2,225.46,0.0
ITEM_106581,ORD_23950,PROD_543,1,313.64,0.0
ITEM_106582,ORD_23951,PROD_542,1,140.18,0.0
ITEM_106583,ORD_23952,PROD_541,2,137.54,0.0
ITEM_106584,ORD_23953,PROD_501,1,199.67,0.0
ITEM_106585,ORD_23954,PROD_503,1,157.89,0.0
ITEM_106586,ORD_23955,PROD_506,3,240.11,0.0
ITEM_106587,ORD_23956,PROD_509,1,213.9,10.7
ITEM_106588,ORD_23957,PROD_580,1,221.1,0.0
ITEM_106589,ORD_23958,PROD_508,1,312.13,31.21
ITEM_106590,ORD_23958,PROD_543,1,313.64,0.0
ITEM_106591,ORD_23958,PROD_550,1,19.6,0.0
ITEM_106592,ORD_23958,PROD_539,1,250.31,12.52
ITEM_106593,ORD_23959,PROD_538,1,153.61,7.68
ITEM_106594,ORD_23959,PROD_524,1,116.66,11.67
ITEM_106595,ORD_23960,PROD_538,2,153.61,0.0
ITEM_106596,ORD_23961,PROD_577,2,71.78,0.0
ITEM_106597,ORD_23961,PROD_576,1,75.48,0.0
ITEM_106598,ORD_23962,PROD_579,1,221.42,11.07
ITEM_106599,ORD_23963,PROD_557,1,170.75,0.0
ITEM_106600,ORD_23964,PROD_529,2,24.28,0.0
ITEM_106601,ORD_23964,PROD_556,2,171.31,0.0
ITEM_106602,ORD_23965,PROD_579,2,221.42,0.0
ITEM_106603,ORD_23966,PROD_574,1,250.97,0.0
ITEM_106604,ORD_23967,PROD_510,2,220.56,0.0
ITEM_106605,ORD_23968,PROD_534,2,46.48,0.0
ITEM_106606,ORD_23968,PROD_544,1,280.84,0.0
ITEM_106607,ORD_23968,PROD_559,1,149.13,0.0
ITEM_106608,ORD_23969,PROD_540,1,48.42,0.0
ITEM_106609,ORD_23969,PROD_548,1,54.38,5.44
ITEM_106610,ORD_23970,PROD_534,1,46.48,4.65
ITEM_106611,ORD_23970,PROD_504,1,130.74,0.0
ITEM_106612,ORD_23971,PROD_561,1,375.16,0.0
ITEM_106613,ORD_23971,PROD_553,1,123.16,0.0
ITEM_106614,ORD_23971,PROD_505,2,64.22,0.0
ITEM_106615,ORD_23972,PROD_503,2,157.89,0.0
ITEM_106616,ORD_23972,PROD_572,1,144.07,0.0
ITEM_106617,ORD_23973,PROD_532,1,272.35,0.0
ITEM_106618,ORD_23973,PROD_571,1,211.74,0.0
ITEM_106619,ORD_23974,PROD_575,2,175.82,17.58
ITEM_106620,ORD_23975,PROD_576,1,75.48,0.0
ITEM_106621,ORD_23976,PROD_554,1,309.23,30.92
ITEM_106622,ORD_23977,PROD_522,1,209.52,20.95
ITEM_106623,ORD_23978,PROD_520,1,74.25,0.0
ITEM_106624,ORD_23979,PROD_549,1,112.15,0.0
ITEM_106625,ORD_23979,PROD_551,1,148.84,14.88
ITEM_106626,ORD_23979,PROD_526,1,212.22,21.22
ITEM_106627,ORD_23979,PROD_570,1,85.34,0.0
ITEM_106628,ORD_23980,PROD_526,2,212.22,21.22
ITEM_106629,ORD_23980,PROD_544,1,280.84,0.0
ITEM_106630,ORD_23981,PROD_555,1,121.11,0.0
ITEM_106631,ORD_23982,PROD_543,1,313.64,0.0
ITEM_106632,ORD_23982,PROD_517,1,232.38,0.0
ITEM_106633,ORD_23983,PROD_565,1,16.38,2.46
ITEM_106634,ORD_23984,PROD_573,1,121.95,0.0
ITEM_106635,ORD_23985,PROD_545,1,246.78,0.0
ITEM_106636,ORD_23985,PROD_553,2,123.16,0.0
ITEM_106637,ORD_23985,PROD_538,1,153.61,0.0
ITEM_106638,ORD_23986,PROD_545,1,246.78,12.34
ITEM_106639,ORD_23987,PROD_535,1,36.04,0.0
ITEM_106640,ORD_23987,PROD_559,1,149.13,0.0
ITEM_106641,ORD_23988,PROD_504,1,130.74,6.54
ITEM_106642,ORD_23988,PROD_576,3,75.48,0.0
ITEM_106643,ORD_23989,PROD_546,1,209.69,0.0
ITEM_106644,ORD_23989,PROD_532,1,272.35,0.0
ITEM_106645,ORD_23990,PROD_532,2,272.35,0.0
ITEM_106646,ORD_23991,PROD_505,1,64.22,0.0
ITEM_106647,ORD_23992,PROD_556,1,171.31,0.0
ITEM_106648,ORD_23993,PROD_563,1,317.9,0.0
ITEM_106649,ORD_23994,PROD_510,1,220.56,11.03
ITEM_106650,ORD_23995,PROD_526,1,212.22,0.0
ITEM_106651,ORD_23995,PROD_549,1,112.15,5.61
ITEM_106652,ORD_23996,PROD_534,1,46.48,0.0
ITEM_106653,ORD_23997,PROD_549,2,112.15,0.0
ITEM_106654,ORD_23997,PROD_535,1,36.04,1.8
ITEM_106655,ORD_23998,PROD_524,1,116.66,11.67
ITEM_106656,ORD_23999,PROD_550,1,19.6,0.0
ITEM_106657,ORD_24000,PROD_518,1,148.06,14.81
ITEM_106658,ORD_24001,PROD_546,1,209.69,0.0
ITEM_106659,ORD_24002,PROD_516,1,91.12,0.0
ITEM_106660,ORD_24002,PROD_515,3,189.61,0.0
ITEM_106661,ORD_24002,PROD_560,2,88.9,0.0
ITEM_106662,ORD_24003,PROD_521,3,141.39,0.0
ITEM_106663,ORD_24004,PROD_506,1,240.11,0.0
ITEM_106664,ORD_24005,PROD_526,1,212.22,10.61
ITEM_106665,ORD_24006,PROD_535,1,36.04,0.0
ITEM_106666,ORD_24007,PROD_505,1,64.22,9.63
ITEM_106667,ORD_24007,PROD_577,1,71.78,0.0
ITEM_106668,ORD_24007,PROD_539,2,250.31,0.0
ITEM_106669,ORD_24008,PROD_507,1,16.01,1.6
ITEM_106670,ORD_24008,PROD_515,1,189.61,0.0
ITEM_106671,ORD_24009,PROD_525,1,227.68,0.0
ITEM_106672,ORD_24010,PROD_539,1,250.31,0.0
ITEM_106673,ORD_24010,PROD_502,2,242.11,0.0
ITEM_106674,ORD_24011,PROD_546,2,209.69,0.0
ITEM_106675,ORD_24012,PROD_516,1,91.12,9.11
ITEM_106676,ORD_24013,PROD_560,2,88.9,8.89
ITEM_106677,ORD_24013,PROD_578,1,165.8,0.0
ITEM_106678,ORD_24014,PROD_578,1,165.8,0.0
ITEM_106679,ORD_24014,PROD_554,1,309.23,0.0
ITEM_106680,ORD_24015,PROD_515,1,189.61,0.0
ITEM_106681,ORD_24016,PROD_536,1,242.17,12.11
ITEM_106682,ORD_24016,PROD_566,1,250.95,12.55
ITEM_106683,ORD_24016,PROD_558,1,152.68,0.0
ITEM_106684,ORD_24016,PROD_502,1,242.11,0.0
ITEM_106685,ORD_24017,PROD_525,1,227.68,0.0
ITEM_106686,ORD_24018,PROD_506,1,240.11,0.0
ITEM_106687,ORD_24018,PROD_556,1,171.31,0.0
ITEM_106688,ORD_24018,PROD_562,1,225.46,0.0
ITEM_106689,ORD_24019,PROD_580,1,221.1,22.11
ITEM_106690,ORD_24020,PROD_579,1,221.42,22.14
ITEM_106691,ORD_24021,PROD_534,2,46.48,0.0
ITEM_106692,ORD_24021,PROD_555,1,121.11,0.0
ITEM_106693,ORD_24021,PROD_539,1,250.31,37.55
ITEM_106694,ORD_24022,PROD_542,2,140.18,0.0
ITEM_106695,ORD_24023,PROD_518,1,148.06,7.4
ITEM_106696,ORD_24023,PROD_521,1,141.39,7.07
ITEM_106697,ORD_24023,PROD_544,1,280.84,0.0
ITEM_106698,ORD_24023,PROD_504,1,130.74,6.54
ITEM_106699,ORD_24024,PROD_512,1,151.42,0.0
ITEM_106700,ORD_24025,PROD_578,1,165.8,0.0
ITEM_106701,ORD_24026,PROD_525,2,227.68,0.0
ITEM_106702,ORD_24026,PROD_502,1,242.11,12.11
ITEM_106703,ORD_24026,PROD_543,1,313.64,0.0
ITEM_106704,ORD_24027,PROD_571,1,211.74,10.59
ITEM_106705,ORD_24027,PROD_573,1,121.95,12.2
ITEM_106706,ORD_24027,PROD_534,1,46.48,0.0
ITEM_106707,ORD_24028,PROD_526,1,212.22,0.0
ITEM_106708,ORD_24029,PROD_545,1,246.78,0.0
ITEM_106709,ORD_24029,PROD_553,2,123.16,0.0
ITEM_106710,ORD_24029,PROD_521,1,141.39,0.0
ITEM_106711,ORD_24030,PROD_572,1,144.07,0.0
ITEM_106712,ORD_24030,PROD_537,1,145.12,0.0
ITEM_106713,ORD_24031,PROD_561,1,375.16,18.76
ITEM_106714,ORD_24031,PROD_580,2,221.1,0.0
ITEM_106715,ORD_24032,PROD_534,2,46.48,0.0
ITEM_106716,ORD_24033,PROD_501,2,199.67,0.0
ITEM_106717,ORD_24034,PROD_576,1,75.48,0.0
ITEM_106718,ORD_24034,PROD_502,1,242.11,0.0
ITEM_106719,ORD_24035,PROD_536,1,242.17,0.0
ITEM_106720,ORD_24035,PROD_548,1,54.38,0.0
ITEM_106721,ORD_24035,PROD_524,1,116.66,11.67
ITEM_106722,ORD_24036,PROD_546,1,209.69,0.0
ITEM_106723,ORD_24037,PROD_552,2,157.7,0.0
ITEM_106724,ORD_24037,PROD_516,1,91.12,0.0
ITEM_106725,ORD_24038,PROD_514,1,255.83,0.0
ITEM_106726,ORD_24038,PROD_520,2,74.25,0.0
ITEM_106727,ORD_24039,PROD_554,1,309.23,0.0
ITEM_106728,ORD_24040,PROD_550,1,19.6,0.0
ITEM_106729,ORD_24040,PROD_568,2,116.17,11.62
ITEM_106730,ORD_24041,PROD_532,1,272.35,13.62
ITEM_106731,ORD_24042,PROD_504,2,130.74,0.0
ITEM_106732,ORD_24042,PROD_574,1,250.97,0.0
ITEM_106733,ORD_24042,PROD_533,3,161.57,0.0
ITEM_106734,ORD_24043,PROD_528,1,17.95,0.0
ITEM_106735,ORD_24044,PROD_511,1,295.08,0.0
ITEM_106736,ORD_24045,PROD_558,1,152.68,22.9
ITEM_106737,ORD_24045,PROD_575,1,175.82,0.0
ITEM_106738,ORD_24046,PROD_529,1,24.28,0.0
ITEM_106739,ORD_24047,PROD_517,1,232.38,23.24
ITEM_106740,ORD_24048,PROD_544,1,280.84,14.04
ITEM_106741,ORD_24048,PROD_508,1,312.13,0.0
ITEM_106742,ORD_24049,PROD_526,1,212.22,0.0
ITEM_106743,ORD_24050,PROD_563,2,317.9,31.79
ITEM_106744,ORD_24050,PROD_561,2,375.16,75.03
ITEM_106745,ORD_24050,PROD_554,1,309.23,46.38
ITEM_106746,ORD_24051,PROD_570,1,85.34,0.0
ITEM_106747,ORD_24052,PROD_567,2,103.84,0.0
ITEM_106748,ORD_24052,PROD_537,1,145.12,0.0
ITEM_106749,ORD_24053,PROD_538,1,153.61,23.04
ITEM_106750,ORD_24054,PROD_522,2,209.52,0.0
ITEM_106751,ORD_24054,PROD_561,2,375.16,112.55
ITEM_106752,ORD_24055,PROD_570,1,85.34,0.0
ITEM_106753,ORD_24056,PROD_539,1,250.31,0.0
ITEM_106754,ORD_24057,PROD_520,2,74.25,7.43
ITEM_106755,ORD_24057,PROD_554,1,309.23,0.0
ITEM_106756,ORD_24057,PROD_562,1,225.46,11.27
ITEM_106757,ORD_24057,PROD_570,2,85.34,0.0
ITEM_106758,ORD_24058,PROD_504,1,130.74,0.0
ITEM_106759,ORD_24058,PROD_542,1,140.18,14.02
ITEM_106760,ORD_24059,PROD_524,3,116.66,0.0
ITEM_106761,ORD_24059,PROD_541,2,137.54,0.0
ITEM_106762,ORD_24059,PROD_576,1,75.48,0.0
ITEM_106763,ORD_24060,PROD_558,1,152.68,0.0
ITEM_106764,ORD_24061,PROD_507,1,16.01,0.0
ITEM_106765,ORD_24061,PROD_538,1,153.61,0.0
ITEM_106766,ORD_24061,PROD_559,1,149.13,0.0
ITEM_106767,ORD_24062,PROD_528,2,17.95,0.0
ITEM_106768,ORD_24063,PROD_564,1,77.5,3.88
ITEM_106769,ORD_24064,PROD_574,1,250.97,0.0
ITEM_106770,ORD_24065,PROD_509,1,213.9,0.0
ITEM_106771,ORD_24066,PROD_527,1,218.49,0.0
ITEM_106772,ORD_24067,PROD_517,1,232.38,0.0
ITEM_106773,ORD_24068,PROD_569,1,274.5,13.73
ITEM_106774,ORD_24069,PROD_570,1,85.34,0.0
ITEM_106775,ORD_24070,PROD_580,1,221.1,0.0
ITEM_106776,ORD_24071,PROD_567,1,103.84,0.0
ITEM_106777,ORD_24072,PROD_555,1,121.11,18.17
ITEM_106778,ORD_24072,PROD_560,1,88.9,0.0
ITEM_106779,ORD_24073,PROD_523,1,104.47,10.45
ITEM_106780,ORD_24073,PROD_502,1,242.11,24.21
ITEM_106781,ORD_24073,PROD_514,1,255.83,0.0
ITEM_106782,ORD_24074,PROD_549,1,112.15,0.0
ITEM_106783,ORD_24074,PROD_538,1,153.61,0.0
ITEM_106784,ORD_24075,PROD_564,2,77.5,0.0
ITEM_106785,ORD_24076,PROD_556,1,171.31,8.57
ITEM_106786,ORD_24077,PROD_571,2,211.74,0.0
ITEM_106787,ORD_24078,PROD_515,1,189.61,18.96
ITEM_106788,ORD_24078,PROD_522,1,209.52,0.0
ITEM_106789,ORD_24079,PROD_532,1,272.35,0.0
ITEM_106790,ORD_24080,PROD_515,2,189.61,0.0
ITEM_106791,ORD_24081,PROD_568,1,116.17,5.81
ITEM_106792,ORD_24082,PROD_568,1,116.17,0.0
ITEM_106793,ORD_24083,PROD_568,1,116.17,0.0
ITEM_106794,ORD_24084,PROD_536,1,242.17,36.33
ITEM_106795,ORD_24085,PROD_575,1,175.82,0.0
ITEM_106796,ORD_24086,PROD_542,1,140.18,0.0
ITEM_106797,ORD_24086,PROD_538,1,153.61,0.0
ITEM_106798,ORD_24087,PROD_526,1,212.22,21.22
ITEM_106799,ORD_24088,PROD_530,2,142.79,0.0
ITEM_106800,ORD_24089,PROD_522,2,209.52,20.95
ITEM_106801,ORD_24090,PROD_564,1,77.5,0.0
ITEM_106802,ORD_24091,PROD_548,1,54.38,0.0
ITEM_106803,ORD_24092,PROD_579,2,221.42,0.0
ITEM_106804,ORD_24092,PROD_526,1,212.22,0.0
ITEM_106805,ORD_24093,PROD_572,2,144.07,14.41
ITEM_106806,ORD_24094,PROD_544,1,280.84,14.04
ITEM_106807,ORD_24095,PROD_575,2,175.82,52.75
ITEM_106808,ORD_24096,PROD_569,1,274.5,13.73
ITEM_106809,ORD_24097,PROD_580,1,221.1,0.0
ITEM_106810,ORD_24098,PROD_526,1,212.22,31.83
ITEM_106811,ORD_24098,PROD_501,1,199.67,9.98
ITEM_106812,ORD_24099,PROD_513,1,126.72,0.0
ITEM_106813,ORD_24100,PROD_542,1,140.18,0.0
ITEM_106814,ORD_24101,PROD_579,3,221.42,0.0
ITEM_106815,ORD_24102,PROD_553,1,123.16,0.0
ITEM_106816,ORD_24102,PROD_507,1,16.01,0.0
ITEM_106817,ORD_24103,PROD_515,1,189.61,0.0
ITEM_106818,ORD_24103,PROD_504,1,130.74,0.0
ITEM_106819,ORD_24104,PROD_545,3,246.78,0.0
ITEM_106820,ORD_24105,PROD_555,1,121.11,12.11
ITEM_106821,ORD_24105,PROD_514,1,255.83,0.0
ITEM_106822,ORD_24106,PROD_529,2,24.28,0.0
ITEM_106823,ORD_24107,PROD_570,1,85.34,0.0
ITEM_106824,ORD_24108,PROD_572,1,144.07,0.0
ITEM_106825,ORD_24109,PROD_555,2,121.11,12.11
ITEM_106826,ORD_24110,PROD_559,1,149.13,0.0
ITEM_106827,ORD_24111,PROD_576,1,75.48,0.0
ITEM_106828,ORD_24112,PROD_570,1,85.34,0.0
ITEM_106829,ORD_24112,PROD_547,2,20.21,0.0
ITEM_106830,ORD_24113,PROD_579,1,221.42,0.0
ITEM_106831,ORD_24113,PROD_507,1,16.01,0.0
ITEM_106832,ORD_24114,PROD_510,1,220.56,0.0
ITEM_106833,ORD_24115,PROD_579,1,221.42,0.0
ITEM_106834,ORD_24116,PROD_576,2,75.48,15.1
ITEM_106835,ORD_24117,PROD_545,1,246.78,0.0
ITEM_106836,ORD_24117,PROD_568,1,116.17,0.0
ITEM_106837,ORD_24118,PROD_575,1,175.82,0.0
ITEM_106838,ORD_24119,PROD_580,2,221.1,0.0
ITEM_106839,ORD_24120,PROD_542,1,140.18,14.02
ITEM_106840,ORD_24121,PROD_566,1,250.95,0.0
ITEM_106841,ORD_24121,PROD_518,1,148.06,0.0
ITEM_106842,ORD_24122,PROD_513,1,126.72,0.0
ITEM_106843,ORD_24123,PROD_565,1,16.38,1.64
ITEM_106844,ORD_24123,PROD_520,1,74.25,11.14
ITEM_106845,ORD_24124,PROD_560,2,88.9,0.0
ITEM_106846,ORD_24124,PROD_508,1,312.13,0.0
ITEM_106847,ORD_24124,PROD_533,1,161.57,0.0
ITEM_106848,ORD_24125,PROD_518,1,148.06,0.0
ITEM_106849,ORD_24125,PROD_508,3,312.13,0.0
ITEM_106850,ORD_24125,PROD_549,1,112.15,11.22
ITEM_106851,ORD_24126,PROD_535,1,36.04,0.0
ITEM_106852,ORD_24126,PROD_576,1,75.48,0.0
ITEM_106853,ORD_24127,PROD_557,1,170.75,0.0
ITEM_106854,ORD_24127,PROD_565,1,16.38,0.0
ITEM_106855,ORD_24128,PROD_541,2,137.54,0.0
ITEM_106856,ORD_24129,PROD_549,2,112.15,0.0
ITEM_106857,ORD_24129,PROD_534,1,46.48,0.0
ITEM_106858,ORD_24129,PROD_542,2,140.18,0.0
ITEM_106859,ORD_24129,PROD_546,1,209.69,20.97
ITEM_106860,ORD_24130,PROD_550,1,19.6,0.0
ITEM_106861,ORD_24131,PROD_574,1,250.97,0.0
ITEM_106862,ORD_24131,PROD_550,1,19.6,0.0
ITEM_106863,ORD_24132,PROD_553,3,123.16,18.47
ITEM_106864,ORD_24132,PROD_518,1,148.06,0.0
ITEM_106865,ORD_24133,PROD_517,1,232.38,11.62
ITEM_106866,ORD_24134,PROD_537,1,145.12,0.0
ITEM_106867,ORD_24135,PROD_528,1,17.95,0.0
ITEM_106868,ORD_24136,PROD_531,1,242.35,0.0
ITEM_106869,ORD_24137,PROD_577,1,71.78,3.59
ITEM_106870,ORD_24137,PROD_532,1,272.35,13.62
ITEM_106871,ORD_24137,PROD_503,1,157.89,7.89
ITEM_106872,ORD_24137,PROD_534,2,46.48,0.0
ITEM_106873,ORD_24138,PROD_564,1,77.5,0.0
ITEM_106874,ORD_24139,PROD_503,1,157.89,0.0
ITEM_106875,ORD_24139,PROD_509,1,213.9,10.7
ITEM_106876,ORD_24139,PROD_549,1,112.15,0.0
ITEM_106877,ORD_24139,PROD_525,1,227.68,0.0
ITEM_106878,ORD_24140,PROD_558,1,152.68,0.0
ITEM_106879,ORD_24140,PROD_511,1,295.08,0.0
ITEM_106880,ORD_24141,PROD_548,1,54.38,0.0
ITEM_106881,ORD_24141,PROD_534,1,46.48,0.0
ITEM_106882,ORD_24141,PROD_513,1,126.72,12.67
ITEM_106883,ORD_24142,PROD_569,1,274.5,0.0
ITEM_106884,ORD_24143,PROD_565,1,16.38,2.46
ITEM_106885,ORD_24143,PROD_518,1,148.06,0.0
ITEM_106886,ORD_24144,PROD_528,1,17.95,0.0
ITEM_106887,ORD_24144,PROD_524,2,116.66,0.0
ITEM_106888,ORD_24145,PROD_570,1,85.34,0.0
ITEM_106889,ORD_24146,PROD_567,1,103.84,5.19
ITEM_106890,ORD_24147,PROD_527,2,218.49,0.0
ITEM_106891,ORD_24147,PROD_526,1,212.22,0.0
ITEM_106892,ORD_24148,PROD_550,1,19.6,0.0
ITEM_106893,ORD_24148,PROD_501,1,199.67,0.0
ITEM_106894,ORD_24148,PROD_560,1,88.9,0.0
ITEM_106895,ORD_24149,PROD_510,1,220.56,0.0
ITEM_106896,ORD_24149,PROD_527,1,218.49,0.0
ITEM_106897,ORD_24150,PROD_507,1,16.01,0.0
ITEM_106898,ORD_24151,PROD_513,2,126.72,12.67
ITEM_106899,ORD_24152,PROD_511,1,295.08,0.0
ITEM_106900,ORD_24152,PROD_555,1,121.11,0.0
ITEM_106901,ORD_24153,PROD_556,2,171.31,17.13
ITEM_106902,ORD_24153,PROD_510,1,220.56,11.03
ITEM_106903,ORD_24154,PROD_501,1,199.67,19.97
ITEM_106904,ORD_24155,PROD_553,1,123.16,0.0
ITEM_106905,ORD_24156,PROD_548,1,54.38,0.0
ITEM_106906,ORD_24156,PROD_552,1,157.7,0.0
ITEM_106907,ORD_24157,PROD_508,1,312.13,0.0
ITEM_106908,ORD_24158,PROD_561,1,375.16,0.0
ITEM_106909,ORD_24159,PROD_575,1,175.82,0.0
ITEM_106910,ORD_24160,PROD_508,1,312.13,0.0
ITEM_106911,ORD_24160,PROD_571,3,211.74,31.76
ITEM_106912,ORD_24160,PROD_510,2,220.56,0.0
ITEM_106913,ORD_24161,PROD_554,2,309.23,0.0
ITEM_106914,ORD_24162,PROD_549,2,112.15,0.0
ITEM_106915,ORD_24163,PROD_546,1,209.69,10.48
ITEM_106916,ORD_24163,PROD_514,2,255.83,0.0
ITEM_106917,ORD_24164,PROD_535,1,36.04,0.0
ITEM_106918,ORD_24165,PROD_563,2,317.9,63.58
ITEM_106919,ORD_24165,PROD_579,1,221.42,11.07
ITEM_106920,ORD_24165,PROD_517,1,232.38,0.0
ITEM_106921,ORD_24166,PROD_519,1,236.9,0.0
ITEM_106922,ORD_24167,PROD_560,1,88.9,0.0
ITEM_106923,ORD_24168,PROD_505,2,64.22,0.0
ITEM_106924,ORD_24168,PROD_538,1,153.61,0.0
ITEM_106925,ORD_24168,PROD_566,2,250.95,50.19
ITEM_106926,ORD_24169,PROD_555,3,121.11,0.0
ITEM_106927,ORD_24170,PROD_507,1,16.01,0.0
ITEM_106928,ORD_24171,PROD_572,1,144.07,0.0
ITEM_106929,ORD_24172,PROD_517,1,232.38,23.24
ITEM_106930,ORD_24172,PROD_513,1,126.72,0.0
ITEM_106931,ORD_24172,PROD_527,1,218.49,0.0
ITEM_106932,ORD_24172,PROD_518,1,148.06,0.0
ITEM_106933,ORD_24173,PROD_506,1,240.11,0.0
ITEM_106934,ORD_24174,PROD_501,1,199.67,19.97
ITEM_106935,ORD_24174,PROD_568,3,116.17,0.0
ITEM_106936,ORD_24175,PROD_516,1,91.12,4.56
ITEM_106937,ORD_24175,PROD_569,1,274.5,0.0
ITEM_106938,ORD_24176,PROD_568,1,116.17,0.0
ITEM_106939,ORD_24176,PROD_566,2,250.95,0.0
ITEM_106940,ORD_24177,PROD_506,1,240.11,0.0
ITEM_106941,ORD_24177,PROD_565,1,16.38,0.0
ITEM_106942,ORD_24178,PROD_529,1,24.28,0.0
ITEM_106943,ORD_24178,PROD_530,2,142.79,0.0
ITEM_106944,ORD_24178,PROD_549,2,112.15,0.0
ITEM_106945,ORD_24179,PROD_570,1,85.34,0.0
ITEM_106946,ORD_24179,PROD_562,1,225.46,0.0
ITEM_106947,ORD_24180,PROD_523,2,104.47,0.0
ITEM_106948,ORD_24181,PROD_578,1,165.8,0.0
ITEM_106949,ORD_24182,PROD_515,1,189.61,9.48
ITEM_106950,ORD_24182,PROD_510,1,220.56,11.03
ITEM_106951,ORD_24183,PROD_568,1,116.17,0.0
ITEM_106952,ORD_24183,PROD_579,1,221.42,0.0
ITEM_106953,ORD_24184,PROD_545,1,246.78,0.0
ITEM_106954,ORD_24185,PROD_571,1,211.74,0.0
ITEM_106955,ORD_24186,PROD_557,1,170.75,0.0
ITEM_106956,ORD_24186,PROD_559,1,149.13,0.0
ITEM_106957,ORD_24187,PROD_505,2,64.22,0.0
ITEM_106958,ORD_24187,PROD_544,2,280.84,0.0
ITEM_106959,ORD_24188,PROD_506,1,240.11,0.0
ITEM_106960,ORD_24189,PROD_518,3,148.06,0.0
ITEM_106961,ORD_24189,PROD_574,3,250.97,0.0
ITEM_106962,ORD_24190,PROD_523,1,104.47,0.0
ITEM_106963,ORD_24190,PROD_566,1,250.95,0.0
ITEM_106964,ORD_24190,PROD_536,1,242.17,0.0
ITEM_106965,ORD_24190,PROD_534,1,46.48,0.0
ITEM_106966,ORD_24191,PROD_556,1,171.31,0.0
ITEM_106967,ORD_24191,PROD_521,1,141.39,0.0
ITEM_106968,ORD_24192,PROD_570,1,85.34,0.0
ITEM_106969,ORD_24193,PROD_544,1,280.84,0.0
ITEM_106970,ORD_24194,PROD_574,1,250.97,0.0
ITEM_106971,ORD_24194,PROD_515,1,189.61,18.96
ITEM_106972,ORD_24194,PROD_524,1,116.66,0.0
ITEM_106973,ORD_24195,PROD_579,1,221.42,11.07
ITEM_106974,ORD_24196,PROD_577,3,71.78,0.0
ITEM_106975,ORD_24196,PROD_567,1,103.84,0.0
ITEM_106976,ORD_24196,PROD_509,2,213.9,0.0
ITEM_106977,ORD_24197,PROD_513,1,126.72,0.0
ITEM_106978,ORD_24198,PROD_521,1,141.39,0.0
ITEM_106979,ORD_24199,PROD_568,1,116.17,0.0
ITEM_106980,ORD_24200,PROD_522,1,209.52,0.0
ITEM_106981,ORD_24201,PROD_551,1,148.84,0.0
ITEM_106982,ORD_24202,PROD_531,1,242.35,0.0
ITEM_106983,ORD_24202,PROD_527,1,218.49,0.0
ITEM_106984,ORD_24203,PROD_565,1,16.38,0.0
ITEM_106985,ORD_24204,PROD_548,1,54.38,0.0
ITEM_106986,ORD_24204,PROD_514,1,255.83,0.0
ITEM_106987,ORD_24205,PROD_519,1,236.9,0.0
ITEM_106988,ORD_24205,PROD_534,2,46.48,0.0
ITEM_106989,ORD_24206,PROD_518,1,148.06,0.0
ITEM_106990,ORD_24206,PROD_541,1,137.54,0.0
ITEM_106991,ORD_24207,PROD_578,1,165.8,0.0
ITEM_106992,ORD_24208,PROD_522,1,209.52,10.48
ITEM_106993,ORD_24209,PROD_512,1,151.42,0.0
ITEM_106994,ORD_24209,PROD_519,1,236.9,0.0
ITEM_106995,ORD_24210,PROD_503,3,157.89,23.68
ITEM_106996,ORD_24211,PROD_524,1,116.66,5.83
ITEM_106997,ORD_24211,PROD_507,1,16.01,0.0
ITEM_106998,ORD_24212,PROD_518,1,148.06,0.0
ITEM_106999,ORD_24212,PROD_548,2,54.38,0.0
ITEM_107000,ORD_24213,PROD_579,1,221.42,0.0
ITEM_107001,ORD_24214,PROD_507,1,16.01,0.0
ITEM_107002,ORD_24214,PROD_562,1,225.46,0.0
ITEM_107003,ORD_24215,PROD_539,1,250.31,0.0
ITEM_107004,ORD_24216,PROD_527,1,218.49,0.0
ITEM_107005,ORD_24216,PROD_540,2,48.42,0.0
ITEM_107006,ORD_24216,PROD_567,1,103.84,0.0
ITEM_107007,ORD_24217,PROD_537,1,145.12,7.26
ITEM_107008,ORD_24217,PROD_549,1,112.15,0.0
ITEM_107009,ORD_24218,PROD_553,3,123.16,0.0
ITEM_107010,ORD_24219,PROD_554,1,309.23,15.46
ITEM_107011,ORD_24220,PROD_548,1,54.38,0.0
ITEM_107012,ORD_24221,PROD_529,1,24.28,0.0
ITEM_107013,ORD_24221,PROD_525,2,227.68,45.54
ITEM_107014,ORD_24221,PROD_557,1,170.75,0.0
ITEM_107015,ORD_24221,PROD_562,1,225.46,22.55
ITEM_107016,ORD_24222,PROD_559,1,149.13,14.91
ITEM_107017,ORD_24223,PROD_554,2,309.23,0.0
ITEM_107018,ORD_24224,PROD_526,1,212.22,0.0
ITEM_107019,ORD_24225,PROD_580,1,221.1,0.0
ITEM_107020,ORD_24226,PROD_508,1,312.13,0.0
ITEM_107021,ORD_24227,PROD_514,1,255.83,0.0
ITEM_107022,ORD_24228,PROD_563,1,317.9,0.0
ITEM_107023,ORD_24228,PROD_566,3,250.95,37.64
ITEM_107024,ORD_24228,PROD_532,1,272.35,27.24
ITEM_107025,ORD_24228,PROD_541,1,137.54,6.88
ITEM_107026,ORD_24229,PROD_567,1,103.84,5.19
ITEM_107027,ORD_24229,PROD_519,1,236.9,35.53
ITEM_107028,ORD_24229,PROD_545,1,246.78,37.02
ITEM_107029,ORD_24230,PROD_510,2,220.56,0.0
ITEM_107030,ORD_24230,PROD_540,2,48.42,0.0
ITEM_107031,ORD_24231,PROD_547,1,20.21,0.0
ITEM_107032,ORD_24232,PROD_547,2,20.21,0.0
ITEM_107033,ORD_24232,PROD_512,2,151.42,0.0
ITEM_107034,ORD_24233,PROD_561,1,375.16,0.0
ITEM_107035,ORD_24233,PROD_570,1,85.34,0.0
ITEM_107036,ORD_24233,PROD_556,1,171.31,0.0
ITEM_107037,ORD_24234,PROD_553,2,123.16,0.0
ITEM_107038,ORD_24234,PROD_578,1,165.8,8.29
ITEM_107039,ORD_24235,PROD_575,1,175.82,0.0
ITEM_107040,ORD_24236,PROD_516,1,91.12,0.0
ITEM_107041,ORD_24237,PROD_574,1,250.97,0.0
ITEM_107042,ORD_24237,PROD_537,1,145.12,0.0
ITEM_107043,ORD_24238,PROD_559,2,149.13,0.0
ITEM_107044,ORD_24238,PROD_504,1,130.74,0.0
ITEM_107045,ORD_24239,PROD_562,1,225.46,0.0
ITEM_107046,ORD_24240,PROD_504,1,130.74,0.0
ITEM_107047,ORD_24241,PROD_540,1,48.42,2.42
ITEM_107048,ORD_24242,PROD_513,1,126.72,0.0
ITEM_107049,ORD_24243,PROD_503,1,157.89,15.79
ITEM_107050,ORD_24244,PROD_532,2,272.35,0.0
ITEM_107051,ORD_24245,PROD_539,1,250.31,0.0
ITEM_107052,ORD_24245,PROD_555,1,121.11,0.0
ITEM_107053,ORD_24245,PROD_579,1,221.42,11.07
ITEM_107054,ORD_24246,PROD_523,1,104.47,0.0
ITEM_107055,ORD_24247,PROD_512,1,151.42,0.0
ITEM_107056,ORD_24247,PROD_509,3,213.9,0.0
ITEM_107057,ORD_24247,PROD_517,1,232.38,0.0
ITEM_107058,ORD_24248,PROD_536,1,242.17,0.0
ITEM_107059,ORD_24249,PROD_576,1,75.48,0.0
ITEM_107060,ORD_24250,PROD_538,1,153.61,0.0
ITEM_107061,ORD_24250,PROD_527,1,218.49,0.0
ITEM_107062,ORD_24250,PROD_570,2,85.34,0.0
ITEM_107063,ORD_24251,PROD_534,1,46.48,0.0
ITEM_107064,ORD_24251,PROD_539,3,250.31,0.0
ITEM_107065,ORD_24251,PROD_556,2,171.31,17.13
ITEM_107066,ORD_24251,PROD_521,1,141.39,0.0
ITEM_107067,ORD_24252,PROD_562,3,225.46,0.0
ITEM_107068,ORD_24253,PROD_568,2,116.17,23.23
ITEM_107069,ORD_24253,PROD_552,1,157.7,15.77
ITEM_107070,ORD_24253,PROD_555,1,121.11,0.0
ITEM_107071,ORD_24253,PROD_517,1,232.38,11.62
ITEM_107072,ORD_24254,PROD_523,1,104.47,5.22
ITEM_107073,ORD_24255,PROD_505,1,64.22,3.21
ITEM_107074,ORD_24256,PROD_531,1,242.35,0.0
ITEM_107075,ORD_24256,PROD_555,1,121.11,12.11
ITEM_107076,ORD_24257,PROD_501,1,199.67,0.0
ITEM_107077,ORD_24257,PROD_578,1,165.8,0.0
ITEM_107078,ORD_24258,PROD_563,2,317.9,0.0
ITEM_107079,ORD_24258,PROD_524,1,116.66,11.67
ITEM_107080,ORD_24259,PROD_574,1,250.97,0.0
ITEM_107081,ORD_24260,PROD_540,1,48.42,2.42
ITEM_107082,ORD_24261,PROD_563,2,317.9,0.0
ITEM_107083,ORD_24261,PROD_518,2,148.06,0.0
ITEM_107084,ORD_24261,PROD_535,1,36.04,0.0
ITEM_107085,ORD_24262,PROD_503,1,157.89,0.0
ITEM_107086,ORD_24263,PROD_503,1,157.89,15.79
ITEM_107087,ORD_24264,PROD_577,1,71.78,0.0
ITEM_107088,ORD_24265,PROD_504,1,130.74,0.0
ITEM_107089,ORD_24265,PROD_547,1,20.21,0.0
ITEM_107090,ORD_24266,PROD_513,2,126.72,12.67
ITEM_107091,ORD_24267,PROD_523,2,104.47,0.0
ITEM_107092,ORD_24268,PROD_519,2,236.9,0.0
ITEM_107093,ORD_24268,PROD_554,1,309.23,0.0
ITEM_107094,ORD_24268,PROD_567,1,103.84,5.19
ITEM_107095,ORD_24269,PROD_518,3,148.06,0.0
ITEM_107096,ORD_24270,PROD_579,1,221.42,33.21
ITEM_107097,ORD_24271,PROD_546,1,209.69,0.0
ITEM_107098,ORD_24272,PROD_511,1,295.08,0.0
ITEM_107099,ORD_24272,PROD_519,1,236.9,11.85
ITEM_107100,ORD_24272,PROD_553,1,123.16,6.16
ITEM_107101,ORD_24273,PROD_573,1,121.95,0.0
ITEM_107102,ORD_24273,PROD_568,1,116.17,11.62
ITEM_107103,ORD_24274,PROD_577,2,71.78,0.0
ITEM_107104,ORD_24275,PROD_526,1,212.22,0.0
ITEM_107105,ORD_24275,PROD_507,2,16.01,0.0
ITEM_107106,ORD_24275,PROD_528,2,17.95,0.0
ITEM_107107,ORD_24275,PROD_509,1,213.9,0.0
ITEM_107108,ORD_24276,PROD_549,1,112.15,0.0
ITEM_107109,ORD_24276,PROD_555,2,121.11,0.0
ITEM_107110,ORD_24276,PROD_521,1,141.39,0.0
ITEM_107111,ORD_24277,PROD_537,1,145.12,0.0
ITEM_107112,ORD_24278,PROD_545,2,246.78,0.0
ITEM_107113,ORD_24279,PROD_549,1,112.15,5.61
ITEM_107114,ORD_24280,PROD_515,2,189.61,0.0
ITEM_107115,ORD_24281,PROD_569,1,274.5,0.0
ITEM_107116,ORD_24282,PROD_521,1,141.39,0.0
ITEM_107117,ORD_24282,PROD_511,1,295.08,14.75
ITEM_107118,ORD_24282,PROD_560,1,88.9,0.0
ITEM_107119,ORD_24283,PROD_512,1,151.42,0.0
ITEM_107120,ORD_24283,PROD_554,1,309.23,0.0
ITEM_107121,ORD_24284,PROD_521,2,141.39,42.42
ITEM_107122,ORD_24285,PROD_522,1,209.52,0.0
ITEM_107123,ORD_24285,PROD_529,1,24.28,0.0
ITEM_107124,ORD_24285,PROD_561,1,375.16,0.0
ITEM_107125,ORD_24286,PROD_551,1,148.84,14.88
ITEM_107126,ORD_24287,PROD_576,1,75.48,0.0
ITEM_107127,ORD_24288,PROD_518,1,148.06,0.0
ITEM_107128,ORD_24288,PROD_557,1,170.75,17.07
ITEM_107129,ORD_24289,PROD_534,1,46.48,0.0
ITEM_107130,ORD_24289,PROD_555,1,121.11,0.0
ITEM_107131,ORD_24290,PROD_511,1,295.08,0.0
ITEM_107132,ORD_24291,PROD_568,3,116.17,34.85
ITEM_107133,ORD_24291,PROD_553,1,123.16,0.0
ITEM_107134,ORD_24292,PROD_530,1,142.79,14.28
ITEM_107135,ORD_24292,PROD_534,1,46.48,2.32
ITEM_107136,ORD_24293,PROD_524,1,116.66,0.0
ITEM_107137,ORD_24294,PROD_544,1,280.84,0.0
ITEM_107138,ORD_24294,PROD_564,1,77.5,0.0
ITEM_107139,ORD_24294,PROD_504,1,130.74,0.0
ITEM_107140,ORD_24295,PROD_512,1,151.42,7.57
ITEM_107141,ORD_24296,PROD_546,2,209.69,0.0
ITEM_107142,ORD_24297,PROD_568,1,116.17,5.81
ITEM_107143,ORD_24298,PROD_568,2,116.17,0.0
ITEM_107144,ORD_24299,PROD_546,1,209.69,10.48
ITEM_107145,ORD_24300,PROD_540,1,48.42,0.0
ITEM_107146,ORD_24300,PROD_541,1,137.54,0.0
ITEM_107147,ORD_24301,PROD_574,2,250.97,0.0
ITEM_107148,ORD_24301,PROD_506,1,240.11,12.01
ITEM_107149,ORD_24302,PROD_548,1,54.38,2.72
ITEM_107150,ORD_24303,PROD_551,2,148.84,0.0
ITEM_107151,ORD_24304,PROD_546,1,209.69,0.0
ITEM_107152,ORD_24304,PROD_511,1,295.08,0.0
ITEM_107153,ORD_24305,PROD_578,1,165.8,0.0
ITEM_107154,ORD_24305,PROD_543,2,313.64,94.09
ITEM_107155,ORD_24305,PROD_505,1,64.22,0.0
ITEM_107156,ORD_24305,PROD_512,1,151.42,0.0
ITEM_107157,ORD_24306,PROD_563,1,317.9,0.0
ITEM_107158,ORD_24306,PROD_517,1,232.38,0.0
ITEM_107159,ORD_24307,PROD_542,3,140.18,0.0
ITEM_107160,ORD_24307,PROD_535,1,36.04,0.0
ITEM_107161,ORD_24307,PROD_537,3,145.12,0.0
ITEM_107162,ORD_24307,PROD_553,1,123.16,0.0
ITEM_107163,ORD_24308,PROD_564,1,77.5,0.0
ITEM_107164,ORD_24309,PROD_545,1,246.78,12.34
ITEM_107165,ORD_24309,PROD_507,3,16.01,0.0
ITEM_107166,ORD_24310,PROD_517,1,232.38,0.0
ITEM_107167,ORD_24310,PROD_544,2,280.84,0.0
ITEM_107168,ORD_24310,PROD_563,1,317.9,0.0
ITEM_107169,ORD_24311,PROD_564,2,77.5,0.0
ITEM_107170,ORD_24311,PROD_504,2,130.74,39.22
ITEM_107171,ORD_24312,PROD_518,1,148.06,0.0
ITEM_107172,ORD_24313,PROD_561,1,375.16,0.0
ITEM_107173,ORD_24313,PROD_559,1,149.13,0.0
ITEM_107174,ORD_24314,PROD_514,2,255.83,25.58
ITEM_107175,ORD_24315,PROD_516,3,91.12,0.0
ITEM_107176,ORD_24315,PROD_564,1,77.5,11.62
ITEM_107177,ORD_24316,PROD_531,3,242.35,0.0
ITEM_107178,ORD_24317,PROD_565,1,16.38,0.0
ITEM_107179,ORD_24318,PROD_576,1,75.48,0.0
ITEM_107180,ORD_24319,PROD_507,1,16.01,0.0
ITEM_107181,ORD_24320,PROD_510,2,220.56,0.0
ITEM_107182,ORD_24321,PROD_524,1,116.66,0.0
ITEM_107183,ORD_24322,PROD_535,1,36.04,0.0
ITEM_107184,ORD_24323,PROD_571,2,211.74,0.0
ITEM_107185,ORD_24323,PROD_563,1,317.9,0.0
ITEM_107186,ORD_24323,PROD_566,1,250.95,37.64
ITEM_107187,ORD_24324,PROD_556,1,171.31,0.0
ITEM_107188,ORD_24325,PROD_505,1,64.22,0.0
ITEM_107189,ORD_24325,PROD_565,3,16.38,0.0
ITEM_107190,ORD_24326,PROD_563,1,317.9,0.0
ITEM_107191,ORD_24326,PROD_527,1,218.49,0.0
ITEM_107192,ORD_24326,PROD_577,2,71.78,0.0
ITEM_107193,ORD_24327,PROD_575,1,175.82,26.37
ITEM_107194,ORD_24327,PROD_580,2,221.1,0.0
ITEM_107195,ORD_24328,PROD_524,1,116.66,0.0
ITEM_107196,ORD_24329,PROD_573,1,121.95,0.0
ITEM_107197,ORD_24330,PROD_504,1,130.74,13.07
ITEM_107198,ORD_24331,PROD_509,1,213.9,10.7
ITEM_107199,ORD_24332,PROD_525,1,227.68,0.0
ITEM_107200,ORD_24333,PROD_553,1,123.16,0.0
ITEM_107201,ORD_24333,PROD_551,1,148.84,0.0
ITEM_107202,ORD_24334,PROD_571,2,211.74,0.0
ITEM_107203,ORD_24335,PROD_530,1,142.79,0.0
ITEM_107204,ORD_24336,PROD_518,1,148.06,0.0
ITEM_107205,ORD_24337,PROD_523,1,104.47,15.67
ITEM_107206,ORD_24338,PROD_537,1,145.12,0.0
ITEM_107207,ORD_24339,PROD_566,1,250.95,12.55
ITEM_107208,ORD_24340,PROD_514,3,255.83,0.0
ITEM_107209,ORD_24340,PROD_512,1,151.42,0.0
ITEM_107210,ORD_24341,PROD_568,1,116.17,11.62
ITEM_107211,ORD_24342,PROD_539,1,250.31,0.0
ITEM_107212,ORD_24342,PROD_510,1,220.56,11.03
ITEM_107213,ORD_24342,PROD_526,2,212.22,0.0
ITEM_107214,ORD_24343,PROD_575,1,175.82,0.0
ITEM_107215,ORD_24343,PROD_540,1,48.42,0.0
ITEM_107216,ORD_24343,PROD_573,1,121.95,0.0
ITEM_107217,ORD_24344,PROD_558,1,152.68,0.0
ITEM_107218,ORD_24345,PROD_556,1,171.31,0.0
ITEM_107219,ORD_24346,PROD_521,1,141.39,14.14
ITEM_107220,ORD_24347,PROD_519,1,236.9,0.0
ITEM_107221,ORD_24348,PROD_546,2,209.69,20.97
ITEM_107222,ORD_24348,PROD_522,1,209.52,0.0
ITEM_107223,ORD_24349,PROD_563,1,317.9,15.89
ITEM_107224,ORD_24349,PROD_510,1,220.56,0.0
ITEM_107225,ORD_24350,PROD_508,1,312.13,0.0
ITEM_107226,ORD_24350,PROD_518,1,148.06,0.0
ITEM_107227,ORD_24350,PROD_510,2,220.56,0.0
ITEM_107228,ORD_24350,PROD_550,1,19.6,0.0
ITEM_107229,ORD_24351,PROD_536,1,242.17,0.0
ITEM_107230,ORD_24352,PROD_552,1,157.7,0.0
ITEM_107231,ORD_24352,PROD_576,1,75.48,0.0
ITEM_107232,ORD_24352,PROD_527,2,218.49,0.0
ITEM_107233,ORD_24353,PROD_549,1,112.15,0.0
ITEM_107234,ORD_24353,PROD_513,1,126.72,0.0
ITEM_107235,ORD_24354,PROD_549,1,112.15,16.82
ITEM_107236,ORD_24355,PROD_543,1,313.64,15.68
ITEM_107237,ORD_24355,PROD_565,1,16.38,0.0
ITEM_107238,ORD_24356,PROD_530,1,142.79,14.28
ITEM_107239,ORD_24356,PROD_576,2,75.48,15.1
ITEM_107240,ORD_24357,PROD_542,1,140.18,0.0
ITEM_107241,ORD_24358,PROD_527,1,218.49,0.0
ITEM_107242,ORD_24359,PROD_523,1,104.47,5.22
ITEM_107243,ORD_24359,PROD_530,1,142.79,21.42
ITEM_107244,ORD_24360,PROD_537,1,145.12,14.51
ITEM_107245,ORD_24360,PROD_505,1,64.22,0.0
ITEM_107246,ORD_24360,PROD_519,2,236.9,23.69
ITEM_107247,ORD_24360,PROD_570,1,85.34,8.53
ITEM_107248,ORD_24361,PROD_552,1,157.7,15.77
ITEM_107249,ORD_24361,PROD_549,1,112.15,0.0
ITEM_107250,ORD_24362,PROD_523,2,104.47,0.0
ITEM_107251,ORD_24363,PROD_542,1,140.18,0.0
ITEM_107252,ORD_24363,PROD_564,1,77.5,7.75
ITEM_107253,ORD_24363,PROD_517,3,232.38,0.0
ITEM_107254,ORD_24364,PROD_510,1,220.56,22.06
ITEM_107255,ORD_24364,PROD_548,1,54.38,0.0
ITEM_107256,ORD_24365,PROD_563,1,317.9,0.0
ITEM_107257,ORD_24365,PROD_577,1,71.78,0.0
ITEM_107258,ORD_24366,PROD_506,1,240.11,0.0
ITEM_107259,ORD_24366,PROD_548,1,54.38,2.72
ITEM_107260,ORD_24367,PROD_547,1,20.21,0.0
ITEM_107261,ORD_24368,PROD_505,1,64.22,0.0
ITEM_107262,ORD_24368,PROD_509,1,213.9,0.0
ITEM_107263,ORD_24368,PROD_574,1,250.97,25.1
ITEM_107264,ORD_24369,PROD_523,2,104.47,0.0
ITEM_107265,ORD_24369,PROD_570,1,85.34,0.0
ITEM_107266,ORD_24369,PROD_536,2,242.17,0.0
ITEM_107267,ORD_24370,PROD_550,1,19.6,0.0
ITEM_107268,ORD_24370,PROD_545,1,246.78,0.0
ITEM_107269,ORD_24370,PROD_540,1,48.42,0.0
ITEM_107270,ORD_24371,PROD_551,1,148.84,7.44
ITEM_107271,ORD_24371,PROD_543,1,313.64,31.36
ITEM_107272,ORD_24372,PROD_549,1,112.15,11.22
ITEM_107273,ORD_24373,PROD_551,1,148.84,14.88
ITEM_107274,ORD_24374,PROD_561,3,375.16,168.82
ITEM_107275,ORD_24375,PROD_571,1,211.74,0.0
ITEM_107276,ORD_24376,PROD_570,1,85.34,0.0
ITEM_107277,ORD_24377,PROD_532,1,272.35,0.0
ITEM_107278,ORD_24377,PROD_570,1,85.34,0.0
ITEM_107279,ORD_24378,PROD_535,1,36.04,1.8
ITEM_107280,ORD_24379,PROD_580,1,221.1,0.0
ITEM_107281,ORD_24380,PROD_563,1,317.9,0.0
ITEM_107282,ORD_24381,PROD_532,1,272.35,0.0
ITEM_107283,ORD_24381,PROD_552,1,157.7,0.0
ITEM_107284,ORD_24382,PROD_516,2,91.12,0.0
ITEM_107285,ORD_24382,PROD_541,1,137.54,0.0
ITEM_107286,ORD_24383,PROD_516,1,91.12,0.0
ITEM_107287,ORD_24384,PROD_556,3,171.31,0.0
ITEM_107288,ORD_24384,PROD_517,1,232.38,0.0
ITEM_107289,ORD_24385,PROD_505,1,64.22,0.0
ITEM_107290,ORD_24386,PROD_537,1,145.12,0.0
ITEM_107291,ORD_24387,PROD_531,1,242.35,0.0
ITEM_107292,ORD_24387,PROD_546,3,209.69,0.0
ITEM_107293,ORD_24387,PROD_507,1,16.01,1.6
ITEM_107294,ORD_24388,PROD_510,1,220.56,0.0
ITEM_107295,ORD_24389,PROD_506,3,240.11,0.0
ITEM_107296,ORD_24390,PROD_539,1,250.31,0.0
ITEM_107297,ORD_24391,PROD_525,1,227.68,0.0
ITEM_107298,ORD_24392,PROD_559,1,149.13,0.0
ITEM_107299,ORD_24393,PROD_575,3,175.82,0.0
ITEM_107300,ORD_24393,PROD_560,2,88.9,17.78
ITEM_107301,ORD_24394,PROD_557,1,170.75,17.07
ITEM_107302,ORD_24394,PROD_505,1,64.22,0.0
ITEM_107303,ORD_24394,PROD_554,1,309.23,15.46
ITEM_107304,ORD_24394,PROD_578,1,165.8,0.0
ITEM_107305,ORD_24395,PROD_513,1,126.72,0.0
ITEM_107306,ORD_24395,PROD_579,1,221.42,33.21
ITEM_107307,ORD_24396,PROD_543,1,313.64,31.36
ITEM_107308,ORD_24396,PROD_576,2,75.48,0.0
ITEM_107309,ORD_24397,PROD_569,2,274.5,27.45
ITEM_107310,ORD_24398,PROD_568,3,116.17,0.0
ITEM_107311,ORD_24398,PROD_504,1,130.74,6.54
ITEM_107312,ORD_24398,PROD_578,1,165.8,0.0
ITEM_107313,ORD_24399,PROD_578,1,165.8,8.29
ITEM_107314,ORD_24400,PROD_548,1,54.38,0.0
ITEM_107315,ORD_24401,PROD_577,1,71.78,10.77
ITEM_107316,ORD_24402,PROD_578,1,165.8,0.0
ITEM_107317,ORD_24403,PROD_576,2,75.48,0.0
ITEM_107318,ORD_24403,PROD_544,1,280.84,28.08
ITEM_107319,ORD_24404,PROD_512,1,151.42,0.0
ITEM_107320,ORD_24404,PROD_578,1,165.8,8.29
ITEM_107321,ORD_24405,PROD_521,1,141.39,0.0
ITEM_107322,ORD_24405,PROD_564,2,77.5,0.0
ITEM_107323,ORD_24406,PROD_523,3,104.47,0.0
ITEM_107324,ORD_24406,PROD_545,1,246.78,0.0
ITEM_107325,ORD_24407,PROD_535,1,36.04,0.0
ITEM_107326,ORD_24407,PROD_527,1,218.49,0.0
ITEM_107327,ORD_24408,PROD_564,1,77.5,0.0
ITEM_107328,ORD_24409,PROD_540,3,48.42,0.0
ITEM_107329,ORD_24410,PROD_509,1,213.9,21.39
ITEM_107330,ORD_24411,PROD_501,1,199.67,19.97
ITEM_107331,ORD_24411,PROD_545,2,246.78,0.0
ITEM_107332,ORD_24412,PROD_521,1,141.39,0.0
ITEM_107333,ORD_24412,PROD_573,1,121.95,0.0
ITEM_107334,ORD_24413,PROD_573,2,121.95,0.0
ITEM_107335,ORD_24413,PROD_570,2,85.34,0.0
ITEM_107336,ORD_24414,PROD_530,2,142.79,0.0
ITEM_107337,ORD_24414,PROD_524,2,116.66,11.67
ITEM_107338,ORD_24415,PROD_501,1,199.67,0.0
ITEM_107339,ORD_24415,PROD_538,1,153.61,0.0
ITEM_107340,ORD_24416,PROD_514,2,255.83,25.58
ITEM_107341,ORD_24417,PROD_563,1,317.9,0.0
ITEM_107342,ORD_24417,PROD_561,1,375.16,18.76
ITEM_107343,ORD_24418,PROD_509,2,213.9,21.39
ITEM_107344,ORD_24419,PROD_538,2,153.61,0.0
ITEM_107345,ORD_24420,PROD_514,1,255.83,25.58
ITEM_107346,ORD_24421,PROD_571,1,211.74,21.17
ITEM_107347,ORD_24422,PROD_558,1,152.68,0.0
ITEM_107348,ORD_24423,PROD_552,1,157.7,0.0
ITEM_107349,ORD_24423,PROD_502,2,242.11,24.21
ITEM_107350,ORD_24424,PROD_549,1,112.15,11.22
ITEM_107351,ORD_24424,PROD_540,3,48.42,21.79
ITEM_107352,ORD_24424,PROD_531,1,242.35,12.12
ITEM_107353,ORD_24425,PROD_511,2,295.08,0.0
ITEM_107354,ORD_24426,PROD_532,1,272.35,0.0
ITEM_107355,ORD_24427,PROD_572,3,144.07,0.0
ITEM_107356,ORD_24428,PROD_574,1,250.97,12.55
ITEM_107357,ORD_24429,PROD_519,2,236.9,47.38
ITEM_107358,ORD_24430,PROD_503,2,157.89,31.58
ITEM_107359,ORD_24430,PROD_514,2,255.83,51.17
ITEM_107360,ORD_24431,PROD_561,1,375.16,0.0
ITEM_107361,ORD_24431,PROD_541,2,137.54,0.0
ITEM_107362,ORD_24431,PROD_551,1,148.84,0.0
ITEM_107363,ORD_24432,PROD_568,1,116.17,0.0
ITEM_107364,ORD_24433,PROD_551,1,148.84,0.0
ITEM_107365,ORD_24433,PROD_549,2,112.15,0.0
ITEM_107366,ORD_24433,PROD_516,2,91.12,0.0
ITEM_107367,ORD_24434,PROD_572,1,144.07,0.0
ITEM_107368,ORD_24435,PROD_536,2,242.17,0.0
ITEM_107369,ORD_24436,PROD_559,1,149.13,0.0
ITEM_107370,ORD_24437,PROD_543,1,313.64,0.0
ITEM_107371,ORD_24437,PROD_516,1,91.12,0.0
ITEM_107372,ORD_24438,PROD_561,1,375.16,0.0
ITEM_107373,ORD_24439,PROD_522,1,209.52,0.0
ITEM_107374,ORD_24439,PROD_573,2,121.95,24.39
ITEM_107375,ORD_24440,PROD_530,3,142.79,0.0
ITEM_107376,ORD_24441,PROD_533,1,161.57,16.16
ITEM_107377,ORD_24441,PROD_523,2,104.47,0.0
ITEM_107378,ORD_24441,PROD_524,1,116.66,11.67
ITEM_107379,ORD_24442,PROD_540,1,48.42,4.84
ITEM_107380,ORD_24442,PROD_554,1,309.23,0.0
ITEM_107381,ORD_24443,PROD_546,1,209.69,0.0
ITEM_107382,ORD_24444,PROD_553,2,123.16,0.0
ITEM_107383,ORD_24445,PROD_538,1,153.61,0.0
ITEM_107384,ORD_24446,PROD_580,1,221.1,22.11
ITEM_107385,ORD_24447,PROD_561,1,375.16,0.0
ITEM_107386,ORD_24447,PROD_570,1,85.34,4.27
ITEM_107387,ORD_24447,PROD_545,2,246.78,0.0
ITEM_107388,ORD_24448,PROD_561,2,375.16,37.52
ITEM_107389,ORD_24448,PROD_548,1,54.38,0.0
ITEM_107390,ORD_24449,PROD_566,1,250.95,12.55
ITEM_107391,ORD_24450,PROD_543,2,313.64,94.09
ITEM_107392,ORD_24451,PROD_560,1,88.9,0.0
ITEM_107393,ORD_24452,PROD_562,1,225.46,0.0
ITEM_107394,ORD_24453,PROD_514,2,255.83,0.0
ITEM_107395,ORD_24453,PROD_511,2,295.08,0.0
ITEM_107396,ORD_24453,PROD_575,1,175.82,0.0
ITEM_107397,ORD_24453,PROD_576,1,75.48,7.55
ITEM_107398,ORD_24454,PROD_542,1,140.18,21.03
ITEM_107399,ORD_24455,PROD_530,1,142.79,0.0
ITEM_107400,ORD_24455,PROD_523,1,104.47,5.22
ITEM_107401,ORD_24455,PROD_509,1,213.9,0.0
ITEM_107402,ORD_24456,PROD_570,1,85.34,0.0
ITEM_107403,ORD_24457,PROD_575,1,175.82,0.0
ITEM_107404,ORD_24457,PROD_579,1,221.42,0.0
ITEM_107405,ORD_24458,PROD_515,1,189.61,0.0
ITEM_107406,ORD_24459,PROD_543,2,313.64,0.0
ITEM_107407,ORD_24459,PROD_518,1,148.06,0.0
ITEM_107408,ORD_24459,PROD_553,1,123.16,6.16
ITEM_107409,ORD_24460,PROD_555,2,121.11,0.0
ITEM_107410,ORD_24460,PROD_510,1,220.56,0.0
ITEM_107411,ORD_24460,PROD_557,1,170.75,0.0
ITEM_107412,ORD_24461,PROD_501,1,199.67,0.0
ITEM_107413,ORD_24462,PROD_579,1,221.42,11.07
ITEM_107414,ORD_24462,PROD_508,1,312.13,46.82
ITEM_107415,ORD_24462,PROD_528,2,17.95,0.0
ITEM_107416,ORD_24463,PROD_529,1,24.28,1.21
ITEM_107417,ORD_24464,PROD_563,2,317.9,0.0
ITEM_107418,ORD_24465,PROD_536,2,242.17,0.0
ITEM_107419,ORD_24466,PROD_569,1,274.5,0.0
ITEM_107420,ORD_24467,PROD_522,1,209.52,10.48
ITEM_107421,ORD_24468,PROD_524,1,116.66,5.83
ITEM_107422,ORD_24468,PROD_522,1,209.52,0.0
ITEM_107423,ORD_24468,PROD_514,2,255.83,0.0
ITEM_107424,ORD_24469,PROD_579,1,221.42,0.0
ITEM_107425,ORD_24470,PROD_535,2,36.04,0.0
ITEM_107426,ORD_24471,PROD_529,1,24.28,0.0
ITEM_107427,ORD_24472,PROD_549,1,112.15,0.0
ITEM_107428,ORD_24473,PROD_543,1,313.64,0.0
ITEM_107429,ORD_24473,PROD_526,1,212.22,0.0
ITEM_107430,ORD_24474,PROD_526,1,212.22,0.0
ITEM_107431,ORD_24474,PROD_522,1,209.52,0.0
ITEM_107432,ORD_24475,PROD_547,1,20.21,0.0
ITEM_107433,ORD_24475,PROD_553,3,123.16,0.0
ITEM_107434,ORD_24475,PROD_515,1,189.61,0.0
ITEM_107435,ORD_24475,PROD_532,1,272.35,27.24
ITEM_107436,ORD_24476,PROD_551,1,148.84,14.88
ITEM_107437,ORD_24476,PROD_565,1,16.38,0.0
ITEM_107438,ORD_24477,PROD_510,1,220.56,22.06
ITEM_107439,ORD_24478,PROD_574,1,250.97,0.0
ITEM_107440,ORD_24479,PROD_504,3,130.74,0.0
ITEM_107441,ORD_24480,PROD_542,1,140.18,0.0
ITEM_107442,ORD_24481,PROD_559,2,149.13,0.0
ITEM_107443,ORD_24481,PROD_501,2,199.67,19.97
ITEM_107444,ORD_24481,PROD_530,1,142.79,0.0
ITEM_107445,ORD_24482,PROD_506,1,240.11,0.0
ITEM_107446,ORD_24483,PROD_506,3,240.11,0.0
ITEM_107447,ORD_24484,PROD_580,1,221.1,0.0
ITEM_107448,ORD_24484,PROD_563,1,317.9,47.68
ITEM_107449,ORD_24485,PROD_550,1,19.6,0.98
ITEM_107450,ORD_24486,PROD_541,1,137.54,0.0
ITEM_107451,ORD_24486,PROD_548,1,54.38,0.0
ITEM_107452,ORD_24486,PROD_570,1,85.34,0.0
ITEM_107453,ORD_24486,PROD_505,2,64.22,0.0
ITEM_107454,ORD_24487,PROD_507,1,16.01,0.8
ITEM_107455,ORD_24487,PROD_525,2,227.68,0.0
ITEM_107456,ORD_24488,PROD_504,2,130.74,13.07
ITEM_107457,ORD_24488,PROD_569,1,274.5,0.0
ITEM_107458,ORD_24489,PROD_547,1,20.21,2.02
ITEM_107459,ORD_24489,PROD_573,1,121.95,6.1
ITEM_107460,ORD_24489,PROD_529,1,24.28,0.0
ITEM_107461,ORD_24490,PROD_530,2,142.79,0.0
ITEM_107462,ORD_24491,PROD_509,1,213.9,10.7
ITEM_107463,ORD_24491,PROD_518,1,148.06,0.0
ITEM_107464,ORD_24491,PROD_532,1,272.35,0.0
ITEM_107465,ORD_24491,PROD_559,1,149.13,0.0
ITEM_107466,ORD_24492,PROD_537,3,145.12,21.77
ITEM_107467,ORD_24493,PROD_550,1,19.6,1.96
ITEM_107468,ORD_24493,PROD_572,2,144.07,0.0
ITEM_107469,ORD_24494,PROD_569,1,274.5,0.0
ITEM_107470,ORD_24495,PROD_536,1,242.17,0.0
ITEM_107471,ORD_24496,PROD_566,1,250.95,0.0
ITEM_107472,ORD_24497,PROD_579,1,221.42,0.0
ITEM_107473,ORD_24497,PROD_538,1,153.61,0.0
ITEM_107474,ORD_24497,PROD_513,1,126.72,12.67
ITEM_107475,ORD_24498,PROD_574,1,250.97,0.0
ITEM_107476,ORD_24499,PROD_557,1,170.75,8.54
ITEM_107477,ORD_24499,PROD_504,1,130.74,6.54
ITEM_107478,ORD_24500,PROD_512,1,151.42,0.0
ITEM_107479,ORD_24500,PROD_556,1,171.31,0.0
ITEM_107480,ORD_24501,PROD_529,3,24.28,3.64
ITEM_107481,ORD_24502,PROD_526,1,212.22,0.0
ITEM_107482,ORD_24502,PROD_510,1,220.56,0.0
ITEM_107483,ORD_24502,PROD_547,1,20.21,0.0
ITEM_107484,ORD_24503,PROD_544,1,280.84,0.0
ITEM_107485,ORD_24503,PROD_529,1,24.28,0.0
ITEM_107486,ORD_24503,PROD_542,1,140.18,14.02
ITEM_107487,ORD_24504,PROD_534,1,46.48,0.0
ITEM_107488,ORD_24505,PROD_558,1,152.68,0.0
ITEM_107489,ORD_24505,PROD_505,2,64.22,0.0
ITEM_107490,ORD_24506,PROD_537,2,145.12,43.54
ITEM_107491,ORD_24507,PROD_506,1,240.11,0.0
ITEM_107492,ORD_24508,PROD_544,1,280.84,0.0
ITEM_107493,ORD_24509,PROD_565,1,16.38,0.0
ITEM_107494,ORD_24510,PROD_502,1,242.11,0.0
ITEM_107495,ORD_24510,PROD_553,1,123.16,0.0
ITEM_107496,ORD_24511,PROD_523,1,104.47,0.0
ITEM_107497,ORD_24511,PROD_566,1,250.95,0.0
ITEM_107498,ORD_24511,PROD_555,1,121.11,0.0
ITEM_107499,ORD_24511,PROD_502,2,242.11,0.0
ITEM_107500,ORD_24512,PROD_553,1,123.16,0.0
ITEM_107501,ORD_24513,PROD_537,2,145.12,0.0
ITEM_107502,ORD_24514,PROD_570,2,85.34,0.0
ITEM_107503,ORD_24514,PROD_536,2,242.17,0.0
ITEM_107504,ORD_24515,PROD_539,1,250.31,25.03
ITEM_107505,ORD_24516,PROD_561,1,375.16,18.76
ITEM_107506,ORD_24516,PROD_579,1,221.42,11.07
ITEM_107507,ORD_24517,PROD_549,1,112.15,0.0
ITEM_107508,ORD_24518,PROD_542,1,140.18,0.0
ITEM_107509,ORD_24519,PROD_532,1,272.35,13.62
ITEM_107510,ORD_24520,PROD_548,1,54.38,5.44
ITEM_107511,ORD_24521,PROD_527,1,218.49,21.85
ITEM_107512,ORD_24521,PROD_557,1,170.75,0.0
ITEM_107513,ORD_24522,PROD_520,1,74.25,0.0
ITEM_107514,ORD_24523,PROD_530,2,142.79,14.28
ITEM_107515,ORD_24524,PROD_561,2,375.16,0.0
ITEM_107516,ORD_24525,PROD_559,2,149.13,0.0
ITEM_107517,ORD_24526,PROD_525,1,227.68,0.0
ITEM_107518,ORD_24526,PROD_527,2,218.49,0.0
ITEM_107519,ORD_24527,PROD_505,1,64.22,0.0
ITEM_107520,ORD_24528,PROD_577,2,71.78,7.18
ITEM_107521,ORD_24529,PROD_560,1,88.9,4.45
ITEM_107522,ORD_24529,PROD_566,1,250.95,0.0
ITEM_107523,ORD_24529,PROD_572,1,144.07,0.0
ITEM_107524,ORD_24530,PROD_554,1,309.23,15.46
ITEM_107525,ORD_24530,PROD_530,1,142.79,0.0
ITEM_107526,ORD_24531,PROD_525,1,227.68,22.77
ITEM_107527,ORD_24531,PROD_514,1,255.83,38.37
ITEM_107528,ORD_24531,PROD_575,1,175.82,0.0
ITEM_107529,ORD_24532,PROD_570,2,85.34,0.0
ITEM_107530,ORD_24532,PROD_537,1,145.12,0.0
ITEM_107531,ORD_24532,PROD_579,2,221.42,0.0
ITEM_107532,ORD_24532,PROD_556,1,171.31,0.0
ITEM_107533,ORD_24533,PROD_526,2,212.22,0.0
ITEM_107534,ORD_24533,PROD_552,1,157.7,0.0
ITEM_107535,ORD_24533,PROD_578,1,165.8,0.0
ITEM_107536,ORD_24534,PROD_523,2,104.47,0.0
ITEM_107537,ORD_24534,PROD_555,1,121.11,0.0
ITEM_107538,ORD_24535,PROD_513,1,126.72,0.0
ITEM_107539,ORD_24536,PROD_533,2,161.57,32.31
ITEM_107540,ORD_24537,PROD_551,1,148.84,7.44
ITEM_107541,ORD_24538,PROD_549,1,112.15,0.0
ITEM_107542,ORD_24538,PROD_580,1,221.1,22.11
ITEM_107543,ORD_24539,PROD_577,1,71.78,0.0
ITEM_107544,ORD_24539,PROD_542,2,140.18,0.0
ITEM_107545,ORD_24540,PROD_561,1,375.16,56.27
ITEM_107546,ORD_24540,PROD_501,3,199.67,0.0
ITEM_107547,ORD_24541,PROD_546,1,209.69,0.0
ITEM_107548,ORD_24541,PROD_524,1,116.66,0.0
ITEM_107549,ORD_24542,PROD_516,1,91.12,0.0
ITEM_107550,ORD_24543,PROD_537,1,145.12,0.0
ITEM_107551,ORD_24544,PROD_570,1,85.34,4.27
ITEM_107552,ORD_24545,PROD_556,1,171.31,0.0
ITEM_107553,ORD_24546,PROD_555,1,121.11,0.0
ITEM_107554,ORD_24547,PROD_578,1,165.8,16.58
ITEM_107555,ORD_24548,PROD_514,1,255.83,0.0
ITEM_107556,ORD_24549,PROD_571,3,211.74,0.0
ITEM_107557,ORD_24550,PROD_538,1,153.61,0.0
ITEM_107558,ORD_24551,PROD_561,3,375.16,0.0
ITEM_107559,ORD_24552,PROD_514,1,255.83,0.0
ITEM_107560,ORD_24552,PROD_532,1,272.35,0.0
ITEM_107561,ORD_24553,PROD_531,1,242.35,12.12
ITEM_107562,ORD_24553,PROD_574,2,250.97,0.0
ITEM_107563,ORD_24554,PROD_547,2,20.21,4.04
ITEM_107564,ORD_24554,PROD_525,1,227.68,11.38
ITEM_107565,ORD_24555,PROD_536,1,242.17,24.22
ITEM_107566,ORD_24555,PROD_573,1,121.95,0.0
ITEM_107567,ORD_24556,PROD_515,1,189.61,0.0
ITEM_107568,ORD_24557,PROD_560,1,88.9,0.0
ITEM_107569,ORD_24558,PROD_570,2,85.34,0.0
ITEM_107570,ORD_24558,PROD_540,2,48.42,14.53
ITEM_107571,ORD_24559,PROD_571,1,211.74,0.0
ITEM_107572,ORD_24560,PROD_561,1,375.16,0.0
ITEM_107573,ORD_24561,PROD_533,1,161.57,8.08
ITEM_107574,ORD_24562,PROD_504,1,130.74,0.0
ITEM_107575,ORD_24562,PROD_545,1,246.78,37.02
ITEM_107576,ORD_24562,PROD_535,2,36.04,0.0
ITEM_107577,ORD_24563,PROD_507,1,16.01,0.0
ITEM_107578,ORD_24564,PROD_580,3,221.1,0.0
ITEM_107579,ORD_24565,PROD_519,3,236.9,0.0
ITEM_107580,ORD_24566,PROD_557,2,170.75,34.15
ITEM_107581,ORD_24567,PROD_544,1,280.84,0.0
ITEM_107582,ORD_24568,PROD_549,1,112.15,0.0
ITEM_107583,ORD_24569,PROD_534,1,46.48,0.0
ITEM_107584,ORD_24569,PROD_572,1,144.07,0.0
ITEM_107585,ORD_24569,PROD_503,1,157.89,0.0
ITEM_107586,ORD_24569,PROD_579,1,221.42,11.07
ITEM_107587,ORD_24570,PROD_542,1,140.18,7.01
ITEM_107588,ORD_24570,PROD_537,2,145.12,29.02
ITEM_107589,ORD_24570,PROD_502,1,242.11,0.0
ITEM_107590,ORD_24571,PROD_572,2,144.07,0.0
ITEM_107591,ORD_24572,PROD_575,2,175.82,0.0
ITEM_107592,ORD_24572,PROD_525,1,227.68,11.38
ITEM_107593,ORD_24573,PROD_571,3,211.74,0.0
ITEM_107594,ORD_24574,PROD_521,1,141.39,0.0
ITEM_107595,ORD_24575,PROD_530,1,142.79,0.0
ITEM_107596,ORD_24575,PROD_536,1,242.17,0.0
ITEM_107597,ORD_24575,PROD_538,1,153.61,15.36
ITEM_107598,ORD_24575,PROD_567,2,103.84,10.38
ITEM_107599,ORD_24576,PROD_547,3,20.21,0.0
ITEM_107600,ORD_24576,PROD_539,1,250.31,0.0
ITEM_107601,ORD_24576,PROD_560,1,88.9,0.0
ITEM_107602,ORD_24577,PROD_557,2,170.75,0.0
ITEM_107603,ORD_24577,PROD_552,1,157.7,0.0
ITEM_107604,ORD_24578,PROD_524,1,116.66,0.0
ITEM_107605,ORD_24579,PROD_548,1,54.38,5.44
ITEM_107606,ORD_24579,PROD_545,1,246.78,0.0
ITEM_107607,ORD_24580,PROD_567,1,103.84,0.0
ITEM_107608,ORD_24581,PROD_527,2,218.49,0.0
ITEM_107609,ORD_24581,PROD_557,3,170.75,76.84
ITEM_107610,ORD_24582,PROD_575,1,175.82,0.0
ITEM_107611,ORD_24582,PROD_531,2,242.35,0.0
ITEM_107612,ORD_24583,PROD_506,1,240.11,0.0
ITEM_107613,ORD_24584,PROD_506,1,240.11,0.0
ITEM_107614,ORD_24584,PROD_549,1,112.15,0.0
ITEM_107615,ORD_24584,PROD_509,1,213.9,10.7
ITEM_107616,ORD_24585,PROD_523,2,104.47,0.0
ITEM_107617,ORD_24586,PROD_516,1,91.12,0.0
ITEM_107618,ORD_24586,PROD_537,1,145.12,7.26
ITEM_107619,ORD_24587,PROD_559,2,149.13,0.0
ITEM_107620,ORD_24588,PROD_573,1,121.95,0.0
ITEM_107621,ORD_24588,PROD_552,1,157.7,7.88
ITEM_107622,ORD_24589,PROD_547,1,20.21,0.0
ITEM_107623,ORD_24590,PROD_547,1,20.21,2.02
ITEM_107624,ORD_24590,PROD_546,1,209.69,0.0
ITEM_107625,ORD_24591,PROD_524,1,116.66,17.5
ITEM_107626,ORD_24592,PROD_540,2,48.42,4.84
ITEM_107627,ORD_24592,PROD_510,1,220.56,0.0
ITEM_107628,ORD_24592,PROD_565,1,16.38,0.0
ITEM_107629,ORD_24593,PROD_513,1,126.72,0.0
ITEM_107630,ORD_24594,PROD_563,1,317.9,31.79
ITEM_107631,ORD_24595,PROD_507,1,16.01,0.0
ITEM_107632,ORD_24595,PROD_555,1,121.11,12.11
ITEM_107633,ORD_24596,PROD_501,1,199.67,0.0
ITEM_107634,ORD_24596,PROD_509,1,213.9,0.0
ITEM_107635,ORD_24596,PROD_522,2,209.52,0.0
ITEM_107636,ORD_24596,PROD_557,1,170.75,8.54
ITEM_107637,ORD_24597,PROD_523,1,104.47,5.22
ITEM_107638,ORD_24598,PROD_544,2,280.84,0.0
ITEM_107639,ORD_24598,PROD_570,1,85.34,0.0
ITEM_107640,ORD_24598,PROD_555,2,121.11,0.0
ITEM_107641,ORD_24599,PROD_512,2,151.42,0.0
ITEM_107642,ORD_24600,PROD_510,2,220.56,0.0
ITEM_107643,ORD_24600,PROD_568,1,116.17,0.0
ITEM_107644,ORD_24601,PROD_547,2,20.21,0.0
ITEM_107645,ORD_24602,PROD_512,1,151.42,0.0
ITEM_107646,ORD_24603,PROD_557,1,170.75,8.54
ITEM_107647,ORD_24604,PROD_557,1,170.75,0.0
ITEM_107648,ORD_24605,PROD_537,1,145.12,0.0
ITEM_107649,ORD_24605,PROD_556,1,171.31,17.13
ITEM_107650,ORD_24605,PROD_548,1,54.38,2.72
ITEM_107651,ORD_24606,PROD_565,1,16.38,0.0
ITEM_107652,ORD_24606,PROD_528,2,17.95,0.0
ITEM_107653,ORD_24606,PROD_575,1,175.82,8.79
ITEM_107654,ORD_24606,PROD_523,1,104.47,0.0
ITEM_107655,ORD_24607,PROD_516,2,91.12,0.0
ITEM_107656,ORD_24607,PROD_501,1,199.67,9.98
ITEM_107657,ORD_24608,PROD_571,1,211.74,21.17
ITEM_107658,ORD_24609,PROD_509,1,213.9,32.09
ITEM_107659,ORD_24609,PROD_544,2,280.84,0.0
ITEM_107660,ORD_24609,PROD_503,1,157.89,0.0
ITEM_107661,ORD_24610,PROD_503,3,157.89,0.0
ITEM_107662,ORD_24610,PROD_524,1,116.66,0.0
ITEM_107663,ORD_24611,PROD_516,2,91.12,0.0
ITEM_107664,ORD_24612,PROD_504,1,130.74,0.0
ITEM_107665,ORD_24613,PROD_568,1,116.17,5.81
ITEM_107666,ORD_24614,PROD_546,2,209.69,0.0
ITEM_107667,ORD_24615,PROD_566,1,250.95,37.64
ITEM_107668,ORD_24616,PROD_522,1,209.52,0.0
ITEM_107669,ORD_24617,PROD_541,1,137.54,0.0
ITEM_107670,ORD_24618,PROD_531,1,242.35,0.0
ITEM_107671,ORD_24619,PROD_517,1,232.38,0.0
ITEM_107672,ORD_24620,PROD_531,1,242.35,0.0
ITEM_107673,ORD_24621,PROD_526,1,212.22,0.0
ITEM_107674,ORD_24622,PROD_532,1,272.35,0.0
ITEM_107675,ORD_24623,PROD_558,2,152.68,30.54
ITEM_107676,ORD_24623,PROD_536,1,242.17,0.0
ITEM_107677,ORD_24624,PROD_530,3,142.79,0.0
ITEM_107678,ORD_24625,PROD_505,1,64.22,0.0
ITEM_107679,ORD_24626,PROD_508,1,312.13,0.0
ITEM_107680,ORD_24626,PROD_580,1,221.1,0.0
ITEM_107681,ORD_24626,PROD_515,1,189.61,0.0
ITEM_107682,ORD_24627,PROD_543,1,313.64,0.0
ITEM_107683,ORD_24627,PROD_523,1,104.47,10.45
ITEM_107684,ORD_24628,PROD_550,1,19.6,0.0
ITEM_107685,ORD_24628,PROD_507,1,16.01,0.0
ITEM_107686,ORD_24629,PROD_506,2,240.11,0.0
ITEM_107687,ORD_24630,PROD_501,2,199.67,0.0
ITEM_107688,ORD_24631,PROD_551,1,148.84,14.88
ITEM_107689,ORD_24632,PROD_510,1,220.56,0.0
ITEM_107690,ORD_24632,PROD_536,1,242.17,0.0
ITEM_107691,ORD_24632,PROD_504,2,130.74,0.0
ITEM_107692,ORD_24632,PROD_539,1,250.31,0.0
ITEM_107693,ORD_24633,PROD_573,1,121.95,0.0
ITEM_107694,ORD_24633,PROD_540,1,48.42,0.0
ITEM_107695,ORD_24633,PROD_548,2,54.38,10.88
ITEM_107696,ORD_24634,PROD_556,2,171.31,17.13
ITEM_107697,ORD_24635,PROD_561,1,375.16,0.0
ITEM_107698,ORD_24635,PROD_520,1,74.25,11.14
ITEM_107699,ORD_24636,PROD_577,2,71.78,7.18
ITEM_107700,ORD_24637,PROD_538,1,153.61,0.0
ITEM_107701,ORD_24637,PROD_552,2,157.7,0.0
ITEM_107702,ORD_24638,PROD_568,1,116.17,0.0
ITEM_107703,ORD_24639,PROD_561,1,375.16,0.0
ITEM_107704,ORD_24640,PROD_515,1,189.61,0.0
ITEM_107705,ORD_24640,PROD_572,1,144.07,0.0
ITEM_107706,ORD_24641,PROD_513,1,126.72,0.0
ITEM_107707,ORD_24641,PROD_561,2,375.16,112.55
ITEM_107708,ORD_24641,PROD_549,1,112.15,0.0
ITEM_107709,ORD_24642,PROD_524,2,116.66,0.0
ITEM_107710,ORD_24642,PROD_567,1,103.84,10.38
ITEM_107711,ORD_24642,PROD_520,2,74.25,7.43
ITEM_107712,ORD_24642,PROD_526,1,212.22,10.61
ITEM_107713,ORD_24643,PROD_524,2,116.66,0.0
ITEM_107714,ORD_24643,PROD_517,1,232.38,0.0
ITEM_107715,ORD_24643,PROD_540,1,48.42,0.0
ITEM_107716,ORD_24644,PROD_506,2,240.11,24.01
ITEM_107717,ORD_24644,PROD_508,1,312.13,0.0
ITEM_107718,ORD_24644,PROD_516,1,91.12,0.0
ITEM_107719,ORD_24645,PROD_538,3,153.61,0.0
ITEM_107720,ORD_24646,PROD_558,2,152.68,15.27
ITEM_107721,ORD_24646,PROD_575,1,175.82,0.0
ITEM_107722,ORD_24646,PROD_570,1,85.34,0.0
ITEM_107723,ORD_24646,PROD_505,1,64.22,0.0
ITEM_107724,ORD_24647,PROD_503,2,157.89,0.0
ITEM_107725,ORD_24648,PROD_509,2,213.9,0.0
ITEM_107726,ORD_24648,PROD_575,1,175.82,17.58
ITEM_107727,ORD_24648,PROD_564,1,77.5,0.0
ITEM_107728,ORD_24649,PROD_523,1,104.47,0.0
ITEM_107729,ORD_24650,PROD_570,1,85.34,0.0
ITEM_107730,ORD_24651,PROD_571,1,211.74,10.59
ITEM_107731,ORD_24652,PROD_535,1,36.04,0.0
ITEM_107732,ORD_24652,PROD_555,1,121.11,6.06
ITEM_107733,ORD_24652,PROD_523,2,104.47,0.0
ITEM_107734,ORD_24653,PROD_577,1,71.78,7.18
ITEM_107735,ORD_24654,PROD_515,2,189.61,0.0
ITEM_107736,ORD_24655,PROD_530,1,142.79,0.0
ITEM_107737,ORD_24655,PROD_555,1,121.11,0.0
ITEM_107738,ORD_24656,PROD_579,1,221.42,0.0
ITEM_107739,ORD_24657,PROD_507,1,16.01,0.0
ITEM_107740,ORD_24658,PROD_506,1,240.11,36.02
ITEM_107741,ORD_24659,PROD_501,1,199.67,9.98
ITEM_107742,ORD_24659,PROD_559,1,149.13,0.0
ITEM_107743,ORD_24659,PROD_525,1,227.68,0.0
ITEM_107744,ORD_24660,PROD_575,1,175.82,0.0
ITEM_107745,ORD_24661,PROD_515,3,189.61,85.32
ITEM_107746,ORD_24662,PROD_511,2,295.08,0.0
ITEM_107747,ORD_24662,PROD_549,2,112.15,0.0
ITEM_107748,ORD_24662,PROD_572,1,144.07,7.2
ITEM_107749,ORD_24663,PROD_551,3,148.84,0.0
ITEM_107750,ORD_24664,PROD_531,1,242.35,36.35
ITEM_107751,ORD_24664,PROD_546,2,209.69,20.97
ITEM_107752,ORD_24664,PROD_543,1,313.64,31.36
ITEM_107753,ORD_24665,PROD_557,1,170.75,0.0
ITEM_107754,ORD_24666,PROD_540,1,48.42,2.42
ITEM_107755,ORD_24667,PROD_552,1,157.7,0.0
ITEM_107756,ORD_24668,PROD_549,1,112.15,0.0
ITEM_107757,ORD_24669,PROD_572,1,144.07,21.61
ITEM_107758,ORD_24669,PROD_543,2,313.64,0.0
ITEM_107759,ORD_24670,PROD_544,1,280.84,0.0
ITEM_107760,ORD_24670,PROD_547,1,20.21,0.0
ITEM_107761,ORD_24671,PROD_504,1,130.74,6.54
ITEM_107762,ORD_24672,PROD_572,1,144.07,21.61
ITEM_107763,ORD_24672,PROD_533,1,161.57,16.16
ITEM_107764,ORD_24672,PROD_564,3,77.5,23.25
ITEM_107765,ORD_24673,PROD_510,2,220.56,0.0
ITEM_107766,ORD_24674,PROD_515,1,189.61,0.0
ITEM_107767,ORD_24674,PROD_513,1,126.72,0.0
ITEM_107768,ORD_24674,PROD_569,1,274.5,0.0
ITEM_107769,ORD_24674,PROD_516,1,91.12,13.67
ITEM_107770,ORD_24675,PROD_577,1,71.78,0.0
ITEM_107771,ORD_24675,PROD_568,1,116.17,0.0
ITEM_107772,ORD_24676,PROD_538,1,153.61,0.0
ITEM_107773,ORD_24676,PROD_517,1,232.38,23.24
ITEM_107774,ORD_24677,PROD_529,1,24.28,1.21
ITEM_107775,ORD_24678,PROD_549,3,112.15,16.82
ITEM_107776,ORD_24679,PROD_534,1,46.48,0.0
ITEM_107777,ORD_24680,PROD_534,1,46.48,6.97
ITEM_107778,ORD_24680,PROD_540,1,48.42,2.42
ITEM_107779,ORD_24681,PROD_557,1,170.75,17.07
ITEM_107780,ORD_24682,PROD_541,1,137.54,0.0
ITEM_107781,ORD_24682,PROD_535,1,36.04,0.0
ITEM_107782,ORD_24683,PROD_573,2,121.95,36.59
ITEM_107783,ORD_24684,PROD_517,1,232.38,0.0
ITEM_107784,ORD_24684,PROD_524,1,116.66,0.0
ITEM_107785,ORD_24684,PROD_536,1,242.17,0.0
ITEM_107786,ORD_24685,PROD_544,1,280.84,14.04
ITEM_107787,ORD_24686,PROD_576,1,75.48,3.77
ITEM_107788,ORD_24686,PROD_525,1,227.68,0.0
ITEM_107789,ORD_24687,PROD_569,1,274.5,0.0
ITEM_107790,ORD_24688,PROD_517,1,232.38,0.0
ITEM_107791,ORD_24689,PROD_532,1,272.35,0.0
ITEM_107792,ORD_24689,PROD_509,1,213.9,0.0
ITEM_107793,ORD_24690,PROD_545,2,246.78,0.0
ITEM_107794,ORD_24691,PROD_557,3,170.75,0.0
ITEM_107795,ORD_24692,PROD_564,1,77.5,0.0
ITEM_107796,ORD_24693,PROD_544,1,280.84,0.0
ITEM_107797,ORD_24694,PROD_541,2,137.54,13.75
ITEM_107798,ORD_24694,PROD_574,1,250.97,0.0
ITEM_107799,ORD_24695,PROD_513,1,126.72,0.0
ITEM_107800,ORD_24695,PROD_565,1,16.38,0.0
ITEM_107801,ORD_24695,PROD_503,1,157.89,0.0
ITEM_107802,ORD_24696,PROD_515,1,189.61,9.48
ITEM_107803,ORD_24697,PROD_521,3,141.39,0.0
ITEM_107804,ORD_24697,PROD_553,1,123.16,12.32
ITEM_107805,ORD_24697,PROD_567,1,103.84,0.0
ITEM_107806,ORD_24698,PROD_534,1,46.48,0.0
ITEM_107807,ORD_24699,PROD_501,1,199.67,0.0
ITEM_107808,ORD_24699,PROD_577,2,71.78,0.0
ITEM_107809,ORD_24699,PROD_545,1,246.78,0.0
ITEM_107810,ORD_24699,PROD_508,1,312.13,0.0
ITEM_107811,ORD_24700,PROD_565,1,16.38,0.0
ITEM_107812,ORD_24700,PROD_554,1,309.23,0.0
ITEM_107813,ORD_24701,PROD_538,2,153.61,0.0
ITEM_107814,ORD_24702,PROD_501,1,199.67,0.0
ITEM_107815,ORD_24702,PROD_554,1,309.23,0.0
ITEM_107816,ORD_24703,PROD_541,1,137.54,0.0
ITEM_107817,ORD_24703,PROD_549,1,112.15,0.0
ITEM_107818,ORD_24703,PROD_556,2,171.31,0.0
ITEM_107819,ORD_24703,PROD_503,1,157.89,0.0
ITEM_107820,ORD_24704,PROD_533,1,161.57,0.0
ITEM_107821,ORD_24705,PROD_564,1,77.5,0.0
ITEM_107822,ORD_24706,PROD_580,1,221.1,0.0
ITEM_107823,ORD_24706,PROD_535,1,36.04,0.0
ITEM_107824,ORD_24707,PROD_551,1,148.84,0.0
ITEM_107825,ORD_24708,PROD_575,1,175.82,17.58
ITEM_107826,ORD_24708,PROD_519,3,236.9,0.0
ITEM_107827,ORD_24708,PROD_506,1,240.11,0.0
ITEM_107828,ORD_24709,PROD_538,1,153.61,0.0
ITEM_107829,ORD_24710,PROD_563,2,317.9,0.0
ITEM_107830,ORD_24710,PROD_504,1,130.74,13.07
ITEM_107831,ORD_24711,PROD_575,2,175.82,0.0
ITEM_107832,ORD_24712,PROD_554,1,309.23,0.0
ITEM_107833,ORD_24713,PROD_551,2,148.84,0.0
ITEM_107834,ORD_24714,PROD_570,1,85.34,0.0
ITEM_107835,ORD_24714,PROD_543,1,313.64,47.05
ITEM_107836,ORD_24714,PROD_545,1,246.78,37.02
ITEM_107837,ORD_24715,PROD_547,1,20.21,1.01
ITEM_107838,ORD_24715,PROD_508,1,312.13,0.0
ITEM_107839,ORD_24715,PROD_542,1,140.18,0.0
ITEM_107840,ORD_24716,PROD_533,1,161.57,0.0
ITEM_107841,ORD_24716,PROD_519,1,236.9,0.0
ITEM_107842,ORD_24717,PROD_566,1,250.95,0.0
ITEM_107843,ORD_24717,PROD_529,1,24.28,0.0
ITEM_107844,ORD_24718,PROD_550,2,19.6,0.0
ITEM_107845,ORD_24719,PROD_533,1,161.57,16.16
ITEM_107846,ORD_24719,PROD_557,1,170.75,0.0
ITEM_107847,ORD_24720,PROD_569,1,274.5,27.45
ITEM_107848,ORD_24721,PROD_549,1,112.15,11.22
ITEM_107849,ORD_24721,PROD_501,2,199.67,0.0
ITEM_107850,ORD_24722,PROD_529,1,24.28,0.0
ITEM_107851,ORD_24723,PROD_540,1,48.42,0.0
ITEM_107852,ORD_24723,PROD_532,1,272.35,13.62
ITEM_107853,ORD_24724,PROD_540,2,48.42,0.0
ITEM_107854,ORD_24725,PROD_503,1,157.89,15.79
ITEM_107855,ORD_24725,PROD_550,1,19.6,2.94
ITEM_107856,ORD_24726,PROD_579,1,221.42,22.14
ITEM_107857,ORD_24727,PROD_545,2,246.78,0.0
ITEM_107858,ORD_24728,PROD_549,2,112.15,0.0
ITEM_107859,ORD_24729,PROD_540,1,48.42,0.0
ITEM_107860,ORD_24729,PROD_513,2,126.72,0.0
ITEM_107861,ORD_24730,PROD_542,2,140.18,42.05
ITEM_107862,ORD_24731,PROD_529,1,24.28,0.0
ITEM_107863,ORD_24732,PROD_564,3,77.5,0.0
ITEM_107864,ORD_24733,PROD_531,1,242.35,0.0
ITEM_107865,ORD_24733,PROD_534,1,46.48,0.0
ITEM_107866,ORD_24734,PROD_504,2,130.74,0.0
ITEM_107867,ORD_24734,PROD_509,1,213.9,21.39
ITEM_107868,ORD_24735,PROD_573,2,121.95,0.0
ITEM_107869,ORD_24735,PROD_517,2,232.38,0.0
ITEM_107870,ORD_24736,PROD_544,1,280.84,0.0
ITEM_107871,ORD_24736,PROD_526,2,212.22,0.0
ITEM_107872,ORD_24737,PROD_530,1,142.79,0.0
ITEM_107873,ORD_24737,PROD_558,1,152.68,0.0
ITEM_107874,ORD_24737,PROD_521,1,141.39,7.07
ITEM_107875,ORD_24737,PROD_512,1,151.42,0.0
ITEM_107876,ORD_24738,PROD_521,1,141.39,14.14
ITEM_107877,ORD_24738,PROD_568,1,116.17,0.0
ITEM_107878,ORD_24739,PROD_532,1,272.35,0.0
ITEM_107879,ORD_24739,PROD_524,1,116.66,17.5
ITEM_107880,ORD_24739,PROD_523,2,104.47,0.0
ITEM_107881,ORD_24740,PROD_579,1,221.42,11.07
ITEM_107882,ORD_24740,PROD_512,2,151.42,30.28
ITEM_107883,ORD_24741,PROD_542,1,140.18,0.0
ITEM_107884,ORD_24742,PROD_567,2,103.84,10.38
ITEM_107885,ORD_24742,PROD_544,1,280.84,0.0
ITEM_107886,ORD_24742,PROD_553,1,123.16,0.0
ITEM_107887,ORD_24742,PROD_537,1,145.12,7.26
ITEM_107888,ORD_24743,PROD_560,1,88.9,0.0
ITEM_107889,ORD_24743,PROD_528,2,17.95,1.79
ITEM_107890,ORD_24744,PROD_573,1,121.95,12.2
ITEM_107891,ORD_24745,PROD_508,2,312.13,0.0
ITEM_107892,ORD_24746,PROD_518,2,148.06,0.0
ITEM_107893,ORD_24746,PROD_541,2,137.54,13.75
ITEM_107894,ORD_24747,PROD_535,1,36.04,0.0
ITEM_107895,ORD_24748,PROD_522,2,209.52,0.0
ITEM_107896,ORD_24749,PROD_508,1,312.13,0.0
ITEM_107897,ORD_24749,PROD_537,2,145.12,43.54
ITEM_107898,ORD_24749,PROD_525,1,227.68,11.38
ITEM_107899,ORD_24749,PROD_558,1,152.68,15.27
ITEM_107900,ORD_24750,PROD_543,2,313.64,0.0
ITEM_107901,ORD_24751,PROD_527,1,218.49,10.92
ITEM_107902,ORD_24752,PROD_563,1,317.9,0.0
ITEM_107903,ORD_24752,PROD_509,1,213.9,21.39
ITEM_107904,ORD_24753,PROD_522,1,209.52,20.95
ITEM_107905,ORD_24754,PROD_539,3,250.31,0.0
ITEM_107906,ORD_24754,PROD_527,1,218.49,0.0
ITEM_107907,ORD_24755,PROD_556,3,171.31,0.0
ITEM_107908,ORD_24756,PROD_530,2,142.79,28.56
ITEM_107909,ORD_24757,PROD_576,1,75.48,0.0
ITEM_107910,ORD_24757,PROD_525,1,227.68,0.0
ITEM_107911,ORD_24757,PROD_570,1,85.34,4.27
ITEM_107912,ORD_24758,PROD_557,2,170.75,51.23
ITEM_107913,ORD_24759,PROD_544,2,280.84,0.0
ITEM_107914,ORD_24760,PROD_553,1,123.16,12.32
ITEM_107915,ORD_24760,PROD_543,1,313.64,0.0
ITEM_107916,ORD_24761,PROD_508,1,312.13,0.0
ITEM_107917,ORD_24762,PROD_576,3,75.48,22.64
ITEM_107918,ORD_24762,PROD_561,2,375.16,75.03
ITEM_107919,ORD_24762,PROD_510,1,220.56,0.0
ITEM_107920,ORD_24763,PROD_553,1,123.16,0.0
ITEM_107921,ORD_24764,PROD_521,2,141.39,28.28
ITEM_107922,ORD_24764,PROD_532,1,272.35,13.62
ITEM_107923,ORD_24765,PROD_530,1,142.79,0.0
ITEM_107924,ORD_24766,PROD_517,1,232.38,0.0
ITEM_107925,ORD_24767,PROD_574,2,250.97,0.0
ITEM_107926,ORD_24767,PROD_510,1,220.56,0.0
ITEM_107927,ORD_24768,PROD_569,1,274.5,0.0
ITEM_107928,ORD_24769,PROD_527,1,218.49,0.0
ITEM_107929,ORD_24770,PROD_574,1,250.97,0.0
ITEM_107930,ORD_24770,PROD_554,1,309.23,0.0
ITEM_107931,ORD_24771,PROD_557,2,170.75,34.15
ITEM_107932,ORD_24772,PROD_503,2,157.89,0.0
ITEM_107933,ORD_24773,PROD_573,1,121.95,0.0
ITEM_107934,ORD_24774,PROD_569,1,274.5,27.45
ITEM_107935,ORD_24775,PROD_571,1,211.74,0.0
ITEM_107936,ORD_24776,PROD_543,1,313.64,15.68
ITEM_107937,ORD_24776,PROD_522,1,209.52,0.0
ITEM_107938,ORD_24776,PROD_568,1,116.17,0.0
ITEM_107939,ORD_24776,PROD_507,1,16.01,0.0
ITEM_107940,ORD_24777,PROD_577,1,71.78,0.0
ITEM_107941,ORD_24778,PROD_544,1,280.84,0.0
ITEM_107942,ORD_24779,PROD_563,1,317.9,0.0
ITEM_107943,ORD_24779,PROD_561,2,375.16,37.52
ITEM_107944,ORD_24780,PROD_551,1,148.84,7.44
ITEM_107945,ORD_24781,PROD_523,1,104.47,0.0
ITEM_107946,ORD_24781,PROD_512,1,151.42,0.0
ITEM_107947,ORD_24781,PROD_571,1,211.74,21.17
ITEM_107948,ORD_24781,PROD_560,1,88.9,0.0
ITEM_107949,ORD_24782,PROD_533,1,161.57,0.0
ITEM_107950,ORD_24783,PROD_505,1,64.22,0.0
ITEM_107951,ORD_24784,PROD_553,1,123.16,6.16
ITEM_107952,ORD_24785,PROD_533,1,161.57,0.0
ITEM_107953,ORD_24786,PROD_568,2,116.17,0.0
ITEM_107954,ORD_24787,PROD_533,1,161.57,0.0
ITEM_107955,ORD_24787,PROD_522,3,209.52,0.0
ITEM_107956,ORD_24787,PROD_513,1,126.72,6.34
ITEM_107957,ORD_24788,PROD_506,2,240.11,0.0
ITEM_107958,ORD_24789,PROD_547,1,20.21,0.0
ITEM_107959,ORD_24789,PROD_502,1,242.11,0.0
ITEM_107960,ORD_24789,PROD_545,2,246.78,0.0
ITEM_107961,ORD_24789,PROD_509,2,213.9,0.0
ITEM_107962,ORD_24790,PROD_563,3,317.9,0.0
ITEM_107963,ORD_24791,PROD_573,1,121.95,6.1
ITEM_107964,ORD_24791,PROD_511,1,295.08,0.0
ITEM_107965,ORD_24792,PROD_558,1,152.68,0.0
ITEM_107966,ORD_24793,PROD_553,1,123.16,0.0
ITEM_107967,ORD_24794,PROD_512,1,151.42,22.71
ITEM_107968,ORD_24794,PROD_575,1,175.82,8.79
ITEM_107969,ORD_24794,PROD_568,2,116.17,0.0
ITEM_107970,ORD_24795,PROD_510,2,220.56,22.06
ITEM_107971,ORD_24795,PROD_525,2,227.68,0.0
ITEM_107972,ORD_24796,PROD_514,1,255.83,0.0
ITEM_107973,ORD_24797,PROD_547,1,20.21,0.0
ITEM_107974,ORD_24797,PROD_564,1,77.5,7.75
ITEM_107975,ORD_24798,PROD_507,2,16.01,0.0
ITEM_107976,ORD_24799,PROD_531,1,242.35,0.0
ITEM_107977,ORD_24800,PROD_507,1,16.01,0.8
ITEM_107978,ORD_24801,PROD_577,1,71.78,0.0
ITEM_107979,ORD_24802,PROD_539,1,250.31,0.0
ITEM_107980,ORD_24803,PROD_508,1,312.13,0.0
ITEM_107981,ORD_24803,PROD_540,1,48.42,4.84
ITEM_107982,ORD_24804,PROD_557,1,170.75,0.0
ITEM_107983,ORD_24804,PROD_509,1,213.9,0.0
ITEM_107984,ORD_24804,PROD_516,1,91.12,0.0
ITEM_107985,ORD_24805,PROD_540,1,48.42,0.0
ITEM_107986,ORD_24806,PROD_540,1,48.42,0.0
ITEM_107987,ORD_24806,PROD_555,1,121.11,0.0
ITEM_107988,ORD_24807,PROD_530,1,142.79,7.14
ITEM_107989,ORD_24808,PROD_550,1,19.6,0.98
ITEM_107990,ORD_24808,PROD_561,2,375.16,75.03
ITEM_107991,ORD_24809,PROD_503,1,157.89,0.0
ITEM_107992,ORD_24810,PROD_503,1,157.89,0.0
ITEM_107993,ORD_24811,PROD_526,1,212.22,0.0
ITEM_107994,ORD_24812,PROD_524,2,116.66,0.0
ITEM_107995,ORD_24812,PROD_534,2,46.48,0.0
ITEM_107996,ORD_24813,PROD_522,2,209.52,62.86
ITEM_107997,ORD_24814,PROD_519,1,236.9,0.0
ITEM_107998,ORD_24815,PROD_552,1,157.7,15.77
ITEM_107999,ORD_24816,PROD_576,1,75.48,0.0
ITEM_108000,ORD_24816,PROD_522,1,209.52,0.0
ITEM_108001,ORD_24817,PROD_527,2,218.49,0.0
ITEM_108002,ORD_24818,PROD_523,1,104.47,0.0
ITEM_108003,ORD_24819,PROD_578,1,165.8,0.0
ITEM_108004,ORD_24820,PROD_513,1,126.72,0.0
ITEM_108005,ORD_24821,PROD_519,1,236.9,0.0
ITEM_108006,ORD_24821,PROD_530,1,142.79,7.14
ITEM_108007,ORD_24822,PROD_546,1,209.69,0.0
ITEM_108008,ORD_24823,PROD_574,2,250.97,0.0
ITEM_108009,ORD_24824,PROD_531,1,242.35,12.12
ITEM_108010,ORD_24824,PROD_561,1,375.16,0.0
ITEM_108011,ORD_24825,PROD_552,3,157.7,0.0
ITEM_108012,ORD_24826,PROD_541,1,137.54,20.63
ITEM_108013,ORD_24827,PROD_579,2,221.42,0.0
ITEM_108014,ORD_24827,PROD_574,2,250.97,0.0
ITEM_108015,ORD_24827,PROD_562,2,225.46,0.0
ITEM_108016,ORD_24828,PROD_553,1,123.16,0.0
ITEM_108017,ORD_24829,PROD_564,1,77.5,0.0
ITEM_108018,ORD_24830,PROD_504,1,130.74,0.0
ITEM_108019,ORD_24830,PROD_520,1,74.25,0.0
ITEM_108020,ORD_24831,PROD_565,1,16.38,0.82
ITEM_108021,ORD_24832,PROD_553,1,123.16,0.0
ITEM_108022,ORD_24832,PROD_538,1,153.61,0.0
ITEM_108023,ORD_24833,PROD_543,1,313.64,0.0
ITEM_108024,ORD_24833,PROD_513,1,126.72,0.0
ITEM_108025,ORD_24834,PROD_577,1,71.78,10.77
ITEM_108026,ORD_24834,PROD_565,1,16.38,0.0
ITEM_108027,ORD_24835,PROD_521,1,141.39,21.21
ITEM_108028,ORD_24836,PROD_512,2,151.42,0.0
ITEM_108029,ORD_24836,PROD_515,1,189.61,9.48
ITEM_108030,ORD_24837,PROD_534,1,46.48,4.65
ITEM_108031,ORD_24838,PROD_514,1,255.83,0.0
ITEM_108032,ORD_24839,PROD_533,2,161.57,16.16
ITEM_108033,ORD_24840,PROD_560,2,88.9,0.0
ITEM_108034,ORD_24840,PROD_548,1,54.38,0.0
ITEM_108035,ORD_24841,PROD_578,1,165.8,0.0
ITEM_108036,ORD_24842,PROD_577,1,71.78,0.0
ITEM_108037,ORD_24843,PROD_512,1,151.42,0.0
ITEM_108038,ORD_24844,PROD_502,3,242.11,72.63
ITEM_108039,ORD_24844,PROD_513,1,126.72,0.0
ITEM_108040,ORD_24845,PROD_538,1,153.61,0.0
ITEM_108041,ORD_24846,PROD_509,2,213.9,21.39
ITEM_108042,ORD_24846,PROD_508,3,312.13,0.0
ITEM_108043,ORD_24847,PROD_551,1,148.84,0.0
ITEM_108044,ORD_24847,PROD_512,1,151.42,0.0
ITEM_108045,ORD_24848,PROD_520,2,74.25,0.0
ITEM_108046,ORD_24849,PROD_509,1,213.9,0.0
ITEM_108047,ORD_24850,PROD_513,3,126.72,0.0
ITEM_108048,ORD_24851,PROD_556,1,171.31,8.57
ITEM_108049,ORD_24851,PROD_505,2,64.22,0.0
ITEM_108050,ORD_24852,PROD_552,1,157.7,0.0
ITEM_108051,ORD_24852,PROD_553,1,123.16,0.0
ITEM_108052,ORD_24853,PROD_554,2,309.23,0.0
ITEM_108053,ORD_24854,PROD_502,2,242.11,0.0
ITEM_108054,ORD_24855,PROD_567,2,103.84,0.0
ITEM_108055,ORD_24856,PROD_527,1,218.49,0.0
ITEM_108056,ORD_24857,PROD_510,3,220.56,99.25
ITEM_108057,ORD_24858,PROD_518,2,148.06,44.42
ITEM_108058,ORD_24858,PROD_516,1,91.12,0.0
ITEM_108059,ORD_24859,PROD_503,1,157.89,15.79
ITEM_108060,ORD_24859,PROD_547,1,20.21,1.01
ITEM_108061,ORD_24860,PROD_544,1,280.84,14.04
ITEM_108062,ORD_24860,PROD_562,2,225.46,0.0
ITEM_108063,ORD_24861,PROD_532,2,272.35,27.24
ITEM_108064,ORD_24862,PROD_506,1,240.11,12.01
ITEM_108065,ORD_24863,PROD_555,1,121.11,12.11
ITEM_108066,ORD_24864,PROD_507,1,16.01,0.0
ITEM_108067,ORD_24864,PROD_537,2,145.12,0.0
ITEM_108068,ORD_24864,PROD_503,1,157.89,0.0
ITEM_108069,ORD_24864,PROD_553,1,123.16,0.0
ITEM_108070,ORD_24865,PROD_502,1,242.11,0.0
ITEM_108071,ORD_24866,PROD_547,2,20.21,0.0
ITEM_108072,ORD_24867,PROD_563,1,317.9,47.68
ITEM_108073,ORD_24868,PROD_540,1,48.42,0.0
ITEM_108074,ORD_24869,PROD_526,1,212.22,0.0
ITEM_108075,ORD_24870,PROD_524,1,116.66,0.0
ITEM_108076,ORD_24870,PROD_546,1,209.69,0.0
ITEM_108077,ORD_24871,PROD_525,3,227.68,0.0
ITEM_108078,ORD_24871,PROD_556,1,171.31,0.0
ITEM_108079,ORD_24871,PROD_541,1,137.54,0.0
ITEM_108080,ORD_24871,PROD_518,1,148.06,0.0
ITEM_108081,ORD_24872,PROD_549,3,112.15,0.0
ITEM_108082,ORD_24872,PROD_522,1,209.52,0.0
ITEM_108083,ORD_24873,PROD_539,1,250.31,0.0
ITEM_108084,ORD_24874,PROD_511,3,295.08,0.0
ITEM_108085,ORD_24875,PROD_518,1,148.06,7.4
ITEM_108086,ORD_24876,PROD_519,1,236.9,35.53
ITEM_108087,ORD_24876,PROD_577,1,71.78,0.0
ITEM_108088,ORD_24877,PROD_536,2,242.17,0.0
ITEM_108089,ORD_24878,PROD_501,2,199.67,39.93
ITEM_108090,ORD_24879,PROD_535,1,36.04,0.0
ITEM_108091,ORD_24879,PROD_578,1,165.8,0.0
ITEM_108092,ORD_24880,PROD_555,1,121.11,0.0
ITEM_108093,ORD_24880,PROD_512,1,151.42,0.0
ITEM_108094,ORD_24880,PROD_575,1,175.82,0.0
ITEM_108095,ORD_24881,PROD_541,1,137.54,13.75
ITEM_108096,ORD_24882,PROD_537,2,145.12,14.51
ITEM_108097,ORD_24882,PROD_530,2,142.79,0.0
ITEM_108098,ORD_24883,PROD_570,1,85.34,4.27
ITEM_108099,ORD_24884,PROD_567,1,103.84,0.0
ITEM_108100,ORD_24885,PROD_573,2,121.95,36.59
ITEM_108101,ORD_24885,PROD_546,2,209.69,0.0
ITEM_108102,ORD_24886,PROD_524,1,116.66,17.5
ITEM_108103,ORD_24886,PROD_559,1,149.13,0.0
ITEM_108104,ORD_24886,PROD_573,2,121.95,0.0
ITEM_108105,ORD_24887,PROD_566,2,250.95,0.0
ITEM_108106,ORD_24887,PROD_576,2,75.48,0.0
ITEM_108107,ORD_24887,PROD_537,1,145.12,7.26
ITEM_108108,ORD_24887,PROD_575,2,175.82,0.0
ITEM_108109,ORD_24888,PROD_513,1,126.72,0.0
ITEM_108110,ORD_24888,PROD_529,1,24.28,0.0
ITEM_108111,ORD_24889,PROD_546,1,209.69,0.0
ITEM_108112,ORD_24890,PROD_575,1,175.82,0.0
ITEM_108113,ORD_24891,PROD_541,1,137.54,0.0
ITEM_108114,ORD_24891,PROD_510,3,220.56,33.08
ITEM_108115,ORD_24891,PROD_509,1,213.9,21.39
ITEM_108116,ORD_24892,PROD_571,1,211.74,0.0
ITEM_108117,ORD_24893,PROD_512,1,151.42,0.0
ITEM_108118,ORD_24894,PROD_556,1,171.31,8.57
ITEM_108119,ORD_24895,PROD_502,1,242.11,0.0
ITEM_108120,ORD_24896,PROD_560,1,88.9,0.0
ITEM_108121,ORD_24896,PROD_513,2,126.72,25.34
ITEM_108122,ORD_24897,PROD_555,1,121.11,18.17
ITEM_108123,ORD_24897,PROD_539,1,250.31,37.55
ITEM_108124,ORD_24898,PROD_529,1,24.28,2.43
ITEM_108125,ORD_24898,PROD_515,1,189.61,0.0
ITEM_108126,ORD_24898,PROD_558,1,152.68,0.0
ITEM_108127,ORD_24899,PROD_564,1,77.5,0.0
ITEM_108128,ORD_24900,PROD_567,1,103.84,0.0
ITEM_108129,ORD_24901,PROD_578,2,165.8,0.0
ITEM_108130,ORD_24902,PROD_561,1,375.16,0.0
ITEM_108131,ORD_24903,PROD_572,2,144.07,0.0
ITEM_108132,ORD_24904,PROD_534,1,46.48,2.32
ITEM_108133,ORD_24905,PROD_537,2,145.12,0.0
ITEM_108134,ORD_24905,PROD_553,1,123.16,0.0
ITEM_108135,ORD_24905,PROD_534,1,46.48,0.0
ITEM_108136,ORD_24906,PROD_574,1,250.97,0.0
ITEM_108137,ORD_24907,PROD_528,1,17.95,0.9
ITEM_108138,ORD_24907,PROD_510,1,220.56,0.0
ITEM_108139,ORD_24907,PROD_521,2,141.39,0.0
ITEM_108140,ORD_24907,PROD_556,1,171.31,0.0
ITEM_108141,ORD_24908,PROD_577,1,71.78,3.59
ITEM_108142,ORD_24909,PROD_520,1,74.25,0.0
ITEM_108143,ORD_24910,PROD_511,1,295.08,14.75
ITEM_108144,ORD_24911,PROD_555,1,121.11,0.0
ITEM_108145,ORD_24911,PROD_512,2,151.42,0.0
ITEM_108146,ORD_24912,PROD_545,1,246.78,0.0
ITEM_108147,ORD_24912,PROD_543,2,313.64,31.36
ITEM_108148,ORD_24912,PROD_562,1,225.46,0.0
ITEM_108149,ORD_24913,PROD_578,3,165.8,49.74
ITEM_108150,ORD_24914,PROD_502,1,242.11,12.11
ITEM_108151,ORD_24915,PROD_544,2,280.84,0.0
ITEM_108152,ORD_24915,PROD_529,2,24.28,0.0
ITEM_108153,ORD_24916,PROD_576,1,75.48,3.77
ITEM_108154,ORD_24917,PROD_531,1,242.35,0.0
ITEM_108155,ORD_24917,PROD_513,1,126.72,0.0
ITEM_108156,ORD_24918,PROD_570,1,85.34,0.0
ITEM_108157,ORD_24918,PROD_528,1,17.95,0.0
ITEM_108158,ORD_24919,PROD_528,1,17.95,0.0
ITEM_108159,ORD_24919,PROD_504,1,130.74,0.0
ITEM_108160,ORD_24919,PROD_501,1,199.67,0.0
ITEM_108161,ORD_24919,PROD_549,3,112.15,0.0
ITEM_108162,ORD_24920,PROD_548,1,54.38,0.0
ITEM_108163,ORD_24920,PROD_534,1,46.48,0.0
ITEM_108164,ORD_24920,PROD_522,1,209.52,0.0
ITEM_108165,ORD_24921,PROD_517,1,232.38,0.0
ITEM_108166,ORD_24922,PROD_533,1,161.57,0.0
ITEM_108167,ORD_24923,PROD_521,1,141.39,14.14
ITEM_108168,ORD_24924,PROD_562,2,225.46,0.0
ITEM_108169,ORD_24924,PROD_540,2,48.42,0.0
ITEM_108170,ORD_24925,PROD_530,1,142.79,0.0
ITEM_108171,ORD_24926,PROD_547,2,20.21,0.0
ITEM_108172,ORD_24926,PROD_521,2,141.39,0.0
ITEM_108173,ORD_24926,PROD_536,1,242.17,0.0
ITEM_108174,ORD_24927,PROD_538,1,153.61,0.0
ITEM_108175,ORD_24927,PROD_534,1,46.48,0.0
ITEM_108176,ORD_24927,PROD_549,1,112.15,16.82
ITEM_108177,ORD_24928,PROD_552,2,157.7,0.0
ITEM_108178,ORD_24929,PROD_516,1,91.12,0.0
ITEM_108179,ORD_24930,PROD_578,1,165.8,16.58
ITEM_108180,ORD_24931,PROD_578,2,165.8,0.0
ITEM_108181,ORD_24931,PROD_577,1,71.78,7.18
ITEM_108182,ORD_24932,PROD_555,1,121.11,18.17
ITEM_108183,ORD_24932,PROD_521,1,141.39,0.0
ITEM_108184,ORD_24933,PROD_520,1,74.25,0.0
ITEM_108185,ORD_24934,PROD_507,1,16.01,0.0
ITEM_108186,ORD_24935,PROD_579,2,221.42,22.14
ITEM_108187,ORD_24936,PROD_562,2,225.46,0.0
ITEM_108188,ORD_24937,PROD_536,1,242.17,0.0
ITEM_108189,ORD_24938,PROD_578,1,165.8,0.0
ITEM_108190,ORD_24938,PROD_531,1,242.35,0.0
ITEM_108191,ORD_24939,PROD_535,2,36.04,0.0
ITEM_108192,ORD_24939,PROD_508,1,312.13,0.0
ITEM_108193,ORD_24939,PROD_532,1,272.35,0.0
ITEM_108194,ORD_24940,PROD_511,3,295.08,0.0
ITEM_108195,ORD_24940,PROD_569,1,274.5,0.0
ITEM_108196,ORD_24941,PROD_540,1,48.42,0.0
ITEM_108197,ORD_24942,PROD_552,1,157.7,0.0
ITEM_108198,ORD_24942,PROD_550,1,19.6,1.96
ITEM_108199,ORD_24942,PROD_515,1,189.61,0.0
ITEM_108200,ORD_24943,PROD_539,1,250.31,0.0
ITEM_108201,ORD_24944,PROD_510,1,220.56,0.0
ITEM_108202,ORD_24944,PROD_579,1,221.42,0.0
ITEM_108203,ORD_24945,PROD_536,1,242.17,0.0
ITEM_108204,ORD_24945,PROD_540,2,48.42,0.0
ITEM_108205,ORD_24946,PROD_550,1,19.6,0.0
ITEM_108206,ORD_24947,PROD_557,1,170.75,0.0
ITEM_108207,ORD_24948,PROD_519,1,236.9,0.0
ITEM_108208,ORD_24948,PROD_557,1,170.75,0.0
ITEM_108209,ORD_24949,PROD_531,1,242.35,36.35
ITEM_108210,ORD_24949,PROD_553,3,123.16,0.0
ITEM_108211,ORD_24949,PROD_562,1,225.46,0.0
ITEM_108212,ORD_24950,PROD_501,1,199.67,0.0
ITEM_108213,ORD_24951,PROD_517,1,232.38,0.0
ITEM_108214,ORD_24951,PROD_518,3,148.06,0.0
ITEM_108215,ORD_24951,PROD_555,2,121.11,0.0
ITEM_108216,ORD_24951,PROD_507,1,16.01,0.0
ITEM_108217,ORD_24952,PROD_511,3,295.08,0.0
ITEM_108218,ORD_24952,PROD_573,2,121.95,0.0
ITEM_108219,ORD_24953,PROD_513,1,126.72,6.34
ITEM_108220,ORD_24954,PROD_501,1,199.67,0.0
ITEM_108221,ORD_24955,PROD_511,2,295.08,0.0
ITEM_108222,ORD_24955,PROD_573,1,121.95,0.0
ITEM_108223,ORD_24956,PROD_578,3,165.8,0.0
ITEM_108224,ORD_24957,PROD_507,1,16.01,2.4
ITEM_108225,ORD_24958,PROD_578,1,165.8,0.0
ITEM_108226,ORD_24958,PROD_568,1,116.17,0.0
ITEM_108227,ORD_24958,PROD_573,1,121.95,0.0
ITEM_108228,ORD_24959,PROD_560,3,88.9,0.0
ITEM_108229,ORD_24959,PROD_558,1,152.68,0.0
ITEM_108230,ORD_24960,PROD_551,2,148.84,0.0
ITEM_108231,ORD_24960,PROD_552,2,157.7,0.0
ITEM_108232,ORD_24961,PROD_531,1,242.35,0.0
ITEM_108233,ORD_24961,PROD_511,1,295.08,0.0
ITEM_108234,ORD_24962,PROD_576,1,75.48,3.77
ITEM_108235,ORD_24962,PROD_524,1,116.66,0.0
ITEM_108236,ORD_24962,PROD_544,1,280.84,28.08
ITEM_108237,ORD_24963,PROD_552,2,157.7,0.0
ITEM_108238,ORD_24963,PROD_580,1,221.1,0.0
ITEM_108239,ORD_24964,PROD_528,2,17.95,1.79
ITEM_108240,ORD_24965,PROD_560,1,88.9,0.0
ITEM_108241,ORD_24966,PROD_552,1,157.7,0.0
ITEM_108242,ORD_24966,PROD_544,2,280.84,56.17
ITEM_108243,ORD_24967,PROD_551,1,148.84,0.0
ITEM_108244,ORD_24967,PROD_572,1,144.07,0.0
ITEM_108245,ORD_24968,PROD_505,1,64.22,0.0
ITEM_108246,ORD_24968,PROD_511,1,295.08,0.0
ITEM_108247,ORD_24969,PROD_511,1,295.08,29.51
ITEM_108248,ORD_24970,PROD_510,1,220.56,0.0
ITEM_108249,ORD_24971,PROD_565,1,16.38,0.0
ITEM_108250,ORD_24971,PROD_521,3,141.39,0.0
ITEM_108251,ORD_24972,PROD_551,1,148.84,0.0
ITEM_108252,ORD_24972,PROD_563,2,317.9,0.0
ITEM_108253,ORD_24973,PROD_535,2,36.04,0.0
ITEM_108254,ORD_24974,PROD_541,1,137.54,6.88
ITEM_108255,ORD_24975,PROD_547,2,20.21,0.0
ITEM_108256,ORD_24976,PROD_552,2,157.7,31.54
ITEM_108257,ORD_24977,PROD_550,1,19.6,0.0
ITEM_108258,ORD_24978,PROD_501,1,199.67,9.98
ITEM_108259,ORD_24979,PROD_554,1,309.23,46.38
ITEM_108260,ORD_24980,PROD_546,1,209.69,10.48
ITEM_108261,ORD_24981,PROD_551,1,148.84,14.88
ITEM_108262,ORD_24982,PROD_546,2,209.69,20.97
ITEM_108263,ORD_24983,PROD_524,1,116.66,0.0
ITEM_108264,ORD_24983,PROD_554,2,309.23,0.0
ITEM_108265,ORD_24984,PROD_506,1,240.11,12.01
ITEM_108266,ORD_24985,PROD_572,2,144.07,0.0
ITEM_108267,ORD_24986,PROD_537,1,145.12,0.0
ITEM_108268,ORD_24987,PROD_531,1,242.35,0.0
ITEM_108269,ORD_24987,PROD_522,1,209.52,10.48
ITEM_108270,ORD_24988,PROD_549,1,112.15,11.22
ITEM_108271,ORD_24988,PROD_564,1,77.5,3.88
ITEM_108272,ORD_24989,PROD_575,2,175.82,35.16
ITEM_108273,ORD_24990,PROD_511,1,295.08,29.51
ITEM_108274,ORD_24991,PROD_504,1,130.74,6.54
ITEM_108275,ORD_24992,PROD_547,1,20.21,0.0
ITEM_108276,ORD_24993,PROD_505,2,64.22,0.0
ITEM_108277,ORD_24993,PROD_526,1,212.22,0.0
ITEM_108278,ORD_24994,PROD_578,2,165.8,0.0
ITEM_108279,ORD_24994,PROD_550,2,19.6,0.0
ITEM_108280,ORD_24994,PROD_580,1,221.1,0.0
ITEM_108281,ORD_24995,PROD_542,1,140.18,0.0
ITEM_108282,ORD_24996,PROD_561,1,375.16,0.0
ITEM_108283,ORD_24996,PROD_514,1,255.83,0.0
ITEM_108284,ORD_24996,PROD_554,2,309.23,0.0
ITEM_108285,ORD_24997,PROD_531,1,242.35,0.0
ITEM_108286,ORD_24998,PROD_519,1,236.9,0.0
ITEM_108287,ORD_24998,PROD_569,1,274.5,0.0
ITEM_108288,ORD_24999,PROD_506,2,240.11,48.02
ITEM_108289,ORD_25000,PROD_563,1,317.9,0.0
ITEM_108290,ORD_25000,PROD_511,1,295.08,14.75
ITEM_108291,ORD_25001,PROD_580,1,221.1,0.0
ITEM_108292,ORD_25002,PROD_562,2,225.46,0.0
ITEM_108293,ORD_25002,PROD_570,1,85.34,0.0
ITEM_108294,ORD_25003,PROD_540,2,48.42,4.84
ITEM_108295,ORD_25003,PROD_526,1,212.22,0.0
ITEM_108296,ORD_25003,PROD_520,1,74.25,0.0
ITEM_108297,ORD_25004,PROD_530,1,142.79,0.0
ITEM_108298,ORD_25004,PROD_580,1,221.1,11.05
ITEM_108299,ORD_25004,PROD_522,2,209.52,62.86
ITEM_108300,ORD_25004,PROD_568,1,116.17,0.0
ITEM_108301,ORD_25005,PROD_558,1,152.68,0.0
ITEM_108302,ORD_25006,PROD_517,1,232.38,34.86
ITEM_108303,ORD_25007,PROD_531,1,242.35,0.0
ITEM_108304,ORD_25007,PROD_574,1,250.97,0.0
ITEM_108305,ORD_25008,PROD_517,1,232.38,34.86
ITEM_108306,ORD_25009,PROD_526,1,212.22,10.61
ITEM_108307,ORD_25010,PROD_552,1,157.7,7.88
ITEM_108308,ORD_25010,PROD_510,2,220.56,0.0
ITEM_108309,ORD_25011,PROD_507,1,16.01,0.0
ITEM_108310,ORD_25011,PROD_540,1,48.42,2.42
ITEM_108311,ORD_25012,PROD_524,2,116.66,0.0
ITEM_108312,ORD_25012,PROD_535,1,36.04,0.0
ITEM_108313,ORD_25012,PROD_510,2,220.56,0.0
ITEM_108314,ORD_25013,PROD_536,1,242.17,24.22
ITEM_108315,ORD_25013,PROD_564,1,77.5,0.0
ITEM_108316,ORD_25013,PROD_563,1,317.9,0.0
ITEM_108317,ORD_25014,PROD_516,1,91.12,0.0
ITEM_108318,ORD_25015,PROD_542,1,140.18,0.0
ITEM_108319,ORD_25016,PROD_564,1,77.5,3.88
ITEM_108320,ORD_25016,PROD_508,1,312.13,0.0
ITEM_108321,ORD_25017,PROD_556,1,171.31,8.57
ITEM_108322,ORD_25018,PROD_514,2,255.83,0.0
ITEM_108323,ORD_25019,PROD_556,2,171.31,0.0
ITEM_108324,ORD_25019,PROD_550,3,19.6,0.0
ITEM_108325,ORD_25020,PROD_560,1,88.9,0.0
ITEM_108326,ORD_25020,PROD_565,1,16.38,0.0
ITEM_108327,ORD_25021,PROD_528,1,17.95,0.0
ITEM_108328,ORD_25021,PROD_549,2,112.15,0.0
ITEM_108329,ORD_25022,PROD_539,1,250.31,12.52
ITEM_108330,ORD_25022,PROD_517,1,232.38,0.0
ITEM_108331,ORD_25022,PROD_532,1,272.35,0.0
ITEM_108332,ORD_25022,PROD_571,1,211.74,0.0
ITEM_108333,ORD_25023,PROD_511,1,295.08,14.75
ITEM_108334,ORD_25023,PROD_551,3,148.84,0.0
ITEM_108335,ORD_25023,PROD_536,1,242.17,36.33
ITEM_108336,ORD_25024,PROD_512,1,151.42,0.0
ITEM_108337,ORD_25024,PROD_508,1,312.13,31.21
ITEM_108338,ORD_25025,PROD_548,1,54.38,0.0
ITEM_108339,ORD_25026,PROD_509,1,213.9,0.0
ITEM_108340,ORD_25027,PROD_522,1,209.52,0.0
ITEM_108341,ORD_25028,PROD_563,1,317.9,31.79
ITEM_108342,ORD_25029,PROD_522,2,209.52,0.0
ITEM_108343,ORD_25030,PROD_542,1,140.18,7.01
ITEM_108344,ORD_25031,PROD_564,2,77.5,0.0
ITEM_108345,ORD_25032,PROD_573,1,121.95,6.1
ITEM_108346,ORD_25032,PROD_568,1,116.17,0.0
ITEM_108347,ORD_25033,PROD_543,1,313.64,0.0
ITEM_108348,ORD_25034,PROD_510,2,220.56,0.0
ITEM_108349,ORD_25034,PROD_566,1,250.95,0.0
ITEM_108350,ORD_25034,PROD_571,2,211.74,0.0
ITEM_108351,ORD_25035,PROD_554,2,309.23,61.85
ITEM_108352,ORD_25036,PROD_514,2,255.83,25.58
ITEM_108353,ORD_25037,PROD_538,1,153.61,0.0
ITEM_108354,ORD_25037,PROD_559,1,149.13,0.0
ITEM_108355,ORD_25038,PROD_508,2,312.13,0.0
ITEM_108356,ORD_25039,PROD_549,1,112.15,16.82
ITEM_108357,ORD_25039,PROD_535,2,36.04,0.0
ITEM_108358,ORD_25040,PROD_574,1,250.97,0.0
ITEM_108359,ORD_25040,PROD_580,1,221.1,0.0
ITEM_108360,ORD_25040,PROD_523,1,104.47,5.22
ITEM_108361,ORD_25041,PROD_542,1,140.18,0.0
ITEM_108362,ORD_25042,PROD_517,1,232.38,0.0
ITEM_108363,ORD_25043,PROD_568,2,116.17,0.0
ITEM_108364,ORD_25043,PROD_560,1,88.9,8.89
ITEM_108365,ORD_25043,PROD_512,1,151.42,0.0
ITEM_108366,ORD_25044,PROD_535,2,36.04,7.21
ITEM_108367,ORD_25044,PROD_564,1,77.5,3.88
ITEM_108368,ORD_25045,PROD_566,2,250.95,0.0
ITEM_108369,ORD_25046,PROD_556,1,171.31,0.0
ITEM_108370,ORD_25046,PROD_510,1,220.56,0.0
ITEM_108371,ORD_25047,PROD_504,2,130.74,13.07
ITEM_108372,ORD_25048,PROD_551,1,148.84,0.0
ITEM_108373,ORD_25048,PROD_558,1,152.68,0.0
ITEM_108374,ORD_25048,PROD_532,1,272.35,13.62
ITEM_108375,ORD_25049,PROD_578,1,165.8,16.58
ITEM_108376,ORD_25050,PROD_569,1,274.5,0.0
ITEM_108377,ORD_25051,PROD_513,1,126.72,0.0
ITEM_108378,ORD_25052,PROD_559,1,149.13,0.0
ITEM_108379,ORD_25052,PROD_546,1,209.69,0.0
ITEM_108380,ORD_25052,PROD_531,1,242.35,12.12
ITEM_108381,ORD_25052,PROD_575,1,175.82,8.79
ITEM_108382,ORD_25053,PROD_559,1,149.13,0.0
ITEM_108383,ORD_25054,PROD_554,1,309.23,0.0
ITEM_108384,ORD_25054,PROD_506,1,240.11,0.0
ITEM_108385,ORD_25054,PROD_555,1,121.11,0.0
ITEM_108386,ORD_25054,PROD_558,1,152.68,7.63
ITEM_108387,ORD_25055,PROD_576,1,75.48,0.0
ITEM_108388,ORD_25056,PROD_567,2,103.84,0.0
ITEM_108389,ORD_25057,PROD_534,1,46.48,0.0
ITEM_108390,ORD_25057,PROD_509,2,213.9,42.78
ITEM_108391,ORD_25058,PROD_533,1,161.57,0.0
ITEM_108392,ORD_25059,PROD_535,1,36.04,1.8
ITEM_108393,ORD_25060,PROD_505,2,64.22,0.0
ITEM_108394,ORD_25060,PROD_533,1,161.57,0.0
ITEM_108395,ORD_25061,PROD_510,1,220.56,0.0
ITEM_108396,ORD_25061,PROD_536,3,242.17,72.65
ITEM_108397,ORD_25062,PROD_501,1,199.67,0.0
ITEM_108398,ORD_25063,PROD_506,1,240.11,24.01
ITEM_108399,ORD_25064,PROD_526,1,212.22,0.0
ITEM_108400,ORD_25065,PROD_580,2,221.1,0.0
ITEM_108401,ORD_25065,PROD_530,1,142.79,7.14
ITEM_108402,ORD_25066,PROD_559,1,149.13,0.0
ITEM_108403,ORD_25066,PROD_523,2,104.47,10.45
ITEM_108404,ORD_25067,PROD_555,2,121.11,0.0
ITEM_108405,ORD_25067,PROD_545,1,246.78,0.0
ITEM_108406,ORD_25067,PROD_509,3,213.9,0.0
ITEM_108407,ORD_25067,PROD_561,1,375.16,0.0
ITEM_108408,ORD_25068,PROD_580,1,221.1,22.11
ITEM_108409,ORD_25069,PROD_510,1,220.56,0.0
ITEM_108410,ORD_25070,PROD_549,1,112.15,0.0
ITEM_108411,ORD_25071,PROD_536,1,242.17,0.0
ITEM_108412,ORD_25072,PROD_516,1,91.12,0.0
ITEM_108413,ORD_25073,PROD_549,2,112.15,0.0
ITEM_108414,ORD_25074,PROD_527,1,218.49,32.77
ITEM_108415,ORD_25074,PROD_503,1,157.89,7.89
ITEM_108416,ORD_25074,PROD_554,1,309.23,0.0
ITEM_108417,ORD_25075,PROD_528,1,17.95,0.0
ITEM_108418,ORD_25076,PROD_526,1,212.22,31.83
ITEM_108419,ORD_25076,PROD_514,1,255.83,0.0
ITEM_108420,ORD_25077,PROD_508,1,312.13,31.21
ITEM_108421,ORD_25077,PROD_521,1,141.39,14.14
ITEM_108422,ORD_25077,PROD_568,2,116.17,23.23
ITEM_108423,ORD_25078,PROD_536,2,242.17,0.0
ITEM_108424,ORD_25078,PROD_516,1,91.12,0.0
ITEM_108425,ORD_25078,PROD_538,1,153.61,0.0
ITEM_108426,ORD_25078,PROD_553,3,123.16,0.0
ITEM_108427,ORD_25079,PROD_559,1,149.13,7.46
ITEM_108428,ORD_25080,PROD_548,2,54.38,0.0
ITEM_108429,ORD_25081,PROD_563,1,317.9,0.0
ITEM_108430,ORD_25082,PROD_514,1,255.83,0.0
ITEM_108431,ORD_25083,PROD_545,1,246.78,0.0
ITEM_108432,ORD_25083,PROD_570,2,85.34,8.53
ITEM_108433,ORD_25084,PROD_569,2,274.5,0.0
ITEM_108434,ORD_25085,PROD_546,1,209.69,0.0
ITEM_108435,ORD_25085,PROD_501,1,199.67,19.97
ITEM_108436,ORD_25086,PROD_530,1,142.79,7.14
ITEM_108437,ORD_25086,PROD_523,1,104.47,0.0
ITEM_108438,ORD_25087,PROD_556,1,171.31,0.0
ITEM_108439,ORD_25087,PROD_564,1,77.5,7.75
ITEM_108440,ORD_25088,PROD_553,1,123.16,0.0
ITEM_108441,ORD_25089,PROD_534,1,46.48,2.32
ITEM_108442,ORD_25090,PROD_552,3,157.7,0.0
ITEM_108443,ORD_25090,PROD_568,1,116.17,5.81
ITEM_108444,ORD_25091,PROD_537,2,145.12,0.0
ITEM_108445,ORD_25092,PROD_567,1,103.84,5.19
ITEM_108446,ORD_25093,PROD_569,1,274.5,0.0
ITEM_108447,ORD_25093,PROD_562,1,225.46,0.0
ITEM_108448,ORD_25094,PROD_526,3,212.22,0.0
ITEM_108449,ORD_25095,PROD_549,1,112.15,0.0
ITEM_108450,ORD_25095,PROD_509,1,213.9,0.0
ITEM_108451,ORD_25096,PROD_551,1,148.84,0.0
ITEM_108452,ORD_25096,PROD_521,1,141.39,0.0
ITEM_108453,ORD_25096,PROD_507,2,16.01,0.0
ITEM_108454,ORD_25096,PROD_558,1,152.68,0.0
ITEM_108455,ORD_25097,PROD_575,2,175.82,0.0
ITEM_108456,ORD_25098,PROD_516,1,91.12,0.0
ITEM_108457,ORD_25099,PROD_502,1,242.11,0.0
ITEM_108458,ORD_25099,PROD_570,1,85.34,0.0
ITEM_108459,ORD_25100,PROD_529,1,24.28,0.0
ITEM_108460,ORD_25101,PROD_570,1,85.34,8.53
ITEM_108461,ORD_25101,PROD_528,1,17.95,0.0
ITEM_108462,ORD_25102,PROD_565,2,16.38,0.0
ITEM_108463,ORD_25103,PROD_528,1,17.95,0.0
ITEM_108464,ORD_25104,PROD_504,1,130.74,0.0
ITEM_108465,ORD_25104,PROD_566,1,250.95,0.0
ITEM_108466,ORD_25104,PROD_548,1,54.38,8.16
ITEM_108467,ORD_25104,PROD_510,1,220.56,0.0
ITEM_108468,ORD_25105,PROD_521,1,141.39,0.0
ITEM_108469,ORD_25106,PROD_566,2,250.95,0.0
ITEM_108470,ORD_25106,PROD_506,2,240.11,0.0
ITEM_108471,ORD_25106,PROD_518,1,148.06,7.4
ITEM_108472,ORD_25106,PROD_565,1,16.38,0.0
ITEM_108473,ORD_25107,PROD_527,1,218.49,0.0
ITEM_108474,ORD_25107,PROD_514,1,255.83,0.0
ITEM_108475,ORD_25108,PROD_558,1,152.68,0.0
ITEM_108476,ORD_25109,PROD_527,2,218.49,0.0
ITEM_108477,ORD_25109,PROD_577,1,71.78,0.0
ITEM_108478,ORD_25110,PROD_539,1,250.31,0.0
ITEM_108479,ORD_25111,PROD_563,1,317.9,15.89
ITEM_108480,ORD_25111,PROD_536,2,242.17,24.22
ITEM_108481,ORD_25112,PROD_567,1,103.84,0.0
ITEM_108482,ORD_25112,PROD_541,1,137.54,6.88
ITEM_108483,ORD_25112,PROD_578,1,165.8,0.0
ITEM_108484,ORD_25113,PROD_512,1,151.42,7.57
ITEM_108485,ORD_25113,PROD_567,1,103.84,0.0
ITEM_108486,ORD_25114,PROD_545,1,246.78,0.0
ITEM_108487,ORD_25115,PROD_573,1,121.95,0.0
ITEM_108488,ORD_25116,PROD_546,2,209.69,0.0
ITEM_108489,ORD_25117,PROD_535,1,36.04,0.0
ITEM_108490,ORD_25117,PROD_579,1,221.42,0.0
ITEM_108491,ORD_25118,PROD_575,1,175.82,0.0
ITEM_108492,ORD_25118,PROD_503,1,157.89,0.0
ITEM_108493,ORD_25119,PROD_518,3,148.06,0.0
ITEM_108494,ORD_25120,PROD_562,1,225.46,0.0
ITEM_108495,ORD_25121,PROD_544,1,280.84,14.04
ITEM_108496,ORD_25122,PROD_566,1,250.95,25.09
ITEM_108497,ORD_25123,PROD_516,1,91.12,0.0
ITEM_108498,ORD_25124,PROD_550,1,19.6,0.0
ITEM_108499,ORD_25124,PROD_554,2,309.23,0.0
ITEM_108500,ORD_25125,PROD_513,1,126.72,0.0
ITEM_108501,ORD_25126,PROD_552,2,157.7,0.0
ITEM_108502,ORD_25126,PROD_566,2,250.95,0.0
ITEM_108503,ORD_25127,PROD_577,2,71.78,0.0
ITEM_108504,ORD_25127,PROD_556,1,171.31,8.57
ITEM_108505,ORD_25127,PROD_509,1,213.9,0.0
ITEM_108506,ORD_25128,PROD_578,1,165.8,16.58
ITEM_108507,ORD_25128,PROD_553,2,123.16,0.0
ITEM_108508,ORD_25128,PROD_526,1,212.22,0.0
ITEM_108509,ORD_25129,PROD_559,1,149.13,7.46
ITEM_108510,ORD_25130,PROD_516,1,91.12,0.0
ITEM_108511,ORD_25130,PROD_526,2,212.22,0.0
ITEM_108512,ORD_25131,PROD_501,1,199.67,0.0
ITEM_108513,ORD_25132,PROD_521,1,141.39,0.0
ITEM_108514,ORD_25133,PROD_543,1,313.64,0.0
ITEM_108515,ORD_25133,PROD_506,1,240.11,36.02
ITEM_108516,ORD_25133,PROD_515,1,189.61,0.0
ITEM_108517,ORD_25134,PROD_529,1,24.28,0.0
ITEM_108518,ORD_25134,PROD_518,1,148.06,0.0
ITEM_108519,ORD_25135,PROD_533,1,161.57,16.16
ITEM_108520,ORD_25135,PROD_502,1,242.11,36.32
ITEM_108521,ORD_25135,PROD_517,1,232.38,11.62
ITEM_108522,ORD_25136,PROD_558,1,152.68,0.0
ITEM_108523,ORD_25137,PROD_553,1,123.16,0.0
ITEM_108524,ORD_25137,PROD_502,2,242.11,0.0
ITEM_108525,ORD_25137,PROD_513,1,126.72,0.0
ITEM_108526,ORD_25138,PROD_574,2,250.97,50.19
ITEM_108527,ORD_25138,PROD_523,1,104.47,0.0
ITEM_108528,ORD_25139,PROD_571,1,211.74,10.59
ITEM_108529,ORD_25139,PROD_514,1,255.83,0.0
ITEM_108530,ORD_25139,PROD_537,2,145.12,0.0
ITEM_108531,ORD_25139,PROD_564,2,77.5,0.0
ITEM_108532,ORD_25140,PROD_572,1,144.07,14.41
ITEM_108533,ORD_25141,PROD_505,1,64.22,0.0
ITEM_108534,ORD_25141,PROD_522,1,209.52,0.0
ITEM_108535,ORD_25142,PROD_561,1,375.16,0.0
ITEM_108536,ORD_25142,PROD_567,2,103.84,0.0
ITEM_108537,ORD_25142,PROD_538,2,153.61,15.36
ITEM_108538,ORD_25143,PROD_515,1,189.61,9.48
ITEM_108539,ORD_25144,PROD_522,2,209.52,0.0
ITEM_108540,ORD_25145,PROD_545,1,246.78,24.68
ITEM_108541,ORD_25145,PROD_512,1,151.42,0.0
ITEM_108542,ORD_25145,PROD_533,1,161.57,16.16
ITEM_108543,ORD_25145,PROD_577,1,71.78,0.0
ITEM_108544,ORD_25146,PROD_540,1,48.42,0.0
ITEM_108545,ORD_25147,PROD_513,1,126.72,6.34
ITEM_108546,ORD_25148,PROD_555,1,121.11,6.06
ITEM_108547,ORD_25148,PROD_525,1,227.68,0.0
ITEM_108548,ORD_25149,PROD_515,1,189.61,0.0
ITEM_108549,ORD_25149,PROD_568,1,116.17,0.0
ITEM_108550,ORD_25149,PROD_522,1,209.52,0.0
ITEM_108551,ORD_25150,PROD_560,1,88.9,0.0
ITEM_108552,ORD_25151,PROD_578,1,165.8,0.0
ITEM_108553,ORD_25152,PROD_555,2,121.11,0.0
ITEM_108554,ORD_25153,PROD_526,1,212.22,0.0
ITEM_108555,ORD_25153,PROD_563,1,317.9,0.0
ITEM_108556,ORD_25153,PROD_522,1,209.52,0.0
ITEM_108557,ORD_25154,PROD_520,2,74.25,0.0
ITEM_108558,ORD_25154,PROD_533,1,161.57,0.0
ITEM_108559,ORD_25154,PROD_517,2,232.38,0.0
ITEM_108560,ORD_25155,PROD_563,1,317.9,31.79
ITEM_108561,ORD_25156,PROD_545,2,246.78,0.0
ITEM_108562,ORD_25157,PROD_572,1,144.07,0.0
ITEM_108563,ORD_25158,PROD_527,2,218.49,0.0
ITEM_108564,ORD_25158,PROD_558,2,152.68,0.0
ITEM_108565,ORD_25158,PROD_546,1,209.69,0.0
ITEM_108566,ORD_25159,PROD_580,1,221.1,0.0
ITEM_108567,ORD_25159,PROD_506,2,240.11,0.0
ITEM_108568,ORD_25160,PROD_535,1,36.04,0.0
ITEM_108569,ORD_25161,PROD_568,1,116.17,5.81
ITEM_108570,ORD_25161,PROD_545,2,246.78,0.0
ITEM_108571,ORD_25162,PROD_550,1,19.6,0.0
ITEM_108572,ORD_25162,PROD_531,1,242.35,0.0
ITEM_108573,ORD_25163,PROD_531,1,242.35,0.0
ITEM_108574,ORD_25164,PROD_558,1,152.68,15.27
ITEM_108575,ORD_25165,PROD_516,2,91.12,18.22
ITEM_108576,ORD_25166,PROD_505,1,64.22,0.0
ITEM_108577,ORD_25167,PROD_534,1,46.48,0.0
ITEM_108578,ORD_25167,PROD_550,1,19.6,0.98
ITEM_108579,ORD_25168,PROD_573,1,121.95,0.0
ITEM_108580,ORD_25168,PROD_534,1,46.48,6.97
ITEM_108581,ORD_25169,PROD_531,2,242.35,0.0
ITEM_108582,ORD_25169,PROD_547,1,20.21,1.01
ITEM_108583,ORD_25170,PROD_532,1,272.35,13.62
ITEM_108584,ORD_25171,PROD_564,1,77.5,7.75
ITEM_108585,ORD_25172,PROD_508,1,312.13,0.0
ITEM_108586,ORD_25173,PROD_576,1,75.48,0.0
ITEM_108587,ORD_25173,PROD_545,1,246.78,0.0
ITEM_108588,ORD_25174,PROD_567,1,103.84,0.0
ITEM_108589,ORD_25175,PROD_515,1,189.61,0.0
ITEM_108590,ORD_25176,PROD_536,1,242.17,0.0
ITEM_108591,ORD_25177,PROD_571,1,211.74,0.0
ITEM_108592,ORD_25177,PROD_518,1,148.06,0.0
ITEM_108593,ORD_25178,PROD_560,2,88.9,8.89
ITEM_108594,ORD_25178,PROD_577,3,71.78,0.0
ITEM_108595,ORD_25179,PROD_578,1,165.8,0.0
ITEM_108596,ORD_25180,PROD_540,1,48.42,0.0
ITEM_108597,ORD_25181,PROD_539,1,250.31,0.0
ITEM_108598,ORD_25182,PROD_537,2,145.12,0.0
ITEM_108599,ORD_25182,PROD_530,1,142.79,14.28
ITEM_108600,ORD_25183,PROD_572,1,144.07,0.0
ITEM_108601,ORD_25183,PROD_521,1,141.39,21.21
ITEM_108602,ORD_25184,PROD_503,3,157.89,23.68
ITEM_108603,ORD_25184,PROD_576,2,75.48,0.0
ITEM_108604,ORD_25184,PROD_512,1,151.42,0.0
ITEM_108605,ORD_25185,PROD_574,1,250.97,0.0
ITEM_108606,ORD_25186,PROD_507,1,16.01,0.0
ITEM_108607,ORD_25187,PROD_524,1,116.66,0.0
ITEM_108608,ORD_25187,PROD_554,1,309.23,0.0
ITEM_108609,ORD_25188,PROD_558,1,152.68,0.0
ITEM_108610,ORD_25188,PROD_502,2,242.11,48.42
ITEM_108611,ORD_25189,PROD_580,2,221.1,22.11
ITEM_108612,ORD_25189,PROD_522,2,209.52,0.0
ITEM_108613,ORD_25190,PROD_568,1,116.17,0.0
ITEM_108614,ORD_25190,PROD_564,2,77.5,0.0
ITEM_108615,ORD_25191,PROD_567,1,103.84,5.19
ITEM_108616,ORD_25192,PROD_550,1,19.6,0.0
ITEM_108617,ORD_25192,PROD_558,1,152.68,0.0
ITEM_108618,ORD_25193,PROD_547,1,20.21,0.0
ITEM_108619,ORD_25193,PROD_523,1,104.47,10.45
ITEM_108620,ORD_25194,PROD_507,1,16.01,1.6
ITEM_108621,ORD_25195,PROD_558,1,152.68,0.0
ITEM_108622,ORD_25196,PROD_574,1,250.97,0.0
ITEM_108623,ORD_25196,PROD_561,1,375.16,0.0
ITEM_108624,ORD_25197,PROD_574,2,250.97,0.0
ITEM_108625,ORD_25197,PROD_532,2,272.35,0.0
ITEM_108626,ORD_25198,PROD_537,1,145.12,0.0
ITEM_108627,ORD_25198,PROD_527,3,218.49,0.0
ITEM_108628,ORD_25199,PROD_508,1,312.13,0.0
ITEM_108629,ORD_25200,PROD_546,1,209.69,0.0
ITEM_108630,ORD_25201,PROD_546,3,209.69,0.0
ITEM_108631,ORD_25201,PROD_576,1,75.48,3.77
ITEM_108632,ORD_25202,PROD_552,1,157.7,0.0
ITEM_108633,ORD_25202,PROD_541,1,137.54,13.75
ITEM_108634,ORD_25203,PROD_505,1,64.22,0.0
ITEM_108635,ORD_25204,PROD_551,1,148.84,0.0
ITEM_108636,ORD_25204,PROD_533,1,161.57,0.0
ITEM_108637,ORD_25204,PROD_541,1,137.54,0.0
ITEM_108638,ORD_25204,PROD_566,2,250.95,75.28
ITEM_108639,ORD_25205,PROD_544,1,280.84,0.0
ITEM_108640,ORD_25206,PROD_510,1,220.56,0.0
ITEM_108641,ORD_25206,PROD_508,3,312.13,46.82
ITEM_108642,ORD_25207,PROD_573,1,121.95,0.0
ITEM_108643,ORD_25207,PROD_523,1,104.47,5.22
ITEM_108644,ORD_25208,PROD_566,1,250.95,0.0
ITEM_108645,ORD_25209,PROD_518,2,148.06,29.61
ITEM_108646,ORD_25210,PROD_518,1,148.06,0.0
ITEM_108647,ORD_25210,PROD_557,2,170.75,34.15
ITEM_108648,ORD_25210,PROD_543,3,313.64,0.0
ITEM_108649,ORD_25210,PROD_537,2,145.12,0.0
ITEM_108650,ORD_25211,PROD_557,1,170.75,17.07
ITEM_108651,ORD_25212,PROD_519,2,236.9,23.69
ITEM_108652,ORD_25213,PROD_549,2,112.15,22.43
ITEM_108653,ORD_25213,PROD_540,1,48.42,0.0
ITEM_108654,ORD_25213,PROD_520,1,74.25,3.71
ITEM_108655,ORD_25213,PROD_542,1,140.18,0.0
ITEM_108656,ORD_25214,PROD_536,1,242.17,0.0
ITEM_108657,ORD_25214,PROD_516,1,91.12,0.0
ITEM_108658,ORD_25215,PROD_502,1,242.11,0.0
ITEM_108659,ORD_25216,PROD_546,3,209.69,0.0
ITEM_108660,ORD_25216,PROD_578,1,165.8,0.0
ITEM_108661,ORD_25217,PROD_509,2,213.9,0.0
ITEM_108662,ORD_25217,PROD_519,1,236.9,23.69
ITEM_108663,ORD_25218,PROD_547,1,20.21,1.01
ITEM_108664,ORD_25218,PROD_559,2,149.13,14.91
ITEM_108665,ORD_25219,PROD_525,1,227.68,11.38
ITEM_108666,ORD_25220,PROD_523,1,104.47,0.0
ITEM_108667,ORD_25220,PROD_533,1,161.57,0.0
ITEM_108668,ORD_25220,PROD_555,2,121.11,12.11
ITEM_108669,ORD_25221,PROD_520,1,74.25,3.71
ITEM_108670,ORD_25222,PROD_527,2,218.49,21.85
ITEM_108671,ORD_25222,PROD_568,1,116.17,5.81
ITEM_108672,ORD_25222,PROD_501,2,199.67,0.0
ITEM_108673,ORD_25223,PROD_550,1,19.6,0.0
ITEM_108674,ORD_25223,PROD_513,2,126.72,38.02
ITEM_108675,ORD_25223,PROD_566,1,250.95,37.64
ITEM_108676,ORD_25224,PROD_560,1,88.9,0.0
ITEM_108677,ORD_25224,PROD_576,1,75.48,0.0
ITEM_108678,ORD_25225,PROD_517,1,232.38,0.0
ITEM_108679,ORD_25225,PROD_503,2,157.89,0.0
ITEM_108680,ORD_25226,PROD_536,1,242.17,0.0
ITEM_108681,ORD_25227,PROD_506,1,240.11,0.0
ITEM_108682,ORD_25227,PROD_508,3,312.13,0.0
ITEM_108683,ORD_25228,PROD_522,1,209.52,10.48
ITEM_108684,ORD_25229,PROD_545,1,246.78,0.0
ITEM_108685,ORD_25230,PROD_516,2,91.12,0.0
ITEM_108686,ORD_25230,PROD_568,2,116.17,0.0
ITEM_108687,ORD_25231,PROD_533,2,161.57,48.47
ITEM_108688,ORD_25231,PROD_549,2,112.15,11.22
ITEM_108689,ORD_25231,PROD_542,1,140.18,0.0
ITEM_108690,ORD_25231,PROD_510,1,220.56,0.0
ITEM_108691,ORD_25232,PROD_565,2,16.38,0.0
ITEM_108692,ORD_25233,PROD_556,1,171.31,8.57
ITEM_108693,ORD_25234,PROD_541,1,137.54,0.0
ITEM_108694,ORD_25234,PROD_506,1,240.11,0.0
ITEM_108695,ORD_25234,PROD_508,2,312.13,0.0
ITEM_108696,ORD_25235,PROD_534,1,46.48,0.0
ITEM_108697,ORD_25236,PROD_519,2,236.9,0.0
ITEM_108698,ORD_25236,PROD_573,1,121.95,0.0
ITEM_108699,ORD_25236,PROD_518,2,148.06,0.0
ITEM_108700,ORD_25236,PROD_548,2,54.38,0.0
ITEM_108701,ORD_25237,PROD_575,1,175.82,0.0
ITEM_108702,ORD_25238,PROD_580,1,221.1,11.05
ITEM_108703,ORD_25238,PROD_545,2,246.78,49.36
ITEM_108704,ORD_25239,PROD_512,3,151.42,0.0
ITEM_108705,ORD_25240,PROD_579,1,221.42,0.0
ITEM_108706,ORD_25241,PROD_526,1,212.22,0.0
ITEM_108707,ORD_25242,PROD_546,3,209.69,94.36
ITEM_108708,ORD_25242,PROD_529,1,24.28,0.0
ITEM_108709,ORD_25243,PROD_575,1,175.82,0.0
ITEM_108710,ORD_25244,PROD_538,1,153.61,0.0
ITEM_108711,ORD_25245,PROD_518,1,148.06,22.21
ITEM_108712,ORD_25245,PROD_562,1,225.46,11.27
ITEM_108713,ORD_25246,PROD_522,3,209.52,31.43
ITEM_108714,ORD_25246,PROD_550,1,19.6,0.0
ITEM_108715,ORD_25247,PROD_553,1,123.16,0.0
ITEM_108716,ORD_25247,PROD_518,1,148.06,0.0
ITEM_108717,ORD_25248,PROD_501,1,199.67,0.0
ITEM_108718,ORD_25248,PROD_522,1,209.52,0.0
ITEM_108719,ORD_25249,PROD_560,1,88.9,4.45
ITEM_108720,ORD_25250,PROD_572,1,144.07,0.0
ITEM_108721,ORD_25251,PROD_507,2,16.01,0.0
ITEM_108722,ORD_25251,PROD_556,1,171.31,17.13
ITEM_108723,ORD_25252,PROD_537,1,145.12,0.0
ITEM_108724,ORD_25253,PROD_513,1,126.72,0.0
ITEM_108725,ORD_25253,PROD_567,1,103.84,0.0
ITEM_108726,ORD_25254,PROD_529,1,24.28,0.0
ITEM_108727,ORD_25254,PROD_550,1,19.6,2.94
ITEM_108728,ORD_25254,PROD_566,1,250.95,0.0
ITEM_108729,ORD_25255,PROD_517,1,232.38,34.86
ITEM_108730,ORD_25256,PROD_541,1,137.54,6.88
ITEM_108731,ORD_25256,PROD_553,1,123.16,0.0
ITEM_108732,ORD_25256,PROD_575,1,175.82,0.0
ITEM_108733,ORD_25257,PROD_536,2,242.17,0.0
ITEM_108734,ORD_25258,PROD_505,1,64.22,0.0
ITEM_108735,ORD_25259,PROD_534,1,46.48,2.32
ITEM_108736,ORD_25260,PROD_574,1,250.97,0.0
ITEM_108737,ORD_25261,PROD_510,1,220.56,0.0
ITEM_108738,ORD_25262,PROD_554,1,309.23,0.0
ITEM_108739,ORD_25262,PROD_571,2,211.74,21.17
ITEM_108740,ORD_25263,PROD_554,1,309.23,30.92
ITEM_108741,ORD_25264,PROD_574,1,250.97,25.1
ITEM_108742,ORD_25264,PROD_529,1,24.28,0.0
ITEM_108743,ORD_25265,PROD_552,1,157.7,0.0
ITEM_108744,ORD_25265,PROD_539,1,250.31,0.0
ITEM_108745,ORD_25266,PROD_515,3,189.61,0.0
ITEM_108746,ORD_25266,PROD_551,1,148.84,7.44
ITEM_108747,ORD_25267,PROD_580,1,221.1,0.0
ITEM_108748,ORD_25267,PROD_565,1,16.38,0.0
ITEM_108749,ORD_25268,PROD_557,1,170.75,8.54
ITEM_108750,ORD_25268,PROD_551,1,148.84,0.0
ITEM_108751,ORD_25268,PROD_561,1,375.16,18.76
ITEM_108752,ORD_25269,PROD_518,1,148.06,0.0
ITEM_108753,ORD_25270,PROD_534,1,46.48,4.65
ITEM_108754,ORD_25271,PROD_557,1,170.75,17.07
ITEM_108755,ORD_25272,PROD_509,2,213.9,42.78
ITEM_108756,ORD_25272,PROD_571,1,211.74,10.59
ITEM_108757,ORD_25273,PROD_572,1,144.07,0.0
ITEM_108758,ORD_25273,PROD_534,1,46.48,0.0
ITEM_108759,ORD_25273,PROD_564,1,77.5,0.0
ITEM_108760,ORD_25273,PROD_538,1,153.61,23.04
ITEM_108761,ORD_25274,PROD_552,1,157.7,7.88
ITEM_108762,ORD_25275,PROD_539,1,250.31,0.0
ITEM_108763,ORD_25275,PROD_546,1,209.69,0.0
ITEM_108764,ORD_25275,PROD_567,1,103.84,0.0
ITEM_108765,ORD_25276,PROD_539,1,250.31,0.0
ITEM_108766,ORD_25277,PROD_511,1,295.08,0.0
ITEM_108767,ORD_25278,PROD_504,1,130.74,0.0
ITEM_108768,ORD_25279,PROD_539,1,250.31,0.0
ITEM_108769,ORD_25279,PROD_548,1,54.38,0.0
ITEM_108770,ORD_25280,PROD_550,2,19.6,1.96
ITEM_108771,ORD_25280,PROD_532,1,272.35,0.0
ITEM_108772,ORD_25280,PROD_530,1,142.79,0.0
ITEM_108773,ORD_25281,PROD_519,2,236.9,23.69
ITEM_108774,ORD_25281,PROD_507,1,16.01,1.6
ITEM_108775,ORD_25282,PROD_514,1,255.83,0.0
ITEM_108776,ORD_25283,PROD_558,1,152.68,0.0
ITEM_108777,ORD_25284,PROD_534,1,46.48,0.0
ITEM_108778,ORD_25285,PROD_522,1,209.52,0.0
ITEM_108779,ORD_25285,PROD_508,1,312.13,46.82
ITEM_108780,ORD_25286,PROD_578,1,165.8,24.87
ITEM_108781,ORD_25286,PROD_512,1,151.42,0.0
ITEM_108782,ORD_25286,PROD_561,1,375.16,0.0
ITEM_108783,ORD_25287,PROD_554,1,309.23,15.46
ITEM_108784,ORD_25288,PROD_567,1,103.84,0.0
ITEM_108785,ORD_25289,PROD_546,2,209.69,20.97
ITEM_108786,ORD_25289,PROD_557,1,170.75,0.0
ITEM_108787,ORD_25290,PROD_539,1,250.31,0.0
ITEM_108788,ORD_25291,PROD_524,1,116.66,0.0
ITEM_108789,ORD_25291,PROD_513,2,126.72,0.0
ITEM_108790,ORD_25292,PROD_503,1,157.89,7.89
ITEM_108791,ORD_25292,PROD_534,1,46.48,0.0
ITEM_108792,ORD_25293,PROD_519,2,236.9,0.0
ITEM_108793,ORD_25294,PROD_565,2,16.38,1.64
ITEM_108794,ORD_25295,PROD_526,1,212.22,0.0
ITEM_108795,ORD_25295,PROD_578,1,165.8,0.0
ITEM_108796,ORD_25295,PROD_572,2,144.07,0.0
ITEM_108797,ORD_25295,PROD_511,2,295.08,0.0
ITEM_108798,ORD_25296,PROD_518,2,148.06,0.0
ITEM_108799,ORD_25297,PROD_518,2,148.06,14.81
ITEM_108800,ORD_25297,PROD_529,1,24.28,0.0
ITEM_108801,ORD_25298,PROD_548,1,54.38,0.0
ITEM_108802,ORD_25299,PROD_545,1,246.78,0.0
ITEM_108803,ORD_25300,PROD_543,1,313.64,0.0
ITEM_108804,ORD_25301,PROD_570,1,85.34,0.0
ITEM_108805,ORD_25301,PROD_526,1,212.22,0.0
ITEM_108806,ORD_25302,PROD_576,1,75.48,0.0
ITEM_108807,ORD_25302,PROD_562,2,225.46,22.55
ITEM_108808,ORD_25303,PROD_540,1,48.42,2.42
ITEM_108809,ORD_25304,PROD_540,1,48.42,0.0
ITEM_108810,ORD_25305,PROD_570,2,85.34,0.0
ITEM_108811,ORD_25306,PROD_538,3,153.61,0.0
ITEM_108812,ORD_25306,PROD_512,1,151.42,0.0
ITEM_108813,ORD_25307,PROD_515,1,189.61,0.0
ITEM_108814,ORD_25307,PROD_512,1,151.42,0.0
ITEM_108815,ORD_25308,PROD_580,1,221.1,22.11
ITEM_108816,ORD_25308,PROD_540,1,48.42,0.0
ITEM_108817,ORD_25309,PROD_557,2,170.75,0.0
ITEM_108818,ORD_25310,PROD_545,1,246.78,0.0
ITEM_108819,ORD_25311,PROD_567,1,103.84,0.0
ITEM_108820,ORD_25311,PROD_552,1,157.7,0.0
ITEM_108821,ORD_25312,PROD_532,1,272.35,0.0
ITEM_108822,ORD_25312,PROD_530,1,142.79,7.14
ITEM_108823,ORD_25312,PROD_552,2,157.7,31.54
ITEM_108824,ORD_25313,PROD_575,1,175.82,0.0
ITEM_108825,ORD_25313,PROD_556,1,171.31,0.0
ITEM_108826,ORD_25314,PROD_511,3,295.08,44.26
ITEM_108827,ORD_25314,PROD_503,2,157.89,15.79
ITEM_108828,ORD_25314,PROD_540,1,48.42,2.42
ITEM_108829,ORD_25315,PROD_542,2,140.18,14.02
ITEM_108830,ORD_25315,PROD_511,3,295.08,0.0
ITEM_108831,ORD_25316,PROD_522,1,209.52,0.0
ITEM_108832,ORD_25317,PROD_576,1,75.48,0.0
ITEM_108833,ORD_25318,PROD_506,1,240.11,0.0
ITEM_108834,ORD_25318,PROD_563,1,317.9,0.0
ITEM_108835,ORD_25318,PROD_575,1,175.82,0.0
ITEM_108836,ORD_25319,PROD_523,1,104.47,10.45
ITEM_108837,ORD_25320,PROD_512,1,151.42,22.71
ITEM_108838,ORD_25320,PROD_553,1,123.16,0.0
ITEM_108839,ORD_25321,PROD_556,1,171.31,0.0
ITEM_108840,ORD_25322,PROD_551,2,148.84,0.0
ITEM_108841,ORD_25322,PROD_547,1,20.21,0.0
ITEM_108842,ORD_25323,PROD_519,1,236.9,0.0
ITEM_108843,ORD_25323,PROD_556,1,171.31,0.0
ITEM_108844,ORD_25324,PROD_532,1,272.35,0.0
ITEM_108845,ORD_25324,PROD_528,1,17.95,0.0
ITEM_108846,ORD_25325,PROD_578,1,165.8,0.0
ITEM_108847,ORD_25326,PROD_535,1,36.04,0.0
ITEM_108848,ORD_25327,PROD_558,2,152.68,0.0
ITEM_108849,ORD_25328,PROD_533,2,161.57,16.16
ITEM_108850,ORD_25328,PROD_547,1,20.21,0.0
ITEM_108851,ORD_25328,PROD_539,2,250.31,0.0
ITEM_108852,ORD_25329,PROD_505,2,64.22,0.0
ITEM_108853,ORD_25329,PROD_577,1,71.78,0.0
ITEM_108854,ORD_25330,PROD_551,1,148.84,0.0
ITEM_108855,ORD_25330,PROD_564,1,77.5,0.0
ITEM_108856,ORD_25330,PROD_541,2,137.54,0.0
ITEM_108857,ORD_25331,PROD_513,1,126.72,0.0
ITEM_108858,ORD_25332,PROD_532,1,272.35,0.0
ITEM_108859,ORD_25333,PROD_539,1,250.31,0.0
ITEM_108860,ORD_25334,PROD_535,1,36.04,0.0
ITEM_108861,ORD_25335,PROD_556,1,171.31,0.0
ITEM_108862,ORD_25336,PROD_566,1,250.95,0.0
ITEM_108863,ORD_25337,PROD_566,1,250.95,0.0
ITEM_108864,ORD_25338,PROD_537,1,145.12,14.51
ITEM_108865,ORD_25338,PROD_506,1,240.11,0.0
ITEM_108866,ORD_25338,PROD_546,1,209.69,0.0
ITEM_108867,ORD_25339,PROD_563,2,317.9,0.0
ITEM_108868,ORD_25339,PROD_517,2,232.38,0.0
ITEM_108869,ORD_25340,PROD_518,2,148.06,0.0
ITEM_108870,ORD_25341,PROD_525,2,227.68,0.0
ITEM_108871,ORD_25341,PROD_580,1,221.1,11.05
ITEM_108872,ORD_25341,PROD_548,1,54.38,2.72
ITEM_108873,ORD_25341,PROD_570,1,85.34,0.0
ITEM_108874,ORD_25342,PROD_577,1,71.78,0.0
ITEM_108875,ORD_25343,PROD_531,1,242.35,0.0
ITEM_108876,ORD_25344,PROD_543,1,313.64,0.0
ITEM_108877,ORD_25344,PROD_518,1,148.06,14.81
ITEM_108878,ORD_25345,PROD_541,1,137.54,0.0
ITEM_108879,ORD_25345,PROD_555,1,121.11,18.17
ITEM_108880,ORD_25345,PROD_548,2,54.38,0.0
ITEM_108881,ORD_25346,PROD_580,1,221.1,0.0
ITEM_108882,ORD_25347,PROD_537,1,145.12,7.26
ITEM_108883,ORD_25348,PROD_528,1,17.95,0.0
ITEM_108884,ORD_25348,PROD_531,1,242.35,0.0
ITEM_108885,ORD_25349,PROD_504,2,130.74,0.0
ITEM_108886,ORD_25350,PROD_535,1,36.04,0.0
ITEM_108887,ORD_25351,PROD_546,2,209.69,20.97
ITEM_108888,ORD_25351,PROD_571,1,211.74,10.59
ITEM_108889,ORD_25351,PROD_530,1,142.79,0.0
ITEM_108890,ORD_25352,PROD_502,1,242.11,0.0
ITEM_108891,ORD_25353,PROD_563,1,317.9,15.89
ITEM_108892,ORD_25354,PROD_509,1,213.9,10.7
ITEM_108893,ORD_25355,PROD_532,1,272.35,0.0
ITEM_108894,ORD_25356,PROD_553,1,123.16,0.0
ITEM_108895,ORD_25356,PROD_522,1,209.52,0.0
ITEM_108896,ORD_25357,PROD_515,1,189.61,9.48
ITEM_108897,ORD_25358,PROD_521,1,141.39,0.0
ITEM_108898,ORD_25358,PROD_510,1,220.56,0.0
ITEM_108899,ORD_25359,PROD_533,1,161.57,0.0
ITEM_108900,ORD_25360,PROD_507,1,16.01,0.0
ITEM_108901,ORD_25361,PROD_538,2,153.61,0.0
ITEM_108902,ORD_25362,PROD_508,1,312.13,15.61
ITEM_108903,ORD_25363,PROD_540,2,48.42,0.0
ITEM_108904,ORD_25364,PROD_574,2,250.97,0.0
ITEM_108905,ORD_25365,PROD_550,1,19.6,0.0
ITEM_108906,ORD_25366,PROD_525,1,227.68,0.0
ITEM_108907,ORD_25367,PROD_561,2,375.16,0.0
ITEM_108908,ORD_25368,PROD_561,1,375.16,37.52
ITEM_108909,ORD_25368,PROD_514,1,255.83,0.0
ITEM_108910,ORD_25369,PROD_553,1,123.16,0.0
ITEM_108911,ORD_25369,PROD_519,1,236.9,0.0
ITEM_108912,ORD_25369,PROD_564,1,77.5,3.88
ITEM_108913,ORD_25370,PROD_573,1,121.95,0.0
ITEM_108914,ORD_25371,PROD_515,1,189.61,0.0
ITEM_108915,ORD_25372,PROD_506,2,240.11,0.0
ITEM_108916,ORD_25373,PROD_509,1,213.9,0.0
ITEM_108917,ORD_25374,PROD_550,2,19.6,0.0
ITEM_108918,ORD_25374,PROD_548,2,54.38,0.0
ITEM_108919,ORD_25374,PROD_514,2,255.83,51.17
ITEM_108920,ORD_25375,PROD_580,1,221.1,0.0
ITEM_108921,ORD_25376,PROD_540,1,48.42,0.0
ITEM_108922,ORD_25376,PROD_515,1,189.61,0.0
ITEM_108923,ORD_25377,PROD_580,1,221.1,0.0
ITEM_108924,ORD_25378,PROD_574,2,250.97,0.0
ITEM_108925,ORD_25378,PROD_526,1,212.22,21.22
ITEM_108926,ORD_25379,PROD_515,1,189.61,0.0
ITEM_108927,ORD_25379,PROD_518,1,148.06,0.0
ITEM_108928,ORD_25380,PROD_557,1,170.75,0.0
ITEM_108929,ORD_25381,PROD_513,2,126.72,25.34
ITEM_108930,ORD_25381,PROD_557,1,170.75,17.07
ITEM_108931,ORD_25382,PROD_572,2,144.07,14.41
ITEM_108932,ORD_25382,PROD_544,3,280.84,0.0
ITEM_108933,ORD_25383,PROD_553,2,123.16,0.0
ITEM_108934,ORD_25383,PROD_503,3,157.89,0.0
ITEM_108935,ORD_25384,PROD_535,1,36.04,0.0
ITEM_108936,ORD_25385,PROD_578,3,165.8,0.0
ITEM_108937,ORD_25386,PROD_532,1,272.35,0.0
ITEM_108938,ORD_25387,PROD_517,1,232.38,0.0
ITEM_108939,ORD_25387,PROD_561,1,375.16,0.0
ITEM_108940,ORD_25387,PROD_516,1,91.12,0.0
ITEM_108941,ORD_25388,PROD_578,1,165.8,16.58
ITEM_108942,ORD_25389,PROD_508,1,312.13,0.0
ITEM_108943,ORD_25390,PROD_554,1,309.23,0.0
ITEM_108944,ORD_25391,PROD_554,2,309.23,0.0
ITEM_108945,ORD_25392,PROD_563,1,317.9,15.89
ITEM_108946,ORD_25393,PROD_554,2,309.23,0.0
ITEM_108947,ORD_25394,PROD_578,1,165.8,0.0
ITEM_108948,ORD_25395,PROD_524,1,116.66,0.0
ITEM_108949,ORD_25396,PROD_543,1,313.64,31.36
ITEM_108950,ORD_25397,PROD_548,1,54.38,0.0
ITEM_108951,ORD_25398,PROD_538,2,153.61,0.0
ITEM_108952,ORD_25399,PROD_571,1,211.74,21.17
ITEM_108953,ORD_25400,PROD_568,2,116.17,0.0
ITEM_108954,ORD_25400,PROD_571,1,211.74,21.17
ITEM_108955,ORD_25400,PROD_513,1,126.72,12.67
ITEM_108956,ORD_25401,PROD_541,1,137.54,0.0
ITEM_108957,ORD_25402,PROD_567,2,103.84,0.0
ITEM_108958,ORD_25403,PROD_514,1,255.83,0.0
ITEM_108959,ORD_25404,PROD_509,1,213.9,10.7
ITEM_108960,ORD_25405,PROD_550,1,19.6,0.0
ITEM_108961,ORD_25405,PROD_545,1,246.78,0.0
ITEM_108962,ORD_25406,PROD_543,2,313.64,62.73
ITEM_108963,ORD_25407,PROD_522,1,209.52,0.0
ITEM_108964,ORD_25407,PROD_543,1,313.64,31.36
ITEM_108965,ORD_25408,PROD_520,1,74.25,0.0
ITEM_108966,ORD_25409,PROD_508,1,312.13,0.0
ITEM_108967,ORD_25409,PROD_554,1,309.23,0.0
ITEM_108968,ORD_25410,PROD_568,1,116.17,11.62
ITEM_108969,ORD_25411,PROD_504,1,130.74,0.0
ITEM_108970,ORD_25411,PROD_580,1,221.1,0.0
ITEM_108971,ORD_25412,PROD_537,1,145.12,0.0
ITEM_108972,ORD_25412,PROD_569,2,274.5,0.0
ITEM_108973,ORD_25412,PROD_547,2,20.21,4.04
ITEM_108974,ORD_25412,PROD_562,1,225.46,0.0
ITEM_108975,ORD_25413,PROD_556,1,171.31,0.0
ITEM_108976,ORD_25413,PROD_525,2,227.68,0.0
ITEM_108977,ORD_25414,PROD_538,1,153.61,0.0
ITEM_108978,ORD_25414,PROD_551,3,148.84,0.0
ITEM_108979,ORD_25415,PROD_568,1,116.17,0.0
ITEM_108980,ORD_25416,PROD_510,1,220.56,0.0
ITEM_108981,ORD_25417,PROD_544,1,280.84,0.0
ITEM_108982,ORD_25418,PROD_563,1,317.9,0.0
ITEM_108983,ORD_25418,PROD_508,1,312.13,0.0
ITEM_108984,ORD_25418,PROD_505,2,64.22,0.0
ITEM_108985,ORD_25419,PROD_505,1,64.22,0.0
ITEM_108986,ORD_25420,PROD_571,2,211.74,42.35
ITEM_108987,ORD_25421,PROD_512,1,151.42,0.0
ITEM_108988,ORD_25421,PROD_532,3,272.35,40.85
ITEM_108989,ORD_25421,PROD_556,1,171.31,0.0
ITEM_108990,ORD_25422,PROD_542,1,140.18,0.0
ITEM_108991,ORD_25423,PROD_537,1,145.12,0.0
ITEM_108992,ORD_25424,PROD_577,1,71.78,7.18
ITEM_108993,ORD_25425,PROD_580,2,221.1,0.0
ITEM_108994,ORD_25426,PROD_539,2,250.31,0.0
ITEM_108995,ORD_25426,PROD_510,1,220.56,11.03
ITEM_108996,ORD_25427,PROD_511,1,295.08,0.0
ITEM_108997,ORD_25428,PROD_555,1,121.11,0.0
ITEM_108998,ORD_25429,PROD_534,1,46.48,0.0
ITEM_108999,ORD_25430,PROD_541,1,137.54,0.0
ITEM_109000,ORD_25430,PROD_507,2,16.01,0.0
ITEM_109001,ORD_25431,PROD_569,2,274.5,0.0
ITEM_109002,ORD_25432,PROD_544,1,280.84,0.0
ITEM_109003,ORD_25433,PROD_534,1,46.48,0.0
ITEM_109004,ORD_25433,PROD_507,1,16.01,0.0
ITEM_109005,ORD_25434,PROD_577,2,71.78,0.0
ITEM_109006,ORD_25434,PROD_546,1,209.69,0.0
ITEM_109007,ORD_25434,PROD_529,1,24.28,0.0
ITEM_109008,ORD_25435,PROD_555,2,121.11,0.0
ITEM_109009,ORD_25436,PROD_561,1,375.16,0.0
ITEM_109010,ORD_25437,PROD_524,1,116.66,0.0
ITEM_109011,ORD_25438,PROD_553,3,123.16,0.0
ITEM_109012,ORD_25439,PROD_506,1,240.11,0.0
ITEM_109013,ORD_25439,PROD_537,1,145.12,0.0
ITEM_109014,ORD_25440,PROD_510,1,220.56,0.0
ITEM_109015,ORD_25440,PROD_528,1,17.95,0.9
ITEM_109016,ORD_25441,PROD_559,1,149.13,0.0
ITEM_109017,ORD_25441,PROD_571,2,211.74,21.17
ITEM_109018,ORD_25441,PROD_541,1,137.54,6.88
ITEM_109019,ORD_25441,PROD_577,1,71.78,0.0
ITEM_109020,ORD_25442,PROD_505,1,64.22,0.0
ITEM_109021,ORD_25443,PROD_560,1,88.9,13.34
ITEM_109022,ORD_25444,PROD_553,1,123.16,0.0
ITEM_109023,ORD_25444,PROD_548,1,54.38,0.0
ITEM_109024,ORD_25445,PROD_537,1,145.12,21.77
ITEM_109025,ORD_25445,PROD_545,1,246.78,0.0
ITEM_109026,ORD_25445,PROD_522,1,209.52,0.0
ITEM_109027,ORD_25446,PROD_526,1,212.22,0.0
ITEM_109028,ORD_25446,PROD_515,1,189.61,0.0
ITEM_109029,ORD_25447,PROD_548,1,54.38,0.0
ITEM_109030,ORD_25447,PROD_515,1,189.61,0.0
ITEM_109031,ORD_25447,PROD_506,2,240.11,0.0
ITEM_109032,ORD_25448,PROD_530,2,142.79,0.0
ITEM_109033,ORD_25448,PROD_528,1,17.95,0.0
ITEM_109034,ORD_25448,PROD_551,1,148.84,0.0
ITEM_109035,ORD_25448,PROD_580,1,221.1,0.0
ITEM_109036,ORD_25449,PROD_531,3,242.35,0.0
ITEM_109037,ORD_25450,PROD_565,1,16.38,0.82
ITEM_109038,ORD_25451,PROD_560,1,88.9,4.45
ITEM_109039,ORD_25452,PROD_518,1,148.06,0.0
ITEM_109040,ORD_25452,PROD_543,2,313.64,31.36
ITEM_109041,ORD_25453,PROD_525,2,227.68,0.0
ITEM_109042,ORD_25454,PROD_562,1,225.46,0.0
ITEM_109043,ORD_25455,PROD_554,2,309.23,61.85
ITEM_109044,ORD_25456,PROD_558,2,152.68,15.27
ITEM_109045,ORD_25456,PROD_573,1,121.95,0.0
ITEM_109046,ORD_25457,PROD_536,1,242.17,0.0
ITEM_109047,ORD_25458,PROD_525,2,227.68,0.0
ITEM_109048,ORD_25458,PROD_561,1,375.16,0.0
ITEM_109049,ORD_25458,PROD_575,1,175.82,0.0
ITEM_109050,ORD_25458,PROD_568,1,116.17,0.0
ITEM_109051,ORD_25459,PROD_520,1,74.25,0.0
ITEM_109052,ORD_25460,PROD_547,1,20.21,0.0
ITEM_109053,ORD_25461,PROD_580,1,221.1,0.0
ITEM_109054,ORD_25461,PROD_552,3,157.7,0.0
ITEM_109055,ORD_25462,PROD_509,1,213.9,0.0
ITEM_109056,ORD_25462,PROD_539,1,250.31,12.52
ITEM_109057,ORD_25462,PROD_525,1,227.68,0.0
ITEM_109058,ORD_25463,PROD_557,1,170.75,17.07
ITEM_109059,ORD_25463,PROD_572,1,144.07,14.41
ITEM_109060,ORD_25464,PROD_554,1,309.23,0.0
ITEM_109061,ORD_25465,PROD_505,1,64.22,0.0
ITEM_109062,ORD_25466,PROD_569,2,274.5,0.0
ITEM_109063,ORD_25466,PROD_521,1,141.39,0.0
ITEM_109064,ORD_25467,PROD_501,3,199.67,0.0
ITEM_109065,ORD_25468,PROD_527,1,218.49,21.85
ITEM_109066,ORD_25469,PROD_528,1,17.95,0.0
ITEM_109067,ORD_25469,PROD_569,1,274.5,0.0
ITEM_109068,ORD_25469,PROD_564,1,77.5,0.0
ITEM_109069,ORD_25470,PROD_533,1,161.57,16.16
ITEM_109070,ORD_25470,PROD_513,1,126.72,12.67
ITEM_109071,ORD_25471,PROD_504,1,130.74,6.54
ITEM_109072,ORD_25472,PROD_512,1,151.42,0.0
ITEM_109073,ORD_25473,PROD_529,1,24.28,0.0
ITEM_109074,ORD_25473,PROD_517,1,232.38,23.24
ITEM_109075,ORD_25473,PROD_548,1,54.38,2.72
ITEM_109076,ORD_25474,PROD_575,1,175.82,26.37
ITEM_109077,ORD_25474,PROD_503,3,157.89,0.0
ITEM_109078,ORD_25474,PROD_532,1,272.35,13.62
ITEM_109079,ORD_25475,PROD_546,1,209.69,0.0
ITEM_109080,ORD_25475,PROD_505,1,64.22,0.0
ITEM_109081,ORD_25476,PROD_564,1,77.5,0.0
ITEM_109082,ORD_25477,PROD_535,1,36.04,0.0
ITEM_109083,ORD_25477,PROD_503,1,157.89,0.0
ITEM_109084,ORD_25477,PROD_517,1,232.38,0.0
ITEM_109085,ORD_25478,PROD_542,1,140.18,0.0
ITEM_109086,ORD_25479,PROD_560,1,88.9,0.0
ITEM_109087,ORD_25479,PROD_562,1,225.46,33.82
ITEM_109088,ORD_25479,PROD_522,1,209.52,0.0
ITEM_109089,ORD_25480,PROD_546,1,209.69,0.0
ITEM_109090,ORD_25480,PROD_540,1,48.42,4.84
ITEM_109091,ORD_25480,PROD_553,1,123.16,6.16
ITEM_109092,ORD_25481,PROD_505,1,64.22,0.0
ITEM_109093,ORD_25482,PROD_556,1,171.31,0.0
ITEM_109094,ORD_25482,PROD_543,1,313.64,15.68
ITEM_109095,ORD_25483,PROD_515,2,189.61,0.0
ITEM_109096,ORD_25483,PROD_551,1,148.84,0.0
ITEM_109097,ORD_25484,PROD_572,1,144.07,7.2
ITEM_109098,ORD_25485,PROD_510,1,220.56,0.0
ITEM_109099,ORD_25486,PROD_512,1,151.42,15.14
ITEM_109100,ORD_25486,PROD_516,2,91.12,0.0
ITEM_109101,ORD_25487,PROD_554,1,309.23,0.0
ITEM_109102,ORD_25487,PROD_512,3,151.42,0.0
ITEM_109103,ORD_25487,PROD_559,1,149.13,0.0
ITEM_109104,ORD_25488,PROD_516,1,91.12,0.0
ITEM_109105,ORD_25488,PROD_576,1,75.48,0.0
ITEM_109106,ORD_25489,PROD_580,2,221.1,22.11
ITEM_109107,ORD_25490,PROD_548,1,54.38,0.0
ITEM_109108,ORD_25490,PROD_509,1,213.9,0.0
ITEM_109109,ORD_25491,PROD_566,1,250.95,0.0
ITEM_109110,ORD_25492,PROD_506,2,240.11,0.0
ITEM_109111,ORD_25492,PROD_544,1,280.84,14.04
ITEM_109112,ORD_25493,PROD_574,1,250.97,25.1
ITEM_109113,ORD_25494,PROD_551,2,148.84,29.77
ITEM_109114,ORD_25495,PROD_542,2,140.18,28.04
ITEM_109115,ORD_25496,PROD_546,2,209.69,0.0
ITEM_109116,ORD_25497,PROD_567,1,103.84,0.0
ITEM_109117,ORD_25497,PROD_521,1,141.39,0.0
ITEM_109118,ORD_25497,PROD_560,1,88.9,0.0
ITEM_109119,ORD_25498,PROD_522,1,209.52,20.95
ITEM_109120,ORD_25498,PROD_514,1,255.83,0.0
ITEM_109121,ORD_25499,PROD_554,1,309.23,0.0
ITEM_109122,ORD_25499,PROD_522,1,209.52,0.0
ITEM_109123,ORD_25500,PROD_505,1,64.22,6.42
ITEM_109124,ORD_25500,PROD_503,2,157.89,0.0
ITEM_109125,ORD_25501,PROD_568,1,116.17,5.81
ITEM_109126,ORD_25502,PROD_579,1,221.42,22.14
ITEM_109127,ORD_25502,PROD_508,1,312.13,46.82
ITEM_109128,ORD_25503,PROD_557,3,170.75,76.84
ITEM_109129,ORD_25504,PROD_546,1,209.69,20.97
ITEM_109130,ORD_25504,PROD_547,1,20.21,0.0
ITEM_109131,ORD_25505,PROD_535,3,36.04,0.0
ITEM_109132,ORD_25506,PROD_522,1,209.52,0.0
ITEM_109133,ORD_25507,PROD_543,1,313.64,0.0
ITEM_109134,ORD_25508,PROD_508,1,312.13,0.0
ITEM_109135,ORD_25509,PROD_577,1,71.78,0.0
ITEM_109136,ORD_25510,PROD_549,2,112.15,11.22
ITEM_109137,ORD_25510,PROD_529,1,24.28,0.0
ITEM_109138,ORD_25510,PROD_567,1,103.84,0.0
ITEM_109139,ORD_25510,PROD_521,1,141.39,14.14
ITEM_109140,ORD_25511,PROD_535,2,36.04,3.6
ITEM_109141,ORD_25511,PROD_546,2,209.69,41.94
ITEM_109142,ORD_25512,PROD_551,1,148.84,0.0
ITEM_109143,ORD_25513,PROD_561,1,375.16,0.0
ITEM_109144,ORD_25513,PROD_575,1,175.82,0.0
ITEM_109145,ORD_25514,PROD_580,1,221.1,11.05
ITEM_109146,ORD_25515,PROD_530,1,142.79,7.14
ITEM_109147,ORD_25516,PROD_566,1,250.95,25.09
ITEM_109148,ORD_25516,PROD_550,1,19.6,0.0
ITEM_109149,ORD_25517,PROD_542,1,140.18,0.0
ITEM_109150,ORD_25518,PROD_566,1,250.95,0.0
ITEM_109151,ORD_25519,PROD_567,1,103.84,0.0
ITEM_109152,ORD_25519,PROD_561,1,375.16,0.0
ITEM_109153,ORD_25519,PROD_527,1,218.49,10.92
ITEM_109154,ORD_25520,PROD_528,1,17.95,0.0
ITEM_109155,ORD_25520,PROD_509,2,213.9,0.0
ITEM_109156,ORD_25521,PROD_541,1,137.54,13.75
ITEM_109157,ORD_25522,PROD_518,1,148.06,0.0
ITEM_109158,ORD_25523,PROD_553,2,123.16,12.32
ITEM_109159,ORD_25523,PROD_548,1,54.38,0.0
ITEM_109160,ORD_25524,PROD_546,1,209.69,10.48
ITEM_109161,ORD_25524,PROD_536,1,242.17,0.0
ITEM_109162,ORD_25524,PROD_580,1,221.1,0.0
ITEM_109163,ORD_25525,PROD_557,2,170.75,34.15
ITEM_109164,ORD_25526,PROD_579,1,221.42,0.0
ITEM_109165,ORD_25527,PROD_555,1,121.11,12.11
ITEM_109166,ORD_25528,PROD_572,2,144.07,0.0
ITEM_109167,ORD_25529,PROD_574,1,250.97,0.0
ITEM_109168,ORD_25530,PROD_554,2,309.23,0.0
ITEM_109169,ORD_25531,PROD_513,1,126.72,0.0
ITEM_109170,ORD_25532,PROD_530,1,142.79,0.0
ITEM_109171,ORD_25533,PROD_545,1,246.78,0.0
ITEM_109172,ORD_25533,PROD_556,1,171.31,0.0
ITEM_109173,ORD_25534,PROD_575,2,175.82,0.0
ITEM_109174,ORD_25535,PROD_517,1,232.38,23.24
ITEM_109175,ORD_25536,PROD_580,1,221.1,0.0
ITEM_109176,ORD_25537,PROD_505,1,64.22,3.21
ITEM_109177,ORD_25538,PROD_506,1,240.11,0.0
ITEM_109178,ORD_25539,PROD_508,2,312.13,31.21
ITEM_109179,ORD_25540,PROD_565,2,16.38,3.28
ITEM_109180,ORD_25540,PROD_528,1,17.95,0.0
ITEM_109181,ORD_25540,PROD_555,2,121.11,0.0
ITEM_109182,ORD_25541,PROD_519,1,236.9,23.69
ITEM_109183,ORD_25541,PROD_547,3,20.21,3.03
ITEM_109184,ORD_25541,PROD_535,1,36.04,0.0
ITEM_109185,ORD_25541,PROD_566,1,250.95,0.0
ITEM_109186,ORD_25542,PROD_549,1,112.15,0.0
ITEM_109187,ORD_25543,PROD_514,2,255.83,25.58
ITEM_109188,ORD_25543,PROD_509,1,213.9,0.0
ITEM_109189,ORD_25544,PROD_503,2,157.89,0.0
ITEM_109190,ORD_25544,PROD_565,1,16.38,0.0
ITEM_109191,ORD_25544,PROD_506,1,240.11,0.0
ITEM_109192,ORD_25545,PROD_554,1,309.23,0.0
ITEM_109193,ORD_25546,PROD_519,2,236.9,0.0
ITEM_109194,ORD_25546,PROD_515,1,189.61,0.0
ITEM_109195,ORD_25547,PROD_579,1,221.42,22.14
ITEM_109196,ORD_25547,PROD_566,1,250.95,25.09
ITEM_109197,ORD_25548,PROD_536,2,242.17,0.0
ITEM_109198,ORD_25549,PROD_538,1,153.61,7.68
ITEM_109199,ORD_25550,PROD_550,2,19.6,3.92
ITEM_109200,ORD_25550,PROD_576,1,75.48,0.0
ITEM_109201,ORD_25551,PROD_570,1,85.34,0.0
ITEM_109202,ORD_25551,PROD_563,1,317.9,0.0
ITEM_109203,ORD_25552,PROD_530,2,142.79,28.56
ITEM_109204,ORD_25553,PROD_529,1,24.28,2.43
ITEM_109205,ORD_25554,PROD_552,2,157.7,31.54
ITEM_109206,ORD_25554,PROD_512,1,151.42,7.57
ITEM_109207,ORD_25555,PROD_564,1,77.5,0.0
ITEM_109208,ORD_25556,PROD_579,1,221.42,0.0
ITEM_109209,ORD_25557,PROD_554,1,309.23,0.0
ITEM_109210,ORD_25558,PROD_514,1,255.83,0.0
ITEM_109211,ORD_25559,PROD_541,1,137.54,0.0
ITEM_109212,ORD_25560,PROD_569,2,274.5,27.45
ITEM_109213,ORD_25560,PROD_566,1,250.95,25.09
ITEM_109214,ORD_25561,PROD_553,1,123.16,12.32
ITEM_109215,ORD_25562,PROD_571,1,211.74,10.59
ITEM_109216,ORD_25562,PROD_570,1,85.34,0.0
ITEM_109217,ORD_25562,PROD_544,1,280.84,0.0
ITEM_109218,ORD_25563,PROD_515,1,189.61,0.0
ITEM_109219,ORD_25563,PROD_537,1,145.12,14.51
ITEM_109220,ORD_25563,PROD_541,1,137.54,0.0
ITEM_109221,ORD_25564,PROD_553,1,123.16,0.0
ITEM_109222,ORD_25565,PROD_570,1,85.34,0.0
ITEM_109223,ORD_25566,PROD_565,1,16.38,0.0
ITEM_109224,ORD_25566,PROD_556,1,171.31,0.0
ITEM_109225,ORD_25567,PROD_544,2,280.84,0.0
ITEM_109226,ORD_25568,PROD_546,2,209.69,0.0
ITEM_109227,ORD_25568,PROD_567,1,103.84,0.0
ITEM_109228,ORD_25568,PROD_528,1,17.95,0.0
ITEM_109229,ORD_25568,PROD_517,1,232.38,0.0
ITEM_109230,ORD_25569,PROD_556,1,171.31,0.0
ITEM_109231,ORD_25570,PROD_526,1,212.22,10.61
ITEM_109232,ORD_25570,PROD_554,1,309.23,0.0
ITEM_109233,ORD_25571,PROD_534,1,46.48,0.0
ITEM_109234,ORD_25572,PROD_568,3,116.17,0.0
ITEM_109235,ORD_25572,PROD_539,2,250.31,0.0
ITEM_109236,ORD_25572,PROD_520,1,74.25,7.43
ITEM_109237,ORD_25573,PROD_538,1,153.61,0.0
ITEM_109238,ORD_25574,PROD_563,1,317.9,31.79
ITEM_109239,ORD_25575,PROD_508,3,312.13,93.64
ITEM_109240,ORD_25575,PROD_578,1,165.8,8.29
ITEM_109241,ORD_25576,PROD_580,1,221.1,0.0
ITEM_109242,ORD_25577,PROD_507,1,16.01,0.0
ITEM_109243,ORD_25577,PROD_514,1,255.83,0.0
ITEM_109244,ORD_25577,PROD_502,1,242.11,0.0
ITEM_109245,ORD_25577,PROD_513,1,126.72,12.67
ITEM_109246,ORD_25578,PROD_541,2,137.54,0.0
ITEM_109247,ORD_25579,PROD_513,1,126.72,19.01
ITEM_109248,ORD_25580,PROD_506,1,240.11,12.01
ITEM_109249,ORD_25580,PROD_529,2,24.28,2.43
ITEM_109250,ORD_25581,PROD_559,1,149.13,0.0
ITEM_109251,ORD_25582,PROD_511,1,295.08,29.51
ITEM_109252,ORD_25582,PROD_541,2,137.54,27.51
ITEM_109253,ORD_25583,PROD_548,1,54.38,0.0
ITEM_109254,ORD_25584,PROD_530,1,142.79,0.0
ITEM_109255,ORD_25584,PROD_564,3,77.5,0.0
ITEM_109256,ORD_25584,PROD_544,3,280.84,42.13
ITEM_109257,ORD_25585,PROD_547,1,20.21,0.0
ITEM_109258,ORD_25586,PROD_578,2,165.8,0.0
ITEM_109259,ORD_25587,PROD_568,1,116.17,0.0
ITEM_109260,ORD_25587,PROD_525,1,227.68,0.0
ITEM_109261,ORD_25588,PROD_527,2,218.49,0.0
ITEM_109262,ORD_25588,PROD_549,3,112.15,0.0
ITEM_109263,ORD_25588,PROD_545,1,246.78,0.0
ITEM_109264,ORD_25589,PROD_560,1,88.9,0.0
ITEM_109265,ORD_25589,PROD_574,1,250.97,0.0
ITEM_109266,ORD_25590,PROD_539,1,250.31,0.0
ITEM_109267,ORD_25590,PROD_578,2,165.8,33.16
ITEM_109268,ORD_25591,PROD_580,1,221.1,0.0
ITEM_109269,ORD_25592,PROD_568,1,116.17,0.0
ITEM_109270,ORD_25592,PROD_527,1,218.49,10.92
ITEM_109271,ORD_25593,PROD_542,2,140.18,0.0
ITEM_109272,ORD_25594,PROD_524,1,116.66,0.0
ITEM_109273,ORD_25595,PROD_536,1,242.17,0.0
ITEM_109274,ORD_25595,PROD_551,1,148.84,0.0
ITEM_109275,ORD_25596,PROD_573,1,121.95,0.0
ITEM_109276,ORD_25596,PROD_555,1,121.11,0.0
ITEM_109277,ORD_25596,PROD_528,2,17.95,0.0
ITEM_109278,ORD_25596,PROD_519,2,236.9,0.0
ITEM_109279,ORD_25597,PROD_544,1,280.84,14.04
ITEM_109280,ORD_25598,PROD_549,1,112.15,0.0
ITEM_109281,ORD_25598,PROD_572,1,144.07,0.0
ITEM_109282,ORD_25598,PROD_524,2,116.66,0.0
ITEM_109283,ORD_25599,PROD_517,2,232.38,0.0
ITEM_109284,ORD_25600,PROD_561,1,375.16,0.0
ITEM_109285,ORD_25601,PROD_522,1,209.52,0.0
ITEM_109286,ORD_25601,PROD_510,1,220.56,0.0
ITEM_109287,ORD_25601,PROD_528,2,17.95,0.0
ITEM_109288,ORD_25602,PROD_555,1,121.11,6.06
ITEM_109289,ORD_25603,PROD_517,1,232.38,0.0
ITEM_109290,ORD_25604,PROD_501,1,199.67,9.98
ITEM_109291,ORD_25605,PROD_517,1,232.38,0.0
ITEM_109292,ORD_25606,PROD_534,2,46.48,0.0
ITEM_109293,ORD_25607,PROD_560,1,88.9,8.89
ITEM_109294,ORD_25607,PROD_543,1,313.64,0.0
ITEM_109295,ORD_25608,PROD_524,1,116.66,5.83
ITEM_109296,ORD_25608,PROD_574,2,250.97,0.0
ITEM_109297,ORD_25608,PROD_540,1,48.42,0.0
ITEM_109298,ORD_25608,PROD_526,2,212.22,21.22
ITEM_109299,ORD_25609,PROD_579,1,221.42,0.0
ITEM_109300,ORD_25609,PROD_550,1,19.6,0.98
ITEM_109301,ORD_25610,PROD_537,2,145.12,29.02
ITEM_109302,ORD_25611,PROD_560,1,88.9,0.0
ITEM_109303,ORD_25612,PROD_517,1,232.38,23.24
ITEM_109304,ORD_25612,PROD_507,2,16.01,1.6
ITEM_109305,ORD_25612,PROD_502,1,242.11,0.0
ITEM_109306,ORD_25613,PROD_579,2,221.42,22.14
ITEM_109307,ORD_25614,PROD_533,1,161.57,0.0
ITEM_109308,ORD_25615,PROD_531,2,242.35,0.0
ITEM_109309,ORD_25616,PROD_539,1,250.31,0.0
ITEM_109310,ORD_25616,PROD_551,1,148.84,22.33
ITEM_109311,ORD_25617,PROD_535,1,36.04,5.41
ITEM_109312,ORD_25617,PROD_528,1,17.95,0.0
ITEM_109313,ORD_25618,PROD_526,1,212.22,0.0
ITEM_109314,ORD_25619,PROD_532,1,272.35,0.0
ITEM_109315,ORD_25620,PROD_580,2,221.1,0.0
ITEM_109316,ORD_25620,PROD_550,1,19.6,1.96
ITEM_109317,ORD_25621,PROD_571,1,211.74,0.0
ITEM_109318,ORD_25622,PROD_580,3,221.1,0.0
ITEM_109319,ORD_25623,PROD_561,1,375.16,37.52
ITEM_109320,ORD_25623,PROD_546,1,209.69,0.0
ITEM_109321,ORD_25624,PROD_546,1,209.69,20.97
ITEM_109322,ORD_25625,PROD_541,1,137.54,6.88
ITEM_109323,ORD_25625,PROD_529,1,24.28,2.43
ITEM_109324,ORD_25626,PROD_565,2,16.38,1.64
ITEM_109325,ORD_25626,PROD_553,1,123.16,6.16
ITEM_109326,ORD_25627,PROD_508,1,312.13,0.0
ITEM_109327,ORD_25628,PROD_564,2,77.5,0.0
ITEM_109328,ORD_25628,PROD_516,1,91.12,4.56
ITEM_109329,ORD_25628,PROD_565,1,16.38,1.64
ITEM_109330,ORD_25629,PROD_514,1,255.83,12.79
ITEM_109331,ORD_25630,PROD_549,1,112.15,0.0
ITEM_109332,ORD_25631,PROD_573,1,121.95,0.0
ITEM_109333,ORD_25632,PROD_565,1,16.38,0.0
ITEM_109334,ORD_25633,PROD_555,3,121.11,36.33
ITEM_109335,ORD_25633,PROD_519,1,236.9,0.0
ITEM_109336,ORD_25634,PROD_529,1,24.28,0.0
ITEM_109337,ORD_25634,PROD_526,1,212.22,0.0
ITEM_109338,ORD_25634,PROD_542,1,140.18,0.0
ITEM_109339,ORD_25635,PROD_503,2,157.89,0.0
ITEM_109340,ORD_25636,PROD_512,1,151.42,0.0
ITEM_109341,ORD_25637,PROD_527,3,218.49,0.0
ITEM_109342,ORD_25638,PROD_544,1,280.84,0.0
ITEM_109343,ORD_25639,PROD_555,1,121.11,0.0
ITEM_109344,ORD_25640,PROD_501,1,199.67,0.0
ITEM_109345,ORD_25640,PROD_561,2,375.16,0.0
ITEM_109346,ORD_25640,PROD_560,1,88.9,0.0
ITEM_109347,ORD_25641,PROD_510,1,220.56,11.03
ITEM_109348,ORD_25642,PROD_567,2,103.84,0.0
ITEM_109349,ORD_25643,PROD_521,1,141.39,7.07
ITEM_109350,ORD_25643,PROD_511,1,295.08,14.75
ITEM_109351,ORD_25644,PROD_558,1,152.68,0.0
ITEM_109352,ORD_25644,PROD_563,1,317.9,0.0
ITEM_109353,ORD_25644,PROD_551,2,148.84,0.0
ITEM_109354,ORD_25645,PROD_545,1,246.78,0.0
ITEM_109355,ORD_25646,PROD_509,1,213.9,0.0
ITEM_109356,ORD_25647,PROD_566,1,250.95,0.0
ITEM_109357,ORD_25647,PROD_579,1,221.42,0.0
ITEM_109358,ORD_25647,PROD_555,1,121.11,0.0
ITEM_109359,ORD_25647,PROD_563,3,317.9,95.37
ITEM_109360,ORD_25648,PROD_514,1,255.83,0.0
ITEM_109361,ORD_25648,PROD_538,1,153.61,7.68
ITEM_109362,ORD_25649,PROD_564,1,77.5,0.0
ITEM_109363,ORD_25650,PROD_506,1,240.11,12.01
ITEM_109364,ORD_25651,PROD_503,1,157.89,7.89
ITEM_109365,ORD_25652,PROD_548,1,54.38,8.16
ITEM_109366,ORD_25653,PROD_508,3,312.13,46.82
ITEM_109367,ORD_25653,PROD_513,1,126.72,0.0
ITEM_109368,ORD_25654,PROD_522,1,209.52,0.0
ITEM_109369,ORD_25655,PROD_525,1,227.68,0.0
ITEM_109370,ORD_25656,PROD_573,2,121.95,0.0
ITEM_109371,ORD_25656,PROD_504,1,130.74,0.0
ITEM_109372,ORD_25657,PROD_534,1,46.48,2.32
ITEM_109373,ORD_25658,PROD_504,2,130.74,13.07
ITEM_109374,ORD_25659,PROD_550,1,19.6,0.0
ITEM_109375,ORD_25659,PROD_528,2,17.95,0.0
ITEM_109376,ORD_25660,PROD_508,1,312.13,0.0
ITEM_109377,ORD_25661,PROD_567,1,103.84,0.0
ITEM_109378,ORD_25662,PROD_510,2,220.56,0.0
ITEM_109379,ORD_25663,PROD_570,1,85.34,8.53
ITEM_109380,ORD_25663,PROD_547,2,20.21,6.06
ITEM_109381,ORD_25664,PROD_510,3,220.56,33.08
ITEM_109382,ORD_25664,PROD_503,1,157.89,15.79
ITEM_109383,ORD_25664,PROD_556,1,171.31,0.0
ITEM_109384,ORD_25665,PROD_569,2,274.5,0.0
ITEM_109385,ORD_25665,PROD_506,1,240.11,24.01
ITEM_109386,ORD_25665,PROD_544,1,280.84,0.0
ITEM_109387,ORD_25666,PROD_536,1,242.17,0.0
ITEM_109388,ORD_25666,PROD_524,1,116.66,0.0
ITEM_109389,ORD_25666,PROD_571,1,211.74,31.76
ITEM_109390,ORD_25667,PROD_506,3,240.11,36.02
ITEM_109391,ORD_25668,PROD_568,1,116.17,0.0
ITEM_109392,ORD_25668,PROD_577,1,71.78,3.59
ITEM_109393,ORD_25669,PROD_513,1,126.72,0.0
ITEM_109394,ORD_25670,PROD_531,1,242.35,36.35
ITEM_109395,ORD_25670,PROD_548,2,54.38,10.88
ITEM_109396,ORD_25671,PROD_567,1,103.84,0.0
ITEM_109397,ORD_25672,PROD_507,1,16.01,2.4
ITEM_109398,ORD_25672,PROD_534,1,46.48,0.0
ITEM_109399,ORD_25673,PROD_536,3,242.17,108.98
ITEM_109400,ORD_25673,PROD_542,1,140.18,7.01
ITEM_109401,ORD_25674,PROD_572,1,144.07,0.0
ITEM_109402,ORD_25674,PROD_560,1,88.9,0.0
ITEM_109403,ORD_25674,PROD_529,1,24.28,0.0
ITEM_109404,ORD_25675,PROD_564,1,77.5,7.75
ITEM_109405,ORD_25676,PROD_551,2,148.84,14.88
ITEM_109406,ORD_25677,PROD_506,1,240.11,24.01
ITEM_109407,ORD_25678,PROD_548,1,54.38,0.0
ITEM_109408,ORD_25679,PROD_535,1,36.04,0.0
ITEM_109409,ORD_25679,PROD_550,1,19.6,0.0
ITEM_109410,ORD_25679,PROD_551,3,148.84,0.0
ITEM_109411,ORD_25680,PROD_566,2,250.95,0.0
ITEM_109412,ORD_25680,PROD_553,2,123.16,0.0
ITEM_109413,ORD_25681,PROD_552,1,157.7,0.0
ITEM_109414,ORD_25682,PROD_526,1,212.22,0.0
ITEM_109415,ORD_25683,PROD_565,2,16.38,0.0
ITEM_109416,ORD_25684,PROD_563,1,317.9,0.0
ITEM_109417,ORD_25685,PROD_534,2,46.48,4.65
ITEM_109418,ORD_25685,PROD_570,1,85.34,0.0
ITEM_109419,ORD_25686,PROD_527,1,218.49,0.0
ITEM_109420,ORD_25687,PROD_560,1,88.9,0.0
ITEM_109421,ORD_25687,PROD_504,1,130.74,13.07
ITEM_109422,ORD_25687,PROD_505,2,64.22,19.27
ITEM_109423,ORD_25688,PROD_554,2,309.23,0.0
ITEM_109424,ORD_25689,PROD_552,1,157.7,0.0
ITEM_109425,ORD_25689,PROD_509,1,213.9,10.7
ITEM_109426,ORD_25689,PROD_512,3,151.42,0.0
ITEM_109427,ORD_25690,PROD_570,2,85.34,8.53
ITEM_109428,ORD_25690,PROD_513,1,126.72,0.0
ITEM_109429,ORD_25690,PROD_510,1,220.56,22.06
ITEM_109430,ORD_25690,PROD_535,1,36.04,3.6
ITEM_109431,ORD_25691,PROD_530,2,142.79,14.28
ITEM_109432,ORD_25692,PROD_561,1,375.16,56.27
ITEM_109433,ORD_25692,PROD_577,1,71.78,0.0
ITEM_109434,ORD_25693,PROD_565,1,16.38,0.0
ITEM_109435,ORD_25694,PROD_502,1,242.11,12.11
ITEM_109436,ORD_25694,PROD_540,1,48.42,0.0
ITEM_109437,ORD_25694,PROD_555,1,121.11,0.0
ITEM_109438,ORD_25695,PROD_579,1,221.42,22.14
ITEM_109439,ORD_25695,PROD_527,1,218.49,0.0
ITEM_109440,ORD_25696,PROD_518,1,148.06,0.0
ITEM_109441,ORD_25697,PROD_555,1,121.11,0.0
ITEM_109442,ORD_25697,PROD_570,1,85.34,0.0
ITEM_109443,ORD_25697,PROD_505,1,64.22,3.21
ITEM_109444,ORD_25698,PROD_516,2,91.12,18.22
ITEM_109445,ORD_25699,PROD_523,1,104.47,0.0
ITEM_109446,ORD_25699,PROD_575,1,175.82,0.0
ITEM_109447,ORD_25699,PROD_550,1,19.6,0.0
ITEM_109448,ORD_25700,PROD_534,1,46.48,0.0
ITEM_109449,ORD_25701,PROD_557,3,170.75,0.0
ITEM_109450,ORD_25701,PROD_548,2,54.38,0.0
ITEM_109451,ORD_25701,PROD_577,1,71.78,3.59
ITEM_109452,ORD_25702,PROD_552,3,157.7,0.0
ITEM_109453,ORD_25702,PROD_546,1,209.69,0.0
ITEM_109454,ORD_25703,PROD_509,1,213.9,0.0
ITEM_109455,ORD_25704,PROD_518,1,148.06,7.4
ITEM_109456,ORD_25705,PROD_506,1,240.11,0.0
ITEM_109457,ORD_25706,PROD_543,1,313.64,0.0
ITEM_109458,ORD_25707,PROD_549,1,112.15,11.22
ITEM_109459,ORD_25708,PROD_504,1,130.74,0.0
ITEM_109460,ORD_25709,PROD_557,1,170.75,0.0
ITEM_109461,ORD_25710,PROD_520,1,74.25,11.14
ITEM_109462,ORD_25711,PROD_531,1,242.35,12.12
ITEM_109463,ORD_25712,PROD_560,1,88.9,0.0
ITEM_109464,ORD_25712,PROD_501,1,199.67,0.0
ITEM_109465,ORD_25712,PROD_544,1,280.84,0.0
ITEM_109466,ORD_25712,PROD_521,1,141.39,0.0
ITEM_109467,ORD_25713,PROD_544,1,280.84,0.0
ITEM_109468,ORD_25713,PROD_578,1,165.8,0.0
ITEM_109469,ORD_25714,PROD_574,1,250.97,12.55
ITEM_109470,ORD_25715,PROD_535,1,36.04,1.8
ITEM_109471,ORD_25716,PROD_572,1,144.07,0.0
ITEM_109472,ORD_25717,PROD_516,1,91.12,0.0
ITEM_109473,ORD_25717,PROD_524,2,116.66,0.0
ITEM_109474,ORD_25718,PROD_558,1,152.68,0.0
ITEM_109475,ORD_25719,PROD_579,1,221.42,0.0
ITEM_109476,ORD_25719,PROD_561,1,375.16,0.0
ITEM_109477,ORD_25719,PROD_502,2,242.11,0.0
ITEM_109478,ORD_25720,PROD_575,2,175.82,17.58
ITEM_109479,ORD_25720,PROD_571,1,211.74,0.0
ITEM_109480,ORD_25720,PROD_543,2,313.64,0.0
ITEM_109481,ORD_25720,PROD_555,1,121.11,0.0
ITEM_109482,ORD_25721,PROD_514,2,255.83,0.0
ITEM_109483,ORD_25722,PROD_544,1,280.84,0.0
ITEM_109484,ORD_25722,PROD_543,2,313.64,0.0
ITEM_109485,ORD_25723,PROD_550,1,19.6,0.98
ITEM_109486,ORD_25723,PROD_562,2,225.46,0.0
ITEM_109487,ORD_25724,PROD_558,1,152.68,7.63
ITEM_109488,ORD_25724,PROD_574,1,250.97,0.0
ITEM_109489,ORD_25725,PROD_520,1,74.25,0.0
ITEM_109490,ORD_25726,PROD_504,1,130.74,0.0
ITEM_109491,ORD_25726,PROD_573,1,121.95,0.0
ITEM_109492,ORD_25726,PROD_540,1,48.42,0.0
ITEM_109493,ORD_25726,PROD_556,1,171.31,0.0
ITEM_109494,ORD_25727,PROD_507,1,16.01,0.0
ITEM_109495,ORD_25728,PROD_503,1,157.89,0.0
ITEM_109496,ORD_25728,PROD_516,1,91.12,0.0
ITEM_109497,ORD_25728,PROD_527,1,218.49,0.0
ITEM_109498,ORD_25729,PROD_576,1,75.48,0.0
ITEM_109499,ORD_25730,PROD_519,3,236.9,0.0
ITEM_109500,ORD_25730,PROD_511,1,295.08,0.0
ITEM_109501,ORD_25730,PROD_526,1,212.22,0.0
ITEM_109502,ORD_25731,PROD_539,1,250.31,0.0
ITEM_109503,ORD_25732,PROD_552,1,157.7,15.77
ITEM_109504,ORD_25732,PROD_504,1,130.74,6.54
ITEM_109505,ORD_25732,PROD_565,1,16.38,0.0
ITEM_109506,ORD_25732,PROD_515,3,189.61,28.44
ITEM_109507,ORD_25733,PROD_502,1,242.11,36.32
ITEM_109508,ORD_25733,PROD_555,1,121.11,0.0
ITEM_109509,ORD_25733,PROD_561,2,375.16,0.0
ITEM_109510,ORD_25733,PROD_568,1,116.17,0.0
ITEM_109511,ORD_25734,PROD_532,1,272.35,0.0
ITEM_109512,ORD_25734,PROD_565,1,16.38,0.82
ITEM_109513,ORD_25735,PROD_563,1,317.9,31.79
ITEM_109514,ORD_25736,PROD_571,2,211.74,0.0
ITEM_109515,ORD_25737,PROD_511,1,295.08,0.0
ITEM_109516,ORD_25737,PROD_549,1,112.15,5.61
ITEM_109517,ORD_25737,PROD_544,1,280.84,0.0
ITEM_109518,ORD_25738,PROD_569,1,274.5,0.0
ITEM_109519,ORD_25739,PROD_505,1,64.22,6.42
ITEM_109520,ORD_25740,PROD_577,2,71.78,0.0
ITEM_109521,ORD_25741,PROD_520,1,74.25,0.0
ITEM_109522,ORD_25741,PROD_521,1,141.39,0.0
ITEM_109523,ORD_25742,PROD_550,1,19.6,0.0
ITEM_109524,ORD_25742,PROD_548,2,54.38,0.0
ITEM_109525,ORD_25743,PROD_578,1,165.8,0.0
ITEM_109526,ORD_25744,PROD_572,1,144.07,0.0
ITEM_109527,ORD_25745,PROD_562,1,225.46,22.55
ITEM_109528,ORD_25746,PROD_574,2,250.97,0.0
ITEM_109529,ORD_25746,PROD_550,2,19.6,0.0
ITEM_109530,ORD_25746,PROD_501,1,199.67,0.0
ITEM_109531,ORD_25746,PROD_523,1,104.47,10.45
ITEM_109532,ORD_25747,PROD_546,1,209.69,20.97
ITEM_109533,ORD_25747,PROD_555,1,121.11,18.17
ITEM_109534,ORD_25748,PROD_563,1,317.9,15.89
ITEM_109535,ORD_25749,PROD_578,1,165.8,0.0
ITEM_109536,ORD_25749,PROD_579,1,221.42,0.0
ITEM_109537,ORD_25749,PROD_550,1,19.6,0.0
ITEM_109538,ORD_25750,PROD_563,1,317.9,0.0
ITEM_109539,ORD_25750,PROD_516,2,91.12,0.0
ITEM_109540,ORD_25751,PROD_563,1,317.9,0.0
ITEM_109541,ORD_25751,PROD_527,1,218.49,10.92
ITEM_109542,ORD_25752,PROD_533,1,161.57,0.0
ITEM_109543,ORD_25752,PROD_501,1,199.67,0.0
ITEM_109544,ORD_25752,PROD_556,2,171.31,0.0
ITEM_109545,ORD_25752,PROD_545,1,246.78,0.0
ITEM_109546,ORD_25753,PROD_538,3,153.61,23.04
ITEM_109547,ORD_25754,PROD_574,1,250.97,0.0
ITEM_109548,ORD_25755,PROD_526,1,212.22,0.0
ITEM_109549,ORD_25755,PROD_578,2,165.8,0.0
ITEM_109550,ORD_25756,PROD_532,1,272.35,0.0
ITEM_109551,ORD_25756,PROD_555,1,121.11,6.06
ITEM_109552,ORD_25756,PROD_511,1,295.08,0.0
ITEM_109553,ORD_25757,PROD_538,2,153.61,46.08
ITEM_109554,ORD_25758,PROD_502,1,242.11,0.0
ITEM_109555,ORD_25759,PROD_570,2,85.34,0.0
ITEM_109556,ORD_25759,PROD_532,1,272.35,0.0
ITEM_109557,ORD_25760,PROD_511,2,295.08,0.0
ITEM_109558,ORD_25761,PROD_510,1,220.56,0.0
ITEM_109559,ORD_25762,PROD_503,1,157.89,0.0
ITEM_109560,ORD_25762,PROD_523,2,104.47,0.0
ITEM_109561,ORD_25762,PROD_519,1,236.9,0.0
ITEM_109562,ORD_25762,PROD_580,1,221.1,0.0
ITEM_109563,ORD_25763,PROD_541,1,137.54,6.88
ITEM_109564,ORD_25764,PROD_502,1,242.11,24.21
ITEM_109565,ORD_25765,PROD_507,2,16.01,3.2
ITEM_109566,ORD_25766,PROD_543,1,313.64,0.0
ITEM_109567,ORD_25766,PROD_555,2,121.11,12.11
ITEM_109568,ORD_25766,PROD_502,1,242.11,0.0
ITEM_109569,ORD_25766,PROD_557,1,170.75,0.0
ITEM_109570,ORD_25767,PROD_523,1,104.47,10.45
ITEM_109571,ORD_25768,PROD_516,3,91.12,41.0
ITEM_109572,ORD_25769,PROD_515,3,189.61,0.0
ITEM_109573,ORD_25770,PROD_575,1,175.82,0.0
ITEM_109574,ORD_25771,PROD_542,1,140.18,7.01
ITEM_109575,ORD_25771,PROD_543,1,313.64,0.0
ITEM_109576,ORD_25772,PROD_549,1,112.15,0.0
ITEM_109577,ORD_25773,PROD_563,1,317.9,0.0
ITEM_109578,ORD_25773,PROD_561,1,375.16,0.0
ITEM_109579,ORD_25773,PROD_526,1,212.22,0.0
ITEM_109580,ORD_25774,PROD_564,2,77.5,7.75
ITEM_109581,ORD_25775,PROD_555,1,121.11,6.06
ITEM_109582,ORD_25775,PROD_543,1,313.64,15.68
ITEM_109583,ORD_25776,PROD_501,1,199.67,0.0
ITEM_109584,ORD_25777,PROD_519,1,236.9,0.0
ITEM_109585,ORD_25777,PROD_502,1,242.11,0.0
ITEM_109586,ORD_25778,PROD_544,2,280.84,28.08
ITEM_109587,ORD_25779,PROD_570,1,85.34,0.0
ITEM_109588,ORD_25779,PROD_547,3,20.21,6.06
ITEM_109589,ORD_25780,PROD_504,2,130.74,13.07
ITEM_109590,ORD_25781,PROD_580,3,221.1,99.49
ITEM_109591,ORD_25782,PROD_574,1,250.97,0.0
ITEM_109592,ORD_25782,PROD_520,1,74.25,7.43
ITEM_109593,ORD_25783,PROD_538,1,153.61,0.0
ITEM_109594,ORD_25784,PROD_517,1,232.38,0.0
ITEM_109595,ORD_25785,PROD_570,1,85.34,0.0
ITEM_109596,ORD_25786,PROD_541,1,137.54,0.0
ITEM_109597,ORD_25787,PROD_504,1,130.74,0.0
ITEM_109598,ORD_25788,PROD_537,2,145.12,43.54
ITEM_109599,ORD_25789,PROD_533,1,161.57,16.16
ITEM_109600,ORD_25789,PROD_558,1,152.68,0.0
ITEM_109601,ORD_25790,PROD_520,2,74.25,0.0
ITEM_109602,ORD_25791,PROD_566,1,250.95,12.55
ITEM_109603,ORD_25792,PROD_539,2,250.31,0.0
ITEM_109604,ORD_25793,PROD_556,1,171.31,0.0
ITEM_109605,ORD_25793,PROD_518,1,148.06,0.0
ITEM_109606,ORD_25794,PROD_523,1,104.47,0.0
ITEM_109607,ORD_25795,PROD_546,3,209.69,31.45
ITEM_109608,ORD_25795,PROD_575,2,175.82,0.0
ITEM_109609,ORD_25796,PROD_542,1,140.18,0.0
ITEM_109610,ORD_25797,PROD_504,1,130.74,13.07
ITEM_109611,ORD_25797,PROD_551,2,148.84,0.0
ITEM_109612,ORD_25798,PROD_546,2,209.69,0.0
ITEM_109613,ORD_25798,PROD_560,1,88.9,0.0
ITEM_109614,ORD_25799,PROD_513,1,126.72,0.0
ITEM_109615,ORD_25799,PROD_527,1,218.49,0.0
ITEM_109616,ORD_25800,PROD_547,2,20.21,4.04
ITEM_109617,ORD_25800,PROD_518,1,148.06,7.4
ITEM_109618,ORD_25801,PROD_572,1,144.07,0.0
ITEM_109619,ORD_25801,PROD_579,1,221.42,22.14
ITEM_109620,ORD_25801,PROD_519,2,236.9,0.0
ITEM_109621,ORD_25802,PROD_557,1,170.75,8.54
ITEM_109622,ORD_25803,PROD_564,1,77.5,0.0
ITEM_109623,ORD_25803,PROD_503,1,157.89,7.89
ITEM_109624,ORD_25803,PROD_537,1,145.12,14.51
ITEM_109625,ORD_25804,PROD_537,1,145.12,0.0
ITEM_109626,ORD_25804,PROD_548,1,54.38,0.0
ITEM_109627,ORD_25805,PROD_578,1,165.8,0.0
ITEM_109628,ORD_25806,PROD_523,2,104.47,0.0
ITEM_109629,ORD_25807,PROD_524,1,116.66,11.67
ITEM_109630,ORD_25807,PROD_562,1,225.46,0.0
ITEM_109631,ORD_25808,PROD_574,1,250.97,12.55
ITEM_109632,ORD_25808,PROD_553,1,123.16,0.0
ITEM_109633,ORD_25808,PROD_521,1,141.39,0.0
ITEM_109634,ORD_25808,PROD_515,1,189.61,0.0
ITEM_109635,ORD_25809,PROD_502,1,242.11,0.0
ITEM_109636,ORD_25809,PROD_524,1,116.66,0.0
ITEM_109637,ORD_25810,PROD_509,1,213.9,21.39
ITEM_109638,ORD_25811,PROD_507,2,16.01,1.6
ITEM_109639,ORD_25812,PROD_513,1,126.72,19.01
ITEM_109640,ORD_25813,PROD_525,1,227.68,0.0
ITEM_109641,ORD_25814,PROD_560,1,88.9,0.0
ITEM_109642,ORD_25815,PROD_507,1,16.01,0.8
ITEM_109643,ORD_25816,PROD_515,2,189.61,18.96
ITEM_109644,ORD_25817,PROD_526,1,212.22,21.22
ITEM_109645,ORD_25817,PROD_529,3,24.28,0.0
ITEM_109646,ORD_25818,PROD_557,1,170.75,0.0
ITEM_109647,ORD_25818,PROD_530,1,142.79,0.0
ITEM_109648,ORD_25818,PROD_518,2,148.06,0.0
ITEM_109649,ORD_25819,PROD_555,1,121.11,0.0
ITEM_109650,ORD_25820,PROD_520,1,74.25,0.0
ITEM_109651,ORD_25821,PROD_535,1,36.04,0.0
ITEM_109652,ORD_25821,PROD_573,2,121.95,0.0
ITEM_109653,ORD_25822,PROD_510,1,220.56,0.0
ITEM_109654,ORD_25823,PROD_527,3,218.49,0.0
ITEM_109655,ORD_25823,PROD_545,1,246.78,12.34
ITEM_109656,ORD_25824,PROD_509,1,213.9,10.7
ITEM_109657,ORD_25825,PROD_561,2,375.16,0.0
ITEM_109658,ORD_25826,PROD_538,1,153.61,7.68
ITEM_109659,ORD_25827,PROD_503,1,157.89,0.0
ITEM_109660,ORD_25828,PROD_507,1,16.01,0.8
ITEM_109661,ORD_25829,PROD_520,1,74.25,7.43
ITEM_109662,ORD_25830,PROD_556,2,171.31,17.13
ITEM_109663,ORD_25831,PROD_556,2,171.31,0.0
ITEM_109664,ORD_25832,PROD_551,1,148.84,7.44
ITEM_109665,ORD_25832,PROD_540,1,48.42,7.26
ITEM_109666,ORD_25832,PROD_501,2,199.67,39.93
ITEM_109667,ORD_25833,PROD_535,1,36.04,0.0
ITEM_109668,ORD_25834,PROD_553,1,123.16,0.0
ITEM_109669,ORD_25834,PROD_505,1,64.22,0.0
ITEM_109670,ORD_25835,PROD_556,1,171.31,0.0
ITEM_109671,ORD_25835,PROD_540,1,48.42,2.42
ITEM_109672,ORD_25835,PROD_531,2,242.35,0.0
ITEM_109673,ORD_25836,PROD_532,1,272.35,13.62
ITEM_109674,ORD_25837,PROD_505,1,64.22,3.21
ITEM_109675,ORD_25837,PROD_532,1,272.35,0.0
ITEM_109676,ORD_25838,PROD_520,2,74.25,0.0
ITEM_109677,ORD_25839,PROD_570,1,85.34,0.0
ITEM_109678,ORD_25840,PROD_515,1,189.61,18.96
ITEM_109679,ORD_25840,PROD_551,2,148.84,0.0
ITEM_109680,ORD_25841,PROD_530,1,142.79,21.42
ITEM_109681,ORD_25841,PROD_558,3,152.68,0.0
ITEM_109682,ORD_25842,PROD_574,1,250.97,0.0
ITEM_109683,ORD_25843,PROD_561,2,375.16,0.0
ITEM_109684,ORD_25843,PROD_505,1,64.22,0.0
ITEM_109685,ORD_25844,PROD_567,1,103.84,0.0
ITEM_109686,ORD_25845,PROD_533,1,161.57,0.0
ITEM_109687,ORD_25846,PROD_551,1,148.84,0.0
ITEM_109688,ORD_25847,PROD_534,1,46.48,2.32
ITEM_109689,ORD_25848,PROD_507,1,16.01,0.0
ITEM_109690,ORD_25849,PROD_579,1,221.42,0.0
ITEM_109691,ORD_25849,PROD_556,1,171.31,0.0
ITEM_109692,ORD_25850,PROD_548,1,54.38,0.0
ITEM_109693,ORD_25851,PROD_567,1,103.84,10.38
ITEM_109694,ORD_25851,PROD_536,1,242.17,12.11
ITEM_109695,ORD_25852,PROD_509,1,213.9,0.0
ITEM_109696,ORD_25852,PROD_518,3,148.06,0.0
ITEM_109697,ORD_25853,PROD_558,1,152.68,0.0
ITEM_109698,ORD_25853,PROD_502,1,242.11,12.11
ITEM_109699,ORD_25854,PROD_542,1,140.18,7.01
ITEM_109700,ORD_25854,PROD_527,2,218.49,0.0
ITEM_109701,ORD_25855,PROD_503,2,157.89,0.0
ITEM_109702,ORD_25856,PROD_529,1,24.28,0.0
ITEM_109703,ORD_25857,PROD_566,1,250.95,0.0
ITEM_109704,ORD_25857,PROD_534,2,46.48,0.0
ITEM_109705,ORD_25858,PROD_530,2,142.79,14.28
ITEM_109706,ORD_25859,PROD_559,2,149.13,0.0
ITEM_109707,ORD_25860,PROD_510,2,220.56,0.0
ITEM_109708,ORD_25861,PROD_529,1,24.28,0.0
ITEM_109709,ORD_25861,PROD_552,1,157.7,15.77
ITEM_109710,ORD_25862,PROD_508,3,312.13,46.82
ITEM_109711,ORD_25862,PROD_518,2,148.06,29.61
ITEM_109712,ORD_25862,PROD_571,2,211.74,0.0
ITEM_109713,ORD_25862,PROD_556,1,171.31,0.0
ITEM_109714,ORD_25863,PROD_563,1,317.9,15.89
ITEM_109715,ORD_25863,PROD_523,3,104.47,15.67
ITEM_109716,ORD_25863,PROD_568,2,116.17,0.0
ITEM_109717,ORD_25864,PROD_533,1,161.57,0.0
ITEM_109718,ORD_25865,PROD_544,2,280.84,0.0
ITEM_109719,ORD_25865,PROD_549,1,112.15,16.82
ITEM_109720,ORD_25865,PROD_573,1,121.95,12.2
ITEM_109721,ORD_25866,PROD_533,3,161.57,0.0
ITEM_109722,ORD_25867,PROD_566,1,250.95,0.0
ITEM_109723,ORD_25867,PROD_563,2,317.9,0.0
ITEM_109724,ORD_25868,PROD_559,1,149.13,7.46
ITEM_109725,ORD_25869,PROD_522,3,209.52,31.43
ITEM_109726,ORD_25870,PROD_550,1,19.6,0.0
ITEM_109727,ORD_25871,PROD_513,1,126.72,19.01
ITEM_109728,ORD_25872,PROD_514,1,255.83,38.37
ITEM_109729,ORD_25873,PROD_516,3,91.12,13.67
ITEM_109730,ORD_25873,PROD_529,3,24.28,7.28
ITEM_109731,ORD_25874,PROD_543,1,313.64,0.0
ITEM_109732,ORD_25874,PROD_531,1,242.35,24.23
ITEM_109733,ORD_25874,PROD_512,2,151.42,0.0
ITEM_109734,ORD_25875,PROD_540,1,48.42,0.0
ITEM_109735,ORD_25876,PROD_501,1,199.67,29.95
ITEM_109736,ORD_25876,PROD_545,1,246.78,0.0
ITEM_109737,ORD_25876,PROD_540,1,48.42,0.0
ITEM_109738,ORD_25876,PROD_560,1,88.9,0.0
ITEM_109739,ORD_25877,PROD_548,1,54.38,0.0
ITEM_109740,ORD_25878,PROD_542,2,140.18,14.02
ITEM_109741,ORD_25879,PROD_570,3,85.34,0.0
ITEM_109742,ORD_25880,PROD_561,3,375.16,0.0
ITEM_109743,ORD_25880,PROD_567,2,103.84,20.77
ITEM_109744,ORD_25881,PROD_555,1,121.11,6.06
ITEM_109745,ORD_25881,PROD_514,1,255.83,25.58
ITEM_109746,ORD_25881,PROD_516,1,91.12,9.11
ITEM_109747,ORD_25881,PROD_511,1,295.08,0.0
ITEM_109748,ORD_25882,PROD_527,1,218.49,10.92
ITEM_109749,ORD_25882,PROD_574,1,250.97,0.0
ITEM_109750,ORD_25882,PROD_525,1,227.68,34.15
ITEM_109751,ORD_25882,PROD_523,1,104.47,0.0
ITEM_109752,ORD_25883,PROD_550,1,19.6,0.0
ITEM_109753,ORD_25883,PROD_559,1,149.13,0.0
ITEM_109754,ORD_25884,PROD_564,1,77.5,0.0
ITEM_109755,ORD_25884,PROD_535,1,36.04,0.0
ITEM_109756,ORD_25885,PROD_510,1,220.56,11.03
ITEM_109757,ORD_25885,PROD_526,2,212.22,0.0
ITEM_109758,ORD_25886,PROD_525,1,227.68,0.0
ITEM_109759,ORD_25886,PROD_547,1,20.21,0.0
ITEM_109760,ORD_25887,PROD_554,1,309.23,15.46
ITEM_109761,ORD_25888,PROD_576,1,75.48,0.0
ITEM_109762,ORD_25888,PROD_518,1,148.06,0.0
ITEM_109763,ORD_25888,PROD_507,1,16.01,0.0
ITEM_109764,ORD_25889,PROD_551,1,148.84,0.0
ITEM_109765,ORD_25890,PROD_569,1,274.5,0.0
ITEM_109766,ORD_25891,PROD_539,1,250.31,0.0
ITEM_109767,ORD_25891,PROD_524,3,116.66,35.0
ITEM_109768,ORD_25892,PROD_534,1,46.48,6.97
ITEM_109769,ORD_25893,PROD_514,2,255.83,0.0
ITEM_109770,ORD_25894,PROD_562,2,225.46,0.0
ITEM_109771,ORD_25895,PROD_580,1,221.1,0.0
ITEM_109772,ORD_25896,PROD_531,1,242.35,36.35
ITEM_109773,ORD_25897,PROD_571,2,211.74,21.17
ITEM_109774,ORD_25898,PROD_526,3,212.22,0.0
ITEM_109775,ORD_25898,PROD_537,1,145.12,14.51
ITEM_109776,ORD_25899,PROD_575,1,175.82,0.0
ITEM_109777,ORD_25899,PROD_546,1,209.69,31.45
ITEM_109778,ORD_25899,PROD_571,1,211.74,21.17
ITEM_109779,ORD_25900,PROD_553,1,123.16,18.47
ITEM_109780,ORD_25900,PROD_508,2,312.13,31.21
ITEM_109781,ORD_25901,PROD_549,1,112.15,5.61
ITEM_109782,ORD_25901,PROD_573,1,121.95,0.0
ITEM_109783,ORD_25902,PROD_567,2,103.84,0.0
ITEM_109784,ORD_25902,PROD_537,1,145.12,0.0
ITEM_109785,ORD_25902,PROD_532,2,272.35,27.24
ITEM_109786,ORD_25903,PROD_554,1,309.23,30.92
ITEM_109787,ORD_25904,PROD_518,1,148.06,0.0
ITEM_109788,ORD_25905,PROD_560,1,88.9,4.45
ITEM_109789,ORD_25905,PROD_517,2,232.38,69.71
ITEM_109790,ORD_25906,PROD_565,2,16.38,0.0
ITEM_109791,ORD_25906,PROD_529,1,24.28,0.0
ITEM_109792,ORD_25907,PROD_531,1,242.35,0.0
ITEM_109793,ORD_25907,PROD_548,1,54.38,0.0
ITEM_109794,ORD_25908,PROD_544,2,280.84,56.17
ITEM_109795,ORD_25909,PROD_572,2,144.07,0.0
ITEM_109796,ORD_25909,PROD_579,1,221.42,0.0
ITEM_109797,ORD_25910,PROD_543,2,313.64,31.36
ITEM_109798,ORD_25911,PROD_501,1,199.67,19.97
ITEM_109799,ORD_25912,PROD_563,1,317.9,0.0
ITEM_109800,ORD_25913,PROD_562,1,225.46,11.27
ITEM_109801,ORD_25913,PROD_568,3,116.17,0.0
ITEM_109802,ORD_25914,PROD_572,2,144.07,0.0
ITEM_109803,ORD_25914,PROD_528,2,17.95,0.0
ITEM_109804,ORD_25915,PROD_505,1,64.22,0.0
ITEM_109805,ORD_25916,PROD_506,1,240.11,0.0
ITEM_109806,ORD_25917,PROD_521,1,141.39,0.0
ITEM_109807,ORD_25917,PROD_550,1,19.6,0.0
ITEM_109808,ORD_25918,PROD_558,1,152.68,0.0
ITEM_109809,ORD_25919,PROD_506,1,240.11,36.02
ITEM_109810,ORD_25920,PROD_559,2,149.13,0.0
ITEM_109811,ORD_25921,PROD_518,1,148.06,0.0
ITEM_109812,ORD_25922,PROD_577,2,71.78,0.0
ITEM_109813,ORD_25923,PROD_506,1,240.11,12.01
ITEM_109814,ORD_25924,PROD_529,1,24.28,2.43
ITEM_109815,ORD_25924,PROD_541,1,137.54,0.0
ITEM_109816,ORD_25925,PROD_549,2,112.15,11.22
ITEM_109817,ORD_25926,PROD_569,2,274.5,0.0
ITEM_109818,ORD_25927,PROD_555,2,121.11,0.0
ITEM_109819,ORD_25927,PROD_507,1,16.01,0.0
ITEM_109820,ORD_25928,PROD_560,1,88.9,8.89
ITEM_109821,ORD_25929,PROD_504,1,130.74,0.0
ITEM_109822,ORD_25930,PROD_576,1,75.48,0.0
ITEM_109823,ORD_25931,PROD_578,1,165.8,0.0
ITEM_109824,ORD_25931,PROD_557,1,170.75,0.0
ITEM_109825,ORD_25931,PROD_526,2,212.22,0.0
ITEM_109826,ORD_25932,PROD_532,1,272.35,27.24
ITEM_109827,ORD_25933,PROD_517,1,232.38,0.0
ITEM_109828,ORD_25934,PROD_578,2,165.8,33.16
ITEM_109829,ORD_25934,PROD_549,2,112.15,11.22
ITEM_109830,ORD_25934,PROD_542,1,140.18,0.0
ITEM_109831,ORD_25935,PROD_531,1,242.35,0.0
ITEM_109832,ORD_25936,PROD_520,1,74.25,0.0
ITEM_109833,ORD_25937,PROD_501,1,199.67,0.0
ITEM_109834,ORD_25938,PROD_569,1,274.5,0.0
ITEM_109835,ORD_25938,PROD_531,1,242.35,24.23
ITEM_109836,ORD_25939,PROD_580,1,221.1,0.0
ITEM_109837,ORD_25939,PROD_547,3,20.21,3.03
ITEM_109838,ORD_25940,PROD_542,1,140.18,0.0
ITEM_109839,ORD_25941,PROD_544,1,280.84,0.0
ITEM_109840,ORD_25941,PROD_567,1,103.84,5.19
ITEM_109841,ORD_25942,PROD_561,1,375.16,0.0
ITEM_109842,ORD_25943,PROD_547,3,20.21,0.0
ITEM_109843,ORD_25943,PROD_539,1,250.31,12.52
ITEM_109844,ORD_25943,PROD_516,1,91.12,0.0
ITEM_109845,ORD_25944,PROD_515,1,189.61,0.0
ITEM_109846,ORD_25944,PROD_533,1,161.57,0.0
ITEM_109847,ORD_25945,PROD_559,1,149.13,0.0
ITEM_109848,ORD_25945,PROD_560,1,88.9,0.0
ITEM_109849,ORD_25946,PROD_578,1,165.8,0.0
ITEM_109850,ORD_25947,PROD_513,2,126.72,0.0
ITEM_109851,ORD_25948,PROD_513,1,126.72,0.0
ITEM_109852,ORD_25948,PROD_531,1,242.35,12.12
ITEM_109853,ORD_25949,PROD_565,2,16.38,1.64
ITEM_109854,ORD_25949,PROD_570,2,85.34,0.0
ITEM_109855,ORD_25950,PROD_565,1,16.38,1.64
ITEM_109856,ORD_25951,PROD_540,1,48.42,0.0
ITEM_109857,ORD_25952,PROD_573,1,121.95,0.0
ITEM_109858,ORD_25953,PROD_553,1,123.16,6.16
ITEM_109859,ORD_25954,PROD_521,1,141.39,0.0
ITEM_109860,ORD_25954,PROD_522,1,209.52,0.0
ITEM_109861,ORD_25955,PROD_515,1,189.61,9.48
ITEM_109862,ORD_25955,PROD_519,2,236.9,0.0
ITEM_109863,ORD_25955,PROD_555,1,121.11,0.0
ITEM_109864,ORD_25956,PROD_519,1,236.9,0.0
ITEM_109865,ORD_25957,PROD_530,2,142.79,0.0
ITEM_109866,ORD_25957,PROD_559,1,149.13,0.0
ITEM_109867,ORD_25957,PROD_524,1,116.66,0.0
ITEM_109868,ORD_25957,PROD_535,1,36.04,1.8
ITEM_109869,ORD_25958,PROD_517,1,232.38,0.0
ITEM_109870,ORD_25959,PROD_505,1,64.22,0.0
ITEM_109871,ORD_25960,PROD_508,1,312.13,0.0
ITEM_109872,ORD_25961,PROD_562,1,225.46,0.0
ITEM_109873,ORD_25961,PROD_576,1,75.48,0.0
ITEM_109874,ORD_25962,PROD_513,2,126.72,12.67
ITEM_109875,ORD_25963,PROD_523,1,104.47,5.22
ITEM_109876,ORD_25963,PROD_515,1,189.61,0.0
ITEM_109877,ORD_25963,PROD_514,1,255.83,12.79
ITEM_109878,ORD_25964,PROD_549,1,112.15,16.82
ITEM_109879,ORD_25964,PROD_571,1,211.74,0.0
ITEM_109880,ORD_25965,PROD_543,1,313.64,31.36
ITEM_109881,ORD_25965,PROD_527,1,218.49,0.0
ITEM_109882,ORD_25966,PROD_522,1,209.52,0.0
ITEM_109883,ORD_25966,PROD_557,2,170.75,0.0
ITEM_109884,ORD_25967,PROD_565,1,16.38,2.46
ITEM_109885,ORD_25967,PROD_512,1,151.42,0.0
ITEM_109886,ORD_25968,PROD_545,1,246.78,0.0
ITEM_109887,ORD_25969,PROD_566,1,250.95,0.0
ITEM_109888,ORD_25969,PROD_520,1,74.25,0.0
ITEM_109889,ORD_25970,PROD_564,2,77.5,0.0
ITEM_109890,ORD_25970,PROD_538,1,153.61,15.36
ITEM_109891,ORD_25970,PROD_513,1,126.72,0.0
ITEM_109892,ORD_25971,PROD_554,3,309.23,0.0
ITEM_109893,ORD_25972,PROD_551,1,148.84,14.88
ITEM_109894,ORD_25973,PROD_580,1,221.1,22.11
ITEM_109895,ORD_25974,PROD_556,1,171.31,8.57
ITEM_109896,ORD_25975,PROD_503,1,157.89,0.0
ITEM_109897,ORD_25975,PROD_559,1,149.13,0.0
ITEM_109898,ORD_25975,PROD_557,1,170.75,0.0
ITEM_109899,ORD_25976,PROD_518,1,148.06,0.0
ITEM_109900,ORD_25977,PROD_551,1,148.84,0.0
ITEM_109901,ORD_25978,PROD_578,1,165.8,0.0
ITEM_109902,ORD_25978,PROD_516,2,91.12,0.0
ITEM_109903,ORD_25978,PROD_572,1,144.07,7.2
ITEM_109904,ORD_25979,PROD_579,1,221.42,0.0
ITEM_109905,ORD_25980,PROD_545,1,246.78,0.0
ITEM_109906,ORD_25980,PROD_522,3,209.52,0.0
ITEM_109907,ORD_25980,PROD_580,1,221.1,0.0
ITEM_109908,ORD_25981,PROD_524,1,116.66,0.0
ITEM_109909,ORD_25981,PROD_576,1,75.48,0.0
ITEM_109910,ORD_25982,PROD_546,1,209.69,0.0
ITEM_109911,ORD_25983,PROD_572,2,144.07,0.0
ITEM_109912,ORD_25984,PROD_577,1,71.78,3.59
ITEM_109913,ORD_25984,PROD_571,1,211.74,21.17
ITEM_109914,ORD_25985,PROD_555,1,121.11,6.06
ITEM_109915,ORD_25985,PROD_576,1,75.48,3.77
ITEM_109916,ORD_25986,PROD_565,1,16.38,0.0
ITEM_109917,ORD_25987,PROD_540,1,48.42,0.0
ITEM_109918,ORD_25988,PROD_534,1,46.48,0.0
ITEM_109919,ORD_25988,PROD_511,1,295.08,14.75
ITEM_109920,ORD_25989,PROD_528,1,17.95,0.0
ITEM_109921,ORD_25990,PROD_514,1,255.83,0.0
ITEM_109922,ORD_25990,PROD_522,1,209.52,0.0
ITEM_109923,ORD_25991,PROD_514,1,255.83,0.0
ITEM_109924,ORD_25992,PROD_539,1,250.31,0.0
ITEM_109925,ORD_25993,PROD_532,1,272.35,0.0
ITEM_109926,ORD_25994,PROD_550,1,19.6,1.96
ITEM_109927,ORD_25995,PROD_565,1,16.38,0.0
ITEM_109928,ORD_25996,PROD_544,1,280.84,0.0
ITEM_109929,ORD_25997,PROD_579,2,221.42,0.0
ITEM_109930,ORD_25997,PROD_560,1,88.9,0.0
ITEM_109931,ORD_25998,PROD_580,1,221.1,0.0
ITEM_109932,ORD_25999,PROD_552,2,157.7,47.31
ITEM_109933,ORD_25999,PROD_528,1,17.95,0.9
ITEM_109934,ORD_26000,PROD_561,3,375.16,56.27
ITEM_109935,ORD_26001,PROD_511,1,295.08,0.0
ITEM_109936,ORD_26002,PROD_576,1,75.48,0.0
ITEM_109937,ORD_26002,PROD_553,1,123.16,0.0
ITEM_109938,ORD_26003,PROD_509,1,213.9,0.0
ITEM_109939,ORD_26003,PROD_549,1,112.15,5.61
ITEM_109940,ORD_26004,PROD_557,3,170.75,0.0
ITEM_109941,ORD_26005,PROD_578,1,165.8,0.0
ITEM_109942,ORD_26006,PROD_503,1,157.89,0.0
ITEM_109943,ORD_26006,PROD_567,1,103.84,0.0
ITEM_109944,ORD_26007,PROD_569,1,274.5,0.0
ITEM_109945,ORD_26007,PROD_542,3,140.18,21.03
ITEM_109946,ORD_26007,PROD_522,1,209.52,0.0
ITEM_109947,ORD_26008,PROD_502,1,242.11,12.11
ITEM_109948,ORD_26008,PROD_580,1,221.1,0.0
ITEM_109949,ORD_26009,PROD_538,2,153.61,0.0
ITEM_109950,ORD_26009,PROD_545,1,246.78,37.02
ITEM_109951,ORD_26010,PROD_562,1,225.46,0.0
ITEM_109952,ORD_26010,PROD_552,1,157.7,7.88
ITEM_109953,ORD_26011,PROD_507,1,16.01,1.6
ITEM_109954,ORD_26012,PROD_504,1,130.74,13.07
ITEM_109955,ORD_26012,PROD_551,1,148.84,0.0
ITEM_109956,ORD_26012,PROD_517,1,232.38,0.0
ITEM_109957,ORD_26013,PROD_521,1,141.39,0.0
ITEM_109958,ORD_26014,PROD_505,1,64.22,6.42
ITEM_109959,ORD_26014,PROD_573,1,121.95,0.0
ITEM_109960,ORD_26015,PROD_576,1,75.48,0.0
ITEM_109961,ORD_26015,PROD_533,1,161.57,8.08
ITEM_109962,ORD_26015,PROD_527,3,218.49,0.0
ITEM_109963,ORD_26015,PROD_573,1,121.95,0.0
ITEM_109964,ORD_26016,PROD_556,1,171.31,0.0
ITEM_109965,ORD_26016,PROD_540,1,48.42,0.0
ITEM_109966,ORD_26017,PROD_534,1,46.48,0.0
ITEM_109967,ORD_26018,PROD_573,2,121.95,24.39
ITEM_109968,ORD_26019,PROD_552,1,157.7,0.0
ITEM_109969,ORD_26020,PROD_508,1,312.13,31.21
ITEM_109970,ORD_26020,PROD_555,3,121.11,0.0
ITEM_109971,ORD_26020,PROD_568,1,116.17,5.81
ITEM_109972,ORD_26021,PROD_551,1,148.84,0.0
ITEM_109973,ORD_26021,PROD_508,1,312.13,31.21
ITEM_109974,ORD_26021,PROD_512,1,151.42,0.0
ITEM_109975,ORD_26021,PROD_543,1,313.64,0.0
ITEM_109976,ORD_26022,PROD_501,1,199.67,9.98
ITEM_109977,ORD_26022,PROD_503,1,157.89,0.0
ITEM_109978,ORD_26023,PROD_572,1,144.07,0.0
ITEM_109979,ORD_26023,PROD_511,1,295.08,44.26
ITEM_109980,ORD_26024,PROD_551,1,148.84,0.0
ITEM_109981,ORD_26024,PROD_549,1,112.15,0.0
ITEM_109982,ORD_26025,PROD_546,1,209.69,0.0
ITEM_109983,ORD_26025,PROD_538,2,153.61,0.0
ITEM_109984,ORD_26026,PROD_524,1,116.66,0.0
ITEM_109985,ORD_26027,PROD_513,2,126.72,38.02
ITEM_109986,ORD_26027,PROD_580,1,221.1,0.0
ITEM_109987,ORD_26028,PROD_516,1,91.12,0.0
ITEM_109988,ORD_26029,PROD_558,1,152.68,0.0
ITEM_109989,ORD_26030,PROD_559,1,149.13,0.0
ITEM_109990,ORD_26031,PROD_549,1,112.15,11.22
ITEM_109991,ORD_26032,PROD_512,1,151.42,0.0
ITEM_109992,ORD_26032,PROD_537,1,145.12,0.0
ITEM_109993,ORD_26032,PROD_578,1,165.8,0.0
ITEM_109994,ORD_26033,PROD_568,1,116.17,0.0
ITEM_109995,ORD_26034,PROD_524,1,116.66,0.0
ITEM_109996,ORD_26035,PROD_565,1,16.38,0.0
ITEM_109997,ORD_26036,PROD_556,1,171.31,0.0
ITEM_109998,ORD_26037,PROD_520,1,74.25,11.14
ITEM_109999,ORD_26038,PROD_560,1,88.9,8.89
ITEM_110000,ORD_26039,PROD_504,1,130.74,0.0
ITEM_110001,ORD_26039,PROD_508,1,312.13,0.0
ITEM_110002,ORD_26040,PROD_533,1,161.57,0.0
ITEM_110003,ORD_26040,PROD_576,2,75.48,0.0
ITEM_110004,ORD_26040,PROD_504,1,130.74,0.0
ITEM_110005,ORD_26041,PROD_577,1,71.78,0.0
ITEM_110006,ORD_26041,PROD_501,2,199.67,19.97
ITEM_110007,ORD_26042,PROD_532,2,272.35,0.0
ITEM_110008,ORD_26043,PROD_578,1,165.8,0.0
ITEM_110009,ORD_26044,PROD_569,1,274.5,27.45
ITEM_110010,ORD_26044,PROD_508,2,312.13,31.21
ITEM_110011,ORD_26045,PROD_509,1,213.9,0.0
ITEM_110012,ORD_26045,PROD_568,1,116.17,11.62
ITEM_110013,ORD_26045,PROD_555,1,121.11,0.0
ITEM_110014,ORD_26045,PROD_545,1,246.78,0.0
ITEM_110015,ORD_26046,PROD_575,2,175.82,0.0
ITEM_110016,ORD_26046,PROD_536,2,242.17,0.0
ITEM_110017,ORD_26046,PROD_578,1,165.8,0.0
ITEM_110018,ORD_26046,PROD_510,1,220.56,0.0
ITEM_110019,ORD_26047,PROD_570,1,85.34,0.0
ITEM_110020,ORD_26047,PROD_550,1,19.6,0.0
ITEM_110021,ORD_26047,PROD_551,1,148.84,0.0
ITEM_110022,ORD_26048,PROD_563,1,317.9,15.89
ITEM_110023,ORD_26049,PROD_580,1,221.1,11.05
ITEM_110024,ORD_26049,PROD_568,1,116.17,0.0
ITEM_110025,ORD_26049,PROD_514,1,255.83,0.0
ITEM_110026,ORD_26050,PROD_547,2,20.21,2.02
ITEM_110027,ORD_26051,PROD_542,1,140.18,0.0
ITEM_110028,ORD_26051,PROD_561,3,375.16,0.0
ITEM_110029,ORD_26052,PROD_517,1,232.38,23.24
ITEM_110030,ORD_26053,PROD_553,1,123.16,0.0
ITEM_110031,ORD_26054,PROD_533,1,161.57,0.0
ITEM_110032,ORD_26055,PROD_525,1,227.68,0.0
ITEM_110033,ORD_26056,PROD_569,1,274.5,0.0
ITEM_110034,ORD_26057,PROD_578,1,165.8,0.0
ITEM_110035,ORD_26058,PROD_519,3,236.9,0.0
ITEM_110036,ORD_26059,PROD_522,1,209.52,0.0
ITEM_110037,ORD_26059,PROD_502,1,242.11,0.0
ITEM_110038,ORD_26060,PROD_557,2,170.75,0.0
ITEM_110039,ORD_26060,PROD_531,1,242.35,0.0
ITEM_110040,ORD_26061,PROD_526,1,212.22,21.22
ITEM_110041,ORD_26062,PROD_554,1,309.23,30.92
ITEM_110042,ORD_26062,PROD_544,1,280.84,14.04
ITEM_110043,ORD_26063,PROD_531,1,242.35,0.0
ITEM_110044,ORD_26063,PROD_506,1,240.11,0.0
ITEM_110045,ORD_26064,PROD_506,2,240.11,24.01
ITEM_110046,ORD_26064,PROD_562,1,225.46,33.82
ITEM_110047,ORD_26064,PROD_568,2,116.17,0.0
ITEM_110048,ORD_26065,PROD_557,1,170.75,8.54
ITEM_110049,ORD_26065,PROD_504,1,130.74,6.54
ITEM_110050,ORD_26065,PROD_513,1,126.72,0.0
ITEM_110051,ORD_26066,PROD_505,1,64.22,0.0
ITEM_110052,ORD_26067,PROD_529,3,24.28,0.0
ITEM_110053,ORD_26068,PROD_510,1,220.56,0.0
ITEM_110054,ORD_26068,PROD_571,1,211.74,10.59
ITEM_110055,ORD_26068,PROD_532,2,272.35,27.24
ITEM_110056,ORD_26068,PROD_525,1,227.68,22.77
ITEM_110057,ORD_26069,PROD_510,1,220.56,0.0
ITEM_110058,ORD_26069,PROD_555,1,121.11,0.0
ITEM_110059,ORD_26070,PROD_508,2,312.13,0.0
ITEM_110060,ORD_26070,PROD_531,1,242.35,0.0
ITEM_110061,ORD_26071,PROD_507,2,16.01,0.0
ITEM_110062,ORD_26071,PROD_522,2,209.52,0.0
ITEM_110063,ORD_26072,PROD_573,2,121.95,12.2
ITEM_110064,ORD_26072,PROD_572,2,144.07,0.0
ITEM_110065,ORD_26072,PROD_509,1,213.9,0.0
ITEM_110066,ORD_26073,PROD_539,1,250.31,0.0
ITEM_110067,ORD_26074,PROD_516,1,91.12,0.0
ITEM_110068,ORD_26074,PROD_534,1,46.48,6.97
ITEM_110069,ORD_26075,PROD_580,1,221.1,22.11
ITEM_110070,ORD_26076,PROD_535,2,36.04,0.0
ITEM_110071,ORD_26077,PROD_572,2,144.07,14.41
ITEM_110072,ORD_26077,PROD_538,1,153.61,0.0
ITEM_110073,ORD_26077,PROD_576,2,75.48,7.55
ITEM_110074,ORD_26078,PROD_529,1,24.28,2.43
ITEM_110075,ORD_26078,PROD_562,1,225.46,0.0
ITEM_110076,ORD_26079,PROD_522,1,209.52,10.48
ITEM_110077,ORD_26080,PROD_503,1,157.89,7.89
ITEM_110078,ORD_26080,PROD_545,1,246.78,0.0
ITEM_110079,ORD_26080,PROD_510,1,220.56,0.0
ITEM_110080,ORD_26081,PROD_515,2,189.61,0.0
ITEM_110081,ORD_26082,PROD_509,1,213.9,0.0
ITEM_110082,ORD_26083,PROD_508,1,312.13,0.0
ITEM_110083,ORD_26083,PROD_564,1,77.5,0.0
ITEM_110084,ORD_26084,PROD_534,3,46.48,13.94
ITEM_110085,ORD_26085,PROD_531,1,242.35,0.0
ITEM_110086,ORD_26086,PROD_503,1,157.89,0.0
ITEM_110087,ORD_26086,PROD_517,1,232.38,0.0
ITEM_110088,ORD_26086,PROD_514,1,255.83,0.0
ITEM_110089,ORD_26087,PROD_561,1,375.16,0.0
ITEM_110090,ORD_26088,PROD_502,1,242.11,24.21
ITEM_110091,ORD_26088,PROD_578,1,165.8,16.58
ITEM_110092,ORD_26088,PROD_550,1,19.6,0.98
ITEM_110093,ORD_26089,PROD_515,1,189.61,9.48
ITEM_110094,ORD_26090,PROD_522,1,209.52,10.48
ITEM_110095,ORD_26091,PROD_552,1,157.7,0.0
ITEM_110096,ORD_26092,PROD_543,2,313.64,31.36
ITEM_110097,ORD_26093,PROD_512,2,151.42,30.28
ITEM_110098,ORD_26094,PROD_541,1,137.54,13.75
ITEM_110099,ORD_26094,PROD_545,1,246.78,0.0
ITEM_110100,ORD_26095,PROD_521,3,141.39,21.21
ITEM_110101,ORD_26096,PROD_545,1,246.78,0.0
ITEM_110102,ORD_26097,PROD_561,1,375.16,0.0
ITEM_110103,ORD_26098,PROD_573,3,121.95,0.0
ITEM_110104,ORD_26098,PROD_539,1,250.31,0.0
ITEM_110105,ORD_26098,PROD_521,1,141.39,0.0
ITEM_110106,ORD_26099,PROD_551,1,148.84,0.0
ITEM_110107,ORD_26099,PROD_524,2,116.66,0.0
ITEM_110108,ORD_26100,PROD_565,1,16.38,0.0
ITEM_110109,ORD_26101,PROD_550,1,19.6,0.0
ITEM_110110,ORD_26102,PROD_570,1,85.34,0.0
ITEM_110111,ORD_26102,PROD_502,1,242.11,0.0
ITEM_110112,ORD_26103,PROD_567,1,103.84,0.0
ITEM_110113,ORD_26104,PROD_577,1,71.78,0.0
ITEM_110114,ORD_26104,PROD_546,2,209.69,0.0
ITEM_110115,ORD_26104,PROD_539,2,250.31,25.03
ITEM_110116,ORD_26105,PROD_526,2,212.22,42.44
ITEM_110117,ORD_26106,PROD_510,1,220.56,0.0
ITEM_110118,ORD_26107,PROD_546,3,209.69,0.0
ITEM_110119,ORD_26108,PROD_518,2,148.06,0.0
ITEM_110120,ORD_26108,PROD_562,1,225.46,0.0
ITEM_110121,ORD_26108,PROD_569,1,274.5,41.17
ITEM_110122,ORD_26109,PROD_568,1,116.17,0.0
ITEM_110123,ORD_26109,PROD_561,1,375.16,18.76
ITEM_110124,ORD_26110,PROD_556,1,171.31,0.0
ITEM_110125,ORD_26111,PROD_531,1,242.35,0.0
ITEM_110126,ORD_26111,PROD_552,1,157.7,0.0
ITEM_110127,ORD_26112,PROD_509,1,213.9,0.0
ITEM_110128,ORD_26113,PROD_552,1,157.7,0.0
ITEM_110129,ORD_26113,PROD_544,1,280.84,0.0
ITEM_110130,ORD_26113,PROD_502,1,242.11,0.0
ITEM_110131,ORD_26114,PROD_531,1,242.35,0.0
ITEM_110132,ORD_26114,PROD_557,1,170.75,8.54
ITEM_110133,ORD_26114,PROD_569,3,274.5,0.0
ITEM_110134,ORD_26115,PROD_580,1,221.1,0.0
ITEM_110135,ORD_26115,PROD_568,1,116.17,17.43
ITEM_110136,ORD_26116,PROD_571,1,211.74,0.0
ITEM_110137,ORD_26117,PROD_568,1,116.17,11.62
ITEM_110138,ORD_26117,PROD_548,1,54.38,0.0
ITEM_110139,ORD_26118,PROD_570,1,85.34,0.0
ITEM_110140,ORD_26119,PROD_509,1,213.9,0.0
ITEM_110141,ORD_26120,PROD_580,1,221.1,22.11
ITEM_110142,ORD_26121,PROD_534,2,46.48,0.0
ITEM_110143,ORD_26122,PROD_561,1,375.16,0.0
ITEM_110144,ORD_26122,PROD_572,1,144.07,0.0
ITEM_110145,ORD_26123,PROD_562,1,225.46,0.0
ITEM_110146,ORD_26124,PROD_518,1,148.06,0.0
ITEM_110147,ORD_26124,PROD_567,1,103.84,0.0
ITEM_110148,ORD_26125,PROD_560,1,88.9,0.0
ITEM_110149,ORD_26126,PROD_520,1,74.25,0.0
ITEM_110150,ORD_26126,PROD_579,1,221.42,0.0
ITEM_110151,ORD_26126,PROD_525,3,227.68,0.0
ITEM_110152,ORD_26127,PROD_541,1,137.54,6.88
ITEM_110153,ORD_26128,PROD_533,1,161.57,0.0
ITEM_110154,ORD_26129,PROD_561,1,375.16,0.0
ITEM_110155,ORD_26130,PROD_531,1,242.35,0.0
ITEM_110156,ORD_26131,PROD_517,1,232.38,0.0
ITEM_110157,ORD_26131,PROD_525,1,227.68,0.0
ITEM_110158,ORD_26131,PROD_541,1,137.54,0.0
ITEM_110159,ORD_26132,PROD_563,2,317.9,0.0
ITEM_110160,ORD_26133,PROD_573,1,121.95,6.1
ITEM_110161,ORD_26134,PROD_573,1,121.95,0.0
ITEM_110162,ORD_26135,PROD_517,1,232.38,0.0
ITEM_110163,ORD_26136,PROD_507,1,16.01,0.0
ITEM_110164,ORD_26137,PROD_559,1,149.13,0.0
ITEM_110165,ORD_26138,PROD_580,1,221.1,0.0
ITEM_110166,ORD_26139,PROD_567,1,103.84,10.38
ITEM_110167,ORD_26140,PROD_548,1,54.38,2.72
ITEM_110168,ORD_26140,PROD_531,1,242.35,0.0
ITEM_110169,ORD_26141,PROD_527,3,218.49,0.0
ITEM_110170,ORD_26142,PROD_536,1,242.17,12.11
ITEM_110171,ORD_26143,PROD_519,1,236.9,0.0
ITEM_110172,ORD_26143,PROD_533,2,161.57,16.16
ITEM_110173,ORD_26143,PROD_546,2,209.69,62.91
ITEM_110174,ORD_26143,PROD_541,1,137.54,6.88
ITEM_110175,ORD_26144,PROD_525,1,227.68,0.0
ITEM_110176,ORD_26145,PROD_515,3,189.61,0.0
ITEM_110177,ORD_26146,PROD_502,2,242.11,0.0
ITEM_110178,ORD_26146,PROD_536,1,242.17,12.11
ITEM_110179,ORD_26146,PROD_505,1,64.22,0.0
ITEM_110180,ORD_26146,PROD_531,1,242.35,12.12
ITEM_110181,ORD_26147,PROD_546,1,209.69,0.0
ITEM_110182,ORD_26147,PROD_564,1,77.5,0.0
ITEM_110183,ORD_26147,PROD_569,1,274.5,13.73
ITEM_110184,ORD_26148,PROD_516,1,91.12,0.0
ITEM_110185,ORD_26148,PROD_558,1,152.68,0.0
ITEM_110186,ORD_26149,PROD_533,2,161.57,32.31
ITEM_110187,ORD_26150,PROD_527,1,218.49,10.92
ITEM_110188,ORD_26150,PROD_553,1,123.16,6.16
ITEM_110189,ORD_26151,PROD_562,1,225.46,0.0
ITEM_110190,ORD_26151,PROD_523,1,104.47,0.0
ITEM_110191,ORD_26151,PROD_531,1,242.35,12.12
ITEM_110192,ORD_26152,PROD_574,1,250.97,0.0
ITEM_110193,ORD_26152,PROD_512,1,151.42,0.0
ITEM_110194,ORD_26153,PROD_577,2,71.78,0.0
ITEM_110195,ORD_26153,PROD_570,1,85.34,8.53
ITEM_110196,ORD_26153,PROD_509,1,213.9,0.0
ITEM_110197,ORD_26154,PROD_578,1,165.8,0.0
ITEM_110198,ORD_26155,PROD_571,3,211.74,0.0
ITEM_110199,ORD_26155,PROD_516,2,91.12,27.34
ITEM_110200,ORD_26156,PROD_571,1,211.74,0.0
ITEM_110201,ORD_26157,PROD_558,1,152.68,0.0
ITEM_110202,ORD_26157,PROD_578,1,165.8,8.29
ITEM_110203,ORD_26157,PROD_510,3,220.56,33.08
ITEM_110204,ORD_26158,PROD_571,2,211.74,0.0
ITEM_110205,ORD_26159,PROD_578,1,165.8,0.0
ITEM_110206,ORD_26160,PROD_563,1,317.9,0.0
ITEM_110207,ORD_26161,PROD_529,1,24.28,0.0
ITEM_110208,ORD_26162,PROD_558,1,152.68,22.9
ITEM_110209,ORD_26163,PROD_531,1,242.35,0.0
ITEM_110210,ORD_26164,PROD_522,1,209.52,0.0
ITEM_110211,ORD_26165,PROD_512,1,151.42,0.0
ITEM_110212,ORD_26165,PROD_510,1,220.56,11.03
ITEM_110213,ORD_26165,PROD_566,1,250.95,37.64
ITEM_110214,ORD_26166,PROD_550,1,19.6,1.96
ITEM_110215,ORD_26166,PROD_559,1,149.13,0.0
ITEM_110216,ORD_26167,PROD_501,1,199.67,9.98
ITEM_110217,ORD_26168,PROD_514,2,255.83,0.0
ITEM_110218,ORD_26168,PROD_571,1,211.74,21.17
ITEM_110219,ORD_26169,PROD_543,1,313.64,0.0
ITEM_110220,ORD_26169,PROD_527,1,218.49,32.77
ITEM_110221,ORD_26170,PROD_518,2,148.06,0.0
ITEM_110222,ORD_26170,PROD_526,2,212.22,63.67
ITEM_110223,ORD_26170,PROD_544,2,280.84,0.0
ITEM_110224,ORD_26171,PROD_520,1,74.25,7.43
ITEM_110225,ORD_26172,PROD_538,2,153.61,0.0
ITEM_110226,ORD_26173,PROD_565,2,16.38,3.28
ITEM_110227,ORD_26173,PROD_557,1,170.75,0.0
ITEM_110228,ORD_26174,PROD_541,1,137.54,0.0
ITEM_110229,ORD_26174,PROD_504,1,130.74,0.0
ITEM_110230,ORD_26175,PROD_514,3,255.83,0.0
ITEM_110231,ORD_26176,PROD_546,2,209.69,0.0
ITEM_110232,ORD_26177,PROD_516,1,91.12,0.0
ITEM_110233,ORD_26177,PROD_536,1,242.17,0.0
ITEM_110234,ORD_26178,PROD_530,2,142.79,0.0
ITEM_110235,ORD_26179,PROD_565,1,16.38,0.0
ITEM_110236,ORD_26179,PROD_511,1,295.08,0.0
ITEM_110237,ORD_26180,PROD_552,1,157.7,0.0
ITEM_110238,ORD_26181,PROD_540,1,48.42,2.42
ITEM_110239,ORD_26182,PROD_507,1,16.01,0.8
ITEM_110240,ORD_26182,PROD_552,1,157.7,0.0
ITEM_110241,ORD_26183,PROD_574,3,250.97,0.0
ITEM_110242,ORD_26184,PROD_546,1,209.69,10.48
ITEM_110243,ORD_26184,PROD_544,1,280.84,0.0
ITEM_110244,ORD_26184,PROD_557,1,170.75,0.0
ITEM_110245,ORD_26185,PROD_578,2,165.8,16.58
ITEM_110246,ORD_26185,PROD_502,1,242.11,0.0
ITEM_110247,ORD_26185,PROD_532,2,272.35,81.7
ITEM_110248,ORD_26186,PROD_580,1,221.1,0.0
ITEM_110249,ORD_26186,PROD_533,1,161.57,0.0
ITEM_110250,ORD_26186,PROD_514,3,255.83,38.37
ITEM_110251,ORD_26187,PROD_523,3,104.47,0.0
ITEM_110252,ORD_26187,PROD_547,1,20.21,2.02
ITEM_110253,ORD_26188,PROD_575,1,175.82,0.0
ITEM_110254,ORD_26189,PROD_521,1,141.39,0.0
ITEM_110255,ORD_26189,PROD_549,2,112.15,0.0
ITEM_110256,ORD_26190,PROD_519,1,236.9,0.0
ITEM_110257,ORD_26191,PROD_545,1,246.78,0.0
ITEM_110258,ORD_26191,PROD_530,1,142.79,0.0
ITEM_110259,ORD_26191,PROD_509,1,213.9,0.0
ITEM_110260,ORD_26192,PROD_548,1,54.38,0.0
ITEM_110261,ORD_26192,PROD_545,1,246.78,0.0
ITEM_110262,ORD_26193,PROD_573,1,121.95,6.1
ITEM_110263,ORD_26193,PROD_555,1,121.11,0.0
ITEM_110264,ORD_26193,PROD_506,1,240.11,0.0
ITEM_110265,ORD_26193,PROD_550,1,19.6,0.0
ITEM_110266,ORD_26194,PROD_532,2,272.35,0.0
ITEM_110267,ORD_26195,PROD_533,1,161.57,24.24
ITEM_110268,ORD_26195,PROD_558,1,152.68,7.63
ITEM_110269,ORD_26195,PROD_566,1,250.95,0.0
ITEM_110270,ORD_26196,PROD_501,1,199.67,19.97
ITEM_110271,ORD_26196,PROD_571,1,211.74,0.0
ITEM_110272,ORD_26196,PROD_573,2,121.95,0.0
ITEM_110273,ORD_26196,PROD_509,1,213.9,0.0
ITEM_110274,ORD_26197,PROD_576,2,75.48,0.0
ITEM_110275,ORD_26197,PROD_560,1,88.9,0.0
ITEM_110276,ORD_26198,PROD_575,2,175.82,0.0
ITEM_110277,ORD_26198,PROD_533,1,161.57,8.08
ITEM_110278,ORD_26199,PROD_566,2,250.95,75.28
ITEM_110279,ORD_26199,PROD_579,1,221.42,22.14
ITEM_110280,ORD_26199,PROD_512,1,151.42,0.0
ITEM_110281,ORD_26200,PROD_574,1,250.97,0.0
ITEM_110282,ORD_26200,PROD_502,1,242.11,0.0
ITEM_110283,ORD_26200,PROD_506,1,240.11,0.0
ITEM_110284,ORD_26201,PROD_569,1,274.5,0.0
ITEM_110285,ORD_26202,PROD_543,1,313.64,0.0
ITEM_110286,ORD_26203,PROD_537,1,145.12,0.0
ITEM_110287,ORD_26204,PROD_552,1,157.7,7.88
ITEM_110288,ORD_26204,PROD_522,2,209.52,0.0
ITEM_110289,ORD_26205,PROD_513,2,126.72,0.0
ITEM_110290,ORD_26206,PROD_531,1,242.35,0.0
ITEM_110291,ORD_26207,PROD_542,1,140.18,14.02
ITEM_110292,ORD_26208,PROD_566,1,250.95,12.55
ITEM_110293,ORD_26209,PROD_540,1,48.42,0.0
ITEM_110294,ORD_26209,PROD_562,1,225.46,33.82
ITEM_110295,ORD_26209,PROD_533,2,161.57,0.0
ITEM_110296,ORD_26209,PROD_553,1,123.16,0.0
ITEM_110297,ORD_26210,PROD_534,1,46.48,0.0
ITEM_110298,ORD_26211,PROD_580,1,221.1,0.0
ITEM_110299,ORD_26211,PROD_519,1,236.9,0.0
ITEM_110300,ORD_26211,PROD_561,1,375.16,18.76
ITEM_110301,ORD_26211,PROD_508,1,312.13,15.61
ITEM_110302,ORD_26212,PROD_574,1,250.97,0.0
ITEM_110303,ORD_26212,PROD_546,1,209.69,20.97
ITEM_110304,ORD_26212,PROD_554,3,309.23,0.0
ITEM_110305,ORD_26213,PROD_529,1,24.28,0.0
ITEM_110306,ORD_26214,PROD_522,1,209.52,0.0
ITEM_110307,ORD_26215,PROD_555,1,121.11,12.11
ITEM_110308,ORD_26216,PROD_567,1,103.84,0.0
ITEM_110309,ORD_26216,PROD_574,1,250.97,12.55
ITEM_110310,ORD_26217,PROD_539,2,250.31,0.0
ITEM_110311,ORD_26218,PROD_563,2,317.9,0.0
ITEM_110312,ORD_26219,PROD_533,1,161.57,0.0
ITEM_110313,ORD_26219,PROD_527,1,218.49,0.0
ITEM_110314,ORD_26219,PROD_542,1,140.18,7.01
ITEM_110315,ORD_26220,PROD_564,1,77.5,0.0
ITEM_110316,ORD_26221,PROD_575,1,175.82,17.58
ITEM_110317,ORD_26222,PROD_513,2,126.72,25.34
ITEM_110318,ORD_26223,PROD_506,2,240.11,0.0
ITEM_110319,ORD_26224,PROD_565,1,16.38,0.0
ITEM_110320,ORD_26224,PROD_510,1,220.56,0.0
ITEM_110321,ORD_26225,PROD_548,2,54.38,10.88
ITEM_110322,ORD_26225,PROD_509,1,213.9,0.0
ITEM_110323,ORD_26226,PROD_509,1,213.9,0.0
ITEM_110324,ORD_26227,PROD_515,1,189.61,0.0
ITEM_110325,ORD_26228,PROD_566,2,250.95,25.09
ITEM_110326,ORD_26228,PROD_522,1,209.52,10.48
ITEM_110327,ORD_26229,PROD_573,1,121.95,6.1
ITEM_110328,ORD_26230,PROD_535,3,36.04,0.0
ITEM_110329,ORD_26231,PROD_577,2,71.78,0.0
ITEM_110330,ORD_26232,PROD_557,1,170.75,0.0
ITEM_110331,ORD_26233,PROD_574,1,250.97,0.0
ITEM_110332,ORD_26234,PROD_507,1,16.01,0.0
ITEM_110333,ORD_26235,PROD_503,1,157.89,0.0
ITEM_110334,ORD_26235,PROD_543,1,313.64,15.68
ITEM_110335,ORD_26235,PROD_568,1,116.17,0.0
ITEM_110336,ORD_26236,PROD_537,1,145.12,7.26
ITEM_110337,ORD_26237,PROD_510,1,220.56,0.0
ITEM_110338,ORD_26237,PROD_579,2,221.42,0.0
ITEM_110339,ORD_26238,PROD_518,1,148.06,0.0
ITEM_110340,ORD_26238,PROD_507,1,16.01,0.0
ITEM_110341,ORD_26238,PROD_555,1,121.11,0.0
ITEM_110342,ORD_26239,PROD_558,1,152.68,0.0
ITEM_110343,ORD_26239,PROD_540,1,48.42,0.0
ITEM_110344,ORD_26240,PROD_504,2,130.74,0.0
ITEM_110345,ORD_26240,PROD_543,1,313.64,0.0
ITEM_110346,ORD_26241,PROD_514,1,255.83,12.79
ITEM_110347,ORD_26242,PROD_549,1,112.15,5.61
ITEM_110348,ORD_26243,PROD_523,1,104.47,0.0
ITEM_110349,ORD_26243,PROD_513,1,126.72,0.0
ITEM_110350,ORD_26243,PROD_502,1,242.11,0.0
ITEM_110351,ORD_26243,PROD_560,1,88.9,0.0
ITEM_110352,ORD_26244,PROD_562,1,225.46,0.0
ITEM_110353,ORD_26244,PROD_529,1,24.28,0.0
ITEM_110354,ORD_26244,PROD_554,1,309.23,0.0
ITEM_110355,ORD_26245,PROD_522,1,209.52,0.0
ITEM_110356,ORD_26246,PROD_521,2,141.39,0.0
ITEM_110357,ORD_26246,PROD_558,1,152.68,0.0
ITEM_110358,ORD_26247,PROD_534,2,46.48,13.94
ITEM_110359,ORD_26248,PROD_536,1,242.17,0.0
ITEM_110360,ORD_26248,PROD_569,2,274.5,0.0
ITEM_110361,ORD_26249,PROD_580,1,221.1,0.0
ITEM_110362,ORD_26249,PROD_561,1,375.16,0.0
ITEM_110363,ORD_26250,PROD_535,1,36.04,0.0
ITEM_110364,ORD_26251,PROD_509,1,213.9,32.09
ITEM_110365,ORD_26252,PROD_553,2,123.16,36.95
ITEM_110366,ORD_26252,PROD_565,1,16.38,2.46
ITEM_110367,ORD_26252,PROD_518,2,148.06,29.61
ITEM_110368,ORD_26253,PROD_526,1,212.22,10.61
ITEM_110369,ORD_26254,PROD_502,2,242.11,0.0
ITEM_110370,ORD_26255,PROD_538,1,153.61,0.0
ITEM_110371,ORD_26255,PROD_579,1,221.42,0.0
ITEM_110372,ORD_26255,PROD_567,2,103.84,20.77
ITEM_110373,ORD_26255,PROD_559,1,149.13,0.0
ITEM_110374,ORD_26256,PROD_549,1,112.15,0.0
ITEM_110375,ORD_26257,PROD_551,1,148.84,0.0
ITEM_110376,ORD_26258,PROD_527,1,218.49,10.92
ITEM_110377,ORD_26258,PROD_538,1,153.61,0.0
ITEM_110378,ORD_26259,PROD_523,1,104.47,0.0
ITEM_110379,ORD_26259,PROD_562,1,225.46,0.0
ITEM_110380,ORD_26260,PROD_514,1,255.83,25.58
ITEM_110381,ORD_26261,PROD_510,1,220.56,0.0
ITEM_110382,ORD_26261,PROD_538,1,153.61,0.0
ITEM_110383,ORD_26261,PROD_557,1,170.75,0.0
ITEM_110384,ORD_26262,PROD_510,1,220.56,0.0
ITEM_110385,ORD_26262,PROD_516,1,91.12,0.0
ITEM_110386,ORD_26262,PROD_534,1,46.48,0.0
ITEM_110387,ORD_26262,PROD_560,1,88.9,0.0
ITEM_110388,ORD_26263,PROD_566,1,250.95,0.0
ITEM_110389,ORD_26263,PROD_570,1,85.34,4.27
ITEM_110390,ORD_26263,PROD_515,1,189.61,0.0
ITEM_110391,ORD_26264,PROD_560,1,88.9,13.34
ITEM_110392,ORD_26264,PROD_577,1,71.78,0.0
ITEM_110393,ORD_26264,PROD_523,1,104.47,0.0
ITEM_110394,ORD_26265,PROD_510,2,220.56,0.0
ITEM_110395,ORD_26265,PROD_575,1,175.82,0.0
ITEM_110396,ORD_26266,PROD_510,1,220.56,0.0
ITEM_110397,ORD_26266,PROD_519,1,236.9,0.0
ITEM_110398,ORD_26267,PROD_557,2,170.75,34.15
ITEM_110399,ORD_26267,PROD_521,1,141.39,7.07
ITEM_110400,ORD_26267,PROD_576,1,75.48,7.55
ITEM_110401,ORD_26268,PROD_558,1,152.68,7.63
ITEM_110402,ORD_26269,PROD_566,1,250.95,0.0
ITEM_110403,ORD_26269,PROD_554,2,309.23,0.0
ITEM_110404,ORD_26270,PROD_505,1,64.22,0.0
ITEM_110405,ORD_26270,PROD_502,1,242.11,0.0
ITEM_110406,ORD_26271,PROD_551,1,148.84,0.0
ITEM_110407,ORD_26271,PROD_505,1,64.22,0.0
ITEM_110408,ORD_26271,PROD_550,1,19.6,1.96
ITEM_110409,ORD_26272,PROD_524,2,116.66,0.0
ITEM_110410,ORD_26273,PROD_550,3,19.6,0.0
ITEM_110411,ORD_26274,PROD_538,2,153.61,0.0
ITEM_110412,ORD_26275,PROD_528,1,17.95,0.0
ITEM_110413,ORD_26276,PROD_509,1,213.9,0.0
ITEM_110414,ORD_26276,PROD_530,1,142.79,0.0
ITEM_110415,ORD_26276,PROD_572,1,144.07,7.2
ITEM_110416,ORD_26277,PROD_550,2,19.6,1.96
ITEM_110417,ORD_26277,PROD_547,1,20.21,0.0
ITEM_110418,ORD_26278,PROD_517,1,232.38,11.62
ITEM_110419,ORD_26278,PROD_576,1,75.48,0.0
ITEM_110420,ORD_26278,PROD_510,2,220.56,0.0
ITEM_110421,ORD_26279,PROD_556,2,171.31,0.0
ITEM_110422,ORD_26280,PROD_580,1,221.1,0.0
ITEM_110423,ORD_26281,PROD_569,1,274.5,0.0
ITEM_110424,ORD_26282,PROD_567,1,103.84,0.0
ITEM_110425,ORD_26283,PROD_529,1,24.28,0.0
ITEM_110426,ORD_26284,PROD_568,1,116.17,0.0
ITEM_110427,ORD_26284,PROD_517,1,232.38,0.0
ITEM_110428,ORD_26284,PROD_578,1,165.8,0.0
ITEM_110429,ORD_26285,PROD_554,2,309.23,61.85
ITEM_110430,ORD_26286,PROD_554,1,309.23,0.0
ITEM_110431,ORD_26286,PROD_579,2,221.42,0.0
ITEM_110432,ORD_26287,PROD_524,1,116.66,11.67
ITEM_110433,ORD_26288,PROD_536,2,242.17,24.22
ITEM_110434,ORD_26289,PROD_551,1,148.84,0.0
ITEM_110435,ORD_26289,PROD_536,1,242.17,0.0
ITEM_110436,ORD_26289,PROD_540,1,48.42,0.0
ITEM_110437,ORD_26289,PROD_565,1,16.38,0.0
ITEM_110438,ORD_26290,PROD_530,2,142.79,0.0
ITEM_110439,ORD_26290,PROD_518,2,148.06,29.61
ITEM_110440,ORD_26291,PROD_520,2,74.25,0.0
ITEM_110441,ORD_26292,PROD_507,2,16.01,0.0
ITEM_110442,ORD_26293,PROD_540,1,48.42,0.0
ITEM_110443,ORD_26294,PROD_521,1,141.39,0.0
ITEM_110444,ORD_26295,PROD_568,2,116.17,0.0
ITEM_110445,ORD_26295,PROD_536,1,242.17,0.0
ITEM_110446,ORD_26296,PROD_543,2,313.64,0.0
ITEM_110447,ORD_26296,PROD_553,1,123.16,0.0
ITEM_110448,ORD_26296,PROD_579,3,221.42,33.21
ITEM_110449,ORD_26296,PROD_533,3,161.57,0.0
ITEM_110450,ORD_26297,PROD_543,2,313.64,0.0
ITEM_110451,ORD_26298,PROD_515,1,189.61,0.0
ITEM_110452,ORD_26298,PROD_566,2,250.95,25.09
ITEM_110453,ORD_26299,PROD_504,2,130.74,0.0
ITEM_110454,ORD_26300,PROD_522,2,209.52,0.0
ITEM_110455,ORD_26300,PROD_555,3,121.11,36.33
ITEM_110456,ORD_26300,PROD_502,2,242.11,0.0
ITEM_110457,ORD_26301,PROD_540,1,48.42,0.0
ITEM_110458,ORD_26301,PROD_559,1,149.13,7.46
ITEM_110459,ORD_26302,PROD_538,1,153.61,0.0
ITEM_110460,ORD_26303,PROD_514,1,255.83,0.0
ITEM_110461,ORD_26303,PROD_509,1,213.9,10.7
ITEM_110462,ORD_26304,PROD_522,1,209.52,20.95
ITEM_110463,ORD_26304,PROD_511,1,295.08,29.51
ITEM_110464,ORD_26304,PROD_552,2,157.7,0.0
ITEM_110465,ORD_26305,PROD_566,1,250.95,0.0
ITEM_110466,ORD_26306,PROD_532,3,272.35,0.0
ITEM_110467,ORD_26306,PROD_546,1,209.69,0.0
ITEM_110468,ORD_26307,PROD_517,1,232.38,0.0
ITEM_110469,ORD_26307,PROD_537,1,145.12,0.0
ITEM_110470,ORD_26307,PROD_547,2,20.21,0.0
ITEM_110471,ORD_26308,PROD_568,1,116.17,17.43
ITEM_110472,ORD_26308,PROD_521,1,141.39,0.0
ITEM_110473,ORD_26309,PROD_557,3,170.75,25.61
ITEM_110474,ORD_26310,PROD_538,1,153.61,0.0
ITEM_110475,ORD_26311,PROD_529,1,24.28,0.0
ITEM_110476,ORD_26312,PROD_532,1,272.35,0.0
ITEM_110477,ORD_26312,PROD_517,2,232.38,0.0
ITEM_110478,ORD_26313,PROD_567,1,103.84,10.38
ITEM_110479,ORD_26313,PROD_539,1,250.31,0.0
ITEM_110480,ORD_26313,PROD_573,1,121.95,0.0
ITEM_110481,ORD_26314,PROD_575,1,175.82,0.0
ITEM_110482,ORD_26315,PROD_533,1,161.57,0.0
ITEM_110483,ORD_26316,PROD_578,1,165.8,8.29
ITEM_110484,ORD_26317,PROD_508,2,312.13,62.43
ITEM_110485,ORD_26318,PROD_507,1,16.01,0.0
ITEM_110486,ORD_26318,PROD_569,1,274.5,0.0
ITEM_110487,ORD_26319,PROD_520,1,74.25,0.0
ITEM_110488,ORD_26320,PROD_559,2,149.13,29.83
ITEM_110489,ORD_26321,PROD_524,1,116.66,0.0
ITEM_110490,ORD_26321,PROD_501,1,199.67,0.0
ITEM_110491,ORD_26322,PROD_567,1,103.84,0.0
ITEM_110492,ORD_26322,PROD_513,2,126.72,0.0
ITEM_110493,ORD_26323,PROD_523,1,104.47,0.0
ITEM_110494,ORD_26323,PROD_530,1,142.79,0.0
ITEM_110495,ORD_26324,PROD_522,1,209.52,0.0
ITEM_110496,ORD_26325,PROD_527,3,218.49,32.77
ITEM_110497,ORD_26326,PROD_530,2,142.79,0.0
ITEM_110498,ORD_26327,PROD_513,2,126.72,0.0
ITEM_110499,ORD_26327,PROD_563,2,317.9,63.58
ITEM_110500,ORD_26328,PROD_528,2,17.95,0.0
ITEM_110501,ORD_26328,PROD_517,3,232.38,34.86
ITEM_110502,ORD_26328,PROD_557,1,170.75,0.0
ITEM_110503,ORD_26329,PROD_555,1,121.11,0.0
ITEM_110504,ORD_26330,PROD_547,1,20.21,0.0
ITEM_110505,ORD_26330,PROD_556,1,171.31,0.0
ITEM_110506,ORD_26331,PROD_505,1,64.22,0.0
ITEM_110507,ORD_26332,PROD_564,2,77.5,7.75
ITEM_110508,ORD_26333,PROD_501,1,199.67,0.0
ITEM_110509,ORD_26334,PROD_532,1,272.35,0.0
ITEM_110510,ORD_26334,PROD_552,1,157.7,0.0
ITEM_110511,ORD_26335,PROD_570,1,85.34,0.0
ITEM_110512,ORD_26336,PROD_565,1,16.38,0.0
ITEM_110513,ORD_26336,PROD_501,2,199.67,59.9
ITEM_110514,ORD_26337,PROD_505,3,64.22,0.0
ITEM_110515,ORD_26338,PROD_580,1,221.1,22.11
ITEM_110516,ORD_26339,PROD_526,1,212.22,0.0
ITEM_110517,ORD_26340,PROD_580,1,221.1,0.0
ITEM_110518,ORD_26341,PROD_577,1,71.78,7.18
ITEM_110519,ORD_26341,PROD_540,1,48.42,0.0
ITEM_110520,ORD_26341,PROD_503,1,157.89,0.0
ITEM_110521,ORD_26342,PROD_516,1,91.12,0.0
ITEM_110522,ORD_26343,PROD_502,2,242.11,0.0
ITEM_110523,ORD_26344,PROD_503,1,157.89,0.0
ITEM_110524,ORD_26344,PROD_556,1,171.31,25.7
ITEM_110525,ORD_26344,PROD_522,1,209.52,31.43
ITEM_110526,ORD_26345,PROD_542,2,140.18,0.0
ITEM_110527,ORD_26345,PROD_563,1,317.9,0.0
ITEM_110528,ORD_26346,PROD_574,1,250.97,0.0
ITEM_110529,ORD_26346,PROD_561,2,375.16,0.0
ITEM_110530,ORD_26346,PROD_556,2,171.31,17.13
ITEM_110531,ORD_26347,PROD_535,1,36.04,0.0
ITEM_110532,ORD_26348,PROD_502,2,242.11,0.0
ITEM_110533,ORD_26349,PROD_511,1,295.08,0.0
ITEM_110534,ORD_26349,PROD_526,1,212.22,0.0
ITEM_110535,ORD_26350,PROD_517,1,232.38,11.62
ITEM_110536,ORD_26351,PROD_507,1,16.01,0.0
ITEM_110537,ORD_26351,PROD_547,1,20.21,0.0
ITEM_110538,ORD_26352,PROD_516,1,91.12,0.0
ITEM_110539,ORD_26353,PROD_544,1,280.84,0.0
ITEM_110540,ORD_26353,PROD_571,1,211.74,21.17
ITEM_110541,ORD_26354,PROD_573,3,121.95,0.0
ITEM_110542,ORD_26355,PROD_579,3,221.42,33.21
ITEM_110543,ORD_26356,PROD_552,2,157.7,47.31
ITEM_110544,ORD_26357,PROD_579,2,221.42,22.14
ITEM_110545,ORD_26358,PROD_526,1,212.22,0.0
ITEM_110546,ORD_26359,PROD_577,1,71.78,3.59
ITEM_110547,ORD_26359,PROD_520,1,74.25,0.0
ITEM_110548,ORD_26359,PROD_570,1,85.34,0.0
ITEM_110549,ORD_26360,PROD_563,1,317.9,0.0
ITEM_110550,ORD_26360,PROD_579,2,221.42,66.43
ITEM_110551,ORD_26361,PROD_539,1,250.31,12.52
ITEM_110552,ORD_26362,PROD_518,1,148.06,0.0
ITEM_110553,ORD_26362,PROD_520,1,74.25,7.43
ITEM_110554,ORD_26363,PROD_542,1,140.18,0.0
ITEM_110555,ORD_26364,PROD_549,2,112.15,0.0
ITEM_110556,ORD_26365,PROD_525,2,227.68,0.0
ITEM_110557,ORD_26365,PROD_533,1,161.57,0.0
ITEM_110558,ORD_26366,PROD_546,1,209.69,0.0
ITEM_110559,ORD_26367,PROD_531,1,242.35,12.12
ITEM_110560,ORD_26368,PROD_541,2,137.54,0.0
ITEM_110561,ORD_26369,PROD_545,1,246.78,0.0
ITEM_110562,ORD_26370,PROD_536,1,242.17,12.11
ITEM_110563,ORD_26371,PROD_531,1,242.35,24.23
ITEM_110564,ORD_26371,PROD_546,1,209.69,0.0
ITEM_110565,ORD_26372,PROD_509,1,213.9,0.0
ITEM_110566,ORD_26372,PROD_539,1,250.31,0.0
ITEM_110567,ORD_26372,PROD_530,1,142.79,0.0
ITEM_110568,ORD_26373,PROD_518,2,148.06,0.0
ITEM_110569,ORD_26374,PROD_533,1,161.57,0.0
ITEM_110570,ORD_26375,PROD_549,1,112.15,0.0
ITEM_110571,ORD_26376,PROD_545,1,246.78,24.68
ITEM_110572,ORD_26377,PROD_546,2,209.69,0.0
ITEM_110573,ORD_26377,PROD_572,2,144.07,43.22
ITEM_110574,ORD_26378,PROD_530,2,142.79,0.0
ITEM_110575,ORD_26379,PROD_503,1,157.89,0.0
ITEM_110576,ORD_26379,PROD_569,1,274.5,0.0
ITEM_110577,ORD_26380,PROD_521,1,141.39,7.07
ITEM_110578,ORD_26380,PROD_553,1,123.16,12.32
ITEM_110579,ORD_26380,PROD_543,1,313.64,31.36
ITEM_110580,ORD_26380,PROD_526,1,212.22,0.0
ITEM_110581,ORD_26381,PROD_552,2,157.7,15.77
ITEM_110582,ORD_26381,PROD_573,1,121.95,0.0
ITEM_110583,ORD_26382,PROD_526,2,212.22,42.44
ITEM_110584,ORD_26383,PROD_552,2,157.7,0.0
ITEM_110585,ORD_26383,PROD_549,1,112.15,0.0
ITEM_110586,ORD_26384,PROD_501,1,199.67,29.95
ITEM_110587,ORD_26385,PROD_520,1,74.25,0.0
ITEM_110588,ORD_26386,PROD_505,1,64.22,0.0
ITEM_110589,ORD_26386,PROD_540,2,48.42,0.0
ITEM_110590,ORD_26386,PROD_537,2,145.12,14.51
ITEM_110591,ORD_26387,PROD_529,2,24.28,0.0
ITEM_110592,ORD_26387,PROD_504,1,130.74,0.0
ITEM_110593,ORD_26387,PROD_566,2,250.95,0.0
ITEM_110594,ORD_26388,PROD_522,1,209.52,0.0
ITEM_110595,ORD_26389,PROD_547,2,20.21,2.02
ITEM_110596,ORD_26389,PROD_502,1,242.11,0.0
ITEM_110597,ORD_26390,PROD_555,3,121.11,18.17
ITEM_110598,ORD_26390,PROD_572,1,144.07,0.0
ITEM_110599,ORD_26390,PROD_549,1,112.15,5.61
ITEM_110600,ORD_26391,PROD_542,3,140.18,0.0
ITEM_110601,ORD_26392,PROD_516,1,91.12,0.0
ITEM_110602,ORD_26393,PROD_560,1,88.9,4.45
ITEM_110603,ORD_26393,PROD_531,2,242.35,0.0
ITEM_110604,ORD_26393,PROD_558,3,152.68,22.9
ITEM_110605,ORD_26394,PROD_572,2,144.07,0.0
ITEM_110606,ORD_26395,PROD_530,1,142.79,0.0
ITEM_110607,ORD_26395,PROD_518,1,148.06,0.0
ITEM_110608,ORD_26396,PROD_573,1,121.95,0.0
ITEM_110609,ORD_26396,PROD_576,1,75.48,7.55
ITEM_110610,ORD_26396,PROD_559,2,149.13,0.0
ITEM_110611,ORD_26397,PROD_569,1,274.5,41.17
ITEM_110612,ORD_26397,PROD_554,1,309.23,0.0
ITEM_110613,ORD_26398,PROD_520,2,74.25,0.0
ITEM_110614,ORD_26399,PROD_526,3,212.22,0.0
ITEM_110615,ORD_26399,PROD_558,1,152.68,0.0
ITEM_110616,ORD_26399,PROD_550,1,19.6,0.0
ITEM_110617,ORD_26400,PROD_519,1,236.9,0.0
ITEM_110618,ORD_26400,PROD_535,2,36.04,10.81
ITEM_110619,ORD_26401,PROD_539,1,250.31,0.0
ITEM_110620,ORD_26402,PROD_568,2,116.17,0.0
ITEM_110621,ORD_26403,PROD_554,1,309.23,15.46
ITEM_110622,ORD_26404,PROD_574,1,250.97,0.0
ITEM_110623,ORD_26404,PROD_555,1,121.11,12.11
ITEM_110624,ORD_26405,PROD_575,1,175.82,0.0
ITEM_110625,ORD_26406,PROD_534,2,46.48,4.65
ITEM_110626,ORD_26406,PROD_545,1,246.78,0.0
ITEM_110627,ORD_26406,PROD_550,1,19.6,1.96
ITEM_110628,ORD_26407,PROD_530,2,142.79,0.0
ITEM_110629,ORD_26408,PROD_510,1,220.56,0.0
ITEM_110630,ORD_26408,PROD_503,1,157.89,0.0
ITEM_110631,ORD_26409,PROD_508,1,312.13,15.61
ITEM_110632,ORD_26410,PROD_571,1,211.74,10.59
ITEM_110633,ORD_26411,PROD_523,1,104.47,0.0
ITEM_110634,ORD_26412,PROD_512,1,151.42,0.0
ITEM_110635,ORD_26413,PROD_550,1,19.6,0.0
ITEM_110636,ORD_26413,PROD_558,1,152.68,15.27
ITEM_110637,ORD_26414,PROD_516,1,91.12,4.56
ITEM_110638,ORD_26415,PROD_533,1,161.57,16.16
ITEM_110639,ORD_26416,PROD_517,3,232.38,0.0
ITEM_110640,ORD_26417,PROD_513,1,126.72,0.0
ITEM_110641,ORD_26418,PROD_545,1,246.78,0.0
ITEM_110642,ORD_26418,PROD_523,1,104.47,0.0
ITEM_110643,ORD_26418,PROD_531,1,242.35,0.0
ITEM_110644,ORD_26419,PROD_525,1,227.68,0.0
ITEM_110645,ORD_26420,PROD_502,1,242.11,0.0
ITEM_110646,ORD_26420,PROD_545,1,246.78,12.34
ITEM_110647,ORD_26421,PROD_508,1,312.13,0.0
ITEM_110648,ORD_26422,PROD_555,1,121.11,0.0
ITEM_110649,ORD_26423,PROD_557,1,170.75,17.07
ITEM_110650,ORD_26424,PROD_562,1,225.46,0.0
ITEM_110651,ORD_26424,PROD_517,1,232.38,34.86
ITEM_110652,ORD_26425,PROD_539,1,250.31,0.0
ITEM_110653,ORD_26425,PROD_501,1,199.67,0.0
ITEM_110654,ORD_26425,PROD_551,1,148.84,0.0
ITEM_110655,ORD_26426,PROD_539,1,250.31,0.0
ITEM_110656,ORD_26426,PROD_552,2,157.7,0.0
ITEM_110657,ORD_26427,PROD_520,1,74.25,0.0
ITEM_110658,ORD_26428,PROD_506,1,240.11,36.02
ITEM_110659,ORD_26428,PROD_542,1,140.18,0.0
ITEM_110660,ORD_26429,PROD_570,1,85.34,4.27
ITEM_110661,ORD_26429,PROD_577,1,71.78,0.0
ITEM_110662,ORD_26429,PROD_564,1,77.5,0.0
ITEM_110663,ORD_26430,PROD_536,1,242.17,0.0
ITEM_110664,ORD_26430,PROD_571,1,211.74,0.0
ITEM_110665,ORD_26431,PROD_561,1,375.16,18.76
ITEM_110666,ORD_26432,PROD_552,2,157.7,0.0
ITEM_110667,ORD_26433,PROD_520,2,74.25,0.0
ITEM_110668,ORD_26433,PROD_518,1,148.06,14.81
ITEM_110669,ORD_26434,PROD_557,1,170.75,0.0
ITEM_110670,ORD_26435,PROD_518,1,148.06,0.0
ITEM_110671,ORD_26435,PROD_517,1,232.38,0.0
ITEM_110672,ORD_26436,PROD_549,2,112.15,11.22
ITEM_110673,ORD_26437,PROD_535,1,36.04,0.0
ITEM_110674,ORD_26438,PROD_522,2,209.52,0.0
ITEM_110675,ORD_26439,PROD_506,1,240.11,0.0
ITEM_110676,ORD_26440,PROD_526,1,212.22,10.61
ITEM_110677,ORD_26440,PROD_511,3,295.08,0.0
ITEM_110678,ORD_26441,PROD_508,1,312.13,0.0
ITEM_110679,ORD_26442,PROD_560,2,88.9,0.0
ITEM_110680,ORD_26442,PROD_508,1,312.13,0.0
ITEM_110681,ORD_26442,PROD_577,3,71.78,0.0
ITEM_110682,ORD_26443,PROD_520,2,74.25,0.0
ITEM_110683,ORD_26443,PROD_501,1,199.67,0.0
ITEM_110684,ORD_26443,PROD_575,1,175.82,0.0
ITEM_110685,ORD_26444,PROD_579,1,221.42,11.07
ITEM_110686,ORD_26444,PROD_565,1,16.38,0.0
ITEM_110687,ORD_26444,PROD_525,1,227.68,0.0
ITEM_110688,ORD_26445,PROD_524,2,116.66,0.0
ITEM_110689,ORD_26446,PROD_523,1,104.47,0.0
ITEM_110690,ORD_26447,PROD_533,1,161.57,0.0
ITEM_110691,ORD_26448,PROD_547,1,20.21,0.0
ITEM_110692,ORD_26448,PROD_524,1,116.66,0.0
ITEM_110693,ORD_26448,PROD_508,2,312.13,31.21
ITEM_110694,ORD_26448,PROD_539,2,250.31,0.0
ITEM_110695,ORD_26449,PROD_531,1,242.35,0.0
ITEM_110696,ORD_26450,PROD_546,1,209.69,0.0
ITEM_110697,ORD_26451,PROD_578,2,165.8,0.0
ITEM_110698,ORD_26452,PROD_522,1,209.52,0.0
ITEM_110699,ORD_26453,PROD_535,1,36.04,1.8
ITEM_110700,ORD_26453,PROD_513,1,126.72,12.67
ITEM_110701,ORD_26454,PROD_516,1,91.12,0.0
ITEM_110702,ORD_26454,PROD_518,1,148.06,14.81
ITEM_110703,ORD_26455,PROD_547,1,20.21,0.0
ITEM_110704,ORD_26456,PROD_569,2,274.5,82.35
ITEM_110705,ORD_26457,PROD_556,2,171.31,17.13
ITEM_110706,ORD_26457,PROD_544,1,280.84,0.0
ITEM_110707,ORD_26457,PROD_543,2,313.64,0.0
ITEM_110708,ORD_26457,PROD_513,1,126.72,12.67
ITEM_110709,ORD_26458,PROD_528,1,17.95,0.0
ITEM_110710,ORD_26459,PROD_553,1,123.16,18.47
ITEM_110711,ORD_26459,PROD_574,1,250.97,0.0
ITEM_110712,ORD_26459,PROD_548,3,54.38,24.47
ITEM_110713,ORD_26460,PROD_513,1,126.72,6.34
ITEM_110714,ORD_26461,PROD_505,1,64.22,6.42
ITEM_110715,ORD_26461,PROD_556,1,171.31,0.0
ITEM_110716,ORD_26461,PROD_551,2,148.84,0.0
ITEM_110717,ORD_26462,PROD_557,1,170.75,8.54
ITEM_110718,ORD_26462,PROD_541,1,137.54,13.75
ITEM_110719,ORD_26463,PROD_521,1,141.39,0.0
ITEM_110720,ORD_26463,PROD_570,1,85.34,0.0
ITEM_110721,ORD_26464,PROD_517,1,232.38,34.86
ITEM_110722,ORD_26464,PROD_531,2,242.35,0.0
ITEM_110723,ORD_26465,PROD_510,1,220.56,0.0
ITEM_110724,ORD_26465,PROD_515,1,189.61,18.96
ITEM_110725,ORD_26466,PROD_546,2,209.69,41.94
ITEM_110726,ORD_26466,PROD_522,1,209.52,0.0
ITEM_110727,ORD_26467,PROD_520,1,74.25,0.0
ITEM_110728,ORD_26468,PROD_579,1,221.42,0.0
ITEM_110729,ORD_26469,PROD_522,1,209.52,31.43
ITEM_110730,ORD_26470,PROD_553,2,123.16,0.0
ITEM_110731,ORD_26471,PROD_540,1,48.42,0.0
ITEM_110732,ORD_26472,PROD_543,1,313.64,15.68
ITEM_110733,ORD_26472,PROD_548,3,54.38,0.0
ITEM_110734,ORD_26473,PROD_573,1,121.95,0.0
ITEM_110735,ORD_26474,PROD_556,1,171.31,0.0
ITEM_110736,ORD_26474,PROD_516,1,91.12,0.0
ITEM_110737,ORD_26475,PROD_576,2,75.48,0.0
ITEM_110738,ORD_26475,PROD_553,1,123.16,0.0
ITEM_110739,ORD_26475,PROD_547,2,20.21,6.06
ITEM_110740,ORD_26476,PROD_505,2,64.22,0.0
ITEM_110741,ORD_26477,PROD_548,2,54.38,5.44
ITEM_110742,ORD_26477,PROD_570,1,85.34,0.0
ITEM_110743,ORD_26478,PROD_569,1,274.5,0.0
ITEM_110744,ORD_26478,PROD_507,1,16.01,0.0
ITEM_110745,ORD_26479,PROD_528,1,17.95,0.9
ITEM_110746,ORD_26479,PROD_527,1,218.49,0.0
ITEM_110747,ORD_26479,PROD_577,2,71.78,0.0
ITEM_110748,ORD_26480,PROD_574,1,250.97,0.0
ITEM_110749,ORD_26480,PROD_575,1,175.82,8.79
ITEM_110750,ORD_26481,PROD_516,1,91.12,0.0
ITEM_110751,ORD_26481,PROD_507,1,16.01,1.6
ITEM_110752,ORD_26481,PROD_569,1,274.5,41.17
ITEM_110753,ORD_26481,PROD_562,1,225.46,0.0
ITEM_110754,ORD_26482,PROD_542,2,140.18,0.0
ITEM_110755,ORD_26482,PROD_561,1,375.16,0.0
ITEM_110756,ORD_26483,PROD_564,1,77.5,11.62
ITEM_110757,ORD_26484,PROD_564,1,77.5,0.0
ITEM_110758,ORD_26484,PROD_549,1,112.15,5.61
ITEM_110759,ORD_26484,PROD_546,1,209.69,10.48
ITEM_110760,ORD_26485,PROD_509,1,213.9,0.0
ITEM_110761,ORD_26486,PROD_520,2,74.25,0.0
ITEM_110762,ORD_26487,PROD_580,1,221.1,0.0
ITEM_110763,ORD_26488,PROD_504,2,130.74,13.07
ITEM_110764,ORD_26489,PROD_519,2,236.9,0.0
ITEM_110765,ORD_26489,PROD_553,1,123.16,0.0
ITEM_110766,ORD_26490,PROD_530,1,142.79,0.0
ITEM_110767,ORD_26491,PROD_551,1,148.84,7.44
ITEM_110768,ORD_26492,PROD_542,1,140.18,0.0
ITEM_110769,ORD_26493,PROD_501,1,199.67,0.0
ITEM_110770,ORD_26493,PROD_551,1,148.84,0.0
ITEM_110771,ORD_26494,PROD_536,1,242.17,0.0
ITEM_110772,ORD_26495,PROD_510,1,220.56,0.0
ITEM_110773,ORD_26495,PROD_547,1,20.21,2.02
ITEM_110774,ORD_26496,PROD_559,1,149.13,0.0
ITEM_110775,ORD_26497,PROD_554,1,309.23,30.92
ITEM_110776,ORD_26498,PROD_517,1,232.38,0.0
ITEM_110777,ORD_26499,PROD_521,1,141.39,0.0
ITEM_110778,ORD_26500,PROD_543,1,313.64,0.0
ITEM_110779,ORD_26500,PROD_527,1,218.49,0.0
ITEM_110780,ORD_26501,PROD_575,3,175.82,0.0
ITEM_110781,ORD_26502,PROD_501,1,199.67,0.0
ITEM_110782,ORD_26502,PROD_549,1,112.15,11.22
ITEM_110783,ORD_26503,PROD_579,1,221.42,0.0
ITEM_110784,ORD_26503,PROD_553,1,123.16,0.0
ITEM_110785,ORD_26504,PROD_512,1,151.42,15.14
ITEM_110786,ORD_26504,PROD_556,1,171.31,0.0
ITEM_110787,ORD_26504,PROD_546,1,209.69,10.48
ITEM_110788,ORD_26505,PROD_569,1,274.5,13.73
ITEM_110789,ORD_26505,PROD_531,1,242.35,0.0
ITEM_110790,ORD_26505,PROD_551,1,148.84,0.0
ITEM_110791,ORD_26505,PROD_561,1,375.16,0.0
ITEM_110792,ORD_26506,PROD_578,1,165.8,0.0
ITEM_110793,ORD_26506,PROD_567,1,103.84,0.0
ITEM_110794,ORD_26506,PROD_575,1,175.82,0.0
ITEM_110795,ORD_26507,PROD_531,1,242.35,12.12
ITEM_110796,ORD_26508,PROD_558,2,152.68,15.27
ITEM_110797,ORD_26508,PROD_579,1,221.42,0.0
ITEM_110798,ORD_26508,PROD_554,1,309.23,0.0
ITEM_110799,ORD_26509,PROD_545,1,246.78,0.0
ITEM_110800,ORD_26509,PROD_535,1,36.04,1.8
ITEM_110801,ORD_26509,PROD_569,1,274.5,13.73
ITEM_110802,ORD_26510,PROD_552,1,157.7,0.0
ITEM_110803,ORD_26511,PROD_560,3,88.9,0.0
ITEM_110804,ORD_26512,PROD_575,1,175.82,0.0
ITEM_110805,ORD_26513,PROD_576,1,75.48,11.32
ITEM_110806,ORD_26514,PROD_577,1,71.78,7.18
ITEM_110807,ORD_26514,PROD_550,2,19.6,0.0
ITEM_110808,ORD_26515,PROD_508,1,312.13,0.0
ITEM_110809,ORD_26516,PROD_517,1,232.38,23.24
ITEM_110810,ORD_26516,PROD_526,2,212.22,21.22
ITEM_110811,ORD_26517,PROD_510,2,220.56,22.06
ITEM_110812,ORD_26518,PROD_574,1,250.97,0.0
ITEM_110813,ORD_26518,PROD_565,1,16.38,0.0
ITEM_110814,ORD_26518,PROD_556,1,171.31,0.0
ITEM_110815,ORD_26518,PROD_568,1,116.17,5.81
ITEM_110816,ORD_26519,PROD_548,1,54.38,2.72
ITEM_110817,ORD_26520,PROD_534,2,46.48,0.0
ITEM_110818,ORD_26521,PROD_506,2,240.11,24.01
ITEM_110819,ORD_26522,PROD_575,1,175.82,0.0
ITEM_110820,ORD_26522,PROD_523,2,104.47,0.0
ITEM_110821,ORD_26523,PROD_529,1,24.28,0.0
ITEM_110822,ORD_26523,PROD_579,2,221.42,0.0
ITEM_110823,ORD_26523,PROD_522,1,209.52,0.0
ITEM_110824,ORD_26523,PROD_555,2,121.11,0.0
ITEM_110825,ORD_26524,PROD_535,1,36.04,0.0
ITEM_110826,ORD_26525,PROD_560,3,88.9,0.0
ITEM_110827,ORD_26526,PROD_502,1,242.11,0.0
ITEM_110828,ORD_26527,PROD_539,1,250.31,12.52
ITEM_110829,ORD_26527,PROD_525,2,227.68,22.77
ITEM_110830,ORD_26527,PROD_530,1,142.79,0.0
ITEM_110831,ORD_26527,PROD_503,1,157.89,0.0
ITEM_110832,ORD_26528,PROD_532,1,272.35,27.24
ITEM_110833,ORD_26529,PROD_569,1,274.5,0.0
ITEM_110834,ORD_26529,PROD_578,1,165.8,0.0
ITEM_110835,ORD_26530,PROD_526,2,212.22,0.0
ITEM_110836,ORD_26531,PROD_504,2,130.74,0.0
ITEM_110837,ORD_26531,PROD_514,1,255.83,12.79
ITEM_110838,ORD_26532,PROD_504,1,130.74,6.54
ITEM_110839,ORD_26532,PROD_559,3,149.13,0.0
ITEM_110840,ORD_26532,PROD_538,1,153.61,0.0
ITEM_110841,ORD_26533,PROD_562,3,225.46,0.0
ITEM_110842,ORD_26533,PROD_576,1,75.48,3.77
ITEM_110843,ORD_26534,PROD_518,2,148.06,0.0
ITEM_110844,ORD_26535,PROD_505,1,64.22,0.0
ITEM_110845,ORD_26536,PROD_566,1,250.95,0.0
ITEM_110846,ORD_26536,PROD_574,1,250.97,0.0
ITEM_110847,ORD_26536,PROD_569,2,274.5,0.0
ITEM_110848,ORD_26537,PROD_526,1,212.22,0.0
ITEM_110849,ORD_26538,PROD_506,2,240.11,24.01
ITEM_110850,ORD_26539,PROD_565,2,16.38,0.0
ITEM_110851,ORD_26539,PROD_568,2,116.17,0.0
ITEM_110852,ORD_26540,PROD_517,1,232.38,0.0
ITEM_110853,ORD_26541,PROD_525,2,227.68,22.77
ITEM_110854,ORD_26542,PROD_510,1,220.56,0.0
ITEM_110855,ORD_26542,PROD_544,1,280.84,0.0
ITEM_110856,ORD_26543,PROD_565,1,16.38,0.0
ITEM_110857,ORD_26544,PROD_511,2,295.08,88.52
ITEM_110858,ORD_26545,PROD_530,1,142.79,0.0
ITEM_110859,ORD_26546,PROD_536,1,242.17,0.0
ITEM_110860,ORD_26547,PROD_575,1,175.82,8.79
ITEM_110861,ORD_26547,PROD_527,2,218.49,0.0
ITEM_110862,ORD_26548,PROD_561,1,375.16,0.0
ITEM_110863,ORD_26548,PROD_511,1,295.08,0.0
ITEM_110864,ORD_26549,PROD_562,1,225.46,22.55
ITEM_110865,ORD_26549,PROD_568,2,116.17,0.0
ITEM_110866,ORD_26550,PROD_542,3,140.18,0.0
ITEM_110867,ORD_26550,PROD_546,1,209.69,0.0
ITEM_110868,ORD_26551,PROD_509,1,213.9,0.0
ITEM_110869,ORD_26551,PROD_503,1,157.89,0.0
ITEM_110870,ORD_26552,PROD_570,1,85.34,0.0
ITEM_110871,ORD_26553,PROD_578,2,165.8,0.0
ITEM_110872,ORD_26554,PROD_504,1,130.74,0.0
ITEM_110873,ORD_26554,PROD_558,1,152.68,0.0
ITEM_110874,ORD_26555,PROD_573,1,121.95,12.2
ITEM_110875,ORD_26556,PROD_519,1,236.9,0.0
ITEM_110876,ORD_26556,PROD_556,1,171.31,0.0
ITEM_110877,ORD_26557,PROD_569,2,274.5,0.0
ITEM_110878,ORD_26557,PROD_526,1,212.22,0.0
ITEM_110879,ORD_26558,PROD_570,1,85.34,0.0
ITEM_110880,ORD_26559,PROD_509,1,213.9,0.0
ITEM_110881,ORD_26559,PROD_569,1,274.5,0.0
ITEM_110882,ORD_26560,PROD_521,1,141.39,0.0
ITEM_110883,ORD_26561,PROD_560,1,88.9,0.0
ITEM_110884,ORD_26562,PROD_563,1,317.9,0.0
ITEM_110885,ORD_26562,PROD_533,2,161.57,0.0
ITEM_110886,ORD_26562,PROD_575,1,175.82,0.0
ITEM_110887,ORD_26563,PROD_555,1,121.11,6.06
ITEM_110888,ORD_26563,PROD_515,3,189.61,56.88
ITEM_110889,ORD_26564,PROD_533,1,161.57,16.16
ITEM_110890,ORD_26565,PROD_563,1,317.9,15.89
ITEM_110891,ORD_26566,PROD_510,3,220.56,0.0
ITEM_110892,ORD_26567,PROD_508,1,312.13,31.21
ITEM_110893,ORD_26568,PROD_545,1,246.78,0.0
ITEM_110894,ORD_26568,PROD_571,1,211.74,0.0
ITEM_110895,ORD_26568,PROD_574,1,250.97,0.0
ITEM_110896,ORD_26568,PROD_566,1,250.95,0.0
ITEM_110897,ORD_26569,PROD_550,1,19.6,0.0
ITEM_110898,ORD_26569,PROD_535,2,36.04,0.0
ITEM_110899,ORD_26569,PROD_518,1,148.06,7.4
ITEM_110900,ORD_26570,PROD_570,1,85.34,0.0
ITEM_110901,ORD_26570,PROD_516,1,91.12,0.0
ITEM_110902,ORD_26571,PROD_508,1,312.13,31.21
ITEM_110903,ORD_26572,PROD_564,1,77.5,0.0
ITEM_110904,ORD_26573,PROD_550,1,19.6,0.0
ITEM_110905,ORD_26574,PROD_543,1,313.64,0.0
ITEM_110906,ORD_26575,PROD_534,1,46.48,0.0
ITEM_110907,ORD_26575,PROD_543,1,313.64,0.0
ITEM_110908,ORD_26576,PROD_527,1,218.49,0.0
ITEM_110909,ORD_26577,PROD_549,1,112.15,0.0
ITEM_110910,ORD_26578,PROD_543,1,313.64,0.0
ITEM_110911,ORD_26579,PROD_553,1,123.16,0.0
ITEM_110912,ORD_26580,PROD_508,1,312.13,0.0
ITEM_110913,ORD_26580,PROD_526,1,212.22,31.83
ITEM_110914,ORD_26581,PROD_575,1,175.82,8.79
ITEM_110915,ORD_26582,PROD_523,1,104.47,10.45
ITEM_110916,ORD_26583,PROD_548,1,54.38,0.0
ITEM_110917,ORD_26583,PROD_578,2,165.8,0.0
ITEM_110918,ORD_26583,PROD_506,1,240.11,0.0
ITEM_110919,ORD_26584,PROD_562,3,225.46,0.0
ITEM_110920,ORD_26584,PROD_504,2,130.74,13.07
ITEM_110921,ORD_26585,PROD_543,1,313.64,0.0
ITEM_110922,ORD_26585,PROD_544,1,280.84,0.0
ITEM_110923,ORD_26585,PROD_579,1,221.42,0.0
ITEM_110924,ORD_26586,PROD_573,2,121.95,0.0
ITEM_110925,ORD_26587,PROD_517,1,232.38,11.62
ITEM_110926,ORD_26588,PROD_565,1,16.38,0.0
ITEM_110927,ORD_26589,PROD_533,1,161.57,0.0
ITEM_110928,ORD_26589,PROD_554,1,309.23,30.92
ITEM_110929,ORD_26589,PROD_552,1,157.7,0.0
ITEM_110930,ORD_26590,PROD_544,1,280.84,0.0
ITEM_110931,ORD_26590,PROD_560,1,88.9,0.0
ITEM_110932,ORD_26591,PROD_541,1,137.54,0.0
ITEM_110933,ORD_26591,PROD_513,1,126.72,0.0
ITEM_110934,ORD_26592,PROD_502,1,242.11,12.11
ITEM_110935,ORD_26592,PROD_521,1,141.39,0.0
ITEM_110936,ORD_26592,PROD_559,1,149.13,0.0
ITEM_110937,ORD_26593,PROD_555,2,121.11,24.22
ITEM_110938,ORD_26594,PROD_571,1,211.74,0.0
ITEM_110939,ORD_26595,PROD_523,1,104.47,0.0
ITEM_110940,ORD_26595,PROD_513,1,126.72,12.67
ITEM_110941,ORD_26596,PROD_517,3,232.38,34.86
ITEM_110942,ORD_26596,PROD_575,2,175.82,17.58
ITEM_110943,ORD_26597,PROD_563,1,317.9,0.0
ITEM_110944,ORD_26598,PROD_575,2,175.82,0.0
ITEM_110945,ORD_26599,PROD_542,1,140.18,0.0
ITEM_110946,ORD_26600,PROD_507,1,16.01,0.8
ITEM_110947,ORD_26601,PROD_575,2,175.82,0.0
ITEM_110948,ORD_26602,PROD_573,1,121.95,0.0
ITEM_110949,ORD_26603,PROD_538,1,153.61,0.0
ITEM_110950,ORD_26603,PROD_519,1,236.9,0.0
ITEM_110951,ORD_26604,PROD_526,1,212.22,0.0
ITEM_110952,ORD_26605,PROD_525,1,227.68,0.0
ITEM_110953,ORD_26606,PROD_529,2,24.28,0.0
ITEM_110954,ORD_26606,PROD_507,1,16.01,0.0
ITEM_110955,ORD_26607,PROD_525,1,227.68,0.0
ITEM_110956,ORD_26608,PROD_514,1,255.83,0.0
ITEM_110957,ORD_26608,PROD_504,2,130.74,0.0
ITEM_110958,ORD_26609,PROD_515,1,189.61,0.0
ITEM_110959,ORD_26609,PROD_512,3,151.42,0.0
ITEM_110960,ORD_26609,PROD_539,1,250.31,37.55
ITEM_110961,ORD_26609,PROD_531,2,242.35,0.0
ITEM_110962,ORD_26610,PROD_525,2,227.68,0.0
ITEM_110963,ORD_26611,PROD_555,2,121.11,36.33
ITEM_110964,ORD_26612,PROD_508,1,312.13,31.21
ITEM_110965,ORD_26612,PROD_506,2,240.11,0.0
ITEM_110966,ORD_26613,PROD_527,1,218.49,0.0
ITEM_110967,ORD_26613,PROD_534,1,46.48,0.0
ITEM_110968,ORD_26613,PROD_559,1,149.13,0.0
ITEM_110969,ORD_26614,PROD_574,1,250.97,0.0
ITEM_110970,ORD_26615,PROD_502,1,242.11,0.0
ITEM_110971,ORD_26616,PROD_579,1,221.42,0.0
ITEM_110972,ORD_26617,PROD_555,2,121.11,0.0
ITEM_110973,ORD_26618,PROD_540,1,48.42,0.0
ITEM_110974,ORD_26619,PROD_538,1,153.61,15.36
ITEM_110975,ORD_26620,PROD_515,1,189.61,28.44
ITEM_110976,ORD_26621,PROD_528,1,17.95,0.0
ITEM_110977,ORD_26622,PROD_509,2,213.9,21.39
ITEM_110978,ORD_26623,PROD_543,1,313.64,15.68
ITEM_110979,ORD_26624,PROD_525,1,227.68,0.0
ITEM_110980,ORD_26625,PROD_534,2,46.48,0.0
ITEM_110981,ORD_26625,PROD_542,1,140.18,14.02
ITEM_110982,ORD_26626,PROD_553,1,123.16,0.0
ITEM_110983,ORD_26627,PROD_524,2,116.66,23.33
ITEM_110984,ORD_26628,PROD_531,1,242.35,0.0
ITEM_110985,ORD_26629,PROD_547,1,20.21,0.0
ITEM_110986,ORD_26629,PROD_507,1,16.01,0.0
ITEM_110987,ORD_26630,PROD_502,1,242.11,12.11
ITEM_110988,ORD_26630,PROD_564,1,77.5,11.62
ITEM_110989,ORD_26631,PROD_503,1,157.89,0.0
ITEM_110990,ORD_26632,PROD_508,2,312.13,0.0
ITEM_110991,ORD_26633,PROD_512,1,151.42,0.0
ITEM_110992,ORD_26634,PROD_550,2,19.6,0.0
ITEM_110993,ORD_26635,PROD_537,1,145.12,0.0
ITEM_110994,ORD_26635,PROD_536,1,242.17,0.0
ITEM_110995,ORD_26635,PROD_505,1,64.22,3.21
ITEM_110996,ORD_26636,PROD_570,1,85.34,0.0
ITEM_110997,ORD_26637,PROD_573,1,121.95,12.2
ITEM_110998,ORD_26638,PROD_557,1,170.75,0.0
ITEM_110999,ORD_26639,PROD_576,2,75.48,15.1
ITEM_111000,ORD_26639,PROD_578,1,165.8,16.58
ITEM_111001,ORD_26639,PROD_579,1,221.42,0.0
ITEM_111002,ORD_26639,PROD_530,2,142.79,0.0
ITEM_111003,ORD_26640,PROD_554,1,309.23,15.46
ITEM_111004,ORD_26641,PROD_530,3,142.79,0.0
ITEM_111005,ORD_26642,PROD_577,3,71.78,0.0
ITEM_111006,ORD_26643,PROD_550,1,19.6,0.0
ITEM_111007,ORD_26644,PROD_511,1,295.08,0.0
ITEM_111008,ORD_26645,PROD_534,1,46.48,2.32
ITEM_111009,ORD_26646,PROD_523,1,104.47,0.0
ITEM_111010,ORD_26647,PROD_546,1,209.69,0.0
ITEM_111011,ORD_26648,PROD_507,2,16.01,1.6
ITEM_111012,ORD_26649,PROD_520,1,74.25,0.0
ITEM_111013,ORD_26650,PROD_579,1,221.42,0.0
ITEM_111014,ORD_26650,PROD_539,2,250.31,25.03
ITEM_111015,ORD_26650,PROD_512,2,151.42,0.0
ITEM_111016,ORD_26651,PROD_573,1,121.95,0.0
ITEM_111017,ORD_26651,PROD_514,2,255.83,0.0
ITEM_111018,ORD_26652,PROD_516,2,91.12,0.0
ITEM_111019,ORD_26653,PROD_556,1,171.31,0.0
ITEM_111020,ORD_26654,PROD_539,1,250.31,0.0
ITEM_111021,ORD_26655,PROD_526,1,212.22,10.61
ITEM_111022,ORD_26656,PROD_541,2,137.54,13.75
ITEM_111023,ORD_26656,PROD_525,2,227.68,0.0
ITEM_111024,ORD_26657,PROD_544,1,280.84,0.0
ITEM_111025,ORD_26658,PROD_526,1,212.22,10.61
ITEM_111026,ORD_26658,PROD_563,1,317.9,0.0
ITEM_111027,ORD_26658,PROD_528,1,17.95,0.0
ITEM_111028,ORD_26658,PROD_509,1,213.9,0.0
ITEM_111029,ORD_26659,PROD_510,1,220.56,0.0
ITEM_111030,ORD_26660,PROD_510,1,220.56,0.0
ITEM_111031,ORD_26661,PROD_548,3,54.38,8.16
ITEM_111032,ORD_26662,PROD_561,1,375.16,0.0
ITEM_111033,ORD_26662,PROD_548,2,54.38,0.0
ITEM_111034,ORD_26662,PROD_530,1,142.79,14.28
ITEM_111035,ORD_26662,PROD_502,1,242.11,0.0
ITEM_111036,ORD_26663,PROD_575,2,175.82,0.0
ITEM_111037,ORD_26664,PROD_503,1,157.89,0.0
ITEM_111038,ORD_26665,PROD_501,1,199.67,0.0
ITEM_111039,ORD_26665,PROD_524,1,116.66,0.0
ITEM_111040,ORD_26665,PROD_530,2,142.79,0.0
ITEM_111041,ORD_26666,PROD_564,1,77.5,0.0
ITEM_111042,ORD_26666,PROD_570,3,85.34,12.8
ITEM_111043,ORD_26667,PROD_560,1,88.9,0.0
ITEM_111044,ORD_26668,PROD_523,2,104.47,0.0
ITEM_111045,ORD_26668,PROD_546,2,209.69,20.97
ITEM_111046,ORD_26668,PROD_549,2,112.15,11.22
ITEM_111047,ORD_26669,PROD_542,2,140.18,14.02
ITEM_111048,ORD_26669,PROD_574,1,250.97,0.0
ITEM_111049,ORD_26669,PROD_580,1,221.1,0.0
ITEM_111050,ORD_26670,PROD_528,1,17.95,1.79
ITEM_111051,ORD_26670,PROD_567,1,103.84,0.0
ITEM_111052,ORD_26671,PROD_551,1,148.84,0.0
ITEM_111053,ORD_26671,PROD_576,1,75.48,0.0
ITEM_111054,ORD_26671,PROD_504,1,130.74,13.07
ITEM_111055,ORD_26671,PROD_529,1,24.28,0.0
ITEM_111056,ORD_26672,PROD_520,2,74.25,0.0
ITEM_111057,ORD_26673,PROD_547,2,20.21,4.04
ITEM_111058,ORD_26674,PROD_542,1,140.18,0.0
ITEM_111059,ORD_26675,PROD_548,1,54.38,0.0
ITEM_111060,ORD_26676,PROD_512,1,151.42,0.0
ITEM_111061,ORD_26677,PROD_540,1,48.42,0.0
ITEM_111062,ORD_26678,PROD_523,1,104.47,0.0
ITEM_111063,ORD_26679,PROD_529,3,24.28,3.64
ITEM_111064,ORD_26679,PROD_573,1,121.95,0.0
ITEM_111065,ORD_26680,PROD_523,1,104.47,0.0
ITEM_111066,ORD_26681,PROD_537,1,145.12,14.51
ITEM_111067,ORD_26681,PROD_535,1,36.04,1.8
ITEM_111068,ORD_26682,PROD_545,1,246.78,0.0
ITEM_111069,ORD_26683,PROD_543,1,313.64,31.36
ITEM_111070,ORD_26683,PROD_516,1,91.12,0.0
ITEM_111071,ORD_26683,PROD_522,2,209.52,0.0
ITEM_111072,ORD_26684,PROD_502,1,242.11,0.0
ITEM_111073,ORD_26684,PROD_530,1,142.79,0.0
ITEM_111074,ORD_26685,PROD_550,2,19.6,0.0
ITEM_111075,ORD_26686,PROD_572,1,144.07,0.0
ITEM_111076,ORD_26686,PROD_567,2,103.84,0.0
ITEM_111077,ORD_26687,PROD_506,1,240.11,0.0
ITEM_111078,ORD_26688,PROD_501,1,199.67,0.0
ITEM_111079,ORD_26688,PROD_519,1,236.9,11.85
ITEM_111080,ORD_26688,PROD_554,1,309.23,15.46
ITEM_111081,ORD_26688,PROD_506,1,240.11,0.0
ITEM_111082,ORD_26689,PROD_576,1,75.48,11.32
ITEM_111083,ORD_26689,PROD_526,1,212.22,31.83
ITEM_111084,ORD_26689,PROD_567,2,103.84,0.0
ITEM_111085,ORD_26689,PROD_528,1,17.95,0.0
ITEM_111086,ORD_26690,PROD_577,2,71.78,0.0
ITEM_111087,ORD_26690,PROD_509,2,213.9,0.0
ITEM_111088,ORD_26690,PROD_515,2,189.61,0.0
ITEM_111089,ORD_26691,PROD_519,2,236.9,0.0
ITEM_111090,ORD_26691,PROD_574,1,250.97,12.55
ITEM_111091,ORD_26692,PROD_547,1,20.21,0.0
ITEM_111092,ORD_26692,PROD_536,1,242.17,0.0
ITEM_111093,ORD_26692,PROD_565,2,16.38,0.0
ITEM_111094,ORD_26693,PROD_505,1,64.22,3.21
ITEM_111095,ORD_26694,PROD_573,1,121.95,0.0
ITEM_111096,ORD_26694,PROD_522,1,209.52,0.0
ITEM_111097,ORD_26695,PROD_538,1,153.61,0.0
ITEM_111098,ORD_26695,PROD_576,1,75.48,0.0
ITEM_111099,ORD_26696,PROD_566,1,250.95,0.0
ITEM_111100,ORD_26696,PROD_515,1,189.61,9.48
ITEM_111101,ORD_26697,PROD_549,1,112.15,0.0
ITEM_111102,ORD_26698,PROD_560,2,88.9,8.89
ITEM_111103,ORD_26698,PROD_516,1,91.12,0.0
ITEM_111104,ORD_26698,PROD_511,2,295.08,0.0
ITEM_111105,ORD_26699,PROD_535,2,36.04,0.0
ITEM_111106,ORD_26699,PROD_511,1,295.08,0.0
ITEM_111107,ORD_26700,PROD_572,2,144.07,0.0
ITEM_111108,ORD_26701,PROD_525,1,227.68,0.0
ITEM_111109,ORD_26702,PROD_564,1,77.5,0.0
ITEM_111110,ORD_26703,PROD_518,2,148.06,0.0
ITEM_111111,ORD_26704,PROD_501,1,199.67,19.97
ITEM_111112,ORD_26704,PROD_520,2,74.25,0.0
ITEM_111113,ORD_26704,PROD_577,1,71.78,3.59
ITEM_111114,ORD_26704,PROD_547,1,20.21,1.01
ITEM_111115,ORD_26705,PROD_556,1,171.31,0.0
ITEM_111116,ORD_26705,PROD_514,2,255.83,25.58
ITEM_111117,ORD_26706,PROD_539,1,250.31,12.52
ITEM_111118,ORD_26707,PROD_505,1,64.22,0.0
ITEM_111119,ORD_26708,PROD_565,2,16.38,0.0
ITEM_111120,ORD_26709,PROD_523,1,104.47,0.0
ITEM_111121,ORD_26709,PROD_569,1,274.5,0.0
ITEM_111122,ORD_26710,PROD_519,2,236.9,23.69
ITEM_111123,ORD_26711,PROD_534,1,46.48,2.32
ITEM_111124,ORD_26712,PROD_523,1,104.47,0.0
ITEM_111125,ORD_26712,PROD_574,1,250.97,12.55
ITEM_111126,ORD_26713,PROD_540,1,48.42,0.0
ITEM_111127,ORD_26714,PROD_577,1,71.78,0.0
ITEM_111128,ORD_26714,PROD_539,1,250.31,0.0
ITEM_111129,ORD_26715,PROD_515,1,189.61,9.48
ITEM_111130,ORD_26716,PROD_519,1,236.9,0.0
ITEM_111131,ORD_26717,PROD_578,1,165.8,0.0
ITEM_111132,ORD_26718,PROD_515,2,189.61,0.0
ITEM_111133,ORD_26718,PROD_562,2,225.46,0.0
ITEM_111134,ORD_26719,PROD_537,2,145.12,0.0
ITEM_111135,ORD_26720,PROD_520,1,74.25,0.0
ITEM_111136,ORD_26721,PROD_511,1,295.08,0.0
ITEM_111137,ORD_26721,PROD_578,2,165.8,0.0
ITEM_111138,ORD_26721,PROD_576,2,75.48,0.0
ITEM_111139,ORD_26722,PROD_516,1,91.12,0.0
ITEM_111140,ORD_26722,PROD_530,1,142.79,7.14
ITEM_111141,ORD_26722,PROD_521,1,141.39,7.07
ITEM_111142,ORD_26723,PROD_508,2,312.13,0.0
ITEM_111143,ORD_26724,PROD_557,1,170.75,0.0
ITEM_111144,ORD_26725,PROD_551,1,148.84,0.0
ITEM_111145,ORD_26726,PROD_530,1,142.79,7.14
ITEM_111146,ORD_26727,PROD_527,2,218.49,0.0
ITEM_111147,ORD_26728,PROD_541,1,137.54,0.0
ITEM_111148,ORD_26729,PROD_555,2,121.11,0.0
ITEM_111149,ORD_26729,PROD_525,1,227.68,0.0
ITEM_111150,ORD_26730,PROD_503,2,157.89,0.0
ITEM_111151,ORD_26731,PROD_569,1,274.5,41.17
ITEM_111152,ORD_26732,PROD_566,1,250.95,12.55
ITEM_111153,ORD_26732,PROD_546,1,209.69,0.0
ITEM_111154,ORD_26733,PROD_503,1,157.89,0.0
ITEM_111155,ORD_26734,PROD_561,1,375.16,37.52
ITEM_111156,ORD_26735,PROD_535,2,36.04,7.21
ITEM_111157,ORD_26735,PROD_537,1,145.12,0.0
ITEM_111158,ORD_26736,PROD_571,1,211.74,0.0
ITEM_111159,ORD_26737,PROD_571,2,211.74,0.0
ITEM_111160,ORD_26738,PROD_542,3,140.18,0.0
ITEM_111161,ORD_26739,PROD_524,1,116.66,11.67
ITEM_111162,ORD_26740,PROD_559,1,149.13,0.0
ITEM_111163,ORD_26741,PROD_537,1,145.12,0.0
ITEM_111164,ORD_26741,PROD_517,2,232.38,0.0
ITEM_111165,ORD_26741,PROD_536,1,242.17,12.11
ITEM_111166,ORD_26742,PROD_530,1,142.79,0.0
ITEM_111167,ORD_26743,PROD_543,1,313.64,15.68
ITEM_111168,ORD_26743,PROD_557,2,170.75,0.0
ITEM_111169,ORD_26743,PROD_502,1,242.11,12.11
ITEM_111170,ORD_26743,PROD_522,2,209.52,0.0
ITEM_111171,ORD_26744,PROD_575,1,175.82,17.58
ITEM_111172,ORD_26744,PROD_555,1,121.11,0.0
ITEM_111173,ORD_26744,PROD_549,1,112.15,0.0
ITEM_111174,ORD_26744,PROD_569,2,274.5,0.0
ITEM_111175,ORD_26745,PROD_575,1,175.82,0.0
ITEM_111176,ORD_26745,PROD_526,1,212.22,0.0
ITEM_111177,ORD_26746,PROD_523,1,104.47,0.0
ITEM_111178,ORD_26746,PROD_562,2,225.46,0.0
ITEM_111179,ORD_26747,PROD_509,2,213.9,21.39
ITEM_111180,ORD_26748,PROD_546,3,209.69,62.91
ITEM_111181,ORD_26748,PROD_561,3,375.16,0.0
ITEM_111182,ORD_26748,PROD_522,2,209.52,20.95
ITEM_111183,ORD_26749,PROD_560,1,88.9,0.0
ITEM_111184,ORD_26750,PROD_530,1,142.79,14.28
ITEM_111185,ORD_26750,PROD_545,1,246.78,0.0
ITEM_111186,ORD_26751,PROD_558,2,152.68,0.0
ITEM_111187,ORD_26752,PROD_573,1,121.95,0.0
ITEM_111188,ORD_26753,PROD_509,1,213.9,0.0
ITEM_111189,ORD_26754,PROD_514,2,255.83,0.0
ITEM_111190,ORD_26754,PROD_529,1,24.28,1.21
ITEM_111191,ORD_26754,PROD_546,1,209.69,0.0
ITEM_111192,ORD_26755,PROD_508,2,312.13,0.0
ITEM_111193,ORD_26755,PROD_519,1,236.9,23.69
ITEM_111194,ORD_26755,PROD_530,1,142.79,0.0
ITEM_111195,ORD_26756,PROD_554,1,309.23,0.0
ITEM_111196,ORD_26757,PROD_565,1,16.38,2.46
ITEM_111197,ORD_26758,PROD_559,1,149.13,0.0
ITEM_111198,ORD_26758,PROD_579,2,221.42,0.0
ITEM_111199,ORD_26759,PROD_549,2,112.15,33.65
ITEM_111200,ORD_26760,PROD_570,1,85.34,8.53
ITEM_111201,ORD_26760,PROD_580,1,221.1,0.0
ITEM_111202,ORD_26761,PROD_517,2,232.38,0.0
ITEM_111203,ORD_26761,PROD_533,3,161.57,0.0
ITEM_111204,ORD_26762,PROD_534,1,46.48,2.32
ITEM_111205,ORD_26763,PROD_519,2,236.9,0.0
ITEM_111206,ORD_26763,PROD_567,2,103.84,0.0
ITEM_111207,ORD_26764,PROD_539,1,250.31,0.0
ITEM_111208,ORD_26765,PROD_578,2,165.8,0.0
ITEM_111209,ORD_26766,PROD_544,1,280.84,0.0
ITEM_111210,ORD_26766,PROD_509,1,213.9,0.0
ITEM_111211,ORD_26767,PROD_507,1,16.01,0.0
ITEM_111212,ORD_26768,PROD_501,2,199.67,39.93
ITEM_111213,ORD_26768,PROD_566,1,250.95,25.09
ITEM_111214,ORD_26769,PROD_556,1,171.31,0.0
ITEM_111215,ORD_26769,PROD_561,1,375.16,37.52
ITEM_111216,ORD_26769,PROD_571,1,211.74,10.59
ITEM_111217,ORD_26770,PROD_553,1,123.16,0.0
ITEM_111218,ORD_26771,PROD_561,1,375.16,0.0
ITEM_111219,ORD_26772,PROD_539,1,250.31,0.0
ITEM_111220,ORD_26772,PROD_541,1,137.54,0.0
ITEM_111221,ORD_26773,PROD_578,1,165.8,8.29
ITEM_111222,ORD_26773,PROD_573,1,121.95,0.0
ITEM_111223,ORD_26774,PROD_541,1,137.54,0.0
ITEM_111224,ORD_26775,PROD_579,3,221.42,66.43
ITEM_111225,ORD_26776,PROD_569,2,274.5,0.0
ITEM_111226,ORD_26777,PROD_515,1,189.61,0.0
ITEM_111227,ORD_26777,PROD_565,1,16.38,0.0
ITEM_111228,ORD_26778,PROD_530,1,142.79,14.28
ITEM_111229,ORD_26779,PROD_539,2,250.31,25.03
ITEM_111230,ORD_26779,PROD_505,1,64.22,6.42
ITEM_111231,ORD_26779,PROD_542,2,140.18,0.0
ITEM_111232,ORD_26779,PROD_537,2,145.12,0.0
ITEM_111233,ORD_26780,PROD_562,1,225.46,0.0
ITEM_111234,ORD_26781,PROD_513,1,126.72,6.34
ITEM_111235,ORD_26782,PROD_533,1,161.57,24.24
ITEM_111236,ORD_26783,PROD_527,2,218.49,0.0
ITEM_111237,ORD_26783,PROD_518,1,148.06,0.0
ITEM_111238,ORD_26784,PROD_512,1,151.42,0.0
ITEM_111239,ORD_26784,PROD_533,1,161.57,0.0
ITEM_111240,ORD_26785,PROD_537,1,145.12,7.26
ITEM_111241,ORD_26786,PROD_579,1,221.42,0.0
ITEM_111242,ORD_26787,PROD_540,1,48.42,0.0
ITEM_111243,ORD_26787,PROD_570,1,85.34,0.0
ITEM_111244,ORD_26787,PROD_518,2,148.06,29.61
ITEM_111245,ORD_26788,PROD_556,1,171.31,0.0
ITEM_111246,ORD_26788,PROD_544,1,280.84,0.0
ITEM_111247,ORD_26789,PROD_540,1,48.42,0.0
ITEM_111248,ORD_26789,PROD_527,1,218.49,21.85
ITEM_111249,ORD_26789,PROD_525,1,227.68,0.0
ITEM_111250,ORD_26789,PROD_523,1,104.47,0.0
ITEM_111251,ORD_26790,PROD_543,2,313.64,31.36
ITEM_111252,ORD_26790,PROD_530,1,142.79,0.0
ITEM_111253,ORD_26790,PROD_515,1,189.61,18.96
ITEM_111254,ORD_26791,PROD_541,1,137.54,0.0
ITEM_111255,ORD_26791,PROD_570,1,85.34,0.0
ITEM_111256,ORD_26791,PROD_508,1,312.13,31.21
ITEM_111257,ORD_26792,PROD_524,1,116.66,11.67
ITEM_111258,ORD_26792,PROD_557,1,170.75,0.0
ITEM_111259,ORD_26793,PROD_554,1,309.23,0.0
ITEM_111260,ORD_26794,PROD_518,2,148.06,0.0
ITEM_111261,ORD_26794,PROD_571,1,211.74,0.0
ITEM_111262,ORD_26794,PROD_555,2,121.11,0.0
ITEM_111263,ORD_26795,PROD_568,1,116.17,5.81
ITEM_111264,ORD_26796,PROD_512,1,151.42,0.0
ITEM_111265,ORD_26797,PROD_526,2,212.22,21.22
ITEM_111266,ORD_26798,PROD_506,1,240.11,0.0
ITEM_111267,ORD_26799,PROD_504,2,130.74,0.0
ITEM_111268,ORD_26800,PROD_535,1,36.04,0.0
ITEM_111269,ORD_26801,PROD_501,1,199.67,0.0
ITEM_111270,ORD_26801,PROD_568,1,116.17,0.0
ITEM_111271,ORD_26801,PROD_579,1,221.42,22.14
ITEM_111272,ORD_26801,PROD_558,1,152.68,7.63
ITEM_111273,ORD_26802,PROD_537,1,145.12,0.0
ITEM_111274,ORD_26802,PROD_556,1,171.31,0.0
ITEM_111275,ORD_26802,PROD_502,2,242.11,0.0
ITEM_111276,ORD_26802,PROD_542,1,140.18,0.0
ITEM_111277,ORD_26803,PROD_524,1,116.66,0.0
ITEM_111278,ORD_26803,PROD_577,2,71.78,0.0
ITEM_111279,ORD_26804,PROD_529,1,24.28,1.21
ITEM_111280,ORD_26805,PROD_536,2,242.17,0.0
ITEM_111281,ORD_26805,PROD_509,1,213.9,0.0
ITEM_111282,ORD_26805,PROD_548,1,54.38,0.0
ITEM_111283,ORD_26805,PROD_527,2,218.49,43.7
ITEM_111284,ORD_26806,PROD_542,1,140.18,0.0
ITEM_111285,ORD_26806,PROD_526,1,212.22,0.0
ITEM_111286,ORD_26807,PROD_548,2,54.38,0.0
ITEM_111287,ORD_26807,PROD_551,1,148.84,0.0
ITEM_111288,ORD_26808,PROD_518,1,148.06,0.0
ITEM_111289,ORD_26808,PROD_553,1,123.16,0.0
ITEM_111290,ORD_26809,PROD_561,1,375.16,18.76
ITEM_111291,ORD_26809,PROD_579,1,221.42,0.0
ITEM_111292,ORD_26810,PROD_568,1,116.17,0.0
ITEM_111293,ORD_26811,PROD_553,1,123.16,0.0
ITEM_111294,ORD_26811,PROD_577,1,71.78,3.59
ITEM_111295,ORD_26812,PROD_564,1,77.5,0.0
ITEM_111296,ORD_26813,PROD_540,3,48.42,0.0
ITEM_111297,ORD_26813,PROD_577,1,71.78,0.0
ITEM_111298,ORD_26814,PROD_544,1,280.84,0.0
ITEM_111299,ORD_26815,PROD_501,1,199.67,0.0
ITEM_111300,ORD_26815,PROD_504,2,130.74,0.0
ITEM_111301,ORD_26816,PROD_507,1,16.01,0.0
ITEM_111302,ORD_26817,PROD_575,1,175.82,0.0
ITEM_111303,ORD_26818,PROD_527,1,218.49,0.0
ITEM_111304,ORD_26818,PROD_558,1,152.68,7.63
ITEM_111305,ORD_26819,PROD_522,2,209.52,0.0
ITEM_111306,ORD_26819,PROD_517,3,232.38,0.0
ITEM_111307,ORD_26819,PROD_578,1,165.8,24.87
ITEM_111308,ORD_26820,PROD_549,1,112.15,0.0
ITEM_111309,ORD_26821,PROD_538,1,153.61,0.0
ITEM_111310,ORD_26821,PROD_544,1,280.84,0.0
ITEM_111311,ORD_26821,PROD_557,2,170.75,17.07
ITEM_111312,ORD_26822,PROD_534,1,46.48,0.0
ITEM_111313,ORD_26823,PROD_568,1,116.17,0.0
ITEM_111314,ORD_26823,PROD_548,1,54.38,0.0
ITEM_111315,ORD_26823,PROD_507,2,16.01,0.0
ITEM_111316,ORD_26823,PROD_579,1,221.42,0.0
ITEM_111317,ORD_26824,PROD_511,2,295.08,0.0
ITEM_111318,ORD_26825,PROD_545,1,246.78,0.0
ITEM_111319,ORD_26826,PROD_575,1,175.82,26.37
ITEM_111320,ORD_26827,PROD_544,1,280.84,14.04
ITEM_111321,ORD_26827,PROD_568,1,116.17,11.62
ITEM_111322,ORD_26828,PROD_511,1,295.08,0.0
ITEM_111323,ORD_26828,PROD_569,1,274.5,27.45
ITEM_111324,ORD_26829,PROD_537,1,145.12,0.0
ITEM_111325,ORD_26830,PROD_558,1,152.68,0.0
ITEM_111326,ORD_26831,PROD_503,1,157.89,0.0
ITEM_111327,ORD_26832,PROD_546,1,209.69,0.0
ITEM_111328,ORD_26833,PROD_560,1,88.9,8.89
ITEM_111329,ORD_26833,PROD_556,2,171.31,0.0
ITEM_111330,ORD_26834,PROD_557,1,170.75,0.0
ITEM_111331,ORD_26835,PROD_560,1,88.9,4.45
ITEM_111332,ORD_26836,PROD_526,2,212.22,0.0
ITEM_111333,ORD_26837,PROD_503,1,157.89,0.0
ITEM_111334,ORD_26838,PROD_536,2,242.17,24.22
ITEM_111335,ORD_26838,PROD_573,1,121.95,0.0
ITEM_111336,ORD_26838,PROD_556,1,171.31,0.0
ITEM_111337,ORD_26839,PROD_562,2,225.46,45.09
ITEM_111338,ORD_26840,PROD_522,1,209.52,0.0
ITEM_111339,ORD_26840,PROD_559,1,149.13,14.91
ITEM_111340,ORD_26840,PROD_512,2,151.42,0.0
ITEM_111341,ORD_26841,PROD_510,1,220.56,22.06
ITEM_111342,ORD_26841,PROD_524,1,116.66,17.5
ITEM_111343,ORD_26842,PROD_572,1,144.07,0.0
ITEM_111344,ORD_26842,PROD_534,1,46.48,0.0
ITEM_111345,ORD_26843,PROD_543,2,313.64,94.09
ITEM_111346,ORD_26844,PROD_522,1,209.52,0.0
ITEM_111347,ORD_26845,PROD_542,1,140.18,0.0
ITEM_111348,ORD_26845,PROD_509,2,213.9,0.0
ITEM_111349,ORD_26846,PROD_577,1,71.78,0.0
ITEM_111350,ORD_26846,PROD_512,1,151.42,0.0
ITEM_111351,ORD_26846,PROD_559,1,149.13,0.0
ITEM_111352,ORD_26847,PROD_546,1,209.69,0.0
ITEM_111353,ORD_26847,PROD_567,1,103.84,0.0
ITEM_111354,ORD_26848,PROD_561,1,375.16,0.0
ITEM_111355,ORD_26848,PROD_546,3,209.69,31.45
ITEM_111356,ORD_26849,PROD_555,1,121.11,0.0
ITEM_111357,ORD_26849,PROD_536,1,242.17,24.22
ITEM_111358,ORD_26850,PROD_564,2,77.5,0.0
ITEM_111359,ORD_26850,PROD_578,1,165.8,0.0
ITEM_111360,ORD_26851,PROD_508,1,312.13,0.0
ITEM_111361,ORD_26851,PROD_507,1,16.01,0.0
ITEM_111362,ORD_26852,PROD_535,1,36.04,0.0
ITEM_111363,ORD_26853,PROD_559,2,149.13,29.83
ITEM_111364,ORD_26853,PROD_517,1,232.38,0.0
ITEM_111365,ORD_26854,PROD_506,1,240.11,24.01
ITEM_111366,ORD_26854,PROD_527,2,218.49,0.0
ITEM_111367,ORD_26855,PROD_554,1,309.23,0.0
ITEM_111368,ORD_26856,PROD_513,1,126.72,0.0
ITEM_111369,ORD_26857,PROD_530,1,142.79,0.0
ITEM_111370,ORD_26857,PROD_516,3,91.12,0.0
ITEM_111371,ORD_26858,PROD_515,1,189.61,0.0
ITEM_111372,ORD_26859,PROD_502,1,242.11,0.0
ITEM_111373,ORD_26859,PROD_571,1,211.74,10.59
ITEM_111374,ORD_26860,PROD_564,1,77.5,0.0
ITEM_111375,ORD_26861,PROD_576,1,75.48,0.0
ITEM_111376,ORD_26862,PROD_579,1,221.42,0.0
ITEM_111377,ORD_26862,PROD_565,1,16.38,1.64
ITEM_111378,ORD_26863,PROD_552,1,157.7,7.88
ITEM_111379,ORD_26863,PROD_566,1,250.95,0.0
ITEM_111380,ORD_26863,PROD_503,1,157.89,15.79
ITEM_111381,ORD_26864,PROD_543,2,313.64,0.0
ITEM_111382,ORD_26865,PROD_558,1,152.68,7.63
ITEM_111383,ORD_26866,PROD_506,1,240.11,36.02
ITEM_111384,ORD_26867,PROD_552,1,157.7,0.0
ITEM_111385,ORD_26868,PROD_502,1,242.11,0.0
ITEM_111386,ORD_26868,PROD_529,1,24.28,0.0
ITEM_111387,ORD_26868,PROD_545,3,246.78,37.02
ITEM_111388,ORD_26869,PROD_520,3,74.25,0.0
ITEM_111389,ORD_26869,PROD_575,2,175.82,0.0
ITEM_111390,ORD_26870,PROD_568,1,116.17,11.62
ITEM_111391,ORD_26871,PROD_559,1,149.13,0.0
ITEM_111392,ORD_26871,PROD_528,2,17.95,0.0
ITEM_111393,ORD_26871,PROD_575,1,175.82,0.0
ITEM_111394,ORD_26872,PROD_539,1,250.31,12.52
ITEM_111395,ORD_26872,PROD_509,2,213.9,0.0
ITEM_111396,ORD_26873,PROD_538,2,153.61,0.0
ITEM_111397,ORD_26874,PROD_525,1,227.68,22.77
ITEM_111398,ORD_26874,PROD_529,3,24.28,0.0
ITEM_111399,ORD_26874,PROD_572,3,144.07,0.0
ITEM_111400,ORD_26875,PROD_550,1,19.6,0.98
ITEM_111401,ORD_26876,PROD_529,1,24.28,0.0
ITEM_111402,ORD_26876,PROD_577,1,71.78,0.0
ITEM_111403,ORD_26877,PROD_520,1,74.25,3.71
ITEM_111404,ORD_26878,PROD_523,1,104.47,0.0
ITEM_111405,ORD_26879,PROD_531,1,242.35,24.23
ITEM_111406,ORD_26879,PROD_570,2,85.34,8.53
ITEM_111407,ORD_26880,PROD_572,1,144.07,7.2
ITEM_111408,ORD_26881,PROD_548,1,54.38,2.72
ITEM_111409,ORD_26881,PROD_549,3,112.15,0.0
ITEM_111410,ORD_26881,PROD_528,1,17.95,1.79
ITEM_111411,ORD_26882,PROD_555,1,121.11,0.0
ITEM_111412,ORD_26882,PROD_569,2,274.5,0.0
ITEM_111413,ORD_26883,PROD_541,1,137.54,0.0
ITEM_111414,ORD_26884,PROD_541,1,137.54,6.88
ITEM_111415,ORD_26884,PROD_526,2,212.22,21.22
ITEM_111416,ORD_26884,PROD_573,1,121.95,0.0
ITEM_111417,ORD_26885,PROD_554,1,309.23,0.0
ITEM_111418,ORD_26885,PROD_557,1,170.75,0.0
ITEM_111419,ORD_26886,PROD_549,1,112.15,0.0
ITEM_111420,ORD_26887,PROD_519,3,236.9,106.61
ITEM_111421,ORD_26888,PROD_521,1,141.39,0.0
ITEM_111422,ORD_26888,PROD_564,1,77.5,0.0
ITEM_111423,ORD_26889,PROD_530,1,142.79,0.0
ITEM_111424,ORD_26890,PROD_516,2,91.12,18.22
ITEM_111425,ORD_26891,PROD_520,2,74.25,0.0
ITEM_111426,ORD_26891,PROD_529,2,24.28,0.0
ITEM_111427,ORD_26891,PROD_580,1,221.1,0.0
ITEM_111428,ORD_26891,PROD_552,1,157.7,7.88
ITEM_111429,ORD_26892,PROD_547,1,20.21,1.01
ITEM_111430,ORD_26893,PROD_577,1,71.78,10.77
ITEM_111431,ORD_26894,PROD_556,1,171.31,0.0
ITEM_111432,ORD_26894,PROD_514,1,255.83,0.0
ITEM_111433,ORD_26895,PROD_545,1,246.78,0.0
ITEM_111434,ORD_26895,PROD_509,1,213.9,21.39
ITEM_111435,ORD_26896,PROD_572,1,144.07,21.61
ITEM_111436,ORD_26897,PROD_567,1,103.84,10.38
ITEM_111437,ORD_26897,PROD_568,1,116.17,5.81
ITEM_111438,ORD_26897,PROD_511,1,295.08,0.0
ITEM_111439,ORD_26897,PROD_570,1,85.34,0.0
ITEM_111440,ORD_26898,PROD_524,2,116.66,23.33
ITEM_111441,ORD_26899,PROD_504,1,130.74,6.54
ITEM_111442,ORD_26900,PROD_502,1,242.11,0.0
ITEM_111443,ORD_26900,PROD_511,1,295.08,0.0
ITEM_111444,ORD_26901,PROD_506,1,240.11,0.0
ITEM_111445,ORD_26902,PROD_502,1,242.11,12.11
ITEM_111446,ORD_26902,PROD_552,1,157.7,7.88
ITEM_111447,ORD_26902,PROD_565,1,16.38,0.0
ITEM_111448,ORD_26903,PROD_522,1,209.52,0.0
ITEM_111449,ORD_26904,PROD_504,1,130.74,6.54
ITEM_111450,ORD_26905,PROD_556,1,171.31,0.0
ITEM_111451,ORD_26906,PROD_542,3,140.18,0.0
ITEM_111452,ORD_26906,PROD_563,1,317.9,0.0
ITEM_111453,ORD_26907,PROD_515,2,189.61,0.0
ITEM_111454,ORD_26907,PROD_529,1,24.28,2.43
ITEM_111455,ORD_26908,PROD_567,1,103.84,0.0
ITEM_111456,ORD_26908,PROD_513,1,126.72,0.0
ITEM_111457,ORD_26909,PROD_523,1,104.47,0.0
ITEM_111458,ORD_26910,PROD_533,1,161.57,0.0
ITEM_111459,ORD_26911,PROD_501,1,199.67,0.0
ITEM_111460,ORD_26911,PROD_510,1,220.56,11.03
ITEM_111461,ORD_26912,PROD_542,1,140.18,0.0
ITEM_111462,ORD_26913,PROD_525,1,227.68,0.0
ITEM_111463,ORD_26914,PROD_517,2,232.38,0.0
ITEM_111464,ORD_26915,PROD_572,1,144.07,0.0
ITEM_111465,ORD_26916,PROD_552,2,157.7,47.31
ITEM_111466,ORD_26917,PROD_528,2,17.95,1.79
ITEM_111467,ORD_26918,PROD_562,1,225.46,11.27
ITEM_111468,ORD_26919,PROD_524,1,116.66,5.83
ITEM_111469,ORD_26920,PROD_549,1,112.15,0.0
ITEM_111470,ORD_26921,PROD_554,2,309.23,0.0
ITEM_111471,ORD_26921,PROD_578,1,165.8,0.0
ITEM_111472,ORD_26922,PROD_502,1,242.11,0.0
ITEM_111473,ORD_26922,PROD_559,1,149.13,7.46
ITEM_111474,ORD_26922,PROD_515,1,189.61,0.0
ITEM_111475,ORD_26923,PROD_525,1,227.68,11.38
ITEM_111476,ORD_26923,PROD_560,1,88.9,0.0
ITEM_111477,ORD_26923,PROD_572,1,144.07,0.0
ITEM_111478,ORD_26924,PROD_536,1,242.17,0.0
ITEM_111479,ORD_26924,PROD_530,1,142.79,0.0
ITEM_111480,ORD_26925,PROD_552,1,157.7,7.88
ITEM_111481,ORD_26925,PROD_512,1,151.42,0.0
ITEM_111482,ORD_26926,PROD_535,1,36.04,0.0
ITEM_111483,ORD_26926,PROD_541,1,137.54,13.75
ITEM_111484,ORD_26926,PROD_545,1,246.78,0.0
ITEM_111485,ORD_26927,PROD_550,1,19.6,0.0
ITEM_111486,ORD_26928,PROD_557,1,170.75,17.07
ITEM_111487,ORD_26928,PROD_524,1,116.66,5.83
ITEM_111488,ORD_26929,PROD_513,1,126.72,6.34
ITEM_111489,ORD_26930,PROD_552,1,157.7,0.0
ITEM_111490,ORD_26931,PROD_555,1,121.11,0.0
ITEM_111491,ORD_26932,PROD_518,2,148.06,0.0
ITEM_111492,ORD_26933,PROD_547,1,20.21,1.01
ITEM_111493,ORD_26934,PROD_505,1,64.22,0.0
ITEM_111494,ORD_26935,PROD_569,1,274.5,27.45
ITEM_111495,ORD_26936,PROD_521,1,141.39,0.0
ITEM_111496,ORD_26937,PROD_554,1,309.23,46.38
ITEM_111497,ORD_26938,PROD_525,1,227.68,0.0
ITEM_111498,ORD_26938,PROD_504,3,130.74,0.0
ITEM_111499,ORD_26939,PROD_523,1,104.47,0.0
ITEM_111500,ORD_26940,PROD_575,1,175.82,0.0
ITEM_111501,ORD_26941,PROD_514,2,255.83,25.58
ITEM_111502,ORD_26942,PROD_524,1,116.66,5.83
ITEM_111503,ORD_26943,PROD_547,1,20.21,0.0
ITEM_111504,ORD_26943,PROD_578,1,165.8,0.0
ITEM_111505,ORD_26943,PROD_510,1,220.56,0.0
ITEM_111506,ORD_26944,PROD_544,1,280.84,0.0
ITEM_111507,ORD_26945,PROD_536,1,242.17,0.0
ITEM_111508,ORD_26946,PROD_534,1,46.48,4.65
ITEM_111509,ORD_26947,PROD_528,1,17.95,0.9
ITEM_111510,ORD_26947,PROD_507,2,16.01,1.6
ITEM_111511,ORD_26948,PROD_507,2,16.01,0.0
ITEM_111512,ORD_26948,PROD_537,1,145.12,0.0
ITEM_111513,ORD_26949,PROD_550,2,19.6,1.96
ITEM_111514,ORD_26950,PROD_526,1,212.22,0.0
ITEM_111515,ORD_26951,PROD_505,1,64.22,3.21
ITEM_111516,ORD_26952,PROD_552,1,157.7,0.0
ITEM_111517,ORD_26953,PROD_534,1,46.48,0.0
ITEM_111518,ORD_26954,PROD_554,1,309.23,30.92
ITEM_111519,ORD_26955,PROD_529,1,24.28,3.64
ITEM_111520,ORD_26956,PROD_544,1,280.84,0.0
ITEM_111521,ORD_26956,PROD_541,1,137.54,0.0
ITEM_111522,ORD_26957,PROD_576,2,75.48,0.0
ITEM_111523,ORD_26958,PROD_520,1,74.25,0.0
ITEM_111524,ORD_26959,PROD_541,1,137.54,0.0
ITEM_111525,ORD_26959,PROD_558,1,152.68,7.63
ITEM_111526,ORD_26959,PROD_578,2,165.8,0.0
ITEM_111527,ORD_26960,PROD_558,1,152.68,7.63
ITEM_111528,ORD_26961,PROD_567,1,103.84,0.0
ITEM_111529,ORD_26962,PROD_574,1,250.97,0.0
ITEM_111530,ORD_26962,PROD_534,2,46.48,0.0
ITEM_111531,ORD_26963,PROD_573,2,121.95,0.0
ITEM_111532,ORD_26963,PROD_538,1,153.61,15.36
ITEM_111533,ORD_26963,PROD_522,1,209.52,20.95
ITEM_111534,ORD_26964,PROD_501,1,199.67,0.0
ITEM_111535,ORD_26964,PROD_512,1,151.42,0.0
ITEM_111536,ORD_26964,PROD_533,1,161.57,0.0
ITEM_111537,ORD_26965,PROD_571,1,211.74,0.0
ITEM_111538,ORD_26966,PROD_520,1,74.25,0.0
ITEM_111539,ORD_26967,PROD_544,1,280.84,0.0
ITEM_111540,ORD_26967,PROD_565,2,16.38,0.0
ITEM_111541,ORD_26967,PROD_579,2,221.42,0.0
ITEM_111542,ORD_26967,PROD_551,1,148.84,14.88
ITEM_111543,ORD_26968,PROD_564,1,77.5,7.75
ITEM_111544,ORD_26968,PROD_520,1,74.25,3.71
ITEM_111545,ORD_26969,PROD_541,1,137.54,0.0
ITEM_111546,ORD_26969,PROD_533,1,161.57,0.0
ITEM_111547,ORD_26970,PROD_561,2,375.16,75.03
ITEM_111548,ORD_26970,PROD_503,1,157.89,15.79
ITEM_111549,ORD_26971,PROD_558,1,152.68,0.0
ITEM_111550,ORD_26972,PROD_546,1,209.69,0.0
ITEM_111551,ORD_26972,PROD_523,3,104.47,0.0
ITEM_111552,ORD_26973,PROD_562,1,225.46,0.0
ITEM_111553,ORD_26974,PROD_539,1,250.31,25.03
ITEM_111554,ORD_26974,PROD_518,1,148.06,0.0
ITEM_111555,ORD_26974,PROD_556,1,171.31,0.0
ITEM_111556,ORD_26974,PROD_560,3,88.9,0.0
ITEM_111557,ORD_26975,PROD_573,1,121.95,0.0
ITEM_111558,ORD_26975,PROD_512,1,151.42,0.0
ITEM_111559,ORD_26976,PROD_508,1,312.13,46.82
ITEM_111560,ORD_26977,PROD_502,1,242.11,0.0
ITEM_111561,ORD_26978,PROD_561,3,375.16,168.82
ITEM_111562,ORD_26979,PROD_559,1,149.13,7.46
ITEM_111563,ORD_26979,PROD_539,1,250.31,12.52
ITEM_111564,ORD_26980,PROD_520,1,74.25,0.0
ITEM_111565,ORD_26980,PROD_556,1,171.31,0.0
ITEM_111566,ORD_26981,PROD_546,1,209.69,20.97
ITEM_111567,ORD_26981,PROD_551,1,148.84,7.44
ITEM_111568,ORD_26982,PROD_547,1,20.21,0.0
ITEM_111569,ORD_26982,PROD_552,1,157.7,7.88
ITEM_111570,ORD_26983,PROD_514,1,255.83,0.0
ITEM_111571,ORD_26984,PROD_557,1,170.75,17.07
ITEM_111572,ORD_26985,PROD_541,2,137.54,0.0
ITEM_111573,ORD_26986,PROD_564,1,77.5,0.0
ITEM_111574,ORD_26987,PROD_560,1,88.9,0.0
ITEM_111575,ORD_26988,PROD_536,1,242.17,24.22
ITEM_111576,ORD_26988,PROD_569,1,274.5,0.0
ITEM_111577,ORD_26988,PROD_544,1,280.84,14.04
ITEM_111578,ORD_26988,PROD_531,1,242.35,0.0
ITEM_111579,ORD_26989,PROD_560,2,88.9,8.89
ITEM_111580,ORD_26990,PROD_575,1,175.82,0.0
ITEM_111581,ORD_26991,PROD_522,2,209.52,0.0
ITEM_111582,ORD_26992,PROD_550,1,19.6,0.0
ITEM_111583,ORD_26992,PROD_517,1,232.38,0.0
ITEM_111584,ORD_26993,PROD_543,1,313.64,31.36
ITEM_111585,ORD_26994,PROD_554,1,309.23,0.0
ITEM_111586,ORD_26994,PROD_505,1,64.22,9.63
ITEM_111587,ORD_26995,PROD_552,1,157.7,7.88
ITEM_111588,ORD_26996,PROD_566,1,250.95,0.0
ITEM_111589,ORD_26997,PROD_557,1,170.75,17.07
ITEM_111590,ORD_26997,PROD_520,1,74.25,0.0
ITEM_111591,ORD_26998,PROD_579,1,221.42,0.0
ITEM_111592,ORD_26998,PROD_555,1,121.11,0.0
ITEM_111593,ORD_26999,PROD_504,1,130.74,0.0
ITEM_111594,ORD_27000,PROD_575,1,175.82,17.58
ITEM_111595,ORD_27001,PROD_522,1,209.52,0.0
ITEM_111596,ORD_27002,PROD_542,3,140.18,0.0
ITEM_111597,ORD_27003,PROD_555,1,121.11,0.0
ITEM_111598,ORD_27004,PROD_532,1,272.35,0.0
ITEM_111599,ORD_27005,PROD_511,2,295.08,0.0
ITEM_111600,ORD_27005,PROD_501,1,199.67,0.0
ITEM_111601,ORD_27005,PROD_506,1,240.11,12.01
ITEM_111602,ORD_27005,PROD_546,2,209.69,0.0
ITEM_111603,ORD_27006,PROD_545,1,246.78,0.0
ITEM_111604,ORD_27007,PROD_538,1,153.61,15.36
ITEM_111605,ORD_27007,PROD_535,1,36.04,0.0
ITEM_111606,ORD_27007,PROD_554,1,309.23,0.0
ITEM_111607,ORD_27008,PROD_508,1,312.13,46.82
ITEM_111608,ORD_27008,PROD_531,2,242.35,0.0
ITEM_111609,ORD_27009,PROD_514,1,255.83,0.0
ITEM_111610,ORD_27010,PROD_517,2,232.38,23.24
ITEM_111611,ORD_27010,PROD_546,1,209.69,0.0
ITEM_111612,ORD_27010,PROD_511,1,295.08,0.0
ITEM_111613,ORD_27011,PROD_562,2,225.46,0.0
ITEM_111614,ORD_27011,PROD_551,2,148.84,0.0
ITEM_111615,ORD_27011,PROD_553,1,123.16,0.0
ITEM_111616,ORD_27012,PROD_559,1,149.13,0.0
ITEM_111617,ORD_27013,PROD_572,2,144.07,0.0
ITEM_111618,ORD_27013,PROD_513,1,126.72,0.0
ITEM_111619,ORD_27013,PROD_577,1,71.78,0.0
ITEM_111620,ORD_27014,PROD_520,1,74.25,7.43
ITEM_111621,ORD_27014,PROD_517,2,232.38,0.0
ITEM_111622,ORD_27015,PROD_547,1,20.21,0.0
ITEM_111623,ORD_27015,PROD_511,1,295.08,0.0
ITEM_111624,ORD_27016,PROD_557,1,170.75,0.0
ITEM_111625,ORD_27017,PROD_552,1,157.7,0.0
ITEM_111626,ORD_27017,PROD_546,1,209.69,0.0
ITEM_111627,ORD_27018,PROD_514,2,255.83,0.0
ITEM_111628,ORD_27019,PROD_574,1,250.97,0.0
ITEM_111629,ORD_27019,PROD_576,1,75.48,7.55
ITEM_111630,ORD_27020,PROD_550,1,19.6,0.0
ITEM_111631,ORD_27021,PROD_530,1,142.79,14.28
ITEM_111632,ORD_27022,PROD_517,1,232.38,0.0
ITEM_111633,ORD_27023,PROD_513,1,126.72,0.0
ITEM_111634,ORD_27024,PROD_513,1,126.72,19.01
ITEM_111635,ORD_27024,PROD_545,1,246.78,0.0
ITEM_111636,ORD_27025,PROD_550,2,19.6,0.0
ITEM_111637,ORD_27025,PROD_578,1,165.8,16.58
ITEM_111638,ORD_27026,PROD_555,1,121.11,0.0
ITEM_111639,ORD_27027,PROD_512,1,151.42,15.14
ITEM_111640,ORD_27028,PROD_578,2,165.8,0.0
ITEM_111641,ORD_27028,PROD_559,1,149.13,0.0
ITEM_111642,ORD_27029,PROD_523,2,104.47,20.89
ITEM_111643,ORD_27029,PROD_558,1,152.68,7.63
ITEM_111644,ORD_27030,PROD_508,1,312.13,15.61
ITEM_111645,ORD_27031,PROD_534,1,46.48,0.0
ITEM_111646,ORD_27032,PROD_559,2,149.13,14.91
ITEM_111647,ORD_27033,PROD_556,2,171.31,0.0
ITEM_111648,ORD_27034,PROD_547,2,20.21,2.02
ITEM_111649,ORD_27035,PROD_553,1,123.16,18.47
ITEM_111650,ORD_27036,PROD_542,1,140.18,0.0
ITEM_111651,ORD_27037,PROD_554,1,309.23,30.92
ITEM_111652,ORD_27037,PROD_545,2,246.78,0.0
ITEM_111653,ORD_27038,PROD_559,1,149.13,14.91
ITEM_111654,ORD_27039,PROD_568,1,116.17,0.0
ITEM_111655,ORD_27039,PROD_531,1,242.35,0.0
ITEM_111656,ORD_27040,PROD_551,1,148.84,0.0
ITEM_111657,ORD_27040,PROD_526,1,212.22,31.83
ITEM_111658,ORD_27040,PROD_566,2,250.95,0.0
ITEM_111659,ORD_27041,PROD_560,2,88.9,0.0
ITEM_111660,ORD_27041,PROD_558,2,152.68,0.0
ITEM_111661,ORD_27041,PROD_546,1,209.69,0.0
ITEM_111662,ORD_27041,PROD_514,1,255.83,12.79
ITEM_111663,ORD_27042,PROD_554,1,309.23,30.92
ITEM_111664,ORD_27043,PROD_560,1,88.9,0.0
ITEM_111665,ORD_27044,PROD_571,1,211.74,0.0
ITEM_111666,ORD_27045,PROD_552,2,157.7,0.0
ITEM_111667,ORD_27046,PROD_551,1,148.84,0.0
ITEM_111668,ORD_27047,PROD_527,1,218.49,10.92
ITEM_111669,ORD_27048,PROD_571,2,211.74,0.0
ITEM_111670,ORD_27048,PROD_550,1,19.6,0.0
ITEM_111671,ORD_27048,PROD_524,1,116.66,0.0
ITEM_111672,ORD_27049,PROD_558,2,152.68,15.27
ITEM_111673,ORD_27049,PROD_560,1,88.9,0.0
ITEM_111674,ORD_27050,PROD_538,2,153.61,15.36
ITEM_111675,ORD_27050,PROD_552,1,157.7,15.77
ITEM_111676,ORD_27051,PROD_557,1,170.75,17.07
ITEM_111677,ORD_27052,PROD_521,2,141.39,0.0
ITEM_111678,ORD_27053,PROD_535,3,36.04,16.22
ITEM_111679,ORD_27054,PROD_542,1,140.18,0.0
ITEM_111680,ORD_27055,PROD_506,1,240.11,24.01
ITEM_111681,ORD_27055,PROD_552,1,157.7,0.0
ITEM_111682,ORD_27055,PROD_523,1,104.47,0.0
ITEM_111683,ORD_27056,PROD_570,3,85.34,12.8
ITEM_111684,ORD_27057,PROD_577,1,71.78,0.0
ITEM_111685,ORD_27058,PROD_575,3,175.82,0.0
ITEM_111686,ORD_27059,PROD_537,2,145.12,0.0
ITEM_111687,ORD_27059,PROD_510,1,220.56,0.0
ITEM_111688,ORD_27060,PROD_565,1,16.38,0.0
ITEM_111689,ORD_27061,PROD_504,1,130.74,13.07
ITEM_111690,ORD_27062,PROD_548,1,54.38,0.0
ITEM_111691,ORD_27063,PROD_504,1,130.74,6.54
ITEM_111692,ORD_27063,PROD_549,1,112.15,0.0
ITEM_111693,ORD_27064,PROD_507,1,16.01,0.0
ITEM_111694,ORD_27064,PROD_521,1,141.39,0.0
ITEM_111695,ORD_27064,PROD_515,2,189.61,18.96
ITEM_111696,ORD_27064,PROD_509,1,213.9,0.0
ITEM_111697,ORD_27065,PROD_534,1,46.48,0.0
ITEM_111698,ORD_27066,PROD_540,1,48.42,4.84
ITEM_111699,ORD_27067,PROD_564,1,77.5,7.75
ITEM_111700,ORD_27067,PROD_546,3,209.69,0.0
ITEM_111701,ORD_27068,PROD_509,1,213.9,10.7
ITEM_111702,ORD_27068,PROD_507,1,16.01,0.0
ITEM_111703,ORD_27069,PROD_510,1,220.56,11.03
ITEM_111704,ORD_27070,PROD_543,1,313.64,0.0
ITEM_111705,ORD_27070,PROD_540,1,48.42,0.0
ITEM_111706,ORD_27071,PROD_543,1,313.64,0.0
ITEM_111707,ORD_27072,PROD_537,1,145.12,0.0
ITEM_111708,ORD_27073,PROD_514,1,255.83,0.0
ITEM_111709,ORD_27074,PROD_508,1,312.13,0.0
ITEM_111710,ORD_27074,PROD_568,1,116.17,11.62
ITEM_111711,ORD_27075,PROD_523,2,104.47,0.0
ITEM_111712,ORD_27075,PROD_508,1,312.13,31.21
ITEM_111713,ORD_27076,PROD_548,1,54.38,5.44
ITEM_111714,ORD_27077,PROD_556,1,171.31,0.0
ITEM_111715,ORD_27077,PROD_547,1,20.21,2.02
ITEM_111716,ORD_27078,PROD_573,3,121.95,0.0
ITEM_111717,ORD_27079,PROD_539,1,250.31,0.0
ITEM_111718,ORD_27079,PROD_547,1,20.21,3.03
ITEM_111719,ORD_27080,PROD_563,1,317.9,0.0
ITEM_111720,ORD_27081,PROD_531,3,242.35,0.0
ITEM_111721,ORD_27082,PROD_553,1,123.16,0.0
ITEM_111722,ORD_27083,PROD_566,1,250.95,0.0
ITEM_111723,ORD_27083,PROD_570,1,85.34,4.27
ITEM_111724,ORD_27083,PROD_564,1,77.5,0.0
ITEM_111725,ORD_27084,PROD_557,1,170.75,8.54
ITEM_111726,ORD_27085,PROD_542,1,140.18,14.02
ITEM_111727,ORD_27086,PROD_513,1,126.72,0.0
ITEM_111728,ORD_27087,PROD_557,1,170.75,17.07
ITEM_111729,ORD_27087,PROD_556,1,171.31,0.0
ITEM_111730,ORD_27088,PROD_556,2,171.31,0.0
ITEM_111731,ORD_27088,PROD_544,1,280.84,42.13
ITEM_111732,ORD_27088,PROD_576,1,75.48,0.0
ITEM_111733,ORD_27089,PROD_524,1,116.66,0.0
ITEM_111734,ORD_27090,PROD_534,1,46.48,0.0
ITEM_111735,ORD_27091,PROD_570,1,85.34,0.0
ITEM_111736,ORD_27092,PROD_505,2,64.22,0.0
ITEM_111737,ORD_27093,PROD_531,1,242.35,0.0
ITEM_111738,ORD_27093,PROD_514,2,255.83,25.58
ITEM_111739,ORD_27093,PROD_506,2,240.11,0.0
ITEM_111740,ORD_27094,PROD_521,1,141.39,7.07
ITEM_111741,ORD_27094,PROD_559,1,149.13,7.46
ITEM_111742,ORD_27095,PROD_517,2,232.38,23.24
ITEM_111743,ORD_27096,PROD_546,1,209.69,10.48
ITEM_111744,ORD_27097,PROD_547,1,20.21,1.01
ITEM_111745,ORD_27098,PROD_548,3,54.38,24.47
ITEM_111746,ORD_27098,PROD_546,2,209.69,0.0
ITEM_111747,ORD_27099,PROD_573,1,121.95,0.0
ITEM_111748,ORD_27100,PROD_549,1,112.15,0.0
ITEM_111749,ORD_27101,PROD_560,1,88.9,0.0
ITEM_111750,ORD_27102,PROD_509,1,213.9,10.7
ITEM_111751,ORD_27103,PROD_529,1,24.28,0.0
ITEM_111752,ORD_27104,PROD_580,1,221.1,0.0
ITEM_111753,ORD_27104,PROD_506,1,240.11,24.01
ITEM_111754,ORD_27105,PROD_536,1,242.17,0.0
ITEM_111755,ORD_27105,PROD_502,1,242.11,0.0
ITEM_111756,ORD_27105,PROD_525,2,227.68,0.0
ITEM_111757,ORD_27106,PROD_507,2,16.01,0.0
ITEM_111758,ORD_27107,PROD_510,3,220.56,0.0
ITEM_111759,ORD_27107,PROD_549,1,112.15,0.0
ITEM_111760,ORD_27107,PROD_556,1,171.31,0.0
ITEM_111761,ORD_27108,PROD_561,1,375.16,0.0
ITEM_111762,ORD_27108,PROD_573,1,121.95,0.0
ITEM_111763,ORD_27108,PROD_539,1,250.31,12.52
ITEM_111764,ORD_27109,PROD_545,2,246.78,0.0
ITEM_111765,ORD_27110,PROD_538,1,153.61,23.04
ITEM_111766,ORD_27111,PROD_524,1,116.66,5.83
ITEM_111767,ORD_27111,PROD_522,1,209.52,0.0
ITEM_111768,ORD_27112,PROD_577,1,71.78,7.18
ITEM_111769,ORD_27113,PROD_532,1,272.35,0.0
ITEM_111770,ORD_27113,PROD_545,1,246.78,0.0
ITEM_111771,ORD_27114,PROD_579,2,221.42,0.0
ITEM_111772,ORD_27115,PROD_530,1,142.79,0.0
ITEM_111773,ORD_27116,PROD_503,1,157.89,0.0
ITEM_111774,ORD_27116,PROD_533,2,161.57,0.0
ITEM_111775,ORD_27117,PROD_579,2,221.42,0.0
ITEM_111776,ORD_27117,PROD_544,1,280.84,0.0
ITEM_111777,ORD_27117,PROD_514,3,255.83,0.0
ITEM_111778,ORD_27118,PROD_529,1,24.28,0.0
ITEM_111779,ORD_27119,PROD_572,2,144.07,0.0
ITEM_111780,ORD_27119,PROD_541,2,137.54,0.0
ITEM_111781,ORD_27119,PROD_543,1,313.64,0.0
ITEM_111782,ORD_27120,PROD_510,1,220.56,0.0
ITEM_111783,ORD_27121,PROD_543,2,313.64,0.0
ITEM_111784,ORD_27121,PROD_545,2,246.78,0.0
ITEM_111785,ORD_27122,PROD_542,1,140.18,14.02
ITEM_111786,ORD_27123,PROD_549,1,112.15,0.0
ITEM_111787,ORD_27124,PROD_535,1,36.04,0.0
ITEM_111788,ORD_27125,PROD_539,1,250.31,0.0
ITEM_111789,ORD_27125,PROD_519,1,236.9,0.0
ITEM_111790,ORD_27125,PROD_532,1,272.35,27.24
ITEM_111791,ORD_27126,PROD_554,2,309.23,0.0
ITEM_111792,ORD_27127,PROD_534,2,46.48,0.0
ITEM_111793,ORD_27128,PROD_513,1,126.72,0.0
ITEM_111794,ORD_27128,PROD_519,1,236.9,11.85
ITEM_111795,ORD_27129,PROD_579,2,221.42,44.28
ITEM_111796,ORD_27130,PROD_562,2,225.46,0.0
ITEM_111797,ORD_27131,PROD_521,1,141.39,0.0
ITEM_111798,ORD_27132,PROD_529,1,24.28,0.0
ITEM_111799,ORD_27133,PROD_517,1,232.38,0.0
ITEM_111800,ORD_27133,PROD_530,1,142.79,7.14
ITEM_111801,ORD_27134,PROD_575,1,175.82,0.0
ITEM_111802,ORD_27134,PROD_531,1,242.35,0.0
ITEM_111803,ORD_27135,PROD_554,1,309.23,0.0
ITEM_111804,ORD_27135,PROD_521,1,141.39,0.0
ITEM_111805,ORD_27135,PROD_565,1,16.38,0.82
ITEM_111806,ORD_27135,PROD_528,1,17.95,0.9
ITEM_111807,ORD_27136,PROD_540,1,48.42,0.0
ITEM_111808,ORD_27136,PROD_571,1,211.74,0.0
ITEM_111809,ORD_27137,PROD_529,1,24.28,1.21
ITEM_111810,ORD_27138,PROD_505,1,64.22,0.0
ITEM_111811,ORD_27138,PROD_507,1,16.01,0.8
ITEM_111812,ORD_27139,PROD_527,1,218.49,0.0
ITEM_111813,ORD_27139,PROD_571,1,211.74,0.0
ITEM_111814,ORD_27140,PROD_505,1,64.22,0.0
ITEM_111815,ORD_27141,PROD_509,1,213.9,0.0
ITEM_111816,ORD_27142,PROD_540,1,48.42,2.42
ITEM_111817,ORD_27143,PROD_545,1,246.78,0.0
ITEM_111818,ORD_27143,PROD_530,1,142.79,0.0
ITEM_111819,ORD_27144,PROD_544,1,280.84,0.0
ITEM_111820,ORD_27145,PROD_533,1,161.57,0.0
ITEM_111821,ORD_27146,PROD_566,1,250.95,0.0
ITEM_111822,ORD_27147,PROD_537,2,145.12,0.0
ITEM_111823,ORD_27147,PROD_573,2,121.95,0.0
ITEM_111824,ORD_27148,PROD_524,2,116.66,0.0
ITEM_111825,ORD_27149,PROD_552,1,157.7,0.0
ITEM_111826,ORD_27149,PROD_546,1,209.69,0.0
ITEM_111827,ORD_27149,PROD_560,3,88.9,0.0
ITEM_111828,ORD_27150,PROD_529,1,24.28,0.0
ITEM_111829,ORD_27151,PROD_508,1,312.13,0.0
ITEM_111830,ORD_27152,PROD_545,1,246.78,0.0
ITEM_111831,ORD_27152,PROD_555,1,121.11,0.0
ITEM_111832,ORD_27153,PROD_513,1,126.72,0.0
ITEM_111833,ORD_27153,PROD_510,1,220.56,11.03
ITEM_111834,ORD_27154,PROD_550,2,19.6,3.92
ITEM_111835,ORD_27155,PROD_537,2,145.12,14.51
ITEM_111836,ORD_27155,PROD_552,1,157.7,0.0
ITEM_111837,ORD_27156,PROD_516,1,91.12,0.0
ITEM_111838,ORD_27156,PROD_524,1,116.66,0.0
ITEM_111839,ORD_27157,PROD_525,2,227.68,68.3
ITEM_111840,ORD_27157,PROD_531,1,242.35,12.12
ITEM_111841,ORD_27158,PROD_507,2,16.01,0.0
ITEM_111842,ORD_27159,PROD_506,1,240.11,0.0
ITEM_111843,ORD_27160,PROD_557,1,170.75,0.0
ITEM_111844,ORD_27161,PROD_573,3,121.95,36.59
ITEM_111845,ORD_27162,PROD_521,1,141.39,21.21
ITEM_111846,ORD_27163,PROD_557,1,170.75,0.0
ITEM_111847,ORD_27163,PROD_548,1,54.38,0.0
ITEM_111848,ORD_27164,PROD_508,1,312.13,0.0
ITEM_111849,ORD_27164,PROD_534,1,46.48,0.0
ITEM_111850,ORD_27165,PROD_576,1,75.48,11.32
ITEM_111851,ORD_27165,PROD_554,2,309.23,0.0
ITEM_111852,ORD_27166,PROD_561,1,375.16,0.0
ITEM_111853,ORD_27167,PROD_519,2,236.9,0.0
ITEM_111854,ORD_27167,PROD_501,2,199.67,0.0
ITEM_111855,ORD_27168,PROD_510,1,220.56,0.0
ITEM_111856,ORD_27168,PROD_545,1,246.78,12.34
ITEM_111857,ORD_27169,PROD_550,1,19.6,0.0
ITEM_111858,ORD_27170,PROD_517,1,232.38,0.0
ITEM_111859,ORD_27170,PROD_511,1,295.08,0.0
ITEM_111860,ORD_27171,PROD_521,1,141.39,0.0
ITEM_111861,ORD_27171,PROD_563,2,317.9,0.0
ITEM_111862,ORD_27172,PROD_522,1,209.52,10.48
ITEM_111863,ORD_27173,PROD_574,1,250.97,12.55
ITEM_111864,ORD_27173,PROD_557,1,170.75,17.07
ITEM_111865,ORD_27174,PROD_542,2,140.18,0.0
ITEM_111866,ORD_27175,PROD_542,1,140.18,0.0
ITEM_111867,ORD_27175,PROD_518,1,148.06,0.0
ITEM_111868,ORD_27176,PROD_515,1,189.61,9.48
ITEM_111869,ORD_27176,PROD_556,1,171.31,0.0
ITEM_111870,ORD_27177,PROD_516,1,91.12,0.0
ITEM_111871,ORD_27177,PROD_503,1,157.89,0.0
ITEM_111872,ORD_27178,PROD_526,1,212.22,0.0
ITEM_111873,ORD_27179,PROD_548,1,54.38,0.0
ITEM_111874,ORD_27179,PROD_504,1,130.74,6.54
ITEM_111875,ORD_27180,PROD_565,2,16.38,0.0
ITEM_111876,ORD_27181,PROD_537,1,145.12,7.26
ITEM_111877,ORD_27181,PROD_507,1,16.01,0.0
ITEM_111878,ORD_27182,PROD_547,1,20.21,1.01
ITEM_111879,ORD_27183,PROD_536,1,242.17,0.0
ITEM_111880,ORD_27184,PROD_523,2,104.47,10.45
ITEM_111881,ORD_27184,PROD_546,1,209.69,0.0
ITEM_111882,ORD_27184,PROD_576,1,75.48,3.77
ITEM_111883,ORD_27184,PROD_541,1,137.54,0.0
ITEM_111884,ORD_27185,PROD_560,1,88.9,0.0
ITEM_111885,ORD_27185,PROD_541,1,137.54,0.0
ITEM_111886,ORD_27185,PROD_529,1,24.28,0.0
ITEM_111887,ORD_27186,PROD_512,2,151.42,0.0
ITEM_111888,ORD_27186,PROD_504,1,130.74,0.0
ITEM_111889,ORD_27187,PROD_578,1,165.8,0.0
ITEM_111890,ORD_27188,PROD_520,1,74.25,0.0
ITEM_111891,ORD_27189,PROD_516,1,91.12,0.0
ITEM_111892,ORD_27189,PROD_578,1,165.8,8.29
ITEM_111893,ORD_27189,PROD_555,1,121.11,18.17
ITEM_111894,ORD_27190,PROD_505,3,64.22,0.0
ITEM_111895,ORD_27191,PROD_562,1,225.46,11.27
ITEM_111896,ORD_27191,PROD_534,1,46.48,0.0
ITEM_111897,ORD_27191,PROD_580,1,221.1,0.0
ITEM_111898,ORD_27191,PROD_511,2,295.08,29.51
ITEM_111899,ORD_27192,PROD_564,2,77.5,0.0
ITEM_111900,ORD_27192,PROD_561,1,375.16,18.76
ITEM_111901,ORD_27193,PROD_550,1,19.6,0.98
ITEM_111902,ORD_27193,PROD_579,2,221.42,66.43
ITEM_111903,ORD_27193,PROD_557,1,170.75,0.0
ITEM_111904,ORD_27194,PROD_580,1,221.1,0.0
ITEM_111905,ORD_27195,PROD_543,2,313.64,0.0
ITEM_111906,ORD_27196,PROD_532,1,272.35,13.62
ITEM_111907,ORD_27196,PROD_540,3,48.42,14.53
ITEM_111908,ORD_27197,PROD_529,1,24.28,0.0
ITEM_111909,ORD_27197,PROD_568,2,116.17,0.0
ITEM_111910,ORD_27197,PROD_511,2,295.08,0.0
ITEM_111911,ORD_27198,PROD_536,1,242.17,0.0
ITEM_111912,ORD_27199,PROD_523,1,104.47,5.22
ITEM_111913,ORD_27200,PROD_576,1,75.48,0.0
ITEM_111914,ORD_27200,PROD_526,1,212.22,0.0
ITEM_111915,ORD_27201,PROD_572,2,144.07,0.0
ITEM_111916,ORD_27202,PROD_557,1,170.75,0.0
ITEM_111917,ORD_27203,PROD_576,3,75.48,0.0
ITEM_111918,ORD_27204,PROD_546,1,209.69,0.0
ITEM_111919,ORD_27204,PROD_548,1,54.38,0.0
ITEM_111920,ORD_27205,PROD_554,1,309.23,0.0
ITEM_111921,ORD_27205,PROD_511,1,295.08,0.0
ITEM_111922,ORD_27205,PROD_523,2,104.47,31.34
ITEM_111923,ORD_27206,PROD_555,2,121.11,0.0
ITEM_111924,ORD_27207,PROD_512,1,151.42,15.14
ITEM_111925,ORD_27207,PROD_555,1,121.11,0.0
ITEM_111926,ORD_27208,PROD_508,1,312.13,0.0
ITEM_111927,ORD_27208,PROD_549,2,112.15,11.22
ITEM_111928,ORD_27209,PROD_556,3,171.31,0.0
ITEM_111929,ORD_27209,PROD_516,1,91.12,4.56
ITEM_111930,ORD_27210,PROD_573,1,121.95,12.2
ITEM_111931,ORD_27210,PROD_575,1,175.82,0.0
ITEM_111932,ORD_27211,PROD_573,3,121.95,0.0
ITEM_111933,ORD_27211,PROD_508,1,312.13,0.0
ITEM_111934,ORD_27212,PROD_536,1,242.17,0.0
ITEM_111935,ORD_27212,PROD_549,1,112.15,5.61
ITEM_111936,ORD_27213,PROD_540,1,48.42,2.42
ITEM_111937,ORD_27213,PROD_510,2,220.56,0.0
ITEM_111938,ORD_27213,PROD_568,1,116.17,11.62
ITEM_111939,ORD_27213,PROD_526,1,212.22,0.0
ITEM_111940,ORD_27214,PROD_544,1,280.84,0.0
ITEM_111941,ORD_27214,PROD_538,1,153.61,15.36
ITEM_111942,ORD_27215,PROD_554,1,309.23,0.0
ITEM_111943,ORD_27216,PROD_564,1,77.5,0.0
ITEM_111944,ORD_27217,PROD_537,1,145.12,0.0
ITEM_111945,ORD_27218,PROD_579,1,221.42,0.0
ITEM_111946,ORD_27218,PROD_562,1,225.46,0.0
ITEM_111947,ORD_27218,PROD_514,1,255.83,0.0
ITEM_111948,ORD_27218,PROD_548,2,54.38,5.44
ITEM_111949,ORD_27219,PROD_570,1,85.34,0.0
ITEM_111950,ORD_27220,PROD_548,1,54.38,0.0
ITEM_111951,ORD_27220,PROD_530,1,142.79,0.0
ITEM_111952,ORD_27221,PROD_560,1,88.9,8.89
ITEM_111953,ORD_27222,PROD_560,3,88.9,0.0
ITEM_111954,ORD_27222,PROD_549,1,112.15,0.0
ITEM_111955,ORD_27222,PROD_533,1,161.57,0.0
ITEM_111956,ORD_27222,PROD_564,1,77.5,0.0
ITEM_111957,ORD_27223,PROD_570,1,85.34,0.0
ITEM_111958,ORD_27224,PROD_557,2,170.75,51.23
ITEM_111959,ORD_27224,PROD_575,2,175.82,0.0
ITEM_111960,ORD_27225,PROD_518,3,148.06,0.0
ITEM_111961,ORD_27226,PROD_553,1,123.16,0.0
ITEM_111962,ORD_27227,PROD_529,1,24.28,3.64
ITEM_111963,ORD_27227,PROD_574,1,250.97,0.0
ITEM_111964,ORD_27227,PROD_559,1,149.13,22.37
ITEM_111965,ORD_27228,PROD_511,1,295.08,29.51
ITEM_111966,ORD_27229,PROD_580,1,221.1,0.0
ITEM_111967,ORD_27229,PROD_545,1,246.78,0.0
ITEM_111968,ORD_27230,PROD_519,1,236.9,0.0
ITEM_111969,ORD_27230,PROD_540,3,48.42,0.0
ITEM_111970,ORD_27231,PROD_513,1,126.72,0.0
ITEM_111971,ORD_27232,PROD_523,1,104.47,5.22
ITEM_111972,ORD_27232,PROD_575,1,175.82,0.0
ITEM_111973,ORD_27232,PROD_522,1,209.52,0.0
ITEM_111974,ORD_27233,PROD_552,1,157.7,0.0
ITEM_111975,ORD_27234,PROD_501,1,199.67,0.0
ITEM_111976,ORD_27234,PROD_507,1,16.01,0.0
ITEM_111977,ORD_27234,PROD_529,1,24.28,0.0
ITEM_111978,ORD_27235,PROD_512,2,151.42,45.43
ITEM_111979,ORD_27235,PROD_570,2,85.34,0.0
ITEM_111980,ORD_27236,PROD_517,1,232.38,0.0
ITEM_111981,ORD_27237,PROD_580,2,221.1,0.0
ITEM_111982,ORD_27237,PROD_508,1,312.13,0.0
ITEM_111983,ORD_27238,PROD_503,1,157.89,15.79
ITEM_111984,ORD_27238,PROD_542,1,140.18,0.0
ITEM_111985,ORD_27238,PROD_508,1,312.13,0.0
ITEM_111986,ORD_27239,PROD_548,2,54.38,5.44
ITEM_111987,ORD_27240,PROD_517,1,232.38,0.0
ITEM_111988,ORD_27241,PROD_515,1,189.61,0.0
ITEM_111989,ORD_27241,PROD_571,1,211.74,21.17
ITEM_111990,ORD_27241,PROD_517,1,232.38,0.0
ITEM_111991,ORD_27242,PROD_524,1,116.66,5.83
ITEM_111992,ORD_27242,PROD_564,1,77.5,0.0
ITEM_111993,ORD_27243,PROD_574,1,250.97,0.0
ITEM_111994,ORD_27244,PROD_518,1,148.06,0.0
ITEM_111995,ORD_27244,PROD_560,1,88.9,0.0
ITEM_111996,ORD_27245,PROD_542,1,140.18,0.0
ITEM_111997,ORD_27246,PROD_523,1,104.47,0.0
ITEM_111998,ORD_27247,PROD_553,2,123.16,0.0
ITEM_111999,ORD_27248,PROD_556,1,171.31,0.0
ITEM_112000,ORD_27249,PROD_507,1,16.01,0.0
ITEM_112001,ORD_27249,PROD_530,1,142.79,7.14
ITEM_112002,ORD_27250,PROD_551,1,148.84,0.0
ITEM_112003,ORD_27251,PROD_572,1,144.07,0.0
ITEM_112004,ORD_27251,PROD_511,1,295.08,29.51
ITEM_112005,ORD_27252,PROD_557,1,170.75,0.0
ITEM_112006,ORD_27252,PROD_574,1,250.97,25.1
ITEM_112007,ORD_27253,PROD_501,1,199.67,0.0
ITEM_112008,ORD_27253,PROD_523,1,104.47,0.0
ITEM_112009,ORD_27253,PROD_567,1,103.84,0.0
ITEM_112010,ORD_27254,PROD_575,2,175.82,0.0
ITEM_112011,ORD_27254,PROD_507,2,16.01,0.0
ITEM_112012,ORD_27254,PROD_522,1,209.52,0.0
ITEM_112013,ORD_27254,PROD_568,1,116.17,0.0
ITEM_112014,ORD_27255,PROD_539,3,250.31,0.0
ITEM_112015,ORD_27256,PROD_559,2,149.13,0.0
ITEM_112016,ORD_27256,PROD_541,2,137.54,0.0
ITEM_112017,ORD_27257,PROD_522,1,209.52,0.0
ITEM_112018,ORD_27257,PROD_547,1,20.21,2.02
ITEM_112019,ORD_27257,PROD_568,2,116.17,0.0
ITEM_112020,ORD_27258,PROD_580,1,221.1,0.0
ITEM_112021,ORD_27258,PROD_546,1,209.69,0.0
ITEM_112022,ORD_27258,PROD_517,1,232.38,0.0
ITEM_112023,ORD_27259,PROD_520,2,74.25,0.0
ITEM_112024,ORD_27259,PROD_516,1,91.12,0.0
ITEM_112025,ORD_27259,PROD_553,1,123.16,0.0
ITEM_112026,ORD_27260,PROD_564,1,77.5,0.0
ITEM_112027,ORD_27260,PROD_556,1,171.31,0.0
ITEM_112028,ORD_27261,PROD_553,1,123.16,0.0
ITEM_112029,ORD_27262,PROD_578,1,165.8,0.0
ITEM_112030,ORD_27262,PROD_570,1,85.34,0.0
ITEM_112031,ORD_27263,PROD_573,2,121.95,0.0
ITEM_112032,ORD_27263,PROD_533,1,161.57,0.0
ITEM_112033,ORD_27263,PROD_529,1,24.28,3.64
ITEM_112034,ORD_27264,PROD_565,2,16.38,0.0
ITEM_112035,ORD_27265,PROD_577,1,71.78,0.0
ITEM_112036,ORD_27265,PROD_505,1,64.22,9.63
ITEM_112037,ORD_27266,PROD_555,1,121.11,0.0
ITEM_112038,ORD_27267,PROD_517,1,232.38,0.0
ITEM_112039,ORD_27268,PROD_507,1,16.01,0.0
ITEM_112040,ORD_27268,PROD_534,1,46.48,0.0
ITEM_112041,ORD_27269,PROD_539,1,250.31,12.52
ITEM_112042,ORD_27269,PROD_578,2,165.8,0.0
ITEM_112043,ORD_27269,PROD_572,1,144.07,0.0
ITEM_112044,ORD_27270,PROD_569,1,274.5,0.0
ITEM_112045,ORD_27271,PROD_549,1,112.15,0.0
ITEM_112046,ORD_27272,PROD_553,1,123.16,12.32
ITEM_112047,ORD_27273,PROD_518,1,148.06,0.0
ITEM_112048,ORD_27274,PROD_551,1,148.84,0.0
ITEM_112049,ORD_27275,PROD_543,1,313.64,15.68
ITEM_112050,ORD_27276,PROD_539,2,250.31,75.09
ITEM_112051,ORD_27277,PROD_546,2,209.69,0.0
ITEM_112052,ORD_27278,PROD_501,1,199.67,0.0
ITEM_112053,ORD_27279,PROD_534,1,46.48,0.0
ITEM_112054,ORD_27279,PROD_511,1,295.08,0.0
ITEM_112055,ORD_27280,PROD_550,1,19.6,0.0
ITEM_112056,ORD_27280,PROD_532,1,272.35,0.0
ITEM_112057,ORD_27280,PROD_543,1,313.64,0.0
ITEM_112058,ORD_27280,PROD_536,1,242.17,0.0
ITEM_112059,ORD_27281,PROD_563,1,317.9,31.79
ITEM_112060,ORD_27281,PROD_541,1,137.54,6.88
ITEM_112061,ORD_27281,PROD_562,1,225.46,0.0
ITEM_112062,ORD_27282,PROD_527,2,218.49,0.0
ITEM_112063,ORD_27283,PROD_567,1,103.84,5.19
ITEM_112064,ORD_27283,PROD_563,2,317.9,0.0
ITEM_112065,ORD_27283,PROD_532,1,272.35,27.24
ITEM_112066,ORD_27284,PROD_559,1,149.13,0.0
ITEM_112067,ORD_27284,PROD_537,1,145.12,0.0
ITEM_112068,ORD_27285,PROD_524,2,116.66,0.0
ITEM_112069,ORD_27286,PROD_560,1,88.9,0.0
ITEM_112070,ORD_27286,PROD_540,1,48.42,0.0
ITEM_112071,ORD_27287,PROD_537,1,145.12,0.0
ITEM_112072,ORD_27287,PROD_504,1,130.74,0.0
ITEM_112073,ORD_27288,PROD_547,1,20.21,2.02
ITEM_112074,ORD_27289,PROD_504,1,130.74,0.0
ITEM_112075,ORD_27290,PROD_517,1,232.38,0.0
ITEM_112076,ORD_27291,PROD_511,1,295.08,0.0
ITEM_112077,ORD_27292,PROD_514,1,255.83,25.58
ITEM_112078,ORD_27292,PROD_563,2,317.9,0.0
ITEM_112079,ORD_27293,PROD_569,1,274.5,0.0
ITEM_112080,ORD_27293,PROD_548,2,54.38,0.0
ITEM_112081,ORD_27294,PROD_546,2,209.69,0.0
ITEM_112082,ORD_27294,PROD_515,1,189.61,18.96
ITEM_112083,ORD_27295,PROD_517,1,232.38,0.0
ITEM_112084,ORD_27296,PROD_513,1,126.72,0.0
ITEM_112085,ORD_27297,PROD_555,1,121.11,0.0
ITEM_112086,ORD_27298,PROD_574,1,250.97,0.0
ITEM_112087,ORD_27298,PROD_571,1,211.74,10.59
ITEM_112088,ORD_27299,PROD_548,1,54.38,0.0
ITEM_112089,ORD_27300,PROD_551,3,148.84,0.0
ITEM_112090,ORD_27300,PROD_537,1,145.12,7.26
ITEM_112091,ORD_27300,PROD_564,3,77.5,0.0
ITEM_112092,ORD_27301,PROD_533,1,161.57,0.0
ITEM_112093,ORD_27301,PROD_561,1,375.16,0.0
ITEM_112094,ORD_27302,PROD_509,1,213.9,32.09
ITEM_112095,ORD_27302,PROD_504,1,130.74,6.54
ITEM_112096,ORD_27302,PROD_571,1,211.74,0.0
ITEM_112097,ORD_27303,PROD_557,1,170.75,0.0
ITEM_112098,ORD_27303,PROD_506,1,240.11,0.0
ITEM_112099,ORD_27304,PROD_514,1,255.83,0.0
ITEM_112100,ORD_27305,PROD_541,2,137.54,13.75
ITEM_112101,ORD_27306,PROD_526,1,212.22,0.0
ITEM_112102,ORD_27306,PROD_564,1,77.5,0.0
ITEM_112103,ORD_27307,PROD_532,1,272.35,0.0
ITEM_112104,ORD_27307,PROD_551,2,148.84,0.0
ITEM_112105,ORD_27308,PROD_556,1,171.31,8.57
ITEM_112106,ORD_27309,PROD_569,1,274.5,0.0
ITEM_112107,ORD_27309,PROD_557,1,170.75,8.54
ITEM_112108,ORD_27310,PROD_510,2,220.56,22.06
ITEM_112109,ORD_27311,PROD_522,1,209.52,0.0
ITEM_112110,ORD_27312,PROD_541,2,137.54,0.0
ITEM_112111,ORD_27313,PROD_575,1,175.82,0.0
ITEM_112112,ORD_27314,PROD_535,2,36.04,3.6
ITEM_112113,ORD_27314,PROD_515,1,189.61,28.44
ITEM_112114,ORD_27314,PROD_502,2,242.11,0.0
ITEM_112115,ORD_27315,PROD_575,1,175.82,0.0
ITEM_112116,ORD_27316,PROD_555,1,121.11,0.0
ITEM_112117,ORD_27316,PROD_575,3,175.82,79.12
ITEM_112118,ORD_27317,PROD_504,1,130.74,6.54
ITEM_112119,ORD_27318,PROD_545,1,246.78,0.0
ITEM_112120,ORD_27319,PROD_580,1,221.1,0.0
ITEM_112121,ORD_27320,PROD_555,1,121.11,0.0
ITEM_112122,ORD_27321,PROD_520,3,74.25,0.0
ITEM_112123,ORD_27321,PROD_534,1,46.48,0.0
ITEM_112124,ORD_27321,PROD_580,1,221.1,0.0
ITEM_112125,ORD_27322,PROD_553,1,123.16,0.0
ITEM_112126,ORD_27322,PROD_502,1,242.11,0.0
ITEM_112127,ORD_27323,PROD_539,1,250.31,0.0
ITEM_112128,ORD_27324,PROD_515,2,189.61,0.0
ITEM_112129,ORD_27324,PROD_543,1,313.64,0.0
ITEM_112130,ORD_27325,PROD_537,1,145.12,0.0
ITEM_112131,ORD_27326,PROD_523,3,104.47,0.0
ITEM_112132,ORD_27327,PROD_510,1,220.56,0.0
ITEM_112133,ORD_27328,PROD_540,1,48.42,7.26
ITEM_112134,ORD_27329,PROD_505,1,64.22,0.0
ITEM_112135,ORD_27329,PROD_511,1,295.08,14.75
ITEM_112136,ORD_27329,PROD_502,2,242.11,0.0
ITEM_112137,ORD_27330,PROD_579,3,221.42,0.0
ITEM_112138,ORD_27330,PROD_532,1,272.35,27.24
ITEM_112139,ORD_27330,PROD_512,1,151.42,0.0
ITEM_112140,ORD_27331,PROD_501,2,199.67,0.0
ITEM_112141,ORD_27332,PROD_515,2,189.61,18.96
ITEM_112142,ORD_27333,PROD_579,1,221.42,33.21
ITEM_112143,ORD_27334,PROD_514,1,255.83,38.37
ITEM_112144,ORD_27335,PROD_534,2,46.48,4.65
ITEM_112145,ORD_27335,PROD_528,2,17.95,0.0
ITEM_112146,ORD_27336,PROD_542,2,140.18,0.0
ITEM_112147,ORD_27336,PROD_563,1,317.9,0.0
ITEM_112148,ORD_27337,PROD_565,1,16.38,0.0
ITEM_112149,ORD_27337,PROD_560,1,88.9,0.0
ITEM_112150,ORD_27338,PROD_534,2,46.48,9.3
ITEM_112151,ORD_27339,PROD_506,2,240.11,0.0
ITEM_112152,ORD_27340,PROD_537,1,145.12,0.0
ITEM_112153,ORD_27341,PROD_574,1,250.97,37.65
ITEM_112154,ORD_27342,PROD_578,1,165.8,0.0
ITEM_112155,ORD_27342,PROD_534,1,46.48,0.0
ITEM_112156,ORD_27342,PROD_550,1,19.6,1.96
ITEM_112157,ORD_27342,PROD_570,1,85.34,4.27
ITEM_112158,ORD_27343,PROD_564,1,77.5,0.0
ITEM_112159,ORD_27343,PROD_541,1,137.54,20.63
ITEM_112160,ORD_27343,PROD_546,2,209.69,0.0
ITEM_112161,ORD_27343,PROD_572,1,144.07,0.0
ITEM_112162,ORD_27344,PROD_505,1,64.22,0.0
ITEM_112163,ORD_27345,PROD_577,1,71.78,7.18
ITEM_112164,ORD_27345,PROD_547,1,20.21,2.02
ITEM_112165,ORD_27346,PROD_512,3,151.42,45.43
ITEM_112166,ORD_27347,PROD_561,1,375.16,0.0
ITEM_112167,ORD_27348,PROD_538,3,153.61,46.08
ITEM_112168,ORD_27349,PROD_565,1,16.38,0.0
ITEM_112169,ORD_27349,PROD_510,2,220.56,0.0
ITEM_112170,ORD_27350,PROD_537,1,145.12,0.0
ITEM_112171,ORD_27350,PROD_558,2,152.68,0.0
ITEM_112172,ORD_27351,PROD_515,2,189.61,0.0
ITEM_112173,ORD_27351,PROD_561,1,375.16,0.0
ITEM_112174,ORD_27352,PROD_501,1,199.67,0.0
ITEM_112175,ORD_27352,PROD_546,1,209.69,0.0
ITEM_112176,ORD_27353,PROD_556,1,171.31,0.0
ITEM_112177,ORD_27353,PROD_553,1,123.16,0.0
ITEM_112178,ORD_27353,PROD_567,1,103.84,5.19
ITEM_112179,ORD_27353,PROD_570,1,85.34,0.0
ITEM_112180,ORD_27354,PROD_524,1,116.66,0.0
ITEM_112181,ORD_27354,PROD_574,1,250.97,12.55
ITEM_112182,ORD_27355,PROD_570,1,85.34,0.0
ITEM_112183,ORD_27356,PROD_559,1,149.13,0.0
ITEM_112184,ORD_27357,PROD_550,1,19.6,0.0
ITEM_112185,ORD_27357,PROD_526,1,212.22,0.0
ITEM_112186,ORD_27357,PROD_542,1,140.18,7.01
ITEM_112187,ORD_27357,PROD_505,3,64.22,0.0
ITEM_112188,ORD_27358,PROD_520,1,74.25,3.71
ITEM_112189,ORD_27359,PROD_547,2,20.21,2.02
ITEM_112190,ORD_27359,PROD_512,1,151.42,7.57
ITEM_112191,ORD_27359,PROD_579,1,221.42,0.0
ITEM_112192,ORD_27359,PROD_552,1,157.7,0.0
ITEM_112193,ORD_27360,PROD_536,2,242.17,0.0
ITEM_112194,ORD_27360,PROD_578,1,165.8,8.29
ITEM_112195,ORD_27361,PROD_517,1,232.38,0.0
ITEM_112196,ORD_27362,PROD_546,1,209.69,0.0
ITEM_112197,ORD_27363,PROD_524,1,116.66,11.67
ITEM_112198,ORD_27363,PROD_517,1,232.38,0.0
ITEM_112199,ORD_27363,PROD_553,1,123.16,0.0
ITEM_112200,ORD_27364,PROD_528,1,17.95,0.0
ITEM_112201,ORD_27365,PROD_515,1,189.61,0.0
ITEM_112202,ORD_27366,PROD_531,2,242.35,0.0
ITEM_112203,ORD_27367,PROD_546,1,209.69,0.0
ITEM_112204,ORD_27367,PROD_574,1,250.97,25.1
ITEM_112205,ORD_27367,PROD_511,1,295.08,0.0
ITEM_112206,ORD_27368,PROD_573,1,121.95,0.0
ITEM_112207,ORD_27368,PROD_571,1,211.74,0.0
ITEM_112208,ORD_27369,PROD_508,1,312.13,0.0
ITEM_112209,ORD_27369,PROD_571,1,211.74,0.0
ITEM_112210,ORD_27369,PROD_546,1,209.69,0.0
ITEM_112211,ORD_27370,PROD_520,2,74.25,0.0
ITEM_112212,ORD_27370,PROD_533,1,161.57,24.24
ITEM_112213,ORD_27370,PROD_575,1,175.82,0.0
ITEM_112214,ORD_27370,PROD_522,1,209.52,0.0
ITEM_112215,ORD_27371,PROD_526,1,212.22,0.0
ITEM_112216,ORD_27371,PROD_514,1,255.83,12.79
ITEM_112217,ORD_27371,PROD_511,1,295.08,0.0
ITEM_112218,ORD_27372,PROD_561,1,375.16,0.0
ITEM_112219,ORD_27373,PROD_550,1,19.6,2.94
ITEM_112220,ORD_27374,PROD_548,1,54.38,2.72
ITEM_112221,ORD_27374,PROD_565,1,16.38,0.0
ITEM_112222,ORD_27375,PROD_543,1,313.64,0.0
ITEM_112223,ORD_27376,PROD_511,1,295.08,0.0
ITEM_112224,ORD_27377,PROD_514,1,255.83,0.0
ITEM_112225,ORD_27378,PROD_573,1,121.95,0.0
ITEM_112226,ORD_27378,PROD_547,1,20.21,0.0
ITEM_112227,ORD_27379,PROD_518,1,148.06,0.0
ITEM_112228,ORD_27380,PROD_580,1,221.1,0.0
ITEM_112229,ORD_27380,PROD_552,1,157.7,7.88
ITEM_112230,ORD_27380,PROD_507,1,16.01,0.0
ITEM_112231,ORD_27381,PROD_521,2,141.39,0.0
ITEM_112232,ORD_27381,PROD_502,1,242.11,0.0
ITEM_112233,ORD_27382,PROD_562,1,225.46,0.0
ITEM_112234,ORD_27382,PROD_556,1,171.31,0.0
ITEM_112235,ORD_27382,PROD_553,1,123.16,0.0
ITEM_112236,ORD_27383,PROD_546,1,209.69,20.97
ITEM_112237,ORD_27384,PROD_532,1,272.35,0.0
ITEM_112238,ORD_27385,PROD_562,1,225.46,0.0
ITEM_112239,ORD_27386,PROD_517,1,232.38,11.62
ITEM_112240,ORD_27386,PROD_529,1,24.28,2.43
ITEM_112241,ORD_27387,PROD_574,1,250.97,0.0
ITEM_112242,ORD_27388,PROD_503,1,157.89,0.0
ITEM_112243,ORD_27389,PROD_561,1,375.16,0.0
ITEM_112244,ORD_27389,PROD_533,2,161.57,0.0
ITEM_112245,ORD_27390,PROD_553,1,123.16,0.0
ITEM_112246,ORD_27391,PROD_515,3,189.61,0.0
ITEM_112247,ORD_27391,PROD_504,1,130.74,0.0
ITEM_112248,ORD_27391,PROD_564,1,77.5,0.0
ITEM_112249,ORD_27392,PROD_508,1,312.13,0.0
ITEM_112250,ORD_27393,PROD_509,1,213.9,0.0
ITEM_112251,ORD_27393,PROD_511,1,295.08,0.0
ITEM_112252,ORD_27394,PROD_539,2,250.31,0.0
ITEM_112253,ORD_27395,PROD_552,1,157.7,15.77
ITEM_112254,ORD_27395,PROD_514,1,255.83,0.0
ITEM_112255,ORD_27395,PROD_535,1,36.04,0.0
ITEM_112256,ORD_27396,PROD_540,1,48.42,0.0
ITEM_112257,ORD_27397,PROD_574,1,250.97,0.0
ITEM_112258,ORD_27398,PROD_565,1,16.38,0.0
ITEM_112259,ORD_27399,PROD_503,1,157.89,7.89
ITEM_112260,ORD_27400,PROD_566,1,250.95,0.0
ITEM_112261,ORD_27401,PROD_520,1,74.25,0.0
ITEM_112262,ORD_27401,PROD_566,1,250.95,0.0
ITEM_112263,ORD_27401,PROD_575,1,175.82,0.0
ITEM_112264,ORD_27402,PROD_511,1,295.08,0.0
ITEM_112265,ORD_27403,PROD_526,2,212.22,21.22
ITEM_112266,ORD_27403,PROD_565,2,16.38,0.0
ITEM_112267,ORD_27404,PROD_574,2,250.97,0.0
ITEM_112268,ORD_27405,PROD_537,1,145.12,0.0
ITEM_112269,ORD_27405,PROD_566,1,250.95,0.0
ITEM_112270,ORD_27406,PROD_503,2,157.89,47.37
ITEM_112271,ORD_27407,PROD_505,1,64.22,0.0
ITEM_112272,ORD_27408,PROD_516,1,91.12,0.0
ITEM_112273,ORD_27408,PROD_548,1,54.38,8.16
ITEM_112274,ORD_27409,PROD_565,1,16.38,0.82
ITEM_112275,ORD_27410,PROD_576,1,75.48,0.0
ITEM_112276,ORD_27410,PROD_521,3,141.39,42.42
ITEM_112277,ORD_27411,PROD_519,1,236.9,0.0
ITEM_112278,ORD_27412,PROD_569,2,274.5,0.0
ITEM_112279,ORD_27413,PROD_527,1,218.49,0.0
ITEM_112280,ORD_27413,PROD_554,1,309.23,30.92
ITEM_112281,ORD_27414,PROD_550,2,19.6,0.0
ITEM_112282,ORD_27415,PROD_571,1,211.74,31.76
ITEM_112283,ORD_27415,PROD_574,1,250.97,0.0
ITEM_112284,ORD_27415,PROD_538,1,153.61,15.36
ITEM_112285,ORD_27416,PROD_508,1,312.13,0.0
ITEM_112286,ORD_27417,PROD_512,1,151.42,0.0
ITEM_112287,ORD_27418,PROD_509,3,213.9,0.0
ITEM_112288,ORD_27419,PROD_570,1,85.34,8.53
ITEM_112289,ORD_27419,PROD_517,2,232.38,0.0
ITEM_112290,ORD_27419,PROD_573,1,121.95,0.0
ITEM_112291,ORD_27419,PROD_546,2,209.69,41.94
ITEM_112292,ORD_27420,PROD_506,1,240.11,0.0
ITEM_112293,ORD_27421,PROD_572,1,144.07,0.0
ITEM_112294,ORD_27421,PROD_517,1,232.38,0.0
ITEM_112295,ORD_27422,PROD_554,2,309.23,0.0
ITEM_112296,ORD_27423,PROD_505,1,64.22,0.0
ITEM_112297,ORD_27423,PROD_561,1,375.16,0.0
ITEM_112298,ORD_27424,PROD_544,1,280.84,0.0
ITEM_112299,ORD_27425,PROD_503,2,157.89,0.0
ITEM_112300,ORD_27426,PROD_562,1,225.46,0.0
ITEM_112301,ORD_27427,PROD_523,1,104.47,5.22
ITEM_112302,ORD_27427,PROD_578,2,165.8,0.0
ITEM_112303,ORD_27428,PROD_503,1,157.89,0.0
ITEM_112304,ORD_27429,PROD_564,1,77.5,0.0
ITEM_112305,ORD_27430,PROD_550,1,19.6,0.0
ITEM_112306,ORD_27430,PROD_548,1,54.38,0.0
ITEM_112307,ORD_27431,PROD_523,1,104.47,5.22
ITEM_112308,ORD_27432,PROD_508,1,312.13,0.0
ITEM_112309,ORD_27433,PROD_579,1,221.42,22.14
ITEM_112310,ORD_27434,PROD_529,1,24.28,0.0
ITEM_112311,ORD_27435,PROD_547,2,20.21,0.0
ITEM_112312,ORD_27435,PROD_539,1,250.31,0.0
ITEM_112313,ORD_27435,PROD_553,1,123.16,0.0
ITEM_112314,ORD_27436,PROD_527,1,218.49,0.0
ITEM_112315,ORD_27436,PROD_523,1,104.47,15.67
ITEM_112316,ORD_27437,PROD_511,1,295.08,0.0
ITEM_112317,ORD_27438,PROD_503,1,157.89,7.89
ITEM_112318,ORD_27439,PROD_546,1,209.69,10.48
ITEM_112319,ORD_27439,PROD_532,1,272.35,0.0
ITEM_112320,ORD_27439,PROD_530,1,142.79,0.0
ITEM_112321,ORD_27440,PROD_504,2,130.74,13.07
ITEM_112322,ORD_27441,PROD_550,1,19.6,2.94
ITEM_112323,ORD_27441,PROD_539,1,250.31,0.0
ITEM_112324,ORD_27442,PROD_508,2,312.13,31.21
ITEM_112325,ORD_27442,PROD_522,1,209.52,0.0
ITEM_112326,ORD_27443,PROD_529,1,24.28,0.0
ITEM_112327,ORD_27444,PROD_515,2,189.61,0.0
ITEM_112328,ORD_27445,PROD_560,1,88.9,0.0
ITEM_112329,ORD_27445,PROD_517,1,232.38,0.0
ITEM_112330,ORD_27445,PROD_538,1,153.61,0.0
ITEM_112331,ORD_27446,PROD_517,3,232.38,34.86
ITEM_112332,ORD_27446,PROD_561,1,375.16,18.76
ITEM_112333,ORD_27447,PROD_537,1,145.12,21.77
ITEM_112334,ORD_27448,PROD_547,1,20.21,0.0
ITEM_112335,ORD_27448,PROD_513,2,126.72,0.0
ITEM_112336,ORD_27448,PROD_567,2,103.84,31.15
ITEM_112337,ORD_27449,PROD_559,1,149.13,0.0
ITEM_112338,ORD_27449,PROD_575,1,175.82,8.79
ITEM_112339,ORD_27450,PROD_547,2,20.21,0.0
ITEM_112340,ORD_27450,PROD_506,1,240.11,0.0
ITEM_112341,ORD_27450,PROD_557,3,170.75,0.0
ITEM_112342,ORD_27451,PROD_536,1,242.17,36.33
ITEM_112343,ORD_27451,PROD_542,2,140.18,0.0
ITEM_112344,ORD_27452,PROD_541,1,137.54,0.0
ITEM_112345,ORD_27452,PROD_503,3,157.89,0.0
ITEM_112346,ORD_27453,PROD_550,1,19.6,0.0
ITEM_112347,ORD_27453,PROD_543,1,313.64,0.0
ITEM_112348,ORD_27454,PROD_549,1,112.15,0.0
ITEM_112349,ORD_27455,PROD_509,1,213.9,0.0
ITEM_112350,ORD_27456,PROD_566,2,250.95,0.0
ITEM_112351,ORD_27457,PROD_566,2,250.95,50.19
ITEM_112352,ORD_27458,PROD_520,1,74.25,3.71
ITEM_112353,ORD_27458,PROD_571,1,211.74,0.0
ITEM_112354,ORD_27459,PROD_552,1,157.7,0.0
ITEM_112355,ORD_27459,PROD_568,1,116.17,5.81
ITEM_112356,ORD_27460,PROD_504,1,130.74,0.0
ITEM_112357,ORD_27461,PROD_556,1,171.31,0.0
ITEM_112358,ORD_27462,PROD_576,1,75.48,0.0
ITEM_112359,ORD_27462,PROD_568,1,116.17,5.81
ITEM_112360,ORD_27462,PROD_536,1,242.17,0.0
ITEM_112361,ORD_27462,PROD_577,1,71.78,0.0
ITEM_112362,ORD_27463,PROD_551,1,148.84,0.0
ITEM_112363,ORD_27464,PROD_553,1,123.16,12.32
ITEM_112364,ORD_27465,PROD_565,2,16.38,0.0
ITEM_112365,ORD_27466,PROD_565,1,16.38,0.0
ITEM_112366,ORD_27466,PROD_546,1,209.69,20.97
ITEM_112367,ORD_27467,PROD_548,1,54.38,0.0
ITEM_112368,ORD_27468,PROD_529,1,24.28,0.0
ITEM_112369,ORD_27469,PROD_550,1,19.6,0.98
ITEM_112370,ORD_27470,PROD_549,2,112.15,0.0
ITEM_112371,ORD_27471,PROD_580,1,221.1,0.0
ITEM_112372,ORD_27472,PROD_510,2,220.56,0.0
ITEM_112373,ORD_27472,PROD_536,1,242.17,0.0
ITEM_112374,ORD_27473,PROD_542,1,140.18,0.0
ITEM_112375,ORD_27473,PROD_525,2,227.68,0.0
ITEM_112376,ORD_27474,PROD_503,1,157.89,0.0
ITEM_112377,ORD_27475,PROD_562,1,225.46,0.0
ITEM_112378,ORD_27475,PROD_575,1,175.82,0.0
ITEM_112379,ORD_27476,PROD_516,1,91.12,0.0
ITEM_112380,ORD_27477,PROD_559,2,149.13,14.91
ITEM_112381,ORD_27477,PROD_511,1,295.08,0.0
ITEM_112382,ORD_27477,PROD_530,1,142.79,0.0
ITEM_112383,ORD_27478,PROD_514,1,255.83,0.0
ITEM_112384,ORD_27478,PROD_513,1,126.72,12.67
ITEM_112385,ORD_27478,PROD_506,1,240.11,24.01
ITEM_112386,ORD_27479,PROD_526,1,212.22,0.0
ITEM_112387,ORD_27480,PROD_550,2,19.6,0.0
ITEM_112388,ORD_27481,PROD_559,1,149.13,14.91
ITEM_112389,ORD_27481,PROD_532,3,272.35,0.0
ITEM_112390,ORD_27481,PROD_540,1,48.42,0.0
ITEM_112391,ORD_27482,PROD_509,1,213.9,0.0
ITEM_112392,ORD_27483,PROD_519,1,236.9,0.0
ITEM_112393,ORD_27484,PROD_547,1,20.21,0.0
ITEM_112394,ORD_27485,PROD_567,1,103.84,0.0
ITEM_112395,ORD_27486,PROD_576,2,75.48,7.55
ITEM_112396,ORD_27487,PROD_527,1,218.49,10.92
ITEM_112397,ORD_27487,PROD_516,1,91.12,0.0
ITEM_112398,ORD_27487,PROD_568,1,116.17,11.62
ITEM_112399,ORD_27488,PROD_505,1,64.22,0.0
ITEM_112400,ORD_27488,PROD_513,1,126.72,0.0
ITEM_112401,ORD_27489,PROD_517,3,232.38,0.0
ITEM_112402,ORD_27490,PROD_504,1,130.74,0.0
ITEM_112403,ORD_27491,PROD_559,3,149.13,0.0
ITEM_112404,ORD_27492,PROD_506,1,240.11,0.0
ITEM_112405,ORD_27492,PROD_522,1,209.52,20.95
ITEM_112406,ORD_27493,PROD_514,1,255.83,0.0
ITEM_112407,ORD_27493,PROD_543,1,313.64,0.0
ITEM_112408,ORD_27494,PROD_572,1,144.07,14.41
ITEM_112409,ORD_27494,PROD_519,2,236.9,71.07
ITEM_112410,ORD_27495,PROD_537,1,145.12,0.0
ITEM_112411,ORD_27496,PROD_517,1,232.38,0.0
ITEM_112412,ORD_27496,PROD_540,1,48.42,0.0
ITEM_112413,ORD_27497,PROD_552,1,157.7,0.0
ITEM_112414,ORD_27497,PROD_545,1,246.78,0.0
ITEM_112415,ORD_27498,PROD_531,1,242.35,0.0
ITEM_112416,ORD_27498,PROD_535,2,36.04,0.0
ITEM_112417,ORD_27499,PROD_512,1,151.42,0.0
ITEM_112418,ORD_27499,PROD_540,2,48.42,0.0
ITEM_112419,ORD_27500,PROD_532,3,272.35,40.85
ITEM_112420,ORD_27501,PROD_550,1,19.6,1.96
ITEM_112421,ORD_27501,PROD_518,1,148.06,0.0
ITEM_112422,ORD_27502,PROD_549,1,112.15,0.0
ITEM_112423,ORD_27503,PROD_573,1,121.95,0.0
ITEM_112424,ORD_27503,PROD_515,1,189.61,0.0
ITEM_112425,ORD_27504,PROD_524,2,116.66,23.33
ITEM_112426,ORD_27505,PROD_556,1,171.31,0.0
ITEM_112427,ORD_27506,PROD_520,1,74.25,7.43
ITEM_112428,ORD_27507,PROD_566,1,250.95,0.0
ITEM_112429,ORD_27508,PROD_560,1,88.9,0.0
ITEM_112430,ORD_27508,PROD_510,1,220.56,0.0
ITEM_112431,ORD_27509,PROD_526,1,212.22,10.61
ITEM_112432,ORD_27509,PROD_535,2,36.04,0.0
ITEM_112433,ORD_27510,PROD_566,1,250.95,0.0
ITEM_112434,ORD_27511,PROD_511,1,295.08,14.75
ITEM_112435,ORD_27512,PROD_503,1,157.89,0.0
ITEM_112436,ORD_27513,PROD_572,2,144.07,0.0
ITEM_112437,ORD_27514,PROD_543,1,313.64,15.68
ITEM_112438,ORD_27514,PROD_555,1,121.11,0.0
ITEM_112439,ORD_27515,PROD_544,3,280.84,0.0
ITEM_112440,ORD_27516,PROD_563,2,317.9,63.58
ITEM_112441,ORD_27517,PROD_520,1,74.25,0.0
ITEM_112442,ORD_27517,PROD_512,3,151.42,68.14
ITEM_112443,ORD_27518,PROD_556,1,171.31,8.57
ITEM_112444,ORD_27518,PROD_516,1,91.12,0.0
ITEM_112445,ORD_27519,PROD_540,2,48.42,0.0
ITEM_112446,ORD_27519,PROD_526,2,212.22,0.0
ITEM_112447,ORD_27520,PROD_501,1,199.67,0.0
ITEM_112448,ORD_27520,PROD_562,1,225.46,0.0
ITEM_112449,ORD_27521,PROD_524,1,116.66,0.0
ITEM_112450,ORD_27521,PROD_516,1,91.12,0.0
ITEM_112451,ORD_27522,PROD_551,1,148.84,22.33
ITEM_112452,ORD_27523,PROD_542,1,140.18,0.0
ITEM_112453,ORD_27523,PROD_580,1,221.1,0.0
ITEM_112454,ORD_27524,PROD_513,1,126.72,0.0
ITEM_112455,ORD_27524,PROD_531,1,242.35,0.0
ITEM_112456,ORD_27525,PROD_542,1,140.18,0.0
ITEM_112457,ORD_27526,PROD_531,1,242.35,0.0
ITEM_112458,ORD_27527,PROD_566,1,250.95,0.0
ITEM_112459,ORD_27527,PROD_512,2,151.42,0.0
ITEM_112460,ORD_27528,PROD_518,1,148.06,0.0
ITEM_112461,ORD_27528,PROD_579,1,221.42,0.0
ITEM_112462,ORD_27529,PROD_503,1,157.89,0.0
ITEM_112463,ORD_27529,PROD_559,1,149.13,0.0
ITEM_112464,ORD_27530,PROD_551,1,148.84,0.0
ITEM_112465,ORD_27530,PROD_559,1,149.13,7.46
ITEM_112466,ORD_27531,PROD_546,1,209.69,0.0
ITEM_112467,ORD_27532,PROD_566,2,250.95,0.0
ITEM_112468,ORD_27532,PROD_548,2,54.38,0.0
ITEM_112469,ORD_27532,PROD_504,1,130.74,0.0
ITEM_112470,ORD_27532,PROD_508,1,312.13,31.21
ITEM_112471,ORD_27533,PROD_520,2,74.25,0.0
ITEM_112472,ORD_27534,PROD_556,1,171.31,8.57
ITEM_112473,ORD_27534,PROD_522,1,209.52,0.0
ITEM_112474,ORD_27535,PROD_506,3,240.11,0.0
ITEM_112475,ORD_27536,PROD_554,3,309.23,46.38
ITEM_112476,ORD_27537,PROD_559,3,149.13,0.0
ITEM_112477,ORD_27537,PROD_535,1,36.04,0.0
ITEM_112478,ORD_27538,PROD_570,1,85.34,8.53
ITEM_112479,ORD_27538,PROD_531,1,242.35,0.0
ITEM_112480,ORD_27538,PROD_534,1,46.48,2.32
ITEM_112481,ORD_27539,PROD_580,1,221.1,11.05
ITEM_112482,ORD_27540,PROD_519,1,236.9,0.0
ITEM_112483,ORD_27540,PROD_560,1,88.9,0.0
ITEM_112484,ORD_27541,PROD_518,1,148.06,0.0
ITEM_112485,ORD_27541,PROD_506,1,240.11,0.0
ITEM_112486,ORD_27542,PROD_573,1,121.95,0.0
ITEM_112487,ORD_27542,PROD_549,2,112.15,33.65
ITEM_112488,ORD_27543,PROD_503,1,157.89,15.79
ITEM_112489,ORD_27543,PROD_514,1,255.83,0.0
ITEM_112490,ORD_27543,PROD_580,2,221.1,0.0
ITEM_112491,ORD_27544,PROD_548,2,54.38,0.0
ITEM_112492,ORD_27545,PROD_573,2,121.95,0.0
ITEM_112493,ORD_27545,PROD_508,1,312.13,15.61
ITEM_112494,ORD_27546,PROD_580,1,221.1,33.16
ITEM_112495,ORD_27546,PROD_513,1,126.72,0.0
ITEM_112496,ORD_27547,PROD_528,1,17.95,0.0
ITEM_112497,ORD_27548,PROD_529,1,24.28,0.0
ITEM_112498,ORD_27548,PROD_545,1,246.78,0.0
ITEM_112499,ORD_27548,PROD_551,1,148.84,0.0
ITEM_112500,ORD_27549,PROD_576,1,75.48,0.0
ITEM_112501,ORD_27549,PROD_509,1,213.9,0.0
ITEM_112502,ORD_27550,PROD_562,1,225.46,0.0
ITEM_112503,ORD_27550,PROD_513,1,126.72,0.0
ITEM_112504,ORD_27550,PROD_523,2,104.47,0.0
ITEM_112505,ORD_27551,PROD_553,2,123.16,12.32
ITEM_112506,ORD_27551,PROD_544,2,280.84,0.0
ITEM_112507,ORD_27552,PROD_528,1,17.95,0.0
ITEM_112508,ORD_27552,PROD_503,1,157.89,0.0
ITEM_112509,ORD_27553,PROD_512,1,151.42,0.0
ITEM_112510,ORD_27554,PROD_571,2,211.74,0.0
ITEM_112511,ORD_27555,PROD_580,1,221.1,0.0
ITEM_112512,ORD_27555,PROD_532,2,272.35,0.0
ITEM_112513,ORD_27556,PROD_531,2,242.35,0.0
ITEM_112514,ORD_27556,PROD_577,2,71.78,0.0
ITEM_112515,ORD_27556,PROD_570,1,85.34,0.0
ITEM_112516,ORD_27556,PROD_523,2,104.47,0.0
ITEM_112517,ORD_27557,PROD_538,1,153.61,7.68
ITEM_112518,ORD_27558,PROD_561,1,375.16,0.0
ITEM_112519,ORD_27558,PROD_507,3,16.01,0.0
ITEM_112520,ORD_27558,PROD_548,2,54.38,10.88
ITEM_112521,ORD_27558,PROD_541,1,137.54,0.0
ITEM_112522,ORD_27559,PROD_510,2,220.56,0.0
ITEM_112523,ORD_27559,PROD_519,3,236.9,0.0
ITEM_112524,ORD_27559,PROD_565,1,16.38,0.0
ITEM_112525,ORD_27560,PROD_568,1,116.17,0.0
ITEM_112526,ORD_27560,PROD_550,1,19.6,0.0
ITEM_112527,ORD_27561,PROD_529,1,24.28,0.0
ITEM_112528,ORD_27561,PROD_534,1,46.48,0.0
ITEM_112529,ORD_27562,PROD_522,2,209.52,0.0
ITEM_112530,ORD_27562,PROD_580,1,221.1,0.0
ITEM_112531,ORD_27563,PROD_533,2,161.57,0.0
ITEM_112532,ORD_27563,PROD_539,1,250.31,0.0
ITEM_112533,ORD_27564,PROD_559,1,149.13,0.0
ITEM_112534,ORD_27565,PROD_538,1,153.61,7.68
ITEM_112535,ORD_27566,PROD_535,1,36.04,0.0
ITEM_112536,ORD_27566,PROD_580,1,221.1,22.11
ITEM_112537,ORD_27567,PROD_513,1,126.72,0.0
ITEM_112538,ORD_27567,PROD_501,1,199.67,0.0
ITEM_112539,ORD_27567,PROD_511,2,295.08,59.02
ITEM_112540,ORD_27568,PROD_520,3,74.25,0.0
ITEM_112541,ORD_27568,PROD_509,1,213.9,32.09
ITEM_112542,ORD_27569,PROD_562,1,225.46,0.0
ITEM_112543,ORD_27569,PROD_570,1,85.34,0.0
ITEM_112544,ORD_27570,PROD_580,2,221.1,0.0
ITEM_112545,ORD_27570,PROD_553,1,123.16,0.0
ITEM_112546,ORD_27570,PROD_569,1,274.5,13.73
ITEM_112547,ORD_27571,PROD_570,1,85.34,0.0
ITEM_112548,ORD_27572,PROD_529,1,24.28,2.43
ITEM_112549,ORD_27573,PROD_517,3,232.38,0.0
ITEM_112550,ORD_27573,PROD_542,2,140.18,14.02
ITEM_112551,ORD_27574,PROD_528,3,17.95,0.0
ITEM_112552,ORD_27575,PROD_502,1,242.11,12.11
ITEM_112553,ORD_27575,PROD_511,1,295.08,0.0
ITEM_112554,ORD_27576,PROD_554,2,309.23,0.0
ITEM_112555,ORD_27576,PROD_533,2,161.57,0.0
ITEM_112556,ORD_27577,PROD_554,1,309.23,0.0
ITEM_112557,ORD_27577,PROD_553,1,123.16,0.0
ITEM_112558,ORD_27577,PROD_513,1,126.72,0.0
ITEM_112559,ORD_27577,PROD_544,1,280.84,0.0
ITEM_112560,ORD_27578,PROD_516,1,91.12,4.56
ITEM_112561,ORD_27579,PROD_530,1,142.79,21.42
ITEM_112562,ORD_27579,PROD_541,1,137.54,0.0
ITEM_112563,ORD_27580,PROD_580,1,221.1,0.0
ITEM_112564,ORD_27581,PROD_509,1,213.9,10.7
ITEM_112565,ORD_27582,PROD_580,2,221.1,66.33
ITEM_112566,ORD_27583,PROD_537,1,145.12,0.0
ITEM_112567,ORD_27583,PROD_530,1,142.79,0.0
ITEM_112568,ORD_27583,PROD_566,1,250.95,0.0
ITEM_112569,ORD_27584,PROD_522,2,209.52,0.0
ITEM_112570,ORD_27584,PROD_547,1,20.21,1.01
ITEM_112571,ORD_27584,PROD_535,1,36.04,0.0
ITEM_112572,ORD_27585,PROD_562,1,225.46,22.55
ITEM_112573,ORD_27586,PROD_559,1,149.13,0.0
ITEM_112574,ORD_27586,PROD_529,1,24.28,1.21
ITEM_112575,ORD_27586,PROD_540,1,48.42,0.0
ITEM_112576,ORD_27587,PROD_535,1,36.04,1.8
ITEM_112577,ORD_27588,PROD_520,1,74.25,7.43
ITEM_112578,ORD_27588,PROD_522,1,209.52,0.0
ITEM_112579,ORD_27589,PROD_524,1,116.66,0.0
ITEM_112580,ORD_27590,PROD_504,1,130.74,0.0
ITEM_112581,ORD_27590,PROD_546,1,209.69,0.0
ITEM_112582,ORD_27591,PROD_523,1,104.47,10.45
ITEM_112583,ORD_27592,PROD_502,3,242.11,0.0
ITEM_112584,ORD_27593,PROD_545,1,246.78,0.0
ITEM_112585,ORD_27594,PROD_510,1,220.56,11.03
ITEM_112586,ORD_27595,PROD_519,2,236.9,23.69
ITEM_112587,ORD_27596,PROD_522,1,209.52,0.0
ITEM_112588,ORD_27597,PROD_535,1,36.04,0.0
ITEM_112589,ORD_27597,PROD_543,2,313.64,62.73
ITEM_112590,ORD_27597,PROD_558,1,152.68,7.63
ITEM_112591,ORD_27597,PROD_512,2,151.42,30.28
ITEM_112592,ORD_27598,PROD_521,1,141.39,0.0
ITEM_112593,ORD_27598,PROD_578,1,165.8,24.87
ITEM_112594,ORD_27599,PROD_568,1,116.17,0.0
ITEM_112595,ORD_27599,PROD_538,1,153.61,0.0
ITEM_112596,ORD_27600,PROD_531,2,242.35,0.0
ITEM_112597,ORD_27601,PROD_569,1,274.5,27.45
ITEM_112598,ORD_27602,PROD_548,1,54.38,0.0
ITEM_112599,ORD_27602,PROD_534,1,46.48,0.0
ITEM_112600,ORD_27603,PROD_511,1,295.08,0.0
ITEM_112601,ORD_27604,PROD_551,1,148.84,0.0
ITEM_112602,ORD_27604,PROD_554,3,309.23,0.0
ITEM_112603,ORD_27605,PROD_575,1,175.82,0.0
ITEM_112604,ORD_27605,PROD_574,1,250.97,0.0
ITEM_112605,ORD_27606,PROD_579,2,221.42,0.0
ITEM_112606,ORD_27607,PROD_541,1,137.54,20.63
ITEM_112607,ORD_27608,PROD_567,1,103.84,0.0
ITEM_112608,ORD_27609,PROD_542,1,140.18,0.0
ITEM_112609,ORD_27610,PROD_531,3,242.35,0.0
ITEM_112610,ORD_27611,PROD_508,1,312.13,0.0
ITEM_112611,ORD_27612,PROD_515,2,189.61,0.0
ITEM_112612,ORD_27612,PROD_519,1,236.9,0.0
ITEM_112613,ORD_27612,PROD_531,1,242.35,0.0
ITEM_112614,ORD_27612,PROD_569,1,274.5,0.0
ITEM_112615,ORD_27613,PROD_546,1,209.69,0.0
ITEM_112616,ORD_27614,PROD_567,1,103.84,0.0
ITEM_112617,ORD_27615,PROD_573,2,121.95,0.0
ITEM_112618,ORD_27615,PROD_537,1,145.12,0.0
ITEM_112619,ORD_27616,PROD_563,1,317.9,0.0
ITEM_112620,ORD_27617,PROD_555,3,121.11,0.0
ITEM_112621,ORD_27618,PROD_574,1,250.97,0.0
ITEM_112622,ORD_27618,PROD_526,1,212.22,0.0
ITEM_112623,ORD_27618,PROD_533,1,161.57,0.0
ITEM_112624,ORD_27618,PROD_573,1,121.95,0.0
ITEM_112625,ORD_27619,PROD_522,1,209.52,0.0
ITEM_112626,ORD_27619,PROD_519,2,236.9,23.69
ITEM_112627,ORD_27620,PROD_527,1,218.49,0.0
ITEM_112628,ORD_27620,PROD_507,2,16.01,0.0
ITEM_112629,ORD_27621,PROD_557,2,170.75,0.0
ITEM_112630,ORD_27622,PROD_538,1,153.61,0.0
ITEM_112631,ORD_27623,PROD_556,1,171.31,0.0
ITEM_112632,ORD_27624,PROD_543,2,313.64,0.0
ITEM_112633,ORD_27624,PROD_517,2,232.38,69.71
ITEM_112634,ORD_27624,PROD_520,1,74.25,0.0
ITEM_112635,ORD_27625,PROD_518,3,148.06,0.0
ITEM_112636,ORD_27626,PROD_534,1,46.48,0.0
ITEM_112637,ORD_27627,PROD_564,2,77.5,0.0
ITEM_112638,ORD_27628,PROD_533,2,161.57,0.0
ITEM_112639,ORD_27629,PROD_502,1,242.11,12.11
ITEM_112640,ORD_27629,PROD_573,1,121.95,0.0
ITEM_112641,ORD_27630,PROD_545,1,246.78,0.0
ITEM_112642,ORD_27631,PROD_577,1,71.78,0.0
ITEM_112643,ORD_27632,PROD_560,1,88.9,0.0
ITEM_112644,ORD_27633,PROD_530,1,142.79,0.0
ITEM_112645,ORD_27634,PROD_546,1,209.69,0.0
ITEM_112646,ORD_27634,PROD_575,2,175.82,0.0
ITEM_112647,ORD_27635,PROD_523,2,104.47,10.45
ITEM_112648,ORD_27636,PROD_513,2,126.72,0.0
ITEM_112649,ORD_27636,PROD_550,1,19.6,0.0
ITEM_112650,ORD_27637,PROD_519,2,236.9,0.0
ITEM_112651,ORD_27638,PROD_541,1,137.54,6.88
ITEM_112652,ORD_27638,PROD_550,1,19.6,1.96
ITEM_112653,ORD_27639,PROD_541,3,137.54,0.0
ITEM_112654,ORD_27640,PROD_569,1,274.5,0.0
ITEM_112655,ORD_27641,PROD_563,1,317.9,0.0
ITEM_112656,ORD_27642,PROD_530,2,142.79,28.56
ITEM_112657,ORD_27642,PROD_545,1,246.78,24.68
ITEM_112658,ORD_27642,PROD_535,1,36.04,5.41
ITEM_112659,ORD_27643,PROD_522,2,209.52,0.0
ITEM_112660,ORD_27643,PROD_579,2,221.42,0.0
ITEM_112661,ORD_27644,PROD_578,1,165.8,0.0
ITEM_112662,ORD_27645,PROD_548,1,54.38,0.0
ITEM_112663,ORD_27646,PROD_506,1,240.11,0.0
ITEM_112664,ORD_27646,PROD_546,1,209.69,10.48
ITEM_112665,ORD_27647,PROD_539,2,250.31,0.0
ITEM_112666,ORD_27648,PROD_536,1,242.17,12.11
ITEM_112667,ORD_27648,PROD_547,2,20.21,0.0
ITEM_112668,ORD_27649,PROD_517,1,232.38,0.0
ITEM_112669,ORD_27649,PROD_552,1,157.7,0.0
ITEM_112670,ORD_27649,PROD_557,1,170.75,25.61
ITEM_112671,ORD_27650,PROD_553,1,123.16,0.0
ITEM_112672,ORD_27650,PROD_515,1,189.61,0.0
ITEM_112673,ORD_27650,PROD_566,1,250.95,0.0
ITEM_112674,ORD_27650,PROD_519,2,236.9,23.69
ITEM_112675,ORD_27651,PROD_509,1,213.9,0.0
ITEM_112676,ORD_27651,PROD_534,1,46.48,0.0
ITEM_112677,ORD_27651,PROD_577,2,71.78,0.0
ITEM_112678,ORD_27652,PROD_540,2,48.42,0.0
ITEM_112679,ORD_27653,PROD_570,1,85.34,0.0
ITEM_112680,ORD_27653,PROD_521,1,141.39,0.0
ITEM_112681,ORD_27654,PROD_540,1,48.42,2.42
ITEM_112682,ORD_27654,PROD_537,1,145.12,0.0
ITEM_112683,ORD_27655,PROD_566,2,250.95,25.09
ITEM_112684,ORD_27655,PROD_511,2,295.08,0.0
ITEM_112685,ORD_27656,PROD_532,2,272.35,27.24
ITEM_112686,ORD_27657,PROD_562,2,225.46,22.55
ITEM_112687,ORD_27657,PROD_544,2,280.84,0.0
ITEM_112688,ORD_27658,PROD_571,1,211.74,0.0
ITEM_112689,ORD_27658,PROD_550,3,19.6,0.0
ITEM_112690,ORD_27659,PROD_556,1,171.31,8.57
ITEM_112691,ORD_27659,PROD_577,1,71.78,0.0
ITEM_112692,ORD_27660,PROD_564,1,77.5,3.88
ITEM_112693,ORD_27660,PROD_545,1,246.78,37.02
ITEM_112694,ORD_27660,PROD_540,1,48.42,0.0
ITEM_112695,ORD_27661,PROD_504,2,130.74,0.0
ITEM_112696,ORD_27661,PROD_527,1,218.49,0.0
ITEM_112697,ORD_27662,PROD_503,1,157.89,0.0
ITEM_112698,ORD_27662,PROD_540,1,48.42,0.0
ITEM_112699,ORD_27663,PROD_546,1,209.69,0.0
ITEM_112700,ORD_27663,PROD_569,3,274.5,0.0
ITEM_112701,ORD_27663,PROD_517,1,232.38,0.0
ITEM_112702,ORD_27663,PROD_567,1,103.84,5.19
ITEM_112703,ORD_27664,PROD_545,1,246.78,12.34
ITEM_112704,ORD_27664,PROD_567,3,103.84,0.0
ITEM_112705,ORD_27664,PROD_509,2,213.9,0.0
ITEM_112706,ORD_27665,PROD_556,1,171.31,0.0
ITEM_112707,ORD_27666,PROD_518,1,148.06,0.0
ITEM_112708,ORD_27667,PROD_569,1,274.5,0.0
ITEM_112709,ORD_27667,PROD_525,1,227.68,34.15
ITEM_112710,ORD_27668,PROD_542,1,140.18,0.0
ITEM_112711,ORD_27669,PROD_578,1,165.8,0.0
ITEM_112712,ORD_27669,PROD_563,2,317.9,0.0
ITEM_112713,ORD_27669,PROD_532,1,272.35,0.0
ITEM_112714,ORD_27670,PROD_508,1,312.13,15.61
ITEM_112715,ORD_27671,PROD_562,2,225.46,0.0
ITEM_112716,ORD_27671,PROD_551,1,148.84,0.0
ITEM_112717,ORD_27672,PROD_526,2,212.22,0.0
ITEM_112718,ORD_27672,PROD_512,1,151.42,0.0
ITEM_112719,ORD_27673,PROD_567,1,103.84,0.0
ITEM_112720,ORD_27673,PROD_573,1,121.95,0.0
ITEM_112721,ORD_27674,PROD_560,1,88.9,0.0
ITEM_112722,ORD_27674,PROD_566,1,250.95,0.0
ITEM_112723,ORD_27675,PROD_503,1,157.89,0.0
ITEM_112724,ORD_27676,PROD_510,1,220.56,33.08
ITEM_112725,ORD_27676,PROD_570,3,85.34,0.0
ITEM_112726,ORD_27677,PROD_545,1,246.78,0.0
ITEM_112727,ORD_27678,PROD_572,1,144.07,0.0
ITEM_112728,ORD_27679,PROD_517,1,232.38,0.0
ITEM_112729,ORD_27680,PROD_564,1,77.5,3.88
ITEM_112730,ORD_27681,PROD_552,2,157.7,0.0
ITEM_112731,ORD_27682,PROD_570,1,85.34,0.0
ITEM_112732,ORD_27682,PROD_505,1,64.22,0.0
ITEM_112733,ORD_27683,PROD_536,1,242.17,0.0
ITEM_112734,ORD_27684,PROD_572,2,144.07,43.22
ITEM_112735,ORD_27685,PROD_568,1,116.17,0.0
ITEM_112736,ORD_27686,PROD_547,1,20.21,0.0
ITEM_112737,ORD_27687,PROD_548,1,54.38,0.0
ITEM_112738,ORD_27687,PROD_550,1,19.6,0.0
ITEM_112739,ORD_27688,PROD_560,1,88.9,4.45
ITEM_112740,ORD_27689,PROD_532,1,272.35,0.0
ITEM_112741,ORD_27689,PROD_525,1,227.68,34.15
ITEM_112742,ORD_27690,PROD_576,1,75.48,0.0
ITEM_112743,ORD_27690,PROD_531,2,242.35,0.0
ITEM_112744,ORD_27690,PROD_575,1,175.82,0.0
ITEM_112745,ORD_27691,PROD_538,1,153.61,0.0
ITEM_112746,ORD_27691,PROD_537,1,145.12,0.0
ITEM_112747,ORD_27691,PROD_525,1,227.68,11.38
ITEM_112748,ORD_27692,PROD_551,1,148.84,0.0
ITEM_112749,ORD_27692,PROD_509,1,213.9,10.7
ITEM_112750,ORD_27693,PROD_550,3,19.6,0.0
ITEM_112751,ORD_27693,PROD_570,1,85.34,0.0
ITEM_112752,ORD_27694,PROD_566,1,250.95,0.0
ITEM_112753,ORD_27694,PROD_551,2,148.84,14.88
ITEM_112754,ORD_27694,PROD_534,1,46.48,0.0
ITEM_112755,ORD_27695,PROD_516,1,91.12,4.56
ITEM_112756,ORD_27695,PROD_569,1,274.5,0.0
ITEM_112757,ORD_27695,PROD_501,1,199.67,0.0
ITEM_112758,ORD_27696,PROD_554,1,309.23,0.0
ITEM_112759,ORD_27696,PROD_575,1,175.82,0.0
ITEM_112760,ORD_27696,PROD_526,1,212.22,0.0
ITEM_112761,ORD_27697,PROD_502,3,242.11,0.0
ITEM_112762,ORD_27698,PROD_578,1,165.8,24.87
ITEM_112763,ORD_27698,PROD_558,1,152.68,0.0
ITEM_112764,ORD_27699,PROD_547,2,20.21,0.0
ITEM_112765,ORD_27700,PROD_521,1,141.39,7.07
ITEM_112766,ORD_27701,PROD_524,2,116.66,0.0
ITEM_112767,ORD_27701,PROD_522,1,209.52,20.95
ITEM_112768,ORD_27702,PROD_523,1,104.47,0.0
ITEM_112769,ORD_27703,PROD_514,1,255.83,0.0
ITEM_112770,ORD_27703,PROD_512,1,151.42,0.0
ITEM_112771,ORD_27704,PROD_565,1,16.38,0.0
ITEM_112772,ORD_27704,PROD_551,1,148.84,0.0
ITEM_112773,ORD_27705,PROD_516,1,91.12,0.0
ITEM_112774,ORD_27706,PROD_525,2,227.68,0.0
ITEM_112775,ORD_27706,PROD_578,1,165.8,8.29
ITEM_112776,ORD_27707,PROD_531,1,242.35,0.0
ITEM_112777,ORD_27707,PROD_557,1,170.75,8.54
ITEM_112778,ORD_27708,PROD_509,1,213.9,0.0
ITEM_112779,ORD_27708,PROD_547,2,20.21,4.04
ITEM_112780,ORD_27708,PROD_527,1,218.49,0.0
ITEM_112781,ORD_27709,PROD_516,1,91.12,0.0
ITEM_112782,ORD_27710,PROD_555,3,121.11,0.0
ITEM_112783,ORD_27711,PROD_554,1,309.23,0.0
ITEM_112784,ORD_27712,PROD_520,1,74.25,0.0
ITEM_112785,ORD_27713,PROD_504,1,130.74,0.0
ITEM_112786,ORD_27714,PROD_553,2,123.16,36.95
ITEM_112787,ORD_27715,PROD_531,1,242.35,0.0
ITEM_112788,ORD_27715,PROD_564,2,77.5,0.0
ITEM_112789,ORD_27715,PROD_543,1,313.64,0.0
ITEM_112790,ORD_27716,PROD_551,1,148.84,0.0
ITEM_112791,ORD_27717,PROD_531,2,242.35,0.0
ITEM_112792,ORD_27718,PROD_539,1,250.31,0.0
ITEM_112793,ORD_27719,PROD_527,2,218.49,0.0
ITEM_112794,ORD_27719,PROD_555,1,121.11,12.11
ITEM_112795,ORD_27720,PROD_514,1,255.83,38.37
ITEM_112796,ORD_27720,PROD_533,1,161.57,0.0
ITEM_112797,ORD_27720,PROD_531,1,242.35,0.0
ITEM_112798,ORD_27721,PROD_565,1,16.38,0.0
ITEM_112799,ORD_27721,PROD_533,1,161.57,24.24
ITEM_112800,ORD_27722,PROD_506,1,240.11,12.01
ITEM_112801,ORD_27722,PROD_564,3,77.5,0.0
ITEM_112802,ORD_27723,PROD_519,1,236.9,0.0
ITEM_112803,ORD_27724,PROD_561,1,375.16,0.0
ITEM_112804,ORD_27725,PROD_528,2,17.95,0.0
ITEM_112805,ORD_27725,PROD_578,1,165.8,0.0
ITEM_112806,ORD_27726,PROD_546,2,209.69,41.94
ITEM_112807,ORD_27727,PROD_505,1,64.22,0.0
ITEM_112808,ORD_27728,PROD_510,1,220.56,0.0
ITEM_112809,ORD_27729,PROD_544,2,280.84,0.0
ITEM_112810,ORD_27730,PROD_541,1,137.54,0.0
ITEM_112811,ORD_27731,PROD_526,2,212.22,0.0
ITEM_112812,ORD_27732,PROD_557,2,170.75,0.0
ITEM_112813,ORD_27732,PROD_514,3,255.83,0.0
ITEM_112814,ORD_27733,PROD_523,2,104.47,0.0
ITEM_112815,ORD_27734,PROD_529,2,24.28,0.0
ITEM_112816,ORD_27735,PROD_551,1,148.84,0.0
ITEM_112817,ORD_27735,PROD_568,1,116.17,0.0
ITEM_112818,ORD_27735,PROD_531,1,242.35,0.0
ITEM_112819,ORD_27736,PROD_555,1,121.11,0.0
ITEM_112820,ORD_27736,PROD_566,1,250.95,0.0
ITEM_112821,ORD_27736,PROD_563,1,317.9,0.0
ITEM_112822,ORD_27736,PROD_556,1,171.31,0.0
ITEM_112823,ORD_27737,PROD_501,1,199.67,0.0
ITEM_112824,ORD_27738,PROD_562,1,225.46,0.0
ITEM_112825,ORD_27738,PROD_580,1,221.1,0.0
ITEM_112826,ORD_27738,PROD_569,2,274.5,54.9
ITEM_112827,ORD_27739,PROD_566,1,250.95,0.0
ITEM_112828,ORD_27740,PROD_562,1,225.46,0.0
ITEM_112829,ORD_27740,PROD_523,1,104.47,0.0
ITEM_112830,ORD_27740,PROD_573,1,121.95,0.0
ITEM_112831,ORD_27741,PROD_535,2,36.04,0.0
ITEM_112832,ORD_27741,PROD_543,1,313.64,47.05
ITEM_112833,ORD_27742,PROD_558,1,152.68,22.9
ITEM_112834,ORD_27742,PROD_551,2,148.84,0.0
ITEM_112835,ORD_27742,PROD_517,1,232.38,0.0
ITEM_112836,ORD_27743,PROD_550,1,19.6,0.0
ITEM_112837,ORD_27744,PROD_534,1,46.48,0.0
ITEM_112838,ORD_27744,PROD_535,2,36.04,7.21
ITEM_112839,ORD_27745,PROD_550,2,19.6,0.0
ITEM_112840,ORD_27745,PROD_501,1,199.67,19.97
ITEM_112841,ORD_27746,PROD_579,1,221.42,0.0
ITEM_112842,ORD_27747,PROD_525,2,227.68,0.0
ITEM_112843,ORD_27748,PROD_521,1,141.39,14.14
ITEM_112844,ORD_27748,PROD_522,1,209.52,0.0
ITEM_112845,ORD_27749,PROD_572,2,144.07,43.22
ITEM_112846,ORD_27750,PROD_567,1,103.84,0.0
ITEM_112847,ORD_27751,PROD_525,1,227.68,0.0
ITEM_112848,ORD_27751,PROD_553,1,123.16,0.0
ITEM_112849,ORD_27752,PROD_537,2,145.12,0.0
ITEM_112850,ORD_27752,PROD_543,1,313.64,0.0
ITEM_112851,ORD_27753,PROD_556,1,171.31,0.0
ITEM_112852,ORD_27753,PROD_504,3,130.74,0.0
ITEM_112853,ORD_27753,PROD_505,1,64.22,3.21
ITEM_112854,ORD_27754,PROD_534,2,46.48,0.0
ITEM_112855,ORD_27754,PROD_528,1,17.95,0.0
ITEM_112856,ORD_27755,PROD_570,1,85.34,0.0
ITEM_112857,ORD_27755,PROD_573,1,121.95,0.0
ITEM_112858,ORD_27756,PROD_531,1,242.35,0.0
ITEM_112859,ORD_27757,PROD_527,2,218.49,0.0
ITEM_112860,ORD_27757,PROD_565,1,16.38,0.82
ITEM_112861,ORD_27758,PROD_565,1,16.38,1.64
ITEM_112862,ORD_27759,PROD_501,1,199.67,0.0
ITEM_112863,ORD_27759,PROD_547,1,20.21,0.0
ITEM_112864,ORD_27760,PROD_567,1,103.84,10.38
ITEM_112865,ORD_27760,PROD_547,1,20.21,0.0
ITEM_112866,ORD_27760,PROD_524,1,116.66,5.83
ITEM_112867,ORD_27761,PROD_525,1,227.68,0.0
ITEM_112868,ORD_27761,PROD_512,1,151.42,0.0
ITEM_112869,ORD_27762,PROD_544,1,280.84,0.0
ITEM_112870,ORD_27762,PROD_557,2,170.75,0.0
ITEM_112871,ORD_27762,PROD_543,3,313.64,94.09
ITEM_112872,ORD_27763,PROD_529,1,24.28,1.21
ITEM_112873,ORD_27764,PROD_550,1,19.6,0.98
ITEM_112874,ORD_27764,PROD_569,2,274.5,27.45
ITEM_112875,ORD_27765,PROD_510,2,220.56,22.06
ITEM_112876,ORD_27766,PROD_532,1,272.35,0.0
ITEM_112877,ORD_27767,PROD_518,1,148.06,0.0
ITEM_112878,ORD_27767,PROD_559,1,149.13,0.0
ITEM_112879,ORD_27767,PROD_578,2,165.8,33.16
ITEM_112880,ORD_27767,PROD_530,1,142.79,0.0
ITEM_112881,ORD_27768,PROD_511,1,295.08,44.26
ITEM_112882,ORD_27769,PROD_559,1,149.13,0.0
ITEM_112883,ORD_27770,PROD_521,1,141.39,7.07
ITEM_112884,ORD_27771,PROD_506,2,240.11,0.0
ITEM_112885,ORD_27772,PROD_507,2,16.01,0.0
ITEM_112886,ORD_27773,PROD_554,1,309.23,0.0
ITEM_112887,ORD_27774,PROD_559,1,149.13,22.37
ITEM_112888,ORD_27775,PROD_568,1,116.17,11.62
ITEM_112889,ORD_27775,PROD_533,1,161.57,0.0
ITEM_112890,ORD_27776,PROD_565,2,16.38,0.0
ITEM_112891,ORD_27777,PROD_564,1,77.5,0.0
ITEM_112892,ORD_27777,PROD_538,1,153.61,0.0
ITEM_112893,ORD_27777,PROD_549,1,112.15,0.0
ITEM_112894,ORD_27778,PROD_549,1,112.15,0.0
ITEM_112895,ORD_27778,PROD_516,1,91.12,13.67
ITEM_112896,ORD_27779,PROD_544,1,280.84,0.0
ITEM_112897,ORD_27780,PROD_526,1,212.22,0.0
ITEM_112898,ORD_27781,PROD_578,1,165.8,0.0
ITEM_112899,ORD_27782,PROD_551,1,148.84,0.0
ITEM_112900,ORD_27783,PROD_513,1,126.72,6.34
ITEM_112901,ORD_27784,PROD_579,1,221.42,11.07
ITEM_112902,ORD_27785,PROD_567,1,103.84,10.38
ITEM_112903,ORD_27786,PROD_508,1,312.13,15.61
ITEM_112904,ORD_27787,PROD_507,1,16.01,0.0
ITEM_112905,ORD_27788,PROD_528,2,17.95,0.0
ITEM_112906,ORD_27789,PROD_577,1,71.78,10.77
ITEM_112907,ORD_27790,PROD_520,1,74.25,3.71
ITEM_112908,ORD_27790,PROD_523,1,104.47,0.0
ITEM_112909,ORD_27790,PROD_548,2,54.38,0.0
ITEM_112910,ORD_27790,PROD_529,1,24.28,0.0
ITEM_112911,ORD_27791,PROD_562,1,225.46,22.55
ITEM_112912,ORD_27792,PROD_569,1,274.5,0.0
ITEM_112913,ORD_27792,PROD_552,1,157.7,0.0
ITEM_112914,ORD_27792,PROD_568,1,116.17,11.62
ITEM_112915,ORD_27793,PROD_504,1,130.74,0.0
ITEM_112916,ORD_27793,PROD_557,3,170.75,0.0
ITEM_112917,ORD_27794,PROD_544,1,280.84,0.0
ITEM_112918,ORD_27795,PROD_527,1,218.49,0.0
ITEM_112919,ORD_27795,PROD_574,1,250.97,0.0
ITEM_112920,ORD_27795,PROD_562,1,225.46,11.27
ITEM_112921,ORD_27795,PROD_517,1,232.38,0.0
ITEM_112922,ORD_27796,PROD_538,1,153.61,0.0
ITEM_112923,ORD_27796,PROD_547,2,20.21,0.0
ITEM_112924,ORD_27797,PROD_561,1,375.16,18.76
ITEM_112925,ORD_27798,PROD_563,1,317.9,15.89
ITEM_112926,ORD_27799,PROD_508,1,312.13,0.0
ITEM_112927,ORD_27800,PROD_532,1,272.35,27.24
ITEM_112928,ORD_27800,PROD_577,1,71.78,0.0
ITEM_112929,ORD_27801,PROD_510,1,220.56,0.0
ITEM_112930,ORD_27802,PROD_537,2,145.12,14.51
ITEM_112931,ORD_27803,PROD_523,1,104.47,5.22
ITEM_112932,ORD_27804,PROD_507,1,16.01,0.0
ITEM_112933,ORD_27804,PROD_557,1,170.75,0.0
ITEM_112934,ORD_27804,PROD_544,1,280.84,0.0
ITEM_112935,ORD_27805,PROD_547,1,20.21,0.0
ITEM_112936,ORD_27805,PROD_506,1,240.11,0.0
ITEM_112937,ORD_27806,PROD_531,1,242.35,12.12
ITEM_112938,ORD_27806,PROD_552,1,157.7,0.0
ITEM_112939,ORD_27807,PROD_548,2,54.38,0.0
ITEM_112940,ORD_27808,PROD_524,1,116.66,0.0
ITEM_112941,ORD_27808,PROD_568,1,116.17,0.0
ITEM_112942,ORD_27808,PROD_533,1,161.57,0.0
ITEM_112943,ORD_27809,PROD_515,1,189.61,0.0
ITEM_112944,ORD_27809,PROD_540,1,48.42,0.0
ITEM_112945,ORD_27810,PROD_566,1,250.95,12.55
ITEM_112946,ORD_27810,PROD_503,1,157.89,7.89
ITEM_112947,ORD_27811,PROD_518,1,148.06,0.0
ITEM_112948,ORD_27812,PROD_559,2,149.13,44.74
ITEM_112949,ORD_27812,PROD_574,1,250.97,0.0
ITEM_112950,ORD_27813,PROD_568,1,116.17,11.62
ITEM_112951,ORD_27813,PROD_531,1,242.35,12.12
ITEM_112952,ORD_27814,PROD_537,1,145.12,0.0
ITEM_112953,ORD_27815,PROD_545,2,246.78,0.0
ITEM_112954,ORD_27815,PROD_575,2,175.82,0.0
ITEM_112955,ORD_27815,PROD_555,1,121.11,0.0
ITEM_112956,ORD_27815,PROD_526,2,212.22,0.0
ITEM_112957,ORD_27816,PROD_520,2,74.25,7.43
ITEM_112958,ORD_27817,PROD_510,1,220.56,0.0
ITEM_112959,ORD_27817,PROD_504,1,130.74,0.0
ITEM_112960,ORD_27818,PROD_501,1,199.67,0.0
ITEM_112961,ORD_27818,PROD_517,2,232.38,46.48
ITEM_112962,ORD_27819,PROD_526,3,212.22,63.67
ITEM_112963,ORD_27819,PROD_519,1,236.9,0.0
ITEM_112964,ORD_27820,PROD_512,2,151.42,15.14
ITEM_112965,ORD_27820,PROD_540,1,48.42,2.42
ITEM_112966,ORD_27820,PROD_550,1,19.6,0.98
ITEM_112967,ORD_27821,PROD_535,1,36.04,0.0
ITEM_112968,ORD_27822,PROD_530,1,142.79,21.42
ITEM_112969,ORD_27823,PROD_538,2,153.61,0.0
ITEM_112970,ORD_27824,PROD_501,1,199.67,0.0
ITEM_112971,ORD_27824,PROD_566,2,250.95,0.0
ITEM_112972,ORD_27825,PROD_519,1,236.9,0.0
ITEM_112973,ORD_27825,PROD_559,1,149.13,0.0
ITEM_112974,ORD_27825,PROD_574,1,250.97,25.1
ITEM_112975,ORD_27826,PROD_558,1,152.68,15.27
ITEM_112976,ORD_27826,PROD_551,3,148.84,0.0
ITEM_112977,ORD_27827,PROD_501,1,199.67,0.0
ITEM_112978,ORD_27828,PROD_524,1,116.66,17.5
ITEM_112979,ORD_27829,PROD_520,2,74.25,7.43
ITEM_112980,ORD_27830,PROD_549,1,112.15,0.0
ITEM_112981,ORD_27831,PROD_564,1,77.5,0.0
ITEM_112982,ORD_27831,PROD_567,1,103.84,0.0
ITEM_112983,ORD_27832,PROD_514,1,255.83,0.0
ITEM_112984,ORD_27833,PROD_563,1,317.9,31.79
ITEM_112985,ORD_27834,PROD_511,1,295.08,0.0
ITEM_112986,ORD_27835,PROD_503,1,157.89,0.0
ITEM_112987,ORD_27836,PROD_541,2,137.54,0.0
ITEM_112988,ORD_27837,PROD_535,2,36.04,3.6
ITEM_112989,ORD_27838,PROD_514,1,255.83,12.79
ITEM_112990,ORD_27839,PROD_537,2,145.12,0.0
ITEM_112991,ORD_27840,PROD_558,1,152.68,7.63
ITEM_112992,ORD_27841,PROD_563,2,317.9,31.79
ITEM_112993,ORD_27842,PROD_533,1,161.57,0.0
ITEM_112994,ORD_27843,PROD_501,1,199.67,0.0
ITEM_112995,ORD_27843,PROD_535,1,36.04,0.0
ITEM_112996,ORD_27844,PROD_526,1,212.22,0.0
ITEM_112997,ORD_27845,PROD_556,2,171.31,0.0
ITEM_112998,ORD_27845,PROD_555,3,121.11,0.0
ITEM_112999,ORD_27845,PROD_538,3,153.61,0.0
ITEM_113000,ORD_27846,PROD_555,1,121.11,18.17
ITEM_113001,ORD_27847,PROD_541,1,137.54,0.0
ITEM_113002,ORD_27847,PROD_573,1,121.95,12.2
ITEM_113003,ORD_27848,PROD_548,2,54.38,0.0
ITEM_113004,ORD_27848,PROD_570,2,85.34,0.0
ITEM_113005,ORD_27849,PROD_559,1,149.13,7.46
ITEM_113006,ORD_27849,PROD_524,1,116.66,5.83
ITEM_113007,ORD_27849,PROD_502,1,242.11,0.0
ITEM_113008,ORD_27850,PROD_517,1,232.38,0.0
ITEM_113009,ORD_27851,PROD_558,1,152.68,0.0
ITEM_113010,ORD_27852,PROD_544,1,280.84,0.0
ITEM_113011,ORD_27853,PROD_558,1,152.68,0.0
ITEM_113012,ORD_27853,PROD_501,1,199.67,9.98
ITEM_113013,ORD_27854,PROD_539,1,250.31,25.03
ITEM_113014,ORD_27854,PROD_527,1,218.49,0.0
ITEM_113015,ORD_27854,PROD_534,1,46.48,2.32
ITEM_113016,ORD_27854,PROD_562,2,225.46,22.55
ITEM_113017,ORD_27855,PROD_509,1,213.9,0.0
ITEM_113018,ORD_27855,PROD_532,1,272.35,40.85
ITEM_113019,ORD_27856,PROD_574,1,250.97,0.0
ITEM_113020,ORD_27857,PROD_516,1,91.12,9.11
ITEM_113021,ORD_27857,PROD_509,1,213.9,0.0
ITEM_113022,ORD_27857,PROD_567,1,103.84,0.0
ITEM_113023,ORD_27857,PROD_572,1,144.07,0.0
ITEM_113024,ORD_27858,PROD_568,1,116.17,0.0
ITEM_113025,ORD_27858,PROD_508,2,312.13,0.0
ITEM_113026,ORD_27859,PROD_543,1,313.64,0.0
ITEM_113027,ORD_27859,PROD_529,3,24.28,0.0
ITEM_113028,ORD_27859,PROD_538,1,153.61,0.0
ITEM_113029,ORD_27859,PROD_566,1,250.95,12.55
ITEM_113030,ORD_27860,PROD_506,2,240.11,0.0
ITEM_113031,ORD_27860,PROD_562,1,225.46,0.0
ITEM_113032,ORD_27861,PROD_545,1,246.78,0.0
ITEM_113033,ORD_27862,PROD_543,1,313.64,0.0
ITEM_113034,ORD_27862,PROD_570,2,85.34,0.0
ITEM_113035,ORD_27863,PROD_508,1,312.13,0.0
ITEM_113036,ORD_27863,PROD_570,3,85.34,12.8
ITEM_113037,ORD_27863,PROD_563,1,317.9,0.0
ITEM_113038,ORD_27864,PROD_527,3,218.49,0.0
ITEM_113039,ORD_27865,PROD_548,1,54.38,0.0
ITEM_113040,ORD_27865,PROD_542,1,140.18,0.0
ITEM_113041,ORD_27866,PROD_551,2,148.84,29.77
ITEM_113042,ORD_27866,PROD_549,2,112.15,0.0
ITEM_113043,ORD_27866,PROD_567,1,103.84,5.19
ITEM_113044,ORD_27866,PROD_558,1,152.68,0.0
ITEM_113045,ORD_27867,PROD_543,1,313.64,0.0
ITEM_113046,ORD_27868,PROD_509,1,213.9,0.0
ITEM_113047,ORD_27869,PROD_578,1,165.8,0.0
ITEM_113048,ORD_27870,PROD_544,1,280.84,0.0
ITEM_113049,ORD_27871,PROD_577,1,71.78,0.0
ITEM_113050,ORD_27872,PROD_543,1,313.64,15.68
ITEM_113051,ORD_27872,PROD_558,2,152.68,0.0
ITEM_113052,ORD_27873,PROD_501,1,199.67,0.0
ITEM_113053,ORD_27873,PROD_517,1,232.38,0.0
ITEM_113054,ORD_27874,PROD_536,1,242.17,0.0
ITEM_113055,ORD_27875,PROD_557,1,170.75,17.07
ITEM_113056,ORD_27875,PROD_555,2,121.11,24.22
ITEM_113057,ORD_27876,PROD_565,2,16.38,0.0
ITEM_113058,ORD_27877,PROD_531,1,242.35,0.0
ITEM_113059,ORD_27878,PROD_511,1,295.08,0.0
ITEM_113060,ORD_27879,PROD_510,1,220.56,0.0
ITEM_113061,ORD_27880,PROD_552,1,157.7,0.0
ITEM_113062,ORD_27881,PROD_570,1,85.34,4.27
ITEM_113063,ORD_27882,PROD_560,2,88.9,8.89
ITEM_113064,ORD_27883,PROD_560,2,88.9,0.0
ITEM_113065,ORD_27884,PROD_516,1,91.12,4.56
ITEM_113066,ORD_27884,PROD_509,3,213.9,0.0
ITEM_113067,ORD_27885,PROD_580,1,221.1,33.16
ITEM_113068,ORD_27886,PROD_520,1,74.25,11.14
ITEM_113069,ORD_27887,PROD_564,1,77.5,0.0
ITEM_113070,ORD_27887,PROD_531,1,242.35,0.0
ITEM_113071,ORD_27888,PROD_534,2,46.48,0.0
ITEM_113072,ORD_27888,PROD_516,1,91.12,0.0
ITEM_113073,ORD_27888,PROD_524,1,116.66,0.0
ITEM_113074,ORD_27889,PROD_577,1,71.78,3.59
ITEM_113075,ORD_27889,PROD_520,1,74.25,0.0
ITEM_113076,ORD_27889,PROD_550,1,19.6,0.0
ITEM_113077,ORD_27890,PROD_555,1,121.11,12.11
ITEM_113078,ORD_27890,PROD_520,1,74.25,0.0
ITEM_113079,ORD_27891,PROD_555,1,121.11,0.0
ITEM_113080,ORD_27892,PROD_527,1,218.49,0.0
ITEM_113081,ORD_27893,PROD_538,1,153.61,0.0
ITEM_113082,ORD_27893,PROD_578,1,165.8,0.0
ITEM_113083,ORD_27893,PROD_556,3,171.31,0.0
ITEM_113084,ORD_27893,PROD_517,1,232.38,0.0
ITEM_113085,ORD_27894,PROD_569,3,274.5,0.0
ITEM_113086,ORD_27894,PROD_572,1,144.07,7.2
ITEM_113087,ORD_27895,PROD_528,3,17.95,0.0
ITEM_113088,ORD_27896,PROD_560,3,88.9,13.34
ITEM_113089,ORD_27897,PROD_557,1,170.75,0.0
ITEM_113090,ORD_27897,PROD_537,2,145.12,0.0
ITEM_113091,ORD_27898,PROD_578,1,165.8,0.0
ITEM_113092,ORD_27898,PROD_556,1,171.31,17.13
ITEM_113093,ORD_27898,PROD_542,1,140.18,7.01
ITEM_113094,ORD_27899,PROD_539,1,250.31,37.55
ITEM_113095,ORD_27900,PROD_554,1,309.23,46.38
ITEM_113096,ORD_27900,PROD_557,2,170.75,0.0
ITEM_113097,ORD_27901,PROD_564,1,77.5,0.0
ITEM_113098,ORD_27901,PROD_562,1,225.46,0.0
ITEM_113099,ORD_27902,PROD_567,1,103.84,0.0
ITEM_113100,ORD_27903,PROD_559,1,149.13,0.0
ITEM_113101,ORD_27904,PROD_567,1,103.84,0.0
ITEM_113102,ORD_27905,PROD_525,1,227.68,0.0
ITEM_113103,ORD_27906,PROD_521,1,141.39,0.0
ITEM_113104,ORD_27906,PROD_580,1,221.1,11.05
ITEM_113105,ORD_27906,PROD_528,1,17.95,0.0
ITEM_113106,ORD_27907,PROD_542,2,140.18,0.0
ITEM_113107,ORD_27908,PROD_529,1,24.28,0.0
ITEM_113108,ORD_27908,PROD_547,2,20.21,0.0
ITEM_113109,ORD_27909,PROD_510,1,220.56,22.06
ITEM_113110,ORD_27910,PROD_543,1,313.64,0.0
ITEM_113111,ORD_27911,PROD_577,1,71.78,3.59
ITEM_113112,ORD_27911,PROD_517,1,232.38,0.0
ITEM_113113,ORD_27912,PROD_544,1,280.84,42.13
ITEM_113114,ORD_27913,PROD_502,1,242.11,0.0
ITEM_113115,ORD_27913,PROD_505,1,64.22,3.21
ITEM_113116,ORD_27913,PROD_526,2,212.22,0.0
ITEM_113117,ORD_27914,PROD_556,2,171.31,0.0
ITEM_113118,ORD_27914,PROD_511,1,295.08,14.75
ITEM_113119,ORD_27915,PROD_579,3,221.42,0.0
ITEM_113120,ORD_27916,PROD_568,2,116.17,0.0
ITEM_113121,ORD_27916,PROD_512,2,151.42,0.0
ITEM_113122,ORD_27917,PROD_552,1,157.7,15.77
ITEM_113123,ORD_27917,PROD_548,1,54.38,5.44
ITEM_113124,ORD_27917,PROD_526,1,212.22,10.61
ITEM_113125,ORD_27918,PROD_572,1,144.07,7.2
ITEM_113126,ORD_27918,PROD_502,1,242.11,0.0
ITEM_113127,ORD_27918,PROD_546,2,209.69,41.94
ITEM_113128,ORD_27919,PROD_509,3,213.9,0.0
ITEM_113129,ORD_27919,PROD_560,1,88.9,0.0
ITEM_113130,ORD_27920,PROD_560,2,88.9,8.89
ITEM_113131,ORD_27920,PROD_519,2,236.9,0.0
ITEM_113132,ORD_27921,PROD_540,2,48.42,0.0
ITEM_113133,ORD_27922,PROD_564,1,77.5,3.88
ITEM_113134,ORD_27923,PROD_511,1,295.08,0.0
ITEM_113135,ORD_27924,PROD_524,1,116.66,0.0
ITEM_113136,ORD_27925,PROD_515,1,189.61,0.0
ITEM_113137,ORD_27925,PROD_573,1,121.95,0.0
ITEM_113138,ORD_27925,PROD_556,1,171.31,0.0
ITEM_113139,ORD_27926,PROD_545,1,246.78,0.0
ITEM_113140,ORD_27926,PROD_578,3,165.8,0.0
ITEM_113141,ORD_27927,PROD_535,1,36.04,0.0
ITEM_113142,ORD_27928,PROD_540,1,48.42,0.0
ITEM_113143,ORD_27929,PROD_523,1,104.47,0.0
ITEM_113144,ORD_27929,PROD_509,1,213.9,21.39
ITEM_113145,ORD_27930,PROD_546,1,209.69,10.48
ITEM_113146,ORD_27930,PROD_565,3,16.38,0.0
ITEM_113147,ORD_27931,PROD_520,3,74.25,0.0
ITEM_113148,ORD_27932,PROD_557,1,170.75,0.0
ITEM_113149,ORD_27932,PROD_574,2,250.97,0.0
ITEM_113150,ORD_27932,PROD_502,1,242.11,0.0
ITEM_113151,ORD_27932,PROD_543,1,313.64,15.68
ITEM_113152,ORD_27933,PROD_501,1,199.67,19.97
ITEM_113153,ORD_27933,PROD_540,1,48.42,4.84
ITEM_113154,ORD_27934,PROD_531,1,242.35,0.0
ITEM_113155,ORD_27934,PROD_577,2,71.78,0.0
ITEM_113156,ORD_27935,PROD_572,1,144.07,0.0
ITEM_113157,ORD_27936,PROD_557,1,170.75,0.0
ITEM_113158,ORD_27936,PROD_501,1,199.67,29.95
ITEM_113159,ORD_27936,PROD_559,1,149.13,14.91
ITEM_113160,ORD_27936,PROD_517,1,232.38,0.0
ITEM_113161,ORD_27937,PROD_543,1,313.64,0.0
ITEM_113162,ORD_27937,PROD_518,1,148.06,0.0
ITEM_113163,ORD_27937,PROD_502,1,242.11,0.0
ITEM_113164,ORD_27937,PROD_565,3,16.38,2.46
ITEM_113165,ORD_27938,PROD_538,1,153.61,0.0
ITEM_113166,ORD_27939,PROD_509,2,213.9,64.17
ITEM_113167,ORD_27939,PROD_512,1,151.42,7.57
ITEM_113168,ORD_27940,PROD_555,2,121.11,0.0
ITEM_113169,ORD_27940,PROD_501,1,199.67,9.98
ITEM_113170,ORD_27941,PROD_544,1,280.84,0.0
ITEM_113171,ORD_27941,PROD_504,1,130.74,0.0
ITEM_113172,ORD_27942,PROD_521,1,141.39,0.0
ITEM_113173,ORD_27942,PROD_533,2,161.57,0.0
ITEM_113174,ORD_27942,PROD_553,1,123.16,6.16
ITEM_113175,ORD_27942,PROD_537,1,145.12,14.51
ITEM_113176,ORD_27943,PROD_519,1,236.9,0.0
ITEM_113177,ORD_27944,PROD_540,1,48.42,2.42
ITEM_113178,ORD_27945,PROD_507,1,16.01,0.0
ITEM_113179,ORD_27945,PROD_554,3,309.23,0.0
ITEM_113180,ORD_27945,PROD_574,1,250.97,0.0
ITEM_113181,ORD_27946,PROD_559,1,149.13,0.0
ITEM_113182,ORD_27947,PROD_538,2,153.61,0.0
ITEM_113183,ORD_27948,PROD_576,1,75.48,0.0
ITEM_113184,ORD_27948,PROD_511,1,295.08,0.0
ITEM_113185,ORD_27949,PROD_531,1,242.35,12.12
ITEM_113186,ORD_27949,PROD_551,1,148.84,7.44
ITEM_113187,ORD_27950,PROD_536,1,242.17,24.22
ITEM_113188,ORD_27951,PROD_518,1,148.06,0.0
ITEM_113189,ORD_27952,PROD_534,1,46.48,0.0
ITEM_113190,ORD_27953,PROD_544,2,280.84,0.0
ITEM_113191,ORD_27953,PROD_505,1,64.22,0.0
ITEM_113192,ORD_27954,PROD_533,1,161.57,16.16
ITEM_113193,ORD_27955,PROD_510,2,220.56,66.17
ITEM_113194,ORD_27956,PROD_540,1,48.42,0.0
ITEM_113195,ORD_27956,PROD_522,1,209.52,0.0
ITEM_113196,ORD_27957,PROD_514,1,255.83,0.0
ITEM_113197,ORD_27958,PROD_515,2,189.61,0.0
ITEM_113198,ORD_27958,PROD_534,3,46.48,0.0
ITEM_113199,ORD_27958,PROD_535,1,36.04,0.0
ITEM_113200,ORD_27959,PROD_503,1,157.89,0.0
ITEM_113201,ORD_27960,PROD_537,1,145.12,7.26
ITEM_113202,ORD_27960,PROD_533,1,161.57,0.0
ITEM_113203,ORD_27960,PROD_501,1,199.67,9.98
ITEM_113204,ORD_27961,PROD_566,1,250.95,0.0
ITEM_113205,ORD_27961,PROD_573,2,121.95,24.39
ITEM_113206,ORD_27961,PROD_503,1,157.89,7.89
ITEM_113207,ORD_27962,PROD_575,1,175.82,17.58
ITEM_113208,ORD_27963,PROD_519,2,236.9,0.0
ITEM_113209,ORD_27963,PROD_559,1,149.13,0.0
ITEM_113210,ORD_27963,PROD_522,1,209.52,0.0
ITEM_113211,ORD_27963,PROD_537,3,145.12,0.0
ITEM_113212,ORD_27964,PROD_506,1,240.11,12.01
ITEM_113213,ORD_27964,PROD_526,1,212.22,0.0
ITEM_113214,ORD_27965,PROD_533,1,161.57,0.0
ITEM_113215,ORD_27966,PROD_560,1,88.9,0.0
ITEM_113216,ORD_27966,PROD_566,3,250.95,112.93
ITEM_113217,ORD_27966,PROD_569,3,274.5,41.18
ITEM_113218,ORD_27967,PROD_514,1,255.83,0.0
ITEM_113219,ORD_27968,PROD_527,1,218.49,0.0
ITEM_113220,ORD_27969,PROD_560,1,88.9,0.0
ITEM_113221,ORD_27969,PROD_550,1,19.6,0.0
ITEM_113222,ORD_27970,PROD_542,1,140.18,0.0
ITEM_113223,ORD_27971,PROD_554,2,309.23,0.0
ITEM_113224,ORD_27971,PROD_573,1,121.95,6.1
ITEM_113225,ORD_27972,PROD_530,1,142.79,0.0
ITEM_113226,ORD_27972,PROD_573,1,121.95,0.0
ITEM_113227,ORD_27972,PROD_503,3,157.89,0.0
ITEM_113228,ORD_27973,PROD_576,2,75.48,0.0
ITEM_113229,ORD_27974,PROD_537,1,145.12,0.0
ITEM_113230,ORD_27975,PROD_514,2,255.83,0.0
ITEM_113231,ORD_27976,PROD_546,1,209.69,0.0
ITEM_113232,ORD_27976,PROD_559,3,149.13,0.0
ITEM_113233,ORD_27977,PROD_518,1,148.06,0.0
ITEM_113234,ORD_27978,PROD_549,1,112.15,5.61
ITEM_113235,ORD_27979,PROD_548,2,54.38,0.0
ITEM_113236,ORD_27980,PROD_504,1,130.74,0.0
ITEM_113237,ORD_27981,PROD_518,1,148.06,0.0
ITEM_113238,ORD_27982,PROD_536,2,242.17,0.0
ITEM_113239,ORD_27982,PROD_501,1,199.67,9.98
ITEM_113240,ORD_27982,PROD_514,1,255.83,0.0
ITEM_113241,ORD_27983,PROD_554,3,309.23,0.0
ITEM_113242,ORD_27983,PROD_538,1,153.61,0.0
ITEM_113243,ORD_27983,PROD_519,2,236.9,23.69
ITEM_113244,ORD_27983,PROD_525,3,227.68,0.0
ITEM_113245,ORD_27984,PROD_535,1,36.04,0.0
ITEM_113246,ORD_27985,PROD_543,1,313.64,0.0
ITEM_113247,ORD_27985,PROD_571,1,211.74,0.0
ITEM_113248,ORD_27985,PROD_510,2,220.56,0.0
ITEM_113249,ORD_27986,PROD_506,1,240.11,0.0
ITEM_113250,ORD_27987,PROD_566,1,250.95,0.0
ITEM_113251,ORD_27988,PROD_577,1,71.78,7.18
ITEM_113252,ORD_27989,PROD_534,1,46.48,0.0
ITEM_113253,ORD_27989,PROD_565,2,16.38,0.0
ITEM_113254,ORD_27990,PROD_516,1,91.12,0.0
ITEM_113255,ORD_27990,PROD_537,1,145.12,0.0
ITEM_113256,ORD_27991,PROD_553,1,123.16,0.0
ITEM_113257,ORD_27991,PROD_507,1,16.01,0.0
ITEM_113258,ORD_27991,PROD_531,1,242.35,0.0
ITEM_113259,ORD_27992,PROD_527,1,218.49,0.0
ITEM_113260,ORD_27993,PROD_536,3,242.17,0.0
ITEM_113261,ORD_27994,PROD_509,1,213.9,21.39
ITEM_113262,ORD_27994,PROD_524,1,116.66,0.0
ITEM_113263,ORD_27994,PROD_534,1,46.48,0.0
ITEM_113264,ORD_27994,PROD_561,1,375.16,0.0
ITEM_113265,ORD_27995,PROD_517,2,232.38,0.0
ITEM_113266,ORD_27995,PROD_580,1,221.1,11.05
ITEM_113267,ORD_27996,PROD_562,1,225.46,0.0
ITEM_113268,ORD_27997,PROD_506,1,240.11,0.0
ITEM_113269,ORD_27997,PROD_557,2,170.75,17.07
ITEM_113270,ORD_27998,PROD_541,1,137.54,0.0
ITEM_113271,ORD_27999,PROD_503,2,157.89,0.0
ITEM_113272,ORD_27999,PROD_547,1,20.21,0.0
ITEM_113273,ORD_27999,PROD_557,1,170.75,0.0
ITEM_113274,ORD_28000,PROD_531,1,242.35,0.0
ITEM_113275,ORD_28000,PROD_559,1,149.13,0.0
