order_id,customer_id,order_timestamp,order_status,payment_method,shipping_cost
ORD_20001,CUST_2186,2024-06-01 17:00:00,Completed,Credit Card,0.0
ORD_20002,CUST_1713,2024-02-21 18:00:00,Cancelled,QRIS,0.0
ORD_20003,CUST_1158,2023-08-27 19:00:00,Completed,QRIS,3.54
ORD_20004,CUST_1893,2024-02-23 03:00:00,Shipped,Credit Card,0.0
ORD_20005,CUST_1140,2024-10-15 11:00:00,Completed,QRIS,0.0
ORD_20006,CUST_1658,2023-08-31 14:00:00,Completed,Credit Card,4.07
ORD_20007,CUST_1503,2024-07-10 01:00:00,Completed,E-Wallet (GoPay/OVO),7.31
ORD_20008,CUST_1556,2024-06-25 05:00:00,Delivered,E-Wallet (GoPay/OVO),3.91
ORD_20009,CUST_1509,2024-03-03 15:00:00,Completed,E-Wallet (GoPay/OVO),0.0
ORD_20010,CUST_2028,2024-02-22 23:00:00,Completed,BNPL,0.0
ORD_20011,CUST_1992,2024-06-27 12:00:00,Completed,QRIS,0.0
ORD_20012,CUST_1152,2023-12-12 02:00:00,Completed,Virtual Account Bank Transfer,0.0
ORD_20013,CUST_2080,2023-09-16 07:00:00,Completed,Credit Card,2.58
ORD_20014,CUST_1355,2024-01-17 01:00:00,Completed,Virtual Account Bank Transfer,4.64
ORD_20015,CUST_1474,2023-03-14 10:00:00,Shipped,E-Wallet (GoPay/OVO),0.0
ORD_20016,CUST_1396,2023-10-07 19:00:00,Delivered,Credit Card,0.0
ORD_20017,CUST_1693,2023-06-05 12:00:00,Delivered,BNPL,0.0
ORD_20018,CUST_1259,2023-02-16 10:00:00,Shipped,E-Wallet (GoPay/OVO),0.0
ORD_20019,CUST_2140,2024-02-21 07:00:00,Completed,Credit Card,4.43
ORD_20020,CUST_1447,2023-05-13 01:00:00,Completed,Credit Card,3.37
ORD_20021,CUST_1395,2023-09-29 22:00:00,Completed,QRIS,7.75
ORD_20022,CUST_1369,2023-11-18 04:00:00,Shipped,E-Wallet (GoPay/OVO),0.0
ORD_20023,CUST_1133,2023-03-19 05:00:00,Completed,E-Wallet (GoPay/OVO),5.74
ORD_20024,CUST_1682,2024-01-03 11:00:00,Shipped,Virtual Account Bank Transfer,0.0
ORD_20025,CUST_1514,2023-09-14 08:00:00,Completed,BNPL,5.33
ORD_20026,CUST_1660,2023-06-18 12:00:00,Completed,E-Wallet (GoPay/OVO),0.0
ORD_20027,CUST_1565,2023-08-04 04:00:00,Cancelled,E-Wallet (GoPay/OVO),7.93
ORD_20028,CUST_1560,2023-05-08 08:00:00,Cancelled,QRIS,3.61
ORD_20029,CUST_1894,2024-05-11 19:00:00,Completed,Credit Card,2.99
ORD_20030,CUST_1021,2023-04-05 05:00:00,Returned,Virtual Account Bank Transfer,0.0
ORD_20031,CUST_2135,2024-02-17 00:00:00,Completed,Credit Card,4.16
ORD_20032,CUST_1281,2024-01-11 19:00:00,Completed,E-Wallet (GoPay/OVO),0.0
ORD_20033,CUST_1126,2024-04-10 09:00:00,Completed,BNPL,5.55
ORD_20034,CUST_1010,2024-02-18 03:00:00,Completed,Credit Card,0.0
ORD_20035,CUST_1387,2023-10-11 13:00:00,Shipped,QRIS,7.05
ORD_20036,CUST_2050,2023-08-12 14:00:00,Completed,BNPL,0.0
ORD_20037,CUST_1259,2023-07-22 12:00:00,Completed,Virtual Account Bank Transfer,3.0
ORD_20038,CUST_2114,2023-02-25 05:00:00,Shipped,BNPL,4.08
ORD_20039,CUST_1832,2023-05-22 07:00:00,Delivered,QRIS,7.44
ORD_20040,CUST_1264,2024-05-13 17:00:00,Completed,E-Wallet (GoPay/OVO),3.09
ORD_20041,CUST_1502,2023-08-22 19:00:00,Completed,Credit Card,8.66
ORD_20042,CUST_2117,2023-11-05 15:00:00,Completed,Credit Card,4.62
ORD_20043,CUST_1511,2024-05-25 12:00:00,Completed,QRIS,6.57
ORD_20044,CUST_1840,2024-02-06 04:00:00,Delivered,E-Wallet (GoPay/OVO),4.34
ORD_20045,CUST_1834,2023-09-25 20:00:00,Completed,E-Wallet (GoPay/OVO),0.0
ORD_20046,CUST_1948,2023-05-13 02:00:00,Completed,BNPL,0.0
ORD_20047,CUST_1826,2024-04-13 22:00:00,Shipped,QRIS,5.73
ORD_20048,CUST_1577,2024-03-11 00:00:00,Completed,Virtual Account Bank Transfer,3.86
ORD_20049,CUST_1046,2023-10-21 23:00:00,Completed,Credit Card,8.45
ORD_20050,CUST_1536,2024-03-13 02:00:00,Returned,Virtual Account Bank Transfer,0.0
ORD_20051,CUST_1243,2023-06-03 15:00:00,Completed,Credit Card,0.0
ORD_20052,CUST_1115,2024-03-17 04:00:00,Completed,Credit Card,4.4
ORD_20053,CUST_2002,2023-05-17 06:00:00,Completed,E-Wallet (GoPay/OVO),4.23
ORD_20054,CUST_1161,2023-12-01 14:00:00,Completed,QRIS,3.95
ORD_20055,CUST_1498,2023-05-08 12:00:00,Completed,QRIS,0.0
ORD_20056,CUST_1439,2023-07-12 18:00:00,Shipped,Virtual Account Bank Transfer,0.0
ORD_20057,CUST_2133,2023-04-26 20:00:00,Completed,QRIS,0.0
ORD_20058,CUST_1181,2023-07-19 15:00:00,Completed,QRIS,6.9
ORD_20059,CUST_1039,2023-05-13 20:00:00,Completed,Credit Card,3.41
ORD_20060,CUST_1101,2023-09-14 15:00:00,Completed,E-Wallet (GoPay/OVO),8.91
ORD_20061,CUST_1495,2024-03-31 01:00:00,Completed,QRIS,8.42
ORD_20062,CUST_1140,2024-03-23 13:00:00,Completed,Credit Card,0.0
ORD_20063,CUST_1506,2024-06-19 09:00:00,Cancelled,Credit Card,4.06
ORD_20064,CUST_1929,2023-11-28 17:00:00,Completed,Credit Card,6.62
ORD_20065,CUST_2167,2023-05-07 09:00:00,Completed,E-Wallet (GoPay/OVO),0.0
ORD_20066,CUST_1754,2023-03-31 11:00:00,Delivered,E-Wallet (GoPay/OVO),8.87
ORD_20067,CUST_1062,2024-02-07 05:00:00,Completed,E-Wallet (GoPay/OVO),4.25
ORD_20068,CUST_1112,2025-05-22 05:00:00,Completed,QRIS,6.91
ORD_20069,CUST_1520,2024-06-10 11:00:00,Completed,E-Wallet (GoPay/OVO),4.74
ORD_20070,CUST_2056,2023-05-09 02:00:00,Completed,Virtual Account Bank Transfer,0.0
ORD_20071,CUST_1474,2023-03-04 08:00:00,Completed,Credit Card,6.59
ORD_20072,CUST_2165,2023-11-15 02:00:00,Shipped,BNPL,0.0
ORD_20073,CUST_1809,2024-03-14 11:00:00,Shipped,BNPL,0.0
ORD_20074,CUST_1058,2023-11-03 09:00:00,Shipped,Credit Card,0.0
ORD_20075,CUST_2186,2024-07-21 06:00:00,Completed,Virtual Account Bank Transfer,4.45
ORD_20076,CUST_1026,2023-04-13 23:00:00,Completed,E-Wallet (GoPay/OVO),6.37
ORD_20077,CUST_1716,2024-03-09 01:00:00,Completed,QRIS,3.5
ORD_20078,CUST_1616,2023-07-19 11:00:00,Delivered,E-Wallet (GoPay/OVO),0.0
ORD_20079,CUST_1491,2023-10-10 07:00:00,Delivered,Credit Card,3.75
ORD_20080,CUST_1773,2023-09-18 07:00:00,Completed,Virtual Account Bank Transfer,6.61
ORD_20081,CUST_1702,2024-06-03 17:00:00,Completed,Virtual Account Bank Transfer,7.17
ORD_20082,CUST_1229,2024-08-31 14:00:00,Returned,QRIS,0.0
ORD_20083,CUST_2096,2023-12-15 20:00:00,Shipped,BNPL,4.18
ORD_20084,CUST_1673,2023-09-24 00:00:00,Completed,E-Wallet (GoPay/OVO),0.0
ORD_20085,CUST_2168,2024-04-29 00:00:00,Completed,Credit Card,6.18
ORD_20086,CUST_1646,2024-08-23 05:00:00,Completed,QRIS,7.18
ORD_20087,CUST_1842,2023-07-26 05:00:00,Shipped,QRIS,5.66
ORD_20088,CUST_2123,2023-08-19 18:00:00,Completed,E-Wallet (GoPay/OVO),0.0
ORD_20089,CUST_1601,2023-04-13 08:00:00,Completed,Credit Card,0.0
ORD_20090,CUST_1079,2024-05-23 12:00:00,Cancelled,Virtual Account Bank Transfer,3.31
ORD_20091,CUST_2023,2023-01-14 05:00:00,Completed,E-Wallet (GoPay/OVO),7.15
ORD_20092,CUST_1615,2023-05-12 11:00:00,Completed,QRIS,0.0
ORD_20093,CUST_1965,2024-09-02 17:00:00,Completed,Virtual Account Bank Transfer,2.66
ORD_20094,CUST_1356,2025-02-09 13:00:00,Delivered,E-Wallet (GoPay/OVO),2.77
ORD_20095,CUST_1299,2023-05-13 16:00:00,Cancelled,E-Wallet (GoPay/OVO),0.0
ORD_20096,CUST_1834,2023-09-26 18:00:00,Completed,Credit Card,6.73
ORD_20097,CUST_1833,2023-07-06 21:00:00,Completed,BNPL,0.0
ORD_20098,CUST_1761,2024-01-09 09:00:00,Completed,QRIS,2.74
ORD_20099,CUST_2041,2024-09-10 07:00:00,Completed,QRIS,0.0
ORD_20100,CUST_1962,2023-06-11 21:00:00,Cancelled,BNPL,0.0
ORD_20101,CUST_1267,2024-04-23 16:00:00,Completed,BNPL,4.28
ORD_20102,CUST_1115,2024-05-28 10:00:00,Completed,Credit Card,0.0
ORD_20103,CUST_1539,2024-05-01 06:00:00,Completed,QRIS,0.0
ORD_20104,CUST_1941,2024-09-16 19:00:00,Completed,E-Wallet (GoPay/OVO),0.0
ORD_20105,CUST_1928,2023-05-25 08:00:00,Completed,BNPL,3.62
ORD_20106,CUST_1915,2023-05-12 18:00:00,Completed,BNPL,6.3
ORD_20107,CUST_1697,2023-08-10 02:00:00,Completed,Credit Card,3.84
ORD_20108,CUST_1200,2023-10-04 19:00:00,Completed,QRIS,0.0
ORD_20109,CUST_1717,2023-09-03 06:00:00,Cancelled,QRIS,7.47
ORD_20110,CUST_1649,2023-11-13 22:00:00,Completed,E-Wallet (GoPay/OVO),4.81
ORD_20111,CUST_1804,2023-03-24 04:00:00,Completed,Credit Card,8.18
ORD_20112,CUST_1146,2024-04-17 04:00:00,Completed,E-Wallet (GoPay/OVO),3.55
ORD_20113,CUST_1757,2023-05-24 16:00:00,Completed,Credit Card,0.0
ORD_20114,CUST_2003,2023-10-15 13:00:00,Completed,BNPL,7.68
ORD_20115,CUST_1466,2023-04-01 13:00:00,Completed,BNPL,6.32
ORD_20116,CUST_1017,2024-07-22 05:00:00,Shipped,QRIS,4.67
ORD_20117,CUST_1842,2023-08-12 20:00:00,Completed,Credit Card,3.61
ORD_20118,CUST_1592,2024-08-07 02:00:00,Completed,Credit Card,4.82
ORD_20119,CUST_1021,2023-12-17 03:00:00,Completed,Virtual Account Bank Transfer,0.0
ORD_20120,CUST_1404,2024-01-13 08:00:00,Completed,Virtual Account Bank Transfer,0.0
ORD_20121,CUST_1103,2024-03-05 00:00:00,Cancelled,BNPL,6.29
ORD_20122,CUST_2050,2023-12-09 21:00:00,Completed,Virtual Account Bank Transfer,5.29
ORD_20123,CUST_1991,2023-08-25 16:00:00,Completed,E-Wallet (GoPay/OVO),0.0
ORD_20124,CUST_1496,2023-01-27 21:00:00,Shipped,QRIS,0.0
ORD_20125,CUST_1338,2023-07-24 04:00:00,Completed,QRIS,8.93
ORD_20126,CUST_1086,2024-02-25 20:00:00,Completed,Virtual Account Bank Transfer,0.0
ORD_20127,CUST_1433,2024-05-29 03:00:00,Shipped,Virtual Account Bank Transfer,0.0
ORD_20128,CUST_1677,2023-06-17 17:00:00,Completed,QRIS,0.0
ORD_20129,CUST_1271,2023-10-09 21:00:00,Cancelled,Virtual Account Bank Transfer,7.71
ORD_20130,CUST_1924,2023-10-30 07:00:00,Delivered,E-Wallet (GoPay/OVO),3.59
ORD_20131,CUST_1118,2023-08-26 08:00:00,Cancelled,BNPL,6.01
ORD_20132,CUST_1935,2023-10-20 10:00:00,Completed,Virtual Account Bank Transfer,7.2
ORD_20133,CUST_1560,2023-10-07 19:00:00,Completed,BNPL,0.0
ORD_20134,CUST_2093,2024-04-15 13:00:00,Completed,Virtual Account Bank Transfer,0.0
ORD_20135,CUST_1101,2023-11-29 17:00:00,Completed,Virtual Account Bank Transfer,2.85
ORD_20136,CUST_2119,2023-08-20 21:00:00,Completed,E-Wallet (GoPay/OVO),6.22
ORD_20137,CUST_1770,2023-08-21 16:00:00,Completed,QRIS,0.0
ORD_20138,CUST_2182,2024-05-01 13:00:00,Completed,Virtual Account Bank Transfer,0.0
ORD_20139,CUST_1850,2023-09-11 23:00:00,Completed,Virtual Account Bank Transfer,8.59
ORD_20140,CUST_1758,2024-05-26 17:00:00,Delivered,QRIS,0.0
ORD_20141,CUST_2000,2023-09-12 22:00:00,Delivered,QRIS,4.21
ORD_20142,CUST_1605,2024-09-29 17:00:00,Completed,BNPL,6.93
ORD_20143,CUST_1309,2023-07-12 03:00:00,Shipped,E-Wallet (GoPay/OVO),3.5
ORD_20144,CUST_1738,2024-03-05 07:00:00,Completed,QRIS,0.0
ORD_20145,CUST_1053,2024-04-25 03:00:00,Completed,Credit Card,0.0
ORD_20146,CUST_2031,2024-05-14 04:00:00,Completed,E-Wallet (GoPay/OVO),0.0
ORD_20147,CUST_1250,2024-10-05 15:00:00,Completed,BNPL,5.04
ORD_20148,CUST_1455,2024-05-08 09:00:00,Shipped,Credit Card,5.2
ORD_20149,CUST_1816,2024-01-17 19:00:00,Completed,Virtual Account Bank Transfer,8.3
ORD_20150,CUST_2098,2024-02-13 18:00:00,Completed,Credit Card,6.88
ORD_20151,CUST_1752,2023-11-24 21:00:00,Completed,E-Wallet (GoPay/OVO),7.98
ORD_20152,CUST_1716,2025-01-14 10:00:00,Completed,E-Wallet (GoPay/OVO),8.62
ORD_20153,CUST_1713,2024-05-04 00:00:00,Shipped,QRIS,7.54
ORD_20154,CUST_1623,2024-07-03 07:00:00,Shipped,QRIS,2.91
ORD_20155,CUST_1289,2023-11-29 04:00:00,Completed,Credit Card,3.05
ORD_20156,CUST_1376,2024-06-30 17:00:00,Cancelled,QRIS,0.0
ORD_20157,CUST_1764,2023-12-11 13:00:00,Shipped,Virtual Account Bank Transfer,0.0
ORD_20158,CUST_2032,2023-02-15 02:00:00,Shipped,BNPL,0.0
ORD_20159,CUST_1348,2024-04-02 14:00:00,Shipped,QRIS,0.0
ORD_20160,CUST_1976,2023-04-30 00:00:00,Cancelled,BNPL,6.25
ORD_20161,CUST_1778,2023-06-14 18:00:00,Completed,E-Wallet (GoPay/OVO),4.84
ORD_20162,CUST_1969,2024-02-03 02:00:00,Completed,Credit Card,4.04
ORD_20163,CUST_2035,2023-10-23 03:00:00,Completed,Credit Card,0.0
ORD_20164,CUST_1056,2023-11-17 11:00:00,Completed,Virtual Account Bank Transfer,6.73
ORD_20165,CUST_1855,2024-01-14 15:00:00,Delivered,E-Wallet (GoPay/OVO),7.04
ORD_20166,CUST_2117,2025-08-23 06:00:00,Completed,E-Wallet (GoPay/OVO),0.0
ORD_20167,CUST_1574,2024-12-26 07:00:00,Cancelled,QRIS,4.52
ORD_20168,CUST_1345,2024-05-24 16:00:00,Completed,QRIS,4.17
ORD_20169,CUST_1223,2024-06-01 00:00:00,Shipped,Virtual Account Bank Transfer,4.7
ORD_20170,CUST_1665,2023-09-25 20:00:00,Completed,BNPL,2.85
ORD_20171,CUST_1668,2023-07-15 18:00:00,Completed,Virtual Account Bank Transfer,6.59
ORD_20172,CUST_1062,2024-05-22 04:00:00,Shipped,QRIS,6.72
ORD_20173,CUST_1603,2024-01-20 16:00:00,Returned,Virtual Account Bank Transfer,0.0
ORD_20174,CUST_1752,2024-01-04 09:00:00,Completed,E-Wallet (GoPay/OVO),7.68
ORD_20175,CUST_1020,2023-11-27 15:00:00,Delivered,BNPL,0.0
ORD_20176,CUST_1861,2024-07-12 11:00:00,Completed,Credit Card,0.0
ORD_20177,CUST_1688,2023-03-23 06:00:00,Shipped,Virtual Account Bank Transfer,8.92
ORD_20178,CUST_1116,2023-01-13 05:00:00,Completed,BNPL,0.0
ORD_20179,CUST_1210,2023-11-03 19:00:00,Shipped,QRIS,8.23
ORD_20180,CUST_1604,2023-05-19 19:00:00,Completed,Virtual Account Bank Transfer,0.0
ORD_20181,CUST_1221,2023-07-03 13:00:00,Completed,QRIS,0.0
ORD_20182,CUST_1691,2023-10-19 04:00:00,Completed,Virtual Account Bank Transfer,5.65
ORD_20183,CUST_2078,2024-03-17 17:00:00,Returned,Credit Card,4.58
ORD_20184,CUST_1701,2024-02-27 05:00:00,Completed,Credit Card,6.99
ORD_20185,CUST_1827,2023-03-08 19:00:00,Completed,Virtual Account Bank Transfer,4.82
ORD_20186,CUST_1177,2024-08-30 22:00:00,Completed,Credit Card,7.68
ORD_20187,CUST_1702,2024-06-30 03:00:00,Completed,QRIS,0.0
ORD_20188,CUST_1552,2023-08-23 17:00:00,Completed,E-Wallet (GoPay/OVO),8.81
ORD_20189,CUST_1692,2024-02-04 06:00:00,Completed,BNPL,0.0
ORD_20190,CUST_2162,2024-07-24 22:00:00,Completed,Credit Card,3.35
ORD_20191,CUST_1639,2023-10-18 06:00:00,Completed,QRIS,2.56
ORD_20192,CUST_1035,2024-01-03 03:00:00,Completed,Virtual Account Bank Transfer,0.0
ORD_20193,CUST_1229,2024-05-09 15:00:00,Delivered,Virtual Account Bank Transfer,0.0
ORD_20194,CUST_1989,2023-02-18 12:00:00,Shipped,Credit Card,0.0
ORD_20195,CUST_1075,2023-08-04 03:00:00,Completed,BNPL,3.71
ORD_20196,CUST_1805,2025-09-22 11:00:00,Shipped,BNPL,0.0
ORD_20197,CUST_1229,2024-07-16 10:00:00,Cancelled,Credit Card,0.0
ORD_20198,CUST_1615,2023-10-09 10:00:00,Delivered,E-Wallet (GoPay/OVO),6.45
ORD_20199,CUST_1165,2023-06-23 06:00:00,Returned,E-Wallet (GoPay/OVO),6.87
ORD_20200,CUST_2034,2023-09-29 00:00:00,Completed,Virtual Account Bank Transfer,4.41
ORD_20201,CUST_1466,2023-02-02 16:00:00,Completed,BNPL,8.71
ORD_20202,CUST_1657,2023-10-22 01:00:00,Completed,QRIS,0.0
ORD_20203,CUST_2030,2024-02-12 12:00:00,Completed,E-Wallet (GoPay/OVO),0.0
ORD_20204,CUST_1468,2024-05-07 23:00:00,Delivered,QRIS,0.0
ORD_20205,CUST_1413,2023-06-07 23:00:00,Completed,QRIS,8.43
ORD_20206,CUST_1558,2023-11-21 12:00:00,Completed,Virtual Account Bank Transfer,0.0
ORD_20207,CUST_1377,2024-05-12 23:00:00,Completed,Virtual Account Bank Transfer,5.64
ORD_20208,CUST_1703,2023-08-03 11:00:00,Cancelled,Credit Card,5.97
ORD_20209,CUST_1448,2023-06-17 01:00:00,Completed,QRIS,0.0
ORD_20210,CUST_1216,2023-12-12 22:00:00,Delivered,Credit Card,4.11
ORD_20211,CUST_1390,2023-09-21 08:00:00,Completed,E-Wallet (GoPay/OVO),0.0
ORD_20212,CUST_1051,2023-11-17 05:00:00,Completed,QRIS,6.02
ORD_20213,CUST_1302,2023-06-08 11:00:00,Completed,E-Wallet (GoPay/OVO),0.0
ORD_20214,CUST_1551,2023-09-09 03:00:00,Completed,E-Wallet (GoPay/OVO),5.91
ORD_20215,CUST_1184,2023-03-16 22:00:00,Completed,Virtual Account Bank Transfer,6.9
ORD_20216,CUST_1811,2024-06-04 02:00:00,Completed,QRIS,4.21
ORD_20217,CUST_2162,2024-04-23 17:00:00,Completed,E-Wallet (GoPay/OVO),0.0
ORD_20218,CUST_1600,2024-03-23 19:00:00,Completed,E-Wallet (GoPay/OVO),0.0
ORD_20219,CUST_1133,2023-04-16 01:00:00,Completed,BNPL,5.02
ORD_20220,CUST_1471,2023-08-16 03:00:00,Completed,Credit Card,3.49
ORD_20221,CUST_1024,2023-07-20 22:00:00,Delivered,E-Wallet (GoPay/OVO),4.15
ORD_20222,CUST_1706,2023-05-30 13:00:00,Delivered,BNPL,2.61
ORD_20223,CUST_2189,2024-03-23 21:00:00,Completed,Virtual Account Bank Transfer,0.0
ORD_20224,CUST_1387,2023-08-20 09:00:00,Completed,E-Wallet (GoPay/OVO),7.72
ORD_20225,CUST_1026,2023-04-20 23:00:00,Completed,Credit Card,0.0
ORD_20226,CUST_1670,2023-03-01 06:00:00,Completed,E-Wallet (GoPay/OVO),0.0
ORD_20227,CUST_1110,2023-12-10 08:00:00,Completed,QRIS,0.0
ORD_20228,CUST_1168,2024-01-06 08:00:00,Completed,Virtual Account Bank Transfer,7.85
ORD_20229,CUST_2191,2024-04-23 18:00:00,Completed,BNPL,0.0
ORD_20230,CUST_1784,2024-09-14 04:00:00,Delivered,E-Wallet (GoPay/OVO),2.73
ORD_20231,CUST_1214,2024-04-09 00:00:00,Delivered,Virtual Account Bank Transfer,2.53
ORD_20232,CUST_1505,2023-05-03 23:00:00,Completed,E-Wallet (GoPay/OVO),8.63
ORD_20233,CUST_1765,2023-10-20 01:00:00,Completed,Virtual Account Bank Transfer,7.63
ORD_20234,CUST_2017,2024-03-13 09:00:00,Returned,Virtual Account Bank Transfer,2.98
ORD_20235,CUST_1441,2023-10-29 21:00:00,Completed,QRIS,3.63
ORD_20236,CUST_1987,2023-06-19 22:00:00,Delivered,Credit Card,2.91
ORD_20237,CUST_1700,2023-07-24 01:00:00,Shipped,QRIS,8.84
ORD_20238,CUST_1757,2023-11-21 03:00:00,Completed,QRIS,6.63
ORD_20239,CUST_1976,2023-08-21 05:00:00,Shipped,E-Wallet (GoPay/OVO),8.93
ORD_20240,CUST_1769,2024-01-06 00:00:00,Completed,QRIS,0.0
ORD_20241,CUST_2162,2024-08-18 01:00:00,Shipped,BNPL,6.08
ORD_20242,CUST_2089,2023-02-13 04:00:00,Completed,BNPL,0.0
ORD_20243,CUST_1619,2024-03-06 01:00:00,Completed,E-Wallet (GoPay/OVO),0.0
ORD_20244,CUST_1992,2024-05-05 16:00:00,Shipped,Virtual Account Bank Transfer,4.67
ORD_20245,CUST_1709,2024-01-20 16:00:00,Completed,Credit Card,5.81
ORD_20246,CUST_2156,2024-06-11 02:00:00,Completed,Virtual Account Bank Transfer,5.88
ORD_20247,CUST_1862,2023-05-09 17:00:00,Shipped,E-Wallet (GoPay/OVO),0.0
ORD_20248,CUST_1912,2024-07-22 20:00:00,Completed,QRIS,5.02
ORD_20249,CUST_1520,2024-12-11 04:00:00,Completed,Virtual Account Bank Transfer,0.0
ORD_20250,CUST_2163,2023-05-18 19:00:00,Completed,E-Wallet (GoPay/OVO),7.17
ORD_20251,CUST_2178,2023-03-26 13:00:00,Completed,BNPL,5.42
ORD_20252,CUST_1708,2024-02-17 15:00:00,Completed,BNPL,6.42
ORD_20253,CUST_2177,2024-04-02 06:00:00,Completed,E-Wallet (GoPay/OVO),8.73
ORD_20254,CUST_1681,2024-05-05 14:00:00,Completed,Credit Card,0.0
ORD_20255,CUST_1668,2023-04-28 08:00:00,Completed,Virtual Account Bank Transfer,4.71
ORD_20256,CUST_1297,2023-12-13 05:00:00,Completed,Credit Card,4.23
ORD_20257,CUST_1330,2024-02-08 02:00:00,Delivered,QRIS,0.0
ORD_20258,CUST_1913,2023-01-17 01:00:00,Completed,QRIS,5.6
ORD_20259,CUST_1239,2024-01-11 16:00:00,Delivered,E-Wallet (GoPay/OVO),2.52
ORD_20260,CUST_1253,2023-11-09 07:00:00,Completed,Credit Card,0.0
ORD_20261,CUST_1228,2024-01-30 18:00:00,Completed,Virtual Account Bank Transfer,2.95
ORD_20262,CUST_1291,2023-06-22 13:00:00,Completed,Virtual Account Bank Transfer,0.0
ORD_20263,CUST_1684,2024-04-13 14:00:00,Shipped,QRIS,3.62
ORD_20264,CUST_1852,2024-09-04 10:00:00,Completed,BNPL,6.72
ORD_20265,CUST_1816,2024-03-30 05:00:00,Completed,Virtual Account Bank Transfer,3.53
ORD_20266,CUST_1881,2023-07-15 20:00:00,Completed,Credit Card,4.49
ORD_20267,CUST_1142,2024-05-17 19:00:00,Completed,BNPL,0.0
ORD_20268,CUST_1958,2024-10-07 15:00:00,Shipped,Virtual Account Bank Transfer,0.0
ORD_20269,CUST_1264,2023-12-06 11:00:00,Delivered,Credit Card,5.19
ORD_20270,CUST_1063,2023-08-06 16:00:00,Completed,Virtual Account Bank Transfer,0.0
ORD_20271,CUST_1850,2023-10-04 22:00:00,Delivered,QRIS,0.0
ORD_20272,CUST_1746,2024-02-27 05:00:00,Completed,BNPL,4.4
ORD_20273,CUST_1735,2023-06-29 19:00:00,Shipped,E-Wallet (GoPay/OVO),0.0
ORD_20274,CUST_1662,2023-11-20 07:00:00,Completed,Credit Card,0.0
ORD_20275,CUST_2157,2023-04-04 07:00:00,Completed,QRIS,0.0
ORD_20276,CUST_1705,2024-01-30 05:00:00,Completed,E-Wallet (GoPay/OVO),5.13
ORD_20277,CUST_1579,2024-03-26 06:00:00,Completed,Virtual Account Bank Transfer,0.0
ORD_20278,CUST_1971,2023-07-25 06:00:00,Completed,Virtual Account Bank Transfer,0.0
ORD_20279,CUST_1111,2023-05-14 11:00:00,Completed,Credit Card,0.0
ORD_20280,CUST_1122,2023-11-01 01:00:00,Completed,Credit Card,0.0
ORD_20281,CUST_1013,2024-04-28 18:00:00,Delivered,QRIS,0.0
ORD_20282,CUST_2075,2024-03-01 07:00:00,Completed,QRIS,0.0
ORD_20283,CUST_1196,2024-01-22 03:00:00,Completed,Credit Card,4.19
ORD_20284,CUST_1364,2024-03-25 17:00:00,Returned,QRIS,0.0
ORD_20285,CUST_1537,2023-11-10 10:00:00,Completed,Credit Card,0.0
ORD_20286,CUST_1628,2024-03-23 13:00:00,Completed,BNPL,8.21
ORD_20287,CUST_1617,2024-02-29 22:00:00,Completed,E-Wallet (GoPay/OVO),8.27
ORD_20288,CUST_1014,2024-06-02 15:00:00,Completed,BNPL,0.0
ORD_20289,CUST_2176,2023-10-08 14:00:00,Completed,Virtual Account Bank Transfer,3.51
ORD_20290,CUST_1497,2023-09-18 22:00:00,Completed,E-Wallet (GoPay/OVO),0.0
ORD_20291,CUST_1093,2023-07-20 00:00:00,Completed,QRIS,4.68
ORD_20292,CUST_1719,2024-05-07 01:00:00,Completed,Virtual Account Bank Transfer,0.0
ORD_20293,CUST_1187,2024-02-09 09:00:00,Completed,QRIS,0.0
ORD_20294,CUST_2052,2023-03-20 11:00:00,Completed,BNPL,0.0
ORD_20295,CUST_1743,2024-02-07 07:00:00,Completed,QRIS,8.98
ORD_20296,CUST_2055,2023-06-30 08:00:00,Completed,BNPL,5.2
ORD_20297,CUST_1631,2023-12-31 10:00:00,Completed,QRIS,8.4
ORD_20298,CUST_1393,2023-12-02 22:00:00,Delivered,QRIS,0.0
ORD_20299,CUST_1442,2024-03-31 00:00:00,Completed,E-Wallet (GoPay/OVO),0.0
ORD_20300,CUST_1875,2023-07-10 17:00:00,Completed,E-Wallet (GoPay/OVO),3.55
ORD_20301,CUST_1747,2024-02-27 08:00:00,Returned,Virtual Account Bank Transfer,7.53
ORD_20302,CUST_1789,2024-08-07 19:00:00,Completed,BNPL,6.57
ORD_20303,CUST_1981,2024-06-17 19:00:00,Completed,BNPL,0.0
ORD_20304,CUST_1118,2023-12-12 14:00:00,Shipped,QRIS,5.5
ORD_20305,CUST_1585,2024-03-05 01:00:00,Completed,Virtual Account Bank Transfer,5.75
ORD_20306,CUST_2097,2024-07-25 20:00:00,Delivered,BNPL,4.21
ORD_20307,CUST_1013,2024-09-21 18:00:00,Completed,E-Wallet (GoPay/OVO),3.13
ORD_20308,CUST_2180,2024-04-14 17:00:00,Completed,QRIS,4.02
ORD_20309,CUST_2005,2023-08-10 03:00:00,Completed,Credit Card,6.35
ORD_20310,CUST_2113,2023-07-07 07:00:00,Completed,BNPL,5.78
ORD_20311,CUST_1871,2024-08-21 03:00:00,Completed,E-Wallet (GoPay/OVO),8.56
ORD_20312,CUST_1568,2023-05-21 06:00:00,Completed,Credit Card,0.0
ORD_20313,CUST_1798,2024-05-25 06:00:00,Shipped,E-Wallet (GoPay/OVO),8.63
ORD_20314,CUST_2047,2023-06-10 07:00:00,Delivered,BNPL,3.17
ORD_20315,CUST_1825,2024-01-31 06:00:00,Delivered,Virtual Account Bank Transfer,4.09
ORD_20316,CUST_1365,2024-04-05 23:00:00,Delivered,E-Wallet (GoPay/OVO),6.2
ORD_20317,CUST_1208,2024-02-28 06:00:00,Completed,QRIS,4.7
ORD_20318,CUST_1899,2024-05-29 13:00:00,Completed,QRIS,7.83
ORD_20319,CUST_1626,2024-05-13 04:00:00,Completed,E-Wallet (GoPay/OVO),8.11
ORD_20320,CUST_2089,2023-07-03 00:00:00,Shipped,Virtual Account Bank Transfer,6.58
ORD_20321,CUST_1623,2025-01-15 20:00:00,Completed,Credit Card,0.0
ORD_20322,CUST_1630,2023-05-01 21:00:00,Shipped,Virtual Account Bank Transfer,0.0
ORD_20323,CUST_1882,2023-10-17 14:00:00,Delivered,E-Wallet (GoPay/OVO),0.0
ORD_20324,CUST_2088,2024-04-18 15:00:00,Completed,BNPL,5.31
ORD_20325,CUST_1257,2024-10-20 00:00:00,Completed,Virtual Account Bank Transfer,0.0
ORD_20326,CUST_1988,2023-10-29 08:00:00,Completed,Credit Card,4.34
ORD_20327,CUST_1268,2024-03-13 05:00:00,Completed,E-Wallet (GoPay/OVO),3.54
ORD_20328,CUST_1049,2023-07-13 10:00:00,Completed,QRIS,3.34
ORD_20329,CUST_1420,2023-05-23 16:00:00,Completed,Credit Card,7.91
ORD_20330,CUST_1964,2024-01-24 04:00:00,Cancelled,QRIS,4.47
ORD_20331,CUST_1230,2023-10-27 21:00:00,Completed,Credit Card,0.0
ORD_20332,CUST_1601,2023-03-03 14:00:00,Completed,E-Wallet (GoPay/OVO),0.0
ORD_20333,CUST_1061,2023-10-21 11:00:00,Completed,Credit Card,0.0
ORD_20334,CUST_1237,2023-09-30 13:00:00,Returned,QRIS,8.49
ORD_20335,CUST_1473,2024-07-13 15:00:00,Completed,Credit Card,4.77
ORD_20336,CUST_1493,2023-12-14 02:00:00,Completed,Virtual Account Bank Transfer,7.09
ORD_20337,CUST_1814,2023-04-03 03:00:00,Completed,Virtual Account Bank Transfer,2.99
ORD_20338,CUST_1122,2023-11-02 21:00:00,Completed,QRIS,0.0
ORD_20339,CUST_1449,2023-11-21 10:00:00,Delivered,BNPL,4.93
ORD_20340,CUST_1461,2023-11-06 15:00:00,Delivered,Virtual Account Bank Transfer,6.62
ORD_20341,CUST_1638,2024-07-20 16:00:00,Completed,Virtual Account Bank Transfer,5.12
ORD_20342,CUST_1007,2024-01-07 12:00:00,Completed,E-Wallet (GoPay/OVO),7.97
ORD_20343,CUST_1242,2023-05-18 00:00:00,Delivered,BNPL,0.0
ORD_20344,CUST_1688,2023-07-07 14:00:00,Completed,Credit Card,7.78
ORD_20345,CUST_1123,2023-10-10 10:00:00,Completed,QRIS,0.0
ORD_20346,CUST_1023,2023-11-09 04:00:00,Completed,Credit Card,5.72
ORD_20347,CUST_1657,2023-09-25 03:00:00,Completed,BNPL,0.0
ORD_20348,CUST_1052,2023-07-24 19:00:00,Completed,E-Wallet (GoPay/OVO),0.0
ORD_20349,CUST_1832,2023-05-05 04:00:00,Completed,BNPL,3.47
ORD_20350,CUST_1591,2024-03-27 02:00:00,Completed,Credit Card,7.07
ORD_20351,CUST_1291,2023-04-07 11:00:00,Delivered,Credit Card,8.1
ORD_20352,CUST_2124,2024-03-25 03:00:00,Completed,Virtual Account Bank Transfer,8.71
ORD_20353,CUST_1853,2024-05-06 03:00:00,Completed,BNPL,0.0
ORD_20354,CUST_1041,2023-07-22 05:00:00,Completed,QRIS,8.99
ORD_20355,CUST_1451,2023-06-14 21:00:00,Completed,Credit Card,4.89
ORD_20356,CUST_1891,2023-05-11 15:00:00,Completed,Virtual Account Bank Transfer,7.92
ORD_20357,CUST_1870,2023-06-23 00:00:00,Shipped,Credit Card,0.0
ORD_20358,CUST_2136,2023-06-08 12:00:00,Delivered,Credit Card,0.0
ORD_20359,CUST_1589,2023-04-11 17:00:00,Completed,BNPL,3.03
ORD_20360,CUST_1992,2024-04-04 01:00:00,Completed,QRIS,6.4
ORD_20361,CUST_1703,2023-09-06 22:00:00,Completed,Credit Card,3.01
ORD_20362,CUST_1965,2024-04-12 07:00:00,Completed,Credit Card,8.81
ORD_20363,CUST_1634,2024-02-23 03:00:00,Completed,QRIS,6.15
ORD_20364,CUST_1528,2025-03-28 22:00:00,Cancelled,QRIS,5.67
ORD_20365,CUST_2066,2023-09-17 09:00:00,Shipped,E-Wallet (GoPay/OVO),0.0
ORD_20366,CUST_1106,2023-05-23 23:00:00,Cancelled,E-Wallet (GoPay/OVO),7.2
ORD_20367,CUST_1408,2023-12-17 01:00:00,Completed,Virtual Account Bank Transfer,0.0
ORD_20368,CUST_1815,2023-09-01 00:00:00,Delivered,QRIS,7.63
ORD_20369,CUST_2096,2024-01-06 08:00:00,Completed,QRIS,7.52
ORD_20370,CUST_1490,2024-07-13 16:00:00,Shipped,QRIS,0.0
ORD_20371,CUST_1387,2023-08-24 17:00:00,Completed,BNPL,5.52
ORD_20372,CUST_1493,2024-03-12 12:00:00,Completed,Virtual Account Bank Transfer,7.84
ORD_20373,CUST_2061,2023-01-18 00:00:00,Completed,Virtual Account Bank Transfer,0.0
ORD_20374,CUST_1344,2023-09-15 05:00:00,Shipped,QRIS,0.0
ORD_20375,CUST_1980,2023-05-09 00:00:00,Shipped,QRIS,0.0
ORD_20376,CUST_1475,2024-06-30 10:00:00,Delivered,BNPL,6.87
ORD_20377,CUST_1009,2023-11-23 16:00:00,Completed,E-Wallet (GoPay/OVO),0.0
ORD_20378,CUST_2147,2023-08-26 11:00:00,Completed,E-Wallet (GoPay/OVO),7.21
ORD_20379,CUST_1689,2024-04-11 18:00:00,Shipped,E-Wallet (GoPay/OVO),0.0
ORD_20380,CUST_2049,2023-05-18 22:00:00,Completed,BNPL,0.0
ORD_20381,CUST_2119,2024-01-13 17:00:00,Delivered,Credit Card,7.52
ORD_20382,CUST_1747,2023-09-30 15:00:00,Delivered,Virtual Account Bank Transfer,0.0
ORD_20383,CUST_1820,2023-10-30 11:00:00,Shipped,BNPL,5.35
ORD_20384,CUST_1268,2023-12-04 02:00:00,Completed,Credit Card,4.92
ORD_20385,CUST_1489,2024-02-29 06:00:00,Completed,E-Wallet (GoPay/OVO),0.0
ORD_20386,CUST_1067,2023-08-14 02:00:00,Completed,BNPL,0.0
ORD_20387,CUST_1957,2023-08-09 21:00:00,Delivered,BNPL,2.8
ORD_20388,CUST_1317,2024-01-23 16:00:00,Completed,Credit Card,0.0
ORD_20389,CUST_1258,2023-05-20 17:00:00,Completed,BNPL,0.0
ORD_20390,CUST_2083,2023-11-09 11:00:00,Completed,Virtual Account Bank Transfer,5.6
ORD_20391,CUST_1254,2024-03-18 23:00:00,Delivered,Credit Card,0.0
ORD_20392,CUST_1089,2024-01-28 20:00:00,Completed,BNPL,4.73
ORD_20393,CUST_2005,2023-05-01 07:00:00,Completed,Credit Card,6.26
ORD_20394,CUST_2181,2023-11-21 00:00:00,Completed,Virtual Account Bank Transfer,5.94
ORD_20395,CUST_2039,2023-05-24 06:00:00,Completed,QRIS,0.0
ORD_20396,CUST_1486,2023-10-09 09:00:00,Shipped,Virtual Account Bank Transfer,0.0
ORD_20397,CUST_1292,2024-03-02 00:00:00,Completed,QRIS,6.98
ORD_20398,CUST_1481,2023-05-07 00:00:00,Completed,QRIS,0.0
ORD_20399,CUST_1339,2024-06-21 03:00:00,Completed,Credit Card,0.0
ORD_20400,CUST_2077,2023-08-12 22:00:00,Completed,BNPL,2.97
ORD_20401,CUST_2051,2024-03-26 01:00:00,Completed,Virtual Account Bank Transfer,6.1
ORD_20402,CUST_2046,2023-04-13 01:00:00,Completed,Virtual Account Bank Transfer,0.0
ORD_20403,CUST_1721,2023-11-13 10:00:00,Shipped,Virtual Account Bank Transfer,0.0
ORD_20404,CUST_2161,2024-04-15 15:00:00,Delivered,Virtual Account Bank Transfer,5.86
ORD_20405,CUST_1540,2024-04-04 23:00:00,Completed,E-Wallet (GoPay/OVO),0.0
ORD_20406,CUST_1223,2024-05-01 17:00:00,Completed,QRIS,0.0
ORD_20407,CUST_1810,2024-07-08 11:00:00,Completed,QRIS,0.0
ORD_20408,CUST_1170,2023-12-19 21:00:00,Cancelled,BNPL,6.14
ORD_20409,CUST_1811,2024-07-25 06:00:00,Completed,Virtual Account Bank Transfer,0.0
ORD_20410,CUST_1303,2024-05-10 21:00:00,Completed,BNPL,0.0
ORD_20411,CUST_1762,2023-08-06 09:00:00,Completed,BNPL,8.33
ORD_20412,CUST_1138,2023-03-29 07:00:00,Completed,Virtual Account Bank Transfer,4.36
ORD_20413,CUST_1302,2024-01-10 20:00:00,Completed,QRIS,3.93
ORD_20414,CUST_1739,2023-07-15 05:00:00,Completed,Credit Card,0.0
ORD_20415,CUST_2168,2024-06-05 04:00:00,Returned,QRIS,0.0
ORD_20416,CUST_1325,2023-05-08 17:00:00,Completed,Credit Card,0.0
ORD_20417,CUST_1743,2023-07-29 17:00:00,Completed,BNPL,0.0
ORD_20418,CUST_2083,2023-07-10 00:00:00,Completed,E-Wallet (GoPay/OVO),0.0
ORD_20419,CUST_1738,2024-03-12 09:00:00,Completed,Virtual Account Bank Transfer,8.54
ORD_20420,CUST_1317,2023-11-09 03:00:00,Completed,E-Wallet (GoPay/OVO),0.0
ORD_20421,CUST_1900,2023-12-24 20:00:00,Completed,Credit Card,6.44
ORD_20422,CUST_1382,2024-01-25 02:00:00,Completed,E-Wallet (GoPay/OVO),0.0
ORD_20423,CUST_1717,2023-06-08 18:00:00,Delivered,BNPL,0.0
ORD_20424,CUST_2193,2023-08-28 08:00:00,Completed,BNPL,5.83
ORD_20425,CUST_1706,2023-06-08 22:00:00,Completed,Virtual Account Bank Transfer,0.0
ORD_20426,CUST_1503,2024-05-15 15:00:00,Completed,QRIS,5.11
ORD_20427,CUST_1800,2023-11-05 17:00:00,Completed,E-Wallet (GoPay/OVO),0.0
ORD_20428,CUST_1064,2024-02-15 08:00:00,Completed,BNPL,8.16
ORD_20429,CUST_1368,2023-10-13 03:00:00,Completed,E-Wallet (GoPay/OVO),7.35
ORD_20430,CUST_2041,2024-04-13 02:00:00,Completed,Virtual Account Bank Transfer,3.87
ORD_20431,CUST_2170,2024-02-02 15:00:00,Completed,Virtual Account Bank Transfer,4.29
ORD_20432,CUST_2197,2023-05-17 06:00:00,Completed,QRIS,4.18
ORD_20433,CUST_2187,2023-04-05 18:00:00,Shipped,Credit Card,5.61
ORD_20434,CUST_1243,2023-06-13 15:00:00,Shipped,Virtual Account Bank Transfer,0.0
ORD_20435,CUST_2062,2024-08-25 14:00:00,Completed,Credit Card,0.0
ORD_20436,CUST_1413,2023-06-19 12:00:00,Completed,QRIS,6.71
ORD_20437,CUST_1416,2024-01-31 22:00:00,Cancelled,Credit Card,0.0
ORD_20438,CUST_1882,2024-02-20 14:00:00,Completed,QRIS,0.0
ORD_20439,CUST_1709,2024-02-15 23:00:00,Completed,BNPL,3.24
ORD_20440,CUST_1029,2025-03-10 14:00:00,Completed,E-Wallet (GoPay/OVO),0.0
ORD_20441,CUST_2129,2023-12-30 16:00:00,Completed,QRIS,0.0
ORD_20442,CUST_1494,2024-09-17 18:00:00,Completed,Virtual Account Bank Transfer,2.91
ORD_20443,CUST_1255,2024-02-23 06:00:00,Completed,QRIS,0.0
ORD_20444,CUST_1756,2024-02-10 11:00:00,Completed,BNPL,0.0
ORD_20445,CUST_1410,2024-09-27 04:00:00,Returned,Virtual Account Bank Transfer,3.55
ORD_20446,CUST_2146,2023-11-08 16:00:00,Cancelled,BNPL,7.26
ORD_20447,CUST_1221,2023-08-31 07:00:00,Completed,BNPL,4.6
ORD_20448,CUST_1061,2023-11-11 08:00:00,Completed,E-Wallet (GoPay/OVO),6.46
ORD_20449,CUST_1194,2024-01-10 15:00:00,Completed,E-Wallet (GoPay/OVO),0.0
ORD_20450,CUST_1212,2023-05-10 17:00:00,Completed,E-Wallet (GoPay/OVO),0.0
ORD_20451,CUST_1279,2023-02-21 15:00:00,Shipped,Virtual Account Bank Transfer,0.0
ORD_20452,CUST_1642,2023-09-11 03:00:00,Delivered,QRIS,0.0
ORD_20453,CUST_2014,2023-06-14 07:00:00,Completed,BNPL,5.47
ORD_20454,CUST_1714,2023-01-31 19:00:00,Completed,E-Wallet (GoPay/OVO),7.34
ORD_20455,CUST_1869,2024-01-02 07:00:00,Shipped,QRIS,0.0
ORD_20456,CUST_1466,2023-03-14 20:00:00,Completed,E-Wallet (GoPay/OVO),0.0
ORD_20457,CUST_1923,2025-03-22 16:00:00,Completed,Virtual Account Bank Transfer,8.27
ORD_20458,CUST_1508,2024-07-31 04:00:00,Completed,QRIS,0.0
ORD_20459,CUST_1891,2023-05-22 18:00:00,Completed,BNPL,7.01
ORD_20460,CUST_1001,2024-01-23 07:00:00,Completed,QRIS,6.09
ORD_20461,CUST_1516,2024-02-21 20:00:00,Cancelled,Virtual Account Bank Transfer,0.0
ORD_20462,CUST_1049,2023-09-10 19:00:00,Completed,E-Wallet (GoPay/OVO),5.2
ORD_20463,CUST_1319,2024-07-13 21:00:00,Completed,E-Wallet (GoPay/OVO),5.96
ORD_20464,CUST_2117,2024-08-02 16:00:00,Shipped,QRIS,8.3
ORD_20465,CUST_1097,2024-02-19 05:00:00,Completed,QRIS,8.11
ORD_20466,CUST_1410,2024-04-01 02:00:00,Completed,Credit Card,0.0
ORD_20467,CUST_1820,2023-12-30 11:00:00,Completed,QRIS,0.0
ORD_20468,CUST_1455,2025-02-19 03:00:00,Shipped,Virtual Account Bank Transfer,5.75
ORD_20469,CUST_1042,2023-08-13 21:00:00,Completed,Virtual Account Bank Transfer,4.53
ORD_20470,CUST_1409,2023-08-09 22:00:00,Completed,Credit Card,0.0
ORD_20471,CUST_1324,2024-05-03 12:00:00,Completed,E-Wallet (GoPay/OVO),2.71
ORD_20472,CUST_1393,2024-02-15 05:00:00,Returned,BNPL,0.0
ORD_20473,CUST_1443,2023-02-24 08:00:00,Completed,BNPL,8.19
ORD_20474,CUST_1307,2024-01-21 16:00:00,Completed,Virtual Account Bank Transfer,0.0
ORD_20475,CUST_1831,2023-07-05 18:00:00,Completed,Virtual Account Bank Transfer,0.0
ORD_20476,CUST_1691,2023-10-17 09:00:00,Delivered,Virtual Account Bank Transfer,0.0
ORD_20477,CUST_1181,2023-08-30 16:00:00,Completed,Virtual Account Bank Transfer,0.0
ORD_20478,CUST_1349,2024-05-07 03:00:00,Completed,Virtual Account Bank Transfer,0.0
ORD_20479,CUST_1823,2024-06-13 05:00:00,Returned,Virtual Account Bank Transfer,0.0
ORD_20480,CUST_1341,2023-11-05 14:00:00,Completed,Virtual Account Bank Transfer,0.0
ORD_20481,CUST_2117,2025-03-10 23:00:00,Returned,BNPL,3.83
ORD_20482,CUST_1122,2023-11-21 05:00:00,Completed,E-Wallet (GoPay/OVO),0.0
ORD_20483,CUST_1753,2023-07-07 07:00:00,Completed,Virtual Account Bank Transfer,0.0
ORD_20484,CUST_1480,2023-01-24 02:00:00,Cancelled,E-Wallet (GoPay/OVO),0.0
ORD_20485,CUST_1741,2023-10-27 16:00:00,Completed,E-Wallet (GoPay/OVO),0.0
ORD_20486,CUST_1266,2024-07-04 06:00:00,Shipped,QRIS,0.0
ORD_20487,CUST_2036,2023-06-18 19:00:00,Completed,BNPL,8.86
ORD_20488,CUST_1298,2023-11-21 21:00:00,Completed,Credit Card,0.0
ORD_20489,CUST_1739,2023-09-17 14:00:00,Completed,BNPL,3.82
ORD_20490,CUST_1583,2023-06-12 20:00:00,Completed,E-Wallet (GoPay/OVO),6.59
ORD_20491,CUST_1593,2024-03-04 23:00:00,Completed,BNPL,4.66
ORD_20492,CUST_1899,2024-03-04 04:00:00,Completed,QRIS,0.0
ORD_20493,CUST_1890,2023-09-10 00:00:00,Returned,Credit Card,0.0
ORD_20494,CUST_1520,2024-08-28 23:00:00,Completed,QRIS,8.36
ORD_20495,CUST_1211,2023-10-13 06:00:00,Completed,QRIS,7.8
ORD_20496,CUST_2053,2024-04-27 08:00:00,Completed,Credit Card,0.0
ORD_20497,CUST_1649,2024-01-27 01:00:00,Completed,E-Wallet (GoPay/OVO),8.18
ORD_20498,CUST_1139,2023-05-03 09:00:00,Completed,E-Wallet (GoPay/OVO),8.8
ORD_20499,CUST_1676,2023-10-12 04:00:00,Completed,BNPL,7.9
ORD_20500,CUST_1680,2023-05-11 17:00:00,Shipped,BNPL,4.18
ORD_20501,CUST_1972,2024-02-20 21:00:00,Completed,Virtual Account Bank Transfer,0.0
ORD_20502,CUST_1707,2023-04-08 17:00:00,Completed,QRIS,8.65
ORD_20503,CUST_1311,2024-02-13 11:00:00,Completed,Credit Card,0.0
ORD_20504,CUST_1382,2023-09-02 08:00:00,Completed,Virtual Account Bank Transfer,0.0
ORD_20505,CUST_1664,2023-12-31 03:00:00,Delivered,BNPL,0.0
ORD_20506,CUST_1170,2024-01-02 03:00:00,Cancelled,Credit Card,5.51
ORD_20507,CUST_1218,2023-07-03 11:00:00,Completed,E-Wallet (GoPay/OVO),0.0
ORD_20508,CUST_1373,2024-04-14 15:00:00,Shipped,E-Wallet (GoPay/OVO),0.0
ORD_20509,CUST_1821,2024-01-16 10:00:00,Shipped,Virtual Account Bank Transfer,7.46
ORD_20510,CUST_1235,2024-06-22 05:00:00,Completed,QRIS,7.98
ORD_20511,CUST_1592,2024-06-17 20:00:00,Completed,Credit Card,8.79
ORD_20512,CUST_1398,2024-03-20 18:00:00,Completed,E-Wallet (GoPay/OVO),5.08
ORD_20513,CUST_1099,2023-04-05 01:00:00,Completed,Virtual Account Bank Transfer,0.0
ORD_20514,CUST_1423,2024-03-23 17:00:00,Completed,Credit Card,2.93
ORD_20515,CUST_1734,2024-06-08 21:00:00,Returned,Credit Card,0.0
ORD_20516,CUST_1179,2024-08-25 12:00:00,Completed,Credit Card,7.15
ORD_20517,CUST_2136,2023-08-11 05:00:00,Completed,BNPL,0.0
ORD_20518,CUST_1438,2024-10-09 12:00:00,Delivered,BNPL,0.0
ORD_20519,CUST_1500,2024-06-26 04:00:00,Completed,Credit Card,4.97
ORD_20520,CUST_1755,2025-03-21 02:00:00,Completed,QRIS,0.0
ORD_20521,CUST_2032,2023-05-01 15:00:00,Shipped,QRIS,0.0
ORD_20522,CUST_1608,2023-09-24 05:00:00,Completed,Virtual Account Bank Transfer,0.0
ORD_20523,CUST_1005,2024-04-04 15:00:00,Completed,Virtual Account Bank Transfer,0.0
ORD_20524,CUST_1949,2023-12-04 07:00:00,Completed,QRIS,3.75
ORD_20525,CUST_1640,2023-08-09 19:00:00,Completed,BNPL,0.0
ORD_20526,CUST_1557,2024-06-15 09:00:00,Completed,Credit Card,6.17
ORD_20527,CUST_1592,2024-05-23 14:00:00,Completed,Credit Card,5.37
ORD_20528,CUST_1440,2023-05-01 02:00:00,Delivered,BNPL,0.0
ORD_20529,CUST_1215,2023-11-02 07:00:00,Completed,BNPL,8.97
ORD_20530,CUST_1231,2023-02-19 14:00:00,Completed,Credit Card,0.0
ORD_20531,CUST_1300,2023-01-31 11:00:00,Completed,E-Wallet (GoPay/OVO),7.19
ORD_20532,CUST_2018,2023-06-21 14:00:00,Completed,QRIS,3.22
ORD_20533,CUST_1525,2023-11-03 04:00:00,Completed,QRIS,4.01
ORD_20534,CUST_2188,2024-08-06 07:00:00,Delivered,Credit Card,8.14
ORD_20535,CUST_1674,2024-06-23 20:00:00,Completed,Virtual Account Bank Transfer,0.0
ORD_20536,CUST_1307,2024-02-20 21:00:00,Cancelled,BNPL,6.99
ORD_20537,CUST_1785,2024-06-09 21:00:00,Cancelled,Virtual Account Bank Transfer,8.25
ORD_20538,CUST_1952,2023-09-05 06:00:00,Completed,Credit Card,0.0
ORD_20539,CUST_1850,2023-09-30 14:00:00,Delivered,BNPL,5.26
ORD_20540,CUST_1549,2024-04-17 09:00:00,Completed,BNPL,7.58
ORD_20541,CUST_2049,2023-08-23 20:00:00,Completed,E-Wallet (GoPay/OVO),6.25
ORD_20542,CUST_1431,2023-11-28 13:00:00,Delivered,QRIS,8.21
ORD_20543,CUST_1709,2024-01-23 23:00:00,Completed,QRIS,0.0
ORD_20544,CUST_1942,2023-06-21 11:00:00,Cancelled,Credit Card,4.82
ORD_20545,CUST_1271,2023-08-25 11:00:00,Completed,QRIS,0.0
ORD_20546,CUST_1027,2023-07-15 08:00:00,Completed,QRIS,6.76
ORD_20547,CUST_1875,2023-04-07 20:00:00,Delivered,Credit Card,5.41
ORD_20548,CUST_1732,2024-02-17 21:00:00,Completed,Virtual Account Bank Transfer,0.0
ORD_20549,CUST_1242,2023-04-19 10:00:00,Completed,QRIS,4.41
ORD_20550,CUST_1594,2023-10-27 08:00:00,Completed,Credit Card,0.0
ORD_20551,CUST_1063,2023-07-08 01:00:00,Shipped,Virtual Account Bank Transfer,6.86
ORD_20552,CUST_1614,2023-04-21 12:00:00,Shipped,Credit Card,5.94
ORD_20553,CUST_2089,2023-05-09 20:00:00,Completed,QRIS,3.51
ORD_20554,CUST_1320,2024-05-31 08:00:00,Completed,Credit Card,0.0
ORD_20555,CUST_2071,2023-05-15 20:00:00,Returned,QRIS,0.0
ORD_20556,CUST_1410,2024-02-02 14:00:00,Completed,QRIS,0.0
ORD_20557,CUST_2131,2023-07-02 02:00:00,Delivered,E-Wallet (GoPay/OVO),0.0
ORD_20558,CUST_1096,2024-04-28 06:00:00,Completed,BNPL,4.06
ORD_20559,CUST_1417,2023-11-08 12:00:00,Completed,E-Wallet (GoPay/OVO),7.7
ORD_20560,CUST_1475,2024-01-23 14:00:00,Completed,BNPL,0.0
ORD_20561,CUST_1132,2023-05-19 16:00:00,Completed,QRIS,3.09
ORD_20562,CUST_1250,2024-05-13 10:00:00,Shipped,E-Wallet (GoPay/OVO),5.75
ORD_20563,CUST_1162,2023-03-13 03:00:00,Completed,E-Wallet (GoPay/OVO),0.0
ORD_20564,CUST_2133,2023-06-05 18:00:00,Completed,QRIS,0.0
ORD_20565,CUST_1243,2023-07-22 09:00:00,Completed,E-Wallet (GoPay/OVO),0.0
ORD_20566,CUST_1046,2023-06-14 09:00:00,Completed,E-Wallet (GoPay/OVO),2.72
ORD_20567,CUST_2180,2024-01-24 18:00:00,Completed,BNPL,0.0
ORD_20568,CUST_1907,2023-11-10 16:00:00,Completed,BNPL,4.55
ORD_20569,CUST_1551,2023-08-07 11:00:00,Completed,QRIS,2.58
ORD_20570,CUST_2098,2023-12-29 02:00:00,Completed,Credit Card,5.2
ORD_20571,CUST_1233,2024-09-27 05:00:00,Completed,BNPL,0.0
ORD_20572,CUST_1973,2023-09-10 14:00:00,Completed,BNPL,0.0
ORD_20573,CUST_1364,2023-10-28 15:00:00,Completed,Credit Card,7.99
ORD_20574,CUST_1044,2023-12-23 04:00:00,Delivered,E-Wallet (GoPay/OVO),6.94
ORD_20575,CUST_1799,2024-09-07 11:00:00,Shipped,E-Wallet (GoPay/OVO),6.83
ORD_20576,CUST_1907,2023-05-19 07:00:00,Shipped,Credit Card,8.85
ORD_20577,CUST_2095,2023-07-09 01:00:00,Completed,BNPL,0.0
ORD_20578,CUST_1623,2024-04-06 22:00:00,Completed,BNPL,0.0
ORD_20579,CUST_2139,2024-01-03 19:00:00,Shipped,Virtual Account Bank Transfer,8.56
ORD_20580,CUST_2196,2023-09-26 21:00:00,Shipped,Virtual Account Bank Transfer,4.85
ORD_20581,CUST_1632,2023-05-18 21:00:00,Completed,BNPL,0.0
ORD_20582,CUST_1158,2023-04-12 19:00:00,Completed,BNPL,7.65
ORD_20583,CUST_1558,2023-12-23 14:00:00,Completed,QRIS,0.0
ORD_20584,CUST_1704,2023-12-26 20:00:00,Completed,QRIS,0.0
ORD_20585,CUST_1874,2024-05-04 19:00:00,Completed,BNPL,6.18
ORD_20586,CUST_1618,2023-08-26 20:00:00,Completed,Credit Card,0.0
ORD_20587,CUST_1160,2023-12-14 19:00:00,Completed,QRIS,0.0
ORD_20588,CUST_1058,2023-12-26 18:00:00,Completed,E-Wallet (GoPay/OVO),0.0
ORD_20589,CUST_1374,2023-05-26 23:00:00,Completed,Credit Card,0.0
ORD_20590,CUST_2058,2023-04-30 12:00:00,Completed,QRIS,0.0
ORD_20591,CUST_1289,2023-11-08 19:00:00,Completed,Virtual Account Bank Transfer,0.0
ORD_20592,CUST_1536,2025-05-17 15:00:00,Cancelled,Virtual Account Bank Transfer,3.39
ORD_20593,CUST_1045,2023-03-11 23:00:00,Completed,QRIS,0.0
ORD_20594,CUST_1696,2024-01-11 17:00:00,Cancelled,BNPL,0.0
ORD_20595,CUST_1373,2024-02-28 20:00:00,Completed,BNPL,8.05
ORD_20596,CUST_1537,2023-07-03 03:00:00,Shipped,Credit Card,6.77
ORD_20597,CUST_2056,2023-01-14 04:00:00,Completed,QRIS,3.44
ORD_20598,CUST_1046,2024-09-20 04:00:00,Completed,Virtual Account Bank Transfer,6.54
ORD_20599,CUST_1762,2023-12-23 13:00:00,Completed,BNPL,0.0
ORD_20600,CUST_1840,2023-12-22 22:00:00,Completed,E-Wallet (GoPay/OVO),3.96
ORD_20601,CUST_1571,2024-01-19 14:00:00,Completed,BNPL,0.0
ORD_20602,CUST_1334,2024-01-20 09:00:00,Cancelled,QRIS,6.05
ORD_20603,CUST_1376,2024-06-24 11:00:00,Completed,QRIS,0.0
ORD_20604,CUST_1418,2023-11-03 23:00:00,Completed,Credit Card,0.0
ORD_20605,CUST_1703,2023-08-26 13:00:00,Cancelled,E-Wallet (GoPay/OVO),4.61
ORD_20606,CUST_1371,2023-11-22 13:00:00,Completed,E-Wallet (GoPay/OVO),6.1
ORD_20607,CUST_1440,2023-10-20 09:00:00,Completed,BNPL,3.44
ORD_20608,CUST_1480,2023-03-29 12:00:00,Completed,BNPL,2.75
ORD_20609,CUST_1025,2024-01-15 05:00:00,Shipped,Credit Card,0.0
ORD_20610,CUST_1638,2025-04-15 11:00:00,Completed,E-Wallet (GoPay/OVO),3.2
ORD_20611,CUST_1040,2023-09-14 07:00:00,Completed,QRIS,0.0
ORD_20612,CUST_1483,2023-05-12 22:00:00,Completed,BNPL,7.58
ORD_20613,CUST_1506,2024-01-01 15:00:00,Completed,E-Wallet (GoPay/OVO),0.0
ORD_20614,CUST_2190,2023-08-02 03:00:00,Completed,E-Wallet (GoPay/OVO),3.89
ORD_20615,CUST_1855,2024-04-13 14:00:00,Completed,Credit Card,2.58
ORD_20616,CUST_1601,2023-04-23 20:00:00,Completed,Virtual Account Bank Transfer,0.0
ORD_20617,CUST_1343,2023-07-06 14:00:00,Completed,QRIS,0.0
ORD_20618,CUST_1492,2023-03-18 21:00:00,Completed,BNPL,0.0
ORD_20619,CUST_1875,2023-07-13 23:00:00,Completed,QRIS,2.57
ORD_20620,CUST_1435,2024-05-09 17:00:00,Completed,BNPL,6.68
ORD_20621,CUST_2156,2024-05-31 15:00:00,Completed,BNPL,7.64
ORD_20622,CUST_2082,2023-05-07 17:00:00,Completed,E-Wallet (GoPay/OVO),5.33
ORD_20623,CUST_2041,2024-04-17 19:00:00,Completed,Credit Card,0.0
ORD_20624,CUST_1718,2023-10-01 18:00:00,Completed,Virtual Account Bank Transfer,0.0
ORD_20625,CUST_1699,2024-02-29 13:00:00,Completed,QRIS,7.67
ORD_20626,CUST_2111,2023-05-13 18:00:00,Completed,QRIS,0.0
ORD_20627,CUST_2086,2024-12-28 06:00:00,Completed,Credit Card,4.87
ORD_20628,CUST_2130,2023-07-04 15:00:00,Completed,Credit Card,6.62
ORD_20629,CUST_1926,2023-12-25 21:00:00,Completed,E-Wallet (GoPay/OVO),6.81
ORD_20630,CUST_1476,2024-12-20 01:00:00,Cancelled,Virtual Account Bank Transfer,0.0
ORD_20631,CUST_1754,2023-08-28 07:00:00,Completed,Virtual Account Bank Transfer,8.08
ORD_20632,CUST_1807,2024-03-04 23:00:00,Shipped,E-Wallet (GoPay/OVO),0.0
ORD_20633,CUST_2165,2023-12-12 08:00:00,Delivered,BNPL,0.0
ORD_20634,CUST_1677,2023-02-20 18:00:00,Completed,Credit Card,7.6
ORD_20635,CUST_1855,2024-03-29 12:00:00,Completed,BNPL,4.64
ORD_20636,CUST_1377,2024-05-03 04:00:00,Shipped,QRIS,0.0
ORD_20637,CUST_1658,2023-04-26 09:00:00,Completed,QRIS,8.17
ORD_20638,CUST_2081,2023-10-18 22:00:00,Completed,Virtual Account Bank Transfer,5.9
ORD_20639,CUST_2191,2024-06-27 05:00:00,Completed,BNPL,7.7
ORD_20640,CUST_1621,2023-11-21 17:00:00,Completed,Credit Card,5.5
ORD_20641,CUST_1856,2024-06-07 18:00:00,Completed,BNPL,4.13
ORD_20642,CUST_1478,2023-05-04 12:00:00,Cancelled,Virtual Account Bank Transfer,7.17
ORD_20643,CUST_1858,2024-06-10 19:00:00,Completed,QRIS,6.98
ORD_20644,CUST_1650,2024-06-28 00:00:00,Shipped,Virtual Account Bank Transfer,7.66
ORD_20645,CUST_2084,2023-04-26 09:00:00,Cancelled,Virtual Account Bank Transfer,7.27
ORD_20646,CUST_1607,2024-06-02 04:00:00,Completed,QRIS,6.03
ORD_20647,CUST_1162,2023-02-02 00:00:00,Completed,BNPL,0.0
ORD_20648,CUST_1559,2024-03-18 16:00:00,Completed,Virtual Account Bank Transfer,3.2
ORD_20649,CUST_1206,2023-12-20 02:00:00,Shipped,Credit Card,3.62
ORD_20650,CUST_1365,2023-07-01 06:00:00,Completed,Virtual Account Bank Transfer,0.0
ORD_20651,CUST_1229,2024-07-26 04:00:00,Completed,Virtual Account Bank Transfer,6.16
ORD_20652,CUST_1193,2023-04-04 08:00:00,Completed,Virtual Account Bank Transfer,7.06
ORD_20653,CUST_1525,2023-10-31 12:00:00,Returned,QRIS,5.55
ORD_20654,CUST_1522,2023-12-11 05:00:00,Completed,Virtual Account Bank Transfer,8.74
ORD_20655,CUST_1686,2024-01-25 14:00:00,Completed,Virtual Account Bank Transfer,5.6
ORD_20656,CUST_1501,2024-02-14 02:00:00,Completed,BNPL,6.29
ORD_20657,CUST_1522,2024-03-27 12:00:00,Completed,Virtual Account Bank Transfer,6.38
ORD_20658,CUST_1851,2023-10-21 21:00:00,Completed,Virtual Account Bank Transfer,0.0
ORD_20659,CUST_1196,2024-02-16 23:00:00,Shipped,Virtual Account Bank Transfer,5.76
ORD_20660,CUST_1396,2023-07-09 09:00:00,Completed,Virtual Account Bank Transfer,3.95
ORD_20661,CUST_1472,2024-05-27 05:00:00,Completed,Virtual Account Bank Transfer,0.0
ORD_20662,CUST_1277,2024-01-02 17:00:00,Completed,BNPL,7.08
ORD_20663,CUST_1658,2023-06-09 13:00:00,Completed,QRIS,7.91
ORD_20664,CUST_1279,2023-02-06 14:00:00,Shipped,Virtual Account Bank Transfer,4.82
ORD_20665,CUST_1360,2023-02-20 22:00:00,Shipped,Credit Card,4.65
ORD_20666,CUST_2152,2024-03-31 15:00:00,Completed,E-Wallet (GoPay/OVO),0.0
ORD_20667,CUST_1069,2024-08-30 15:00:00,Completed,QRIS,4.69
ORD_20668,CUST_1273,2023-06-09 05:00:00,Delivered,Credit Card,7.86
ORD_20669,CUST_2072,2024-02-04 03:00:00,Completed,QRIS,5.54
ORD_20670,CUST_1114,2024-03-12 13:00:00,Completed,Credit Card,5.39
ORD_20671,CUST_1069,2024-10-29 05:00:00,Completed,Credit Card,0.0
ORD_20672,CUST_2183,2024-04-10 07:00:00,Completed,E-Wallet (GoPay/OVO),0.0
ORD_20673,CUST_1322,2024-08-13 16:00:00,Completed,BNPL,0.0
ORD_20674,CUST_1294,2023-12-06 00:00:00,Completed,Credit Card,3.15
ORD_20675,CUST_2032,2023-05-19 19:00:00,Completed,E-Wallet (GoPay/OVO),6.51
ORD_20676,CUST_2142,2024-02-09 05:00:00,Delivered,Credit Card,0.0
ORD_20677,CUST_1185,2023-07-01 20:00:00,Completed,BNPL,4.74
ORD_20678,CUST_1443,2023-06-25 23:00:00,Completed,Virtual Account Bank Transfer,0.0
ORD_20679,CUST_1612,2024-04-28 20:00:00,Completed,Credit Card,6.15
ORD_20680,CUST_2180,2024-04-28 08:00:00,Shipped,E-Wallet (GoPay/OVO),0.0
ORD_20681,CUST_1945,2024-03-03 06:00:00,Shipped,QRIS,3.76
ORD_20682,CUST_2084,2023-04-21 14:00:00,Shipped,E-Wallet (GoPay/OVO),0.0
ORD_20683,CUST_1096,2024-05-21 06:00:00,Completed,BNPL,0.0
ORD_20684,CUST_1520,2024-06-09 11:00:00,Completed,QRIS,8.2
ORD_20685,CUST_1831,2023-05-26 08:00:00,Completed,E-Wallet (GoPay/OVO),0.0
ORD_20686,CUST_1071,2024-09-03 07:00:00,Shipped,BNPL,4.7
ORD_20687,CUST_1181,2023-09-19 22:00:00,Completed,Virtual Account Bank Transfer,4.36
ORD_20688,CUST_1950,2023-09-20 23:00:00,Completed,Virtual Account Bank Transfer,0.0
ORD_20689,CUST_1771,2024-06-06 16:00:00,Completed,Credit Card,0.0
ORD_20690,CUST_1310,2024-02-13 16:00:00,Completed,BNPL,0.0
ORD_20691,CUST_1269,2023-10-25 15:00:00,Completed,E-Wallet (GoPay/OVO),2.55
ORD_20692,CUST_1895,2023-12-11 12:00:00,Cancelled,QRIS,4.36
ORD_20693,CUST_2008,2023-11-17 01:00:00,Completed,Credit Card,4.8
ORD_20694,CUST_1971,2024-12-29 15:00:00,Completed,E-Wallet (GoPay/OVO),3.99
ORD_20695,CUST_1703,2023-08-16 22:00:00,Returned,QRIS,0.0
ORD_20696,CUST_1160,2024-03-23 20:00:00,Completed,Virtual Account Bank Transfer,8.27
ORD_20697,CUST_2144,2023-09-06 09:00:00,Completed,E-Wallet (GoPay/OVO),6.81
ORD_20698,CUST_1548,2023-07-22 03:00:00,Completed,Virtual Account Bank Transfer,0.0
ORD_20699,CUST_1004,2024-06-04 12:00:00,Completed,Credit Card,6.98
ORD_20700,CUST_1956,2023-12-16 15:00:00,Completed,Credit Card,0.0
ORD_20701,CUST_1265,2024-05-28 14:00:00,Completed,Credit Card,0.0
ORD_20702,CUST_2187,2023-01-28 14:00:00,Completed,BNPL,0.0
ORD_20703,CUST_1868,2024-06-17 23:00:00,Completed,QRIS,0.0
ORD_20704,CUST_2019,2023-09-12 16:00:00,Completed,BNPL,8.71
ORD_20705,CUST_1997,2023-05-20 21:00:00,Completed,E-Wallet (GoPay/OVO),4.96
ORD_20706,CUST_1614,2023-05-24 11:00:00,Completed,Credit Card,2.99
ORD_20707,CUST_1209,2023-07-06 19:00:00,Completed,QRIS,5.94
ORD_20708,CUST_1781,2024-08-06 06:00:00,Shipped,E-Wallet (GoPay/OVO),0.0
ORD_20709,CUST_1860,2023-09-13 11:00:00,Completed,E-Wallet (GoPay/OVO),8.67
ORD_20710,CUST_1493,2023-12-25 10:00:00,Completed,Credit Card,6.62
ORD_20711,CUST_1304,2024-03-14 18:00:00,Completed,QRIS,0.0
ORD_20712,CUST_1188,2024-02-07 22:00:00,Completed,Virtual Account Bank Transfer,7.87
ORD_20713,CUST_2071,2023-07-28 17:00:00,Completed,Credit Card,4.12
ORD_20714,CUST_1426,2024-05-05 09:00:00,Completed,Credit Card,7.91
ORD_20715,CUST_1159,2023-12-26 11:00:00,Completed,Credit Card,7.98
ORD_20716,CUST_1114,2024-07-10 22:00:00,Completed,E-Wallet (GoPay/OVO),0.0
ORD_20717,CUST_1146,2023-11-03 09:00:00,Completed,Virtual Account Bank Transfer,5.14
ORD_20718,CUST_1809,2023-12-10 12:00:00,Cancelled,QRIS,3.67
ORD_20719,CUST_1790,2024-05-23 12:00:00,Completed,E-Wallet (GoPay/OVO),0.0
ORD_20720,CUST_1849,2023-12-05 22:00:00,Completed,Virtual Account Bank Transfer,4.73
ORD_20721,CUST_1653,2024-02-29 03:00:00,Shipped,E-Wallet (GoPay/OVO),0.0
ORD_20722,CUST_2085,2024-02-23 14:00:00,Shipped,E-Wallet (GoPay/OVO),3.83
ORD_20723,CUST_1008,2024-02-19 23:00:00,Completed,E-Wallet (GoPay/OVO),8.82
ORD_20724,CUST_1849,2023-12-05 05:00:00,Completed,Virtual Account Bank Transfer,5.25
ORD_20725,CUST_2145,2024-05-11 02:00:00,Completed,Credit Card,5.28
ORD_20726,CUST_1379,2025-03-20 07:00:00,Completed,Virtual Account Bank Transfer,3.19
ORD_20727,CUST_1458,2023-03-07 02:00:00,Delivered,Virtual Account Bank Transfer,7.72
ORD_20728,CUST_1280,2023-05-19 07:00:00,Completed,E-Wallet (GoPay/OVO),0.0
ORD_20729,CUST_2173,2023-06-18 02:00:00,Completed,Credit Card,3.8
ORD_20730,CUST_1076,2024-02-14 09:00:00,Completed,BNPL,4.93
ORD_20731,CUST_1764,2024-04-13 02:00:00,Shipped,Virtual Account Bank Transfer,4.16
ORD_20732,CUST_1497,2024-01-17 12:00:00,Completed,Virtual Account Bank Transfer,5.05
ORD_20733,CUST_1454,2024-02-16 12:00:00,Completed,E-Wallet (GoPay/OVO),5.26
ORD_20734,CUST_1620,2023-04-10 06:00:00,Completed,BNPL,0.0
ORD_20735,CUST_1337,2023-09-27 13:00:00,Shipped,E-Wallet (GoPay/OVO),5.43
ORD_20736,CUST_1974,2023-05-15 00:00:00,Shipped,BNPL,5.35
ORD_20737,CUST_1725,2024-05-27 18:00:00,Completed,Credit Card,5.96
ORD_20738,CUST_1628,2024-02-27 10:00:00,Delivered,QRIS,8.78
ORD_20739,CUST_2009,2024-03-29 23:00:00,Completed,Credit Card,0.0
ORD_20740,CUST_1913,2023-01-29 07:00:00,Completed,Virtual Account Bank Transfer,2.61
ORD_20741,CUST_1548,2023-03-31 10:00:00,Shipped,E-Wallet (GoPay/OVO),0.0
ORD_20742,CUST_1050,2023-10-25 07:00:00,Completed,Credit Card,7.84
ORD_20743,CUST_1774,2023-10-31 03:00:00,Completed,BNPL,5.55
ORD_20744,CUST_1275,2023-04-10 22:00:00,Completed,QRIS,5.07
ORD_20745,CUST_2196,2023-11-11 20:00:00,Completed,BNPL,7.65
ORD_20746,CUST_1332,2023-07-18 03:00:00,Completed,QRIS,6.24
ORD_20747,CUST_1458,2023-02-23 16:00:00,Completed,Credit Card,8.51
ORD_20748,CUST_2143,2023-11-03 01:00:00,Completed,BNPL,2.79
ORD_20749,CUST_1916,2023-09-21 07:00:00,Shipped,Credit Card,0.0
ORD_20750,CUST_1629,2023-03-03 18:00:00,Completed,QRIS,4.17
ORD_20751,CUST_1868,2024-05-26 11:00:00,Completed,E-Wallet (GoPay/OVO),2.84
ORD_20752,CUST_1916,2023-11-29 20:00:00,Completed,Credit Card,2.63
ORD_20753,CUST_1301,2023-08-21 12:00:00,Completed,QRIS,8.15
ORD_20754,CUST_1063,2023-07-08 00:00:00,Shipped,QRIS,0.0
ORD_20755,CUST_1626,2024-05-08 03:00:00,Completed,E-Wallet (GoPay/OVO),0.0
ORD_20756,CUST_2165,2024-05-07 10:00:00,Completed,Virtual Account Bank Transfer,2.71
ORD_20757,CUST_1640,2024-01-22 22:00:00,Shipped,E-Wallet (GoPay/OVO),0.0
ORD_20758,CUST_1874,2024-01-14 09:00:00,Delivered,BNPL,8.96
ORD_20759,CUST_2140,2024-06-27 11:00:00,Completed,E-Wallet (GoPay/OVO),0.0
ORD_20760,CUST_2080,2023-08-09 00:00:00,Completed,BNPL,2.83
ORD_20761,CUST_1400,2023-03-26 21:00:00,Completed,QRIS,7.62
ORD_20762,CUST_1501,2024-05-11 00:00:00,Shipped,Virtual Account Bank Transfer,0.0
ORD_20763,CUST_1697,2023-05-19 06:00:00,Delivered,BNPL,7.28
ORD_20764,CUST_1910,2023-07-17 12:00:00,Completed,Credit Card,4.88
ORD_20765,CUST_1774,2024-03-14 06:00:00,Completed,BNPL,3.78
ORD_20766,CUST_1397,2024-05-14 17:00:00,Completed,QRIS,3.62
ORD_20767,CUST_1215,2023-07-26 10:00:00,Shipped,E-Wallet (GoPay/OVO),5.25
ORD_20768,CUST_2126,2023-05-17 04:00:00,Completed,QRIS,4.9
ORD_20769,CUST_1063,2023-09-05 15:00:00,Completed,E-Wallet (GoPay/OVO),0.0
ORD_20770,CUST_1411,2023-10-22 15:00:00,Shipped,E-Wallet (GoPay/OVO),6.23
ORD_20771,CUST_1077,2024-07-26 08:00:00,Completed,BNPL,0.0
ORD_20772,CUST_1122,2024-05-27 05:00:00,Cancelled,QRIS,6.6
ORD_20773,CUST_1992,2024-04-14 16:00:00,Completed,E-Wallet (GoPay/OVO),5.57
ORD_20774,CUST_1994,2023-12-30 11:00:00,Completed,E-Wallet (GoPay/OVO),0.0
ORD_20775,CUST_1205,2024-10-20 07:00:00,Completed,QRIS,4.02
ORD_20776,CUST_1354,2025-03-02 08:00:00,Shipped,Credit Card,0.0
ORD_20777,CUST_1161,2024-11-15 17:00:00,Completed,E-Wallet (GoPay/OVO),0.0
ORD_20778,CUST_2054,2024-05-03 15:00:00,Delivered,BNPL,8.6
ORD_20779,CUST_2140,2023-12-25 19:00:00,Completed,E-Wallet (GoPay/OVO),0.0
ORD_20780,CUST_1386,2023-12-29 18:00:00,Completed,QRIS,0.0
ORD_20781,CUST_1376,2024-04-07 09:00:00,Shipped,BNPL,4.02
ORD_20782,CUST_1338,2023-09-26 05:00:00,Delivered,QRIS,0.0
ORD_20783,CUST_1962,2023-09-23 04:00:00,Completed,Credit Card,7.91
ORD_20784,CUST_1199,2023-12-11 02:00:00,Completed,Virtual Account Bank Transfer,0.0
ORD_20785,CUST_1792,2024-02-13 21:00:00,Delivered,Credit Card,6.13
ORD_20786,CUST_1419,2024-01-14 09:00:00,Completed,Credit Card,7.93
ORD_20787,CUST_1818,2023-07-14 07:00:00,Completed,Virtual Account Bank Transfer,3.67
ORD_20788,CUST_1635,2024-02-28 13:00:00,Completed,Credit Card,7.46
ORD_20789,CUST_2046,2023-05-25 07:00:00,Completed,Virtual Account Bank Transfer,0.0
ORD_20790,CUST_2144,2023-03-14 05:00:00,Completed,Virtual Account Bank Transfer,6.43
ORD_20791,CUST_1008,2024-01-22 22:00:00,Shipped,Credit Card,0.0
ORD_20792,CUST_1716,2024-04-26 21:00:00,Completed,E-Wallet (GoPay/OVO),8.84
ORD_20793,CUST_1794,2023-04-27 10:00:00,Completed,BNPL,8.13
ORD_20794,CUST_1081,2023-01-23 02:00:00,Completed,BNPL,5.55
ORD_20795,CUST_2063,2023-07-20 03:00:00,Delivered,BNPL,7.05
ORD_20796,CUST_1276,2024-07-15 01:00:00,Completed,E-Wallet (GoPay/OVO),0.0
ORD_20797,CUST_1183,2024-01-12 07:00:00,Completed,QRIS,4.08
ORD_20798,CUST_1269,2023-12-04 02:00:00,Delivered,QRIS,7.75
ORD_20799,CUST_1755,2023-11-09 03:00:00,Completed,E-Wallet (GoPay/OVO),4.19
ORD_20800,CUST_1409,2023-04-27 23:00:00,Completed,Credit Card,0.0
ORD_20801,CUST_1274,2024-03-30 16:00:00,Completed,QRIS,0.0
ORD_20802,CUST_1876,2024-08-23 13:00:00,Cancelled,Credit Card,4.23
ORD_20803,CUST_1561,2023-02-04 17:00:00,Returned,Credit Card,8.88
ORD_20804,CUST_1694,2024-03-13 14:00:00,Completed,Credit Card,4.58
ORD_20805,CUST_1558,2023-11-11 18:00:00,Completed,Credit Card,0.0
ORD_20806,CUST_1078,2023-07-30 16:00:00,Completed,QRIS,3.11
ORD_20807,CUST_2051,2025-01-31 15:00:00,Delivered,BNPL,2.97
ORD_20808,CUST_1056,2023-10-01 06:00:00,Completed,QRIS,0.0
ORD_20809,CUST_1041,2023-05-31 03:00:00,Completed,E-Wallet (GoPay/OVO),6.91
ORD_20810,CUST_1136,2023-10-10 11:00:00,Completed,QRIS,0.0
ORD_20811,CUST_1690,2023-11-16 19:00:00,Completed,QRIS,4.06
ORD_20812,CUST_1728,2024-02-29 20:00:00,Completed,Virtual Account Bank Transfer,0.0
ORD_20813,CUST_1201,2023-06-29 19:00:00,Shipped,Virtual Account Bank Transfer,5.18
ORD_20814,CUST_2076,2024-03-04 01:00:00,Completed,Virtual Account Bank Transfer,5.87
ORD_20815,CUST_1198,2023-08-14 18:00:00,Completed,E-Wallet (GoPay/OVO),5.28
ORD_20816,CUST_1627,2023-03-16 09:00:00,Completed,QRIS,0.0
ORD_20817,CUST_1819,2024-03-16 08:00:00,Completed,Credit Card,0.0
ORD_20818,CUST_1754,2023-09-30 15:00:00,Completed,Virtual Account Bank Transfer,8.91
ORD_20819,CUST_1787,2023-08-31 17:00:00,Completed,QRIS,0.0
ORD_20820,CUST_1112,2023-08-16 08:00:00,Shipped,BNPL,7.23
ORD_20821,CUST_1561,2023-02-12 07:00:00,Delivered,BNPL,8.85
ORD_20822,CUST_1806,2023-04-23 19:00:00,Completed,E-Wallet (GoPay/OVO),0.0
ORD_20823,CUST_2155,2023-11-21 12:00:00,Delivered,Credit Card,5.57
ORD_20824,CUST_1946,2023-01-31 11:00:00,Completed,Virtual Account Bank Transfer,0.0
ORD_20825,CUST_1175,2024-05-06 05:00:00,Cancelled,BNPL,0.0
ORD_20826,CUST_1632,2023-06-26 06:00:00,Completed,QRIS,0.0
ORD_20827,CUST_1107,2023-07-20 05:00:00,Completed,E-Wallet (GoPay/OVO),0.0
ORD_20828,CUST_1155,2025-03-26 01:00:00,Completed,BNPL,0.0
ORD_20829,CUST_1386,2023-11-08 21:00:00,Completed,Credit Card,0.0
ORD_20830,CUST_1839,2023-12-01 12:00:00,Cancelled,BNPL,2.77
ORD_20831,CUST_1105,2024-05-18 11:00:00,Completed,E-Wallet (GoPay/OVO),0.0
ORD_20832,CUST_1851,2024-09-08 04:00:00,Completed,Virtual Account Bank Transfer,0.0
ORD_20833,CUST_1628,2023-11-10 20:00:00,Completed,Credit Card,5.16
ORD_20834,CUST_1026,2023-06-20 12:00:00,Returned,QRIS,3.57
ORD_20835,CUST_1670,2023-06-06 22:00:00,Completed,BNPL,0.0
ORD_20836,CUST_2023,2023-04-23 01:00:00,Shipped,QRIS,6.04
ORD_20837,CUST_1406,2023-09-14 14:00:00,Delivered,E-Wallet (GoPay/OVO),3.33
ORD_20838,CUST_1834,2023-10-06 08:00:00,Delivered,BNPL,0.0
ORD_20839,CUST_1492,2024-01-14 08:00:00,Delivered,BNPL,0.0
ORD_20840,CUST_1440,2023-12-27 23:00:00,Completed,Credit Card,0.0
ORD_20841,CUST_2047,2023-07-02 20:00:00,Completed,E-Wallet (GoPay/OVO),2.69
ORD_20842,CUST_1359,2023-03-23 00:00:00,Completed,QRIS,8.17
ORD_20843,CUST_1890,2023-07-24 01:00:00,Completed,Credit Card,0.0
ORD_20844,CUST_1050,2025-01-04 11:00:00,Completed,Credit Card,3.32
ORD_20845,CUST_1569,2024-08-16 16:00:00,Completed,E-Wallet (GoPay/OVO),8.53
ORD_20846,CUST_1880,2023-08-14 22:00:00,Completed,Credit Card,5.56
ORD_20847,CUST_1837,2024-03-08 07:00:00,Completed,Virtual Account Bank Transfer,8.22
ORD_20848,CUST_1488,2024-06-26 13:00:00,Completed,QRIS,4.88
ORD_20849,CUST_1917,2024-06-17 00:00:00,Completed,QRIS,0.0
ORD_20850,CUST_1811,2024-06-04 13:00:00,Completed,Virtual Account Bank Transfer,0.0
ORD_20851,CUST_1396,2023-06-17 02:00:00,Completed,Credit Card,0.0
ORD_20852,CUST_1683,2024-06-10 02:00:00,Shipped,BNPL,0.0
ORD_20853,CUST_1700,2023-09-21 22:00:00,Delivered,QRIS,6.7
ORD_20854,CUST_2012,2024-09-10 18:00:00,Completed,Credit Card,5.77
ORD_20855,CUST_1044,2023-12-02 18:00:00,Completed,QRIS,3.5
ORD_20856,CUST_1598,2023-07-16 07:00:00,Completed,BNPL,7.6
ORD_20857,CUST_1244,2024-01-30 03:00:00,Shipped,QRIS,3.03
ORD_20858,CUST_1091,2024-03-01 06:00:00,Completed,Credit Card,4.63
ORD_20859,CUST_2062,2024-06-06 10:00:00,Delivered,QRIS,0.0
ORD_20860,CUST_1123,2023-10-16 13:00:00,Completed,Virtual Account Bank Transfer,4.86
ORD_20861,CUST_1423,2024-03-25 03:00:00,Completed,E-Wallet (GoPay/OVO),7.44
ORD_20862,CUST_2160,2023-04-21 06:00:00,Completed,Credit Card,5.59
ORD_20863,CUST_2170,2024-03-21 18:00:00,Shipped,E-Wallet (GoPay/OVO),7.79
ORD_20864,CUST_1822,2023-11-10 08:00:00,Completed,BNPL,5.5
ORD_20865,CUST_2097,2024-05-03 07:00:00,Completed,Credit Card,0.0
ORD_20866,CUST_1864,2023-11-17 01:00:00,Completed,Credit Card,7.96
ORD_20867,CUST_1510,2023-08-17 16:00:00,Completed,Credit Card,8.73
ORD_20868,CUST_1147,2023-12-03 06:00:00,Shipped,Credit Card,0.0
ORD_20869,CUST_1875,2023-03-16 07:00:00,Cancelled,E-Wallet (GoPay/OVO),4.59
ORD_20870,CUST_1051,2023-10-16 19:00:00,Completed,E-Wallet (GoPay/OVO),4.47
ORD_20871,CUST_1256,2024-01-01 21:00:00,Completed,Credit Card,0.0
ORD_20872,CUST_1836,2023-08-01 08:00:00,Completed,Credit Card,5.31
ORD_20873,CUST_2006,2023-04-07 15:00:00,Completed,Credit Card,0.0
ORD_20874,CUST_1177,2024-05-27 08:00:00,Shipped,BNPL,0.0
ORD_20875,CUST_1009,2024-01-21 12:00:00,Completed,QRIS,6.91
ORD_20876,CUST_1085,2024-05-06 17:00:00,Delivered,BNPL,7.14
ORD_20877,CUST_2062,2024-08-31 05:00:00,Delivered,BNPL,0.0
ORD_20878,CUST_2136,2023-09-13 20:00:00,Completed,Credit Card,0.0
ORD_20879,CUST_1887,2024-07-06 05:00:00,Shipped,Credit Card,0.0
ORD_20880,CUST_1468,2024-04-16 02:00:00,Completed,Virtual Account Bank Transfer,5.71
ORD_20881,CUST_1823,2024-04-29 19:00:00,Completed,Virtual Account Bank Transfer,0.0
ORD_20882,CUST_1027,2023-10-08 00:00:00,Completed,Virtual Account Bank Transfer,3.27
ORD_20883,CUST_1415,2023-02-13 12:00:00,Returned,BNPL,6.04
ORD_20884,CUST_1544,2024-01-25 13:00:00,Completed,QRIS,0.0
ORD_20885,CUST_1814,2023-05-23 13:00:00,Delivered,Credit Card,0.0
ORD_20886,CUST_1071,2024-09-17 01:00:00,Completed,Credit Card,4.59
ORD_20887,CUST_1867,2024-07-25 06:00:00,Completed,E-Wallet (GoPay/OVO),6.36
ORD_20888,CUST_2037,2023-09-15 19:00:00,Completed,BNPL,0.0
ORD_20889,CUST_1498,2023-10-19 00:00:00,Delivered,BNPL,3.85
ORD_20890,CUST_1559,2024-01-27 22:00:00,Completed,BNPL,3.41
ORD_20891,CUST_1037,2024-01-03 19:00:00,Completed,QRIS,0.0
ORD_20892,CUST_1832,2023-12-15 02:00:00,Completed,QRIS,0.0
ORD_20893,CUST_1512,2023-12-03 21:00:00,Completed,BNPL,6.11
ORD_20894,CUST_2040,2024-01-28 19:00:00,Cancelled,Credit Card,7.41
ORD_20895,CUST_2071,2023-04-26 17:00:00,Delivered,QRIS,8.64
ORD_20896,CUST_1790,2024-07-30 18:00:00,Completed,Virtual Account Bank Transfer,5.05
ORD_20897,CUST_1751,2024-01-14 04:00:00,Completed,E-Wallet (GoPay/OVO),0.0
ORD_20898,CUST_1024,2023-04-05 13:00:00,Completed,BNPL,0.0
ORD_20899,CUST_1718,2023-09-28 12:00:00,Completed,Credit Card,4.18
ORD_20900,CUST_1598,2023-07-22 15:00:00,Completed,Virtual Account Bank Transfer,2.98
ORD_20901,CUST_1775,2024-01-08 19:00:00,Completed,Credit Card,6.39
ORD_20902,CUST_2083,2023-07-23 07:00:00,Shipped,Credit Card,4.44
ORD_20903,CUST_1256,2024-11-06 09:00:00,Completed,BNPL,0.0
ORD_20904,CUST_1757,2023-05-20 22:00:00,Shipped,E-Wallet (GoPay/OVO),0.0
ORD_20905,CUST_1036,2023-06-27 00:00:00,Completed,BNPL,0.0
ORD_20906,CUST_1366,2023-04-29 16:00:00,Completed,Credit Card,4.56
ORD_20907,CUST_1230,2023-08-02 23:00:00,Completed,QRIS,0.0
ORD_20908,CUST_1900,2023-12-22 17:00:00,Completed,BNPL,0.0
ORD_20909,CUST_2098,2024-01-26 23:00:00,Completed,Credit Card,0.0
ORD_20910,CUST_1289,2024-01-06 08:00:00,Completed,E-Wallet (GoPay/OVO),3.44
ORD_20911,CUST_1857,2023-08-04 12:00:00,Shipped,BNPL,3.96
ORD_20912,CUST_1013,2024-05-07 19:00:00,Completed,Virtual Account Bank Transfer,3.01
ORD_20913,CUST_1300,2023-06-11 15:00:00,Completed,E-Wallet (GoPay/OVO),0.0
ORD_20914,CUST_1202,2024-07-02 15:00:00,Completed,Virtual Account Bank Transfer,3.69
ORD_20915,CUST_1565,2023-07-27 13:00:00,Completed,BNPL,7.08
ORD_20916,CUST_2105,2024-04-30 05:00:00,Completed,BNPL,5.57
ORD_20917,CUST_1805,2024-02-12 02:00:00,Completed,BNPL,0.0
ORD_20918,CUST_1272,2023-09-22 11:00:00,Completed,Virtual Account Bank Transfer,5.77
ORD_20919,CUST_2033,2023-11-20 21:00:00,Completed,QRIS,0.0
ORD_20920,CUST_1059,2023-10-31 21:00:00,Completed,Virtual Account Bank Transfer,4.95
ORD_20921,CUST_2130,2023-04-18 21:00:00,Completed,E-Wallet (GoPay/OVO),3.13
ORD_20922,CUST_1949,2024-05-10 15:00:00,Cancelled,QRIS,6.78
ORD_20923,CUST_1835,2023-10-26 04:00:00,Completed,Virtual Account Bank Transfer,0.0
ORD_20924,CUST_1933,2023-10-17 10:00:00,Completed,BNPL,0.0
ORD_20925,CUST_1968,2024-06-27 09:00:00,Completed,QRIS,0.0
ORD_20926,CUST_1532,2024-05-18 15:00:00,Completed,BNPL,4.73
ORD_20927,CUST_1553,2023-04-01 18:00:00,Completed,Virtual Account Bank Transfer,0.0
ORD_20928,CUST_1805,2024-03-09 13:00:00,Shipped,BNPL,0.0
ORD_20929,CUST_1436,2023-08-26 07:00:00,Completed,QRIS,4.4
ORD_20930,CUST_1592,2024-07-12 17:00:00,Completed,BNPL,7.13
ORD_20931,CUST_1389,2024-04-10 04:00:00,Completed,QRIS,7.11
ORD_20932,CUST_1079,2024-06-09 21:00:00,Cancelled,Credit Card,0.0
ORD_20933,CUST_1017,2024-01-30 17:00:00,Completed,E-Wallet (GoPay/OVO),5.91
ORD_20934,CUST_1058,2024-02-22 16:00:00,Returned,Virtual Account Bank Transfer,7.31
ORD_20935,CUST_2107,2024-04-01 02:00:00,Completed,BNPL,4.93
ORD_20936,CUST_1948,2023-05-22 19:00:00,Completed,QRIS,2.86
ORD_20937,CUST_1066,2023-09-18 12:00:00,Completed,QRIS,4.85
ORD_20938,CUST_2057,2023-10-03 09:00:00,Completed,Credit Card,0.0
ORD_20939,CUST_1079,2024-06-15 22:00:00,Shipped,Credit Card,4.45
ORD_20940,CUST_1620,2023-07-06 20:00:00,Delivered,Virtual Account Bank Transfer,0.0
ORD_20941,CUST_2139,2024-01-08 17:00:00,Completed,QRIS,0.0
ORD_20942,CUST_2166,2024-03-09 01:00:00,Completed,QRIS,0.0
ORD_20943,CUST_2008,2024-01-30 16:00:00,Completed,Virtual Account Bank Transfer,7.73
ORD_20944,CUST_1371,2023-10-11 19:00:00,Completed,Virtual Account Bank Transfer,0.0
ORD_20945,CUST_2152,2024-01-04 06:00:00,Completed,QRIS,8.08
ORD_20946,CUST_1416,2024-01-28 20:00:00,Completed,E-Wallet (GoPay/OVO),0.0
ORD_20947,CUST_1331,2023-11-18 02:00:00,Shipped,E-Wallet (GoPay/OVO),0.0
ORD_20948,CUST_1911,2024-10-18 19:00:00,Completed,Virtual Account Bank Transfer,8.08
ORD_20949,CUST_1970,2024-01-26 01:00:00,Delivered,Virtual Account Bank Transfer,0.0
ORD_20950,CUST_1639,2024-04-03 17:00:00,Completed,Credit Card,3.77
ORD_20951,CUST_1534,2023-04-18 16:00:00,Completed,Virtual Account Bank Transfer,5.41
ORD_20952,CUST_1308,2023-02-15 13:00:00,Completed,QRIS,6.35
ORD_20953,CUST_1250,2024-05-24 07:00:00,Delivered,E-Wallet (GoPay/OVO),0.0
ORD_20954,CUST_2093,2024-08-12 18:00:00,Completed,Credit Card,5.62
ORD_20955,CUST_1775,2023-12-28 14:00:00,Shipped,Virtual Account Bank Transfer,8.29
ORD_20956,CUST_1211,2024-05-23 16:00:00,Completed,Virtual Account Bank Transfer,0.0
ORD_20957,CUST_1335,2024-03-16 22:00:00,Delivered,QRIS,4.82
ORD_20958,CUST_1698,2024-07-28 17:00:00,Completed,QRIS,8.09
ORD_20959,CUST_1541,2023-09-14 09:00:00,Completed,QRIS,2.83
ORD_20960,CUST_1372,2023-02-17 02:00:00,Completed,Credit Card,3.47
ORD_20961,CUST_1097,2024-06-10 18:00:00,Completed,Virtual Account Bank Transfer,0.0
ORD_20962,CUST_1684,2024-01-27 12:00:00,Cancelled,QRIS,4.16
ORD_20963,CUST_2190,2023-09-10 19:00:00,Completed,Credit Card,0.0
ORD_20964,CUST_1674,2023-05-11 11:00:00,Completed,Credit Card,3.59
ORD_20965,CUST_1352,2024-07-11 17:00:00,Completed,Credit Card,5.42
ORD_20966,CUST_1919,2024-03-06 01:00:00,Completed,BNPL,3.08
ORD_20967,CUST_1357,2024-08-10 17:00:00,Completed,E-Wallet (GoPay/OVO),0.0
ORD_20968,CUST_1219,2023-08-06 20:00:00,Delivered,E-Wallet (GoPay/OVO),0.0
ORD_20969,CUST_1738,2024-02-26 19:00:00,Completed,BNPL,7.33
ORD_20970,CUST_1987,2023-01-12 02:00:00,Completed,Credit Card,0.0
ORD_20971,CUST_2060,2023-05-30 02:00:00,Completed,BNPL,6.7
ORD_20972,CUST_1903,2023-07-06 13:00:00,Completed,QRIS,4.54
ORD_20973,CUST_1008,2023-11-03 18:00:00,Returned,QRIS,0.0
ORD_20974,CUST_1518,2023-10-17 05:00:00,Completed,QRIS,6.62
ORD_20975,CUST_1891,2023-04-21 03:00:00,Cancelled,QRIS,3.62
ORD_20976,CUST_1825,2024-03-29 12:00:00,Completed,Virtual Account Bank Transfer,3.83
ORD_20977,CUST_2084,2023-02-20 10:00:00,Shipped,E-Wallet (GoPay/OVO),5.09
ORD_20978,CUST_1590,2024-06-23 21:00:00,Delivered,QRIS,8.67
ORD_20979,CUST_1405,2024-02-17 23:00:00,Completed,QRIS,3.29
ORD_20980,CUST_1625,2024-04-04 13:00:00,Completed,QRIS,5.55
ORD_20981,CUST_1022,2023-12-17 08:00:00,Completed,E-Wallet (GoPay/OVO),4.89
ORD_20982,CUST_1207,2023-09-23 14:00:00,Completed,QRIS,6.87
ORD_20983,CUST_1963,2024-03-14 07:00:00,Completed,Virtual Account Bank Transfer,3.97
ORD_20984,CUST_2136,2023-07-21 14:00:00,Completed,QRIS,0.0
ORD_20985,CUST_2034,2023-10-21 09:00:00,Completed,BNPL,8.85
ORD_20986,CUST_1201,2023-01-21 18:00:00,Completed,E-Wallet (GoPay/OVO),6.2
ORD_20987,CUST_2032,2023-03-21 18:00:00,Completed,Credit Card,4.34
ORD_20988,CUST_1446,2024-03-07 15:00:00,Completed,QRIS,3.73
ORD_20989,CUST_1757,2023-06-18 17:00:00,Completed,BNPL,6.54
ORD_20990,CUST_1286,2024-04-09 17:00:00,Delivered,Credit Card,7.55
ORD_20991,CUST_1412,2024-06-23 20:00:00,Completed,BNPL,0.0
ORD_20992,CUST_1704,2023-09-15 16:00:00,Completed,Virtual Account Bank Transfer,5.29
ORD_20993,CUST_1306,2024-04-12 22:00:00,Delivered,BNPL,5.25
ORD_20994,CUST_1403,2023-11-25 22:00:00,Completed,BNPL,6.46
ORD_20995,CUST_1301,2023-06-21 14:00:00,Completed,Virtual Account Bank Transfer,6.03
ORD_20996,CUST_2091,2023-03-17 08:00:00,Completed,BNPL,3.72
ORD_20997,CUST_1038,2023-12-03 20:00:00,Completed,Credit Card,0.0
ORD_20998,CUST_1233,2024-11-12 23:00:00,Completed,Credit Card,6.21
ORD_20999,CUST_1928,2023-10-10 07:00:00,Completed,Credit Card,0.0
ORD_21000,CUST_1275,2023-04-12 22:00:00,Completed,BNPL,3.85
ORD_21001,CUST_1039,2023-05-18 15:00:00,Completed,Virtual Account Bank Transfer,0.0
ORD_21002,CUST_2069,2024-01-01 02:00:00,Completed,E-Wallet (GoPay/OVO),7.45
ORD_21003,CUST_1819,2024-06-21 05:00:00,Completed,E-Wallet (GoPay/OVO),0.0
ORD_21004,CUST_1423,2024-04-28 17:00:00,Completed,BNPL,6.32
ORD_21005,CUST_2090,2024-06-10 10:00:00,Delivered,Credit Card,0.0
ORD_21006,CUST_2161,2023-11-30 08:00:00,Completed,QRIS,0.0
ORD_21007,CUST_1898,2024-06-18 18:00:00,Completed,E-Wallet (GoPay/OVO),0.0
ORD_21008,CUST_1988,2023-11-21 20:00:00,Shipped,E-Wallet (GoPay/OVO),4.43
ORD_21009,CUST_1283,2024-12-31 17:00:00,Shipped,Virtual Account Bank Transfer,3.35
ORD_21010,CUST_2105,2024-06-23 16:00:00,Completed,BNPL,0.0
ORD_21011,CUST_1233,2024-08-10 18:00:00,Completed,Virtual Account Bank Transfer,0.0
ORD_21012,CUST_1897,2024-02-16 03:00:00,Shipped,E-Wallet (GoPay/OVO),0.0
ORD_21013,CUST_1018,2024-10-09 15:00:00,Completed,QRIS,0.0
ORD_21014,CUST_2099,2023-10-18 00:00:00,Completed,BNPL,7.98
ORD_21015,CUST_1677,2023-03-26 16:00:00,Cancelled,QRIS,6.75
ORD_21016,CUST_1444,2024-03-12 06:00:00,Shipped,E-Wallet (GoPay/OVO),7.5
ORD_21017,CUST_1644,2023-05-24 21:00:00,Shipped,Credit Card,3.07
ORD_21018,CUST_2141,2023-10-13 07:00:00,Cancelled,E-Wallet (GoPay/OVO),0.0
ORD_21019,CUST_1805,2024-04-03 11:00:00,Completed,Virtual Account Bank Transfer,0.0
ORD_21020,CUST_1780,2023-08-12 11:00:00,Completed,E-Wallet (GoPay/OVO),0.0
ORD_21021,CUST_1790,2024-04-27 20:00:00,Completed,Credit Card,0.0
ORD_21022,CUST_1766,2024-12-18 01:00:00,Completed,BNPL,0.0
ORD_21023,CUST_1765,2023-11-18 22:00:00,Completed,QRIS,6.97
ORD_21024,CUST_1381,2024-01-05 06:00:00,Completed,QRIS,5.24
ORD_21025,CUST_2167,2023-06-22 04:00:00,Completed,E-Wallet (GoPay/OVO),7.99
ORD_21026,CUST_1446,2024-07-12 05:00:00,Completed,Credit Card,0.0
ORD_21027,CUST_1109,2023-12-15 06:00:00,Completed,Virtual Account Bank Transfer,4.39
ORD_21028,CUST_1085,2024-04-16 13:00:00,Completed,Credit Card,3.02
ORD_21029,CUST_1324,2024-05-15 19:00:00,Shipped,Credit Card,0.0
ORD_21030,CUST_1217,2023-10-18 14:00:00,Completed,BNPL,0.0
ORD_21031,CUST_1731,2023-02-21 04:00:00,Completed,Virtual Account Bank Transfer,5.65
ORD_21032,CUST_1601,2023-05-23 14:00:00,Delivered,Credit Card,0.0
ORD_21033,CUST_1910,2023-05-28 19:00:00,Completed,Credit Card,6.15
ORD_21034,CUST_1884,2023-04-13 08:00:00,Completed,BNPL,6.94
ORD_21035,CUST_2104,2024-02-02 10:00:00,Completed,BNPL,0.0
ORD_21036,CUST_2193,2023-09-16 12:00:00,Completed,QRIS,8.92
ORD_21037,CUST_1614,2023-05-22 16:00:00,Completed,BNPL,0.0
ORD_21038,CUST_1331,2023-12-21 03:00:00,Completed,E-Wallet (GoPay/OVO),0.0
ORD_21039,CUST_1222,2023-12-13 20:00:00,Completed,Virtual Account Bank Transfer,7.69
ORD_21040,CUST_2162,2024-05-13 18:00:00,Completed,BNPL,0.0
ORD_21041,CUST_1897,2025-07-27 19:00:00,Completed,E-Wallet (GoPay/OVO),0.0
ORD_21042,CUST_2198,2024-07-02 08:00:00,Completed,E-Wallet (GoPay/OVO),2.52
ORD_21043,CUST_2190,2023-08-05 19:00:00,Completed,QRIS,0.0
ORD_21044,CUST_1285,2024-02-03 16:00:00,Completed,E-Wallet (GoPay/OVO),5.8
ORD_21045,CUST_1705,2024-02-16 07:00:00,Completed,Credit Card,8.76
ORD_21046,CUST_1684,2024-01-28 05:00:00,Delivered,Virtual Account Bank Transfer,0.0
ORD_21047,CUST_1758,2024-06-21 11:00:00,Completed,E-Wallet (GoPay/OVO),7.1
ORD_21048,CUST_1804,2023-03-24 14:00:00,Completed,Credit Card,0.0
ORD_21049,CUST_1208,2024-02-25 03:00:00,Completed,Credit Card,3.67
ORD_21050,CUST_1244,2024-04-10 22:00:00,Completed,BNPL,0.0
ORD_21051,CUST_1852,2024-03-10 14:00:00,Completed,BNPL,0.0
ORD_21052,CUST_1863,2023-06-18 03:00:00,Completed,Credit Card,0.0
ORD_21053,CUST_1492,2023-03-01 14:00:00,Shipped,Credit Card,0.0
ORD_21054,CUST_1039,2023-05-07 02:00:00,Completed,Virtual Account Bank Transfer,6.22
ORD_21055,CUST_1156,2024-05-13 06:00:00,Completed,QRIS,5.82
ORD_21056,CUST_1654,2023-06-22 03:00:00,Completed,Credit Card,8.75
ORD_21057,CUST_2140,2024-04-24 10:00:00,Completed,BNPL,0.0
ORD_21058,CUST_1016,2023-08-17 08:00:00,Cancelled,Virtual Account Bank Transfer,4.95
ORD_21059,CUST_2097,2024-06-09 21:00:00,Completed,Virtual Account Bank Transfer,0.0
ORD_21060,CUST_1390,2024-01-05 09:00:00,Completed,E-Wallet (GoPay/OVO),2.66
ORD_21061,CUST_1992,2024-03-23 07:00:00,Shipped,E-Wallet (GoPay/OVO),0.0
ORD_21062,CUST_1973,2023-07-05 17:00:00,Completed,E-Wallet (GoPay/OVO),0.0
ORD_21063,CUST_1136,2023-09-25 22:00:00,Completed,BNPL,2.65
ORD_21064,CUST_1806,2023-07-01 16:00:00,Completed,Virtual Account Bank Transfer,5.78
ORD_21065,CUST_1074,2024-02-09 06:00:00,Completed,Credit Card,4.36
ORD_21066,CUST_1330,2024-02-17 12:00:00,Completed,QRIS,0.0
ORD_21067,CUST_1562,2023-10-07 16:00:00,Returned,QRIS,0.0
ORD_21068,CUST_1236,2024-03-18 08:00:00,Completed,Virtual Account Bank Transfer,0.0
ORD_21069,CUST_1420,2023-09-19 18:00:00,Completed,BNPL,0.0
ORD_21070,CUST_2001,2024-06-28 16:00:00,Completed,Virtual Account Bank Transfer,3.62
ORD_21071,CUST_1866,2023-10-19 01:00:00,Delivered,QRIS,0.0
ORD_21072,CUST_1533,2024-06-05 05:00:00,Completed,QRIS,4.64
ORD_21073,CUST_1549,2024-05-13 11:00:00,Delivered,BNPL,2.79
ORD_21074,CUST_1543,2023-06-28 22:00:00,Delivered,QRIS,0.0
ORD_21075,CUST_1113,2024-01-29 09:00:00,Completed,E-Wallet (GoPay/OVO),0.0
ORD_21076,CUST_1508,2024-06-20 23:00:00,Completed,Credit Card,8.07
ORD_21077,CUST_2180,2024-04-24 15:00:00,Completed,Credit Card,0.0
ORD_21078,CUST_1567,2023-06-16 20:00:00,Completed,E-Wallet (GoPay/OVO),0.0
ORD_21079,CUST_1596,2023-04-11 17:00:00,Returned,Virtual Account Bank Transfer,0.0
ORD_21080,CUST_1475,2023-11-13 05:00:00,Completed,BNPL,5.15
ORD_21081,CUST_1469,2024-03-03 18:00:00,Completed,BNPL,6.69
ORD_21082,CUST_1766,2023-12-26 18:00:00,Completed,QRIS,0.0
ORD_21083,CUST_2192,2023-08-14 21:00:00,Delivered,Credit Card,0.0
ORD_21084,CUST_1196,2023-12-13 03:00:00,Shipped,E-Wallet (GoPay/OVO),8.58
ORD_21085,CUST_2151,2023-05-05 01:00:00,Completed,BNPL,3.23
ORD_21086,CUST_1171,2023-01-30 06:00:00,Completed,Virtual Account Bank Transfer,7.09
ORD_21087,CUST_1508,2024-04-02 04:00:00,Shipped,Virtual Account Bank Transfer,3.48
ORD_21088,CUST_1904,2024-11-02 04:00:00,Completed,QRIS,0.0
ORD_21089,CUST_2047,2023-06-14 08:00:00,Returned,BNPL,7.13
ORD_21090,CUST_2132,2023-07-12 15:00:00,Completed,Credit Card,7.82
ORD_21091,CUST_2038,2023-12-20 02:00:00,Completed,E-Wallet (GoPay/OVO),2.94
ORD_21092,CUST_1893,2024-04-04 16:00:00,Completed,BNPL,0.0
ORD_21093,CUST_1260,2023-09-12 18:00:00,Completed,Virtual Account Bank Transfer,7.06
ORD_21094,CUST_1302,2023-06-11 15:00:00,Completed,Credit Card,3.94
ORD_21095,CUST_1213,2024-06-12 15:00:00,Completed,QRIS,6.77
ORD_21096,CUST_1112,2023-12-19 20:00:00,Shipped,E-Wallet (GoPay/OVO),0.0
ORD_21097,CUST_1542,2023-07-05 09:00:00,Returned,BNPL,7.31
ORD_21098,CUST_1046,2023-06-17 07:00:00,Completed,Credit Card,8.26
ORD_21099,CUST_1688,2023-03-20 18:00:00,Delivered,BNPL,4.54
ORD_21100,CUST_1378,2024-02-13 17:00:00,Completed,Credit Card,4.82
ORD_21101,CUST_1257,2023-08-07 12:00:00,Completed,BNPL,6.41
ORD_21102,CUST_1610,2024-04-06 19:00:00,Completed,QRIS,5.54
ORD_21103,CUST_1748,2024-04-11 00:00:00,Completed,E-Wallet (GoPay/OVO),8.07
ORD_21104,CUST_1169,2023-02-25 12:00:00,Completed,Credit Card,0.0
ORD_21105,CUST_1161,2023-12-17 03:00:00,Completed,Virtual Account Bank Transfer,6.4
ORD_21106,CUST_1704,2023-04-10 08:00:00,Completed,Virtual Account Bank Transfer,0.0
ORD_21107,CUST_1516,2023-08-12 06:00:00,Completed,E-Wallet (GoPay/OVO),0.0
ORD_21108,CUST_1741,2023-09-27 11:00:00,Completed,QRIS,8.97
ORD_21109,CUST_1726,2023-11-24 23:00:00,Completed,QRIS,6.42
ORD_21110,CUST_1741,2024-01-29 17:00:00,Returned,QRIS,8.99
ORD_21111,CUST_1727,2023-08-27 05:00:00,Completed,QRIS,0.0
ORD_21112,CUST_1222,2023-09-07 09:00:00,Completed,E-Wallet (GoPay/OVO),0.0
ORD_21113,CUST_1035,2023-12-08 23:00:00,Completed,BNPL,4.97
ORD_21114,CUST_1090,2024-04-12 09:00:00,Completed,Virtual Account Bank Transfer,0.0
ORD_21115,CUST_1481,2023-05-05 19:00:00,Completed,Virtual Account Bank Transfer,0.0
ORD_21116,CUST_2038,2023-11-03 20:00:00,Completed,Virtual Account Bank Transfer,2.63
ORD_21117,CUST_1515,2024-03-24 04:00:00,Completed,QRIS,4.84
ORD_21118,CUST_1347,2023-04-01 22:00:00,Completed,QRIS,7.65
ORD_21119,CUST_2132,2023-01-19 16:00:00,Completed,E-Wallet (GoPay/OVO),0.0
ORD_21120,CUST_1607,2024-05-14 03:00:00,Delivered,Credit Card,5.11
ORD_21121,CUST_2108,2023-04-18 08:00:00,Completed,QRIS,0.0
ORD_21122,CUST_1573,2024-01-24 05:00:00,Shipped,BNPL,2.62
ORD_21123,CUST_1907,2023-05-17 01:00:00,Completed,E-Wallet (GoPay/OVO),2.53
ORD_21124,CUST_2054,2024-02-12 21:00:00,Delivered,E-Wallet (GoPay/OVO),7.18
ORD_21125,CUST_1168,2024-07-23 14:00:00,Delivered,BNPL,7.65
ORD_21126,CUST_2195,2023-09-06 14:00:00,Completed,Credit Card,4.21
ORD_21127,CUST_2131,2023-11-17 01:00:00,Completed,BNPL,6.25
ORD_21128,CUST_2004,2024-02-02 02:00:00,Completed,Virtual Account Bank Transfer,0.0
ORD_21129,CUST_1626,2024-03-30 23:00:00,Shipped,Virtual Account Bank Transfer,8.2
ORD_21130,CUST_2004,2024-04-28 22:00:00,Completed,Virtual Account Bank Transfer,4.83
ORD_21131,CUST_1939,2023-04-07 13:00:00,Completed,Virtual Account Bank Transfer,0.0
ORD_21132,CUST_1249,2024-03-12 14:00:00,Completed,QRIS,8.34
ORD_21133,CUST_1457,2023-07-01 13:00:00,Shipped,E-Wallet (GoPay/OVO),3.31
ORD_21134,CUST_1453,2023-07-02 02:00:00,Completed,QRIS,5.28
ORD_21135,CUST_1210,2023-12-03 06:00:00,Completed,Virtual Account Bank Transfer,5.2
ORD_21136,CUST_1679,2024-07-20 02:00:00,Cancelled,Credit Card,6.8
ORD_21137,CUST_2064,2023-09-05 16:00:00,Completed,E-Wallet (GoPay/OVO),0.0
ORD_21138,CUST_1258,2023-06-02 18:00:00,Completed,BNPL,4.14
ORD_21139,CUST_1774,2024-02-29 09:00:00,Delivered,Credit Card,3.71
ORD_21140,CUST_1395,2024-03-16 03:00:00,Completed,E-Wallet (GoPay/OVO),0.0
ORD_21141,CUST_1257,2023-08-16 01:00:00,Completed,Credit Card,7.43
ORD_21142,CUST_2011,2024-03-04 00:00:00,Cancelled,Credit Card,8.56
ORD_21143,CUST_1690,2023-09-19 23:00:00,Shipped,QRIS,7.94
ORD_21144,CUST_1886,2023-05-06 20:00:00,Completed,Virtual Account Bank Transfer,4.63
ORD_21145,CUST_1830,2023-09-26 18:00:00,Completed,QRIS,6.49
ORD_21146,CUST_1185,2023-06-18 07:00:00,Delivered,QRIS,3.99
ORD_21147,CUST_1301,2023-06-12 02:00:00,Completed,E-Wallet (GoPay/OVO),5.44
ORD_21148,CUST_1661,2023-03-06 02:00:00,Completed,Credit Card,0.0
ORD_21149,CUST_1584,2024-01-18 05:00:00,Completed,Virtual Account Bank Transfer,3.4
ORD_21150,CUST_1194,2023-12-20 17:00:00,Shipped,Virtual Account Bank Transfer,5.12
ORD_21151,CUST_1814,2023-05-07 12:00:00,Completed,QRIS,0.0
ORD_21152,CUST_1998,2024-05-01 06:00:00,Delivered,Credit Card,0.0
ORD_21153,CUST_1474,2023-02-08 11:00:00,Completed,QRIS,5.65
ORD_21154,CUST_1085,2024-10-04 18:00:00,Completed,Credit Card,7.85
ORD_21155,CUST_1029,2023-11-18 22:00:00,Completed,E-Wallet (GoPay/OVO),6.36
ORD_21156,CUST_1646,2024-12-11 16:00:00,Cancelled,BNPL,8.44
ORD_21157,CUST_1927,2024-04-16 12:00:00,Completed,Credit Card,0.0
ORD_21158,CUST_2029,2023-10-04 07:00:00,Delivered,Virtual Account Bank Transfer,8.57
ORD_21159,CUST_1628,2024-02-28 06:00:00,Completed,Credit Card,8.89
ORD_21160,CUST_1010,2024-03-13 17:00:00,Completed,Credit Card,6.07
ORD_21161,CUST_1067,2023-04-15 15:00:00,Completed,Credit Card,0.0
ORD_21162,CUST_1958,2024-05-07 18:00:00,Completed,BNPL,0.0
ORD_21163,CUST_1139,2024-02-26 13:00:00,Completed,QRIS,7.45
ORD_21164,CUST_1074,2024-10-04 15:00:00,Delivered,Credit Card,3.09
ORD_21165,CUST_1511,2023-05-05 18:00:00,Returned,BNPL,7.56
ORD_21166,CUST_1801,2024-05-11 21:00:00,Completed,QRIS,7.85
ORD_21167,CUST_1586,2023-05-06 19:00:00,Shipped,Credit Card,0.0
ORD_21168,CUST_2034,2023-09-17 01:00:00,Completed,Credit Card,3.59
ORD_21169,CUST_1917,2025-02-23 10:00:00,Completed,Credit Card,7.8
ORD_21170,CUST_1587,2025-01-28 15:00:00,Completed,QRIS,3.89
ORD_21171,CUST_2191,2024-03-27 09:00:00,Shipped,Virtual Account Bank Transfer,0.0
ORD_21172,CUST_1241,2023-09-30 20:00:00,Delivered,E-Wallet (GoPay/OVO),0.0
ORD_21173,CUST_1527,2023-10-03 17:00:00,Completed,Virtual Account Bank Transfer,3.84
ORD_21174,CUST_1816,2024-02-01 14:00:00,Completed,QRIS,4.28
ORD_21175,CUST_1192,2024-02-07 03:00:00,Completed,E-Wallet (GoPay/OVO),0.0
ORD_21176,CUST_1519,2024-03-11 04:00:00,Completed,BNPL,0.0
ORD_21177,CUST_1074,2024-01-31 14:00:00,Delivered,QRIS,8.25
ORD_21178,CUST_1606,2023-09-17 22:00:00,Delivered,Credit Card,0.0
ORD_21179,CUST_2076,2024-01-30 21:00:00,Cancelled,QRIS,0.0
ORD_21180,CUST_1001,2024-01-02 06:00:00,Completed,BNPL,0.0
ORD_21181,CUST_1633,2023-09-23 22:00:00,Completed,Credit Card,5.54
ORD_21182,CUST_1955,2023-08-06 08:00:00,Completed,Virtual Account Bank Transfer,8.41
ORD_21183,CUST_2081,2023-11-14 06:00:00,Completed,E-Wallet (GoPay/OVO),0.0
ORD_21184,CUST_1904,2024-09-18 10:00:00,Completed,QRIS,2.83
ORD_21185,CUST_2039,2023-04-09 00:00:00,Completed,Virtual Account Bank Transfer,0.0
ORD_21186,CUST_1773,2023-09-26 20:00:00,Completed,Credit Card,0.0
ORD_21187,CUST_1884,2023-05-22 00:00:00,Completed,E-Wallet (GoPay/OVO),0.0
ORD_21188,CUST_1121,2024-01-09 05:00:00,Completed,Credit Card,2.6
ORD_21189,CUST_1540,2024-07-24 15:00:00,Completed,Credit Card,8.61
ORD_21190,CUST_2098,2024-06-30 06:00:00,Completed,BNPL,7.29
ORD_21191,CUST_1383,2024-03-02 15:00:00,Shipped,E-Wallet (GoPay/OVO),5.17
ORD_21192,CUST_2060,2023-04-21 18:00:00,Completed,Virtual Account Bank Transfer,0.0
ORD_21193,CUST_1039,2024-04-16 11:00:00,Completed,QRIS,0.0
ORD_21194,CUST_2106,2023-08-01 15:00:00,Completed,BNPL,7.58
ORD_21195,CUST_1701,2024-12-20 12:00:00,Cancelled,Credit Card,4.22
ORD_21196,CUST_2034,2023-10-02 00:00:00,Completed,E-Wallet (GoPay/OVO),6.74
ORD_21197,CUST_2172,2023-02-22 14:00:00,Completed,QRIS,0.0
ORD_21198,CUST_1242,2023-05-15 04:00:00,Shipped,Credit Card,8.44
ORD_21199,CUST_1016,2023-08-20 00:00:00,Shipped,E-Wallet (GoPay/OVO),0.0
ORD_21200,CUST_2060,2023-08-17 21:00:00,Completed,QRIS,6.14
ORD_21201,CUST_1382,2023-08-04 17:00:00,Delivered,Virtual Account Bank Transfer,8.52
ORD_21202,CUST_1927,2024-07-02 21:00:00,Completed,QRIS,4.77
ORD_21203,CUST_1087,2023-12-29 17:00:00,Completed,Virtual Account Bank Transfer,5.11
ORD_21204,CUST_1694,2024-02-11 14:00:00,Shipped,E-Wallet (GoPay/OVO),0.0
ORD_21205,CUST_1130,2024-03-19 15:00:00,Completed,E-Wallet (GoPay/OVO),5.79
ORD_21206,CUST_1765,2024-02-14 18:00:00,Completed,QRIS,3.11
ORD_21207,CUST_1340,2024-03-08 13:00:00,Shipped,QRIS,7.74
ORD_21208,CUST_2136,2023-08-01 01:00:00,Completed,BNPL,6.83
ORD_21209,CUST_1894,2024-10-10 23:00:00,Completed,Virtual Account Bank Transfer,0.0
ORD_21210,CUST_1181,2023-08-12 10:00:00,Completed,QRIS,8.91
ORD_21211,CUST_1993,2024-03-02 14:00:00,Completed,BNPL,4.27
ORD_21212,CUST_1914,2024-02-13 22:00:00,Completed,QRIS,3.73
ORD_21213,CUST_1685,2024-05-17 15:00:00,Completed,BNPL,0.0
ORD_21214,CUST_1245,2024-04-22 12:00:00,Completed,Virtual Account Bank Transfer,0.0
ORD_21215,CUST_2157,2023-05-10 05:00:00,Completed,BNPL,0.0
ORD_21216,CUST_1984,2023-12-25 22:00:00,Completed,Virtual Account Bank Transfer,0.0
ORD_21217,CUST_1701,2025-03-18 21:00:00,Completed,Virtual Account Bank Transfer,7.6
ORD_21218,CUST_1862,2023-05-12 05:00:00,Completed,QRIS,8.36
ORD_21219,CUST_1286,2024-03-28 04:00:00,Delivered,Credit Card,0.0
ORD_21220,CUST_2024,2024-02-14 08:00:00,Completed,Virtual Account Bank Transfer,0.0
ORD_21221,CUST_1179,2024-04-11 08:00:00,Completed,Virtual Account Bank Transfer,8.39
ORD_21222,CUST_2120,2023-10-09 13:00:00,Shipped,Virtual Account Bank Transfer,7.16
ORD_21223,CUST_1170,2023-09-30 17:00:00,Completed,QRIS,0.0
ORD_21224,CUST_1033,2023-10-24 02:00:00,Completed,E-Wallet (GoPay/OVO),0.0
ORD_21225,CUST_1009,2024-01-04 16:00:00,Completed,Virtual Account Bank Transfer,7.55
ORD_21226,CUST_2067,2024-01-11 07:00:00,Shipped,Credit Card,8.91
ORD_21227,CUST_2012,2024-06-10 23:00:00,Completed,QRIS,8.09
ORD_21228,CUST_1184,2023-02-27 09:00:00,Completed,Credit Card,0.0
ORD_21229,CUST_2093,2024-06-05 05:00:00,Completed,BNPL,0.0
ORD_21230,CUST_1084,2023-08-09 11:00:00,Completed,Credit Card,0.0
ORD_21231,CUST_1733,2024-01-31 20:00:00,Shipped,BNPL,6.91
ORD_21232,CUST_1526,2023-08-27 20:00:00,Completed,E-Wallet (GoPay/OVO),0.0
ORD_21233,CUST_2184,2023-04-26 22:00:00,Completed,Virtual Account Bank Transfer,4.39
ORD_21234,CUST_1691,2024-05-19 09:00:00,Completed,BNPL,7.17
ORD_21235,CUST_1736,2023-08-30 21:00:00,Completed,E-Wallet (GoPay/OVO),7.43
ORD_21236,CUST_2055,2023-05-08 05:00:00,Completed,Virtual Account Bank Transfer,6.79
ORD_21237,CUST_1760,2023-06-25 20:00:00,Completed,Virtual Account Bank Transfer,0.0
ORD_21238,CUST_1560,2023-06-19 14:00:00,Completed,Virtual Account Bank Transfer,8.49
ORD_21239,CUST_1110,2023-07-31 11:00:00,Completed,Credit Card,5.85
ORD_21240,CUST_1521,2023-07-23 08:00:00,Completed,E-Wallet (GoPay/OVO),0.0
ORD_21241,CUST_1220,2023-02-16 15:00:00,Completed,E-Wallet (GoPay/OVO),7.19
ORD_21242,CUST_2022,2024-01-23 02:00:00,Shipped,E-Wallet (GoPay/OVO),4.63
ORD_21243,CUST_1207,2023-11-16 09:00:00,Delivered,QRIS,2.87
ORD_21244,CUST_1896,2024-01-28 08:00:00,Completed,Credit Card,0.0
ORD_21245,CUST_2055,2023-12-22 02:00:00,Completed,E-Wallet (GoPay/OVO),0.0
ORD_21246,CUST_1344,2023-04-30 02:00:00,Completed,E-Wallet (GoPay/OVO),8.76
ORD_21247,CUST_1962,2023-09-18 20:00:00,Cancelled,BNPL,6.83
ORD_21248,CUST_1878,2023-10-29 07:00:00,Completed,QRIS,0.0
ORD_21249,CUST_1897,2024-02-13 14:00:00,Shipped,QRIS,7.22
ORD_21250,CUST_2169,2023-08-07 13:00:00,Delivered,Credit Card,0.0
ORD_21251,CUST_1797,2024-05-12 04:00:00,Completed,Virtual Account Bank Transfer,7.45
ORD_21252,CUST_1524,2023-10-20 06:00:00,Completed,Credit Card,0.0
ORD_21253,CUST_2027,2023-08-25 05:00:00,Completed,E-Wallet (GoPay/OVO),0.0
ORD_21254,CUST_1758,2024-09-08 22:00:00,Completed,BNPL,0.0
ORD_21255,CUST_1708,2024-01-26 00:00:00,Shipped,Virtual Account Bank Transfer,0.0
ORD_21256,CUST_1595,2024-04-19 01:00:00,Completed,BNPL,0.0
ORD_21257,CUST_2142,2024-03-03 00:00:00,Completed,Virtual Account Bank Transfer,4.29
ORD_21258,CUST_1711,2023-08-12 00:00:00,Completed,Virtual Account Bank Transfer,2.84
ORD_21259,CUST_1216,2024-02-16 21:00:00,Completed,QRIS,6.47
ORD_21260,CUST_1977,2024-06-02 02:00:00,Completed,Credit Card,8.75
ORD_21261,CUST_2030,2023-12-31 21:00:00,Completed,QRIS,0.0
ORD_21262,CUST_1553,2024-12-03 13:00:00,Shipped,QRIS,0.0
ORD_21263,CUST_1959,2023-08-14 11:00:00,Completed,QRIS,0.0
ORD_21264,CUST_1067,2023-03-25 13:00:00,Completed,QRIS,0.0
ORD_21265,CUST_2098,2024-01-22 18:00:00,Completed,Credit Card,0.0
ORD_21266,CUST_1757,2024-01-27 20:00:00,Completed,Virtual Account Bank Transfer,5.7
ORD_21267,CUST_2116,2024-02-19 10:00:00,Completed,Virtual Account Bank Transfer,0.0
ORD_21268,CUST_1859,2023-05-31 17:00:00,Completed,Virtual Account Bank Transfer,5.88
ORD_21269,CUST_1475,2024-01-06 19:00:00,Completed,Virtual Account Bank Transfer,5.95
ORD_21270,CUST_1027,2023-12-28 00:00:00,Completed,BNPL,5.93
ORD_21271,CUST_1212,2023-04-19 14:00:00,Completed,E-Wallet (GoPay/OVO),0.0
ORD_21272,CUST_1366,2023-05-02 08:00:00,Completed,E-Wallet (GoPay/OVO),0.0
ORD_21273,CUST_1450,2024-12-06 18:00:00,Completed,QRIS,5.17
ORD_21274,CUST_1742,2024-02-18 17:00:00,Completed,QRIS,5.07
ORD_21275,CUST_1394,2023-04-13 14:00:00,Completed,Credit Card,0.0
ORD_21276,CUST_1389,2024-10-24 09:00:00,Shipped,Credit Card,8.29
ORD_21277,CUST_1076,2024-02-20 15:00:00,Completed,QRIS,5.75
ORD_21278,CUST_1991,2023-10-20 05:00:00,Cancelled,BNPL,6.7
ORD_21279,CUST_1846,2024-10-19 22:00:00,Completed,Virtual Account Bank Transfer,2.58
ORD_21280,CUST_1820,2023-12-23 13:00:00,Shipped,QRIS,4.7
ORD_21281,CUST_2083,2023-09-09 11:00:00,Completed,QRIS,0.0
ORD_21282,CUST_1460,2023-12-17 05:00:00,Completed,Virtual Account Bank Transfer,0.0
ORD_21283,CUST_1309,2023-09-11 12:00:00,Delivered,QRIS,0.0
ORD_21284,CUST_2094,2023-10-25 20:00:00,Completed,Credit Card,3.28
ORD_21285,CUST_1407,2023-07-11 08:00:00,Completed,BNPL,2.82
ORD_21286,CUST_2170,2024-04-01 01:00:00,Completed,BNPL,7.25
ORD_21287,CUST_1177,2024-06-23 21:00:00,Delivered,BNPL,0.0
ORD_21288,CUST_1173,2023-05-17 21:00:00,Completed,Virtual Account Bank Transfer,0.0
ORD_21289,CUST_2137,2024-07-17 01:00:00,Completed,Virtual Account Bank Transfer,0.0
ORD_21290,CUST_1488,2024-11-01 14:00:00,Delivered,QRIS,2.54
ORD_21291,CUST_2004,2024-04-25 13:00:00,Completed,Virtual Account Bank Transfer,0.0
ORD_21292,CUST_1033,2023-11-07 01:00:00,Completed,QRIS,0.0
ORD_21293,CUST_1589,2023-04-17 08:00:00,Returned,QRIS,0.0
ORD_21294,CUST_1404,2023-10-28 21:00:00,Returned,Credit Card,3.55
ORD_21295,CUST_1143,2024-03-01 02:00:00,Shipped,BNPL,0.0
ORD_21296,CUST_1553,2023-06-21 18:00:00,Cancelled,QRIS,0.0
ORD_21297,CUST_1192,2023-07-10 09:00:00,Shipped,Virtual Account Bank Transfer,6.6
ORD_21298,CUST_1556,2024-04-08 01:00:00,Completed,Credit Card,4.19
ORD_21299,CUST_2161,2023-11-21 16:00:00,Shipped,E-Wallet (GoPay/OVO),0.0
ORD_21300,CUST_2057,2023-11-11 10:00:00,Completed,BNPL,7.96
ORD_21301,CUST_1588,2023-07-04 14:00:00,Shipped,BNPL,0.0
ORD_21302,CUST_2050,2024-02-24 07:00:00,Returned,QRIS,2.77
ORD_21303,CUST_1364,2023-10-26 06:00:00,Completed,E-Wallet (GoPay/OVO),5.22
ORD_21304,CUST_1191,2024-03-21 23:00:00,Returned,E-Wallet (GoPay/OVO),0.0
ORD_21305,CUST_1271,2023-10-02 10:00:00,Completed,Credit Card,4.25
ORD_21306,CUST_1856,2024-12-01 17:00:00,Cancelled,E-Wallet (GoPay/OVO),7.81
ORD_21307,CUST_1606,2023-07-28 06:00:00,Completed,QRIS,0.0
ORD_21308,CUST_1399,2023-06-26 13:00:00,Completed,Credit Card,7.02
ORD_21309,CUST_1732,2024-01-30 19:00:00,Completed,BNPL,0.0
ORD_21310,CUST_1824,2023-06-25 12:00:00,Completed,Virtual Account Bank Transfer,0.0
ORD_21311,CUST_1580,2024-02-28 19:00:00,Completed,E-Wallet (GoPay/OVO),7.13
ORD_21312,CUST_1129,2023-11-28 02:00:00,Shipped,BNPL,2.71
ORD_21313,CUST_1506,2023-10-24 23:00:00,Completed,QRIS,6.18
ORD_21314,CUST_1680,2023-05-07 22:00:00,Completed,E-Wallet (GoPay/OVO),0.0
ORD_21315,CUST_1847,2024-07-06 16:00:00,Completed,E-Wallet (GoPay/OVO),0.0
ORD_21316,CUST_2176,2023-12-03 22:00:00,Delivered,E-Wallet (GoPay/OVO),0.0
ORD_21317,CUST_1130,2024-04-09 00:00:00,Returned,Virtual Account Bank Transfer,2.53
ORD_21318,CUST_1621,2023-12-19 12:00:00,Completed,Virtual Account Bank Transfer,0.0
ORD_21319,CUST_1079,2024-06-05 01:00:00,Cancelled,Credit Card,7.15
ORD_21320,CUST_1600,2024-02-29 03:00:00,Completed,E-Wallet (GoPay/OVO),3.04
ORD_21321,CUST_1234,2024-05-26 05:00:00,Delivered,Virtual Account Bank Transfer,0.0
ORD_21322,CUST_1826,2024-03-05 12:00:00,Completed,E-Wallet (GoPay/OVO),2.88
ORD_21323,CUST_2037,2023-08-12 22:00:00,Completed,Credit Card,0.0
ORD_21324,CUST_1382,2023-08-26 21:00:00,Shipped,QRIS,4.43
ORD_21325,CUST_1718,2023-08-15 21:00:00,Completed,BNPL,8.54
ORD_21326,CUST_1038,2024-10-28 13:00:00,Shipped,QRIS,0.0
ORD_21327,CUST_1125,2024-07-22 15:00:00,Returned,BNPL,4.74
ORD_21328,CUST_1721,2023-03-14 16:00:00,Completed,E-Wallet (GoPay/OVO),0.0
ORD_21329,CUST_2007,2024-04-13 19:00:00,Completed,QRIS,8.38
ORD_21330,CUST_1602,2023-07-28 08:00:00,Completed,E-Wallet (GoPay/OVO),2.71
ORD_21331,CUST_2019,2023-07-31 18:00:00,Cancelled,BNPL,7.03
ORD_21332,CUST_2034,2023-12-23 09:00:00,Completed,Credit Card,0.0
ORD_21333,CUST_1580,2024-03-25 09:00:00,Completed,BNPL,0.0
ORD_21334,CUST_1810,2024-09-07 08:00:00,Completed,Credit Card,6.7
ORD_21335,CUST_1740,2025-02-15 16:00:00,Completed,Credit Card,0.0
ORD_21336,CUST_2147,2023-07-24 15:00:00,Completed,QRIS,0.0
ORD_21337,CUST_1392,2023-08-06 10:00:00,Completed,QRIS,0.0
ORD_21338,CUST_1952,2023-03-26 08:00:00,Shipped,E-Wallet (GoPay/OVO),0.0
ORD_21339,CUST_1185,2023-06-20 05:00:00,Cancelled,BNPL,0.0
ORD_21340,CUST_1652,2025-05-13 17:00:00,Completed,E-Wallet (GoPay/OVO),0.0
ORD_21341,CUST_1586,2023-06-06 12:00:00,Delivered,BNPL,0.0
ORD_21342,CUST_1973,2023-06-22 19:00:00,Completed,BNPL,8.72
ORD_21343,CUST_1792,2024-02-04 00:00:00,Completed,E-Wallet (GoPay/OVO),3.24
ORD_21344,CUST_1206,2023-12-14 07:00:00,Returned,BNPL,4.77
ORD_21345,CUST_1522,2023-09-18 23:00:00,Completed,QRIS,4.03
ORD_21346,CUST_1734,2024-11-16 10:00:00,Completed,QRIS,0.0
ORD_21347,CUST_1624,2023-02-11 00:00:00,Completed,E-Wallet (GoPay/OVO),0.0
ORD_21348,CUST_2161,2024-01-15 12:00:00,Shipped,Virtual Account Bank Transfer,4.32
ORD_21349,CUST_2113,2023-12-28 03:00:00,Completed,Virtual Account Bank Transfer,4.1
ORD_21350,CUST_1872,2023-10-23 14:00:00,Completed,Credit Card,2.75
ORD_21351,CUST_2005,2023-10-14 12:00:00,Delivered,E-Wallet (GoPay/OVO),0.0
ORD_21352,CUST_1518,2023-10-17 10:00:00,Completed,Credit Card,0.0
ORD_21353,CUST_1008,2024-11-10 07:00:00,Completed,QRIS,3.78
ORD_21354,CUST_1850,2023-12-10 01:00:00,Completed,Credit Card,6.69
ORD_21355,CUST_1766,2023-11-04 06:00:00,Shipped,E-Wallet (GoPay/OVO),3.99
ORD_21356,CUST_1540,2024-07-20 19:00:00,Completed,E-Wallet (GoPay/OVO),3.57
ORD_21357,CUST_2000,2023-08-23 22:00:00,Delivered,Credit Card,0.0
ORD_21358,CUST_1274,2024-09-16 14:00:00,Shipped,BNPL,0.0
ORD_21359,CUST_1064,2024-04-20 09:00:00,Completed,BNPL,4.84
ORD_21360,CUST_1444,2024-03-18 20:00:00,Shipped,Credit Card,0.0
ORD_21361,CUST_2164,2024-04-29 18:00:00,Completed,Credit Card,4.91
ORD_21362,CUST_1906,2023-08-06 14:00:00,Completed,QRIS,5.49
ORD_21363,CUST_1098,2024-06-13 06:00:00,Delivered,QRIS,0.0
ORD_21364,CUST_1750,2024-04-27 00:00:00,Completed,BNPL,5.49
ORD_21365,CUST_1251,2025-01-04 08:00:00,Shipped,E-Wallet (GoPay/OVO),3.93
ORD_21366,CUST_1836,2023-11-19 17:00:00,Shipped,E-Wallet (GoPay/OVO),0.0
ORD_21367,CUST_1218,2023-02-25 09:00:00,Completed,BNPL,4.39
ORD_21368,CUST_1918,2023-05-16 12:00:00,Completed,Credit Card,8.06
ORD_21369,CUST_1685,2024-06-24 09:00:00,Completed,BNPL,0.0
ORD_21370,CUST_1143,2024-07-18 20:00:00,Completed,QRIS,0.0
ORD_21371,CUST_1423,2024-04-04 12:00:00,Completed,QRIS,2.63
ORD_21372,CUST_1424,2023-12-08 02:00:00,Completed,BNPL,0.0
ORD_21373,CUST_1623,2024-02-22 17:00:00,Completed,QRIS,4.03
ORD_21374,CUST_1174,2024-07-04 06:00:00,Completed,QRIS,3.74
ORD_21375,CUST_2106,2023-09-03 02:00:00,Shipped,Virtual Account Bank Transfer,0.0
ORD_21376,CUST_2010,2024-08-23 02:00:00,Shipped,Virtual Account Bank Transfer,5.95
ORD_21377,CUST_1192,2023-06-17 06:00:00,Completed,Credit Card,6.98
ORD_21378,CUST_1772,2024-04-16 11:00:00,Shipped,Virtual Account Bank Transfer,8.53
ORD_21379,CUST_1184,2023-05-14 07:00:00,Completed,E-Wallet (GoPay/OVO),6.1
ORD_21380,CUST_1930,2025-01-08 21:00:00,Completed,QRIS,0.0
ORD_21381,CUST_1531,2024-01-02 19:00:00,Shipped,Virtual Account Bank Transfer,0.0
ORD_21382,CUST_1098,2024-11-16 08:00:00,Completed,Virtual Account Bank Transfer,0.0
ORD_21383,CUST_1614,2023-11-17 12:00:00,Completed,Virtual Account Bank Transfer,7.9
ORD_21384,CUST_1576,2023-07-15 11:00:00,Returned,E-Wallet (GoPay/OVO),3.35
ORD_21385,CUST_1885,2023-09-17 04:00:00,Delivered,BNPL,0.0
ORD_21386,CUST_1506,2023-12-11 17:00:00,Completed,E-Wallet (GoPay/OVO),6.8
ORD_21387,CUST_1933,2023-07-11 00:00:00,Delivered,BNPL,0.0
ORD_21388,CUST_2116,2024-07-06 14:00:00,Delivered,BNPL,0.0
ORD_21389,CUST_1160,2024-02-21 18:00:00,Completed,BNPL,2.92
ORD_21390,CUST_1462,2024-03-06 11:00:00,Completed,QRIS,3.97
ORD_21391,CUST_2190,2023-12-14 15:00:00,Completed,QRIS,5.92
ORD_21392,CUST_1635,2023-09-18 07:00:00,Completed,BNPL,6.87
ORD_21393,CUST_1622,2023-11-19 17:00:00,Returned,QRIS,0.0
ORD_21394,CUST_1290,2023-09-29 15:00:00,Completed,QRIS,0.0
ORD_21395,CUST_1835,2023-09-24 22:00:00,Completed,Virtual Account Bank Transfer,0.0
ORD_21396,CUST_1483,2023-05-04 09:00:00,Cancelled,Credit Card,0.0
ORD_21397,CUST_1703,2023-11-22 12:00:00,Completed,Credit Card,3.98
ORD_21398,CUST_1443,2023-03-24 12:00:00,Shipped,BNPL,9.0
ORD_21399,CUST_1289,2023-10-18 16:00:00,Completed,Credit Card,0.0
ORD_21400,CUST_1123,2024-03-29 03:00:00,Completed,E-Wallet (GoPay/OVO),5.15
ORD_21401,CUST_1600,2024-02-05 15:00:00,Delivered,BNPL,6.14
ORD_21402,CUST_1863,2023-08-04 23:00:00,Completed,Virtual Account Bank Transfer,7.08
ORD_21403,CUST_2157,2023-05-24 12:00:00,Completed,E-Wallet (GoPay/OVO),6.12
ORD_21404,CUST_2084,2023-05-13 01:00:00,Completed,QRIS,6.89
ORD_21405,CUST_1560,2023-05-22 09:00:00,Completed,BNPL,6.05
ORD_21406,CUST_1669,2023-08-12 22:00:00,Completed,BNPL,4.12
ORD_21407,CUST_1324,2024-07-17 09:00:00,Completed,Credit Card,4.15
ORD_21408,CUST_1520,2024-08-14 06:00:00,Completed,Credit Card,0.0
ORD_21409,CUST_2196,2023-12-02 12:00:00,Completed,Credit Card,5.63
ORD_21410,CUST_1295,2023-06-30 04:00:00,Completed,BNPL,0.0
ORD_21411,CUST_1111,2023-07-12 14:00:00,Completed,E-Wallet (GoPay/OVO),0.0
ORD_21412,CUST_1382,2023-08-27 04:00:00,Completed,Credit Card,7.13
ORD_21413,CUST_1907,2023-07-03 22:00:00,Shipped,Credit Card,0.0
ORD_21414,CUST_1943,2024-01-03 15:00:00,Completed,Credit Card,4.52
ORD_21415,CUST_1059,2023-07-31 07:00:00,Completed,E-Wallet (GoPay/OVO),8.34
ORD_21416,CUST_1245,2024-03-06 21:00:00,Completed,BNPL,5.21
ORD_21417,CUST_1974,2023-04-28 13:00:00,Cancelled,BNPL,7.21
ORD_21418,CUST_1374,2023-09-15 14:00:00,Completed,Virtual Account Bank Transfer,0.0
ORD_21419,CUST_1930,2024-09-29 04:00:00,Completed,QRIS,6.65
ORD_21420,CUST_1428,2023-09-23 23:00:00,Completed,E-Wallet (GoPay/OVO),0.0
ORD_21421,CUST_1043,2024-05-06 17:00:00,Completed,BNPL,3.7
ORD_21422,CUST_1087,2024-05-16 01:00:00,Returned,BNPL,5.69
ORD_21423,CUST_1296,2023-10-06 11:00:00,Completed,E-Wallet (GoPay/OVO),7.79
ORD_21424,CUST_1259,2023-06-15 10:00:00,Cancelled,Virtual Account Bank Transfer,6.2
ORD_21425,CUST_1290,2023-10-21 05:00:00,Completed,E-Wallet (GoPay/OVO),0.0
ORD_21426,CUST_1430,2023-10-25 00:00:00,Shipped,BNPL,8.54
ORD_21427,CUST_1827,2023-02-12 11:00:00,Cancelled,QRIS,3.31
ORD_21428,CUST_1269,2024-05-31 19:00:00,Shipped,BNPL,6.37
ORD_21429,CUST_1822,2023-10-03 11:00:00,Shipped,BNPL,0.0
ORD_21430,CUST_1565,2023-09-11 05:00:00,Completed,Virtual Account Bank Transfer,2.56
ORD_21431,CUST_1862,2023-06-25 21:00:00,Shipped,Virtual Account Bank Transfer,0.0
ORD_21432,CUST_1237,2024-06-22 03:00:00,Completed,E-Wallet (GoPay/OVO),5.08
ORD_21433,CUST_1380,2023-08-10 02:00:00,Completed,Credit Card,5.09
ORD_21434,CUST_1727,2023-06-26 16:00:00,Completed,Virtual Account Bank Transfer,3.25
ORD_21435,CUST_1473,2024-09-09 23:00:00,Shipped,Virtual Account Bank Transfer,0.0
ORD_21436,CUST_1079,2024-04-26 06:00:00,Completed,E-Wallet (GoPay/OVO),0.0
ORD_21437,CUST_1624,2023-04-09 14:00:00,Completed,BNPL,8.9
ORD_21438,CUST_1507,2024-03-14 19:00:00,Completed,Virtual Account Bank Transfer,5.91
ORD_21439,CUST_1787,2023-09-08 23:00:00,Shipped,BNPL,0.0
ORD_21440,CUST_1773,2023-08-13 11:00:00,Completed,BNPL,0.0
ORD_21441,CUST_1641,2024-05-21 10:00:00,Completed,Virtual Account Bank Transfer,0.0
ORD_21442,CUST_1747,2023-12-08 21:00:00,Completed,QRIS,0.0
ORD_21443,CUST_2032,2023-03-12 21:00:00,Completed,QRIS,2.75
ORD_21444,CUST_2102,2024-01-05 16:00:00,Completed,Credit Card,8.32
ORD_21445,CUST_1515,2023-12-28 15:00:00,Completed,Credit Card,0.0
ORD_21446,CUST_1428,2023-06-22 17:00:00,Completed,Virtual Account Bank Transfer,5.85
ORD_21447,CUST_1258,2023-03-11 18:00:00,Delivered,Virtual Account Bank Transfer,0.0
ORD_21448,CUST_1950,2023-08-15 19:00:00,Completed,Credit Card,7.43
ORD_21449,CUST_1638,2024-06-09 20:00:00,Completed,Virtual Account Bank Transfer,0.0
ORD_21450,CUST_1418,2023-11-11 17:00:00,Completed,BNPL,8.77
ORD_21451,CUST_1671,2024-01-30 22:00:00,Delivered,Credit Card,0.0
ORD_21452,CUST_2127,2024-05-16 07:00:00,Completed,E-Wallet (GoPay/OVO),5.29
ORD_21453,CUST_1589,2023-03-03 01:00:00,Completed,BNPL,0.0
ORD_21454,CUST_1274,2024-11-04 06:00:00,Completed,Virtual Account Bank Transfer,8.34
ORD_21455,CUST_1819,2024-03-15 00:00:00,Shipped,Credit Card,7.1
ORD_21456,CUST_1787,2023-09-21 20:00:00,Completed,QRIS,4.85
ORD_21457,CUST_1665,2024-08-18 19:00:00,Shipped,Virtual Account Bank Transfer,8.77
ORD_21458,CUST_2115,2024-05-16 17:00:00,Completed,QRIS,7.47
ORD_21459,CUST_2170,2024-05-18 09:00:00,Completed,Virtual Account Bank Transfer,0.0
ORD_21460,CUST_1590,2024-01-24 09:00:00,Completed,E-Wallet (GoPay/OVO),0.0
ORD_21461,CUST_1985,2023-05-29 06:00:00,Completed,BNPL,0.0
ORD_21462,CUST_2101,2023-10-18 05:00:00,Completed,Virtual Account Bank Transfer,0.0
ORD_21463,CUST_1010,2024-02-20 21:00:00,Completed,E-Wallet (GoPay/OVO),0.0
ORD_21464,CUST_1097,2024-08-12 21:00:00,Cancelled,E-Wallet (GoPay/OVO),7.7
ORD_21465,CUST_1661,2023-10-12 09:00:00,Completed,Credit Card,4.23
ORD_21466,CUST_1791,2023-11-29 06:00:00,Cancelled,BNPL,6.99
ORD_21467,CUST_1133,2023-04-23 18:00:00,Completed,Credit Card,5.84
ORD_21468,CUST_1542,2023-02-15 00:00:00,Completed,E-Wallet (GoPay/OVO),3.0
ORD_21469,CUST_2081,2023-12-25 05:00:00,Completed,E-Wallet (GoPay/OVO),3.53
ORD_21470,CUST_1101,2023-10-19 09:00:00,Completed,Virtual Account Bank Transfer,2.98
ORD_21471,CUST_1516,2023-06-06 19:00:00,Completed,Credit Card,6.92
ORD_21472,CUST_1033,2023-10-15 21:00:00,Delivered,Credit Card,7.85
ORD_21473,CUST_1824,2024-03-01 21:00:00,Completed,BNPL,5.42
ORD_21474,CUST_1498,2023-11-20 08:00:00,Completed,BNPL,0.0
ORD_21475,CUST_1130,2024-06-05 23:00:00,Completed,Virtual Account Bank Transfer,6.35
ORD_21476,CUST_1658,2023-06-30 07:00:00,Completed,Virtual Account Bank Transfer,0.0
ORD_21477,CUST_1222,2023-12-02 11:00:00,Completed,Credit Card,4.33
ORD_21478,CUST_1901,2024-07-31 23:00:00,Completed,QRIS,0.0
ORD_21479,CUST_1898,2024-06-10 15:00:00,Shipped,E-Wallet (GoPay/OVO),0.0
ORD_21480,CUST_1390,2023-07-16 17:00:00,Completed,QRIS,3.22
ORD_21481,CUST_1811,2024-06-26 03:00:00,Completed,BNPL,2.79
ORD_21482,CUST_1842,2023-07-24 05:00:00,Completed,BNPL,4.91
ORD_21483,CUST_1431,2023-12-20 22:00:00,Returned,Credit Card,0.0
ORD_21484,CUST_1271,2023-10-14 03:00:00,Shipped,Credit Card,4.36
ORD_21485,CUST_1328,2023-10-30 12:00:00,Completed,QRIS,0.0
ORD_21486,CUST_2158,2023-09-24 05:00:00,Completed,Virtual Account Bank Transfer,5.82
ORD_21487,CUST_1949,2024-10-18 23:00:00,Completed,E-Wallet (GoPay/OVO),8.17
ORD_21488,CUST_2097,2024-09-11 09:00:00,Shipped,E-Wallet (GoPay/OVO),6.44
ORD_21489,CUST_2043,2023-06-07 19:00:00,Completed,Credit Card,2.95
ORD_21490,CUST_1322,2024-06-13 10:00:00,Completed,BNPL,0.0
ORD_21491,CUST_1056,2023-11-21 03:00:00,Delivered,E-Wallet (GoPay/OVO),8.85
ORD_21492,CUST_1527,2023-08-17 20:00:00,Completed,QRIS,0.0
ORD_21493,CUST_1516,2023-07-03 05:00:00,Completed,QRIS,7.39
ORD_21494,CUST_1420,2023-05-12 16:00:00,Completed,E-Wallet (GoPay/OVO),0.0
ORD_21495,CUST_1282,2023-07-08 02:00:00,Completed,Credit Card,6.51
ORD_21496,CUST_1750,2024-02-18 23:00:00,Completed,E-Wallet (GoPay/OVO),7.48
ORD_21497,CUST_2164,2024-05-20 13:00:00,Completed,E-Wallet (GoPay/OVO),2.75
ORD_21498,CUST_1875,2023-03-11 08:00:00,Delivered,Virtual Account Bank Transfer,0.0
ORD_21499,CUST_1358,2023-05-31 18:00:00,Completed,BNPL,6.08
ORD_21500,CUST_1123,2023-11-30 02:00:00,Completed,E-Wallet (GoPay/OVO),6.39
ORD_21501,CUST_1113,2023-01-20 05:00:00,Completed,BNPL,6.36
ORD_21502,CUST_1962,2023-06-29 08:00:00,Returned,BNPL,4.27
ORD_21503,CUST_1391,2023-12-03 11:00:00,Delivered,QRIS,7.43
ORD_21504,CUST_1826,2024-04-05 06:00:00,Completed,E-Wallet (GoPay/OVO),8.29
ORD_21505,CUST_1921,2023-03-27 11:00:00,Shipped,QRIS,4.44
ORD_21506,CUST_1906,2023-07-04 12:00:00,Completed,Virtual Account Bank Transfer,0.0
ORD_21507,CUST_2146,2024-02-10 15:00:00,Completed,Virtual Account Bank Transfer,0.0
ORD_21508,CUST_1179,2024-01-11 21:00:00,Shipped,QRIS,7.04
ORD_21509,CUST_1879,2024-02-27 23:00:00,Completed,QRIS,0.0
ORD_21510,CUST_2139,2024-01-03 08:00:00,Completed,Credit Card,6.98
ORD_21511,CUST_2165,2023-08-30 11:00:00,Shipped,E-Wallet (GoPay/OVO),0.0
ORD_21512,CUST_1910,2023-05-25 15:00:00,Shipped,Credit Card,0.0
ORD_21513,CUST_2074,2023-05-23 18:00:00,Completed,E-Wallet (GoPay/OVO),0.0
ORD_21514,CUST_1495,2023-11-18 15:00:00,Completed,E-Wallet (GoPay/OVO),0.0
ORD_21515,CUST_1649,2023-12-19 15:00:00,Completed,QRIS,2.63
ORD_21516,CUST_1612,2024-02-10 09:00:00,Completed,BNPL,0.0
ORD_21517,CUST_2188,2024-08-22 16:00:00,Completed,E-Wallet (GoPay/OVO),0.0
ORD_21518,CUST_1859,2023-06-02 11:00:00,Completed,Virtual Account Bank Transfer,0.0
ORD_21519,CUST_1518,2024-01-24 05:00:00,Returned,E-Wallet (GoPay/OVO),0.0
ORD_21520,CUST_1404,2024-09-15 18:00:00,Completed,E-Wallet (GoPay/OVO),6.32
ORD_21521,CUST_1802,2023-02-21 03:00:00,Completed,Virtual Account Bank Transfer,7.65
ORD_21522,CUST_1339,2024-04-18 00:00:00,Completed,Virtual Account Bank Transfer,5.38
ORD_21523,CUST_1447,2023-08-15 16:00:00,Completed,Credit Card,2.99
ORD_21524,CUST_1115,2024-09-23 02:00:00,Shipped,BNPL,8.68
ORD_21525,CUST_1096,2024-03-31 04:00:00,Completed,E-Wallet (GoPay/OVO),7.86
ORD_21526,CUST_1779,2024-01-06 04:00:00,Completed,BNPL,6.31
ORD_21527,CUST_1344,2023-06-28 06:00:00,Shipped,Virtual Account Bank Transfer,4.88
ORD_21528,CUST_1560,2023-05-06 06:00:00,Shipped,QRIS,0.0
ORD_21529,CUST_1552,2023-06-06 15:00:00,Completed,Credit Card,4.47
ORD_21530,CUST_1258,2023-05-25 10:00:00,Completed,Credit Card,0.0
ORD_21531,CUST_1028,2024-01-23 11:00:00,Completed,BNPL,5.38
ORD_21532,CUST_2075,2023-12-21 12:00:00,Completed,Credit Card,3.78
ORD_21533,CUST_1527,2023-11-12 13:00:00,Completed,QRIS,0.0
ORD_21534,CUST_2085,2024-01-18 11:00:00,Completed,QRIS,4.7
ORD_21535,CUST_2129,2024-01-17 15:00:00,Completed,Virtual Account Bank Transfer,0.0
ORD_21536,CUST_1665,2024-02-15 18:00:00,Completed,E-Wallet (GoPay/OVO),0.0
ORD_21537,CUST_2021,2023-05-10 02:00:00,Delivered,Credit Card,6.04
ORD_21538,CUST_1917,2024-08-07 22:00:00,Delivered,BNPL,5.17
ORD_21539,CUST_1916,2023-12-24 21:00:00,Completed,BNPL,0.0
ORD_21540,CUST_1210,2024-10-04 20:00:00,Delivered,Credit Card,8.5
ORD_21541,CUST_1595,2025-03-31 09:00:00,Completed,BNPL,6.99
ORD_21542,CUST_1306,2024-08-28 04:00:00,Completed,Credit Card,0.0
ORD_21543,CUST_1994,2024-01-14 14:00:00,Completed,Virtual Account Bank Transfer,0.0
ORD_21544,CUST_2121,2024-03-13 04:00:00,Completed,E-Wallet (GoPay/OVO),7.35
ORD_21545,CUST_1019,2024-05-19 04:00:00,Completed,E-Wallet (GoPay/OVO),5.39
ORD_21546,CUST_1184,2023-02-08 00:00:00,Completed,Credit Card,0.0
ORD_21547,CUST_2160,2023-11-22 10:00:00,Completed,E-Wallet (GoPay/OVO),3.67
ORD_21548,CUST_1706,2023-09-16 00:00:00,Completed,BNPL,8.6
ORD_21549,CUST_1630,2023-11-26 10:00:00,Completed,QRIS,5.27
ORD_21550,CUST_1957,2023-10-21 21:00:00,Completed,Credit Card,5.36
ORD_21551,CUST_1398,2024-03-27 00:00:00,Completed,BNPL,3.99
ORD_21552,CUST_1798,2024-04-30 04:00:00,Completed,E-Wallet (GoPay/OVO),0.0
ORD_21553,CUST_1720,2024-04-25 03:00:00,Completed,QRIS,6.75
ORD_21554,CUST_1001,2024-10-20 08:00:00,Delivered,E-Wallet (GoPay/OVO),0.0
ORD_21555,CUST_1044,2023-11-10 15:00:00,Completed,E-Wallet (GoPay/OVO),5.48
ORD_21556,CUST_1863,2023-06-24 08:00:00,Completed,E-Wallet (GoPay/OVO),0.0
ORD_21557,CUST_1931,2024-02-26 07:00:00,Completed,QRIS,0.0
ORD_21558,CUST_1452,2024-03-19 14:00:00,Completed,Credit Card,0.0
ORD_21559,CUST_1923,2024-05-23 12:00:00,Completed,E-Wallet (GoPay/OVO),0.0
ORD_21560,CUST_2141,2024-02-13 16:00:00,Completed,E-Wallet (GoPay/OVO),8.09
ORD_21561,CUST_1644,2023-04-07 07:00:00,Shipped,QRIS,5.65
ORD_21562,CUST_1917,2024-06-25 23:00:00,Returned,QRIS,0.0
ORD_21563,CUST_1441,2023-07-13 16:00:00,Shipped,E-Wallet (GoPay/OVO),7.56
ORD_21564,CUST_2006,2023-04-02 11:00:00,Completed,Virtual Account Bank Transfer,8.25
ORD_21565,CUST_2018,2023-04-30 07:00:00,Delivered,Virtual Account Bank Transfer,0.0
ORD_21566,CUST_1060,2024-01-18 12:00:00,Delivered,Credit Card,5.85
ORD_21567,CUST_1296,2024-01-07 08:00:00,Delivered,BNPL,3.74
ORD_21568,CUST_1597,2024-04-16 12:00:00,Completed,Credit Card,7.05
ORD_21569,CUST_1792,2023-11-23 01:00:00,Completed,BNPL,8.68
ORD_21570,CUST_1421,2023-06-19 12:00:00,Shipped,Credit Card,3.92
ORD_21571,CUST_2174,2024-01-03 11:00:00,Completed,QRIS,6.91
ORD_21572,CUST_1319,2024-02-25 23:00:00,Completed,Virtual Account Bank Transfer,0.0
ORD_21573,CUST_2068,2023-04-20 22:00:00,Completed,QRIS,3.45
ORD_21574,CUST_1774,2024-04-11 01:00:00,Completed,Credit Card,3.21
ORD_21575,CUST_1490,2024-04-03 12:00:00,Completed,E-Wallet (GoPay/OVO),5.13
ORD_21576,CUST_1762,2023-10-25 10:00:00,Completed,Virtual Account Bank Transfer,3.59
ORD_21577,CUST_1406,2023-12-25 23:00:00,Completed,QRIS,3.74
ORD_21578,CUST_1879,2024-03-26 13:00:00,Completed,E-Wallet (GoPay/OVO),0.0
ORD_21579,CUST_1558,2024-01-15 11:00:00,Completed,BNPL,6.23
ORD_21580,CUST_2089,2023-04-07 19:00:00,Completed,Virtual Account Bank Transfer,0.0
ORD_21581,CUST_1454,2023-12-18 12:00:00,Completed,E-Wallet (GoPay/OVO),0.0
ORD_21582,CUST_1302,2023-07-13 16:00:00,Delivered,BNPL,0.0
ORD_21583,CUST_2072,2023-09-27 01:00:00,Completed,Credit Card,8.04
ORD_21584,CUST_1746,2023-12-17 02:00:00,Cancelled,BNPL,3.31
ORD_21585,CUST_1521,2023-07-09 06:00:00,Completed,E-Wallet (GoPay/OVO),5.9
ORD_21586,CUST_1878,2023-11-23 08:00:00,Completed,QRIS,5.28
ORD_21587,CUST_2147,2023-07-24 20:00:00,Delivered,Virtual Account Bank Transfer,7.97
ORD_21588,CUST_2161,2023-12-07 16:00:00,Delivered,QRIS,0.0
ORD_21589,CUST_1326,2023-09-27 15:00:00,Shipped,Credit Card,4.29
ORD_21590,CUST_1441,2023-07-08 19:00:00,Completed,BNPL,5.8
ORD_21591,CUST_1110,2023-08-01 04:00:00,Delivered,Credit Card,5.84
ORD_21592,CUST_2070,2024-10-12 01:00:00,Completed,E-Wallet (GoPay/OVO),8.08
ORD_21593,CUST_1899,2024-11-19 00:00:00,Completed,E-Wallet (GoPay/OVO),0.0
ORD_21594,CUST_1854,2024-05-20 16:00:00,Completed,BNPL,5.46
ORD_21595,CUST_1188,2024-04-26 22:00:00,Completed,Credit Card,3.96
ORD_21596,CUST_2159,2023-05-11 22:00:00,Completed,Virtual Account Bank Transfer,0.0
ORD_21597,CUST_1961,2024-08-10 17:00:00,Completed,BNPL,0.0
ORD_21598,CUST_1086,2025-01-03 19:00:00,Completed,E-Wallet (GoPay/OVO),0.0
ORD_21599,CUST_1700,2023-09-26 06:00:00,Delivered,E-Wallet (GoPay/OVO),0.0
ORD_21600,CUST_1883,2023-04-05 03:00:00,Completed,BNPL,0.0
ORD_21601,CUST_1561,2023-02-20 19:00:00,Completed,Credit Card,8.29
ORD_21602,CUST_1581,2024-05-22 01:00:00,Completed,BNPL,5.28
ORD_21603,CUST_1916,2023-10-15 10:00:00,Cancelled,Virtual Account Bank Transfer,6.17
ORD_21604,CUST_1696,2023-12-26 15:00:00,Completed,BNPL,7.69
ORD_21605,CUST_1016,2024-09-11 14:00:00,Completed,BNPL,7.07
ORD_21606,CUST_1041,2023-12-14 18:00:00,Delivered,Credit Card,6.94
ORD_21607,CUST_1479,2024-04-19 07:00:00,Completed,BNPL,0.0
ORD_21608,CUST_2034,2023-12-04 11:00:00,Cancelled,QRIS,4.55
ORD_21609,CUST_1721,2023-05-01 06:00:00,Shipped,E-Wallet (GoPay/OVO),2.65
ORD_21610,CUST_2022,2024-01-19 00:00:00,Shipped,QRIS,0.0
ORD_21611,CUST_1393,2024-08-13 14:00:00,Completed,QRIS,4.31
ORD_21612,CUST_1639,2023-09-11 13:00:00,Completed,Credit Card,0.0
ORD_21613,CUST_1352,2024-04-14 15:00:00,Completed,BNPL,0.0
ORD_21614,CUST_2117,2024-06-17 11:00:00,Completed,QRIS,0.0
ORD_21615,CUST_1001,2024-01-04 07:00:00,Completed,Credit Card,0.0
ORD_21616,CUST_1708,2024-02-23 20:00:00,Completed,E-Wallet (GoPay/OVO),0.0
ORD_21617,CUST_1797,2024-02-20 19:00:00,Completed,BNPL,4.86
ORD_21618,CUST_1185,2023-07-24 23:00:00,Completed,QRIS,2.93
ORD_21619,CUST_1277,2023-11-16 09:00:00,Completed,Virtual Account Bank Transfer,0.0
ORD_21620,CUST_1669,2023-08-31 13:00:00,Completed,E-Wallet (GoPay/OVO),6.74
ORD_21621,CUST_1054,2024-02-29 20:00:00,Completed,Credit Card,5.65
ORD_21622,CUST_1112,2023-09-08 21:00:00,Delivered,BNPL,5.83
ORD_21623,CUST_1164,2023-06-13 03:00:00,Shipped,BNPL,0.0
ORD_21624,CUST_1536,2024-04-04 18:00:00,Shipped,QRIS,4.07
ORD_21625,CUST_1888,2024-09-19 07:00:00,Completed,BNPL,5.31
ORD_21626,CUST_2185,2024-01-13 20:00:00,Completed,E-Wallet (GoPay/OVO),7.41
ORD_21627,CUST_1909,2024-01-08 12:00:00,Completed,BNPL,4.18
ORD_21628,CUST_1694,2025-03-07 10:00:00,Completed,Virtual Account Bank Transfer,3.61
ORD_21629,CUST_1152,2023-06-16 00:00:00,Completed,Credit Card,6.07
ORD_21630,CUST_2070,2024-07-16 20:00:00,Completed,QRIS,0.0
ORD_21631,CUST_1566,2024-01-05 21:00:00,Shipped,Virtual Account Bank Transfer,3.04
ORD_21632,CUST_1599,2024-03-11 02:00:00,Completed,Credit Card,8.73
ORD_21633,CUST_2139,2024-01-17 18:00:00,Completed,Credit Card,0.0
ORD_21634,CUST_2048,2023-08-20 10:00:00,Completed,BNPL,7.04
ORD_21635,CUST_1415,2023-01-28 17:00:00,Completed,E-Wallet (GoPay/OVO),4.54
ORD_21636,CUST_1734,2024-06-27 09:00:00,Completed,Virtual Account Bank Transfer,8.66
ORD_21637,CUST_1731,2023-09-24 06:00:00,Delivered,Credit Card,0.0
ORD_21638,CUST_1920,2023-10-30 08:00:00,Completed,Credit Card,2.63
ORD_21639,CUST_1938,2024-07-23 21:00:00,Completed,E-Wallet (GoPay/OVO),0.0
ORD_21640,CUST_1375,2024-02-11 03:00:00,Shipped,Virtual Account Bank Transfer,0.0
ORD_21641,CUST_1868,2024-05-03 03:00:00,Completed,Credit Card,4.04
ORD_21642,CUST_1442,2024-03-25 18:00:00,Completed,E-Wallet (GoPay/OVO),3.75
ORD_21643,CUST_2184,2023-04-22 09:00:00,Completed,QRIS,0.0
ORD_21644,CUST_1796,2023-04-09 11:00:00,Completed,QRIS,5.9
ORD_21645,CUST_2058,2023-05-26 15:00:00,Completed,QRIS,6.22
ORD_21646,CUST_1880,2024-01-20 17:00:00,Completed,Virtual Account Bank Transfer,0.0
ORD_21647,CUST_1914,2023-11-22 17:00:00,Completed,BNPL,5.47
ORD_21648,CUST_1347,2023-04-18 04:00:00,Completed,Virtual Account Bank Transfer,0.0
ORD_21649,CUST_1301,2023-06-21 22:00:00,Delivered,QRIS,2.95
ORD_21650,CUST_1471,2023-10-01 05:00:00,Completed,Credit Card,0.0
ORD_21651,CUST_1835,2023-10-01 01:00:00,Completed,E-Wallet (GoPay/OVO),6.86
ORD_21652,CUST_1885,2023-08-27 20:00:00,Completed,QRIS,0.0
ORD_21653,CUST_1058,2024-01-21 16:00:00,Completed,Credit Card,3.85
ORD_21654,CUST_2184,2023-05-17 07:00:00,Delivered,BNPL,4.85
ORD_21655,CUST_2078,2023-12-27 10:00:00,Completed,QRIS,7.12
ORD_21656,CUST_1239,2023-12-27 15:00:00,Completed,E-Wallet (GoPay/OVO),7.12
ORD_21657,CUST_1169,2023-07-25 16:00:00,Completed,Credit Card,5.69
ORD_21658,CUST_2077,2023-08-13 07:00:00,Shipped,BNPL,0.0
ORD_21659,CUST_1018,2024-06-13 18:00:00,Completed,E-Wallet (GoPay/OVO),0.0
ORD_21660,CUST_2190,2023-08-03 03:00:00,Completed,E-Wallet (GoPay/OVO),7.73
ORD_21661,CUST_1759,2023-06-18 15:00:00,Shipped,Credit Card,6.14
ORD_21662,CUST_1275,2023-03-24 08:00:00,Completed,BNPL,0.0
ORD_21663,CUST_2170,2024-01-20 02:00:00,Returned,Virtual Account Bank Transfer,0.0
ORD_21664,CUST_2135,2023-12-11 02:00:00,Shipped,QRIS,3.81
ORD_21665,CUST_1359,2023-05-04 03:00:00,Completed,Virtual Account Bank Transfer,7.46
ORD_21666,CUST_2024,2024-02-12 16:00:00,Completed,E-Wallet (GoPay/OVO),6.01
ORD_21667,CUST_1031,2023-09-01 09:00:00,Completed,Credit Card,8.6
ORD_21668,CUST_2095,2023-07-07 11:00:00,Completed,BNPL,0.0
ORD_21669,CUST_1375,2024-01-06 22:00:00,Delivered,E-Wallet (GoPay/OVO),3.17
ORD_21670,CUST_1483,2023-05-21 08:00:00,Shipped,Virtual Account Bank Transfer,8.3
ORD_21671,CUST_1994,2024-04-19 00:00:00,Cancelled,BNPL,0.0
ORD_21672,CUST_2145,2024-02-07 16:00:00,Completed,Virtual Account Bank Transfer,0.0
ORD_21673,CUST_1934,2024-04-25 12:00:00,Shipped,Virtual Account Bank Transfer,8.5
ORD_21674,CUST_1434,2024-07-28 02:00:00,Completed,BNPL,6.75
ORD_21675,CUST_1394,2023-11-10 11:00:00,Completed,Virtual Account Bank Transfer,0.0
ORD_21676,CUST_2180,2024-05-31 05:00:00,Completed,E-Wallet (GoPay/OVO),4.85
ORD_21677,CUST_1664,2023-08-02 17:00:00,Completed,E-Wallet (GoPay/OVO),0.0
ORD_21678,CUST_1149,2024-06-24 10:00:00,Completed,Credit Card,3.07
ORD_21679,CUST_1830,2023-09-07 08:00:00,Completed,Credit Card,5.05
ORD_21680,CUST_1947,2024-04-17 14:00:00,Shipped,BNPL,3.92
ORD_21681,CUST_1623,2024-02-28 15:00:00,Completed,Credit Card,0.0
ORD_21682,CUST_2001,2024-03-11 03:00:00,Completed,E-Wallet (GoPay/OVO),8.03
ORD_21683,CUST_2181,2023-12-30 02:00:00,Completed,Credit Card,0.0
ORD_21684,CUST_1132,2023-10-02 18:00:00,Completed,Virtual Account Bank Transfer,0.0
ORD_21685,CUST_1036,2023-06-16 03:00:00,Delivered,QRIS,0.0
ORD_21686,CUST_1391,2024-01-22 11:00:00,Returned,Credit Card,2.87
ORD_21687,CUST_1949,2024-02-16 08:00:00,Completed,Credit Card,0.0
ORD_21688,CUST_1912,2024-05-10 14:00:00,Completed,E-Wallet (GoPay/OVO),0.0
ORD_21689,CUST_1038,2023-10-09 03:00:00,Completed,E-Wallet (GoPay/OVO),7.92
ORD_21690,CUST_1947,2024-01-29 14:00:00,Completed,QRIS,6.69
ORD_21691,CUST_1664,2023-07-17 05:00:00,Completed,E-Wallet (GoPay/OVO),0.0
ORD_21692,CUST_2081,2023-11-13 22:00:00,Completed,Credit Card,0.0
ORD_21693,CUST_1259,2023-01-20 01:00:00,Shipped,Virtual Account Bank Transfer,0.0
ORD_21694,CUST_1739,2023-09-27 15:00:00,Completed,Credit Card,6.69
ORD_21695,CUST_1650,2024-04-04 17:00:00,Shipped,Credit Card,0.0
ORD_21696,CUST_1929,2023-11-06 15:00:00,Completed,BNPL,7.89
ORD_21697,CUST_1844,2023-07-11 15:00:00,Delivered,BNPL,0.0
ORD_21698,CUST_1565,2023-08-06 17:00:00,Cancelled,Credit Card,4.87
ORD_21699,CUST_1173,2023-03-24 22:00:00,Completed,QRIS,7.66
ORD_21700,CUST_1161,2024-01-12 14:00:00,Completed,Virtual Account Bank Transfer,0.0
ORD_21701,CUST_1202,2024-10-30 07:00:00,Completed,QRIS,0.0
ORD_21702,CUST_2030,2023-12-26 17:00:00,Completed,BNPL,6.57
ORD_21703,CUST_1807,2024-02-20 01:00:00,Completed,QRIS,0.0
ORD_21704,CUST_1932,2023-09-09 13:00:00,Completed,Credit Card,6.37
ORD_21705,CUST_1277,2024-01-07 16:00:00,Completed,Credit Card,8.72
ORD_21706,CUST_1308,2023-04-29 13:00:00,Completed,Credit Card,5.47
ORD_21707,CUST_1349,2025-01-11 19:00:00,Completed,Credit Card,4.05
ORD_21708,CUST_1186,2024-01-13 05:00:00,Delivered,Credit Card,0.0
ORD_21709,CUST_1735,2023-08-28 03:00:00,Completed,QRIS,4.95
ORD_21710,CUST_2047,2023-10-01 12:00:00,Completed,Credit Card,6.59
ORD_21711,CUST_1375,2024-05-07 20:00:00,Shipped,Credit Card,2.95
ORD_21712,CUST_1226,2023-07-22 05:00:00,Completed,E-Wallet (GoPay/OVO),3.69
ORD_21713,CUST_1569,2024-05-18 07:00:00,Shipped,Virtual Account Bank Transfer,3.0
ORD_21714,CUST_2155,2023-12-29 08:00:00,Completed,BNPL,6.53
ORD_21715,CUST_1893,2024-02-21 20:00:00,Completed,Virtual Account Bank Transfer,4.03
ORD_21716,CUST_2091,2023-09-22 09:00:00,Completed,Virtual Account Bank Transfer,4.0
ORD_21717,CUST_1841,2024-08-15 23:00:00,Shipped,Virtual Account Bank Transfer,7.21
ORD_21718,CUST_1113,2023-01-28 07:00:00,Completed,Virtual Account Bank Transfer,4.39
ORD_21719,CUST_2033,2024-01-01 07:00:00,Completed,QRIS,5.98
ORD_21720,CUST_1821,2023-12-31 14:00:00,Completed,QRIS,3.07
ORD_21721,CUST_1944,2023-11-19 04:00:00,Completed,QRIS,0.0
ORD_21722,CUST_1389,2024-07-05 05:00:00,Returned,BNPL,0.0
ORD_21723,CUST_1622,2023-11-03 22:00:00,Shipped,E-Wallet (GoPay/OVO),6.68
ORD_21724,CUST_1232,2023-02-10 22:00:00,Completed,Credit Card,0.0
ORD_21725,CUST_2089,2023-06-16 10:00:00,Delivered,QRIS,8.48
ORD_21726,CUST_1901,2023-11-24 01:00:00,Shipped,QRIS,0.0
ORD_21727,CUST_1772,2024-03-23 22:00:00,Completed,BNPL,8.18
ORD_21728,CUST_2027,2023-08-27 01:00:00,Cancelled,Virtual Account Bank Transfer,0.0
ORD_21729,CUST_1777,2023-03-05 17:00:00,Cancelled,BNPL,0.0
ORD_21730,CUST_2113,2023-10-30 22:00:00,Completed,QRIS,0.0
ORD_21731,CUST_1145,2023-10-10 11:00:00,Completed,BNPL,7.1
ORD_21732,CUST_2193,2023-08-06 15:00:00,Completed,E-Wallet (GoPay/OVO),0.0
ORD_21733,CUST_2008,2024-01-02 18:00:00,Cancelled,E-Wallet (GoPay/OVO),7.71
ORD_21734,CUST_1456,2023-09-07 12:00:00,Completed,Credit Card,6.16
ORD_21735,CUST_1498,2023-04-11 05:00:00,Returned,E-Wallet (GoPay/OVO),5.46
ORD_21736,CUST_1202,2024-06-10 03:00:00,Cancelled,QRIS,7.97
ORD_21737,CUST_1715,2024-05-24 18:00:00,Delivered,QRIS,0.0
ORD_21738,CUST_1964,2024-02-03 04:00:00,Completed,QRIS,0.0
ORD_21739,CUST_1810,2024-05-18 22:00:00,Completed,E-Wallet (GoPay/OVO),8.33
ORD_21740,CUST_1627,2023-06-26 17:00:00,Completed,Credit Card,0.0
ORD_21741,CUST_1133,2023-07-25 06:00:00,Completed,BNPL,4.14
ORD_21742,CUST_1759,2024-06-12 00:00:00,Completed,Virtual Account Bank Transfer,0.0
ORD_21743,CUST_1790,2024-03-13 17:00:00,Completed,E-Wallet (GoPay/OVO),5.86
ORD_21744,CUST_1522,2023-09-08 09:00:00,Completed,Credit Card,3.79
ORD_21745,CUST_1393,2024-07-06 23:00:00,Returned,E-Wallet (GoPay/OVO),0.0
ORD_21746,CUST_1266,2024-03-11 15:00:00,Completed,BNPL,3.56
ORD_21747,CUST_2091,2023-01-25 08:00:00,Completed,E-Wallet (GoPay/OVO),7.6
ORD_21748,CUST_2100,2023-11-07 09:00:00,Completed,Virtual Account Bank Transfer,8.04
ORD_21749,CUST_1054,2023-12-17 08:00:00,Completed,E-Wallet (GoPay/OVO),2.97
ORD_21750,CUST_1176,2024-04-21 02:00:00,Completed,Virtual Account Bank Transfer,3.21
ORD_21751,CUST_1891,2023-12-06 19:00:00,Cancelled,QRIS,0.0
ORD_21752,CUST_2144,2023-05-17 19:00:00,Completed,E-Wallet (GoPay/OVO),4.85
ORD_21753,CUST_2118,2024-01-26 13:00:00,Cancelled,QRIS,0.0
ORD_21754,CUST_1209,2023-08-29 13:00:00,Completed,Virtual Account Bank Transfer,7.6
ORD_21755,CUST_1626,2024-03-08 21:00:00,Completed,E-Wallet (GoPay/OVO),8.67
ORD_21756,CUST_1734,2024-11-05 07:00:00,Completed,Credit Card,3.45
ORD_21757,CUST_1276,2024-06-28 14:00:00,Completed,Credit Card,7.87
ORD_21758,CUST_1392,2023-07-28 13:00:00,Completed,Virtual Account Bank Transfer,6.76
ORD_21759,CUST_1638,2024-04-29 21:00:00,Completed,QRIS,6.83
ORD_21760,CUST_1726,2024-05-23 13:00:00,Completed,QRIS,6.08
ORD_21761,CUST_1823,2024-07-19 00:00:00,Completed,Virtual Account Bank Transfer,4.76
ORD_21762,CUST_1356,2024-01-02 21:00:00,Cancelled,E-Wallet (GoPay/OVO),3.23
ORD_21763,CUST_1455,2024-06-13 14:00:00,Shipped,Virtual Account Bank Transfer,0.0
ORD_21764,CUST_2016,2024-02-19 02:00:00,Cancelled,QRIS,5.48
ORD_21765,CUST_1698,2024-09-14 02:00:00,Completed,Credit Card,7.02
ORD_21766,CUST_2172,2023-03-06 09:00:00,Shipped,Virtual Account Bank Transfer,0.0
ORD_21767,CUST_1738,2024-01-27 22:00:00,Completed,Virtual Account Bank Transfer,8.26
ORD_21768,CUST_1600,2024-02-12 17:00:00,Completed,Credit Card,8.35
ORD_21769,CUST_1018,2024-05-29 00:00:00,Completed,Credit Card,0.0
ORD_21770,CUST_1418,2024-01-19 21:00:00,Completed,QRIS,7.78
ORD_21771,CUST_1709,2024-02-06 12:00:00,Completed,BNPL,5.74
ORD_21772,CUST_1680,2023-05-09 02:00:00,Completed,BNPL,5.72
ORD_21773,CUST_1815,2024-03-05 19:00:00,Completed,BNPL,6.43
ORD_21774,CUST_1375,2024-01-19 02:00:00,Shipped,E-Wallet (GoPay/OVO),3.47
ORD_21775,CUST_1078,2023-09-03 01:00:00,Completed,Virtual Account Bank Transfer,4.0
ORD_21776,CUST_1250,2024-10-10 23:00:00,Returned,Credit Card,0.0
ORD_21777,CUST_1458,2023-04-01 11:00:00,Completed,QRIS,0.0
ORD_21778,CUST_1108,2023-11-13 06:00:00,Completed,Virtual Account Bank Transfer,0.0
ORD_21779,CUST_1526,2024-01-21 13:00:00,Completed,E-Wallet (GoPay/OVO),5.49
ORD_21780,CUST_2168,2024-04-24 07:00:00,Completed,Credit Card,0.0
ORD_21781,CUST_1871,2024-03-12 19:00:00,Shipped,BNPL,0.0
ORD_21782,CUST_1482,2023-04-24 13:00:00,Completed,Virtual Account Bank Transfer,0.0
ORD_21783,CUST_1792,2024-05-13 04:00:00,Shipped,QRIS,5.28
ORD_21784,CUST_1888,2024-04-26 09:00:00,Completed,E-Wallet (GoPay/OVO),0.0
ORD_21785,CUST_1672,2024-02-10 15:00:00,Completed,Credit Card,0.0
ORD_21786,CUST_2074,2023-10-04 19:00:00,Completed,QRIS,0.0
ORD_21787,CUST_1535,2024-04-01 03:00:00,Shipped,QRIS,8.53
ORD_21788,CUST_1870,2023-05-18 04:00:00,Completed,Credit Card,2.77
ORD_21789,CUST_1219,2023-05-30 11:00:00,Completed,Credit Card,0.0
ORD_21790,CUST_1969,2023-06-04 17:00:00,Completed,Credit Card,0.0
ORD_21791,CUST_1226,2023-07-19 15:00:00,Completed,Virtual Account Bank Transfer,0.0
ORD_21792,CUST_1566,2023-12-18 05:00:00,Completed,QRIS,0.0
ORD_21793,CUST_1205,2024-08-31 06:00:00,Completed,Virtual Account Bank Transfer,0.0
ORD_21794,CUST_1924,2023-10-04 17:00:00,Completed,QRIS,0.0
ORD_21795,CUST_1114,2024-12-26 12:00:00,Shipped,BNPL,4.22
ORD_21796,CUST_1492,2023-03-23 22:00:00,Completed,Virtual Account Bank Transfer,0.0
ORD_21797,CUST_2122,2023-06-23 15:00:00,Completed,BNPL,8.48
ORD_21798,CUST_2140,2023-12-24 21:00:00,Completed,Credit Card,8.16
ORD_21799,CUST_1957,2023-11-04 12:00:00,Completed,BNPL,0.0
ORD_21800,CUST_1774,2023-12-24 15:00:00,Completed,E-Wallet (GoPay/OVO),0.0
ORD_21801,CUST_1606,2023-09-16 09:00:00,Completed,Credit Card,6.19
ORD_21802,CUST_1741,2023-10-20 03:00:00,Completed,E-Wallet (GoPay/OVO),0.0
ORD_21803,CUST_1718,2023-10-14 20:00:00,Completed,Virtual Account Bank Transfer,0.0
ORD_21804,CUST_2070,2024-08-14 22:00:00,Returned,Credit Card,0.0
ORD_21805,CUST_2129,2024-04-28 12:00:00,Completed,E-Wallet (GoPay/OVO),3.19
ORD_21806,CUST_2128,2023-06-20 02:00:00,Completed,Virtual Account Bank Transfer,7.35
ORD_21807,CUST_2136,2023-10-28 21:00:00,Cancelled,QRIS,0.0
ORD_21808,CUST_1476,2024-07-30 01:00:00,Completed,QRIS,6.3
ORD_21809,CUST_1802,2023-01-17 03:00:00,Delivered,Virtual Account Bank Transfer,0.0
ORD_21810,CUST_1523,2024-05-14 03:00:00,Returned,E-Wallet (GoPay/OVO),4.72
ORD_21811,CUST_1513,2024-01-15 00:00:00,Shipped,Credit Card,0.0
ORD_21812,CUST_1859,2023-04-17 11:00:00,Shipped,E-Wallet (GoPay/OVO),0.0
ORD_21813,CUST_2050,2023-08-07 08:00:00,Completed,QRIS,0.0
ORD_21814,CUST_1694,2024-02-18 14:00:00,Completed,QRIS,8.19
ORD_21815,CUST_1613,2024-02-11 23:00:00,Completed,Credit Card,2.95
ORD_21816,CUST_2006,2023-08-20 04:00:00,Shipped,BNPL,6.22
ORD_21817,CUST_1390,2023-10-16 09:00:00,Shipped,E-Wallet (GoPay/OVO),6.02
ORD_21818,CUST_1732,2024-04-21 12:00:00,Completed,Virtual Account Bank Transfer,0.0
ORD_21819,CUST_2168,2024-04-02 14:00:00,Completed,BNPL,3.59
ORD_21820,CUST_2054,2024-04-03 09:00:00,Completed,QRIS,0.0
ORD_21821,CUST_1055,2024-04-02 15:00:00,Returned,QRIS,8.25
ORD_21822,CUST_1757,2023-06-08 15:00:00,Cancelled,Virtual Account Bank Transfer,2.59
ORD_21823,CUST_1768,2024-02-07 03:00:00,Completed,E-Wallet (GoPay/OVO),7.17
ORD_21824,CUST_1408,2024-05-25 13:00:00,Completed,E-Wallet (GoPay/OVO),4.49
ORD_21825,CUST_1984,2024-02-11 02:00:00,Completed,Virtual Account Bank Transfer,0.0
ORD_21826,CUST_1570,2023-02-05 05:00:00,Delivered,Virtual Account Bank Transfer,3.53
ORD_21827,CUST_1726,2024-09-01 17:00:00,Completed,QRIS,4.43
ORD_21828,CUST_1495,2023-11-08 18:00:00,Completed,Credit Card,7.56
ORD_21829,CUST_1878,2024-01-05 22:00:00,Completed,E-Wallet (GoPay/OVO),0.0
ORD_21830,CUST_1779,2024-01-10 21:00:00,Completed,BNPL,2.83
ORD_21831,CUST_2096,2024-05-10 12:00:00,Returned,QRIS,0.0
ORD_21832,CUST_1017,2023-12-26 21:00:00,Completed,QRIS,0.0
ORD_21833,CUST_1201,2023-05-03 20:00:00,Completed,E-Wallet (GoPay/OVO),6.86
ORD_21834,CUST_1555,2023-05-10 13:00:00,Cancelled,Virtual Account Bank Transfer,8.96
ORD_21835,CUST_1481,2023-07-28 11:00:00,Completed,Virtual Account Bank Transfer,0.0
ORD_21836,CUST_1768,2024-05-26 14:00:00,Completed,BNPL,3.65
ORD_21837,CUST_2066,2023-09-23 19:00:00,Completed,Virtual Account Bank Transfer,6.04
ORD_21838,CUST_1608,2023-03-04 09:00:00,Completed,QRIS,0.0
ORD_21839,CUST_1489,2024-06-08 20:00:00,Completed,BNPL,3.67
ORD_21840,CUST_1738,2024-02-18 02:00:00,Shipped,QRIS,0.0
ORD_21841,CUST_1468,2024-07-04 19:00:00,Completed,QRIS,6.65
ORD_21842,CUST_2157,2023-12-04 17:00:00,Completed,BNPL,0.0
ORD_21843,CUST_1293,2024-04-18 21:00:00,Completed,Virtual Account Bank Transfer,0.0
ORD_21844,CUST_1765,2023-10-30 21:00:00,Completed,QRIS,4.85
ORD_21845,CUST_1246,2023-11-08 04:00:00,Completed,Virtual Account Bank Transfer,0.0
ORD_21846,CUST_1179,2024-01-09 19:00:00,Completed,Virtual Account Bank Transfer,5.19
ORD_21847,CUST_2054,2024-04-20 18:00:00,Completed,E-Wallet (GoPay/OVO),0.0
ORD_21848,CUST_1312,2024-05-01 18:00:00,Completed,BNPL,3.62
ORD_21849,CUST_1462,2024-03-14 07:00:00,Delivered,E-Wallet (GoPay/OVO),7.02
ORD_21850,CUST_1680,2023-04-27 16:00:00,Returned,E-Wallet (GoPay/OVO),7.1
ORD_21851,CUST_1826,2024-04-23 11:00:00,Completed,E-Wallet (GoPay/OVO),0.0
ORD_21852,CUST_1033,2024-04-27 10:00:00,Completed,E-Wallet (GoPay/OVO),0.0
ORD_21853,CUST_1637,2023-04-08 22:00:00,Completed,E-Wallet (GoPay/OVO),3.95
ORD_21854,CUST_1816,2024-04-11 04:00:00,Shipped,Virtual Account Bank Transfer,8.0
ORD_21855,CUST_1369,2023-08-12 20:00:00,Completed,Credit Card,0.0
ORD_21856,CUST_1050,2023-06-13 03:00:00,Shipped,QRIS,0.0
ORD_21857,CUST_1329,2024-02-13 22:00:00,Shipped,BNPL,8.12
ORD_21858,CUST_1406,2023-08-21 00:00:00,Cancelled,QRIS,0.0
ORD_21859,CUST_2090,2024-05-07 20:00:00,Completed,Virtual Account Bank Transfer,0.0
ORD_21860,CUST_1321,2024-08-02 23:00:00,Shipped,Credit Card,0.0
ORD_21861,CUST_1370,2023-10-11 19:00:00,Completed,E-Wallet (GoPay/OVO),0.0
ORD_21862,CUST_1689,2024-08-04 02:00:00,Cancelled,QRIS,8.89
ORD_21863,CUST_1426,2024-06-24 17:00:00,Completed,QRIS,7.86
ORD_21864,CUST_1689,2024-05-12 13:00:00,Cancelled,Virtual Account Bank Transfer,0.0
ORD_21865,CUST_2104,2023-10-06 19:00:00,Completed,Virtual Account Bank Transfer,0.0
ORD_21866,CUST_1538,2023-10-31 04:00:00,Completed,BNPL,0.0
ORD_21867,CUST_1553,2023-05-28 12:00:00,Completed,QRIS,0.0
ORD_21868,CUST_1910,2023-05-31 23:00:00,Delivered,QRIS,0.0
ORD_21869,CUST_2092,2024-05-15 09:00:00,Completed,BNPL,0.0
ORD_21870,CUST_1774,2023-11-05 20:00:00,Completed,QRIS,4.33
ORD_21871,CUST_2198,2024-02-28 19:00:00,Completed,BNPL,8.32
ORD_21872,CUST_2042,2023-04-25 16:00:00,Delivered,BNPL,0.0
ORD_21873,CUST_1698,2024-08-06 10:00:00,Completed,Virtual Account Bank Transfer,6.73
ORD_21874,CUST_1548,2023-07-20 08:00:00,Shipped,QRIS,5.75
ORD_21875,CUST_1210,2023-09-27 03:00:00,Completed,Virtual Account Bank Transfer,0.0
ORD_21876,CUST_1765,2023-11-17 11:00:00,Completed,BNPL,7.94
ORD_21877,CUST_1732,2024-03-24 12:00:00,Completed,BNPL,7.08
ORD_21878,CUST_1372,2023-02-17 09:00:00,Completed,BNPL,3.11
ORD_21879,CUST_1399,2023-10-30 05:00:00,Completed,Virtual Account Bank Transfer,0.0
ORD_21880,CUST_1230,2023-09-01 22:00:00,Completed,E-Wallet (GoPay/OVO),2.99
ORD_21881,CUST_2176,2023-09-13 02:00:00,Completed,QRIS,6.32
ORD_21882,CUST_1869,2024-03-20 14:00:00,Shipped,QRIS,0.0
ORD_21883,CUST_1744,2023-04-05 17:00:00,Completed,Virtual Account Bank Transfer,3.66
ORD_21884,CUST_1433,2024-02-15 14:00:00,Completed,Virtual Account Bank Transfer,0.0
ORD_21885,CUST_1948,2023-05-26 09:00:00,Completed,Virtual Account Bank Transfer,3.48
ORD_21886,CUST_1884,2023-03-03 20:00:00,Completed,Credit Card,4.52
ORD_21887,CUST_1529,2024-08-06 02:00:00,Completed,E-Wallet (GoPay/OVO),0.0
ORD_21888,CUST_1295,2023-06-07 10:00:00,Shipped,QRIS,2.91
ORD_21889,CUST_1395,2023-10-21 11:00:00,Completed,QRIS,6.24
ORD_21890,CUST_2199,2024-04-01 02:00:00,Completed,Credit Card,0.0
ORD_21891,CUST_1250,2024-05-03 23:00:00,Shipped,QRIS,6.04
ORD_21892,CUST_1973,2023-07-16 15:00:00,Completed,Virtual Account Bank Transfer,0.0
ORD_21893,CUST_1314,2024-06-11 04:00:00,Completed,Virtual Account Bank Transfer,7.93
ORD_21894,CUST_1530,2023-12-27 06:00:00,Completed,QRIS,4.07
ORD_21895,CUST_1798,2024-05-06 09:00:00,Completed,Credit Card,3.09
ORD_21896,CUST_1731,2023-02-25 04:00:00,Delivered,Credit Card,2.98
ORD_21897,CUST_1523,2024-07-30 21:00:00,Completed,E-Wallet (GoPay/OVO),3.18
ORD_21898,CUST_1678,2024-01-28 17:00:00,Completed,E-Wallet (GoPay/OVO),8.98
ORD_21899,CUST_2085,2024-02-19 05:00:00,Cancelled,Credit Card,0.0
ORD_21900,CUST_1231,2023-02-01 10:00:00,Shipped,Virtual Account Bank Transfer,2.81
ORD_21901,CUST_1240,2024-04-22 06:00:00,Completed,Virtual Account Bank Transfer,4.93
ORD_21902,CUST_1027,2023-07-17 05:00:00,Completed,QRIS,8.69
ORD_21903,CUST_1597,2024-04-28 15:00:00,Completed,BNPL,0.0
ORD_21904,CUST_1981,2024-08-03 22:00:00,Completed,Virtual Account Bank Transfer,0.0
ORD_21905,CUST_1995,2024-02-16 16:00:00,Completed,E-Wallet (GoPay/OVO),0.0
ORD_21906,CUST_1280,2023-06-07 00:00:00,Completed,E-Wallet (GoPay/OVO),4.17
ORD_21907,CUST_2148,2024-04-15 08:00:00,Completed,BNPL,4.16
ORD_21908,CUST_1371,2023-09-29 18:00:00,Completed,Credit Card,5.7
ORD_21909,CUST_1420,2023-05-09 01:00:00,Completed,QRIS,3.12
ORD_21910,CUST_1804,2023-08-01 00:00:00,Completed,Virtual Account Bank Transfer,0.0
ORD_21911,CUST_2113,2023-12-02 20:00:00,Completed,QRIS,6.38
ORD_21912,CUST_2100,2023-08-21 15:00:00,Delivered,Virtual Account Bank Transfer,6.2
ORD_21913,CUST_1746,2023-12-23 03:00:00,Completed,Virtual Account Bank Transfer,2.7
ORD_21914,CUST_1762,2023-12-23 18:00:00,Completed,E-Wallet (GoPay/OVO),0.0
ORD_21915,CUST_1827,2023-03-25 09:00:00,Completed,Virtual Account Bank Transfer,0.0
ORD_21916,CUST_2041,2024-05-28 16:00:00,Shipped,E-Wallet (GoPay/OVO),5.25
ORD_21917,CUST_1144,2023-02-17 06:00:00,Cancelled,E-Wallet (GoPay/OVO),3.05
ORD_21918,CUST_1452,2023-12-30 10:00:00,Shipped,Credit Card,4.9
ORD_21919,CUST_1972,2024-04-18 15:00:00,Completed,Credit Card,0.0
ORD_21920,CUST_2176,2023-10-14 21:00:00,Completed,Credit Card,0.0
ORD_21921,CUST_2124,2024-03-27 04:00:00,Completed,QRIS,7.2
ORD_21922,CUST_1394,2023-05-29 07:00:00,Completed,E-Wallet (GoPay/OVO),7.71
ORD_21923,CUST_1414,2024-05-26 17:00:00,Completed,Virtual Account Bank Transfer,0.0
ORD_21924,CUST_1976,2023-09-11 03:00:00,Completed,BNPL,7.46
ORD_21925,CUST_1005,2024-08-28 01:00:00,Completed,QRIS,0.0
ORD_21926,CUST_1684,2024-02-14 21:00:00,Delivered,BNPL,5.75
ORD_21927,CUST_1298,2023-09-06 17:00:00,Completed,QRIS,3.78
ORD_21928,CUST_1559,2024-01-02 10:00:00,Completed,BNPL,0.0
ORD_21929,CUST_1649,2024-05-10 12:00:00,Shipped,E-Wallet (GoPay/OVO),3.76
ORD_21930,CUST_1613,2024-12-13 12:00:00,Shipped,BNPL,7.37
ORD_21931,CUST_1273,2023-07-16 08:00:00,Completed,Credit Card,4.06
ORD_21932,CUST_1117,2024-01-25 01:00:00,Completed,QRIS,3.09
ORD_21933,CUST_1034,2024-04-03 18:00:00,Delivered,Virtual Account Bank Transfer,4.54
ORD_21934,CUST_1643,2024-04-29 06:00:00,Completed,BNPL,0.0
ORD_21935,CUST_1163,2024-04-12 11:00:00,Completed,BNPL,0.0
ORD_21936,CUST_1074,2024-02-08 06:00:00,Completed,QRIS,0.0
ORD_21937,CUST_1937,2023-05-20 16:00:00,Completed,QRIS,7.65
ORD_21938,CUST_1444,2024-04-21 00:00:00,Completed,QRIS,8.64
ORD_21939,CUST_1445,2024-01-29 04:00:00,Completed,QRIS,5.14
ORD_21940,CUST_1419,2024-05-11 21:00:00,Completed,E-Wallet (GoPay/OVO),6.95
ORD_21941,CUST_1304,2024-03-13 15:00:00,Shipped,E-Wallet (GoPay/OVO),0.0
ORD_21942,CUST_1511,2023-03-09 10:00:00,Shipped,QRIS,3.35
ORD_21943,CUST_2071,2023-04-13 01:00:00,Shipped,BNPL,0.0
ORD_21944,CUST_1540,2024-02-28 13:00:00,Completed,Credit Card,6.81
ORD_21945,CUST_2182,2024-08-29 00:00:00,Completed,E-Wallet (GoPay/OVO),8.71
ORD_21946,CUST_2038,2024-03-11 18:00:00,Completed,Credit Card,4.35
ORD_21947,CUST_1358,2023-11-30 01:00:00,Completed,E-Wallet (GoPay/OVO),5.81
ORD_21948,CUST_1155,2024-03-22 20:00:00,Completed,Virtual Account Bank Transfer,8.36
ORD_21949,CUST_1450,2024-05-10 19:00:00,Shipped,Credit Card,0.0
ORD_21950,CUST_2071,2023-12-16 06:00:00,Shipped,Virtual Account Bank Transfer,6.34
ORD_21951,CUST_1624,2023-03-22 01:00:00,Completed,E-Wallet (GoPay/OVO),8.8
ORD_21952,CUST_1453,2023-11-01 09:00:00,Completed,QRIS,0.0
ORD_21953,CUST_1392,2023-06-21 16:00:00,Completed,BNPL,3.61
ORD_21954,CUST_1712,2024-04-27 12:00:00,Completed,BNPL,8.78
ORD_21955,CUST_2151,2023-05-05 23:00:00,Completed,Virtual Account Bank Transfer,6.82
ORD_21956,CUST_1096,2024-04-02 10:00:00,Completed,Virtual Account Bank Transfer,7.48
ORD_21957,CUST_1246,2024-02-02 10:00:00,Completed,E-Wallet (GoPay/OVO),7.23
ORD_21958,CUST_1794,2023-04-16 19:00:00,Completed,Virtual Account Bank Transfer,0.0
ORD_21959,CUST_1292,2024-04-15 22:00:00,Completed,Virtual Account Bank Transfer,4.11
ORD_21960,CUST_1027,2023-07-02 21:00:00,Completed,QRIS,0.0
ORD_21961,CUST_1490,2023-10-13 18:00:00,Completed,BNPL,6.4
ORD_21962,CUST_1597,2024-04-21 06:00:00,Delivered,Credit Card,5.91
ORD_21963,CUST_2063,2023-06-10 22:00:00,Delivered,Virtual Account Bank Transfer,7.48
ORD_21964,CUST_2005,2023-04-18 01:00:00,Completed,Virtual Account Bank Transfer,4.04
ORD_21965,CUST_1512,2023-08-23 01:00:00,Cancelled,Virtual Account Bank Transfer,0.0
ORD_21966,CUST_1713,2024-02-21 22:00:00,Completed,E-Wallet (GoPay/OVO),0.0
ORD_21967,CUST_1636,2024-02-15 15:00:00,Completed,E-Wallet (GoPay/OVO),0.0
ORD_21968,CUST_1358,2023-06-22 01:00:00,Completed,Credit Card,0.0
ORD_21969,CUST_2138,2023-06-27 16:00:00,Completed,E-Wallet (GoPay/OVO),0.0
ORD_21970,CUST_1436,2023-09-13 22:00:00,Completed,QRIS,4.76
ORD_21971,CUST_1031,2023-10-18 01:00:00,Cancelled,Virtual Account Bank Transfer,8.53
ORD_21972,CUST_1441,2023-09-27 03:00:00,Completed,QRIS,6.86
ORD_21973,CUST_2028,2024-06-03 03:00:00,Completed,QRIS,7.42
ORD_21974,CUST_2094,2023-09-25 07:00:00,Completed,E-Wallet (GoPay/OVO),6.47
ORD_21975,CUST_1634,2023-11-14 10:00:00,Shipped,E-Wallet (GoPay/OVO),0.0
ORD_21976,CUST_1840,2024-01-29 08:00:00,Completed,BNPL,3.9
ORD_21977,CUST_1758,2024-05-20 18:00:00,Completed,Credit Card,0.0
ORD_21978,CUST_1248,2023-09-06 08:00:00,Completed,QRIS,6.1
ORD_21979,CUST_1985,2023-02-22 00:00:00,Completed,BNPL,6.12
ORD_21980,CUST_1120,2023-06-11 11:00:00,Completed,Virtual Account Bank Transfer,6.15
ORD_21981,CUST_1793,2023-11-08 13:00:00,Completed,Virtual Account Bank Transfer,0.0
ORD_21982,CUST_1481,2023-09-10 02:00:00,Completed,BNPL,0.0
ORD_21983,CUST_1844,2023-08-20 19:00:00,Completed,E-Wallet (GoPay/OVO),2.93
ORD_21984,CUST_2085,2024-04-10 15:00:00,Completed,Credit Card,7.66
ORD_21985,CUST_1540,2024-06-20 02:00:00,Cancelled,E-Wallet (GoPay/OVO),4.38
ORD_21986,CUST_1466,2023-06-25 07:00:00,Shipped,E-Wallet (GoPay/OVO),0.0
ORD_21987,CUST_2090,2024-04-12 23:00:00,Completed,QRIS,0.0
ORD_21988,CUST_1423,2024-06-07 02:00:00,Completed,E-Wallet (GoPay/OVO),0.0
ORD_21989,CUST_1526,2023-08-28 09:00:00,Completed,Credit Card,8.36
ORD_21990,CUST_1147,2023-09-16 09:00:00,Completed,Virtual Account Bank Transfer,0.0
ORD_21991,CUST_1835,2023-08-28 05:00:00,Returned,E-Wallet (GoPay/OVO),0.0
ORD_21992,CUST_1883,2023-03-28 10:00:00,Completed,BNPL,8.04
ORD_21993,CUST_2054,2024-05-02 15:00:00,Returned,Credit Card,6.16
ORD_21994,CUST_2018,2023-08-10 04:00:00,Shipped,QRIS,3.23
ORD_21995,CUST_1838,2024-04-14 15:00:00,Completed,BNPL,0.0
ORD_21996,CUST_1358,2023-05-27 21:00:00,Completed,Virtual Account Bank Transfer,0.0
ORD_21997,CUST_1898,2024-06-14 07:00:00,Completed,QRIS,0.0
ORD_21998,CUST_1590,2024-02-04 04:00:00,Completed,Credit Card,8.45
ORD_21999,CUST_1856,2025-01-28 01:00:00,Completed,BNPL,0.0
ORD_22000,CUST_1327,2024-01-19 09:00:00,Completed,BNPL,0.0
ORD_22001,CUST_1211,2024-01-08 18:00:00,Shipped,E-Wallet (GoPay/OVO),8.84
ORD_22002,CUST_1582,2023-10-28 21:00:00,Completed,Credit Card,4.49
ORD_22003,CUST_1946,2023-01-12 18:00:00,Completed,Credit Card,0.0
ORD_22004,CUST_1123,2023-11-09 04:00:00,Completed,E-Wallet (GoPay/OVO),3.17
ORD_22005,CUST_1948,2023-04-15 17:00:00,Completed,QRIS,5.22
ORD_22006,CUST_1598,2023-09-17 04:00:00,Completed,BNPL,7.91
ORD_22007,CUST_1686,2023-11-23 11:00:00,Completed,E-Wallet (GoPay/OVO),4.05
ORD_22008,CUST_1922,2024-07-02 02:00:00,Completed,Credit Card,0.0
ORD_22009,CUST_1542,2023-05-02 13:00:00,Completed,Virtual Account Bank Transfer,0.0
ORD_22010,CUST_1194,2023-12-21 07:00:00,Completed,Virtual Account Bank Transfer,7.45
ORD_22011,CUST_1784,2024-08-10 22:00:00,Completed,E-Wallet (GoPay/OVO),6.12
ORD_22012,CUST_1350,2023-03-13 13:00:00,Completed,Virtual Account Bank Transfer,6.44
ORD_22013,CUST_1899,2024-08-24 22:00:00,Completed,E-Wallet (GoPay/OVO),5.27
ORD_22014,CUST_1555,2023-05-26 08:00:00,Cancelled,Credit Card,7.38
ORD_22015,CUST_1900,2024-02-21 09:00:00,Completed,Credit Card,3.65
ORD_22016,CUST_1116,2024-02-20 15:00:00,Completed,E-Wallet (GoPay/OVO),5.9
ORD_22017,CUST_1642,2023-04-25 13:00:00,Completed,BNPL,0.0
ORD_22018,CUST_1953,2023-07-17 08:00:00,Completed,QRIS,0.0
ORD_22019,CUST_1126,2024-02-22 13:00:00,Completed,E-Wallet (GoPay/OVO),0.0
ORD_22020,CUST_1394,2023-03-31 17:00:00,Delivered,QRIS,6.46
ORD_22021,CUST_1352,2024-09-05 12:00:00,Completed,E-Wallet (GoPay/OVO),5.31
ORD_22022,CUST_1476,2024-08-26 10:00:00,Completed,Credit Card,2.51
ORD_22023,CUST_1198,2023-09-12 06:00:00,Cancelled,Credit Card,5.19
ORD_22024,CUST_2086,2023-10-03 17:00:00,Completed,E-Wallet (GoPay/OVO),5.11
ORD_22025,CUST_1235,2023-12-16 01:00:00,Completed,Credit Card,6.07
ORD_22026,CUST_2138,2023-08-24 11:00:00,Completed,QRIS,0.0
ORD_22027,CUST_2030,2024-02-29 04:00:00,Completed,Credit Card,0.0
ORD_22028,CUST_1611,2024-08-07 16:00:00,Completed,QRIS,4.88
ORD_22029,CUST_1265,2024-06-30 21:00:00,Completed,BNPL,7.18
ORD_22030,CUST_2076,2024-02-02 16:00:00,Completed,Virtual Account Bank Transfer,7.82
ORD_22031,CUST_1081,2023-01-13 09:00:00,Completed,Virtual Account Bank Transfer,3.74
ORD_22032,CUST_1515,2024-08-09 01:00:00,Completed,BNPL,0.0
ORD_22033,CUST_1810,2024-04-27 00:00:00,Shipped,E-Wallet (GoPay/OVO),0.0
ORD_22034,CUST_1290,2023-04-07 21:00:00,Completed,QRIS,4.07
ORD_22035,CUST_1375,2024-04-23 05:00:00,Completed,BNPL,0.0
ORD_22036,CUST_1163,2024-01-15 01:00:00,Completed,Virtual Account Bank Transfer,4.66
ORD_22037,CUST_1974,2023-04-22 03:00:00,Shipped,E-Wallet (GoPay/OVO),8.88
ORD_22038,CUST_1657,2023-12-17 23:00:00,Completed,E-Wallet (GoPay/OVO),8.85
ORD_22039,CUST_1416,2024-04-06 09:00:00,Completed,Virtual Account Bank Transfer,0.0
ORD_22040,CUST_1601,2023-01-26 15:00:00,Completed,E-Wallet (GoPay/OVO),0.0
ORD_22041,CUST_1483,2023-05-02 08:00:00,Completed,BNPL,0.0
ORD_22042,CUST_1439,2024-07-15 13:00:00,Completed,E-Wallet (GoPay/OVO),0.0
ORD_22043,CUST_1140,2024-12-22 00:00:00,Completed,BNPL,3.38
ORD_22044,CUST_1620,2023-04-10 18:00:00,Cancelled,Virtual Account Bank Transfer,6.4
ORD_22045,CUST_1107,2023-07-12 05:00:00,Completed,Credit Card,5.35
ORD_22046,CUST_1120,2023-10-13 08:00:00,Completed,QRIS,0.0
ORD_22047,CUST_2048,2024-06-15 19:00:00,Completed,E-Wallet (GoPay/OVO),0.0
ORD_22048,CUST_1153,2023-06-04 13:00:00,Completed,Credit Card,0.0
ORD_22049,CUST_1765,2023-12-21 19:00:00,Completed,BNPL,4.95
ORD_22050,CUST_1751,2024-07-11 14:00:00,Completed,BNPL,0.0
ORD_22051,CUST_1604,2023-04-03 20:00:00,Completed,Virtual Account Bank Transfer,0.0
ORD_22052,CUST_1399,2023-09-11 01:00:00,Completed,Credit Card,4.81
ORD_22053,CUST_2064,2023-10-16 17:00:00,Completed,Virtual Account Bank Transfer,2.85
ORD_22054,CUST_2039,2023-05-30 00:00:00,Completed,Credit Card,8.57
ORD_22055,CUST_1882,2024-02-11 13:00:00,Completed,QRIS,6.28
ORD_22056,CUST_2036,2023-05-24 08:00:00,Completed,BNPL,6.6
ORD_22057,CUST_2029,2023-06-26 20:00:00,Cancelled,Credit Card,6.02
ORD_22058,CUST_1345,2024-05-26 11:00:00,Completed,QRIS,0.0
ORD_22059,CUST_2095,2023-05-30 09:00:00,Completed,E-Wallet (GoPay/OVO),8.71
ORD_22060,CUST_1644,2023-05-09 16:00:00,Completed,Credit Card,5.14
ORD_22061,CUST_1015,2023-09-10 15:00:00,Completed,Virtual Account Bank Transfer,0.0
ORD_22062,CUST_1160,2024-01-24 19:00:00,Shipped,BNPL,8.07
ORD_22063,CUST_1997,2023-06-28 17:00:00,Completed,BNPL,0.0
ORD_22064,CUST_1117,2023-12-08 20:00:00,Completed,Credit Card,8.74
ORD_22065,CUST_1976,2023-06-21 04:00:00,Cancelled,QRIS,3.48
ORD_22066,CUST_1969,2023-10-04 08:00:00,Shipped,Credit Card,8.93
ORD_22067,CUST_1628,2023-11-17 09:00:00,Shipped,E-Wallet (GoPay/OVO),0.0
ORD_22068,CUST_1152,2024-01-15 14:00:00,Completed,Credit Card,0.0
ORD_22069,CUST_1912,2024-08-08 04:00:00,Completed,Virtual Account Bank Transfer,6.13
ORD_22070,CUST_2136,2023-05-22 08:00:00,Delivered,Credit Card,6.37
ORD_22071,CUST_1388,2023-08-27 03:00:00,Completed,Virtual Account Bank Transfer,7.55
ORD_22072,CUST_1025,2023-11-28 17:00:00,Shipped,Credit Card,0.0
ORD_22073,CUST_2121,2024-04-30 11:00:00,Completed,Virtual Account Bank Transfer,4.89
ORD_22074,CUST_1857,2023-03-24 16:00:00,Completed,Virtual Account Bank Transfer,4.04
ORD_22075,CUST_2066,2023-11-16 17:00:00,Completed,BNPL,8.67
ORD_22076,CUST_1039,2023-05-31 11:00:00,Cancelled,BNPL,5.39
ORD_22077,CUST_1838,2023-11-09 08:00:00,Completed,QRIS,5.48
ORD_22078,CUST_2162,2024-06-04 17:00:00,Completed,BNPL,3.47
ORD_22079,CUST_2186,2024-05-04 00:00:00,Completed,Virtual Account Bank Transfer,4.76
ORD_22080,CUST_1711,2023-07-25 05:00:00,Shipped,E-Wallet (GoPay/OVO),0.0
ORD_22081,CUST_1422,2024-05-17 11:00:00,Completed,Virtual Account Bank Transfer,0.0
ORD_22082,CUST_1360,2023-02-17 00:00:00,Completed,Credit Card,6.0
ORD_22083,CUST_1953,2023-07-09 19:00:00,Completed,BNPL,7.77
ORD_22084,CUST_1496,2023-04-01 02:00:00,Completed,Credit Card,8.74
ORD_22085,CUST_1075,2023-05-02 17:00:00,Completed,QRIS,8.8
ORD_22086,CUST_1253,2023-11-07 12:00:00,Completed,BNPL,0.0
ORD_22087,CUST_1494,2024-06-09 19:00:00,Completed,Credit Card,8.69
ORD_22088,CUST_1984,2024-06-27 11:00:00,Completed,BNPL,0.0
ORD_22089,CUST_2055,2023-06-08 02:00:00,Shipped,Credit Card,0.0
ORD_22090,CUST_1647,2023-06-17 02:00:00,Completed,QRIS,0.0
ORD_22091,CUST_1036,2023-06-12 10:00:00,Completed,Credit Card,0.0
ORD_22092,CUST_2084,2023-03-07 06:00:00,Completed,BNPL,0.0
ORD_22093,CUST_1092,2024-10-28 00:00:00,Completed,Credit Card,5.62
ORD_22094,CUST_1474,2023-03-20 13:00:00,Completed,QRIS,7.11
ORD_22095,CUST_1134,2024-03-20 17:00:00,Completed,QRIS,4.81
ORD_22096,CUST_1839,2024-01-21 16:00:00,Completed,QRIS,0.0
ORD_22097,CUST_1828,2023-11-09 04:00:00,Completed,BNPL,0.0
ORD_22098,CUST_1145,2023-11-24 21:00:00,Completed,QRIS,0.0
ORD_22099,CUST_1482,2023-07-16 18:00:00,Completed,Virtual Account Bank Transfer,3.61
ORD_22100,CUST_1872,2023-01-06 06:00:00,Completed,Credit Card,7.1
ORD_22101,CUST_1303,2024-04-26 16:00:00,Completed,E-Wallet (GoPay/OVO),2.59
ORD_22102,CUST_1165,2023-09-17 00:00:00,Completed,QRIS,6.16
ORD_22103,CUST_1182,2024-06-10 07:00:00,Completed,BNPL,0.0
ORD_22104,CUST_1656,2023-08-12 06:00:00,Completed,Virtual Account Bank Transfer,3.33
ORD_22105,CUST_1025,2023-08-26 12:00:00,Completed,E-Wallet (GoPay/OVO),0.0
ORD_22106,CUST_1175,2024-03-27 01:00:00,Completed,E-Wallet (GoPay/OVO),0.0
ORD_22107,CUST_1570,2023-02-25 09:00:00,Completed,Credit Card,7.76
ORD_22108,CUST_1846,2024-04-05 04:00:00,Completed,Credit Card,0.0
ORD_22109,CUST_1572,2023-06-11 08:00:00,Shipped,QRIS,0.0
ORD_22110,CUST_1215,2023-07-31 00:00:00,Completed,QRIS,8.69
ORD_22111,CUST_1816,2024-01-22 07:00:00,Completed,Credit Card,5.3
ORD_22112,CUST_2017,2024-02-09 12:00:00,Completed,E-Wallet (GoPay/OVO),0.0
ORD_22113,CUST_1950,2023-09-02 23:00:00,Completed,Credit Card,4.8
ORD_22114,CUST_2040,2024-04-19 19:00:00,Completed,Credit Card,8.5
ORD_22115,CUST_1022,2023-10-12 14:00:00,Completed,QRIS,8.99
ORD_22116,CUST_1339,2024-07-25 01:00:00,Completed,Virtual Account Bank Transfer,0.0
ORD_22117,CUST_1490,2023-11-10 06:00:00,Cancelled,Virtual Account Bank Transfer,4.32
ORD_22118,CUST_2187,2023-02-06 08:00:00,Completed,Credit Card,0.0
ORD_22119,CUST_1619,2024-03-08 05:00:00,Delivered,Credit Card,4.61
ORD_22120,CUST_1216,2023-10-04 17:00:00,Completed,E-Wallet (GoPay/OVO),3.18
ORD_22121,CUST_1042,2023-07-12 09:00:00,Completed,Virtual Account Bank Transfer,7.16
ORD_22122,CUST_1674,2023-04-22 12:00:00,Completed,E-Wallet (GoPay/OVO),6.26
ORD_22123,CUST_1757,2024-01-14 12:00:00,Completed,QRIS,3.19
ORD_22124,CUST_1680,2023-03-06 10:00:00,Completed,Credit Card,2.86
ORD_22125,CUST_1547,2023-07-20 16:00:00,Completed,Credit Card,0.0
ORD_22126,CUST_2074,2023-02-07 14:00:00,Completed,E-Wallet (GoPay/OVO),0.0
ORD_22127,CUST_1381,2024-01-11 18:00:00,Completed,Credit Card,0.0
ORD_22128,CUST_1792,2024-01-17 23:00:00,Shipped,Credit Card,0.0
ORD_22129,CUST_1445,2023-09-09 10:00:00,Completed,Credit Card,0.0
ORD_22130,CUST_1913,2024-03-02 00:00:00,Completed,E-Wallet (GoPay/OVO),5.95
ORD_22131,CUST_1057,2023-04-25 20:00:00,Completed,E-Wallet (GoPay/OVO),3.0
ORD_22132,CUST_1812,2024-03-13 03:00:00,Completed,Credit Card,0.0
ORD_22133,CUST_1602,2024-04-07 20:00:00,Completed,Credit Card,0.0
ORD_22134,CUST_1615,2023-05-21 15:00:00,Completed,Credit Card,3.69
ORD_22135,CUST_2000,2023-10-17 23:00:00,Completed,QRIS,3.38
ORD_22136,CUST_1735,2023-06-01 10:00:00,Completed,Virtual Account Bank Transfer,0.0
ORD_22137,CUST_2135,2024-02-05 02:00:00,Completed,Credit Card,7.23
ORD_22138,CUST_1349,2024-08-12 14:00:00,Completed,BNPL,5.82
ORD_22139,CUST_1636,2023-11-18 07:00:00,Cancelled,Credit Card,0.0
ORD_22140,CUST_1330,2024-02-19 23:00:00,Completed,BNPL,7.85
ORD_22141,CUST_1496,2023-02-05 16:00:00,Completed,Virtual Account Bank Transfer,4.42
ORD_22142,CUST_2004,2024-01-13 23:00:00,Completed,Virtual Account Bank Transfer,8.72
ORD_22143,CUST_1531,2024-08-11 20:00:00,Shipped,QRIS,7.12
ORD_22144,CUST_1764,2023-09-29 01:00:00,Completed,QRIS,8.68
ORD_22145,CUST_1733,2024-03-13 23:00:00,Completed,BNPL,5.42
ORD_22146,CUST_1190,2024-11-23 10:00:00,Delivered,QRIS,0.0
ORD_22147,CUST_1886,2023-11-07 20:00:00,Shipped,QRIS,7.11
ORD_22148,CUST_1744,2023-04-03 02:00:00,Completed,Virtual Account Bank Transfer,5.38
ORD_22149,CUST_1433,2024-01-30 17:00:00,Returned,BNPL,7.38
ORD_22150,CUST_1816,2024-02-07 03:00:00,Delivered,QRIS,8.6
ORD_22151,CUST_1707,2023-07-13 18:00:00,Completed,Virtual Account Bank Transfer,0.0
ORD_22152,CUST_1450,2024-03-10 16:00:00,Completed,Credit Card,0.0
ORD_22153,CUST_2148,2024-08-29 02:00:00,Delivered,Virtual Account Bank Transfer,0.0
ORD_22154,CUST_2037,2023-07-13 04:00:00,Returned,BNPL,3.33
ORD_22155,CUST_1644,2023-03-29 15:00:00,Completed,Virtual Account Bank Transfer,4.47
ORD_22156,CUST_1367,2024-02-18 12:00:00,Completed,Credit Card,3.23
ORD_22157,CUST_1087,2023-09-25 01:00:00,Completed,QRIS,4.11
ORD_22158,CUST_1262,2024-03-13 05:00:00,Shipped,BNPL,0.0
ORD_22159,CUST_1169,2023-02-04 22:00:00,Completed,Credit Card,0.0
ORD_22160,CUST_1722,2023-05-23 04:00:00,Shipped,Credit Card,5.31
ORD_22161,CUST_1328,2023-10-26 17:00:00,Completed,Virtual Account Bank Transfer,8.9
ORD_22162,CUST_2198,2023-11-11 03:00:00,Shipped,Credit Card,6.54
ORD_22163,CUST_1056,2023-10-30 11:00:00,Completed,BNPL,7.27
ORD_22164,CUST_2047,2023-06-15 05:00:00,Completed,Credit Card,7.14
ORD_22165,CUST_1195,2023-08-04 11:00:00,Completed,BNPL,7.32
ORD_22166,CUST_1718,2023-11-18 00:00:00,Cancelled,Virtual Account Bank Transfer,4.96
ORD_22167,CUST_1136,2023-03-05 16:00:00,Completed,QRIS,6.19
ORD_22168,CUST_1070,2023-09-13 08:00:00,Completed,E-Wallet (GoPay/OVO),4.64
ORD_22169,CUST_1524,2023-10-04 14:00:00,Completed,BNPL,0.0
ORD_22170,CUST_2117,2024-03-09 06:00:00,Completed,Credit Card,3.57
ORD_22171,CUST_1768,2024-12-07 10:00:00,Completed,QRIS,7.43
ORD_22172,CUST_1147,2023-08-14 03:00:00,Completed,Credit Card,4.81
ORD_22173,CUST_1291,2023-08-20 11:00:00,Completed,QRIS,0.0
ORD_22174,CUST_2074,2023-05-13 17:00:00,Completed,Credit Card,4.62
ORD_22175,CUST_1327,2023-11-18 05:00:00,Completed,QRIS,4.99
ORD_22176,CUST_1589,2023-06-16 06:00:00,Completed,BNPL,0.0
ORD_22177,CUST_2072,2023-11-08 22:00:00,Completed,BNPL,0.0
ORD_22178,CUST_1396,2023-06-27 08:00:00,Completed,E-Wallet (GoPay/OVO),8.52
ORD_22179,CUST_2159,2023-07-29 07:00:00,Completed,Virtual Account Bank Transfer,0.0
ORD_22180,CUST_2033,2024-05-09 06:00:00,Completed,E-Wallet (GoPay/OVO),7.9
ORD_22181,CUST_1908,2023-12-04 10:00:00,Completed,Credit Card,4.46
ORD_22182,CUST_1221,2023-06-23 12:00:00,Shipped,E-Wallet (GoPay/OVO),5.84
ORD_22183,CUST_1578,2023-08-17 05:00:00,Completed,Virtual Account Bank Transfer,6.95
ORD_22184,CUST_1329,2023-05-29 10:00:00,Completed,Credit Card,8.69
ORD_22185,CUST_1693,2023-03-27 01:00:00,Delivered,BNPL,2.8
ORD_22186,CUST_1491,2023-06-25 16:00:00,Completed,BNPL,0.0
ORD_22187,CUST_2016,2024-04-18 06:00:00,Completed,Virtual Account Bank Transfer,0.0
ORD_22188,CUST_1937,2023-06-16 21:00:00,Completed,E-Wallet (GoPay/OVO),0.0
ORD_22189,CUST_1109,2023-11-21 01:00:00,Completed,E-Wallet (GoPay/OVO),5.62
ORD_22190,CUST_1327,2024-01-01 10:00:00,Completed,QRIS,0.0
ORD_22191,CUST_2004,2024-05-03 19:00:00,Completed,BNPL,4.6
ORD_22192,CUST_1869,2024-01-28 12:00:00,Completed,Virtual Account Bank Transfer,0.0
ORD_22193,CUST_1838,2023-09-09 01:00:00,Completed,QRIS,7.56
ORD_22194,CUST_2009,2024-01-31 16:00:00,Completed,E-Wallet (GoPay/OVO),7.49
ORD_22195,CUST_1115,2023-08-22 12:00:00,Completed,Credit Card,4.73
ORD_22196,CUST_1617,2023-07-07 12:00:00,Shipped,Virtual Account Bank Transfer,4.23
ORD_22197,CUST_1026,2023-01-18 06:00:00,Cancelled,QRIS,0.0
ORD_22198,CUST_1525,2024-01-02 12:00:00,Completed,Credit Card,5.72
ORD_22199,CUST_1877,2023-11-25 12:00:00,Completed,Credit Card,7.15
ORD_22200,CUST_1839,2023-12-29 03:00:00,Completed,QRIS,0.0
ORD_22201,CUST_1425,2023-09-12 11:00:00,Shipped,BNPL,6.81
ORD_22202,CUST_1647,2023-02-23 05:00:00,Cancelled,QRIS,4.96
ORD_22203,CUST_1685,2024-06-11 22:00:00,Shipped,BNPL,0.0
ORD_22204,CUST_2173,2023-05-23 15:00:00,Completed,Credit Card,0.0
ORD_22205,CUST_1884,2023-05-14 01:00:00,Completed,Credit Card,6.21
ORD_22206,CUST_1044,2024-02-29 23:00:00,Completed,QRIS,7.97
ORD_22207,CUST_1123,2024-01-03 19:00:00,Completed,Credit Card,0.0
ORD_22208,CUST_1892,2024-06-30 00:00:00,Completed,QRIS,0.0
ORD_22209,CUST_1230,2023-08-10 16:00:00,Completed,QRIS,8.25
ORD_22210,CUST_2152,2023-12-29 20:00:00,Completed,Credit Card,0.0
ORD_22211,CUST_1060,2024-02-09 22:00:00,Completed,Credit Card,3.15
ORD_22212,CUST_1285,2023-12-10 17:00:00,Shipped,E-Wallet (GoPay/OVO),3.5
ORD_22213,CUST_1176,2024-07-22 10:00:00,Delivered,QRIS,4.56
ORD_22214,CUST_1034,2023-05-08 11:00:00,Completed,BNPL,7.39
ORD_22215,CUST_2180,2024-10-06 07:00:00,Completed,QRIS,5.75
ORD_22216,CUST_1532,2024-09-30 07:00:00,Completed,BNPL,0.0
ORD_22217,CUST_1004,2024-06-05 01:00:00,Completed,Credit Card,7.98
ORD_22218,CUST_1208,2024-06-30 06:00:00,Completed,QRIS,4.2
ORD_22219,CUST_1363,2024-08-10 20:00:00,Shipped,BNPL,0.0
ORD_22220,CUST_1037,2023-12-22 23:00:00,Completed,E-Wallet (GoPay/OVO),8.98
ORD_22221,CUST_1269,2023-08-31 21:00:00,Completed,QRIS,0.0
ORD_22222,CUST_1354,2024-02-19 15:00:00,Completed,QRIS,0.0
ORD_22223,CUST_2085,2024-03-01 08:00:00,Completed,BNPL,8.88
ORD_22224,CUST_1889,2023-08-26 12:00:00,Completed,QRIS,5.68
ORD_22225,CUST_1212,2023-02-22 21:00:00,Completed,BNPL,0.0
ORD_22226,CUST_1737,2023-05-07 03:00:00,Completed,Virtual Account Bank Transfer,7.79
ORD_22227,CUST_2199,2024-07-01 00:00:00,Completed,Credit Card,2.79
ORD_22228,CUST_1815,2023-09-23 19:00:00,Completed,Virtual Account Bank Transfer,7.82
ORD_22229,CUST_1142,2024-03-12 22:00:00,Cancelled,E-Wallet (GoPay/OVO),6.5
ORD_22230,CUST_1113,2023-09-27 05:00:00,Completed,Virtual Account Bank Transfer,2.83
ORD_22231,CUST_2034,2023-10-10 13:00:00,Completed,E-Wallet (GoPay/OVO),6.12
ORD_22232,CUST_2081,2024-01-21 23:00:00,Delivered,QRIS,7.31
ORD_22233,CUST_1041,2023-10-26 06:00:00,Shipped,Virtual Account Bank Transfer,6.74
ORD_22234,CUST_1209,2023-12-12 13:00:00,Completed,BNPL,3.54
ORD_22235,CUST_1409,2023-07-04 12:00:00,Completed,BNPL,0.0
ORD_22236,CUST_1683,2024-03-09 22:00:00,Completed,Virtual Account Bank Transfer,0.0
ORD_22237,CUST_1052,2023-06-27 11:00:00,Shipped,QRIS,0.0
ORD_22238,CUST_1719,2024-04-22 06:00:00,Completed,Credit Card,0.0
ORD_22239,CUST_1556,2024-07-28 11:00:00,Completed,E-Wallet (GoPay/OVO),0.0
ORD_22240,CUST_1366,2023-05-22 14:00:00,Completed,Credit Card,2.56
ORD_22241,CUST_2099,2023-09-28 14:00:00,Completed,BNPL,0.0
ORD_22242,CUST_1176,2024-04-08 22:00:00,Completed,QRIS,0.0
ORD_22243,CUST_2021,2023-04-16 06:00:00,Completed,Credit Card,0.0
ORD_22244,CUST_1288,2023-10-05 05:00:00,Completed,Virtual Account Bank Transfer,0.0
ORD_22245,CUST_1806,2023-06-21 13:00:00,Completed,Virtual Account Bank Transfer,0.0
ORD_22246,CUST_1036,2023-07-04 13:00:00,Completed,Virtual Account Bank Transfer,2.69
ORD_22247,CUST_1170,2023-12-19 03:00:00,Completed,Virtual Account Bank Transfer,0.0
ORD_22248,CUST_1799,2024-08-27 21:00:00,Completed,BNPL,3.65
ORD_22249,CUST_1237,2023-11-10 18:00:00,Cancelled,E-Wallet (GoPay/OVO),0.0
ORD_22250,CUST_1130,2024-05-19 10:00:00,Completed,E-Wallet (GoPay/OVO),0.0
ORD_22251,CUST_1882,2024-06-25 20:00:00,Delivered,Virtual Account Bank Transfer,0.0
ORD_22252,CUST_1255,2023-08-16 05:00:00,Completed,BNPL,5.36
ORD_22253,CUST_1685,2024-05-30 18:00:00,Completed,BNPL,0.0
ORD_22254,CUST_1227,2023-08-25 19:00:00,Completed,Virtual Account Bank Transfer,0.0
ORD_22255,CUST_1995,2024-05-08 12:00:00,Delivered,QRIS,4.71
ORD_22256,CUST_2068,2023-06-03 01:00:00,Shipped,QRIS,6.91
ORD_22257,CUST_1922,2024-02-04 10:00:00,Completed,Virtual Account Bank Transfer,8.79
ORD_22258,CUST_1097,2024-01-10 01:00:00,Cancelled,Virtual Account Bank Transfer,3.0
ORD_22259,CUST_2148,2024-06-02 20:00:00,Completed,BNPL,0.0
ORD_22260,CUST_1959,2023-09-26 07:00:00,Returned,Credit Card,2.57
ORD_22261,CUST_1134,2023-11-04 18:00:00,Shipped,Credit Card,0.0
ORD_22262,CUST_1871,2024-09-13 17:00:00,Completed,Virtual Account Bank Transfer,4.67
ORD_22263,CUST_1374,2023-03-12 22:00:00,Shipped,QRIS,7.41
ORD_22264,CUST_1404,2024-01-17 20:00:00,Completed,E-Wallet (GoPay/OVO),5.42
ORD_22265,CUST_1198,2023-08-21 09:00:00,Completed,QRIS,4.42
ORD_22266,CUST_1207,2024-02-28 11:00:00,Completed,Virtual Account Bank Transfer,0.0
ORD_22267,CUST_1041,2023-09-02 23:00:00,Shipped,E-Wallet (GoPay/OVO),0.0
ORD_22268,CUST_1278,2024-03-07 21:00:00,Shipped,Credit Card,4.7
ORD_22269,CUST_1315,2023-03-28 21:00:00,Shipped,BNPL,6.22
ORD_22270,CUST_2101,2024-03-18 07:00:00,Delivered,E-Wallet (GoPay/OVO),0.0
ORD_22271,CUST_1883,2023-04-19 10:00:00,Shipped,Credit Card,6.73
ORD_22272,CUST_1332,2024-07-20 15:00:00,Completed,QRIS,3.09
ORD_22273,CUST_1618,2023-06-26 17:00:00,Completed,E-Wallet (GoPay/OVO),8.18
ORD_22274,CUST_1712,2024-05-11 10:00:00,Completed,E-Wallet (GoPay/OVO),4.15
ORD_22275,CUST_1132,2024-05-09 23:00:00,Completed,E-Wallet (GoPay/OVO),0.0
ORD_22276,CUST_1908,2024-07-30 06:00:00,Delivered,QRIS,5.26
ORD_22277,CUST_1891,2023-04-15 08:00:00,Completed,QRIS,4.31
ORD_22278,CUST_2139,2024-01-18 22:00:00,Completed,E-Wallet (GoPay/OVO),7.89
ORD_22279,CUST_1145,2023-12-13 13:00:00,Completed,Credit Card,6.02
ORD_22280,CUST_1640,2023-04-17 13:00:00,Completed,Virtual Account Bank Transfer,0.0
ORD_22281,CUST_1952,2023-03-20 22:00:00,Completed,Virtual Account Bank Transfer,8.15
ORD_22282,CUST_2164,2024-11-17 19:00:00,Completed,Credit Card,2.87
ORD_22283,CUST_1810,2024-05-26 00:00:00,Shipped,Virtual Account Bank Transfer,0.0
ORD_22284,CUST_1034,2024-01-13 12:00:00,Completed,Credit Card,2.88
ORD_22285,CUST_1304,2024-01-26 17:00:00,Completed,Virtual Account Bank Transfer,3.11
ORD_22286,CUST_1232,2023-01-27 01:00:00,Completed,BNPL,5.68
ORD_22287,CUST_1930,2025-07-09 17:00:00,Completed,BNPL,0.0
ORD_22288,CUST_1786,2023-09-15 07:00:00,Completed,Credit Card,0.0
ORD_22289,CUST_1342,2023-07-19 09:00:00,Completed,Credit Card,5.84
ORD_22290,CUST_1641,2024-03-28 01:00:00,Completed,QRIS,0.0
ORD_22291,CUST_1979,2023-09-28 14:00:00,Completed,E-Wallet (GoPay/OVO),0.0
ORD_22292,CUST_1675,2024-07-23 03:00:00,Shipped,E-Wallet (GoPay/OVO),0.0
ORD_22293,CUST_1502,2023-08-19 10:00:00,Completed,Virtual Account Bank Transfer,5.69
ORD_22294,CUST_2082,2023-09-30 07:00:00,Completed,E-Wallet (GoPay/OVO),0.0
ORD_22295,CUST_1219,2023-09-25 05:00:00,Completed,E-Wallet (GoPay/OVO),0.0
ORD_22296,CUST_1690,2023-09-14 08:00:00,Completed,BNPL,0.0
ORD_22297,CUST_1208,2024-04-07 17:00:00,Completed,E-Wallet (GoPay/OVO),7.19
ORD_22298,CUST_1244,2024-08-01 02:00:00,Completed,Credit Card,0.0
ORD_22299,CUST_1038,2023-11-27 18:00:00,Completed,E-Wallet (GoPay/OVO),6.69
ORD_22300,CUST_2162,2024-05-30 14:00:00,Delivered,QRIS,4.18
ORD_22301,CUST_1984,2023-12-28 09:00:00,Delivered,BNPL,3.42
ORD_22302,CUST_1104,2024-03-30 14:00:00,Completed,Virtual Account Bank Transfer,0.0
ORD_22303,CUST_1628,2024-01-14 19:00:00,Returned,Virtual Account Bank Transfer,3.02
ORD_22304,CUST_1096,2024-10-07 07:00:00,Delivered,QRIS,6.85
ORD_22305,CUST_1412,2024-07-16 22:00:00,Completed,QRIS,0.0
ORD_22306,CUST_2193,2023-11-01 14:00:00,Completed,Credit Card,3.13
ORD_22307,CUST_1200,2023-07-31 14:00:00,Cancelled,BNPL,7.01
ORD_22308,CUST_1383,2024-03-02 19:00:00,Delivered,Credit Card,0.0
ORD_22309,CUST_2130,2023-07-24 12:00:00,Completed,QRIS,5.39
ORD_22310,CUST_1637,2023-03-09 15:00:00,Delivered,Credit Card,0.0
ORD_22311,CUST_1535,2024-02-13 01:00:00,Completed,BNPL,0.0
ORD_22312,CUST_2008,2023-10-09 15:00:00,Delivered,E-Wallet (GoPay/OVO),8.57
ORD_22313,CUST_2184,2023-07-30 03:00:00,Completed,QRIS,0.0
ORD_22314,CUST_1702,2024-11-24 10:00:00,Completed,BNPL,6.7
ORD_22315,CUST_1919,2024-02-13 04:00:00,Completed,E-Wallet (GoPay/OVO),2.67
ORD_22316,CUST_1741,2024-04-06 19:00:00,Completed,QRIS,3.39
ORD_22317,CUST_1685,2025-04-02 04:00:00,Completed,BNPL,0.0
ORD_22318,CUST_1827,2023-05-28 13:00:00,Completed,Credit Card,6.88
ORD_22319,CUST_1492,2023-02-19 14:00:00,Delivered,QRIS,2.82
ORD_22320,CUST_2003,2023-03-24 05:00:00,Completed,E-Wallet (GoPay/OVO),0.0
ORD_22321,CUST_1136,2023-03-29 15:00:00,Completed,QRIS,8.59
ORD_22322,CUST_1977,2024-04-09 14:00:00,Completed,Virtual Account Bank Transfer,0.0
ORD_22323,CUST_1986,2023-04-20 04:00:00,Completed,QRIS,8.0
ORD_22324,CUST_1385,2023-10-16 02:00:00,Delivered,BNPL,0.0
ORD_22325,CUST_2165,2023-05-14 03:00:00,Completed,QRIS,4.64
ORD_22326,CUST_1914,2023-09-23 15:00:00,Cancelled,E-Wallet (GoPay/OVO),4.76
ORD_22327,CUST_1653,2023-07-30 11:00:00,Completed,Virtual Account Bank Transfer,7.39
ORD_22328,CUST_1872,2023-06-11 01:00:00,Completed,BNPL,7.35
ORD_22329,CUST_1358,2023-05-28 03:00:00,Completed,E-Wallet (GoPay/OVO),0.0
ORD_22330,CUST_1209,2023-11-25 04:00:00,Delivered,Virtual Account Bank Transfer,0.0
ORD_22331,CUST_1874,2024-01-06 02:00:00,Completed,BNPL,0.0
ORD_22332,CUST_2043,2023-04-26 04:00:00,Completed,E-Wallet (GoPay/OVO),8.24
ORD_22333,CUST_1593,2024-05-21 00:00:00,Completed,Credit Card,0.0
ORD_22334,CUST_2140,2024-01-17 14:00:00,Completed,E-Wallet (GoPay/OVO),7.13
ORD_22335,CUST_1911,2023-12-30 22:00:00,Cancelled,Virtual Account Bank Transfer,0.0
ORD_22336,CUST_1797,2024-01-28 17:00:00,Completed,Virtual Account Bank Transfer,0.0
ORD_22337,CUST_1337,2023-10-13 10:00:00,Shipped,Virtual Account Bank Transfer,2.64
ORD_22338,CUST_1280,2023-05-06 17:00:00,Completed,QRIS,7.04
ORD_22339,CUST_1854,2023-11-22 15:00:00,Completed,Virtual Account Bank Transfer,5.39
ORD_22340,CUST_2195,2023-02-10 21:00:00,Completed,Virtual Account Bank Transfer,7.39
ORD_22341,CUST_1901,2023-11-10 07:00:00,Completed,BNPL,7.26
ORD_22342,CUST_1895,2024-02-10 06:00:00,Completed,BNPL,0.0
ORD_22343,CUST_1994,2023-12-19 14:00:00,Shipped,QRIS,0.0
ORD_22344,CUST_1155,2024-12-18 06:00:00,Completed,BNPL,7.17
ORD_22345,CUST_1518,2024-02-05 02:00:00,Completed,Credit Card,4.83
ORD_22346,CUST_1018,2024-06-01 09:00:00,Completed,QRIS,7.45
ORD_22347,CUST_1741,2023-08-03 00:00:00,Completed,E-Wallet (GoPay/OVO),0.0
ORD_22348,CUST_1497,2023-10-05 01:00:00,Cancelled,QRIS,0.0
ORD_22349,CUST_1869,2024-08-10 10:00:00,Shipped,E-Wallet (GoPay/OVO),0.0
ORD_22350,CUST_2115,2024-05-01 08:00:00,Cancelled,BNPL,5.83
ORD_22351,CUST_2013,2023-08-08 12:00:00,Shipped,E-Wallet (GoPay/OVO),4.58
ORD_22352,CUST_1358,2023-07-13 14:00:00,Delivered,Credit Card,0.0
ORD_22353,CUST_1153,2023-08-02 23:00:00,Completed,QRIS,8.23
ORD_22354,CUST_1019,2024-05-28 15:00:00,Completed,Virtual Account Bank Transfer,4.36
ORD_22355,CUST_1430,2023-11-15 05:00:00,Cancelled,QRIS,2.79
ORD_22356,CUST_1996,2023-10-30 06:00:00,Completed,QRIS,4.73
ORD_22357,CUST_1283,2024-09-02 14:00:00,Shipped,Virtual Account Bank Transfer,7.72
ORD_22358,CUST_2051,2023-12-25 22:00:00,Completed,BNPL,4.2
ORD_22359,CUST_1382,2023-11-18 06:00:00,Completed,QRIS,4.85
ORD_22360,CUST_1146,2024-06-21 08:00:00,Completed,Virtual Account Bank Transfer,6.04
ORD_22361,CUST_1569,2024-06-05 23:00:00,Completed,E-Wallet (GoPay/OVO),3.65
ORD_22362,CUST_1262,2024-11-26 19:00:00,Completed,Credit Card,0.0
ORD_22363,CUST_1085,2024-05-30 12:00:00,Completed,Credit Card,0.0
ORD_22364,CUST_1329,2023-05-25 19:00:00,Delivered,BNPL,8.81
ORD_22365,CUST_1721,2023-06-13 00:00:00,Completed,BNPL,2.55
ORD_22366,CUST_1482,2023-05-24 01:00:00,Completed,BNPL,8.45
ORD_22367,CUST_1337,2023-11-05 00:00:00,Completed,Credit Card,0.0
ORD_22368,CUST_1798,2024-04-11 01:00:00,Completed,E-Wallet (GoPay/OVO),7.25
ORD_22369,CUST_1132,2023-05-29 00:00:00,Completed,Virtual Account Bank Transfer,7.79
ORD_22370,CUST_1988,2023-08-17 03:00:00,Completed,QRIS,0.0
ORD_22371,CUST_1041,2023-08-14 16:00:00,Completed,QRIS,6.15
ORD_22372,CUST_1402,2024-10-06 11:00:00,Cancelled,Credit Card,4.58
ORD_22373,CUST_1467,2024-06-24 06:00:00,Shipped,E-Wallet (GoPay/OVO),0.0
ORD_22374,CUST_1721,2023-06-03 11:00:00,Shipped,Virtual Account Bank Transfer,0.0
ORD_22375,CUST_2070,2024-08-29 12:00:00,Completed,Credit Card,5.61
ORD_22376,CUST_1010,2024-07-20 03:00:00,Completed,Virtual Account Bank Transfer,0.0
ORD_22377,CUST_1942,2023-02-14 03:00:00,Completed,BNPL,0.0
ORD_22378,CUST_1009,2023-11-30 16:00:00,Cancelled,BNPL,8.2
ORD_22379,CUST_1206,2024-05-01 18:00:00,Completed,E-Wallet (GoPay/OVO),4.9
ORD_22380,CUST_1344,2024-08-02 00:00:00,Completed,E-Wallet (GoPay/OVO),5.46
ORD_22381,CUST_1569,2024-06-20 06:00:00,Completed,QRIS,0.0
ORD_22382,CUST_2096,2023-12-07 07:00:00,Completed,QRIS,0.0
ORD_22383,CUST_1891,2023-05-09 05:00:00,Completed,BNPL,5.05
ORD_22384,CUST_1895,2023-11-23 00:00:00,Returned,E-Wallet (GoPay/OVO),2.89
ORD_22385,CUST_1912,2024-05-18 18:00:00,Completed,Credit Card,8.04
ORD_22386,CUST_1497,2024-04-02 18:00:00,Completed,E-Wallet (GoPay/OVO),3.14
ORD_22387,CUST_1319,2024-02-16 03:00:00,Completed,E-Wallet (GoPay/OVO),7.71
ORD_22388,CUST_1561,2023-02-07 10:00:00,Completed,E-Wallet (GoPay/OVO),0.0
ORD_22389,CUST_2012,2024-04-17 01:00:00,Completed,Virtual Account Bank Transfer,3.38
ORD_22390,CUST_1720,2024-10-17 15:00:00,Delivered,BNPL,3.86
ORD_22391,CUST_1367,2024-07-19 02:00:00,Returned,QRIS,4.92
ORD_22392,CUST_2146,2024-03-06 17:00:00,Shipped,Credit Card,8.8
ORD_22393,CUST_1694,2024-02-11 19:00:00,Completed,Credit Card,0.0
ORD_22394,CUST_1912,2024-07-10 20:00:00,Completed,BNPL,0.0
ORD_22395,CUST_1890,2024-01-03 21:00:00,Completed,QRIS,3.81
ORD_22396,CUST_1232,2023-04-21 12:00:00,Completed,QRIS,6.09
ORD_22397,CUST_1032,2023-08-24 17:00:00,Delivered,Virtual Account Bank Transfer,0.0
ORD_22398,CUST_1958,2024-05-27 06:00:00,Completed,QRIS,0.0
ORD_22399,CUST_1072,2023-08-20 18:00:00,Completed,E-Wallet (GoPay/OVO),3.77
ORD_22400,CUST_1530,2024-04-15 10:00:00,Completed,BNPL,0.0
ORD_22401,CUST_1644,2023-03-10 07:00:00,Completed,Virtual Account Bank Transfer,6.79
ORD_22402,CUST_1555,2024-02-03 01:00:00,Completed,E-Wallet (GoPay/OVO),0.0
ORD_22403,CUST_1624,2023-02-18 18:00:00,Delivered,Virtual Account Bank Transfer,0.0
ORD_22404,CUST_1170,2024-06-26 04:00:00,Completed,QRIS,4.38
ORD_22405,CUST_1532,2024-05-25 09:00:00,Completed,E-Wallet (GoPay/OVO),0.0
ORD_22406,CUST_1344,2023-04-12 18:00:00,Shipped,Virtual Account Bank Transfer,3.06
ORD_22407,CUST_1856,2024-07-07 05:00:00,Completed,Virtual Account Bank Transfer,7.39
ORD_22408,CUST_2087,2023-10-01 08:00:00,Completed,Virtual Account Bank Transfer,7.01
ORD_22409,CUST_1855,2023-12-02 12:00:00,Completed,Credit Card,4.13
ORD_22410,CUST_1139,2023-06-03 03:00:00,Completed,Virtual Account Bank Transfer,0.0
ORD_22411,CUST_1925,2023-05-18 05:00:00,Completed,E-Wallet (GoPay/OVO),3.62
ORD_22412,CUST_1261,2024-02-16 08:00:00,Completed,Virtual Account Bank Transfer,7.7
ORD_22413,CUST_1351,2023-10-31 10:00:00,Completed,QRIS,6.96
ORD_22414,CUST_1903,2023-05-15 06:00:00,Delivered,Virtual Account Bank Transfer,5.15
ORD_22415,CUST_1122,2023-10-28 00:00:00,Delivered,BNPL,0.0
ORD_22416,CUST_2048,2023-08-24 22:00:00,Completed,QRIS,8.35
ORD_22417,CUST_1738,2024-02-08 13:00:00,Completed,E-Wallet (GoPay/OVO),0.0
ORD_22418,CUST_1364,2023-11-08 22:00:00,Completed,QRIS,8.15
ORD_22419,CUST_1989,2023-02-02 22:00:00,Shipped,Credit Card,8.25
ORD_22420,CUST_1588,2023-06-16 13:00:00,Completed,QRIS,0.0
ORD_22421,CUST_1118,2023-07-24 14:00:00,Completed,E-Wallet (GoPay/OVO),7.02
ORD_22422,CUST_1564,2024-07-23 15:00:00,Completed,E-Wallet (GoPay/OVO),8.5
ORD_22423,CUST_1507,2024-08-02 07:00:00,Completed,QRIS,0.0
ORD_22424,CUST_1497,2023-09-20 13:00:00,Completed,E-Wallet (GoPay/OVO),2.73
ORD_22425,CUST_1014,2024-06-06 21:00:00,Completed,E-Wallet (GoPay/OVO),8.86
ORD_22426,CUST_1078,2023-09-24 22:00:00,Completed,Virtual Account Bank Transfer,4.64
ORD_22427,CUST_2100,2023-09-29 12:00:00,Completed,BNPL,0.0
ORD_22428,CUST_2015,2023-10-04 01:00:00,Completed,Virtual Account Bank Transfer,4.31
ORD_22429,CUST_1309,2023-09-12 08:00:00,Completed,QRIS,0.0
ORD_22430,CUST_1615,2023-06-11 16:00:00,Completed,BNPL,0.0
ORD_22431,CUST_1688,2023-04-11 22:00:00,Completed,Credit Card,4.13
ORD_22432,CUST_1701,2024-02-26 20:00:00,Shipped,E-Wallet (GoPay/OVO),0.0
ORD_22433,CUST_1087,2023-09-17 15:00:00,Returned,Credit Card,8.76
ORD_22434,CUST_1450,2024-03-09 04:00:00,Returned,QRIS,3.88
ORD_22435,CUST_1318,2023-08-07 20:00:00,Completed,Credit Card,0.0
ORD_22436,CUST_1021,2023-03-20 09:00:00,Completed,E-Wallet (GoPay/OVO),0.0
ORD_22437,CUST_1066,2023-07-02 23:00:00,Completed,Credit Card,7.88
ORD_22438,CUST_2026,2023-05-16 14:00:00,Completed,Credit Card,6.45
ORD_22439,CUST_2056,2023-03-27 13:00:00,Completed,Credit Card,0.0
ORD_22440,CUST_1656,2023-01-25 06:00:00,Shipped,QRIS,0.0
ORD_22441,CUST_1422,2023-10-09 18:00:00,Completed,Virtual Account Bank Transfer,4.42
ORD_22442,CUST_2051,2023-12-29 20:00:00,Cancelled,Credit Card,0.0
ORD_22443,CUST_2195,2023-02-06 20:00:00,Shipped,Credit Card,2.62
ORD_22444,CUST_2124,2025-03-26 23:00:00,Returned,E-Wallet (GoPay/OVO),4.4
ORD_22445,CUST_1211,2023-10-24 21:00:00,Completed,BNPL,0.0
ORD_22446,CUST_1798,2024-03-26 07:00:00,Cancelled,QRIS,5.54
ORD_22447,CUST_1846,2024-04-04 20:00:00,Completed,Virtual Account Bank Transfer,4.03
ORD_22448,CUST_2161,2024-03-11 10:00:00,Completed,Virtual Account Bank Transfer,0.0
ORD_22449,CUST_1647,2023-04-03 06:00:00,Delivered,Credit Card,6.2
ORD_22450,CUST_1485,2024-02-12 15:00:00,Completed,Virtual Account Bank Transfer,5.33
ORD_22451,CUST_1669,2023-08-01 17:00:00,Completed,Virtual Account Bank Transfer,0.0
ORD_22452,CUST_1903,2023-03-06 16:00:00,Completed,QRIS,6.42
ORD_22453,CUST_1170,2023-08-28 10:00:00,Cancelled,BNPL,0.0
ORD_22454,CUST_1965,2024-02-24 09:00:00,Completed,Virtual Account Bank Transfer,0.0
ORD_22455,CUST_1107,2023-09-11 14:00:00,Completed,Virtual Account Bank Transfer,6.54
ORD_22456,CUST_1529,2023-11-25 23:00:00,Completed,E-Wallet (GoPay/OVO),0.0
ORD_22457,CUST_1331,2024-02-01 02:00:00,Completed,Virtual Account Bank Transfer,8.51
ORD_22458,CUST_1350,2024-01-01 17:00:00,Completed,Virtual Account Bank Transfer,3.51
ORD_22459,CUST_1420,2023-09-03 13:00:00,Completed,BNPL,4.26
ORD_22460,CUST_2086,2024-03-05 02:00:00,Completed,E-Wallet (GoPay/OVO),0.0
ORD_22461,CUST_1905,2023-10-19 23:00:00,Completed,BNPL,0.0
ORD_22462,CUST_1012,2024-07-24 23:00:00,Completed,Credit Card,3.1
ORD_22463,CUST_1241,2023-08-19 03:00:00,Completed,QRIS,8.36
ORD_22464,CUST_2025,2023-03-03 10:00:00,Shipped,QRIS,0.0
ORD_22465,CUST_1900,2024-01-17 14:00:00,Shipped,Credit Card,3.63
ORD_22466,CUST_1518,2023-10-03 21:00:00,Completed,E-Wallet (GoPay/OVO),0.0
ORD_22467,CUST_1883,2023-04-19 15:00:00,Completed,QRIS,4.32
ORD_22468,CUST_1935,2024-02-24 01:00:00,Completed,BNPL,6.43
ORD_22469,CUST_1785,2024-08-11 16:00:00,Shipped,BNPL,5.19
ORD_22470,CUST_1205,2024-08-03 21:00:00,Delivered,Virtual Account Bank Transfer,0.0
ORD_22471,CUST_1419,2024-04-08 04:00:00,Completed,QRIS,4.86
ORD_22472,CUST_1242,2023-10-05 07:00:00,Delivered,E-Wallet (GoPay/OVO),8.15
ORD_22473,CUST_1684,2024-02-16 16:00:00,Delivered,QRIS,8.02
ORD_22474,CUST_1128,2023-05-30 13:00:00,Completed,QRIS,4.04
ORD_22475,CUST_2112,2024-05-29 19:00:00,Completed,Credit Card,2.88
ORD_22476,CUST_1662,2023-09-27 13:00:00,Completed,E-Wallet (GoPay/OVO),0.0
ORD_22477,CUST_1045,2023-02-09 21:00:00,Completed,Virtual Account Bank Transfer,6.65
ORD_22478,CUST_1720,2024-06-24 00:00:00,Completed,Virtual Account Bank Transfer,0.0
ORD_22479,CUST_1440,2023-09-07 22:00:00,Shipped,Virtual Account Bank Transfer,6.39
ORD_22480,CUST_1985,2023-03-22 22:00:00,Cancelled,QRIS,4.71
ORD_22481,CUST_1392,2023-06-29 07:00:00,Shipped,E-Wallet (GoPay/OVO),0.0
ORD_22482,CUST_1381,2023-12-09 18:00:00,Shipped,QRIS,3.91
ORD_22483,CUST_1824,2023-03-20 21:00:00,Completed,Credit Card,0.0
ORD_22484,CUST_1306,2024-05-05 07:00:00,Completed,BNPL,8.42
ORD_22485,CUST_2156,2024-08-20 16:00:00,Shipped,Credit Card,3.99
ORD_22486,CUST_1584,2024-01-25 15:00:00,Completed,E-Wallet (GoPay/OVO),7.52
ORD_22487,CUST_1078,2023-08-23 04:00:00,Completed,Virtual Account Bank Transfer,3.2
ORD_22488,CUST_1126,2024-03-30 21:00:00,Completed,QRIS,5.71
ORD_22489,CUST_1461,2023-10-19 21:00:00,Completed,E-Wallet (GoPay/OVO),7.66
ORD_22490,CUST_1526,2023-07-21 22:00:00,Completed,E-Wallet (GoPay/OVO),8.64
ORD_22491,CUST_1772,2024-03-11 05:00:00,Completed,Virtual Account Bank Transfer,3.27
ORD_22492,CUST_2037,2023-06-01 21:00:00,Completed,E-Wallet (GoPay/OVO),0.0
ORD_22493,CUST_1233,2024-07-19 01:00:00,Delivered,E-Wallet (GoPay/OVO),6.24
ORD_22494,CUST_1903,2023-10-15 04:00:00,Completed,QRIS,8.86
ORD_22495,CUST_1509,2024-04-03 23:00:00,Completed,Virtual Account Bank Transfer,0.0
ORD_22496,CUST_2194,2024-05-13 14:00:00,Delivered,BNPL,0.0
ORD_22497,CUST_1143,2024-03-24 14:00:00,Completed,QRIS,0.0
ORD_22498,CUST_2053,2024-07-16 08:00:00,Shipped,Credit Card,0.0
ORD_22499,CUST_1473,2024-05-12 23:00:00,Returned,BNPL,6.39
ORD_22500,CUST_1756,2024-11-19 00:00:00,Completed,E-Wallet (GoPay/OVO),6.74
ORD_22501,CUST_1970,2023-12-31 09:00:00,Completed,Virtual Account Bank Transfer,3.01
ORD_22502,CUST_1725,2025-03-28 10:00:00,Completed,Virtual Account Bank Transfer,0.0
ORD_22503,CUST_1662,2023-12-06 17:00:00,Completed,Virtual Account Bank Transfer,8.25
ORD_22504,CUST_1237,2023-11-05 01:00:00,Completed,E-Wallet (GoPay/OVO),3.85
ORD_22505,CUST_1279,2023-05-20 00:00:00,Returned,Virtual Account Bank Transfer,0.0
ORD_22506,CUST_1871,2024-04-26 01:00:00,Completed,Virtual Account Bank Transfer,0.0
ORD_22507,CUST_2154,2024-01-20 04:00:00,Delivered,E-Wallet (GoPay/OVO),5.73
ORD_22508,CUST_1357,2024-05-12 16:00:00,Completed,Virtual Account Bank Transfer,3.96
ORD_22509,CUST_2058,2023-06-26 17:00:00,Completed,Virtual Account Bank Transfer,8.37
ORD_22510,CUST_1496,2023-03-24 11:00:00,Completed,Credit Card,4.35
ORD_22511,CUST_1783,2024-05-14 18:00:00,Completed,QRIS,0.0
ORD_22512,CUST_1674,2023-04-10 06:00:00,Completed,E-Wallet (GoPay/OVO),4.34
ORD_22513,CUST_1535,2024-04-02 19:00:00,Returned,BNPL,0.0
ORD_22514,CUST_1582,2024-03-26 03:00:00,Completed,Virtual Account Bank Transfer,0.0
ORD_22515,CUST_1716,2024-03-05 20:00:00,Completed,Virtual Account Bank Transfer,7.5
ORD_22516,CUST_1794,2023-03-21 10:00:00,Delivered,QRIS,8.53
ORD_22517,CUST_1345,2024-04-12 09:00:00,Cancelled,BNPL,6.44
ORD_22518,CUST_1263,2023-07-09 18:00:00,Completed,Credit Card,0.0
ORD_22519,CUST_1540,2024-02-29 19:00:00,Completed,BNPL,6.5
ORD_22520,CUST_1691,2023-12-03 04:00:00,Completed,Credit Card,8.13
ORD_22521,CUST_2163,2023-12-24 13:00:00,Delivered,Virtual Account Bank Transfer,4.64
ORD_22522,CUST_1325,2023-06-02 03:00:00,Shipped,E-Wallet (GoPay/OVO),3.58
ORD_22523,CUST_1484,2023-02-17 20:00:00,Completed,BNPL,6.45
ORD_22524,CUST_1965,2023-11-29 17:00:00,Completed,QRIS,0.0
ORD_22525,CUST_1731,2023-02-23 20:00:00,Completed,Virtual Account Bank Transfer,7.51
ORD_22526,CUST_1536,2024-04-03 04:00:00,Delivered,Virtual Account Bank Transfer,4.47
ORD_22527,CUST_1448,2023-03-27 08:00:00,Shipped,E-Wallet (GoPay/OVO),6.54
ORD_22528,CUST_1487,2024-04-15 19:00:00,Completed,QRIS,0.0
ORD_22529,CUST_1828,2023-10-22 14:00:00,Completed,Credit Card,7.05
ORD_22530,CUST_1087,2023-10-28 15:00:00,Completed,BNPL,4.09
ORD_22531,CUST_1160,2024-01-09 13:00:00,Completed,Virtual Account Bank Transfer,3.92
ORD_22532,CUST_1608,2023-07-17 00:00:00,Completed,Credit Card,5.02
ORD_22533,CUST_2161,2023-12-08 23:00:00,Completed,E-Wallet (GoPay/OVO),2.91
ORD_22534,CUST_1001,2023-12-29 18:00:00,Completed,QRIS,0.0
ORD_22535,CUST_1053,2024-05-12 13:00:00,Completed,Credit Card,0.0
ORD_22536,CUST_1951,2024-05-07 05:00:00,Completed,Virtual Account Bank Transfer,0.0
ORD_22537,CUST_1137,2025-03-22 19:00:00,Delivered,QRIS,4.3
ORD_22538,CUST_1230,2023-08-31 05:00:00,Completed,E-Wallet (GoPay/OVO),0.0
ORD_22539,CUST_1352,2024-06-21 03:00:00,Completed,QRIS,4.23
ORD_22540,CUST_1300,2023-02-11 15:00:00,Completed,QRIS,4.0
ORD_22541,CUST_2163,2023-12-16 20:00:00,Completed,QRIS,5.09
ORD_22542,CUST_1270,2024-04-06 14:00:00,Completed,BNPL,6.55
ORD_22543,CUST_1773,2023-09-19 16:00:00,Cancelled,QRIS,3.78
ORD_22544,CUST_1749,2023-09-01 08:00:00,Completed,QRIS,3.95
ORD_22545,CUST_1484,2023-03-23 23:00:00,Shipped,BNPL,0.0
ORD_22546,CUST_1018,2024-06-01 14:00:00,Returned,QRIS,0.0
ORD_22547,CUST_1104,2024-05-08 23:00:00,Completed,E-Wallet (GoPay/OVO),0.0
ORD_22548,CUST_2036,2023-11-03 04:00:00,Completed,Credit Card,8.0
ORD_22549,CUST_1448,2023-04-14 03:00:00,Shipped,QRIS,0.0
ORD_22550,CUST_1791,2023-04-03 07:00:00,Completed,Credit Card,7.7
ORD_22551,CUST_1064,2024-03-08 03:00:00,Completed,QRIS,8.09
ORD_22552,CUST_1975,2023-10-28 18:00:00,Completed,QRIS,3.46
ORD_22553,CUST_1453,2023-07-24 15:00:00,Completed,E-Wallet (GoPay/OVO),0.0
ORD_22554,CUST_1861,2024-05-10 20:00:00,Returned,BNPL,0.0
ORD_22555,CUST_2073,2023-08-29 04:00:00,Completed,Credit Card,0.0
ORD_22556,CUST_1796,2023-04-11 03:00:00,Completed,Virtual Account Bank Transfer,6.31
ORD_22557,CUST_1394,2023-07-25 07:00:00,Delivered,QRIS,0.0
ORD_22558,CUST_1879,2024-02-26 03:00:00,Completed,QRIS,0.0
ORD_22559,CUST_1590,2024-05-21 20:00:00,Cancelled,BNPL,7.9
ORD_22560,CUST_1558,2024-02-07 21:00:00,Completed,QRIS,5.44
ORD_22561,CUST_1084,2023-07-22 11:00:00,Completed,Credit Card,0.0
ORD_22562,CUST_1320,2024-03-10 17:00:00,Completed,QRIS,0.0
ORD_22563,CUST_1233,2024-04-24 08:00:00,Completed,Credit Card,6.74
ORD_22564,CUST_1642,2023-04-15 18:00:00,Completed,Virtual Account Bank Transfer,0.0
ORD_22565,CUST_1047,2024-01-06 06:00:00,Shipped,Credit Card,0.0
ORD_22566,CUST_1456,2023-12-27 17:00:00,Completed,E-Wallet (GoPay/OVO),0.0
ORD_22567,CUST_1508,2024-05-19 05:00:00,Completed,BNPL,6.58
ORD_22568,CUST_2144,2023-03-19 21:00:00,Completed,E-Wallet (GoPay/OVO),0.0
ORD_22569,CUST_1762,2023-11-30 18:00:00,Completed,Credit Card,6.95
ORD_22570,CUST_1007,2024-01-03 01:00:00,Completed,QRIS,0.0
ORD_22571,CUST_1475,2024-02-24 13:00:00,Returned,QRIS,4.89
ORD_22572,CUST_1056,2023-11-30 18:00:00,Delivered,BNPL,4.4
ORD_22573,CUST_1736,2023-07-26 00:00:00,Completed,BNPL,5.95
ORD_22574,CUST_1095,2023-06-30 01:00:00,Completed,BNPL,7.17
ORD_22575,CUST_1270,2023-10-18 17:00:00,Completed,Virtual Account Bank Transfer,7.46
ORD_22576,CUST_1537,2023-08-07 00:00:00,Completed,Virtual Account Bank Transfer,3.75
ORD_22577,CUST_1276,2024-05-26 04:00:00,Completed,QRIS,8.46
ORD_22578,CUST_1533,2024-07-09 08:00:00,Completed,BNPL,0.0
ORD_22579,CUST_1128,2023-03-07 04:00:00,Completed,E-Wallet (GoPay/OVO),8.38
ORD_22580,CUST_1096,2024-05-14 00:00:00,Completed,E-Wallet (GoPay/OVO),0.0
ORD_22581,CUST_1543,2023-08-13 17:00:00,Completed,QRIS,0.0
ORD_22582,CUST_1356,2024-02-23 12:00:00,Completed,Virtual Account Bank Transfer,8.67
ORD_22583,CUST_1521,2023-07-20 04:00:00,Completed,Virtual Account Bank Transfer,6.4
ORD_22584,CUST_1397,2024-06-10 11:00:00,Completed,BNPL,8.19
ORD_22585,CUST_1667,2024-02-13 21:00:00,Completed,BNPL,0.0
ORD_22586,CUST_1551,2023-08-20 21:00:00,Shipped,BNPL,5.21
ORD_22587,CUST_1564,2024-03-07 02:00:00,Shipped,E-Wallet (GoPay/OVO),0.0
ORD_22588,CUST_1521,2023-04-15 08:00:00,Completed,Credit Card,0.0
ORD_22589,CUST_1886,2023-09-20 22:00:00,Completed,E-Wallet (GoPay/OVO),6.88
ORD_22590,CUST_2136,2023-06-09 00:00:00,Completed,Credit Card,6.38
ORD_22591,CUST_2050,2023-08-05 09:00:00,Completed,E-Wallet (GoPay/OVO),0.0
ORD_22592,CUST_1900,2024-03-29 10:00:00,Completed,Credit Card,8.01
ORD_22593,CUST_1306,2024-06-12 07:00:00,Shipped,QRIS,8.92
ORD_22594,CUST_1430,2023-10-27 05:00:00,Delivered,Credit Card,0.0
ORD_22595,CUST_1965,2024-05-14 13:00:00,Returned,Virtual Account Bank Transfer,5.42
ORD_22596,CUST_1675,2024-01-10 12:00:00,Completed,Virtual Account Bank Transfer,3.13
ORD_22597,CUST_2175,2024-01-18 12:00:00,Completed,Virtual Account Bank Transfer,3.86
ORD_22598,CUST_1156,2024-05-04 21:00:00,Completed,BNPL,5.76
ORD_22599,CUST_1455,2024-07-02 03:00:00,Cancelled,QRIS,0.0
ORD_22600,CUST_1262,2024-03-27 12:00:00,Completed,BNPL,0.0
ORD_22601,CUST_1758,2024-09-01 07:00:00,Cancelled,BNPL,8.89
ORD_22602,CUST_1663,2024-01-03 16:00:00,Shipped,BNPL,0.0
ORD_22603,CUST_2089,2023-06-05 07:00:00,Completed,Credit Card,0.0
ORD_22604,CUST_1751,2023-12-09 08:00:00,Completed,QRIS,0.0
ORD_22605,CUST_1970,2024-04-13 02:00:00,Completed,Virtual Account Bank Transfer,7.87
ORD_22606,CUST_1954,2023-08-06 15:00:00,Completed,BNPL,8.9
ORD_22607,CUST_2096,2024-01-27 06:00:00,Completed,E-Wallet (GoPay/OVO),4.43
ORD_22608,CUST_1574,2024-03-11 04:00:00,Completed,Virtual Account Bank Transfer,0.0
ORD_22609,CUST_2067,2024-05-09 01:00:00,Completed,BNPL,4.22
ORD_22610,CUST_2136,2023-05-28 15:00:00,Completed,Virtual Account Bank Transfer,3.21
ORD_22611,CUST_1741,2023-08-23 15:00:00,Completed,BNPL,7.79
ORD_22612,CUST_1961,2024-10-27 16:00:00,Completed,Credit Card,3.15
ORD_22613,CUST_1580,2024-01-09 13:00:00,Completed,BNPL,0.0
ORD_22614,CUST_1900,2024-02-17 23:00:00,Completed,E-Wallet (GoPay/OVO),0.0
ORD_22615,CUST_1100,2023-11-09 14:00:00,Completed,Virtual Account Bank Transfer,7.63
ORD_22616,CUST_1339,2024-07-03 18:00:00,Completed,Virtual Account Bank Transfer,0.0
ORD_22617,CUST_1767,2023-10-12 20:00:00,Shipped,BNPL,2.75
ORD_22618,CUST_2158,2023-08-25 12:00:00,Cancelled,Credit Card,3.93
ORD_22619,CUST_2012,2024-06-17 14:00:00,Completed,E-Wallet (GoPay/OVO),0.0
ORD_22620,CUST_1991,2023-09-15 06:00:00,Completed,E-Wallet (GoPay/OVO),6.98
ORD_22621,CUST_1508,2024-05-23 19:00:00,Completed,BNPL,3.17
ORD_22622,CUST_2103,2023-09-09 18:00:00,Delivered,QRIS,6.79
ORD_22623,CUST_1306,2024-04-09 20:00:00,Completed,QRIS,7.31
ORD_22624,CUST_1293,2024-03-11 12:00:00,Completed,Credit Card,0.0
ORD_22625,CUST_1503,2024-05-13 20:00:00,Completed,QRIS,4.94
ORD_22626,CUST_1094,2024-01-21 03:00:00,Completed,QRIS,0.0
ORD_22627,CUST_1620,2023-04-14 12:00:00,Completed,Credit Card,2.54
ORD_22628,CUST_1378,2024-01-29 23:00:00,Completed,Virtual Account Bank Transfer,0.0
ORD_22629,CUST_1043,2024-06-19 12:00:00,Completed,Credit Card,6.5
ORD_22630,CUST_1973,2023-07-01 19:00:00,Completed,QRIS,7.03
ORD_22631,CUST_1071,2024-10-14 01:00:00,Completed,BNPL,4.46
ORD_22632,CUST_1217,2023-10-06 17:00:00,Completed,Virtual Account Bank Transfer,7.93
ORD_22633,CUST_1995,2024-02-02 04:00:00,Cancelled,Virtual Account Bank Transfer,8.95
ORD_22634,CUST_1878,2023-11-01 17:00:00,Completed,Virtual Account Bank Transfer,5.69
ORD_22635,CUST_1705,2024-06-05 19:00:00,Shipped,QRIS,5.88
ORD_22636,CUST_1258,2023-04-22 00:00:00,Completed,BNPL,0.0
ORD_22637,CUST_2108,2024-01-04 14:00:00,Completed,E-Wallet (GoPay/OVO),4.69
ORD_22638,CUST_2159,2023-05-26 22:00:00,Completed,Virtual Account Bank Transfer,0.0
ORD_22639,CUST_1457,2023-04-30 12:00:00,Delivered,QRIS,0.0
ORD_22640,CUST_2150,2023-03-05 18:00:00,Completed,Credit Card,5.22
ORD_22641,CUST_1573,2023-12-09 08:00:00,Shipped,QRIS,3.01
ORD_22642,CUST_1104,2024-05-24 04:00:00,Completed,E-Wallet (GoPay/OVO),2.72
ORD_22643,CUST_2116,2024-02-10 15:00:00,Completed,QRIS,0.0
ORD_22644,CUST_2056,2023-03-05 03:00:00,Completed,QRIS,7.78
ORD_22645,CUST_1058,2024-05-24 10:00:00,Completed,BNPL,2.99
ORD_22646,CUST_2125,2023-09-14 17:00:00,Completed,Credit Card,2.97
ORD_22647,CUST_1739,2023-09-27 05:00:00,Shipped,QRIS,7.16
ORD_22648,CUST_1624,2023-02-04 20:00:00,Completed,Virtual Account Bank Transfer,7.82
ORD_22649,CUST_2173,2023-10-10 08:00:00,Completed,E-Wallet (GoPay/OVO),0.0
ORD_22650,CUST_2156,2024-04-25 02:00:00,Shipped,E-Wallet (GoPay/OVO),0.0
ORD_22651,CUST_1697,2023-04-06 21:00:00,Completed,Virtual Account Bank Transfer,8.2
ORD_22652,CUST_2007,2025-12-10 11:00:00,Completed,Credit Card,0.0
ORD_22653,CUST_1694,2024-01-19 08:00:00,Completed,E-Wallet (GoPay/OVO),5.53
ORD_22654,CUST_2084,2023-05-04 10:00:00,Completed,Credit Card,4.58
ORD_22655,CUST_2146,2024-08-02 03:00:00,Completed,QRIS,6.27
ORD_22656,CUST_1843,2024-04-23 20:00:00,Completed,QRIS,3.41
ORD_22657,CUST_1373,2023-11-01 12:00:00,Returned,Virtual Account Bank Transfer,0.0
ORD_22658,CUST_2130,2023-07-31 10:00:00,Completed,Virtual Account Bank Transfer,0.0
ORD_22659,CUST_1035,2023-08-24 16:00:00,Delivered,BNPL,6.83
ORD_22660,CUST_1805,2024-02-14 10:00:00,Delivered,Virtual Account Bank Transfer,0.0
ORD_22661,CUST_1835,2023-08-27 01:00:00,Completed,E-Wallet (GoPay/OVO),2.88
ORD_22662,CUST_1986,2023-05-22 04:00:00,Completed,Virtual Account Bank Transfer,3.55
ORD_22663,CUST_2157,2023-09-20 08:00:00,Completed,Credit Card,0.0
ORD_22664,CUST_1757,2023-05-31 19:00:00,Shipped,Credit Card,0.0
ORD_22665,CUST_1767,2023-10-11 18:00:00,Completed,E-Wallet (GoPay/OVO),0.0
ORD_22666,CUST_1763,2024-01-10 10:00:00,Cancelled,Credit Card,0.0
ORD_22667,CUST_1227,2023-11-16 03:00:00,Completed,QRIS,5.11
ORD_22668,CUST_1472,2024-04-26 18:00:00,Completed,Virtual Account Bank Transfer,0.0
ORD_22669,CUST_1609,2023-12-13 18:00:00,Completed,Virtual Account Bank Transfer,2.83
ORD_22670,CUST_1623,2024-02-20 06:00:00,Cancelled,Credit Card,6.93
ORD_22671,CUST_1427,2023-08-25 01:00:00,Completed,Credit Card,0.0
ORD_22672,CUST_1438,2024-03-31 22:00:00,Completed,Credit Card,0.0
ORD_22673,CUST_1407,2023-07-17 01:00:00,Completed,E-Wallet (GoPay/OVO),0.0
ORD_22674,CUST_1706,2023-06-11 08:00:00,Completed,QRIS,0.0
ORD_22675,CUST_2181,2024-11-30 15:00:00,Completed,QRIS,5.78
ORD_22676,CUST_1692,2024-06-04 18:00:00,Completed,QRIS,6.64
ORD_22677,CUST_1355,2024-10-15 12:00:00,Cancelled,BNPL,0.0
ORD_22678,CUST_1041,2023-09-27 20:00:00,Shipped,Credit Card,0.0
ORD_22679,CUST_1308,2023-03-27 11:00:00,Completed,Virtual Account Bank Transfer,0.0
ORD_22680,CUST_1230,2023-09-05 12:00:00,Completed,Credit Card,0.0
ORD_22681,CUST_1377,2024-04-05 07:00:00,Completed,QRIS,7.09
ORD_22682,CUST_1831,2023-08-17 08:00:00,Completed,E-Wallet (GoPay/OVO),5.47
ORD_22683,CUST_1751,2023-10-29 09:00:00,Shipped,Credit Card,0.0
ORD_22684,CUST_1941,2024-03-02 04:00:00,Completed,Virtual Account Bank Transfer,0.0
ORD_22685,CUST_1664,2023-10-03 06:00:00,Delivered,BNPL,5.53
ORD_22686,CUST_1715,2024-05-12 03:00:00,Completed,Credit Card,5.04
ORD_22687,CUST_1371,2023-11-16 22:00:00,Completed,Credit Card,0.0
ORD_22688,CUST_1924,2023-10-07 03:00:00,Shipped,BNPL,0.0
ORD_22689,CUST_1377,2024-05-27 15:00:00,Completed,Credit Card,3.62
ORD_22690,CUST_1845,2023-08-13 13:00:00,Cancelled,Virtual Account Bank Transfer,6.59
ORD_22691,CUST_1581,2023-11-26 10:00:00,Completed,QRIS,8.82
ORD_22692,CUST_1770,2023-05-16 21:00:00,Completed,QRIS,0.0
ORD_22693,CUST_1925,2023-05-14 10:00:00,Completed,E-Wallet (GoPay/OVO),0.0
ORD_22694,CUST_1165,2023-08-10 18:00:00,Completed,QRIS,7.33
ORD_22695,CUST_1083,2024-05-08 14:00:00,Completed,Credit Card,0.0
ORD_22696,CUST_1141,2023-10-29 13:00:00,Completed,Virtual Account Bank Transfer,7.15
ORD_22697,CUST_1343,2023-07-30 15:00:00,Shipped,Virtual Account Bank Transfer,7.69
ORD_22698,CUST_1365,2023-10-23 03:00:00,Completed,E-Wallet (GoPay/OVO),7.83
ORD_22699,CUST_1251,2024-06-13 02:00:00,Completed,E-Wallet (GoPay/OVO),7.48
ORD_22700,CUST_1585,2024-02-18 03:00:00,Completed,QRIS,6.29
ORD_22701,CUST_1797,2024-03-24 14:00:00,Completed,BNPL,0.0
ORD_22702,CUST_1189,2023-10-30 11:00:00,Completed,BNPL,0.0
ORD_22703,CUST_1161,2024-02-01 08:00:00,Completed,Virtual Account Bank Transfer,0.0
ORD_22704,CUST_1933,2023-08-04 03:00:00,Completed,QRIS,0.0
ORD_22705,CUST_1926,2024-04-28 22:00:00,Completed,QRIS,8.27
ORD_22706,CUST_2196,2023-10-02 20:00:00,Completed,BNPL,0.0
ORD_22707,CUST_1573,2023-12-04 06:00:00,Delivered,E-Wallet (GoPay/OVO),4.65
ORD_22708,CUST_1852,2024-03-29 09:00:00,Delivered,E-Wallet (GoPay/OVO),8.99
ORD_22709,CUST_1426,2024-05-08 08:00:00,Completed,Virtual Account Bank Transfer,8.11
ORD_22710,CUST_1330,2024-08-14 21:00:00,Completed,QRIS,6.7
ORD_22711,CUST_1762,2023-07-30 14:00:00,Shipped,BNPL,8.1
ORD_22712,CUST_1989,2023-02-24 12:00:00,Completed,E-Wallet (GoPay/OVO),3.91
ORD_22713,CUST_2173,2024-02-05 06:00:00,Shipped,Virtual Account Bank Transfer,0.0
ORD_22714,CUST_2101,2023-11-12 22:00:00,Shipped,Credit Card,7.25
ORD_22715,CUST_1571,2024-03-11 20:00:00,Returned,BNPL,7.27
ORD_22716,CUST_1270,2023-10-29 23:00:00,Completed,Credit Card,7.44
ORD_22717,CUST_2021,2023-04-13 03:00:00,Completed,BNPL,3.46
ORD_22718,CUST_1369,2023-06-16 05:00:00,Cancelled,BNPL,0.0
ORD_22719,CUST_1745,2024-04-16 13:00:00,Cancelled,Virtual Account Bank Transfer,5.64
ORD_22720,CUST_1287,2024-04-15 06:00:00,Completed,E-Wallet (GoPay/OVO),8.44
ORD_22721,CUST_1453,2023-08-15 04:00:00,Cancelled,BNPL,0.0
ORD_22722,CUST_1978,2024-08-12 12:00:00,Completed,Credit Card,0.0
ORD_22723,CUST_2056,2023-05-02 13:00:00,Completed,E-Wallet (GoPay/OVO),6.81
ORD_22724,CUST_1001,2024-04-07 22:00:00,Delivered,E-Wallet (GoPay/OVO),8.03
ORD_22725,CUST_1900,2024-01-07 20:00:00,Completed,BNPL,5.28
ORD_22726,CUST_1360,2023-05-13 12:00:00,Completed,E-Wallet (GoPay/OVO),4.57
ORD_22727,CUST_1785,2024-04-08 20:00:00,Completed,QRIS,8.59
ORD_22728,CUST_1250,2024-04-26 08:00:00,Cancelled,Virtual Account Bank Transfer,6.97
ORD_22729,CUST_2010,2024-11-24 12:00:00,Completed,E-Wallet (GoPay/OVO),8.28
ORD_22730,CUST_1357,2024-12-05 23:00:00,Completed,E-Wallet (GoPay/OVO),2.52
ORD_22731,CUST_1737,2023-10-12 08:00:00,Shipped,BNPL,0.0
ORD_22732,CUST_1143,2024-02-28 02:00:00,Completed,Credit Card,0.0
ORD_22733,CUST_1042,2023-07-06 23:00:00,Completed,BNPL,0.0
ORD_22734,CUST_1341,2023-11-02 16:00:00,Completed,QRIS,2.73
ORD_22735,CUST_1251,2024-06-12 14:00:00,Completed,QRIS,7.69
ORD_22736,CUST_1208,2024-04-26 20:00:00,Delivered,BNPL,0.0
ORD_22737,CUST_1161,2024-01-31 22:00:00,Completed,E-Wallet (GoPay/OVO),6.32
ORD_22738,CUST_1035,2023-10-26 08:00:00,Completed,Virtual Account Bank Transfer,8.0
ORD_22739,CUST_1039,2023-08-13 16:00:00,Completed,E-Wallet (GoPay/OVO),7.51
ORD_22740,CUST_1740,2024-10-13 14:00:00,Completed,BNPL,0.0
ORD_22741,CUST_2001,2024-03-23 23:00:00,Completed,Credit Card,6.45
ORD_22742,CUST_2151,2023-05-23 12:00:00,Completed,E-Wallet (GoPay/OVO),0.0
ORD_22743,CUST_1913,2023-12-20 06:00:00,Completed,Credit Card,7.56
ORD_22744,CUST_2040,2024-12-14 01:00:00,Completed,Virtual Account Bank Transfer,0.0
ORD_22745,CUST_1274,2024-06-27 07:00:00,Completed,E-Wallet (GoPay/OVO),6.49
ORD_22746,CUST_1406,2023-10-30 15:00:00,Completed,Credit Card,0.0
ORD_22747,CUST_1486,2023-10-28 01:00:00,Completed,BNPL,4.82
ORD_22748,CUST_1154,2023-04-26 05:00:00,Completed,BNPL,4.53
ORD_22749,CUST_1277,2024-06-24 04:00:00,Delivered,QRIS,4.55
ORD_22750,CUST_1956,2023-05-10 06:00:00,Completed,E-Wallet (GoPay/OVO),0.0
ORD_22751,CUST_1105,2024-07-29 04:00:00,Completed,BNPL,6.88
ORD_22752,CUST_2039,2023-06-22 09:00:00,Completed,Virtual Account Bank Transfer,6.3
ORD_22753,CUST_1686,2024-02-09 08:00:00,Completed,QRIS,0.0
ORD_22754,CUST_2166,2024-02-06 05:00:00,Completed,BNPL,3.53
ORD_22755,CUST_1637,2024-03-02 04:00:00,Completed,E-Wallet (GoPay/OVO),7.19
ORD_22756,CUST_1022,2023-11-09 11:00:00,Completed,E-Wallet (GoPay/OVO),0.0
ORD_22757,CUST_1403,2024-10-01 22:00:00,Completed,BNPL,0.0
ORD_22758,CUST_1726,2023-11-30 17:00:00,Delivered,Credit Card,6.9
ORD_22759,CUST_1209,2023-08-11 17:00:00,Completed,Credit Card,8.44
ORD_22760,CUST_1161,2023-11-29 12:00:00,Completed,QRIS,7.91
ORD_22761,CUST_1225,2023-07-17 23:00:00,Completed,BNPL,3.25
ORD_22762,CUST_1489,2024-01-31 08:00:00,Shipped,QRIS,0.0
ORD_22763,CUST_1405,2024-02-04 09:00:00,Shipped,E-Wallet (GoPay/OVO),0.0
ORD_22764,CUST_1281,2024-03-02 11:00:00,Completed,QRIS,8.12
ORD_22765,CUST_1402,2024-05-21 13:00:00,Completed,Virtual Account Bank Transfer,8.83
ORD_22766,CUST_2004,2024-04-05 08:00:00,Completed,BNPL,5.49
ORD_22767,CUST_1421,2023-06-21 04:00:00,Shipped,QRIS,0.0
ORD_22768,CUST_2102,2024-03-23 02:00:00,Completed,QRIS,6.06
ORD_22769,CUST_1127,2023-08-26 11:00:00,Completed,BNPL,5.09
ORD_22770,CUST_1086,2024-05-03 05:00:00,Completed,E-Wallet (GoPay/OVO),0.0
ORD_22771,CUST_1838,2023-12-16 06:00:00,Completed,Credit Card,0.0
ORD_22772,CUST_1901,2023-11-11 17:00:00,Completed,BNPL,0.0
ORD_22773,CUST_1657,2023-10-20 22:00:00,Cancelled,Credit Card,0.0
ORD_22774,CUST_2089,2023-03-14 06:00:00,Completed,QRIS,7.0
ORD_22775,CUST_1986,2023-05-27 00:00:00,Returned,BNPL,5.42
ORD_22776,CUST_1653,2024-08-02 17:00:00,Shipped,Credit Card,0.0
ORD_22777,CUST_1794,2024-08-11 02:00:00,Completed,QRIS,0.0
ORD_22778,CUST_2118,2024-03-29 02:00:00,Completed,QRIS,3.24
ORD_22779,CUST_1915,2023-04-01 15:00:00,Delivered,E-Wallet (GoPay/OVO),2.71
ORD_22780,CUST_2158,2023-09-14 00:00:00,Completed,BNPL,0.0
ORD_22781,CUST_1188,2024-06-04 00:00:00,Completed,E-Wallet (GoPay/OVO),0.0
ORD_22782,CUST_1922,2024-02-01 22:00:00,Shipped,QRIS,0.0
ORD_22783,CUST_1660,2023-05-02 09:00:00,Completed,E-Wallet (GoPay/OVO),6.2
ORD_22784,CUST_2104,2025-04-02 03:00:00,Completed,QRIS,8.01
ORD_22785,CUST_1799,2024-06-07 22:00:00,Completed,Credit Card,4.1
ORD_22786,CUST_1422,2023-11-06 01:00:00,Completed,QRIS,6.52
ORD_22787,CUST_1508,2024-07-07 19:00:00,Shipped,BNPL,0.0
ORD_22788,CUST_1093,2023-11-20 05:00:00,Completed,BNPL,8.05
ORD_22789,CUST_1167,2023-03-06 20:00:00,Completed,Virtual Account Bank Transfer,0.0
ORD_22790,CUST_2156,2024-10-04 07:00:00,Shipped,QRIS,3.41
ORD_22791,CUST_1446,2024-03-03 10:00:00,Completed,E-Wallet (GoPay/OVO),8.38
ORD_22792,CUST_1462,2024-02-03 23:00:00,Completed,E-Wallet (GoPay/OVO),0.0
ORD_22793,CUST_1408,2023-10-16 05:00:00,Shipped,Virtual Account Bank Transfer,0.0
ORD_22794,CUST_1309,2023-09-07 16:00:00,Completed,Virtual Account Bank Transfer,7.31
ORD_22795,CUST_1268,2023-11-21 11:00:00,Completed,QRIS,0.0
ORD_22796,CUST_2117,2024-08-10 02:00:00,Delivered,Virtual Account Bank Transfer,0.0
ORD_22797,CUST_2141,2023-10-05 22:00:00,Completed,BNPL,0.0
ORD_22798,CUST_1117,2023-11-18 17:00:00,Cancelled,BNPL,0.0
ORD_22799,CUST_1868,2024-05-07 06:00:00,Completed,QRIS,3.87
ORD_22800,CUST_1761,2024-01-22 03:00:00,Shipped,BNPL,4.15
ORD_22801,CUST_1931,2023-08-17 16:00:00,Completed,QRIS,8.53
ORD_22802,CUST_2061,2023-06-24 06:00:00,Shipped,Credit Card,2.99
ORD_22803,CUST_1531,2023-12-18 13:00:00,Completed,Credit Card,3.89
ORD_22804,CUST_1896,2024-01-23 10:00:00,Completed,BNPL,4.67
ORD_22805,CUST_1211,2023-12-12 04:00:00,Completed,BNPL,7.52
ORD_22806,CUST_1080,2023-04-10 19:00:00,Completed,Credit Card,0.0
ORD_22807,CUST_1160,2024-02-13 12:00:00,Completed,Credit Card,6.36
ORD_22808,CUST_1106,2023-10-17 13:00:00,Completed,QRIS,2.99
ORD_22809,CUST_1791,2023-05-03 06:00:00,Shipped,QRIS,5.45
ORD_22810,CUST_1433,2024-08-22 23:00:00,Completed,E-Wallet (GoPay/OVO),8.8
ORD_22811,CUST_1397,2024-05-06 13:00:00,Completed,QRIS,0.0
ORD_22812,CUST_1487,2024-04-27 06:00:00,Completed,BNPL,0.0
ORD_22813,CUST_1572,2023-07-11 22:00:00,Completed,E-Wallet (GoPay/OVO),7.07
ORD_22814,CUST_1403,2024-01-12 19:00:00,Completed,E-Wallet (GoPay/OVO),3.68
ORD_22815,CUST_1876,2024-05-03 18:00:00,Shipped,BNPL,0.0
ORD_22816,CUST_1697,2023-08-06 01:00:00,Cancelled,QRIS,5.75
ORD_22817,CUST_2125,2023-07-08 10:00:00,Completed,QRIS,0.0
ORD_22818,CUST_1111,2023-06-25 17:00:00,Shipped,Credit Card,8.74
ORD_22819,CUST_2199,2024-03-02 05:00:00,Shipped,Credit Card,0.0
ORD_22820,CUST_1259,2023-03-28 08:00:00,Completed,BNPL,5.59
ORD_22821,CUST_1571,2025-01-20 16:00:00,Completed,Credit Card,3.55
ORD_22822,CUST_1909,2023-10-08 01:00:00,Completed,BNPL,8.83
ORD_22823,CUST_1057,2023-05-18 07:00:00,Completed,E-Wallet (GoPay/OVO),5.67
ORD_22824,CUST_1763,2024-02-14 06:00:00,Completed,Credit Card,0.0
ORD_22825,CUST_1202,2024-12-03 00:00:00,Completed,QRIS,5.52
ORD_22826,CUST_2013,2023-10-26 20:00:00,Shipped,Virtual Account Bank Transfer,8.48
ORD_22827,CUST_1329,2023-03-17 06:00:00,Cancelled,Virtual Account Bank Transfer,2.91
ORD_22828,CUST_2045,2024-01-31 18:00:00,Completed,Virtual Account Bank Transfer,2.63
ORD_22829,CUST_1842,2023-07-28 11:00:00,Completed,Credit Card,5.4
ORD_22830,CUST_1225,2023-08-26 15:00:00,Completed,Credit Card,5.26
ORD_22831,CUST_1228,2023-11-27 15:00:00,Completed,QRIS,4.53
ORD_22832,CUST_1598,2023-12-09 10:00:00,Completed,Credit Card,0.0
ORD_22833,CUST_1798,2024-03-31 23:00:00,Completed,BNPL,7.13
ORD_22834,CUST_1008,2023-12-25 15:00:00,Completed,E-Wallet (GoPay/OVO),8.45
ORD_22835,CUST_1474,2023-02-03 16:00:00,Shipped,Credit Card,2.6
ORD_22836,CUST_2153,2023-12-01 08:00:00,Completed,BNPL,0.0
ORD_22837,CUST_1463,2023-09-11 23:00:00,Completed,Credit Card,0.0
ORD_22838,CUST_1798,2024-05-07 02:00:00,Completed,Virtual Account Bank Transfer,5.17
ORD_22839,CUST_1111,2023-07-16 17:00:00,Completed,Credit Card,0.0
ORD_22840,CUST_1735,2023-06-17 05:00:00,Completed,QRIS,0.0
ORD_22841,CUST_1344,2023-07-11 20:00:00,Completed,QRIS,4.24
ORD_22842,CUST_1109,2024-01-12 02:00:00,Cancelled,BNPL,3.63
ORD_22843,CUST_1822,2023-10-20 18:00:00,Completed,BNPL,3.51
ORD_22844,CUST_1467,2024-01-21 00:00:00,Completed,BNPL,5.65
ORD_22845,CUST_1663,2024-05-16 19:00:00,Cancelled,Virtual Account Bank Transfer,4.71
ORD_22846,CUST_1922,2024-07-05 23:00:00,Completed,E-Wallet (GoPay/OVO),2.92
ORD_22847,CUST_2132,2023-01-27 23:00:00,Completed,E-Wallet (GoPay/OVO),0.0
ORD_22848,CUST_2193,2023-10-31 02:00:00,Completed,Credit Card,5.38
ORD_22849,CUST_1421,2023-04-20 23:00:00,Shipped,Virtual Account Bank Transfer,2.92
ORD_22850,CUST_1540,2024-02-15 21:00:00,Completed,BNPL,4.47
ORD_22851,CUST_1157,2023-12-12 22:00:00,Delivered,E-Wallet (GoPay/OVO),2.88
ORD_22852,CUST_1293,2024-03-05 16:00:00,Completed,Credit Card,0.0
ORD_22853,CUST_1431,2024-04-12 11:00:00,Completed,Virtual Account Bank Transfer,3.26
ORD_22854,CUST_1439,2023-07-21 13:00:00,Shipped,QRIS,0.0
ORD_22855,CUST_1353,2024-06-03 19:00:00,Completed,E-Wallet (GoPay/OVO),6.01
ORD_22856,CUST_2082,2023-08-22 13:00:00,Delivered,Virtual Account Bank Transfer,5.65
ORD_22857,CUST_1269,2023-08-06 02:00:00,Completed,Credit Card,0.0
ORD_22858,CUST_1685,2024-05-23 04:00:00,Completed,Credit Card,0.0
ORD_22859,CUST_1702,2024-06-04 11:00:00,Completed,Virtual Account Bank Transfer,0.0
ORD_22860,CUST_1030,2023-08-12 08:00:00,Completed,E-Wallet (GoPay/OVO),5.32
ORD_22861,CUST_2131,2023-10-25 12:00:00,Completed,Credit Card,4.55
ORD_22862,CUST_1708,2024-05-06 23:00:00,Shipped,Credit Card,5.44
ORD_22863,CUST_2082,2023-10-24 20:00:00,Delivered,E-Wallet (GoPay/OVO),7.19
ORD_22864,CUST_1589,2023-04-02 03:00:00,Completed,Virtual Account Bank Transfer,6.97
ORD_22865,CUST_1140,2024-05-10 23:00:00,Completed,Virtual Account Bank Transfer,4.33
ORD_22866,CUST_1579,2024-01-17 11:00:00,Completed,Virtual Account Bank Transfer,0.0
ORD_22867,CUST_1410,2024-03-09 15:00:00,Completed,BNPL,6.58
ORD_22868,CUST_1277,2024-02-10 10:00:00,Completed,BNPL,5.33
ORD_22869,CUST_1999,2024-05-01 00:00:00,Completed,BNPL,6.24
ORD_22870,CUST_1093,2023-08-13 22:00:00,Completed,BNPL,7.88
ORD_22871,CUST_1673,2023-09-16 20:00:00,Cancelled,E-Wallet (GoPay/OVO),3.53
ORD_22872,CUST_1664,2023-12-10 13:00:00,Completed,QRIS,4.82
ORD_22873,CUST_1534,2023-03-17 20:00:00,Completed,Credit Card,8.32
ORD_22874,CUST_1341,2024-02-29 07:00:00,Completed,BNPL,0.0
ORD_22875,CUST_1691,2023-12-21 09:00:00,Completed,Credit Card,8.48
ORD_22876,CUST_1438,2024-04-07 10:00:00,Completed,Credit Card,6.03
ORD_22877,CUST_2066,2024-04-07 17:00:00,Delivered,QRIS,7.8
ORD_22878,CUST_1638,2024-09-26 00:00:00,Delivered,Credit Card,5.36
ORD_22879,CUST_2099,2024-07-14 04:00:00,Completed,Virtual Account Bank Transfer,4.08
ORD_22880,CUST_1796,2023-03-18 16:00:00,Completed,Virtual Account Bank Transfer,3.56
ORD_22881,CUST_1725,2024-05-12 09:00:00,Returned,Credit Card,3.49
ORD_22882,CUST_1712,2024-09-17 04:00:00,Completed,Virtual Account Bank Transfer,0.0
ORD_22883,CUST_1757,2023-08-23 01:00:00,Completed,E-Wallet (GoPay/OVO),3.03
ORD_22884,CUST_1774,2024-01-04 17:00:00,Completed,QRIS,7.92
ORD_22885,CUST_2139,2024-03-06 18:00:00,Cancelled,BNPL,3.1
ORD_22886,CUST_1009,2024-02-21 05:00:00,Cancelled,E-Wallet (GoPay/OVO),5.59
ORD_22887,CUST_1832,2023-05-26 11:00:00,Completed,E-Wallet (GoPay/OVO),7.21
ORD_22888,CUST_1148,2024-02-25 05:00:00,Completed,Credit Card,3.95
ORD_22889,CUST_1984,2024-03-08 08:00:00,Completed,QRIS,7.37
ORD_22890,CUST_1570,2023-03-25 09:00:00,Delivered,QRIS,0.0
ORD_22891,CUST_1778,2023-03-31 07:00:00,Completed,QRIS,0.0
ORD_22892,CUST_1977,2024-09-01 14:00:00,Completed,BNPL,0.0
ORD_22893,CUST_2192,2024-03-24 20:00:00,Cancelled,BNPL,0.0
ORD_22894,CUST_2077,2023-11-14 20:00:00,Completed,QRIS,8.02
ORD_22895,CUST_1451,2023-08-08 08:00:00,Completed,E-Wallet (GoPay/OVO),3.35
ORD_22896,CUST_1827,2023-05-13 13:00:00,Shipped,BNPL,6.89
ORD_22897,CUST_1204,2024-05-30 06:00:00,Completed,E-Wallet (GoPay/OVO),5.06
ORD_22898,CUST_1172,2023-10-13 22:00:00,Completed,BNPL,7.32
ORD_22899,CUST_1499,2024-02-12 22:00:00,Shipped,Virtual Account Bank Transfer,0.0
ORD_22900,CUST_1602,2023-08-29 09:00:00,Completed,Virtual Account Bank Transfer,0.0
ORD_22901,CUST_1136,2023-03-30 23:00:00,Completed,Virtual Account Bank Transfer,3.76
ORD_22902,CUST_1841,2024-05-14 22:00:00,Completed,Credit Card,0.0
ORD_22903,CUST_1916,2023-09-03 19:00:00,Completed,Virtual Account Bank Transfer,5.22
ORD_22904,CUST_1922,2025-03-01 22:00:00,Shipped,Credit Card,0.0
ORD_22905,CUST_1835,2024-03-16 10:00:00,Completed,Credit Card,7.18
ORD_22906,CUST_2001,2024-05-30 19:00:00,Completed,Virtual Account Bank Transfer,5.04
ORD_22907,CUST_1215,2023-09-09 07:00:00,Completed,Virtual Account Bank Transfer,8.75
ORD_22908,CUST_1898,2024-04-30 19:00:00,Completed,QRIS,8.65
ORD_22909,CUST_2198,2023-10-10 16:00:00,Completed,QRIS,2.75
ORD_22910,CUST_1510,2023-05-04 12:00:00,Completed,BNPL,6.02
ORD_22911,CUST_1421,2023-05-09 02:00:00,Completed,Virtual Account Bank Transfer,5.58
ORD_22912,CUST_1034,2023-05-01 20:00:00,Completed,E-Wallet (GoPay/OVO),0.0
ORD_22913,CUST_1894,2024-04-24 19:00:00,Returned,E-Wallet (GoPay/OVO),8.97
ORD_22914,CUST_2187,2023-03-22 23:00:00,Completed,E-Wallet (GoPay/OVO),0.0
ORD_22915,CUST_1026,2023-04-07 11:00:00,Completed,QRIS,0.0
ORD_22916,CUST_1369,2023-07-12 12:00:00,Shipped,QRIS,6.32
ORD_22917,CUST_1025,2023-10-12 18:00:00,Shipped,QRIS,6.19
ORD_22918,CUST_1218,2023-03-25 23:00:00,Completed,Virtual Account Bank Transfer,0.0
ORD_22919,CUST_1552,2023-06-12 02:00:00,Completed,QRIS,0.0
ORD_22920,CUST_1139,2023-05-08 07:00:00,Returned,E-Wallet (GoPay/OVO),4.82
ORD_22921,CUST_1379,2023-12-20 12:00:00,Cancelled,Virtual Account Bank Transfer,0.0
ORD_22922,CUST_1491,2023-07-04 22:00:00,Completed,BNPL,0.0
ORD_22923,CUST_1810,2025-04-02 22:00:00,Completed,QRIS,5.86
ORD_22924,CUST_1643,2024-04-01 18:00:00,Completed,BNPL,0.0
ORD_22925,CUST_1842,2023-09-11 04:00:00,Completed,BNPL,2.99
ORD_22926,CUST_1932,2023-07-06 21:00:00,Shipped,Virtual Account Bank Transfer,3.61
ORD_22927,CUST_1347,2024-01-26 02:00:00,Shipped,Virtual Account Bank Transfer,2.8
ORD_22928,CUST_1723,2023-07-12 04:00:00,Completed,QRIS,0.0
ORD_22929,CUST_2128,2023-05-31 04:00:00,Completed,Virtual Account Bank Transfer,8.36
ORD_22930,CUST_2021,2023-04-27 12:00:00,Completed,E-Wallet (GoPay/OVO),7.53
ORD_22931,CUST_1770,2023-07-10 04:00:00,Delivered,Virtual Account Bank Transfer,0.0
ORD_22932,CUST_1233,2024-05-05 00:00:00,Completed,Virtual Account Bank Transfer,8.98
ORD_22933,CUST_1560,2023-07-10 11:00:00,Completed,Virtual Account Bank Transfer,0.0
ORD_22934,CUST_1984,2023-12-27 23:00:00,Completed,QRIS,0.0
ORD_22935,CUST_1292,2023-12-23 03:00:00,Completed,QRIS,8.87
ORD_22936,CUST_2053,2024-03-09 13:00:00,Shipped,Credit Card,0.0
ORD_22937,CUST_2197,2023-03-21 13:00:00,Completed,Virtual Account Bank Transfer,0.0
ORD_22938,CUST_1790,2024-02-04 12:00:00,Completed,BNPL,5.86
ORD_22939,CUST_1887,2024-11-08 12:00:00,Cancelled,E-Wallet (GoPay/OVO),5.22
ORD_22940,CUST_1261,2023-10-11 21:00:00,Completed,BNPL,8.46
ORD_22941,CUST_1167,2023-06-30 06:00:00,Completed,QRIS,8.89
ORD_22942,CUST_1255,2023-11-15 12:00:00,Delivered,Virtual Account Bank Transfer,8.65
ORD_22943,CUST_1175,2024-05-19 20:00:00,Cancelled,Virtual Account Bank Transfer,3.21
ORD_22944,CUST_1070,2023-08-25 14:00:00,Completed,Credit Card,5.48
ORD_22945,CUST_1149,2024-06-01 03:00:00,Completed,E-Wallet (GoPay/OVO),0.0
ORD_22946,CUST_1528,2024-01-02 00:00:00,Completed,Credit Card,0.0
ORD_22947,CUST_1684,2024-02-23 06:00:00,Completed,QRIS,6.54
ORD_22948,CUST_1699,2024-01-04 10:00:00,Shipped,Credit Card,8.08
ORD_22949,CUST_1936,2023-05-22 02:00:00,Completed,Virtual Account Bank Transfer,5.42
ORD_22950,CUST_1359,2023-11-18 04:00:00,Completed,BNPL,5.56
ORD_22951,CUST_2099,2024-04-08 09:00:00,Completed,Credit Card,7.37
ORD_22952,CUST_1225,2024-03-11 00:00:00,Completed,Credit Card,5.95
ORD_22953,CUST_1196,2024-03-09 14:00:00,Completed,Credit Card,3.11
ORD_22954,CUST_1959,2023-08-08 20:00:00,Completed,Credit Card,0.0
ORD_22955,CUST_1945,2024-05-12 20:00:00,Shipped,E-Wallet (GoPay/OVO),3.52
ORD_22956,CUST_2129,2024-02-25 04:00:00,Completed,E-Wallet (GoPay/OVO),0.0
ORD_22957,CUST_1016,2023-09-13 18:00:00,Completed,Virtual Account Bank Transfer,6.13
ORD_22958,CUST_1943,2023-09-09 20:00:00,Completed,E-Wallet (GoPay/OVO),0.0
ORD_22959,CUST_1676,2024-11-10 23:00:00,Completed,BNPL,6.21
ORD_22960,CUST_1968,2024-06-13 11:00:00,Completed,Credit Card,4.74
ORD_22961,CUST_1637,2023-06-20 13:00:00,Completed,QRIS,4.05
ORD_22962,CUST_1531,2024-06-14 13:00:00,Shipped,E-Wallet (GoPay/OVO),3.01
ORD_22963,CUST_1578,2023-11-20 07:00:00,Completed,BNPL,0.0
ORD_22964,CUST_1730,2024-11-16 18:00:00,Completed,BNPL,0.0
ORD_22965,CUST_1979,2024-11-05 17:00:00,Cancelled,Credit Card,4.03
ORD_22966,CUST_1582,2023-10-12 19:00:00,Completed,BNPL,8.08
ORD_22967,CUST_1284,2023-08-25 10:00:00,Delivered,Credit Card,0.0
ORD_22968,CUST_1229,2024-06-24 05:00:00,Completed,Virtual Account Bank Transfer,0.0
ORD_22969,CUST_1938,2024-05-24 14:00:00,Completed,BNPL,0.0
ORD_22970,CUST_1249,2024-05-25 09:00:00,Completed,BNPL,0.0
ORD_22971,CUST_1021,2023-10-26 17:00:00,Completed,E-Wallet (GoPay/OVO),0.0
ORD_22972,CUST_1399,2023-06-06 19:00:00,Completed,QRIS,4.56
ORD_22973,CUST_1802,2023-06-29 10:00:00,Delivered,Virtual Account Bank Transfer,0.0
ORD_22974,CUST_1850,2023-09-22 14:00:00,Completed,QRIS,0.0
ORD_22975,CUST_1106,2023-09-07 15:00:00,Completed,BNPL,0.0
ORD_22976,CUST_1722,2023-03-31 15:00:00,Completed,BNPL,0.0
ORD_22977,CUST_1365,2023-11-01 11:00:00,Completed,QRIS,7.98
ORD_22978,CUST_1646,2024-04-30 03:00:00,Shipped,QRIS,0.0
ORD_22979,CUST_1442,2024-08-25 05:00:00,Completed,Virtual Account Bank Transfer,0.0
ORD_22980,CUST_1608,2023-03-20 10:00:00,Completed,Credit Card,0.0
ORD_22981,CUST_1162,2023-10-01 18:00:00,Completed,QRIS,0.0
ORD_22982,CUST_1948,2023-04-13 15:00:00,Delivered,Virtual Account Bank Transfer,3.24
ORD_22983,CUST_1431,2023-11-29 11:00:00,Completed,BNPL,3.12
ORD_22984,CUST_1204,2024-12-02 01:00:00,Shipped,Virtual Account Bank Transfer,3.96
ORD_22985,CUST_1137,2024-04-18 00:00:00,Completed,Virtual Account Bank Transfer,0.0
ORD_22986,CUST_1569,2024-06-19 15:00:00,Completed,Virtual Account Bank Transfer,0.0
ORD_22987,CUST_1806,2023-05-12 10:00:00,Completed,Credit Card,0.0
ORD_22988,CUST_1745,2024-12-18 14:00:00,Completed,QRIS,0.0
ORD_22989,CUST_1099,2023-03-27 08:00:00,Completed,QRIS,0.0
ORD_22990,CUST_2109,2023-10-15 22:00:00,Shipped,Credit Card,0.0
ORD_22991,CUST_1937,2023-08-31 22:00:00,Completed,Virtual Account Bank Transfer,5.44
ORD_22992,CUST_1506,2024-06-11 23:00:00,Completed,E-Wallet (GoPay/OVO),0.0
ORD_22993,CUST_1655,2024-05-19 23:00:00,Delivered,QRIS,3.91
ORD_22994,CUST_2172,2023-01-27 08:00:00,Completed,BNPL,2.95
ORD_22995,CUST_1493,2023-12-13 07:00:00,Completed,BNPL,4.8
ORD_22996,CUST_1024,2023-06-21 06:00:00,Delivered,QRIS,8.54
ORD_22997,CUST_1145,2024-01-01 04:00:00,Completed,Virtual Account Bank Transfer,3.11
ORD_22998,CUST_1824,2023-05-20 05:00:00,Completed,E-Wallet (GoPay/OVO),7.93
ORD_22999,CUST_1617,2023-10-05 14:00:00,Completed,Virtual Account Bank Transfer,0.0
ORD_23000,CUST_1101,2023-10-04 14:00:00,Completed,Virtual Account Bank Transfer,0.0
ORD_23001,CUST_1372,2023-02-20 23:00:00,Shipped,QRIS,7.19
ORD_23002,CUST_2009,2023-10-12 05:00:00,Delivered,QRIS,8.69
ORD_23003,CUST_2033,2023-11-04 12:00:00,Completed,E-Wallet (GoPay/OVO),4.36
ORD_23004,CUST_1622,2023-11-19 14:00:00,Completed,QRIS,2.93
ORD_23005,CUST_1055,2024-04-24 22:00:00,Shipped,BNPL,0.0
ORD_23006,CUST_1716,2024-12-05 06:00:00,Completed,BNPL,7.09
ORD_23007,CUST_2099,2023-09-28 06:00:00,Completed,Virtual Account Bank Transfer,8.3
ORD_23008,CUST_1834,2023-08-31 08:00:00,Completed,BNPL,0.0
ORD_23009,CUST_1186,2024-03-27 20:00:00,Completed,E-Wallet (GoPay/OVO),4.84
ORD_23010,CUST_1285,2024-06-26 11:00:00,Shipped,BNPL,8.64
ORD_23011,CUST_1436,2023-12-11 20:00:00,Completed,BNPL,8.59
ORD_23012,CUST_1730,2024-11-02 07:00:00,Completed,Virtual Account Bank Transfer,4.27
ORD_23013,CUST_1509,2024-03-16 14:00:00,Completed,E-Wallet (GoPay/OVO),5.33
ORD_23014,CUST_1320,2024-04-27 11:00:00,Completed,BNPL,0.0
ORD_23015,CUST_1763,2024-03-15 00:00:00,Completed,E-Wallet (GoPay/OVO),5.58
ORD_23016,CUST_2077,2023-07-18 10:00:00,Completed,Credit Card,0.0
ORD_23017,CUST_1049,2023-05-01 07:00:00,Completed,QRIS,0.0
ORD_23018,CUST_1770,2023-05-02 16:00:00,Completed,Virtual Account Bank Transfer,4.38
ORD_23019,CUST_2075,2024-02-07 17:00:00,Completed,E-Wallet (GoPay/OVO),3.76
ORD_23020,CUST_1331,2023-11-07 07:00:00,Shipped,E-Wallet (GoPay/OVO),0.0
ORD_23021,CUST_1566,2023-11-21 12:00:00,Returned,E-Wallet (GoPay/OVO),0.0
ORD_23022,CUST_1114,2024-01-26 18:00:00,Completed,E-Wallet (GoPay/OVO),5.31
ORD_23023,CUST_1601,2023-01-23 13:00:00,Completed,E-Wallet (GoPay/OVO),7.41
ORD_23024,CUST_1108,2023-07-26 01:00:00,Delivered,QRIS,5.23
ORD_23025,CUST_1289,2023-12-10 19:00:00,Delivered,Virtual Account Bank Transfer,0.0
ORD_23026,CUST_1184,2023-09-10 20:00:00,Delivered,Credit Card,0.0
ORD_23027,CUST_2000,2023-07-27 09:00:00,Delivered,BNPL,0.0
ORD_23028,CUST_1301,2023-06-18 01:00:00,Returned,QRIS,0.0
ORD_23029,CUST_1810,2024-04-19 10:00:00,Delivered,Credit Card,0.0
ORD_23030,CUST_1460,2024-02-26 13:00:00,Cancelled,E-Wallet (GoPay/OVO),8.36
ORD_23031,CUST_1241,2023-08-17 14:00:00,Shipped,Credit Card,6.01
ORD_23032,CUST_1879,2024-10-28 22:00:00,Completed,Virtual Account Bank Transfer,0.0
ORD_23033,CUST_1882,2023-11-12 19:00:00,Cancelled,QRIS,8.11
ORD_23034,CUST_2105,2024-02-18 18:00:00,Cancelled,E-Wallet (GoPay/OVO),6.66
ORD_23035,CUST_2048,2023-06-25 10:00:00,Completed,BNPL,7.66
ORD_23036,CUST_1818,2023-11-27 11:00:00,Completed,Credit Card,6.71
ORD_23037,CUST_1163,2024-02-10 06:00:00,Completed,Virtual Account Bank Transfer,6.06
ORD_23038,CUST_1257,2023-11-09 01:00:00,Completed,E-Wallet (GoPay/OVO),5.68
ORD_23039,CUST_1106,2023-06-24 20:00:00,Completed,Virtual Account Bank Transfer,7.85
ORD_23040,CUST_1961,2024-08-22 01:00:00,Shipped,Virtual Account Bank Transfer,8.8
ORD_23041,CUST_1703,2023-08-02 12:00:00,Completed,Virtual Account Bank Transfer,2.86
ORD_23042,CUST_1280,2023-11-23 11:00:00,Shipped,QRIS,3.79
ORD_23043,CUST_1348,2024-02-27 05:00:00,Completed,Virtual Account Bank Transfer,0.0
ORD_23044,CUST_1381,2023-11-26 05:00:00,Completed,Credit Card,4.74
ORD_23045,CUST_1105,2024-08-18 22:00:00,Completed,QRIS,0.0
ORD_23046,CUST_1821,2024-01-05 22:00:00,Completed,Virtual Account Bank Transfer,0.0
ORD_23047,CUST_1467,2025-03-29 01:00:00,Completed,E-Wallet (GoPay/OVO),0.0
ORD_23048,CUST_1241,2024-09-20 05:00:00,Completed,QRIS,0.0
ORD_23049,CUST_1367,2024-03-14 21:00:00,Delivered,Credit Card,3.01
ORD_23050,CUST_2174,2024-12-25 15:00:00,Completed,E-Wallet (GoPay/OVO),8.8
ORD_23051,CUST_2098,2024-05-17 06:00:00,Completed,E-Wallet (GoPay/OVO),5.19
ORD_23052,CUST_1616,2024-01-11 23:00:00,Completed,E-Wallet (GoPay/OVO),7.83
ORD_23053,CUST_2156,2024-07-09 00:00:00,Cancelled,BNPL,6.77
ORD_23054,CUST_1865,2024-02-14 23:00:00,Delivered,QRIS,7.07
ORD_23055,CUST_2159,2024-01-08 02:00:00,Returned,QRIS,7.3
ORD_23056,CUST_1315,2023-04-15 09:00:00,Shipped,Virtual Account Bank Transfer,2.83
ORD_23057,CUST_1730,2024-02-25 12:00:00,Shipped,Virtual Account Bank Transfer,8.98
ORD_23058,CUST_1522,2023-09-01 10:00:00,Completed,Credit Card,0.0
ORD_23059,CUST_2080,2023-07-21 18:00:00,Completed,Credit Card,7.53
ORD_23060,CUST_1419,2024-05-31 17:00:00,Shipped,BNPL,6.6
ORD_23061,CUST_1394,2023-05-01 18:00:00,Completed,E-Wallet (GoPay/OVO),7.24
ORD_23062,CUST_1574,2024-09-07 17:00:00,Completed,QRIS,7.73
ORD_23063,CUST_1937,2023-04-15 15:00:00,Completed,Virtual Account Bank Transfer,2.88
ORD_23064,CUST_1530,2024-01-02 13:00:00,Cancelled,BNPL,0.0
ORD_23065,CUST_1814,2024-02-23 04:00:00,Completed,E-Wallet (GoPay/OVO),7.6
ORD_23066,CUST_1236,2024-05-31 18:00:00,Cancelled,QRIS,0.0
ORD_23067,CUST_1323,2023-08-26 14:00:00,Completed,Credit Card,5.35
ORD_23068,CUST_1196,2024-01-22 14:00:00,Completed,QRIS,7.81
ORD_23069,CUST_1217,2023-12-04 22:00:00,Completed,Credit Card,7.77
ORD_23070,CUST_1766,2024-03-08 04:00:00,Shipped,E-Wallet (GoPay/OVO),2.94
ORD_23071,CUST_1217,2024-02-03 04:00:00,Delivered,E-Wallet (GoPay/OVO),5.11
ORD_23072,CUST_1107,2024-01-09 02:00:00,Completed,BNPL,5.91
ORD_23073,CUST_1228,2023-11-04 08:00:00,Delivered,BNPL,7.11
ORD_23074,CUST_1564,2023-11-13 05:00:00,Completed,Virtual Account Bank Transfer,0.0
ORD_23075,CUST_1111,2023-07-23 21:00:00,Completed,QRIS,5.34
ORD_23076,CUST_1251,2024-05-11 01:00:00,Completed,E-Wallet (GoPay/OVO),2.94
ORD_23077,CUST_1256,2023-09-04 08:00:00,Completed,Credit Card,5.82
ORD_23078,CUST_1362,2023-08-07 22:00:00,Completed,Virtual Account Bank Transfer,0.0
ORD_23079,CUST_2148,2024-10-31 10:00:00,Shipped,Virtual Account Bank Transfer,4.62
ORD_23080,CUST_1891,2023-05-01 23:00:00,Completed,Virtual Account Bank Transfer,6.76
ORD_23081,CUST_1579,2024-01-02 23:00:00,Completed,E-Wallet (GoPay/OVO),5.87
ORD_23082,CUST_1200,2023-09-19 17:00:00,Completed,Credit Card,8.55
ORD_23083,CUST_1357,2024-06-25 02:00:00,Completed,Credit Card,6.41
ORD_23084,CUST_1165,2023-07-17 09:00:00,Completed,QRIS,4.41
ORD_23085,CUST_1609,2023-10-05 19:00:00,Completed,Credit Card,4.23
ORD_23086,CUST_2087,2023-09-25 23:00:00,Completed,BNPL,3.22
ORD_23087,CUST_1129,2023-11-03 02:00:00,Completed,BNPL,7.86
ORD_23088,CUST_2142,2023-07-08 22:00:00,Completed,Virtual Account Bank Transfer,0.0
ORD_23089,CUST_1780,2023-10-07 13:00:00,Completed,Credit Card,6.0
ORD_23090,CUST_1267,2024-06-25 21:00:00,Completed,Virtual Account Bank Transfer,6.02
ORD_23091,CUST_2065,2023-07-17 16:00:00,Delivered,BNPL,6.33
ORD_23092,CUST_1688,2023-06-16 18:00:00,Completed,BNPL,0.0
ORD_23093,CUST_1272,2023-09-24 07:00:00,Cancelled,Credit Card,5.17
ORD_23094,CUST_1981,2024-08-11 22:00:00,Shipped,Virtual Account Bank Transfer,5.11
ORD_23095,CUST_1729,2024-03-24 15:00:00,Completed,Virtual Account Bank Transfer,8.41
ORD_23096,CUST_1922,2024-04-03 04:00:00,Completed,E-Wallet (GoPay/OVO),0.0
ORD_23097,CUST_1540,2024-03-21 05:00:00,Shipped,QRIS,3.51
ORD_23098,CUST_2143,2023-04-28 12:00:00,Completed,BNPL,0.0
ORD_23099,CUST_2075,2023-11-10 10:00:00,Completed,E-Wallet (GoPay/OVO),0.0
ORD_23100,CUST_1861,2023-12-12 11:00:00,Completed,Virtual Account Bank Transfer,7.94
ORD_23101,CUST_1800,2023-10-27 08:00:00,Delivered,QRIS,0.0
ORD_23102,CUST_1570,2023-03-08 05:00:00,Completed,BNPL,6.81
ORD_23103,CUST_2017,2023-11-14 04:00:00,Completed,Credit Card,0.0
ORD_23104,CUST_1430,2023-12-08 13:00:00,Cancelled,BNPL,3.96
ORD_23105,CUST_2174,2023-12-07 18:00:00,Completed,QRIS,4.62
ORD_23106,CUST_1732,2024-02-23 03:00:00,Completed,QRIS,8.32
ORD_23107,CUST_1564,2023-12-15 08:00:00,Shipped,BNPL,8.7
ORD_23108,CUST_1708,2024-10-20 05:00:00,Completed,Virtual Account Bank Transfer,0.0
ORD_23109,CUST_2055,2023-10-04 02:00:00,Delivered,Credit Card,0.0
ORD_23110,CUST_1708,2024-05-11 06:00:00,Completed,BNPL,0.0
ORD_23111,CUST_1598,2023-07-17 23:00:00,Completed,E-Wallet (GoPay/OVO),8.44
ORD_23112,CUST_1358,2023-06-17 05:00:00,Completed,Credit Card,5.02
ORD_23113,CUST_1288,2023-10-21 13:00:00,Completed,BNPL,0.0
ORD_23114,CUST_2197,2023-05-30 21:00:00,Completed,BNPL,0.0
ORD_23115,CUST_1403,2024-02-06 15:00:00,Shipped,E-Wallet (GoPay/OVO),0.0
ORD_23116,CUST_1019,2024-03-18 16:00:00,Completed,BNPL,3.52
ORD_23117,CUST_1163,2023-11-04 06:00:00,Completed,QRIS,3.75
ORD_23118,CUST_1124,2025-01-18 02:00:00,Shipped,Credit Card,4.5
ORD_23119,CUST_1200,2023-08-31 01:00:00,Completed,E-Wallet (GoPay/OVO),0.0
ORD_23120,CUST_1931,2023-08-18 05:00:00,Completed,QRIS,5.79
ORD_23121,CUST_1297,2024-02-12 11:00:00,Completed,E-Wallet (GoPay/OVO),0.0
ORD_23122,CUST_1351,2023-09-20 20:00:00,Completed,BNPL,0.0
ORD_23123,CUST_1467,2024-03-21 05:00:00,Shipped,BNPL,7.44
ORD_23124,CUST_1111,2023-07-03 14:00:00,Delivered,BNPL,7.24
ORD_23125,CUST_1823,2024-04-11 18:00:00,Completed,Virtual Account Bank Transfer,0.0
ORD_23126,CUST_1219,2023-09-14 02:00:00,Shipped,Virtual Account Bank Transfer,0.0
ORD_23127,CUST_1568,2023-03-24 00:00:00,Completed,Credit Card,4.41
ORD_23128,CUST_1335,2024-04-28 09:00:00,Completed,E-Wallet (GoPay/OVO),6.88
ORD_23129,CUST_1553,2023-04-12 22:00:00,Shipped,E-Wallet (GoPay/OVO),4.9
ORD_23130,CUST_1907,2023-06-02 00:00:00,Completed,BNPL,4.92
ORD_23131,CUST_2132,2023-05-31 03:00:00,Shipped,E-Wallet (GoPay/OVO),4.72
ORD_23132,CUST_1311,2024-03-30 06:00:00,Completed,QRIS,0.0
ORD_23133,CUST_1189,2024-03-25 17:00:00,Completed,BNPL,0.0
ORD_23134,CUST_1387,2023-10-12 22:00:00,Completed,Credit Card,4.5
ORD_23135,CUST_1516,2023-12-17 21:00:00,Returned,Credit Card,8.55
ORD_23136,CUST_2060,2023-04-08 14:00:00,Returned,Virtual Account Bank Transfer,0.0
ORD_23137,CUST_1296,2023-10-04 14:00:00,Delivered,E-Wallet (GoPay/OVO),0.0
ORD_23138,CUST_1056,2023-08-06 08:00:00,Completed,Credit Card,0.0
ORD_23139,CUST_1214,2024-06-22 12:00:00,Completed,E-Wallet (GoPay/OVO),0.0
ORD_23140,CUST_1642,2023-05-08 01:00:00,Completed,Virtual Account Bank Transfer,0.0
ORD_23141,CUST_1478,2023-02-28 16:00:00,Delivered,E-Wallet (GoPay/OVO),0.0
ORD_23142,CUST_1549,2024-06-14 11:00:00,Completed,QRIS,0.0
ORD_23143,CUST_2105,2024-03-13 06:00:00,Completed,BNPL,0.0
ORD_23144,CUST_1643,2024-07-15 07:00:00,Completed,BNPL,0.0
ORD_23145,CUST_1369,2023-10-13 07:00:00,Completed,E-Wallet (GoPay/OVO),5.76
ORD_23146,CUST_2110,2023-12-02 21:00:00,Completed,BNPL,0.0
ORD_23147,CUST_1779,2023-12-04 21:00:00,Completed,QRIS,5.36
ORD_23148,CUST_1988,2023-08-24 17:00:00,Completed,BNPL,8.22
ORD_23149,CUST_1015,2024-01-04 07:00:00,Completed,QRIS,6.43
ORD_23150,CUST_1917,2024-05-14 10:00:00,Completed,Credit Card,0.0
ORD_23151,CUST_1064,2024-03-11 00:00:00,Completed,BNPL,3.74
ORD_23152,CUST_1093,2023-12-25 21:00:00,Cancelled,Virtual Account Bank Transfer,0.0
ORD_23153,CUST_1434,2024-07-06 06:00:00,Completed,QRIS,6.76
ORD_23154,CUST_2084,2023-09-30 07:00:00,Delivered,BNPL,4.67
ORD_23155,CUST_2121,2024-04-22 11:00:00,Completed,BNPL,2.61
ORD_23156,CUST_1259,2023-02-11 17:00:00,Shipped,QRIS,0.0
ORD_23157,CUST_1798,2024-04-30 15:00:00,Completed,Credit Card,5.97
ORD_23158,CUST_1156,2024-03-22 03:00:00,Completed,Virtual Account Bank Transfer,0.0
ORD_23159,CUST_1959,2023-08-19 03:00:00,Completed,QRIS,0.0
ORD_23160,CUST_1777,2023-03-06 03:00:00,Completed,E-Wallet (GoPay/OVO),0.0
ORD_23161,CUST_1370,2023-06-27 02:00:00,Completed,Credit Card,0.0
ORD_23162,CUST_1377,2024-04-07 09:00:00,Returned,BNPL,5.29
ORD_23163,CUST_1541,2023-03-22 19:00:00,Completed,Credit Card,6.03
ORD_23164,CUST_2043,2023-06-05 10:00:00,Shipped,BNPL,0.0
ORD_23165,CUST_1461,2023-10-19 09:00:00,Completed,Virtual Account Bank Transfer,5.86
ORD_23166,CUST_1656,2023-01-26 19:00:00,Shipped,E-Wallet (GoPay/OVO),6.28
ORD_23167,CUST_2049,2023-02-03 21:00:00,Completed,Credit Card,8.9
ORD_23168,CUST_1892,2024-01-12 05:00:00,Shipped,BNPL,0.0
ORD_23169,CUST_1590,2024-02-28 03:00:00,Completed,Virtual Account Bank Transfer,0.0
ORD_23170,CUST_1448,2023-03-26 17:00:00,Completed,BNPL,6.14
ORD_23171,CUST_2091,2023-02-24 06:00:00,Completed,E-Wallet (GoPay/OVO),7.75
ORD_23172,CUST_1051,2024-01-15 02:00:00,Delivered,BNPL,0.0
ORD_23173,CUST_2076,2024-02-14 14:00:00,Completed,QRIS,0.0
ORD_23174,CUST_1517,2024-06-27 17:00:00,Completed,BNPL,0.0
ORD_23175,CUST_1570,2023-04-15 04:00:00,Completed,BNPL,5.3
ORD_23176,CUST_1998,2024-06-30 17:00:00,Cancelled,Virtual Account Bank Transfer,0.0
ORD_23177,CUST_1643,2024-03-19 14:00:00,Completed,BNPL,7.25
ORD_23178,CUST_1633,2024-03-22 15:00:00,Delivered,Virtual Account Bank Transfer,0.0
ORD_23179,CUST_1959,2024-12-14 18:00:00,Completed,QRIS,0.0
ORD_23180,CUST_1169,2023-04-28 20:00:00,Completed,Virtual Account Bank Transfer,4.66
ORD_23181,CUST_2034,2023-10-21 04:00:00,Completed,Virtual Account Bank Transfer,8.7
ORD_23182,CUST_1382,2023-08-01 00:00:00,Shipped,Virtual Account Bank Transfer,6.45
ORD_23183,CUST_1121,2024-04-18 17:00:00,Cancelled,Virtual Account Bank Transfer,0.0
ORD_23184,CUST_1836,2023-09-15 06:00:00,Completed,Credit Card,0.0
ORD_23185,CUST_2143,2023-07-05 07:00:00,Completed,QRIS,2.82
ORD_23186,CUST_2156,2024-09-01 09:00:00,Completed,E-Wallet (GoPay/OVO),5.29
ORD_23187,CUST_2093,2024-05-09 00:00:00,Completed,Virtual Account Bank Transfer,5.77
ORD_23188,CUST_1149,2023-11-04 17:00:00,Delivered,QRIS,7.74
ORD_23189,CUST_2110,2023-09-28 23:00:00,Completed,BNPL,8.18
ORD_23190,CUST_1853,2024-01-24 06:00:00,Completed,E-Wallet (GoPay/OVO),3.6
ORD_23191,CUST_1050,2024-02-07 04:00:00,Completed,Virtual Account Bank Transfer,4.49
ORD_23192,CUST_1756,2023-03-02 05:00:00,Delivered,E-Wallet (GoPay/OVO),4.74
ORD_23193,CUST_1191,2024-03-11 19:00:00,Completed,BNPL,0.0
ORD_23194,CUST_1780,2023-07-28 08:00:00,Completed,Virtual Account Bank Transfer,4.2
ORD_23195,CUST_1918,2023-07-02 17:00:00,Completed,Virtual Account Bank Transfer,0.0
ORD_23196,CUST_1026,2023-07-24 15:00:00,Delivered,BNPL,6.64
ORD_23197,CUST_1035,2024-05-04 00:00:00,Completed,Credit Card,0.0
ORD_23198,CUST_1095,2024-01-27 12:00:00,Shipped,BNPL,6.03
ORD_23199,CUST_1760,2023-08-06 01:00:00,Completed,BNPL,0.0
ORD_23200,CUST_1651,2023-10-27 23:00:00,Completed,Virtual Account Bank Transfer,0.0
ORD_23201,CUST_1667,2024-03-20 07:00:00,Completed,E-Wallet (GoPay/OVO),5.6
ORD_23202,CUST_1001,2024-04-22 18:00:00,Completed,QRIS,3.55
ORD_23203,CUST_1590,2024-03-07 23:00:00,Completed,BNPL,4.56
ORD_23204,CUST_2173,2024-03-19 22:00:00,Completed,E-Wallet (GoPay/OVO),0.0
ORD_23205,CUST_2115,2024-03-07 16:00:00,Completed,QRIS,5.18
ORD_23206,CUST_1475,2023-12-22 23:00:00,Completed,Credit Card,0.0
ORD_23207,CUST_1343,2023-07-06 21:00:00,Completed,Virtual Account Bank Transfer,5.3
ORD_23208,CUST_1682,2023-11-23 08:00:00,Delivered,QRIS,2.89
ORD_23209,CUST_1858,2024-03-24 19:00:00,Completed,Credit Card,6.72
ORD_23210,CUST_1200,2023-08-02 07:00:00,Completed,BNPL,6.64
ORD_23211,CUST_1342,2023-09-01 03:00:00,Completed,Virtual Account Bank Transfer,7.36
ORD_23212,CUST_1502,2024-02-04 10:00:00,Shipped,E-Wallet (GoPay/OVO),0.0
ORD_23213,CUST_1604,2023-05-03 02:00:00,Shipped,QRIS,5.41
ORD_23214,CUST_1343,2023-12-02 09:00:00,Completed,BNPL,0.0
ORD_23215,CUST_1038,2023-10-09 06:00:00,Delivered,E-Wallet (GoPay/OVO),0.0
ORD_23216,CUST_1209,2023-10-04 20:00:00,Completed,QRIS,4.0
ORD_23217,CUST_1027,2023-06-28 21:00:00,Delivered,Credit Card,5.95
ORD_23218,CUST_1123,2024-02-22 03:00:00,Cancelled,Credit Card,8.65
ORD_23219,CUST_1682,2024-05-23 05:00:00,Completed,BNPL,0.0
ORD_23220,CUST_1872,2023-01-18 15:00:00,Completed,E-Wallet (GoPay/OVO),8.6
ORD_23221,CUST_1144,2023-02-28 23:00:00,Shipped,Virtual Account Bank Transfer,8.65
ORD_23222,CUST_1207,2023-10-01 13:00:00,Completed,Virtual Account Bank Transfer,3.77
ORD_23223,CUST_1242,2023-06-15 02:00:00,Completed,E-Wallet (GoPay/OVO),0.0
ORD_23224,CUST_1968,2025-06-12 07:00:00,Shipped,QRIS,4.09
ORD_23225,CUST_2147,2023-06-12 00:00:00,Completed,Virtual Account Bank Transfer,3.53
ORD_23226,CUST_1641,2025-01-30 05:00:00,Completed,Virtual Account Bank Transfer,2.8
ORD_23227,CUST_1446,2024-04-19 07:00:00,Completed,BNPL,0.0
ORD_23228,CUST_1546,2023-08-15 08:00:00,Completed,Virtual Account Bank Transfer,0.0
ORD_23229,CUST_1828,2023-10-24 18:00:00,Shipped,Virtual Account Bank Transfer,8.43
ORD_23230,CUST_1688,2023-03-26 14:00:00,Completed,E-Wallet (GoPay/OVO),6.59
ORD_23231,CUST_2145,2024-04-26 23:00:00,Completed,BNPL,0.0
ORD_23232,CUST_1853,2024-03-14 03:00:00,Shipped,BNPL,0.0
ORD_23233,CUST_1778,2023-03-06 12:00:00,Shipped,E-Wallet (GoPay/OVO),5.09
ORD_23234,CUST_1911,2023-11-19 19:00:00,Cancelled,Credit Card,0.0
ORD_23235,CUST_1120,2023-09-18 08:00:00,Completed,E-Wallet (GoPay/OVO),8.68
ORD_23236,CUST_1736,2023-07-11 21:00:00,Completed,QRIS,6.63
ORD_23237,CUST_1861,2023-11-23 13:00:00,Completed,E-Wallet (GoPay/OVO),8.8
ORD_23238,CUST_1456,2023-06-22 12:00:00,Shipped,Virtual Account Bank Transfer,6.29
ORD_23239,CUST_2100,2024-07-18 01:00:00,Completed,E-Wallet (GoPay/OVO),3.9
ORD_23240,CUST_1340,2024-03-09 07:00:00,Completed,E-Wallet (GoPay/OVO),8.5
ORD_23241,CUST_2083,2023-06-17 00:00:00,Cancelled,E-Wallet (GoPay/OVO),8.06
ORD_23242,CUST_1618,2023-05-02 06:00:00,Delivered,E-Wallet (GoPay/OVO),4.81
ORD_23243,CUST_1263,2023-06-12 20:00:00,Completed,Virtual Account Bank Transfer,7.65
ORD_23244,CUST_1850,2023-11-08 14:00:00,Completed,QRIS,2.63
ORD_23245,CUST_1547,2023-09-16 23:00:00,Shipped,Credit Card,3.65
ORD_23246,CUST_1710,2023-09-20 14:00:00,Completed,QRIS,3.42
ORD_23247,CUST_1683,2024-03-09 04:00:00,Shipped,BNPL,0.0
ORD_23248,CUST_1093,2024-07-03 13:00:00,Completed,Virtual Account Bank Transfer,3.38
ORD_23249,CUST_1374,2023-05-08 22:00:00,Completed,BNPL,3.11
ORD_23250,CUST_1733,2024-03-04 14:00:00,Completed,BNPL,4.07
ORD_23251,CUST_1378,2024-09-30 19:00:00,Completed,BNPL,7.86
ORD_23252,CUST_1896,2024-02-25 15:00:00,Shipped,BNPL,3.27
ORD_23253,CUST_1921,2023-03-19 07:00:00,Delivered,BNPL,5.45
ORD_23254,CUST_1738,2024-02-05 21:00:00,Cancelled,E-Wallet (GoPay/OVO),4.3
ORD_23255,CUST_1044,2023-12-06 17:00:00,Completed,E-Wallet (GoPay/OVO),0.0
ORD_23256,CUST_1784,2024-07-05 05:00:00,Completed,QRIS,6.17
ORD_23257,CUST_1587,2024-05-13 04:00:00,Completed,Virtual Account Bank Transfer,0.0
ORD_23258,CUST_1659,2023-01-17 02:00:00,Completed,BNPL,0.0
ORD_23259,CUST_1512,2024-02-14 10:00:00,Delivered,E-Wallet (GoPay/OVO),0.0
ORD_23260,CUST_1624,2023-03-12 12:00:00,Shipped,Credit Card,3.71
ORD_23261,CUST_2178,2023-02-02 16:00:00,Completed,E-Wallet (GoPay/OVO),6.16
ORD_23262,CUST_1505,2024-05-05 10:00:00,Completed,QRIS,0.0
ORD_23263,CUST_1823,2024-04-21 21:00:00,Completed,E-Wallet (GoPay/OVO),5.75
ORD_23264,CUST_2152,2024-04-04 07:00:00,Completed,Virtual Account Bank Transfer,5.82
ORD_23265,CUST_1831,2023-06-23 12:00:00,Completed,E-Wallet (GoPay/OVO),6.92
ORD_23266,CUST_1159,2024-01-07 07:00:00,Completed,Credit Card,4.91
ORD_23267,CUST_1591,2024-08-08 07:00:00,Shipped,BNPL,4.27
ORD_23268,CUST_1118,2023-08-09 11:00:00,Completed,Virtual Account Bank Transfer,0.0
ORD_23269,CUST_1901,2024-03-20 09:00:00,Cancelled,Credit Card,8.72
ORD_23270,CUST_1244,2024-02-17 16:00:00,Shipped,Credit Card,7.3
ORD_23271,CUST_1183,2023-12-29 21:00:00,Completed,Credit Card,0.0
ORD_23272,CUST_1864,2023-06-27 05:00:00,Completed,Virtual Account Bank Transfer,2.66
ORD_23273,CUST_1830,2024-05-18 04:00:00,Completed,E-Wallet (GoPay/OVO),2.77
ORD_23274,CUST_2118,2024-07-09 19:00:00,Completed,QRIS,5.07
ORD_23275,CUST_1454,2023-11-13 17:00:00,Completed,BNPL,5.89
ORD_23276,CUST_1132,2023-07-22 20:00:00,Completed,QRIS,0.0
ORD_23277,CUST_1770,2023-07-21 16:00:00,Completed,E-Wallet (GoPay/OVO),0.0
ORD_23278,CUST_1940,2023-12-25 05:00:00,Completed,E-Wallet (GoPay/OVO),0.0
ORD_23279,CUST_1671,2024-03-05 04:00:00,Completed,Credit Card,0.0
ORD_23280,CUST_1727,2023-10-18 03:00:00,Completed,Virtual Account Bank Transfer,7.75
ORD_23281,CUST_1790,2024-07-15 11:00:00,Completed,Virtual Account Bank Transfer,0.0
ORD_23282,CUST_1862,2023-01-06 16:00:00,Completed,QRIS,0.0
ORD_23283,CUST_1058,2023-11-18 17:00:00,Completed,Credit Card,7.51
ORD_23284,CUST_1105,2024-06-11 03:00:00,Shipped,Virtual Account Bank Transfer,3.95
ORD_23285,CUST_1752,2023-12-06 09:00:00,Completed,BNPL,4.27
ORD_23286,CUST_1423,2025-02-06 05:00:00,Delivered,E-Wallet (GoPay/OVO),8.58
ORD_23287,CUST_2113,2024-07-11 06:00:00,Completed,Credit Card,0.0
ORD_23288,CUST_2040,2024-01-26 08:00:00,Completed,Virtual Account Bank Transfer,0.0
ORD_23289,CUST_1464,2023-12-05 23:00:00,Completed,Virtual Account Bank Transfer,0.0
ORD_23290,CUST_1621,2024-01-21 14:00:00,Completed,Credit Card,0.0
ORD_23291,CUST_1647,2023-04-29 15:00:00,Completed,BNPL,2.73
ORD_23292,CUST_1389,2024-07-17 04:00:00,Shipped,BNPL,0.0
ORD_23293,CUST_1498,2023-02-07 07:00:00,Completed,E-Wallet (GoPay/OVO),0.0
ORD_23294,CUST_1768,2024-01-20 00:00:00,Completed,Credit Card,6.57
ORD_23295,CUST_1974,2023-05-28 04:00:00,Completed,E-Wallet (GoPay/OVO),6.09
ORD_23296,CUST_1031,2023-09-22 12:00:00,Completed,Credit Card,4.66
ORD_23297,CUST_1291,2023-03-28 23:00:00,Completed,BNPL,3.17
ORD_23298,CUST_1546,2023-09-09 18:00:00,Completed,E-Wallet (GoPay/OVO),2.84
ORD_23299,CUST_2083,2023-06-21 12:00:00,Returned,QRIS,7.87
ORD_23300,CUST_1523,2024-04-01 11:00:00,Completed,BNPL,6.82
ORD_23301,CUST_1054,2023-10-11 22:00:00,Completed,QRIS,0.0
ORD_23302,CUST_1192,2023-10-18 06:00:00,Completed,E-Wallet (GoPay/OVO),0.0
ORD_23303,CUST_1473,2024-07-25 23:00:00,Completed,Virtual Account Bank Transfer,0.0
ORD_23304,CUST_1973,2023-08-02 05:00:00,Completed,E-Wallet (GoPay/OVO),0.0
ORD_23305,CUST_1480,2023-05-01 09:00:00,Completed,Credit Card,5.86
ORD_23306,CUST_2113,2023-06-01 05:00:00,Delivered,E-Wallet (GoPay/OVO),0.0
ORD_23307,CUST_1545,2023-08-12 23:00:00,Completed,QRIS,6.52
ORD_23308,CUST_1826,2024-01-24 09:00:00,Returned,Virtual Account Bank Transfer,0.0
ORD_23309,CUST_1461,2023-09-25 16:00:00,Completed,E-Wallet (GoPay/OVO),0.0
ORD_23310,CUST_1149,2024-02-01 21:00:00,Completed,E-Wallet (GoPay/OVO),7.58
ORD_23311,CUST_1982,2024-01-18 01:00:00,Completed,E-Wallet (GoPay/OVO),0.0
ORD_23312,CUST_2097,2025-03-16 11:00:00,Returned,BNPL,0.0
ORD_23313,CUST_1775,2023-12-05 19:00:00,Completed,BNPL,8.27
ORD_23314,CUST_1095,2023-08-25 21:00:00,Completed,Virtual Account Bank Transfer,7.42
ORD_23315,CUST_1176,2024-09-11 10:00:00,Completed,Virtual Account Bank Transfer,5.71
ORD_23316,CUST_1604,2023-03-26 09:00:00,Completed,E-Wallet (GoPay/OVO),6.14
ORD_23317,CUST_1759,2023-07-28 19:00:00,Completed,QRIS,5.77
ORD_23318,CUST_1117,2023-12-12 05:00:00,Completed,BNPL,0.0
ORD_23319,CUST_1684,2024-02-26 12:00:00,Completed,QRIS,6.22
ORD_23320,CUST_1197,2023-06-24 10:00:00,Cancelled,Credit Card,0.0
ORD_23321,CUST_1735,2023-12-15 19:00:00,Completed,BNPL,0.0
ORD_23322,CUST_1202,2024-04-24 09:00:00,Completed,Credit Card,2.94
ORD_23323,CUST_2017,2023-12-11 12:00:00,Completed,E-Wallet (GoPay/OVO),7.77
ORD_23324,CUST_1834,2023-07-06 04:00:00,Completed,Virtual Account Bank Transfer,5.87
ORD_23325,CUST_1701,2024-01-14 03:00:00,Shipped,Virtual Account Bank Transfer,0.0
ORD_23326,CUST_1707,2023-04-11 18:00:00,Shipped,Credit Card,3.9
ORD_23327,CUST_1983,2024-01-01 05:00:00,Shipped,QRIS,0.0
ORD_23328,CUST_1316,2023-05-11 19:00:00,Completed,QRIS,5.57
ORD_23329,CUST_2045,2024-09-09 18:00:00,Cancelled,BNPL,0.0
ORD_23330,CUST_1224,2023-03-07 09:00:00,Completed,BNPL,4.31
ORD_23331,CUST_1866,2024-04-09 13:00:00,Completed,BNPL,0.0
ORD_23332,CUST_1038,2024-07-10 12:00:00,Shipped,BNPL,0.0
ORD_23333,CUST_2143,2023-02-12 15:00:00,Completed,QRIS,8.85
ORD_23334,CUST_1485,2024-04-15 22:00:00,Shipped,Virtual Account Bank Transfer,5.66
ORD_23335,CUST_1753,2023-10-28 22:00:00,Completed,BNPL,0.0
ORD_23336,CUST_1547,2023-07-07 23:00:00,Delivered,QRIS,8.06
ORD_23337,CUST_1314,2024-10-28 11:00:00,Completed,E-Wallet (GoPay/OVO),3.01
ORD_23338,CUST_1496,2023-03-13 04:00:00,Completed,BNPL,0.0
ORD_23339,CUST_2113,2023-05-10 06:00:00,Completed,Virtual Account Bank Transfer,0.0
ORD_23340,CUST_1536,2024-04-01 20:00:00,Completed,BNPL,0.0
ORD_23341,CUST_1227,2024-02-25 11:00:00,Delivered,QRIS,0.0
ORD_23342,CUST_1415,2023-10-11 13:00:00,Completed,Virtual Account Bank Transfer,0.0
ORD_23343,CUST_1061,2024-02-26 04:00:00,Delivered,QRIS,0.0
ORD_23344,CUST_1164,2023-08-31 05:00:00,Completed,Virtual Account Bank Transfer,8.0
ORD_23345,CUST_1578,2023-08-03 23:00:00,Completed,Virtual Account Bank Transfer,5.94
ORD_23346,CUST_1124,2024-06-13 19:00:00,Shipped,Credit Card,0.0
ORD_23347,CUST_2007,2023-10-21 01:00:00,Completed,BNPL,8.44
ORD_23348,CUST_1459,2024-09-08 16:00:00,Completed,Virtual Account Bank Transfer,0.0
ORD_23349,CUST_1197,2023-07-02 12:00:00,Completed,Virtual Account Bank Transfer,8.24
ORD_23350,CUST_1603,2023-12-03 03:00:00,Delivered,QRIS,7.6
ORD_23351,CUST_1941,2024-04-26 21:00:00,Completed,Credit Card,0.0
ORD_23352,CUST_1849,2023-08-28 00:00:00,Completed,Credit Card,0.0
ORD_23353,CUST_1746,2024-01-24 15:00:00,Completed,Credit Card,7.68
ORD_23354,CUST_1389,2024-04-30 20:00:00,Completed,Credit Card,0.0
ORD_23355,CUST_1260,2023-10-06 04:00:00,Shipped,QRIS,2.82
ORD_23356,CUST_1855,2023-12-07 08:00:00,Completed,Virtual Account Bank Transfer,8.65
ORD_23357,CUST_1105,2024-09-12 07:00:00,Completed,QRIS,5.6
ORD_23358,CUST_1664,2023-07-09 06:00:00,Shipped,BNPL,0.0
ORD_23359,CUST_1363,2023-06-16 00:00:00,Shipped,QRIS,4.32
ORD_23360,CUST_1978,2024-06-26 09:00:00,Completed,Credit Card,7.42
ORD_23361,CUST_1397,2024-07-06 03:00:00,Completed,BNPL,8.21
ORD_23362,CUST_1583,2023-02-15 02:00:00,Completed,QRIS,7.36
ORD_23363,CUST_1920,2023-12-31 03:00:00,Completed,QRIS,0.0
ORD_23364,CUST_1657,2023-09-24 14:00:00,Completed,Credit Card,0.0
ORD_23365,CUST_1477,2023-12-26 01:00:00,Completed,E-Wallet (GoPay/OVO),0.0
ORD_23366,CUST_1816,2024-10-22 21:00:00,Shipped,BNPL,0.0
ORD_23367,CUST_1646,2024-05-05 05:00:00,Completed,Credit Card,0.0
ORD_23368,CUST_1662,2024-01-22 11:00:00,Completed,E-Wallet (GoPay/OVO),0.0
ORD_23369,CUST_1396,2023-10-26 20:00:00,Completed,QRIS,6.9
ORD_23370,CUST_1074,2024-03-07 09:00:00,Completed,Credit Card,8.02
ORD_23371,CUST_1428,2023-07-08 18:00:00,Completed,QRIS,5.48
ORD_23372,CUST_2129,2024-07-08 09:00:00,Completed,Virtual Account Bank Transfer,6.25
ORD_23373,CUST_1955,2023-04-15 21:00:00,Completed,Virtual Account Bank Transfer,0.0
ORD_23374,CUST_1137,2024-03-08 22:00:00,Completed,BNPL,2.81
ORD_23375,CUST_2087,2023-09-09 05:00:00,Completed,Credit Card,3.95
ORD_23376,CUST_1612,2023-12-19 16:00:00,Cancelled,Virtual Account Bank Transfer,6.85
ORD_23377,CUST_1049,2023-05-22 18:00:00,Completed,Virtual Account Bank Transfer,0.0
ORD_23378,CUST_1926,2024-03-19 02:00:00,Completed,QRIS,8.59
ORD_23379,CUST_2038,2024-01-29 22:00:00,Completed,Virtual Account Bank Transfer,0.0
ORD_23380,CUST_1117,2023-12-17 21:00:00,Completed,Credit Card,4.34
ORD_23381,CUST_2040,2024-01-10 06:00:00,Returned,E-Wallet (GoPay/OVO),0.0
ORD_23382,CUST_2084,2023-08-10 02:00:00,Delivered,QRIS,0.0
ORD_23383,CUST_1208,2024-07-24 16:00:00,Returned,BNPL,8.15
ORD_23384,CUST_1974,2023-04-21 04:00:00,Completed,E-Wallet (GoPay/OVO),3.55
ORD_23385,CUST_1358,2023-07-09 02:00:00,Completed,E-Wallet (GoPay/OVO),8.05
ORD_23386,CUST_1507,2024-04-03 09:00:00,Completed,BNPL,0.0
ORD_23387,CUST_1615,2024-01-11 21:00:00,Completed,Credit Card,7.69
ORD_23388,CUST_1774,2024-02-03 09:00:00,Completed,Virtual Account Bank Transfer,2.72
ORD_23389,CUST_1157,2023-11-23 01:00:00,Completed,Virtual Account Bank Transfer,5.02
ORD_23390,CUST_2044,2023-08-21 19:00:00,Cancelled,Virtual Account Bank Transfer,8.36
ORD_23391,CUST_1899,2024-05-21 05:00:00,Completed,E-Wallet (GoPay/OVO),6.44
ORD_23392,CUST_1376,2024-03-28 10:00:00,Completed,QRIS,2.67
ORD_23393,CUST_1741,2023-10-05 05:00:00,Completed,QRIS,0.0
ORD_23394,CUST_1746,2024-02-02 23:00:00,Completed,QRIS,8.53
ORD_23395,CUST_1221,2023-06-07 15:00:00,Completed,QRIS,0.0
ORD_23396,CUST_1292,2024-04-20 09:00:00,Completed,Virtual Account Bank Transfer,4.15
ORD_23397,CUST_2023,2023-03-25 21:00:00,Completed,QRIS,7.32
ORD_23398,CUST_1018,2024-06-04 00:00:00,Shipped,Virtual Account Bank Transfer,0.0
ORD_23399,CUST_1753,2023-10-06 00:00:00,Completed,E-Wallet (GoPay/OVO),4.88
ORD_23400,CUST_1361,2024-05-03 15:00:00,Delivered,QRIS,0.0
ORD_23401,CUST_2117,2023-11-23 12:00:00,Completed,QRIS,0.0
ORD_23402,CUST_1404,2023-10-08 23:00:00,Completed,Virtual Account Bank Transfer,3.3
ORD_23403,CUST_2000,2023-08-24 10:00:00,Completed,Credit Card,0.0
ORD_23404,CUST_1913,2023-02-01 18:00:00,Completed,QRIS,0.0
ORD_23405,CUST_1621,2024-08-14 19:00:00,Completed,Virtual Account Bank Transfer,2.91
ORD_23406,CUST_1836,2023-11-08 06:00:00,Completed,E-Wallet (GoPay/OVO),0.0
ORD_23407,CUST_1166,2023-12-05 07:00:00,Cancelled,E-Wallet (GoPay/OVO),5.66
ORD_23408,CUST_1126,2024-02-05 20:00:00,Completed,E-Wallet (GoPay/OVO),0.0
ORD_23409,CUST_1648,2023-10-03 08:00:00,Delivered,Virtual Account Bank Transfer,0.0
ORD_23410,CUST_1742,2024-02-01 19:00:00,Completed,Credit Card,6.92
ORD_23411,CUST_1901,2023-12-24 17:00:00,Completed,Virtual Account Bank Transfer,0.0
ORD_23412,CUST_1146,2023-10-19 10:00:00,Completed,Credit Card,0.0
ORD_23413,CUST_1602,2023-07-20 01:00:00,Completed,E-Wallet (GoPay/OVO),0.0
ORD_23414,CUST_1650,2024-04-18 07:00:00,Shipped,Virtual Account Bank Transfer,4.61
ORD_23415,CUST_1868,2024-05-11 01:00:00,Completed,Virtual Account Bank Transfer,0.0
ORD_23416,CUST_1710,2024-01-18 05:00:00,Completed,QRIS,4.89
ORD_23417,CUST_1219,2023-08-29 01:00:00,Completed,E-Wallet (GoPay/OVO),0.0
ORD_23418,CUST_1336,2023-09-18 22:00:00,Cancelled,E-Wallet (GoPay/OVO),5.15
ORD_23419,CUST_2058,2023-07-01 23:00:00,Delivered,Virtual Account Bank Transfer,0.0
ORD_23420,CUST_1246,2023-12-24 13:00:00,Shipped,QRIS,5.96
ORD_23421,CUST_1573,2023-11-19 12:00:00,Completed,Virtual Account Bank Transfer,0.0
ORD_23422,CUST_1044,2023-12-02 14:00:00,Completed,Virtual Account Bank Transfer,0.0
ORD_23423,CUST_1297,2024-02-29 22:00:00,Completed,E-Wallet (GoPay/OVO),0.0
ORD_23424,CUST_1341,2023-12-01 20:00:00,Completed,QRIS,0.0
ORD_23425,CUST_1874,2024-04-02 14:00:00,Completed,QRIS,0.0
ORD_23426,CUST_1541,2023-02-05 03:00:00,Completed,Virtual Account Bank Transfer,6.92
ORD_23427,CUST_1427,2023-06-27 11:00:00,Completed,QRIS,6.03
ORD_23428,CUST_1243,2023-06-13 03:00:00,Completed,BNPL,0.0
ORD_23429,CUST_1872,2023-02-26 23:00:00,Completed,QRIS,8.37
ORD_23430,CUST_2181,2023-11-06 05:00:00,Completed,Virtual Account Bank Transfer,6.89
ORD_23431,CUST_1636,2023-11-22 03:00:00,Delivered,QRIS,5.87
ORD_23432,CUST_1783,2024-02-20 21:00:00,Completed,E-Wallet (GoPay/OVO),5.41
ORD_23433,CUST_1909,2023-11-07 20:00:00,Completed,E-Wallet (GoPay/OVO),5.53
ORD_23434,CUST_1733,2024-01-03 17:00:00,Shipped,QRIS,0.0
ORD_23435,CUST_1412,2024-06-11 02:00:00,Completed,BNPL,5.4
ORD_23436,CUST_1231,2023-01-17 07:00:00,Completed,E-Wallet (GoPay/OVO),7.44
ORD_23437,CUST_1522,2024-01-05 02:00:00,Cancelled,QRIS,4.29
ORD_23438,CUST_1883,2024-11-16 02:00:00,Completed,Virtual Account Bank Transfer,6.58
ORD_23439,CUST_1678,2024-01-17 09:00:00,Completed,Virtual Account Bank Transfer,0.0
ORD_23440,CUST_1795,2023-04-02 09:00:00,Completed,E-Wallet (GoPay/OVO),0.0
ORD_23441,CUST_1062,2024-03-09 13:00:00,Shipped,QRIS,0.0
ORD_23442,CUST_1016,2023-08-26 15:00:00,Completed,BNPL,0.0
ORD_23443,CUST_1899,2024-03-01 04:00:00,Shipped,Credit Card,6.6
ORD_23444,CUST_1451,2023-05-25 23:00:00,Completed,E-Wallet (GoPay/OVO),0.0
ORD_23445,CUST_1117,2024-06-03 00:00:00,Completed,Credit Card,3.89
ORD_23446,CUST_1707,2023-02-06 11:00:00,Completed,E-Wallet (GoPay/OVO),0.0
ORD_23447,CUST_1038,2023-11-04 10:00:00,Completed,Virtual Account Bank Transfer,6.88
ORD_23448,CUST_1042,2023-10-07 06:00:00,Completed,BNPL,2.56
ORD_23449,CUST_1744,2023-04-06 15:00:00,Shipped,BNPL,3.84
ORD_23450,CUST_2076,2024-04-18 06:00:00,Completed,BNPL,5.17
ORD_23451,CUST_1580,2024-02-19 00:00:00,Completed,BNPL,2.61
ORD_23452,CUST_1502,2023-10-04 06:00:00,Shipped,Credit Card,0.0
ORD_23453,CUST_1311,2024-08-29 04:00:00,Completed,BNPL,0.0
ORD_23454,CUST_2125,2023-07-12 19:00:00,Completed,Credit Card,4.06
ORD_23455,CUST_1734,2024-04-17 06:00:00,Completed,Credit Card,5.59
ORD_23456,CUST_1994,2023-12-31 09:00:00,Completed,QRIS,2.52
ORD_23457,CUST_1858,2024-05-01 19:00:00,Completed,E-Wallet (GoPay/OVO),2.58
ORD_23458,CUST_2179,2024-11-12 09:00:00,Completed,Virtual Account Bank Transfer,0.0
ORD_23459,CUST_1401,2024-05-02 21:00:00,Completed,Credit Card,0.0
ORD_23460,CUST_1475,2024-01-08 03:00:00,Cancelled,E-Wallet (GoPay/OVO),8.7
ORD_23461,CUST_1658,2023-10-23 12:00:00,Returned,BNPL,0.0
ORD_23462,CUST_1876,2024-05-06 00:00:00,Completed,QRIS,7.79
ORD_23463,CUST_1972,2024-07-11 18:00:00,Completed,E-Wallet (GoPay/OVO),2.93
ORD_23464,CUST_1858,2024-03-05 02:00:00,Completed,QRIS,8.18
ORD_23465,CUST_1390,2023-09-27 10:00:00,Returned,E-Wallet (GoPay/OVO),7.24
ORD_23466,CUST_1418,2024-02-26 13:00:00,Completed,Virtual Account Bank Transfer,9.0
ORD_23467,CUST_1328,2023-06-30 03:00:00,Shipped,Credit Card,0.0
ORD_23468,CUST_1164,2023-07-04 00:00:00,Returned,E-Wallet (GoPay/OVO),0.0
ORD_23469,CUST_2004,2024-02-01 17:00:00,Delivered,E-Wallet (GoPay/OVO),0.0
ORD_23470,CUST_2089,2023-02-06 14:00:00,Returned,Virtual Account Bank Transfer,4.39
ORD_23471,CUST_1928,2023-05-30 03:00:00,Completed,Virtual Account Bank Transfer,7.56
ORD_23472,CUST_2093,2024-04-04 13:00:00,Completed,Virtual Account Bank Transfer,8.76
ORD_23473,CUST_1950,2023-10-06 03:00:00,Completed,Virtual Account Bank Transfer,8.41
ORD_23474,CUST_1600,2024-02-11 21:00:00,Shipped,E-Wallet (GoPay/OVO),0.0
ORD_23475,CUST_1336,2023-09-26 00:00:00,Returned,QRIS,0.0
ORD_23476,CUST_1508,2024-06-23 20:00:00,Completed,Virtual Account Bank Transfer,4.46
ORD_23477,CUST_1499,2023-06-19 06:00:00,Returned,Credit Card,5.12
ORD_23478,CUST_1342,2023-10-30 15:00:00,Cancelled,QRIS,3.37
ORD_23479,CUST_1688,2023-05-02 04:00:00,Completed,QRIS,0.0
ORD_23480,CUST_1433,2024-02-07 03:00:00,Completed,QRIS,4.09
ORD_23481,CUST_1757,2023-05-18 12:00:00,Completed,E-Wallet (GoPay/OVO),0.0
ORD_23482,CUST_1380,2023-11-26 19:00:00,Completed,Virtual Account Bank Transfer,8.44
ORD_23483,CUST_1533,2023-10-15 14:00:00,Completed,Credit Card,2.61
ORD_23484,CUST_1812,2024-05-27 14:00:00,Completed,E-Wallet (GoPay/OVO),0.0
ORD_23485,CUST_1730,2024-06-30 19:00:00,Shipped,Credit Card,0.0
ORD_23486,CUST_1497,2024-10-23 04:00:00,Completed,QRIS,3.96
ORD_23487,CUST_1635,2023-07-08 03:00:00,Completed,BNPL,5.97
ORD_23488,CUST_1440,2023-04-23 18:00:00,Completed,Credit Card,0.0
ORD_23489,CUST_2119,2023-07-31 07:00:00,Completed,E-Wallet (GoPay/OVO),2.9
ORD_23490,CUST_1670,2023-08-11 00:00:00,Completed,E-Wallet (GoPay/OVO),8.88
ORD_23491,CUST_1133,2023-10-01 22:00:00,Completed,E-Wallet (GoPay/OVO),2.68
ORD_23492,CUST_1120,2023-04-07 17:00:00,Completed,Credit Card,8.77
ORD_23493,CUST_1971,2023-03-09 02:00:00,Completed,Credit Card,0.0
ORD_23494,CUST_1394,2023-07-20 07:00:00,Completed,Virtual Account Bank Transfer,0.0
ORD_23495,CUST_2164,2024-05-07 13:00:00,Completed,Virtual Account Bank Transfer,0.0
ORD_23496,CUST_1676,2023-11-07 05:00:00,Completed,BNPL,2.65
ORD_23497,CUST_1208,2024-03-28 05:00:00,Completed,Virtual Account Bank Transfer,0.0
ORD_23498,CUST_1101,2024-08-08 06:00:00,Completed,E-Wallet (GoPay/OVO),0.0
ORD_23499,CUST_1728,2024-02-21 08:00:00,Completed,E-Wallet (GoPay/OVO),0.0
ORD_23500,CUST_1639,2023-11-07 03:00:00,Completed,Credit Card,5.12
ORD_23501,CUST_2181,2024-06-17 05:00:00,Shipped,Virtual Account Bank Transfer,0.0
ORD_23502,CUST_1666,2023-07-23 10:00:00,Completed,E-Wallet (GoPay/OVO),0.0
ORD_23503,CUST_1360,2023-06-03 07:00:00,Cancelled,Virtual Account Bank Transfer,3.36
ORD_23504,CUST_1476,2024-04-05 17:00:00,Cancelled,BNPL,6.9
ORD_23505,CUST_1539,2024-05-16 07:00:00,Completed,E-Wallet (GoPay/OVO),0.0
ORD_23506,CUST_1568,2023-03-31 06:00:00,Completed,Credit Card,6.99
ORD_23507,CUST_1688,2023-04-23 04:00:00,Shipped,QRIS,0.0
ORD_23508,CUST_1667,2024-02-19 17:00:00,Completed,QRIS,0.0
ORD_23509,CUST_1758,2024-06-29 00:00:00,Completed,BNPL,6.29
ORD_23510,CUST_1625,2024-07-25 19:00:00,Completed,Credit Card,0.0
ORD_23511,CUST_1236,2024-02-13 00:00:00,Completed,BNPL,6.4
ORD_23512,CUST_1283,2024-04-20 02:00:00,Completed,Virtual Account Bank Transfer,7.26
ORD_23513,CUST_1207,2023-10-02 04:00:00,Completed,E-Wallet (GoPay/OVO),5.07
ORD_23514,CUST_1284,2023-04-25 16:00:00,Completed,QRIS,0.0
ORD_23515,CUST_2119,2023-10-24 11:00:00,Shipped,QRIS,0.0
ORD_23516,CUST_2091,2023-02-22 14:00:00,Completed,E-Wallet (GoPay/OVO),0.0
ORD_23517,CUST_1549,2024-10-05 04:00:00,Completed,Virtual Account Bank Transfer,0.0
ORD_23518,CUST_1132,2023-05-10 23:00:00,Completed,Virtual Account Bank Transfer,8.76
ORD_23519,CUST_2151,2023-05-31 21:00:00,Shipped,Virtual Account Bank Transfer,6.4
ORD_23520,CUST_2073,2023-11-03 11:00:00,Shipped,Credit Card,6.68
ORD_23521,CUST_1378,2024-02-07 03:00:00,Completed,Credit Card,6.52
ORD_23522,CUST_1923,2024-12-15 05:00:00,Completed,BNPL,7.38
ORD_23523,CUST_1608,2023-04-17 00:00:00,Shipped,BNPL,0.0
ORD_23524,CUST_1992,2024-07-27 09:00:00,Completed,QRIS,0.0
ORD_23525,CUST_1826,2024-01-02 01:00:00,Completed,E-Wallet (GoPay/OVO),0.0
ORD_23526,CUST_1794,2023-06-19 09:00:00,Completed,E-Wallet (GoPay/OVO),7.18
ORD_23527,CUST_1209,2023-06-23 07:00:00,Completed,E-Wallet (GoPay/OVO),0.0
ORD_23528,CUST_2081,2024-02-17 23:00:00,Completed,BNPL,8.83
ORD_23529,CUST_2140,2024-06-09 05:00:00,Completed,QRIS,3.93
ORD_23530,CUST_2078,2024-03-18 07:00:00,Shipped,Virtual Account Bank Transfer,0.0
ORD_23531,CUST_1189,2023-12-29 18:00:00,Completed,Credit Card,0.0
ORD_23532,CUST_2196,2023-09-19 17:00:00,Delivered,BNPL,5.58
ORD_23533,CUST_1104,2024-05-10 22:00:00,Completed,E-Wallet (GoPay/OVO),4.95
ORD_23534,CUST_1964,2024-02-13 14:00:00,Completed,QRIS,0.0
ORD_23535,CUST_1155,2024-03-24 22:00:00,Completed,BNPL,5.62
ORD_23536,CUST_1172,2024-05-23 11:00:00,Completed,QRIS,0.0
ORD_23537,CUST_1864,2023-08-09 21:00:00,Shipped,E-Wallet (GoPay/OVO),0.0
ORD_23538,CUST_1824,2023-06-18 08:00:00,Completed,Credit Card,0.0
ORD_23539,CUST_1761,2024-04-16 04:00:00,Completed,Credit Card,0.0
ORD_23540,CUST_1213,2024-03-04 14:00:00,Completed,BNPL,0.0
ORD_23541,CUST_1430,2023-10-24 13:00:00,Cancelled,QRIS,4.38
ORD_23542,CUST_2100,2023-10-25 11:00:00,Cancelled,BNPL,0.0
ORD_23543,CUST_2150,2023-05-14 15:00:00,Completed,Credit Card,3.61
ORD_23544,CUST_1293,2024-03-05 03:00:00,Delivered,BNPL,4.7
ORD_23545,CUST_1959,2023-10-13 08:00:00,Completed,E-Wallet (GoPay/OVO),0.0
ORD_23546,CUST_1908,2023-12-20 17:00:00,Completed,QRIS,0.0
ORD_23547,CUST_1401,2024-07-13 08:00:00,Cancelled,BNPL,3.85
ORD_23548,CUST_1638,2024-05-06 20:00:00,Delivered,Credit Card,2.84
ORD_23549,CUST_1711,2023-08-21 21:00:00,Completed,BNPL,3.61
ORD_23550,CUST_1197,2023-08-16 05:00:00,Completed,BNPL,5.77
ORD_23551,CUST_2131,2023-05-29 20:00:00,Completed,Credit Card,5.08
ORD_23552,CUST_1432,2024-10-17 06:00:00,Completed,Virtual Account Bank Transfer,7.15
ORD_23553,CUST_1858,2024-06-08 10:00:00,Shipped,BNPL,8.87
ORD_23554,CUST_2029,2023-09-24 02:00:00,Completed,QRIS,0.0
ORD_23555,CUST_2131,2023-05-14 17:00:00,Completed,E-Wallet (GoPay/OVO),0.0
ORD_23556,CUST_1070,2023-09-26 11:00:00,Completed,Virtual Account Bank Transfer,4.62
ORD_23557,CUST_1785,2024-06-19 13:00:00,Completed,BNPL,0.0
ORD_23558,CUST_1350,2023-01-17 18:00:00,Delivered,E-Wallet (GoPay/OVO),7.2
ORD_23559,CUST_1231,2023-04-19 18:00:00,Cancelled,BNPL,7.51
ORD_23560,CUST_1877,2024-05-05 01:00:00,Completed,E-Wallet (GoPay/OVO),5.11
ORD_23561,CUST_1247,2024-03-17 20:00:00,Completed,Virtual Account Bank Transfer,0.0
ORD_23562,CUST_1246,2023-12-19 08:00:00,Shipped,Virtual Account Bank Transfer,8.7
ORD_23563,CUST_1792,2024-05-10 21:00:00,Completed,Credit Card,6.45
ORD_23564,CUST_2045,2024-02-29 07:00:00,Completed,Virtual Account Bank Transfer,8.5
ORD_23565,CUST_1213,2025-01-20 10:00:00,Completed,BNPL,0.0
ORD_23566,CUST_1649,2024-01-24 06:00:00,Cancelled,E-Wallet (GoPay/OVO),0.0
ORD_23567,CUST_1517,2023-10-10 04:00:00,Completed,BNPL,5.6
ORD_23568,CUST_1759,2023-07-25 04:00:00,Completed,QRIS,0.0
ORD_23569,CUST_1648,2023-07-29 13:00:00,Completed,QRIS,6.67
ORD_23570,CUST_1564,2024-01-28 01:00:00,Completed,Virtual Account Bank Transfer,8.5
ORD_23571,CUST_1338,2023-07-28 20:00:00,Completed,E-Wallet (GoPay/OVO),0.0
ORD_23572,CUST_1977,2024-04-29 13:00:00,Completed,Credit Card,0.0
ORD_23573,CUST_1750,2024-05-25 16:00:00,Completed,QRIS,8.14
ORD_23574,CUST_1055,2024-05-27 21:00:00,Shipped,QRIS,6.84
ORD_23575,CUST_1833,2023-08-26 08:00:00,Completed,QRIS,6.35
ORD_23576,CUST_1335,2024-06-04 01:00:00,Completed,E-Wallet (GoPay/OVO),0.0
ORD_23577,CUST_2112,2024-03-27 09:00:00,Completed,Credit Card,8.42
ORD_23578,CUST_1699,2024-03-09 10:00:00,Completed,Credit Card,0.0
ORD_23579,CUST_1710,2023-09-08 16:00:00,Delivered,Virtual Account Bank Transfer,0.0
ORD_23580,CUST_1818,2023-05-27 22:00:00,Shipped,E-Wallet (GoPay/OVO),3.12
ORD_23581,CUST_2018,2023-04-23 08:00:00,Completed,BNPL,7.27
ORD_23582,CUST_1884,2023-03-27 04:00:00,Completed,QRIS,6.75
ORD_23583,CUST_1602,2023-08-27 19:00:00,Returned,QRIS,0.0
ORD_23584,CUST_1331,2024-04-11 07:00:00,Shipped,Credit Card,6.43
ORD_23585,CUST_1282,2023-07-07 07:00:00,Delivered,BNPL,0.0
ORD_23586,CUST_2138,2023-07-28 13:00:00,Completed,QRIS,7.5
ORD_23587,CUST_1660,2023-10-28 04:00:00,Completed,QRIS,5.48
ORD_23588,CUST_1266,2024-03-05 12:00:00,Completed,E-Wallet (GoPay/OVO),6.66
ORD_23589,CUST_2086,2023-10-19 14:00:00,Completed,Virtual Account Bank Transfer,3.78
ORD_23590,CUST_2001,2024-06-21 01:00:00,Completed,Virtual Account Bank Transfer,5.23
ORD_23591,CUST_1604,2023-03-11 19:00:00,Completed,BNPL,7.29
ORD_23592,CUST_1314,2024-04-27 19:00:00,Completed,BNPL,2.99
ORD_23593,CUST_1715,2024-10-03 08:00:00,Completed,E-Wallet (GoPay/OVO),4.08
ORD_23594,CUST_1212,2023-06-05 03:00:00,Shipped,E-Wallet (GoPay/OVO),0.0
ORD_23595,CUST_1374,2023-03-03 06:00:00,Shipped,BNPL,0.0
ORD_23596,CUST_1978,2024-02-16 02:00:00,Completed,Credit Card,8.69
ORD_23597,CUST_1462,2024-02-17 20:00:00,Shipped,E-Wallet (GoPay/OVO),6.72
ORD_23598,CUST_2096,2023-12-18 11:00:00,Completed,E-Wallet (GoPay/OVO),8.67
ORD_23599,CUST_2099,2023-09-17 14:00:00,Completed,Credit Card,6.91
ORD_23600,CUST_1363,2023-08-15 21:00:00,Completed,QRIS,6.06
ORD_23601,CUST_1033,2023-11-15 10:00:00,Returned,Credit Card,0.0
ORD_23602,CUST_2132,2023-03-01 08:00:00,Completed,Virtual Account Bank Transfer,0.0
ORD_23603,CUST_1271,2023-07-10 09:00:00,Completed,Virtual Account Bank Transfer,2.79
ORD_23604,CUST_1833,2023-10-01 14:00:00,Completed,QRIS,0.0
ORD_23605,CUST_2030,2024-04-15 23:00:00,Returned,Credit Card,0.0
ORD_23606,CUST_1075,2023-05-27 22:00:00,Completed,Credit Card,2.83
ORD_23607,CUST_1160,2023-12-10 17:00:00,Shipped,E-Wallet (GoPay/OVO),7.35
ORD_23608,CUST_1174,2024-05-09 08:00:00,Completed,BNPL,0.0
ORD_23609,CUST_1602,2023-08-09 13:00:00,Delivered,Virtual Account Bank Transfer,6.02
ORD_23610,CUST_1116,2023-06-05 18:00:00,Completed,E-Wallet (GoPay/OVO),4.86
ORD_23611,CUST_1642,2023-06-25 21:00:00,Completed,E-Wallet (GoPay/OVO),6.57
ORD_23612,CUST_2046,2023-02-15 14:00:00,Completed,QRIS,7.12
ORD_23613,CUST_1205,2025-03-03 17:00:00,Completed,Credit Card,0.0
ORD_23614,CUST_1394,2023-07-03 19:00:00,Cancelled,E-Wallet (GoPay/OVO),0.0
ORD_23615,CUST_2059,2023-12-30 02:00:00,Completed,E-Wallet (GoPay/OVO),6.18
ORD_23616,CUST_1361,2024-06-18 07:00:00,Completed,QRIS,0.0
ORD_23617,CUST_1489,2024-04-23 13:00:00,Completed,QRIS,7.57
ORD_23618,CUST_2177,2023-11-13 01:00:00,Completed,Virtual Account Bank Transfer,6.53
ORD_23619,CUST_1629,2023-02-23 10:00:00,Cancelled,Virtual Account Bank Transfer,0.0
ORD_23620,CUST_1248,2023-09-22 00:00:00,Completed,E-Wallet (GoPay/OVO),0.0
ORD_23621,CUST_1051,2023-12-25 20:00:00,Completed,Virtual Account Bank Transfer,0.0
ORD_23622,CUST_1087,2023-10-08 22:00:00,Completed,BNPL,0.0
ORD_23623,CUST_1940,2023-05-13 15:00:00,Completed,E-Wallet (GoPay/OVO),0.0
ORD_23624,CUST_1897,2024-08-24 11:00:00,Completed,QRIS,3.46
ORD_23625,CUST_1788,2023-06-05 20:00:00,Completed,E-Wallet (GoPay/OVO),8.0
ORD_23626,CUST_2082,2023-06-22 09:00:00,Completed,Credit Card,4.53
ORD_23627,CUST_1202,2024-07-07 01:00:00,Completed,QRIS,4.42
ORD_23628,CUST_1468,2024-05-05 09:00:00,Completed,E-Wallet (GoPay/OVO),0.0
ORD_23629,CUST_2009,2023-10-13 01:00:00,Delivered,QRIS,0.0
ORD_23630,CUST_1115,2024-04-06 05:00:00,Returned,BNPL,0.0
ORD_23631,CUST_1681,2024-05-28 09:00:00,Shipped,Credit Card,7.66
ORD_23632,CUST_1886,2023-08-15 14:00:00,Completed,Virtual Account Bank Transfer,0.0
ORD_23633,CUST_1544,2024-05-14 12:00:00,Completed,Credit Card,0.0
ORD_23634,CUST_2113,2023-06-14 22:00:00,Completed,E-Wallet (GoPay/OVO),3.86
ORD_23635,CUST_2015,2023-09-28 05:00:00,Completed,E-Wallet (GoPay/OVO),7.47
ORD_23636,CUST_1526,2023-11-12 03:00:00,Shipped,E-Wallet (GoPay/OVO),3.0
ORD_23637,CUST_1276,2024-10-11 22:00:00,Completed,Virtual Account Bank Transfer,7.87
ORD_23638,CUST_1913,2023-01-11 13:00:00,Completed,BNPL,6.6
ORD_23639,CUST_2113,2023-07-31 17:00:00,Delivered,QRIS,0.0
ORD_23640,CUST_1145,2023-12-30 17:00:00,Completed,Credit Card,0.0
ORD_23641,CUST_1488,2024-07-03 23:00:00,Completed,Credit Card,5.41
ORD_23642,CUST_1361,2024-03-27 01:00:00,Completed,E-Wallet (GoPay/OVO),3.6
ORD_23643,CUST_1068,2023-12-21 00:00:00,Completed,QRIS,4.57
ORD_23644,CUST_1795,2023-03-04 02:00:00,Shipped,BNPL,6.2
ORD_23645,CUST_1371,2023-11-27 18:00:00,Completed,BNPL,0.0
ORD_23646,CUST_1088,2023-04-20 18:00:00,Completed,QRIS,0.0
ORD_23647,CUST_1239,2023-09-19 10:00:00,Completed,Virtual Account Bank Transfer,7.72
ORD_23648,CUST_1936,2023-05-14 18:00:00,Completed,QRIS,6.33
ORD_23649,CUST_1729,2023-05-23 23:00:00,Completed,E-Wallet (GoPay/OVO),3.22
ORD_23650,CUST_1931,2023-11-07 13:00:00,Completed,BNPL,0.0
ORD_23651,CUST_1337,2024-04-16 10:00:00,Completed,QRIS,0.0
ORD_23652,CUST_1887,2024-10-05 13:00:00,Shipped,Virtual Account Bank Transfer,0.0
ORD_23653,CUST_1361,2024-03-29 15:00:00,Completed,E-Wallet (GoPay/OVO),4.64
ORD_23654,CUST_1724,2023-10-18 19:00:00,Completed,QRIS,6.33
ORD_23655,CUST_1292,2024-03-04 21:00:00,Completed,BNPL,7.09
ORD_23656,CUST_1381,2023-12-04 22:00:00,Completed,Credit Card,0.0
ORD_23657,CUST_2166,2024-03-17 01:00:00,Completed,BNPL,6.7
ORD_23658,CUST_2200,2024-06-27 09:00:00,Completed,Virtual Account Bank Transfer,6.41
ORD_23659,CUST_1345,2025-01-03 11:00:00,Completed,Virtual Account Bank Transfer,2.67
ORD_23660,CUST_1091,2024-01-24 11:00:00,Completed,E-Wallet (GoPay/OVO),2.93
ORD_23661,CUST_1344,2023-12-24 04:00:00,Completed,BNPL,6.45
ORD_23662,CUST_1200,2023-09-11 15:00:00,Completed,Virtual Account Bank Transfer,0.0
ORD_23663,CUST_2181,2024-06-08 10:00:00,Completed,QRIS,0.0
ORD_23664,CUST_1350,2023-02-19 21:00:00,Completed,QRIS,6.43
ORD_23665,CUST_1643,2024-04-15 06:00:00,Delivered,E-Wallet (GoPay/OVO),0.0
ORD_23666,CUST_1410,2024-02-01 10:00:00,Completed,BNPL,0.0
ORD_23667,CUST_1690,2023-12-21 22:00:00,Completed,QRIS,0.0
ORD_23668,CUST_1804,2023-04-13 23:00:00,Completed,QRIS,0.0
ORD_23669,CUST_1903,2023-06-18 20:00:00,Shipped,Credit Card,4.68
ORD_23670,CUST_1441,2023-07-11 18:00:00,Completed,Virtual Account Bank Transfer,4.47
ORD_23671,CUST_1485,2023-11-13 02:00:00,Shipped,Virtual Account Bank Transfer,7.72
ORD_23672,CUST_1927,2024-04-18 16:00:00,Completed,E-Wallet (GoPay/OVO),0.0
ORD_23673,CUST_2076,2024-01-20 12:00:00,Cancelled,Virtual Account Bank Transfer,4.32
ORD_23674,CUST_1021,2023-02-22 20:00:00,Shipped,Credit Card,0.0
ORD_23675,CUST_2003,2023-06-04 10:00:00,Completed,Virtual Account Bank Transfer,0.0
ORD_23676,CUST_1166,2024-01-06 13:00:00,Delivered,E-Wallet (GoPay/OVO),3.92
ORD_23677,CUST_1953,2023-07-18 20:00:00,Completed,E-Wallet (GoPay/OVO),4.01
ORD_23678,CUST_1178,2023-08-11 18:00:00,Completed,Credit Card,2.61
ORD_23679,CUST_1948,2023-12-04 11:00:00,Shipped,QRIS,7.26
ORD_23680,CUST_1489,2024-04-26 00:00:00,Completed,QRIS,4.01
ORD_23681,CUST_1390,2023-08-14 17:00:00,Completed,Credit Card,6.28
ORD_23682,CUST_1781,2024-06-08 05:00:00,Completed,QRIS,5.54
ORD_23683,CUST_1962,2023-06-02 16:00:00,Delivered,Virtual Account Bank Transfer,6.83
ORD_23684,CUST_1263,2023-11-12 22:00:00,Completed,QRIS,0.0
ORD_23685,CUST_1593,2024-02-08 18:00:00,Completed,BNPL,6.03
ORD_23686,CUST_1666,2023-09-09 15:00:00,Completed,Virtual Account Bank Transfer,4.49
ORD_23687,CUST_1907,2023-09-21 22:00:00,Completed,QRIS,3.58
ORD_23688,CUST_1615,2023-11-06 01:00:00,Completed,QRIS,4.35
ORD_23689,CUST_1705,2024-01-06 13:00:00,Completed,BNPL,0.0
ORD_23690,CUST_1610,2024-02-27 11:00:00,Completed,E-Wallet (GoPay/OVO),0.0
ORD_23691,CUST_1998,2024-08-24 07:00:00,Completed,Virtual Account Bank Transfer,0.0
ORD_23692,CUST_1286,2023-12-15 05:00:00,Shipped,E-Wallet (GoPay/OVO),0.0
ORD_23693,CUST_2194,2024-05-14 13:00:00,Completed,Credit Card,0.0
ORD_23694,CUST_1589,2023-04-23 20:00:00,Shipped,BNPL,0.0
ORD_23695,CUST_1365,2023-07-27 13:00:00,Completed,QRIS,0.0
ORD_23696,CUST_1638,2024-06-25 08:00:00,Completed,E-Wallet (GoPay/OVO),3.91
ORD_23697,CUST_1012,2024-04-20 02:00:00,Shipped,E-Wallet (GoPay/OVO),4.46
ORD_23698,CUST_2063,2023-08-08 06:00:00,Completed,E-Wallet (GoPay/OVO),2.67
ORD_23699,CUST_1804,2023-04-29 17:00:00,Delivered,BNPL,0.0
ORD_23700,CUST_1104,2024-04-27 06:00:00,Completed,Virtual Account Bank Transfer,0.0
ORD_23701,CUST_1633,2023-10-16 06:00:00,Shipped,BNPL,6.87
ORD_23702,CUST_1934,2024-02-22 10:00:00,Completed,Credit Card,5.32
ORD_23703,CUST_1055,2024-04-27 13:00:00,Completed,Virtual Account Bank Transfer,6.41
ORD_23704,CUST_2049,2023-01-29 12:00:00,Completed,Credit Card,0.0
ORD_23705,CUST_1909,2023-10-01 01:00:00,Completed,Virtual Account Bank Transfer,0.0
ORD_23706,CUST_1250,2024-06-07 07:00:00,Shipped,Credit Card,8.7
ORD_23707,CUST_2033,2023-10-02 11:00:00,Completed,E-Wallet (GoPay/OVO),0.0
ORD_23708,CUST_1809,2023-12-10 15:00:00,Shipped,Virtual Account Bank Transfer,7.21
ORD_23709,CUST_1666,2023-06-03 19:00:00,Completed,BNPL,3.07
ORD_23710,CUST_1111,2023-08-14 14:00:00,Completed,QRIS,5.19
ORD_23711,CUST_1175,2024-10-01 19:00:00,Completed,QRIS,4.29
ORD_23712,CUST_1043,2024-05-30 16:00:00,Completed,E-Wallet (GoPay/OVO),6.81
ORD_23713,CUST_2108,2023-03-28 03:00:00,Completed,QRIS,4.7
ORD_23714,CUST_1227,2024-10-26 20:00:00,Shipped,Virtual Account Bank Transfer,0.0
ORD_23715,CUST_1941,2024-05-19 21:00:00,Delivered,E-Wallet (GoPay/OVO),4.01
ORD_23716,CUST_2053,2024-06-01 12:00:00,Returned,Credit Card,3.94
ORD_23717,CUST_1948,2023-06-05 20:00:00,Completed,Credit Card,7.74
ORD_23718,CUST_1266,2024-02-12 02:00:00,Completed,QRIS,7.1
ORD_23719,CUST_1884,2023-02-15 23:00:00,Completed,Credit Card,7.21
ORD_23720,CUST_1889,2024-01-03 19:00:00,Completed,Credit Card,0.0
ORD_23721,CUST_1406,2023-10-25 05:00:00,Completed,QRIS,4.34
ORD_23722,CUST_1316,2023-05-10 05:00:00,Shipped,Credit Card,7.29
ORD_23723,CUST_1273,2023-06-18 20:00:00,Completed,E-Wallet (GoPay/OVO),4.04
ORD_23724,CUST_1673,2023-07-21 11:00:00,Completed,QRIS,2.96
ORD_23725,CUST_1145,2023-11-08 18:00:00,Cancelled,E-Wallet (GoPay/OVO),0.0
ORD_23726,CUST_2194,2024-05-04 10:00:00,Completed,Credit Card,8.4
ORD_23727,CUST_1140,2024-04-25 05:00:00,Completed,QRIS,6.13
ORD_23728,CUST_1259,2023-01-22 15:00:00,Cancelled,Credit Card,7.36
ORD_23729,CUST_1515,2024-01-26 17:00:00,Shipped,QRIS,4.91
ORD_23730,CUST_1037,2024-05-02 06:00:00,Completed,E-Wallet (GoPay/OVO),6.09
ORD_23731,CUST_1278,2024-07-22 03:00:00,Completed,E-Wallet (GoPay/OVO),0.0
ORD_23732,CUST_1667,2024-07-02 05:00:00,Completed,Credit Card,0.0
ORD_23733,CUST_1466,2023-06-13 09:00:00,Completed,Credit Card,7.43
ORD_23734,CUST_1912,2024-07-03 09:00:00,Shipped,BNPL,0.0
ORD_23735,CUST_2093,2024-04-08 04:00:00,Cancelled,QRIS,7.0
ORD_23736,CUST_1329,2023-07-02 21:00:00,Delivered,Virtual Account Bank Transfer,3.88
ORD_23737,CUST_1367,2023-12-19 09:00:00,Completed,E-Wallet (GoPay/OVO),3.64
ORD_23738,CUST_1095,2023-07-10 04:00:00,Delivered,E-Wallet (GoPay/OVO),3.84
ORD_23739,CUST_1911,2024-09-20 09:00:00,Completed,BNPL,7.77
ORD_23740,CUST_1147,2023-08-05 13:00:00,Completed,QRIS,0.0
ORD_23741,CUST_1118,2023-10-11 18:00:00,Shipped,QRIS,6.47
ORD_23742,CUST_1295,2023-06-20 02:00:00,Completed,Credit Card,5.18
ORD_23743,CUST_1935,2024-10-07 22:00:00,Completed,E-Wallet (GoPay/OVO),0.0
ORD_23744,CUST_2088,2024-06-06 06:00:00,Completed,BNPL,0.0
ORD_23745,CUST_1690,2023-09-22 16:00:00,Completed,Virtual Account Bank Transfer,6.39
ORD_23746,CUST_1749,2023-09-17 00:00:00,Completed,E-Wallet (GoPay/OVO),0.0
ORD_23747,CUST_1402,2024-06-25 22:00:00,Delivered,Credit Card,0.0
ORD_23748,CUST_1160,2024-11-17 12:00:00,Completed,BNPL,5.32
ORD_23749,CUST_1286,2023-12-08 18:00:00,Completed,BNPL,6.69
ORD_23750,CUST_1650,2024-04-10 10:00:00,Completed,Virtual Account Bank Transfer,3.9
ORD_23751,CUST_1865,2024-05-30 05:00:00,Completed,Credit Card,6.48
ORD_23752,CUST_2057,2023-11-13 07:00:00,Completed,Credit Card,0.0
ORD_23753,CUST_2042,2023-06-04 01:00:00,Completed,QRIS,6.86
ORD_23754,CUST_2007,2023-09-03 01:00:00,Completed,Virtual Account Bank Transfer,6.55
ORD_23755,CUST_2010,2024-08-31 07:00:00,Completed,QRIS,2.64
ORD_23756,CUST_1721,2024-02-13 18:00:00,Completed,Credit Card,0.0
ORD_23757,CUST_1576,2023-09-21 09:00:00,Completed,E-Wallet (GoPay/OVO),7.82
ORD_23758,CUST_1914,2024-03-05 08:00:00,Completed,Credit Card,6.02
ORD_23759,CUST_1750,2024-05-06 14:00:00,Completed,Virtual Account Bank Transfer,8.75
ORD_23760,CUST_1990,2023-09-28 18:00:00,Completed,Virtual Account Bank Transfer,5.64
ORD_23761,CUST_2055,2023-05-31 15:00:00,Shipped,QRIS,5.85
ORD_23762,CUST_1517,2024-02-20 00:00:00,Completed,E-Wallet (GoPay/OVO),7.09
ORD_23763,CUST_1807,2023-09-20 15:00:00,Completed,QRIS,0.0
ORD_23764,CUST_1517,2023-10-16 15:00:00,Completed,QRIS,0.0
ORD_23765,CUST_1497,2023-09-25 23:00:00,Delivered,Virtual Account Bank Transfer,0.0
ORD_23766,CUST_1082,2023-10-29 05:00:00,Completed,E-Wallet (GoPay/OVO),8.1
ORD_23767,CUST_2002,2023-06-23 03:00:00,Completed,Virtual Account Bank Transfer,5.96
ORD_23768,CUST_1090,2024-02-28 00:00:00,Shipped,Credit Card,2.97
ORD_23769,CUST_1146,2023-10-24 06:00:00,Completed,QRIS,0.0
ORD_23770,CUST_1488,2024-07-31 06:00:00,Completed,Virtual Account Bank Transfer,0.0
ORD_23771,CUST_1339,2024-05-04 20:00:00,Completed,Credit Card,0.0
ORD_23772,CUST_1937,2023-04-07 22:00:00,Shipped,E-Wallet (GoPay/OVO),6.7
ORD_23773,CUST_2003,2023-02-16 17:00:00,Completed,Credit Card,3.84
ORD_23774,CUST_1434,2024-03-31 08:00:00,Completed,E-Wallet (GoPay/OVO),4.39
ORD_23775,CUST_1667,2024-02-21 08:00:00,Shipped,QRIS,0.0
ORD_23776,CUST_1108,2023-06-25 14:00:00,Cancelled,Credit Card,2.68
ORD_23777,CUST_1365,2023-06-26 12:00:00,Shipped,E-Wallet (GoPay/OVO),7.86
ORD_23778,CUST_1230,2023-10-21 13:00:00,Completed,QRIS,7.81
ORD_23779,CUST_2094,2023-06-20 09:00:00,Completed,E-Wallet (GoPay/OVO),0.0
ORD_23780,CUST_1299,2023-06-28 13:00:00,Completed,BNPL,5.02
ORD_23781,CUST_1666,2023-05-20 02:00:00,Completed,Virtual Account Bank Transfer,0.0
ORD_23782,CUST_1846,2024-03-24 00:00:00,Delivered,E-Wallet (GoPay/OVO),7.05
ORD_23783,CUST_2081,2023-10-22 11:00:00,Delivered,E-Wallet (GoPay/OVO),3.02
ORD_23784,CUST_1903,2023-07-23 19:00:00,Shipped,QRIS,3.8
ORD_23785,CUST_1339,2024-12-04 03:00:00,Completed,BNPL,0.0
ORD_23786,CUST_1542,2023-02-17 04:00:00,Completed,BNPL,4.75
ORD_23787,CUST_1262,2024-06-13 16:00:00,Completed,E-Wallet (GoPay/OVO),8.8
ORD_23788,CUST_2181,2023-12-25 08:00:00,Completed,BNPL,5.78
ORD_23789,CUST_1157,2024-01-26 17:00:00,Delivered,Virtual Account Bank Transfer,6.93
ORD_23790,CUST_1495,2023-11-11 14:00:00,Completed,QRIS,2.87
ORD_23791,CUST_1988,2023-10-03 17:00:00,Completed,E-Wallet (GoPay/OVO),0.0
ORD_23792,CUST_1711,2023-12-03 17:00:00,Completed,Virtual Account Bank Transfer,7.05
ORD_23793,CUST_1151,2024-05-15 09:00:00,Completed,QRIS,0.0
ORD_23794,CUST_1130,2024-04-16 00:00:00,Completed,E-Wallet (GoPay/OVO),0.0
ORD_23795,CUST_1133,2023-04-10 14:00:00,Shipped,BNPL,7.25
ORD_23796,CUST_1069,2024-05-31 15:00:00,Shipped,Virtual Account Bank Transfer,3.52
ORD_23797,CUST_1211,2024-01-08 07:00:00,Delivered,BNPL,7.23
ORD_23798,CUST_2153,2023-11-28 23:00:00,Completed,Virtual Account Bank Transfer,3.32
ORD_23799,CUST_1603,2023-11-28 05:00:00,Completed,BNPL,0.0
ORD_23800,CUST_1043,2024-06-04 17:00:00,Completed,Virtual Account Bank Transfer,0.0
ORD_23801,CUST_1706,2023-03-25 22:00:00,Completed,BNPL,6.89
ORD_23802,CUST_1671,2023-12-08 01:00:00,Completed,E-Wallet (GoPay/OVO),3.28
ORD_23803,CUST_2189,2024-06-10 15:00:00,Completed,Credit Card,0.0
ORD_23804,CUST_2117,2023-12-23 16:00:00,Completed,QRIS,0.0
ORD_23805,CUST_1521,2023-04-04 20:00:00,Completed,Virtual Account Bank Transfer,0.0
ORD_23806,CUST_2196,2023-09-30 19:00:00,Completed,E-Wallet (GoPay/OVO),7.31
ORD_23807,CUST_1465,2023-10-30 04:00:00,Completed,BNPL,0.0
ORD_23808,CUST_2000,2023-08-27 09:00:00,Completed,Credit Card,0.0
ORD_23809,CUST_2063,2023-03-24 05:00:00,Shipped,Virtual Account Bank Transfer,8.87
ORD_23810,CUST_1450,2024-04-16 21:00:00,Completed,QRIS,3.49
ORD_23811,CUST_1238,2023-02-18 23:00:00,Completed,QRIS,3.02
ORD_23812,CUST_2178,2023-04-17 22:00:00,Completed,BNPL,6.61
ORD_23813,CUST_1742,2024-01-01 12:00:00,Completed,Virtual Account Bank Transfer,7.46
ORD_23814,CUST_1566,2023-11-25 08:00:00,Completed,Virtual Account Bank Transfer,4.35
ORD_23815,CUST_2102,2023-12-06 07:00:00,Completed,BNPL,8.42
ORD_23816,CUST_1886,2023-08-09 08:00:00,Delivered,E-Wallet (GoPay/OVO),7.1
ORD_23817,CUST_1434,2024-12-25 12:00:00,Shipped,Credit Card,0.0
ORD_23818,CUST_1906,2023-07-27 01:00:00,Completed,Credit Card,0.0
ORD_23819,CUST_1345,2024-04-26 21:00:00,Cancelled,Credit Card,7.18
ORD_23820,CUST_1055,2024-03-30 13:00:00,Shipped,QRIS,5.66
ORD_23821,CUST_1925,2023-04-22 03:00:00,Completed,QRIS,7.13
ORD_23822,CUST_1835,2023-09-11 09:00:00,Completed,Credit Card,0.0
ORD_23823,CUST_1878,2023-11-19 05:00:00,Shipped,E-Wallet (GoPay/OVO),0.0
ORD_23824,CUST_2013,2023-09-12 19:00:00,Completed,QRIS,3.96
ORD_23825,CUST_2163,2023-10-26 07:00:00,Completed,Virtual Account Bank Transfer,3.9
ORD_23826,CUST_1659,2023-01-11 03:00:00,Completed,E-Wallet (GoPay/OVO),4.64
ORD_23827,CUST_1794,2023-04-03 14:00:00,Completed,Virtual Account Bank Transfer,8.66
ORD_23828,CUST_1599,2024-03-11 12:00:00,Completed,BNPL,5.16
ORD_23829,CUST_2069,2023-11-25 19:00:00,Completed,Virtual Account Bank Transfer,8.35
ORD_23830,CUST_1556,2024-04-07 22:00:00,Shipped,QRIS,3.55
ORD_23831,CUST_1065,2023-06-08 08:00:00,Completed,E-Wallet (GoPay/OVO),6.44
ORD_23832,CUST_2049,2023-10-06 17:00:00,Completed,Virtual Account Bank Transfer,6.89
ORD_23833,CUST_1472,2024-05-04 15:00:00,Delivered,BNPL,7.79
ORD_23834,CUST_1952,2023-07-31 17:00:00,Shipped,QRIS,0.0
ORD_23835,CUST_2073,2023-06-02 19:00:00,Completed,E-Wallet (GoPay/OVO),2.63
ORD_23836,CUST_1499,2023-08-07 11:00:00,Completed,Virtual Account Bank Transfer,7.24
ORD_23837,CUST_2078,2024-02-27 03:00:00,Completed,Credit Card,5.91
ORD_23838,CUST_1863,2023-06-03 09:00:00,Completed,Virtual Account Bank Transfer,5.93
ORD_23839,CUST_1875,2023-03-28 11:00:00,Completed,Virtual Account Bank Transfer,8.47
ORD_23840,CUST_1358,2023-07-10 01:00:00,Completed,E-Wallet (GoPay/OVO),5.4
ORD_23841,CUST_1427,2023-07-10 06:00:00,Completed,Virtual Account Bank Transfer,5.7
ORD_23842,CUST_1648,2023-09-18 04:00:00,Completed,QRIS,5.14
ORD_23843,CUST_1026,2023-02-24 08:00:00,Completed,Credit Card,8.66
ORD_23844,CUST_1855,2024-08-03 08:00:00,Cancelled,QRIS,6.82
ORD_23845,CUST_1118,2023-09-07 04:00:00,Completed,BNPL,2.54
ORD_23846,CUST_2141,2023-12-03 02:00:00,Shipped,Credit Card,3.01
ORD_23847,CUST_1517,2024-04-22 19:00:00,Completed,QRIS,0.0
ORD_23848,CUST_2044,2023-07-13 15:00:00,Completed,Virtual Account Bank Transfer,0.0
ORD_23849,CUST_1296,2024-09-05 02:00:00,Completed,BNPL,0.0
ORD_23850,CUST_1853,2024-02-01 20:00:00,Completed,Virtual Account Bank Transfer,5.66
ORD_23851,CUST_1119,2023-08-09 23:00:00,Completed,E-Wallet (GoPay/OVO),4.9
ORD_23852,CUST_1303,2024-05-02 20:00:00,Completed,QRIS,0.0
ORD_23853,CUST_1889,2024-01-29 16:00:00,Completed,E-Wallet (GoPay/OVO),0.0
ORD_23854,CUST_1671,2024-08-24 06:00:00,Completed,QRIS,4.02
ORD_23855,CUST_1584,2024-01-07 04:00:00,Returned,BNPL,8.52
ORD_23856,CUST_1422,2024-01-05 00:00:00,Shipped,E-Wallet (GoPay/OVO),5.84
ORD_23857,CUST_1793,2023-03-05 05:00:00,Returned,E-Wallet (GoPay/OVO),0.0
ORD_23858,CUST_1362,2023-07-23 15:00:00,Completed,Credit Card,8.04
ORD_23859,CUST_1202,2024-06-24 10:00:00,Delivered,Credit Card,5.93
ORD_23860,CUST_2088,2024-04-16 00:00:00,Completed,E-Wallet (GoPay/OVO),8.22
ORD_23861,CUST_1767,2024-03-23 20:00:00,Completed,QRIS,6.51
ORD_23862,CUST_2113,2023-06-03 05:00:00,Completed,E-Wallet (GoPay/OVO),5.57
ORD_23863,CUST_1516,2023-08-27 21:00:00,Completed,Credit Card,3.75
ORD_23864,CUST_1679,2023-11-15 21:00:00,Completed,E-Wallet (GoPay/OVO),4.69
ORD_23865,CUST_1835,2023-10-10 19:00:00,Completed,QRIS,0.0
ORD_23866,CUST_1077,2024-11-16 13:00:00,Completed,E-Wallet (GoPay/OVO),3.5
ORD_23867,CUST_1996,2023-01-13 04:00:00,Delivered,E-Wallet (GoPay/OVO),0.0
ORD_23868,CUST_2059,2023-11-20 07:00:00,Completed,E-Wallet (GoPay/OVO),0.0
ORD_23869,CUST_1475,2024-04-09 08:00:00,Completed,BNPL,7.99
ORD_23870,CUST_1420,2023-09-09 09:00:00,Completed,BNPL,3.11
ORD_23871,CUST_1028,2024-01-15 17:00:00,Completed,QRIS,5.68
ORD_23872,CUST_1258,2023-02-15 09:00:00,Completed,QRIS,0.0
ORD_23873,CUST_2121,2024-05-23 21:00:00,Completed,QRIS,8.66
ORD_23874,CUST_1958,2024-04-24 06:00:00,Completed,Credit Card,6.86
ORD_23875,CUST_1133,2023-04-21 12:00:00,Shipped,E-Wallet (GoPay/OVO),5.17
ORD_23876,CUST_1296,2023-10-26 14:00:00,Shipped,BNPL,6.9
ORD_23877,CUST_1076,2024-05-17 18:00:00,Shipped,E-Wallet (GoPay/OVO),4.97
ORD_23878,CUST_1830,2023-10-06 10:00:00,Completed,Virtual Account Bank Transfer,8.26
ORD_23879,CUST_2104,2023-11-11 17:00:00,Completed,E-Wallet (GoPay/OVO),0.0
ORD_23880,CUST_1226,2023-06-04 18:00:00,Completed,Credit Card,2.64
ORD_23881,CUST_1579,2023-12-11 15:00:00,Completed,Credit Card,0.0
ORD_23882,CUST_1408,2024-01-30 04:00:00,Completed,QRIS,7.77
ORD_23883,CUST_1487,2023-10-22 16:00:00,Completed,Virtual Account Bank Transfer,0.0
ORD_23884,CUST_1425,2023-08-26 06:00:00,Completed,QRIS,0.0
ORD_23885,CUST_2126,2023-08-19 19:00:00,Completed,E-Wallet (GoPay/OVO),4.95
ORD_23886,CUST_1437,2023-03-10 03:00:00,Completed,Virtual Account Bank Transfer,0.0
ORD_23887,CUST_1098,2024-04-16 23:00:00,Completed,Virtual Account Bank Transfer,0.0
ORD_23888,CUST_1017,2024-01-08 01:00:00,Returned,QRIS,0.0
ORD_23889,CUST_1669,2023-10-22 21:00:00,Completed,QRIS,3.84
ORD_23890,CUST_1543,2023-06-23 15:00:00,Completed,QRIS,4.42
ORD_23891,CUST_1649,2023-12-16 23:00:00,Completed,BNPL,6.16
ORD_23892,CUST_2008,2023-11-16 23:00:00,Shipped,E-Wallet (GoPay/OVO),4.05
ORD_23893,CUST_1135,2023-11-14 23:00:00,Completed,QRIS,0.0
ORD_23894,CUST_1125,2024-05-24 17:00:00,Completed,BNPL,4.86
ORD_23895,CUST_1149,2023-11-09 22:00:00,Completed,BNPL,5.03
ORD_23896,CUST_2157,2023-03-11 22:00:00,Delivered,Virtual Account Bank Transfer,8.78
ORD_23897,CUST_2136,2023-06-18 01:00:00,Completed,BNPL,0.0
ORD_23898,CUST_1842,2023-08-10 06:00:00,Completed,QRIS,4.99
ORD_23899,CUST_1784,2024-07-24 09:00:00,Shipped,BNPL,0.0
ORD_23900,CUST_1554,2023-11-26 18:00:00,Completed,BNPL,4.65
ORD_23901,CUST_1878,2023-10-12 07:00:00,Completed,E-Wallet (GoPay/OVO),2.54
ORD_23902,CUST_1732,2024-01-14 15:00:00,Completed,QRIS,0.0
ORD_23903,CUST_1237,2024-04-01 05:00:00,Completed,E-Wallet (GoPay/OVO),2.96
ORD_23904,CUST_1761,2024-10-26 03:00:00,Completed,Virtual Account Bank Transfer,3.34
ORD_23905,CUST_1676,2023-12-01 23:00:00,Completed,QRIS,5.13
ORD_23906,CUST_1129,2023-10-20 12:00:00,Completed,QRIS,3.96
ORD_23907,CUST_1094,2024-01-18 09:00:00,Completed,E-Wallet (GoPay/OVO),4.25
ORD_23908,CUST_1612,2023-12-06 20:00:00,Completed,BNPL,0.0
ORD_23909,CUST_2062,2024-07-18 06:00:00,Completed,E-Wallet (GoPay/OVO),5.97
ORD_23910,CUST_1368,2024-04-22 23:00:00,Completed,Virtual Account Bank Transfer,0.0
ORD_23911,CUST_1946,2023-05-03 11:00:00,Delivered,Credit Card,8.4
ORD_23912,CUST_1183,2023-10-30 03:00:00,Completed,QRIS,7.43
ORD_23913,CUST_2127,2024-01-26 02:00:00,Completed,E-Wallet (GoPay/OVO),0.0
ORD_23914,CUST_1404,2023-11-18 06:00:00,Completed,QRIS,3.1
ORD_23915,CUST_1180,2024-03-04 13:00:00,Completed,Virtual Account Bank Transfer,8.08
ORD_23916,CUST_1904,2024-07-19 01:00:00,Completed,BNPL,6.41
ORD_23917,CUST_2038,2023-12-01 15:00:00,Delivered,QRIS,8.52
ORD_23918,CUST_1137,2024-03-23 22:00:00,Completed,E-Wallet (GoPay/OVO),7.81
ORD_23919,CUST_1181,2023-08-31 07:00:00,Shipped,QRIS,0.0
ORD_23920,CUST_1892,2024-03-26 14:00:00,Completed,BNPL,4.01
ORD_23921,CUST_2065,2026-02-01 02:00:00,Completed,E-Wallet (GoPay/OVO),5.53
ORD_23922,CUST_1256,2024-02-08 20:00:00,Completed,QRIS,0.0
ORD_23923,CUST_1472,2024-06-15 19:00:00,Completed,BNPL,0.0
ORD_23924,CUST_2158,2023-06-06 04:00:00,Cancelled,Virtual Account Bank Transfer,0.0
ORD_23925,CUST_1887,2024-07-24 21:00:00,Completed,QRIS,4.29
ORD_23926,CUST_1238,2023-01-31 19:00:00,Completed,Virtual Account Bank Transfer,0.0
ORD_23927,CUST_2074,2023-08-28 05:00:00,Completed,QRIS,3.15
ORD_23928,CUST_1566,2024-06-14 07:00:00,Completed,BNPL,8.67
ORD_23929,CUST_1373,2024-03-18 19:00:00,Completed,BNPL,3.02
ORD_23930,CUST_2009,2024-03-31 06:00:00,Completed,Virtual Account Bank Transfer,0.0
ORD_23931,CUST_1866,2023-12-07 10:00:00,Shipped,QRIS,0.0
ORD_23932,CUST_2173,2023-05-06 02:00:00,Completed,BNPL,7.61
ORD_23933,CUST_1189,2024-02-18 01:00:00,Completed,Credit Card,3.16
ORD_23934,CUST_1152,2023-05-07 15:00:00,Completed,E-Wallet (GoPay/OVO),3.69
ORD_23935,CUST_1310,2023-11-12 14:00:00,Completed,Virtual Account Bank Transfer,0.0
ORD_23936,CUST_1605,2024-03-14 20:00:00,Completed,QRIS,3.15
ORD_23937,CUST_1142,2024-02-12 01:00:00,Completed,Credit Card,6.8
ORD_23938,CUST_1445,2023-10-23 15:00:00,Completed,QRIS,4.88
ORD_23939,CUST_1972,2024-01-14 21:00:00,Completed,QRIS,8.95
ORD_23940,CUST_1283,2024-07-29 00:00:00,Cancelled,BNPL,6.27
ORD_23941,CUST_1007,2024-04-24 19:00:00,Shipped,Credit Card,0.0
ORD_23942,CUST_1895,2023-12-08 03:00:00,Completed,BNPL,8.82
ORD_23943,CUST_1946,2023-09-15 11:00:00,Completed,Credit Card,6.96
ORD_23944,CUST_1911,2024-02-14 12:00:00,Completed,QRIS,0.0
ORD_23945,CUST_1851,2023-12-03 03:00:00,Completed,E-Wallet (GoPay/OVO),0.0
ORD_23946,CUST_1350,2023-01-04 08:00:00,Completed,BNPL,4.89
ORD_23947,CUST_1725,2024-08-02 07:00:00,Completed,QRIS,5.33
ORD_23948,CUST_1619,2024-02-26 06:00:00,Completed,BNPL,4.45
ORD_23949,CUST_1183,2023-12-11 18:00:00,Completed,BNPL,0.0
ORD_23950,CUST_1581,2023-12-10 08:00:00,Completed,QRIS,7.64
ORD_23951,CUST_1504,2023-06-29 13:00:00,Delivered,E-Wallet (GoPay/OVO),0.0
ORD_23952,CUST_1209,2023-07-12 06:00:00,Completed,Credit Card,0.0
ORD_23953,CUST_2148,2024-04-20 07:00:00,Shipped,Credit Card,7.66
ORD_23954,CUST_1882,2023-12-29 05:00:00,Cancelled,QRIS,3.94
ORD_23955,CUST_1337,2023-11-10 13:00:00,Delivered,Credit Card,8.48
ORD_23956,CUST_1118,2023-10-13 23:00:00,Completed,BNPL,0.0
ORD_23957,CUST_2102,2024-10-25 03:00:00,Completed,BNPL,0.0
ORD_23958,CUST_1006,2024-05-04 21:00:00,Completed,Credit Card,0.0
ORD_23959,CUST_2026,2023-06-17 06:00:00,Cancelled,BNPL,3.43
ORD_23960,CUST_1653,2024-02-20 22:00:00,Shipped,E-Wallet (GoPay/OVO),0.0
ORD_23961,CUST_1166,2023-12-19 10:00:00,Delivered,QRIS,0.0
ORD_23962,CUST_1615,2023-05-20 23:00:00,Completed,BNPL,3.16
ORD_23963,CUST_1332,2023-08-23 11:00:00,Completed,QRIS,6.74
ORD_23964,CUST_1520,2024-05-10 01:00:00,Completed,BNPL,8.21
ORD_23965,CUST_1207,2023-12-28 21:00:00,Shipped,QRIS,5.56
ORD_23966,CUST_1155,2024-05-01 20:00:00,Completed,QRIS,5.98
ORD_23967,CUST_1577,2024-04-24 20:00:00,Completed,E-Wallet (GoPay/OVO),4.06
ORD_23968,CUST_1812,2024-04-18 04:00:00,Completed,BNPL,0.0
ORD_23969,CUST_1577,2024-07-21 23:00:00,Delivered,Virtual Account Bank Transfer,4.8
ORD_23970,CUST_1105,2024-08-08 23:00:00,Shipped,QRIS,5.8
ORD_23971,CUST_1644,2023-03-24 08:00:00,Completed,Credit Card,7.97
ORD_23972,CUST_1135,2023-12-02 10:00:00,Completed,Virtual Account Bank Transfer,0.0
ORD_23973,CUST_1571,2024-02-07 17:00:00,Completed,BNPL,7.14
ORD_23974,CUST_1764,2024-09-19 08:00:00,Delivered,E-Wallet (GoPay/OVO),3.61
ORD_23975,CUST_1619,2024-11-04 11:00:00,Shipped,BNPL,0.0
ORD_23976,CUST_1215,2023-12-06 10:00:00,Completed,QRIS,5.41
ORD_23977,CUST_1265,2024-07-01 16:00:00,Completed,E-Wallet (GoPay/OVO),0.0
ORD_23978,CUST_1119,2023-08-05 13:00:00,Completed,E-Wallet (GoPay/OVO),3.9
ORD_23979,CUST_1598,2023-09-14 00:00:00,Completed,Credit Card,5.88
ORD_23980,CUST_2168,2024-02-11 14:00:00,Completed,Virtual Account Bank Transfer,0.0
ORD_23981,CUST_1673,2023-09-25 04:00:00,Completed,Virtual Account Bank Transfer,0.0
ORD_23982,CUST_1209,2023-09-22 17:00:00,Completed,BNPL,6.3
ORD_23983,CUST_1380,2023-08-29 15:00:00,Completed,BNPL,7.08
ORD_23984,CUST_1926,2023-12-29 11:00:00,Cancelled,Virtual Account Bank Transfer,6.71
ORD_23985,CUST_1709,2024-01-25 20:00:00,Completed,Credit Card,3.38
ORD_23986,CUST_1754,2023-06-05 04:00:00,Completed,BNPL,4.6
ORD_23987,CUST_1013,2024-05-15 21:00:00,Shipped,Credit Card,8.99
ORD_23988,CUST_1887,2024-05-10 18:00:00,Completed,Virtual Account Bank Transfer,0.0
ORD_23989,CUST_1680,2023-02-04 05:00:00,Completed,BNPL,0.0
ORD_23990,CUST_1502,2024-03-25 06:00:00,Cancelled,Virtual Account Bank Transfer,2.84
ORD_23991,CUST_2188,2024-07-06 00:00:00,Completed,Virtual Account Bank Transfer,0.0
ORD_23992,CUST_1462,2024-11-07 06:00:00,Delivered,Virtual Account Bank Transfer,4.86
ORD_23993,CUST_1293,2024-12-08 23:00:00,Completed,QRIS,8.23
ORD_23994,CUST_1908,2023-11-09 18:00:00,Completed,E-Wallet (GoPay/OVO),4.64
ORD_23995,CUST_1440,2023-06-11 18:00:00,Completed,BNPL,7.79
ORD_23996,CUST_1476,2024-09-13 02:00:00,Completed,E-Wallet (GoPay/OVO),6.75
ORD_23997,CUST_2136,2023-07-23 01:00:00,Completed,Credit Card,0.0
ORD_23998,CUST_1461,2023-09-05 23:00:00,Completed,Credit Card,8.19
ORD_23999,CUST_1982,2024-01-08 18:00:00,Completed,Credit Card,0.0
ORD_24000,CUST_1840,2023-12-01 11:00:00,Completed,E-Wallet (GoPay/OVO),0.0
ORD_24001,CUST_2009,2024-01-07 12:00:00,Completed,E-Wallet (GoPay/OVO),7.44
ORD_24002,CUST_1471,2024-01-11 14:00:00,Completed,E-Wallet (GoPay/OVO),8.42
ORD_24003,CUST_2025,2023-04-28 05:00:00,Completed,Credit Card,0.0
ORD_24004,CUST_1156,2024-04-02 22:00:00,Delivered,Credit Card,0.0
ORD_24005,CUST_1751,2023-12-12 03:00:00,Completed,Credit Card,0.0
ORD_24006,CUST_1137,2024-02-20 05:00:00,Completed,E-Wallet (GoPay/OVO),4.31
ORD_24007,CUST_1560,2023-07-12 11:00:00,Completed,QRIS,7.43
ORD_24008,CUST_2034,2023-08-14 18:00:00,Shipped,Credit Card,0.0
ORD_24009,CUST_1919,2024-07-10 09:00:00,Completed,Credit Card,0.0
ORD_24010,CUST_1962,2023-11-04 09:00:00,Completed,BNPL,2.99
ORD_24011,CUST_1767,2024-03-24 23:00:00,Completed,E-Wallet (GoPay/OVO),0.0
ORD_24012,CUST_1446,2025-02-07 02:00:00,Completed,Virtual Account Bank Transfer,0.0
ORD_24013,CUST_1817,2024-06-01 07:00:00,Completed,Virtual Account Bank Transfer,6.74
ORD_24014,CUST_1872,2023-01-19 21:00:00,Completed,E-Wallet (GoPay/OVO),0.0
ORD_24015,CUST_1596,2023-03-13 06:00:00,Completed,QRIS,0.0
ORD_24016,CUST_1273,2023-07-07 13:00:00,Completed,QRIS,7.94
ORD_24017,CUST_2195,2023-05-01 15:00:00,Completed,E-Wallet (GoPay/OVO),0.0
ORD_24018,CUST_1243,2023-09-26 00:00:00,Completed,E-Wallet (GoPay/OVO),0.0
ORD_24019,CUST_2089,2023-08-10 07:00:00,Completed,BNPL,0.0
ORD_24020,CUST_1001,2024-03-07 06:00:00,Completed,Virtual Account Bank Transfer,3.28
ORD_24021,CUST_1978,2024-02-15 01:00:00,Completed,BNPL,7.67
ORD_24022,CUST_1030,2023-06-21 23:00:00,Completed,BNPL,0.0
ORD_24023,CUST_1397,2024-05-18 23:00:00,Completed,Credit Card,0.0
ORD_24024,CUST_2027,2023-09-15 08:00:00,Completed,QRIS,0.0
ORD_24025,CUST_1139,2023-05-22 18:00:00,Completed,BNPL,0.0
ORD_24026,CUST_2137,2025-01-01 10:00:00,Completed,E-Wallet (GoPay/OVO),0.0
ORD_24027,CUST_1408,2023-08-20 09:00:00,Completed,QRIS,0.0
ORD_24028,CUST_1152,2023-07-18 12:00:00,Completed,Credit Card,4.78
ORD_24029,CUST_2130,2023-07-30 16:00:00,Completed,E-Wallet (GoPay/OVO),5.52
ORD_24030,CUST_1409,2023-03-23 13:00:00,Completed,Credit Card,0.0
ORD_24031,CUST_1388,2023-09-22 14:00:00,Delivered,E-Wallet (GoPay/OVO),0.0
ORD_24032,CUST_1342,2023-08-14 13:00:00,Completed,E-Wallet (GoPay/OVO),0.0
ORD_24033,CUST_1066,2023-05-26 18:00:00,Cancelled,Credit Card,2.68
ORD_24034,CUST_2197,2023-07-04 06:00:00,Completed,Credit Card,0.0
ORD_24035,CUST_2078,2024-08-31 12:00:00,Completed,Credit Card,4.44
ORD_24036,CUST_1381,2023-11-03 10:00:00,Completed,QRIS,5.39
ORD_24037,CUST_1438,2024-03-08 21:00:00,Completed,Virtual Account Bank Transfer,0.0
ORD_24038,CUST_1724,2023-08-14 13:00:00,Completed,Credit Card,4.17
ORD_24039,CUST_1015,2023-08-02 06:00:00,Completed,Credit Card,0.0
ORD_24040,CUST_1879,2024-05-28 18:00:00,Completed,Virtual Account Bank Transfer,0.0
ORD_24041,CUST_1589,2023-02-20 09:00:00,Completed,Virtual Account Bank Transfer,0.0
ORD_24042,CUST_2074,2023-04-14 11:00:00,Delivered,BNPL,0.0
ORD_24043,CUST_1371,2023-12-18 21:00:00,Completed,QRIS,7.25
ORD_24044,CUST_2080,2023-09-21 20:00:00,Completed,Virtual Account Bank Transfer,4.18
ORD_24045,CUST_1952,2024-05-06 19:00:00,Completed,E-Wallet (GoPay/OVO),0.0
ORD_24046,CUST_1096,2024-10-08 02:00:00,Shipped,Virtual Account Bank Transfer,5.29
ORD_24047,CUST_1358,2023-06-12 20:00:00,Cancelled,QRIS,7.96
ORD_24048,CUST_1845,2023-04-21 15:00:00,Completed,Virtual Account Bank Transfer,0.0
ORD_24049,CUST_1394,2023-04-04 05:00:00,Shipped,QRIS,0.0
ORD_24050,CUST_1425,2023-08-29 04:00:00,Completed,Virtual Account Bank Transfer,0.0
ORD_24051,CUST_1140,2024-03-21 12:00:00,Completed,Virtual Account Bank Transfer,3.21
ORD_24052,CUST_2104,2023-08-21 02:00:00,Completed,BNPL,0.0
ORD_24053,CUST_1018,2024-05-13 13:00:00,Completed,QRIS,0.0
ORD_24054,CUST_1435,2023-09-18 08:00:00,Cancelled,Virtual Account Bank Transfer,0.0
ORD_24055,CUST_2021,2023-08-01 04:00:00,Completed,E-Wallet (GoPay/OVO),4.68
ORD_24056,CUST_1791,2023-05-23 07:00:00,Completed,Credit Card,0.0
ORD_24057,CUST_2099,2024-02-02 10:00:00,Completed,BNPL,2.85
ORD_24058,CUST_2052,2023-03-30 18:00:00,Delivered,QRIS,3.66
ORD_24059,CUST_1622,2024-05-29 23:00:00,Completed,E-Wallet (GoPay/OVO),4.28
ORD_24060,CUST_1336,2023-11-06 04:00:00,Completed,BNPL,6.15
ORD_24061,CUST_1919,2024-03-10 10:00:00,Completed,BNPL,0.0
ORD_24062,CUST_2170,2024-01-15 09:00:00,Completed,E-Wallet (GoPay/OVO),8.18
ORD_24063,CUST_1524,2023-10-27 19:00:00,Shipped,Virtual Account Bank Transfer,0.0
ORD_24064,CUST_2123,2023-07-26 20:00:00,Completed,E-Wallet (GoPay/OVO),0.0
ORD_24065,CUST_1834,2023-06-22 14:00:00,Completed,Virtual Account Bank Transfer,7.49
ORD_24066,CUST_1548,2023-11-30 12:00:00,Completed,QRIS,3.03
ORD_24067,CUST_2018,2023-08-11 06:00:00,Completed,Virtual Account Bank Transfer,3.59
ORD_24068,CUST_1819,2024-06-17 06:00:00,Completed,E-Wallet (GoPay/OVO),0.0
ORD_24069,CUST_1970,2023-12-26 17:00:00,Shipped,QRIS,0.0
ORD_24070,CUST_1388,2023-12-03 22:00:00,Completed,Virtual Account Bank Transfer,4.56
ORD_24071,CUST_1045,2023-02-26 19:00:00,Shipped,E-Wallet (GoPay/OVO),7.21
ORD_24072,CUST_1360,2023-02-08 19:00:00,Completed,Credit Card,2.84
ORD_24073,CUST_1366,2023-07-06 00:00:00,Completed,BNPL,3.58
ORD_24074,CUST_1997,2023-07-28 19:00:00,Completed,Virtual Account Bank Transfer,0.0
ORD_24075,CUST_1923,2024-07-05 09:00:00,Shipped,Credit Card,0.0
ORD_24076,CUST_1572,2023-07-10 18:00:00,Completed,QRIS,0.0
ORD_24077,CUST_1932,2023-05-03 06:00:00,Completed,Credit Card,8.08
ORD_24078,CUST_2054,2024-06-11 04:00:00,Delivered,BNPL,6.27
ORD_24079,CUST_1819,2024-04-09 23:00:00,Completed,Virtual Account Bank Transfer,6.1
ORD_24080,CUST_1565,2023-12-21 20:00:00,Completed,E-Wallet (GoPay/OVO),5.17
ORD_24081,CUST_1781,2024-09-19 10:00:00,Shipped,BNPL,8.33
ORD_24082,CUST_1047,2024-05-21 20:00:00,Shipped,Virtual Account Bank Transfer,8.08
ORD_24083,CUST_1111,2023-05-28 06:00:00,Completed,BNPL,3.31
ORD_24084,CUST_2092,2024-05-30 15:00:00,Completed,Credit Card,0.0
ORD_24085,CUST_1916,2023-09-03 11:00:00,Completed,Virtual Account Bank Transfer,4.13
ORD_24086,CUST_2159,2023-05-31 13:00:00,Completed,QRIS,0.0
ORD_24087,CUST_1493,2024-08-07 02:00:00,Returned,BNPL,6.54
ORD_24088,CUST_1436,2023-11-28 00:00:00,Completed,BNPL,0.0
ORD_24089,CUST_1644,2023-02-26 05:00:00,Completed,BNPL,0.0
ORD_24090,CUST_1756,2023-03-18 19:00:00,Completed,Credit Card,6.68
ORD_24091,CUST_2174,2024-01-19 08:00:00,Completed,Credit Card,0.0
ORD_24092,CUST_1221,2023-09-01 02:00:00,Completed,Virtual Account Bank Transfer,0.0
ORD_24093,CUST_2151,2023-08-19 10:00:00,Completed,E-Wallet (GoPay/OVO),7.37
ORD_24094,CUST_1502,2023-10-07 21:00:00,Completed,Virtual Account Bank Transfer,0.0
ORD_24095,CUST_1194,2024-01-16 17:00:00,Completed,BNPL,0.0
ORD_24096,CUST_1264,2024-01-13 06:00:00,Cancelled,BNPL,7.77
ORD_24097,CUST_1631,2024-05-14 23:00:00,Completed,BNPL,0.0
ORD_24098,CUST_2168,2024-06-19 06:00:00,Completed,Virtual Account Bank Transfer,8.78
ORD_24099,CUST_2191,2024-04-05 19:00:00,Shipped,E-Wallet (GoPay/OVO),0.0
ORD_24100,CUST_1715,2024-06-04 20:00:00,Completed,BNPL,0.0
ORD_24101,CUST_1166,2024-08-03 11:00:00,Completed,QRIS,0.0
ORD_24102,CUST_1932,2023-02-04 10:00:00,Completed,QRIS,0.0
ORD_24103,CUST_2117,2023-11-14 11:00:00,Completed,Credit Card,8.61
ORD_24104,CUST_1438,2024-02-16 13:00:00,Cancelled,Credit Card,0.0
ORD_24105,CUST_1935,2023-11-30 04:00:00,Completed,Virtual Account Bank Transfer,0.0
ORD_24106,CUST_2177,2023-11-01 08:00:00,Completed,Virtual Account Bank Transfer,0.0
ORD_24107,CUST_1827,2023-04-23 14:00:00,Completed,Virtual Account Bank Transfer,0.0
ORD_24108,CUST_1349,2024-07-20 08:00:00,Completed,Credit Card,6.68
ORD_24109,CUST_1511,2023-02-25 05:00:00,Delivered,Credit Card,0.0
ORD_24110,CUST_1486,2023-11-04 04:00:00,Completed,Virtual Account Bank Transfer,5.51
ORD_24111,CUST_1094,2024-02-08 14:00:00,Completed,Credit Card,0.0
ORD_24112,CUST_1335,2024-10-08 16:00:00,Completed,BNPL,8.13
ORD_24113,CUST_1933,2023-07-12 13:00:00,Completed,QRIS,0.0
ORD_24114,CUST_1169,2023-04-19 00:00:00,Delivered,QRIS,7.6
ORD_24115,CUST_2122,2023-04-10 22:00:00,Returned,Virtual Account Bank Transfer,0.0
ORD_24116,CUST_1634,2023-09-03 15:00:00,Completed,QRIS,0.0
ORD_24117,CUST_1971,2023-05-25 00:00:00,Shipped,Virtual Account Bank Transfer,0.0
ORD_24118,CUST_1642,2023-09-19 10:00:00,Completed,E-Wallet (GoPay/OVO),0.0
ORD_24119,CUST_1792,2024-07-16 18:00:00,Shipped,Virtual Account Bank Transfer,0.0
ORD_24120,CUST_2068,2023-06-28 12:00:00,Completed,BNPL,0.0
ORD_24121,CUST_1078,2023-10-13 05:00:00,Completed,Virtual Account Bank Transfer,5.31
ORD_24122,CUST_2118,2024-05-24 15:00:00,Completed,E-Wallet (GoPay/OVO),6.76
ORD_24123,CUST_1411,2023-10-27 03:00:00,Cancelled,QRIS,0.0
ORD_24124,CUST_1603,2023-12-29 23:00:00,Completed,BNPL,3.97
ORD_24125,CUST_1640,2023-04-18 15:00:00,Shipped,Credit Card,0.0
ORD_24126,CUST_1041,2023-06-12 19:00:00,Completed,Virtual Account Bank Transfer,5.58
ORD_24127,CUST_1691,2024-02-20 09:00:00,Shipped,QRIS,8.75
ORD_24128,CUST_2130,2023-10-26 10:00:00,Completed,Virtual Account Bank Transfer,0.0
ORD_24129,CUST_1603,2024-07-08 22:00:00,Completed,BNPL,3.69
ORD_24130,CUST_1621,2024-04-19 22:00:00,Completed,QRIS,0.0
ORD_24131,CUST_1193,2023-04-28 11:00:00,Completed,Credit Card,4.54
ORD_24132,CUST_2066,2023-09-17 00:00:00,Completed,BNPL,4.31
ORD_24133,CUST_1788,2023-09-01 13:00:00,Completed,BNPL,0.0
ORD_24134,CUST_1917,2024-06-09 08:00:00,Completed,QRIS,0.0
ORD_24135,CUST_1603,2023-11-11 22:00:00,Completed,QRIS,8.28
ORD_24136,CUST_1925,2023-04-14 07:00:00,Shipped,Virtual Account Bank Transfer,3.41
ORD_24137,CUST_1729,2023-08-24 04:00:00,Completed,BNPL,0.0
ORD_24138,CUST_2070,2024-05-29 21:00:00,Completed,Credit Card,3.2
ORD_24139,CUST_1737,2023-07-22 16:00:00,Completed,BNPL,0.0
ORD_24140,CUST_1649,2024-10-10 18:00:00,Completed,QRIS,8.23
ORD_24141,CUST_1503,2026-05-20 16:00:00,Completed,E-Wallet (GoPay/OVO),5.76
ORD_24142,CUST_1662,2024-03-26 12:00:00,Cancelled,BNPL,0.0
ORD_24143,CUST_1866,2023-12-24 05:00:00,Completed,Credit Card,0.0
ORD_24144,CUST_1742,2024-07-15 09:00:00,Completed,Virtual Account Bank Transfer,0.0
ORD_24145,CUST_1880,2024-03-28 14:00:00,Completed,Virtual Account Bank Transfer,0.0
ORD_24146,CUST_1719,2024-06-04 21:00:00,Completed,QRIS,0.0
ORD_24147,CUST_1009,2024-01-29 14:00:00,Completed,Credit Card,5.48
ORD_24148,CUST_1993,2024-05-02 22:00:00,Completed,Virtual Account Bank Transfer,0.0
ORD_24149,CUST_2058,2023-05-13 04:00:00,Completed,Credit Card,0.0
ORD_24150,CUST_1559,2024-09-05 20:00:00,Completed,Virtual Account Bank Transfer,6.75
ORD_24151,CUST_2165,2023-08-31 04:00:00,Shipped,Credit Card,4.07
ORD_24152,CUST_1587,2024-05-17 16:00:00,Delivered,E-Wallet (GoPay/OVO),0.0
ORD_24153,CUST_1234,2024-07-14 06:00:00,Completed,Virtual Account Bank Transfer,0.0
ORD_24154,CUST_1574,2024-03-29 10:00:00,Shipped,Virtual Account Bank Transfer,2.64
ORD_24155,CUST_1584,2024-01-27 22:00:00,Completed,Virtual Account Bank Transfer,0.0
ORD_24156,CUST_1584,2024-04-12 00:00:00,Completed,Credit Card,0.0
ORD_24157,CUST_2046,2023-02-06 13:00:00,Completed,BNPL,4.16
ORD_24158,CUST_1063,2023-08-10 14:00:00,Completed,Credit Card,0.0
ORD_24159,CUST_1199,2024-01-17 05:00:00,Completed,Virtual Account Bank Transfer,0.0
ORD_24160,CUST_1004,2024-07-01 00:00:00,Completed,Credit Card,6.09
ORD_24161,CUST_1748,2024-05-08 18:00:00,Completed,BNPL,4.17
ORD_24162,CUST_1603,2023-12-16 05:00:00,Completed,QRIS,0.0
ORD_24163,CUST_1045,2023-06-08 02:00:00,Completed,Credit Card,6.5
ORD_24164,CUST_1614,2023-06-28 00:00:00,Completed,E-Wallet (GoPay/OVO),0.0
ORD_24165,CUST_2097,2024-05-07 08:00:00,Completed,E-Wallet (GoPay/OVO),6.91
ORD_24166,CUST_1848,2024-04-25 20:00:00,Completed,Virtual Account Bank Transfer,0.0
ORD_24167,CUST_1180,2024-01-29 10:00:00,Completed,E-Wallet (GoPay/OVO),4.67
ORD_24168,CUST_1183,2023-10-29 09:00:00,Completed,BNPL,0.0
ORD_24169,CUST_1683,2024-01-23 04:00:00,Completed,BNPL,0.0
ORD_24170,CUST_1613,2024-05-06 23:00:00,Completed,Credit Card,5.5
ORD_24171,CUST_1627,2023-04-01 15:00:00,Shipped,Virtual Account Bank Transfer,0.0
ORD_24172,CUST_1070,2023-06-26 14:00:00,Completed,Virtual Account Bank Transfer,0.0
ORD_24173,CUST_1460,2024-01-18 21:00:00,Shipped,Credit Card,2.92
ORD_24174,CUST_1578,2023-10-17 08:00:00,Completed,QRIS,0.0
ORD_24175,CUST_1313,2024-03-12 05:00:00,Completed,BNPL,0.0
ORD_24176,CUST_1674,2023-09-26 22:00:00,Shipped,Credit Card,0.0
ORD_24177,CUST_1328,2023-08-24 14:00:00,Completed,E-Wallet (GoPay/OVO),6.95
ORD_24178,CUST_1923,2024-08-21 08:00:00,Delivered,QRIS,2.81
ORD_24179,CUST_1184,2023-02-25 20:00:00,Completed,E-Wallet (GoPay/OVO),6.51
ORD_24180,CUST_1566,2024-01-05 13:00:00,Completed,Credit Card,6.71
ORD_24181,CUST_2009,2023-12-02 18:00:00,Completed,QRIS,0.0
ORD_24182,CUST_1221,2023-05-14 23:00:00,Completed,Virtual Account Bank Transfer,2.99
ORD_24183,CUST_1560,2023-09-05 11:00:00,Completed,BNPL,8.29
ORD_24184,CUST_1661,2023-03-18 18:00:00,Completed,BNPL,8.38
ORD_24185,CUST_1383,2024-03-15 08:00:00,Completed,E-Wallet (GoPay/OVO),2.81
ORD_24186,CUST_1391,2024-05-03 19:00:00,Completed,QRIS,3.3
ORD_24187,CUST_1132,2023-10-15 04:00:00,Shipped,QRIS,5.74
ORD_24188,CUST_1241,2023-09-04 20:00:00,Completed,QRIS,8.69
ORD_24189,CUST_1175,2024-12-28 05:00:00,Completed,E-Wallet (GoPay/OVO),0.0
ORD_24190,CUST_1499,2024-02-13 12:00:00,Completed,QRIS,0.0
ORD_24191,CUST_1532,2024-07-31 08:00:00,Delivered,Virtual Account Bank Transfer,0.0
ORD_24192,CUST_1561,2023-02-13 03:00:00,Completed,Credit Card,0.0
ORD_24193,CUST_1263,2023-09-12 03:00:00,Completed,Credit Card,4.79
ORD_24194,CUST_1230,2024-01-27 20:00:00,Completed,BNPL,8.33
ORD_24195,CUST_1078,2023-08-24 15:00:00,Delivered,Credit Card,8.16
ORD_24196,CUST_1350,2023-06-21 03:00:00,Completed,E-Wallet (GoPay/OVO),5.39
ORD_24197,CUST_1306,2024-05-20 23:00:00,Completed,Credit Card,0.0
ORD_24198,CUST_1674,2023-03-26 19:00:00,Completed,Credit Card,2.65
ORD_24199,CUST_1873,2023-07-06 03:00:00,Completed,E-Wallet (GoPay/OVO),3.98
ORD_24200,CUST_1273,2025-03-01 10:00:00,Shipped,E-Wallet (GoPay/OVO),7.86
ORD_24201,CUST_2145,2024-01-18 19:00:00,Completed,E-Wallet (GoPay/OVO),0.0
ORD_24202,CUST_1882,2023-10-23 06:00:00,Delivered,QRIS,8.63
ORD_24203,CUST_2183,2024-03-29 02:00:00,Completed,E-Wallet (GoPay/OVO),0.0
ORD_24204,CUST_2067,2024-03-27 08:00:00,Completed,Credit Card,5.51
ORD_24205,CUST_1048,2023-03-29 17:00:00,Completed,E-Wallet (GoPay/OVO),4.34
ORD_24206,CUST_1504,2023-09-17 09:00:00,Delivered,E-Wallet (GoPay/OVO),4.06
ORD_24207,CUST_1480,2023-01-15 18:00:00,Completed,QRIS,2.71
ORD_24208,CUST_1116,2023-01-15 20:00:00,Completed,Credit Card,0.0
ORD_24209,CUST_1569,2024-05-13 11:00:00,Completed,QRIS,5.7
ORD_24210,CUST_1369,2023-07-22 13:00:00,Shipped,QRIS,0.0
ORD_24211,CUST_1703,2024-07-30 15:00:00,Completed,Virtual Account Bank Transfer,3.09
ORD_24212,CUST_1184,2023-02-08 17:00:00,Shipped,Credit Card,0.0
ORD_24213,CUST_1980,2023-04-05 09:00:00,Shipped,Credit Card,0.0
ORD_24214,CUST_1401,2024-02-25 21:00:00,Completed,QRIS,8.82
ORD_24215,CUST_1737,2023-04-27 20:00:00,Completed,Credit Card,0.0
ORD_24216,CUST_2096,2024-06-20 10:00:00,Delivered,Credit Card,4.51
ORD_24217,CUST_1121,2024-08-26 23:00:00,Completed,Credit Card,6.67
ORD_24218,CUST_1386,2024-02-02 21:00:00,Completed,QRIS,8.29
ORD_24219,CUST_1779,2024-07-01 18:00:00,Completed,Credit Card,0.0
ORD_24220,CUST_2007,2023-11-05 23:00:00,Completed,Credit Card,0.0
ORD_24221,CUST_1814,2023-06-07 22:00:00,Completed,QRIS,5.13
ORD_24222,CUST_1438,2024-03-18 05:00:00,Completed,Credit Card,0.0
ORD_24223,CUST_1283,2024-04-30 11:00:00,Completed,QRIS,6.14
ORD_24224,CUST_1148,2024-03-12 21:00:00,Completed,E-Wallet (GoPay/OVO),0.0
ORD_24225,CUST_1557,2024-04-02 00:00:00,Completed,Credit Card,0.0
ORD_24226,CUST_2052,2023-03-26 16:00:00,Returned,E-Wallet (GoPay/OVO),0.0
ORD_24227,CUST_1994,2023-12-25 04:00:00,Delivered,E-Wallet (GoPay/OVO),7.09
ORD_24228,CUST_1692,2024-08-10 04:00:00,Completed,Credit Card,7.9
ORD_24229,CUST_2182,2024-01-26 23:00:00,Cancelled,E-Wallet (GoPay/OVO),6.82
ORD_24230,CUST_1103,2024-02-04 20:00:00,Completed,Credit Card,2.93
ORD_24231,CUST_2097,2024-06-22 00:00:00,Shipped,QRIS,2.84
ORD_24232,CUST_1997,2023-07-26 04:00:00,Shipped,Virtual Account Bank Transfer,8.27
ORD_24233,CUST_1878,2023-10-10 14:00:00,Shipped,E-Wallet (GoPay/OVO),8.76
ORD_24234,CUST_2065,2023-10-14 00:00:00,Completed,Virtual Account Bank Transfer,8.32
ORD_24235,CUST_2119,2024-01-20 08:00:00,Completed,BNPL,4.64
ORD_24236,CUST_1171,2023-04-02 13:00:00,Cancelled,QRIS,8.53
ORD_24237,CUST_2148,2024-07-03 07:00:00,Completed,Virtual Account Bank Transfer,6.67
ORD_24238,CUST_1990,2023-10-27 04:00:00,Completed,Credit Card,0.0
ORD_24239,CUST_2130,2023-08-04 18:00:00,Completed,QRIS,0.0
ORD_24240,CUST_1974,2023-06-20 13:00:00,Completed,QRIS,4.62
ORD_24241,CUST_1257,2023-10-04 10:00:00,Completed,QRIS,0.0
ORD_24242,CUST_1222,2023-11-22 21:00:00,Cancelled,QRIS,3.59
ORD_24243,CUST_2033,2023-12-07 13:00:00,Completed,BNPL,8.77
ORD_24244,CUST_1425,2023-08-27 07:00:00,Completed,E-Wallet (GoPay/OVO),0.0
ORD_24245,CUST_1398,2024-09-29 12:00:00,Completed,Credit Card,4.72
ORD_24246,CUST_2108,2023-04-14 07:00:00,Delivered,QRIS,7.57
ORD_24247,CUST_1503,2024-09-21 12:00:00,Completed,E-Wallet (GoPay/OVO),2.72
ORD_24248,CUST_1228,2024-02-10 06:00:00,Completed,BNPL,0.0
ORD_24249,CUST_1291,2023-06-29 02:00:00,Cancelled,E-Wallet (GoPay/OVO),0.0
ORD_24250,CUST_1623,2024-01-26 05:00:00,Completed,E-Wallet (GoPay/OVO),5.72
ORD_24251,CUST_1306,2024-05-15 15:00:00,Delivered,BNPL,4.14
ORD_24252,CUST_1309,2023-07-28 23:00:00,Completed,QRIS,6.05
ORD_24253,CUST_1378,2023-10-05 01:00:00,Completed,QRIS,4.96
ORD_24254,CUST_1322,2024-05-17 07:00:00,Completed,E-Wallet (GoPay/OVO),6.01
ORD_24255,CUST_1738,2024-03-26 22:00:00,Completed,Credit Card,0.0
ORD_24256,CUST_1088,2023-05-21 17:00:00,Completed,E-Wallet (GoPay/OVO),0.0
ORD_24257,CUST_2070,2024-07-10 03:00:00,Completed,Virtual Account Bank Transfer,7.33
ORD_24258,CUST_1403,2024-03-17 07:00:00,Completed,Credit Card,5.5
ORD_24259,CUST_1145,2023-10-10 21:00:00,Completed,E-Wallet (GoPay/OVO),0.0
ORD_24260,CUST_1265,2025-02-19 22:00:00,Delivered,Virtual Account Bank Transfer,7.72
ORD_24261,CUST_1636,2023-09-06 04:00:00,Completed,BNPL,0.0
ORD_24262,CUST_2186,2024-06-21 22:00:00,Completed,QRIS,8.16
ORD_24263,CUST_1172,2023-10-24 05:00:00,Completed,Credit Card,7.98
ORD_24264,CUST_1072,2023-09-11 02:00:00,Completed,BNPL,0.0
ORD_24265,CUST_1210,2023-10-05 10:00:00,Completed,Virtual Account Bank Transfer,4.58
ORD_24266,CUST_1554,2024-03-24 01:00:00,Completed,Credit Card,3.72
ORD_24267,CUST_1018,2024-11-16 07:00:00,Completed,QRIS,8.8
ORD_24268,CUST_1751,2023-07-25 12:00:00,Delivered,Credit Card,3.48
ORD_24269,CUST_1273,2023-06-10 21:00:00,Completed,E-Wallet (GoPay/OVO),6.7
ORD_24270,CUST_2080,2023-09-03 21:00:00,Completed,Credit Card,0.0
ORD_24271,CUST_1858,2024-05-04 02:00:00,Completed,E-Wallet (GoPay/OVO),0.0
ORD_24272,CUST_1509,2024-02-29 08:00:00,Completed,Virtual Account Bank Transfer,0.0
ORD_24273,CUST_2199,2024-10-16 16:00:00,Shipped,Virtual Account Bank Transfer,0.0
ORD_24274,CUST_1601,2023-02-02 14:00:00,Completed,QRIS,6.9
ORD_24275,CUST_1499,2023-12-11 07:00:00,Completed,QRIS,8.9
ORD_24276,CUST_1431,2023-12-22 16:00:00,Shipped,BNPL,0.0
ORD_24277,CUST_1697,2023-03-31 01:00:00,Returned,Virtual Account Bank Transfer,6.67
ORD_24278,CUST_1201,2023-05-23 15:00:00,Delivered,BNPL,8.28
ORD_24279,CUST_2184,2023-05-18 18:00:00,Completed,BNPL,8.02
ORD_24280,CUST_1452,2023-12-03 08:00:00,Returned,Virtual Account Bank Transfer,3.56
ORD_24281,CUST_1973,2023-09-21 15:00:00,Returned,BNPL,0.0
ORD_24282,CUST_1808,2023-08-10 07:00:00,Shipped,E-Wallet (GoPay/OVO),6.5
ORD_24283,CUST_1635,2023-09-14 19:00:00,Completed,BNPL,6.24
ORD_24284,CUST_2058,2023-04-27 13:00:00,Completed,Virtual Account Bank Transfer,4.13
ORD_24285,CUST_1803,2023-07-15 06:00:00,Completed,BNPL,4.5
ORD_24286,CUST_1005,2024-09-03 01:00:00,Completed,Credit Card,7.45
ORD_24287,CUST_1252,2024-05-16 03:00:00,Delivered,BNPL,0.0
ORD_24288,CUST_1649,2023-11-12 11:00:00,Completed,Virtual Account Bank Transfer,8.44
ORD_24289,CUST_1644,2024-01-23 10:00:00,Completed,Credit Card,8.55
ORD_24290,CUST_1381,2023-11-05 12:00:00,Completed,Virtual Account Bank Transfer,8.08
ORD_24291,CUST_1278,2024-02-24 23:00:00,Completed,BNPL,0.0
ORD_24292,CUST_1697,2023-04-22 00:00:00,Completed,Virtual Account Bank Transfer,0.0
ORD_24293,CUST_1029,2023-09-06 12:00:00,Delivered,QRIS,0.0
ORD_24294,CUST_2105,2024-06-08 16:00:00,Completed,QRIS,3.66
ORD_24295,CUST_1543,2023-06-24 19:00:00,Shipped,E-Wallet (GoPay/OVO),0.0
ORD_24296,CUST_1053,2024-08-30 08:00:00,Shipped,Virtual Account Bank Transfer,2.67
ORD_24297,CUST_1646,2024-05-27 11:00:00,Completed,BNPL,0.0
ORD_24298,CUST_1921,2023-07-19 11:00:00,Completed,Credit Card,8.38
ORD_24299,CUST_1314,2024-03-04 06:00:00,Completed,Credit Card,7.21
ORD_24300,CUST_1155,2024-06-24 10:00:00,Completed,Virtual Account Bank Transfer,0.0
ORD_24301,CUST_2041,2024-02-28 17:00:00,Cancelled,Virtual Account Bank Transfer,6.15
ORD_24302,CUST_1950,2023-10-30 08:00:00,Shipped,QRIS,0.0
ORD_24303,CUST_1931,2023-09-14 03:00:00,Completed,E-Wallet (GoPay/OVO),0.0
ORD_24304,CUST_1929,2023-10-14 07:00:00,Shipped,Virtual Account Bank Transfer,0.0
ORD_24305,CUST_2052,2023-02-03 22:00:00,Completed,Credit Card,0.0
ORD_24306,CUST_2070,2024-08-09 07:00:00,Delivered,E-Wallet (GoPay/OVO),0.0
ORD_24307,CUST_2046,2023-03-24 07:00:00,Completed,Virtual Account Bank Transfer,5.99
ORD_24308,CUST_1291,2023-03-26 13:00:00,Completed,Virtual Account Bank Transfer,2.82
ORD_24309,CUST_2090,2024-04-11 12:00:00,Completed,BNPL,7.32
ORD_24310,CUST_2049,2023-03-23 12:00:00,Completed,Credit Card,0.0
ORD_24311,CUST_1623,2024-03-26 18:00:00,Completed,QRIS,0.0
ORD_24312,CUST_1070,2023-04-23 12:00:00,Returned,Virtual Account Bank Transfer,4.77
ORD_24313,CUST_1421,2023-10-24 14:00:00,Completed,Virtual Account Bank Transfer,0.0
ORD_24314,CUST_1425,2023-10-18 10:00:00,Completed,Credit Card,8.43
ORD_24315,CUST_1100,2023-06-02 01:00:00,Delivered,QRIS,0.0
ORD_24316,CUST_1646,2024-06-23 14:00:00,Completed,Credit Card,5.98
ORD_24317,CUST_1678,2024-01-30 12:00:00,Completed,Credit Card,5.92
ORD_24318,CUST_1604,2023-05-17 00:00:00,Completed,Credit Card,7.69
ORD_24319,CUST_2071,2023-06-10 02:00:00,Cancelled,BNPL,3.34
ORD_24320,CUST_1413,2023-08-07 03:00:00,Completed,Virtual Account Bank Transfer,0.0
ORD_24321,CUST_1810,2025-06-13 08:00:00,Completed,Credit Card,0.0
ORD_24322,CUST_1724,2023-05-01 19:00:00,Shipped,Virtual Account Bank Transfer,8.57
ORD_24323,CUST_1921,2023-04-28 20:00:00,Shipped,E-Wallet (GoPay/OVO),4.23
ORD_24324,CUST_2103,2023-03-07 22:00:00,Delivered,E-Wallet (GoPay/OVO),0.0
ORD_24325,CUST_1776,2023-08-28 19:00:00,Completed,QRIS,0.0
ORD_24326,CUST_1121,2024-03-18 15:00:00,Completed,Virtual Account Bank Transfer,4.06
ORD_24327,CUST_1098,2025-01-16 05:00:00,Completed,Credit Card,7.46
ORD_24328,CUST_2078,2024-02-14 09:00:00,Completed,Virtual Account Bank Transfer,3.57
ORD_24329,CUST_1451,2023-09-01 13:00:00,Delivered,Virtual Account Bank Transfer,0.0
ORD_24330,CUST_1294,2023-08-20 13:00:00,Shipped,BNPL,7.8
ORD_24331,CUST_1297,2024-01-11 04:00:00,Delivered,BNPL,0.0
ORD_24332,CUST_1079,2024-03-30 18:00:00,Completed,BNPL,3.36
ORD_24333,CUST_1248,2024-02-13 20:00:00,Completed,Virtual Account Bank Transfer,5.96
ORD_24334,CUST_1304,2024-01-04 18:00:00,Completed,Credit Card,7.57
ORD_24335,CUST_1145,2024-05-14 03:00:00,Completed,E-Wallet (GoPay/OVO),0.0
ORD_24336,CUST_2037,2023-08-09 15:00:00,Completed,E-Wallet (GoPay/OVO),0.0
ORD_24337,CUST_1189,2024-08-09 17:00:00,Completed,Virtual Account Bank Transfer,0.0
ORD_24338,CUST_1213,2024-02-05 02:00:00,Completed,BNPL,0.0
ORD_24339,CUST_1777,2023-11-18 10:00:00,Completed,BNPL,4.46
ORD_24340,CUST_1324,2024-05-17 04:00:00,Shipped,QRIS,0.0
ORD_24341,CUST_1949,2024-03-16 19:00:00,Completed,Credit Card,4.98
ORD_24342,CUST_2045,2024-01-20 02:00:00,Shipped,BNPL,7.21
ORD_24343,CUST_1008,2024-01-12 04:00:00,Shipped,E-Wallet (GoPay/OVO),4.81
ORD_24344,CUST_1031,2023-08-26 10:00:00,Completed,Credit Card,8.79
ORD_24345,CUST_1023,2023-11-02 12:00:00,Completed,E-Wallet (GoPay/OVO),4.73
ORD_24346,CUST_1938,2024-05-26 17:00:00,Completed,Virtual Account Bank Transfer,3.01
ORD_24347,CUST_1439,2023-07-24 09:00:00,Delivered,E-Wallet (GoPay/OVO),8.54
ORD_24348,CUST_1246,2023-12-31 17:00:00,Completed,QRIS,6.92
ORD_24349,CUST_1423,2024-05-29 01:00:00,Completed,BNPL,0.0
ORD_24350,CUST_1535,2024-08-06 17:00:00,Cancelled,Virtual Account Bank Transfer,8.91
ORD_24351,CUST_1770,2023-07-22 17:00:00,Completed,Virtual Account Bank Transfer,0.0
ORD_24352,CUST_1160,2024-05-17 15:00:00,Completed,QRIS,7.03
ORD_24353,CUST_1315,2023-04-05 13:00:00,Completed,E-Wallet (GoPay/OVO),3.12
ORD_24354,CUST_1095,2024-01-02 00:00:00,Shipped,E-Wallet (GoPay/OVO),0.0
ORD_24355,CUST_1699,2024-01-13 19:00:00,Completed,Credit Card,0.0
ORD_24356,CUST_1507,2024-04-14 11:00:00,Completed,Virtual Account Bank Transfer,0.0
ORD_24357,CUST_1668,2023-06-13 18:00:00,Shipped,Credit Card,3.16
ORD_24358,CUST_1738,2024-01-26 22:00:00,Completed,E-Wallet (GoPay/OVO),7.26
ORD_24359,CUST_1828,2024-05-13 17:00:00,Completed,Credit Card,0.0
ORD_24360,CUST_1146,2023-12-18 23:00:00,Completed,BNPL,0.0
ORD_24361,CUST_1300,2023-09-08 09:00:00,Completed,E-Wallet (GoPay/OVO),0.0
ORD_24362,CUST_1302,2023-11-01 13:00:00,Completed,E-Wallet (GoPay/OVO),0.0
ORD_24363,CUST_1829,2024-01-18 19:00:00,Completed,BNPL,3.6
ORD_24364,CUST_1247,2024-06-19 05:00:00,Completed,QRIS,6.75
ORD_24365,CUST_1757,2024-02-07 14:00:00,Delivered,Credit Card,0.0
ORD_24366,CUST_2146,2023-09-22 01:00:00,Completed,QRIS,0.0
ORD_24367,CUST_1849,2023-12-11 00:00:00,Completed,QRIS,0.0
ORD_24368,CUST_1633,2023-11-16 15:00:00,Shipped,Credit Card,3.14
ORD_24369,CUST_1695,2023-04-27 19:00:00,Completed,BNPL,6.42
ORD_24370,CUST_1272,2023-12-23 12:00:00,Completed,QRIS,0.0
ORD_24371,CUST_1954,2023-05-12 23:00:00,Completed,E-Wallet (GoPay/OVO),2.54
ORD_24372,CUST_1131,2023-03-11 09:00:00,Completed,Virtual Account Bank Transfer,7.76
ORD_24373,CUST_2157,2023-02-16 04:00:00,Completed,QRIS,5.24
ORD_24374,CUST_1820,2023-08-04 03:00:00,Completed,E-Wallet (GoPay/OVO),0.0
ORD_24375,CUST_1490,2024-01-01 09:00:00,Delivered,QRIS,0.0
ORD_24376,CUST_1684,2024-03-22 00:00:00,Completed,Credit Card,0.0
ORD_24377,CUST_1079,2024-05-10 12:00:00,Returned,Virtual Account Bank Transfer,0.0
ORD_24378,CUST_1925,2024-07-14 18:00:00,Completed,BNPL,0.0
ORD_24379,CUST_1103,2024-05-16 02:00:00,Completed,Virtual Account Bank Transfer,7.49
ORD_24380,CUST_1327,2023-11-13 23:00:00,Cancelled,Virtual Account Bank Transfer,2.54
ORD_24381,CUST_1319,2024-02-19 20:00:00,Completed,Virtual Account Bank Transfer,0.0
ORD_24382,CUST_1362,2023-09-16 06:00:00,Shipped,QRIS,2.82
ORD_24383,CUST_1489,2024-05-25 12:00:00,Completed,QRIS,8.35
ORD_24384,CUST_1361,2024-04-08 05:00:00,Completed,E-Wallet (GoPay/OVO),3.29
ORD_24385,CUST_1736,2023-07-13 20:00:00,Completed,Virtual Account Bank Transfer,0.0
ORD_24386,CUST_1580,2024-02-10 11:00:00,Completed,E-Wallet (GoPay/OVO),0.0
ORD_24387,CUST_1253,2024-08-01 01:00:00,Shipped,E-Wallet (GoPay/OVO),6.04
ORD_24388,CUST_1961,2024-12-26 22:00:00,Cancelled,Credit Card,0.0
ORD_24389,CUST_1582,2023-12-19 21:00:00,Returned,QRIS,6.84
ORD_24390,CUST_1928,2023-05-06 08:00:00,Completed,Virtual Account Bank Transfer,8.24
ORD_24391,CUST_1062,2024-03-23 13:00:00,Delivered,E-Wallet (GoPay/OVO),0.0
ORD_24392,CUST_1816,2024-10-22 19:00:00,Completed,Credit Card,5.79
ORD_24393,CUST_1572,2023-08-27 07:00:00,Completed,QRIS,0.0
ORD_24394,CUST_1852,2024-03-08 03:00:00,Completed,Virtual Account Bank Transfer,7.87
ORD_24395,CUST_1829,2024-06-04 12:00:00,Completed,E-Wallet (GoPay/OVO),4.49
ORD_24396,CUST_1632,2023-05-08 16:00:00,Shipped,E-Wallet (GoPay/OVO),0.0
ORD_24397,CUST_1985,2023-02-16 00:00:00,Shipped,Virtual Account Bank Transfer,3.13
ORD_24398,CUST_1280,2024-04-28 13:00:00,Completed,QRIS,5.74
ORD_24399,CUST_1190,2024-08-09 19:00:00,Shipped,Credit Card,4.21
ORD_24400,CUST_1053,2024-05-27 14:00:00,Completed,BNPL,5.78
ORD_24401,CUST_2008,2023-10-02 01:00:00,Completed,Credit Card,0.0
ORD_24402,CUST_2050,2024-01-12 22:00:00,Completed,Credit Card,0.0
ORD_24403,CUST_1700,2023-07-24 23:00:00,Completed,Virtual Account Bank Transfer,0.0
ORD_24404,CUST_1720,2024-02-18 04:00:00,Completed,BNPL,7.12
ORD_24405,CUST_1627,2023-02-10 17:00:00,Delivered,E-Wallet (GoPay/OVO),3.77
ORD_24406,CUST_1831,2024-02-08 12:00:00,Shipped,BNPL,0.0
ORD_24407,CUST_1496,2023-02-23 19:00:00,Completed,QRIS,5.08
ORD_24408,CUST_1992,2024-04-02 08:00:00,Completed,QRIS,6.11
ORD_24409,CUST_1735,2023-05-24 18:00:00,Completed,BNPL,6.89
ORD_24410,CUST_1254,2024-08-17 07:00:00,Completed,E-Wallet (GoPay/OVO),0.0
ORD_24411,CUST_2128,2024-01-17 20:00:00,Cancelled,BNPL,8.67
ORD_24412,CUST_1762,2023-08-26 12:00:00,Completed,Credit Card,4.14
ORD_24413,CUST_1568,2023-07-10 13:00:00,Shipped,Credit Card,8.9
ORD_24414,CUST_2124,2024-04-10 19:00:00,Completed,QRIS,0.0
ORD_24415,CUST_1983,2023-12-24 19:00:00,Completed,E-Wallet (GoPay/OVO),8.03
ORD_24416,CUST_1699,2023-12-09 11:00:00,Completed,BNPL,5.11
ORD_24417,CUST_2169,2023-06-07 05:00:00,Completed,QRIS,6.27
ORD_24418,CUST_1211,2023-10-24 06:00:00,Delivered,BNPL,3.91
ORD_24419,CUST_1491,2023-06-29 17:00:00,Completed,E-Wallet (GoPay/OVO),5.93
ORD_24420,CUST_1637,2023-07-10 16:00:00,Completed,Virtual Account Bank Transfer,0.0
ORD_24421,CUST_1826,2023-12-28 21:00:00,Returned,QRIS,0.0
ORD_24422,CUST_1208,2024-04-21 10:00:00,Delivered,QRIS,0.0
ORD_24423,CUST_1221,2023-07-06 14:00:00,Completed,Virtual Account Bank Transfer,2.84
ORD_24424,CUST_2196,2024-09-28 19:00:00,Completed,Credit Card,0.0
ORD_24425,CUST_2170,2024-01-13 07:00:00,Completed,Virtual Account Bank Transfer,0.0
ORD_24426,CUST_1350,2023-01-11 18:00:00,Completed,Virtual Account Bank Transfer,3.39
ORD_24427,CUST_2153,2023-09-09 12:00:00,Completed,E-Wallet (GoPay/OVO),7.2
ORD_24428,CUST_2166,2024-03-01 20:00:00,Cancelled,Credit Card,0.0
ORD_24429,CUST_1526,2024-02-04 21:00:00,Delivered,BNPL,7.16
ORD_24430,CUST_1011,2024-05-05 03:00:00,Shipped,Virtual Account Bank Transfer,6.63
ORD_24431,CUST_1778,2023-08-14 12:00:00,Completed,Virtual Account Bank Transfer,3.22
ORD_24432,CUST_1042,2023-08-14 07:00:00,Cancelled,BNPL,2.82
ORD_24433,CUST_1823,2024-07-14 04:00:00,Completed,Virtual Account Bank Transfer,6.06
ORD_24434,CUST_1113,2023-03-03 03:00:00,Completed,E-Wallet (GoPay/OVO),7.65
ORD_24435,CUST_2146,2024-02-23 11:00:00,Completed,E-Wallet (GoPay/OVO),4.59
ORD_24436,CUST_1694,2024-05-03 15:00:00,Completed,QRIS,2.58
ORD_24437,CUST_1913,2023-03-01 17:00:00,Completed,BNPL,7.05
ORD_24438,CUST_1922,2024-12-21 15:00:00,Cancelled,BNPL,3.45
ORD_24439,CUST_2191,2024-07-07 09:00:00,Completed,Credit Card,0.0
ORD_24440,CUST_1864,2023-07-05 11:00:00,Delivered,BNPL,0.0
ORD_24441,CUST_2123,2023-06-08 19:00:00,Returned,QRIS,0.0
ORD_24442,CUST_1573,2023-12-17 14:00:00,Completed,QRIS,4.96
ORD_24443,CUST_1681,2024-12-11 07:00:00,Completed,BNPL,4.95
ORD_24444,CUST_1601,2023-03-05 08:00:00,Completed,Virtual Account Bank Transfer,4.36
ORD_24445,CUST_2032,2023-03-30 14:00:00,Completed,BNPL,6.79
ORD_24446,CUST_2194,2024-03-15 06:00:00,Completed,E-Wallet (GoPay/OVO),3.59
ORD_24447,CUST_2089,2023-02-23 02:00:00,Completed,QRIS,7.41
ORD_24448,CUST_1500,2024-02-16 01:00:00,Completed,E-Wallet (GoPay/OVO),0.0
ORD_24449,CUST_1993,2024-02-27 19:00:00,Completed,Credit Card,0.0
ORD_24450,CUST_1291,2023-09-19 12:00:00,Completed,BNPL,4.38
ORD_24451,CUST_2128,2023-06-18 12:00:00,Cancelled,BNPL,0.0
ORD_24452,CUST_1574,2024-05-30 13:00:00,Cancelled,Virtual Account Bank Transfer,7.89
ORD_24453,CUST_1704,2024-09-30 19:00:00,Completed,Credit Card,5.55
ORD_24454,CUST_1861,2024-02-29 02:00:00,Completed,Virtual Account Bank Transfer,8.8
ORD_24455,CUST_1028,2023-11-14 04:00:00,Completed,QRIS,5.61
ORD_24456,CUST_1398,2024-07-11 19:00:00,Completed,Virtual Account Bank Transfer,8.46
ORD_24457,CUST_1125,2024-12-15 04:00:00,Completed,Virtual Account Bank Transfer,0.0
ORD_24458,CUST_1247,2024-05-15 10:00:00,Completed,BNPL,0.0
ORD_24459,CUST_1351,2024-04-28 04:00:00,Completed,BNPL,8.83
ORD_24460,CUST_1977,2025-12-30 16:00:00,Completed,Virtual Account Bank Transfer,3.65
ORD_24461,CUST_1691,2023-10-05 22:00:00,Completed,QRIS,3.52
ORD_24462,CUST_1893,2024-10-21 20:00:00,Completed,BNPL,0.0
ORD_24463,CUST_2049,2023-07-23 20:00:00,Completed,Credit Card,0.0
ORD_24464,CUST_2007,2023-11-09 05:00:00,Completed,BNPL,0.0
ORD_24465,CUST_1462,2024-03-13 12:00:00,Completed,QRIS,4.45
ORD_24466,CUST_1954,2024-01-01 05:00:00,Shipped,Credit Card,0.0
ORD_24467,CUST_1649,2024-01-09 19:00:00,Completed,Credit Card,4.79
ORD_24468,CUST_1485,2023-09-21 13:00:00,Shipped,BNPL,0.0
ORD_24469,CUST_1093,2023-08-07 22:00:00,Completed,QRIS,6.76
ORD_24470,CUST_1882,2023-08-26 10:00:00,Delivered,Virtual Account Bank Transfer,4.55
ORD_24471,CUST_1835,2024-02-24 08:00:00,Delivered,Credit Card,0.0
ORD_24472,CUST_1369,2023-08-10 04:00:00,Completed,BNPL,8.8
ORD_24473,CUST_1264,2024-03-31 06:00:00,Delivered,QRIS,0.0
ORD_24474,CUST_1070,2023-04-13 21:00:00,Cancelled,Virtual Account Bank Transfer,3.15
ORD_24475,CUST_1013,2024-05-26 11:00:00,Completed,Credit Card,5.63
ORD_24476,CUST_1620,2023-08-27 00:00:00,Completed,BNPL,0.0
ORD_24477,CUST_1628,2023-11-06 01:00:00,Completed,Virtual Account Bank Transfer,8.79
ORD_24478,CUST_1805,2024-02-14 19:00:00,Completed,QRIS,8.31
ORD_24479,CUST_1823,2024-04-12 08:00:00,Completed,Virtual Account Bank Transfer,3.6
ORD_24480,CUST_1580,2024-02-09 08:00:00,Completed,QRIS,8.45
ORD_24481,CUST_2167,2023-10-27 20:00:00,Completed,Credit Card,7.46
ORD_24482,CUST_1547,2023-08-07 15:00:00,Cancelled,E-Wallet (GoPay/OVO),5.21
ORD_24483,CUST_1803,2023-03-12 19:00:00,Delivered,E-Wallet (GoPay/OVO),0.0
ORD_24484,CUST_1068,2024-01-23 06:00:00,Completed,BNPL,2.81
ORD_24485,CUST_1896,2024-02-07 16:00:00,Completed,QRIS,7.88
ORD_24486,CUST_1990,2023-11-19 00:00:00,Completed,BNPL,3.9
ORD_24487,CUST_1382,2023-10-30 07:00:00,Delivered,Credit Card,7.34
ORD_24488,CUST_2027,2023-08-13 03:00:00,Completed,BNPL,0.0
ORD_24489,CUST_1726,2024-01-15 10:00:00,Shipped,Credit Card,0.0
ORD_24490,CUST_2048,2023-06-28 18:00:00,Completed,Virtual Account Bank Transfer,8.78
ORD_24491,CUST_1123,2024-01-12 13:00:00,Completed,Credit Card,0.0
ORD_24492,CUST_1369,2023-07-03 13:00:00,Shipped,QRIS,7.29
ORD_24493,CUST_1888,2024-05-07 04:00:00,Returned,Virtual Account Bank Transfer,0.0
ORD_24494,CUST_1251,2024-12-08 03:00:00,Completed,E-Wallet (GoPay/OVO),3.11
ORD_24495,CUST_1060,2024-03-29 16:00:00,Completed,BNPL,5.65
ORD_24496,CUST_2155,2024-02-04 15:00:00,Completed,E-Wallet (GoPay/OVO),3.65
ORD_24497,CUST_1759,2023-07-14 19:00:00,Completed,Virtual Account Bank Transfer,0.0
ORD_24498,CUST_2130,2023-08-23 09:00:00,Completed,E-Wallet (GoPay/OVO),0.0
ORD_24499,CUST_2081,2023-11-17 19:00:00,Completed,E-Wallet (GoPay/OVO),0.0
ORD_24500,CUST_1155,2024-03-22 02:00:00,Cancelled,QRIS,2.87
ORD_24501,CUST_2200,2024-01-04 15:00:00,Completed,QRIS,0.0
ORD_24502,CUST_1331,2023-12-26 15:00:00,Shipped,Virtual Account Bank Transfer,5.05
ORD_24503,CUST_1796,2023-03-22 09:00:00,Completed,BNPL,0.0
ORD_24504,CUST_2015,2024-04-30 18:00:00,Completed,Virtual Account Bank Transfer,0.0
ORD_24505,CUST_1351,2023-09-11 23:00:00,Completed,QRIS,5.87
ORD_24506,CUST_2110,2023-11-19 18:00:00,Cancelled,Credit Card,5.03
ORD_24507,CUST_1816,2024-06-17 03:00:00,Completed,BNPL,4.17
ORD_24508,CUST_1796,2023-04-08 22:00:00,Completed,Virtual Account Bank Transfer,2.67
ORD_24509,CUST_2082,2023-06-27 13:00:00,Shipped,QRIS,0.0
ORD_24510,CUST_1787,2023-09-13 05:00:00,Completed,Credit Card,0.0
ORD_24511,CUST_1809,2024-01-08 00:00:00,Shipped,Virtual Account Bank Transfer,5.33
ORD_24512,CUST_2182,2024-04-18 21:00:00,Completed,Virtual Account Bank Transfer,7.31
ORD_24513,CUST_1761,2024-02-15 16:00:00,Delivered,QRIS,7.08
ORD_24514,CUST_1757,2023-07-21 08:00:00,Shipped,QRIS,0.0
ORD_24515,CUST_2121,2024-03-10 09:00:00,Completed,Virtual Account Bank Transfer,0.0
ORD_24516,CUST_1624,2023-02-15 23:00:00,Completed,BNPL,8.0
ORD_24517,CUST_1876,2024-04-21 06:00:00,Completed,E-Wallet (GoPay/OVO),7.7
ORD_24518,CUST_1617,2023-07-31 15:00:00,Completed,QRIS,5.55
ORD_24519,CUST_1186,2024-02-12 02:00:00,Completed,BNPL,0.0
ORD_24520,CUST_1556,2024-03-16 07:00:00,Completed,QRIS,0.0
ORD_24521,CUST_1539,2023-10-28 06:00:00,Cancelled,Credit Card,0.0
ORD_24522,CUST_1248,2023-11-16 21:00:00,Shipped,Virtual Account Bank Transfer,4.07
ORD_24523,CUST_1284,2023-04-10 03:00:00,Completed,BNPL,3.26
ORD_24524,CUST_1623,2024-02-03 20:00:00,Completed,BNPL,5.18
ORD_24525,CUST_1488,2024-07-13 03:00:00,Shipped,Virtual Account Bank Transfer,0.0
ORD_24526,CUST_2193,2023-08-17 05:00:00,Completed,Credit Card,0.0
ORD_24527,CUST_1098,2024-08-10 06:00:00,Completed,Virtual Account Bank Transfer,0.0
ORD_24528,CUST_1916,2023-10-31 14:00:00,Completed,E-Wallet (GoPay/OVO),5.86
ORD_24529,CUST_1868,2024-08-08 13:00:00,Completed,QRIS,0.0
ORD_24530,CUST_2071,2023-05-24 03:00:00,Completed,BNPL,0.0
ORD_24531,CUST_1648,2023-08-16 19:00:00,Completed,QRIS,0.0
ORD_24532,CUST_1727,2023-03-14 09:00:00,Shipped,Credit Card,0.0
ORD_24533,CUST_1607,2024-08-28 12:00:00,Completed,Credit Card,8.88
ORD_24534,CUST_1442,2025-01-22 07:00:00,Delivered,BNPL,0.0
ORD_24535,CUST_1753,2023-06-07 21:00:00,Shipped,BNPL,5.46
ORD_24536,CUST_1685,2024-11-27 15:00:00,Completed,E-Wallet (GoPay/OVO),3.89
ORD_24537,CUST_1586,2023-03-17 23:00:00,Completed,Virtual Account Bank Transfer,0.0
ORD_24538,CUST_1721,2023-06-15 08:00:00,Completed,Virtual Account Bank Transfer,0.0
ORD_24539,CUST_2114,2023-02-08 19:00:00,Cancelled,Credit Card,0.0
ORD_24540,CUST_1459,2024-06-29 06:00:00,Completed,QRIS,4.14
ORD_24541,CUST_2105,2024-05-20 23:00:00,Completed,Virtual Account Bank Transfer,4.43
ORD_24542,CUST_1408,2023-09-25 20:00:00,Completed,E-Wallet (GoPay/OVO),8.76
ORD_24543,CUST_1347,2023-04-24 11:00:00,Completed,QRIS,5.72
ORD_24544,CUST_2087,2024-01-27 08:00:00,Completed,BNPL,0.0
ORD_24545,CUST_1061,2023-09-14 10:00:00,Completed,BNPL,0.0
ORD_24546,CUST_1017,2024-02-08 22:00:00,Completed,Virtual Account Bank Transfer,3.22
ORD_24547,CUST_1203,2023-10-08 01:00:00,Completed,Virtual Account Bank Transfer,2.85
ORD_24548,CUST_1501,2024-05-21 15:00:00,Shipped,QRIS,6.36
ORD_24549,CUST_1654,2023-10-05 08:00:00,Completed,E-Wallet (GoPay/OVO),6.52
ORD_24550,CUST_1149,2023-11-19 06:00:00,Delivered,QRIS,3.67
ORD_24551,CUST_1595,2024-04-08 18:00:00,Completed,QRIS,3.26
ORD_24552,CUST_1840,2023-10-25 15:00:00,Completed,Credit Card,0.0
ORD_24553,CUST_1150,2023-01-30 10:00:00,Completed,QRIS,4.25
ORD_24554,CUST_1795,2023-03-14 09:00:00,Delivered,QRIS,0.0
ORD_24555,CUST_1498,2023-04-17 22:00:00,Completed,Virtual Account Bank Transfer,0.0
ORD_24556,CUST_1308,2023-08-11 20:00:00,Cancelled,E-Wallet (GoPay/OVO),7.84
ORD_24557,CUST_1766,2023-11-19 01:00:00,Shipped,E-Wallet (GoPay/OVO),0.0
ORD_24558,CUST_2063,2023-05-21 09:00:00,Delivered,Virtual Account Bank Transfer,0.0
ORD_24559,CUST_1819,2024-05-11 19:00:00,Completed,Virtual Account Bank Transfer,7.32
ORD_24560,CUST_1294,2023-09-26 18:00:00,Completed,QRIS,6.84
ORD_24561,CUST_1680,2023-03-10 14:00:00,Completed,Credit Card,3.3
ORD_24562,CUST_1689,2025-03-19 21:00:00,Completed,Virtual Account Bank Transfer,5.26
ORD_24563,CUST_1067,2023-05-30 16:00:00,Completed,QRIS,0.0
ORD_24564,CUST_2071,2023-04-12 22:00:00,Delivered,Credit Card,0.0
ORD_24565,CUST_2004,2024-05-22 02:00:00,Completed,E-Wallet (GoPay/OVO),6.94
ORD_24566,CUST_1786,2023-12-02 17:00:00,Shipped,BNPL,0.0
ORD_24567,CUST_1405,2024-02-10 03:00:00,Shipped,Credit Card,0.0
ORD_24568,CUST_1307,2024-04-09 05:00:00,Completed,Virtual Account Bank Transfer,0.0
ORD_24569,CUST_1399,2023-06-21 01:00:00,Completed,BNPL,8.8
ORD_24570,CUST_1828,2023-11-21 23:00:00,Completed,E-Wallet (GoPay/OVO),6.76
ORD_24571,CUST_2075,2024-02-12 06:00:00,Completed,BNPL,6.2
ORD_24572,CUST_1786,2023-09-24 07:00:00,Completed,Virtual Account Bank Transfer,6.93
ORD_24573,CUST_1152,2023-04-05 06:00:00,Returned,QRIS,3.98
ORD_24574,CUST_2039,2023-09-03 20:00:00,Completed,QRIS,0.0
ORD_24575,CUST_1270,2024-02-20 18:00:00,Cancelled,BNPL,0.0
ORD_24576,CUST_1920,2023-11-10 05:00:00,Completed,Virtual Account Bank Transfer,8.01
ORD_24577,CUST_1878,2023-10-18 20:00:00,Completed,E-Wallet (GoPay/OVO),0.0
ORD_24578,CUST_1374,2023-04-26 20:00:00,Completed,Credit Card,0.0
ORD_24579,CUST_1186,2023-11-17 03:00:00,Shipped,E-Wallet (GoPay/OVO),4.6
ORD_24580,CUST_2026,2023-06-12 21:00:00,Completed,QRIS,2.93
ORD_24581,CUST_1225,2023-11-09 10:00:00,Cancelled,BNPL,0.0
ORD_24582,CUST_1692,2024-02-11 04:00:00,Completed,QRIS,0.0
ORD_24583,CUST_2070,2024-05-11 07:00:00,Completed,BNPL,0.0
ORD_24584,CUST_2156,2024-06-06 07:00:00,Completed,E-Wallet (GoPay/OVO),0.0
ORD_24585,CUST_1612,2023-12-26 16:00:00,Completed,Credit Card,0.0
ORD_24586,CUST_1036,2023-07-06 18:00:00,Completed,Virtual Account Bank Transfer,0.0
ORD_24587,CUST_2007,2023-10-17 05:00:00,Completed,Credit Card,0.0
ORD_24588,CUST_1662,2024-03-08 03:00:00,Completed,BNPL,8.04
ORD_24589,CUST_1754,2023-03-25 16:00:00,Completed,Virtual Account Bank Transfer,0.0
ORD_24590,CUST_1769,2023-11-10 23:00:00,Completed,BNPL,8.53
ORD_24591,CUST_1979,2023-11-05 14:00:00,Completed,BNPL,3.85
ORD_24592,CUST_1860,2023-07-20 22:00:00,Completed,E-Wallet (GoPay/OVO),4.81
ORD_24593,CUST_1404,2023-12-11 05:00:00,Completed,QRIS,4.34
ORD_24594,CUST_1588,2023-10-27 18:00:00,Returned,BNPL,0.0
ORD_24595,CUST_1134,2023-11-08 16:00:00,Completed,Virtual Account Bank Transfer,4.43
ORD_24596,CUST_1839,2023-11-30 22:00:00,Completed,E-Wallet (GoPay/OVO),0.0
ORD_24597,CUST_1753,2023-07-24 13:00:00,Delivered,E-Wallet (GoPay/OVO),2.87
ORD_24598,CUST_1373,2024-05-06 12:00:00,Completed,QRIS,0.0
ORD_24599,CUST_1892,2024-03-03 14:00:00,Completed,QRIS,7.99
ORD_24600,CUST_2012,2024-05-23 02:00:00,Completed,E-Wallet (GoPay/OVO),3.45
ORD_24601,CUST_1923,2024-06-16 02:00:00,Completed,Credit Card,3.36
ORD_24602,CUST_1750,2024-09-12 15:00:00,Shipped,Virtual Account Bank Transfer,6.84
ORD_24603,CUST_2108,2023-03-05 18:00:00,Completed,Credit Card,0.0
ORD_24604,CUST_1924,2024-03-21 20:00:00,Completed,Credit Card,0.0
ORD_24605,CUST_2089,2023-02-08 17:00:00,Completed,E-Wallet (GoPay/OVO),0.0
ORD_24606,CUST_1906,2023-09-16 23:00:00,Completed,Credit Card,5.49
ORD_24607,CUST_1587,2024-08-10 15:00:00,Completed,Virtual Account Bank Transfer,0.0
ORD_24608,CUST_1085,2024-10-23 17:00:00,Completed,QRIS,5.6
ORD_24609,CUST_2004,2024-04-03 02:00:00,Completed,QRIS,2.86
ORD_24610,CUST_1204,2024-06-15 00:00:00,Completed,BNPL,2.95
ORD_24611,CUST_1260,2023-07-19 11:00:00,Completed,BNPL,3.61
ORD_24612,CUST_1471,2023-08-10 11:00:00,Cancelled,QRIS,7.21
ORD_24613,CUST_1976,2023-04-18 15:00:00,Delivered,Virtual Account Bank Transfer,3.48
ORD_24614,CUST_1551,2023-09-12 23:00:00,Completed,BNPL,0.0
ORD_24615,CUST_1996,2023-01-07 08:00:00,Completed,E-Wallet (GoPay/OVO),5.25
ORD_24616,CUST_1245,2024-02-21 09:00:00,Completed,E-Wallet (GoPay/OVO),8.68
ORD_24617,CUST_1954,2023-07-15 06:00:00,Completed,BNPL,5.67
ORD_24618,CUST_1035,2023-09-24 11:00:00,Completed,BNPL,0.0
ORD_24619,CUST_1165,2023-07-20 06:00:00,Completed,BNPL,2.97
ORD_24620,CUST_1045,2023-04-20 19:00:00,Completed,Credit Card,0.0
ORD_24621,CUST_2048,2023-07-11 04:00:00,Shipped,Virtual Account Bank Transfer,8.05
ORD_24622,CUST_1779,2023-11-25 12:00:00,Completed,QRIS,3.76
ORD_24623,CUST_1662,2024-01-01 02:00:00,Delivered,BNPL,5.76
ORD_24624,CUST_1643,2024-05-08 07:00:00,Delivered,Credit Card,0.0
ORD_24625,CUST_1464,2024-01-18 03:00:00,Completed,BNPL,5.58
ORD_24626,CUST_1161,2024-02-28 06:00:00,Completed,Credit Card,0.0
ORD_24627,CUST_1029,2023-09-03 06:00:00,Shipped,E-Wallet (GoPay/OVO),6.76
ORD_24628,CUST_1114,2024-07-17 00:00:00,Cancelled,QRIS,5.41
ORD_24629,CUST_1726,2024-02-01 12:00:00,Shipped,E-Wallet (GoPay/OVO),0.0
ORD_24630,CUST_2194,2024-03-11 09:00:00,Completed,Credit Card,8.4
ORD_24631,CUST_1892,2024-01-13 21:00:00,Completed,E-Wallet (GoPay/OVO),0.0
ORD_24632,CUST_1701,2024-01-30 11:00:00,Completed,BNPL,3.55
ORD_24633,CUST_2016,2024-03-09 00:00:00,Completed,E-Wallet (GoPay/OVO),0.0
ORD_24634,CUST_1869,2024-02-07 07:00:00,Completed,E-Wallet (GoPay/OVO),0.0
ORD_24635,CUST_1869,2024-03-15 06:00:00,Completed,E-Wallet (GoPay/OVO),0.0
ORD_24636,CUST_1443,2023-01-25 14:00:00,Cancelled,Virtual Account Bank Transfer,0.0
ORD_24637,CUST_2190,2023-06-26 00:00:00,Shipped,QRIS,6.48
ORD_24638,CUST_2043,2023-03-17 03:00:00,Completed,BNPL,0.0
ORD_24639,CUST_1541,2023-02-13 01:00:00,Completed,Virtual Account Bank Transfer,2.62
ORD_24640,CUST_1405,2024-01-22 10:00:00,Shipped,Virtual Account Bank Transfer,8.32
ORD_24641,CUST_1435,2023-12-14 03:00:00,Completed,Virtual Account Bank Transfer,0.0
ORD_24642,CUST_2185,2024-01-02 15:00:00,Completed,BNPL,7.3
ORD_24643,CUST_2034,2023-09-20 01:00:00,Completed,QRIS,0.0
ORD_24644,CUST_1328,2023-07-05 02:00:00,Completed,QRIS,0.0
ORD_24645,CUST_1358,2023-07-31 02:00:00,Completed,BNPL,0.0
ORD_24646,CUST_1493,2024-03-20 18:00:00,Cancelled,QRIS,0.0
ORD_24647,CUST_1125,2024-07-06 20:00:00,Completed,E-Wallet (GoPay/OVO),0.0
ORD_24648,CUST_1241,2024-02-09 07:00:00,Completed,E-Wallet (GoPay/OVO),3.17
ORD_24649,CUST_1358,2023-08-31 06:00:00,Completed,QRIS,7.33
ORD_24650,CUST_1098,2024-05-08 02:00:00,Completed,BNPL,3.56
ORD_24651,CUST_2028,2024-04-12 05:00:00,Completed,BNPL,0.0
ORD_24652,CUST_1966,2023-11-04 02:00:00,Completed,BNPL,7.08
ORD_24653,CUST_1638,2024-05-09 05:00:00,Completed,BNPL,0.0
ORD_24654,CUST_1299,2023-06-09 02:00:00,Shipped,BNPL,5.44
ORD_24655,CUST_1447,2023-03-20 07:00:00,Delivered,Virtual Account Bank Transfer,0.0
ORD_24656,CUST_2125,2023-05-16 02:00:00,Completed,QRIS,8.02
ORD_24657,CUST_1269,2023-12-22 23:00:00,Completed,BNPL,0.0
ORD_24658,CUST_2082,2023-10-05 00:00:00,Cancelled,QRIS,4.49
ORD_24659,CUST_1574,2024-08-27 04:00:00,Completed,QRIS,8.57
ORD_24660,CUST_1034,2023-07-09 08:00:00,Shipped,E-Wallet (GoPay/OVO),2.62
ORD_24661,CUST_1605,2024-04-03 02:00:00,Completed,Credit Card,7.51
ORD_24662,CUST_1507,2024-10-29 23:00:00,Completed,E-Wallet (GoPay/OVO),4.52
ORD_24663,CUST_1931,2023-10-28 02:00:00,Completed,E-Wallet (GoPay/OVO),7.15
ORD_24664,CUST_1101,2023-09-01 01:00:00,Completed,Credit Card,6.45
ORD_24665,CUST_1824,2023-03-27 17:00:00,Completed,Credit Card,7.63
ORD_24666,CUST_2185,2024-04-02 17:00:00,Completed,QRIS,3.31
ORD_24667,CUST_1173,2023-02-12 20:00:00,Completed,Credit Card,3.98
ORD_24668,CUST_1739,2023-08-04 13:00:00,Completed,Credit Card,5.38
ORD_24669,CUST_1780,2024-02-01 21:00:00,Shipped,QRIS,3.28
ORD_24670,CUST_2104,2024-02-12 15:00:00,Shipped,Credit Card,3.83
ORD_24671,CUST_1180,2024-02-27 08:00:00,Completed,Credit Card,3.15
ORD_24672,CUST_1376,2024-06-13 08:00:00,Completed,Credit Card,7.37
ORD_24673,CUST_1574,2024-04-04 03:00:00,Completed,QRIS,0.0
ORD_24674,CUST_1153,2023-08-16 07:00:00,Completed,Credit Card,3.6
ORD_24675,CUST_1249,2024-09-14 07:00:00,Completed,E-Wallet (GoPay/OVO),6.29
ORD_24676,CUST_1668,2023-04-12 17:00:00,Completed,E-Wallet (GoPay/OVO),6.0
ORD_24677,CUST_1178,2024-08-09 00:00:00,Completed,BNPL,6.47
ORD_24678,CUST_1735,2023-07-04 20:00:00,Delivered,Virtual Account Bank Transfer,2.66
ORD_24679,CUST_1706,2023-05-16 07:00:00,Returned,Credit Card,7.82
ORD_24680,CUST_1867,2024-11-10 16:00:00,Delivered,BNPL,5.57
ORD_24681,CUST_1032,2024-03-27 16:00:00,Completed,QRIS,3.4
ORD_24682,CUST_1024,2023-03-11 19:00:00,Cancelled,E-Wallet (GoPay/OVO),2.83
ORD_24683,CUST_1745,2024-06-02 21:00:00,Completed,E-Wallet (GoPay/OVO),0.0
ORD_24684,CUST_2002,2024-03-27 17:00:00,Completed,QRIS,0.0
ORD_24685,CUST_1356,2023-11-28 21:00:00,Completed,BNPL,8.19
ORD_24686,CUST_1255,2023-08-13 13:00:00,Completed,Virtual Account Bank Transfer,3.08
ORD_24687,CUST_1893,2024-05-15 12:00:00,Completed,QRIS,3.13
ORD_24688,CUST_1345,2024-06-01 14:00:00,Delivered,E-Wallet (GoPay/OVO),4.3
ORD_24689,CUST_1945,2024-02-14 22:00:00,Completed,E-Wallet (GoPay/OVO),0.0
ORD_24690,CUST_1772,2024-03-15 14:00:00,Shipped,QRIS,7.28
ORD_24691,CUST_1177,2024-08-04 19:00:00,Completed,QRIS,3.05
ORD_24692,CUST_1354,2023-05-14 12:00:00,Completed,BNPL,6.47
ORD_24693,CUST_1307,2024-08-31 05:00:00,Completed,E-Wallet (GoPay/OVO),4.82
ORD_24694,CUST_2049,2023-03-02 22:00:00,Completed,Credit Card,6.17
ORD_24695,CUST_1033,2023-10-12 06:00:00,Shipped,BNPL,0.0
ORD_24696,CUST_1917,2024-07-27 11:00:00,Completed,BNPL,5.91
ORD_24697,CUST_2034,2023-08-09 23:00:00,Completed,E-Wallet (GoPay/OVO),0.0
ORD_24698,CUST_1391,2023-11-27 23:00:00,Completed,QRIS,4.79
ORD_24699,CUST_1197,2023-09-05 09:00:00,Shipped,E-Wallet (GoPay/OVO),6.56
ORD_24700,CUST_1025,2023-11-04 00:00:00,Completed,Virtual Account Bank Transfer,0.0
ORD_24701,CUST_1978,2024-11-12 17:00:00,Completed,QRIS,8.76
ORD_24702,CUST_1418,2024-01-19 17:00:00,Shipped,BNPL,7.1
ORD_24703,CUST_2069,2023-11-20 05:00:00,Cancelled,BNPL,0.0
ORD_24704,CUST_1164,2023-06-28 02:00:00,Completed,E-Wallet (GoPay/OVO),3.89
ORD_24705,CUST_1671,2023-12-03 09:00:00,Completed,Virtual Account Bank Transfer,4.77
ORD_24706,CUST_1380,2023-09-17 03:00:00,Shipped,BNPL,7.83
ORD_24707,CUST_1040,2023-10-12 01:00:00,Completed,BNPL,7.7
ORD_24708,CUST_1171,2023-01-18 16:00:00,Completed,Credit Card,8.77
ORD_24709,CUST_1697,2023-05-02 21:00:00,Shipped,E-Wallet (GoPay/OVO),6.24
ORD_24710,CUST_1249,2024-04-03 04:00:00,Completed,QRIS,3.76
ORD_24711,CUST_1851,2024-05-09 00:00:00,Completed,Credit Card,0.0
ORD_24712,CUST_1809,2024-03-31 14:00:00,Shipped,Virtual Account Bank Transfer,7.33
ORD_24713,CUST_1117,2024-03-15 10:00:00,Completed,E-Wallet (GoPay/OVO),8.96
ORD_24714,CUST_1282,2023-11-19 06:00:00,Cancelled,Virtual Account Bank Transfer,3.41
ORD_24715,CUST_1508,2024-04-27 03:00:00,Completed,E-Wallet (GoPay/OVO),5.4
ORD_24716,CUST_1198,2023-09-13 07:00:00,Shipped,E-Wallet (GoPay/OVO),8.27
ORD_24717,CUST_1884,2023-05-25 15:00:00,Completed,QRIS,0.0
ORD_24718,CUST_1268,2023-11-24 22:00:00,Shipped,E-Wallet (GoPay/OVO),3.75
ORD_24719,CUST_1187,2024-02-13 08:00:00,Completed,BNPL,6.14
ORD_24720,CUST_1222,2023-10-10 11:00:00,Completed,E-Wallet (GoPay/OVO),4.55
ORD_24721,CUST_1781,2024-06-15 10:00:00,Shipped,QRIS,0.0
ORD_24722,CUST_1202,2024-06-17 21:00:00,Completed,E-Wallet (GoPay/OVO),0.0
ORD_24723,CUST_1291,2023-04-06 16:00:00,Completed,Credit Card,0.0
ORD_24724,CUST_1846,2024-05-17 06:00:00,Completed,BNPL,3.84
ORD_24725,CUST_1388,2023-08-31 05:00:00,Completed,Virtual Account Bank Transfer,0.0
ORD_24726,CUST_1809,2024-02-14 10:00:00,Completed,QRIS,6.11
ORD_24727,CUST_1917,2024-08-17 01:00:00,Delivered,QRIS,6.39
ORD_24728,CUST_1744,2023-06-05 14:00:00,Shipped,Virtual Account Bank Transfer,4.1
ORD_24729,CUST_2167,2024-02-06 12:00:00,Returned,QRIS,0.0
ORD_24730,CUST_1077,2024-08-31 15:00:00,Completed,E-Wallet (GoPay/OVO),5.11
ORD_24731,CUST_1242,2023-08-06 22:00:00,Returned,Credit Card,0.0
ORD_24732,CUST_1127,2023-10-04 10:00:00,Completed,E-Wallet (GoPay/OVO),4.95
ORD_24733,CUST_1129,2024-01-11 15:00:00,Completed,E-Wallet (GoPay/OVO),3.01
ORD_24734,CUST_1340,2024-01-03 03:00:00,Delivered,Credit Card,3.94
ORD_24735,CUST_1433,2024-01-20 19:00:00,Completed,Virtual Account Bank Transfer,6.03
ORD_24736,CUST_1006,2024-08-03 06:00:00,Delivered,BNPL,7.89
ORD_24737,CUST_1538,2023-05-11 20:00:00,Shipped,BNPL,0.0
ORD_24738,CUST_1657,2023-12-01 19:00:00,Delivered,E-Wallet (GoPay/OVO),0.0
ORD_24739,CUST_2148,2024-05-13 09:00:00,Completed,QRIS,3.03
ORD_24740,CUST_1781,2024-05-25 15:00:00,Completed,E-Wallet (GoPay/OVO),7.48
ORD_24741,CUST_2064,2023-09-11 18:00:00,Completed,Virtual Account Bank Transfer,3.6
ORD_24742,CUST_2132,2023-01-25 05:00:00,Completed,QRIS,0.0
ORD_24743,CUST_1234,2024-05-14 12:00:00,Completed,Virtual Account Bank Transfer,3.58
ORD_24744,CUST_1793,2023-02-09 08:00:00,Completed,E-Wallet (GoPay/OVO),2.69
ORD_24745,CUST_1002,2023-05-03 15:00:00,Completed,Virtual Account Bank Transfer,0.0
ORD_24746,CUST_1538,2023-09-23 10:00:00,Completed,Virtual Account Bank Transfer,6.61
ORD_24747,CUST_1445,2024-02-01 09:00:00,Completed,E-Wallet (GoPay/OVO),0.0
ORD_24748,CUST_1658,2024-01-21 08:00:00,Shipped,QRIS,0.0
ORD_24749,CUST_2123,2023-12-18 08:00:00,Completed,BNPL,2.65
ORD_24750,CUST_1442,2024-06-24 06:00:00,Cancelled,Virtual Account Bank Transfer,0.0
ORD_24751,CUST_1896,2024-03-27 04:00:00,Completed,QRIS,5.7
ORD_24752,CUST_2069,2024-04-13 19:00:00,Completed,BNPL,0.0
ORD_24753,CUST_2160,2023-05-01 12:00:00,Delivered,Credit Card,3.19
ORD_24754,CUST_2036,2023-08-15 10:00:00,Completed,Virtual Account Bank Transfer,0.0
ORD_24755,CUST_1691,2023-11-03 16:00:00,Completed,Virtual Account Bank Transfer,0.0
ORD_24756,CUST_2142,2023-08-02 02:00:00,Cancelled,QRIS,0.0
ORD_24757,CUST_1217,2024-01-15 13:00:00,Delivered,Credit Card,6.68
ORD_24758,CUST_1561,2023-04-26 17:00:00,Completed,Virtual Account Bank Transfer,0.0
ORD_24759,CUST_2142,2023-06-29 08:00:00,Shipped,QRIS,0.0
ORD_24760,CUST_1850,2024-12-09 00:00:00,Delivered,BNPL,0.0
ORD_24761,CUST_1287,2024-05-18 06:00:00,Completed,Virtual Account Bank Transfer,6.31
ORD_24762,CUST_1598,2023-07-13 20:00:00,Completed,Virtual Account Bank Transfer,5.21
ORD_24763,CUST_1136,2023-05-20 18:00:00,Completed,QRIS,0.0
ORD_24764,CUST_1104,2024-09-27 18:00:00,Completed,BNPL,4.42
ORD_24765,CUST_1377,2024-05-24 21:00:00,Completed,BNPL,2.75
ORD_24766,CUST_2009,2023-10-03 08:00:00,Completed,E-Wallet (GoPay/OVO),0.0
ORD_24767,CUST_2179,2024-03-23 16:00:00,Delivered,E-Wallet (GoPay/OVO),3.86
ORD_24768,CUST_1367,2024-02-01 01:00:00,Delivered,BNPL,0.0
ORD_24769,CUST_2142,2023-07-21 06:00:00,Completed,BNPL,3.96
ORD_24770,CUST_1582,2023-11-10 02:00:00,Completed,BNPL,0.0
ORD_24771,CUST_1974,2023-04-26 23:00:00,Delivered,QRIS,4.68
ORD_24772,CUST_1853,2024-05-18 13:00:00,Completed,BNPL,0.0
ORD_24773,CUST_1908,2023-12-03 01:00:00,Completed,E-Wallet (GoPay/OVO),8.38
ORD_24774,CUST_1493,2023-12-13 19:00:00,Completed,E-Wallet (GoPay/OVO),0.0
ORD_24775,CUST_2126,2023-05-06 18:00:00,Shipped,E-Wallet (GoPay/OVO),0.0
ORD_24776,CUST_1287,2024-05-07 08:00:00,Completed,E-Wallet (GoPay/OVO),3.43
ORD_24777,CUST_1746,2023-12-08 05:00:00,Completed,QRIS,4.55
ORD_24778,CUST_1157,2023-11-27 21:00:00,Delivered,E-Wallet (GoPay/OVO),0.0
ORD_24779,CUST_2020,2024-01-25 02:00:00,Completed,BNPL,4.91
ORD_24780,CUST_1350,2023-01-05 19:00:00,Completed,QRIS,0.0
ORD_24781,CUST_1705,2024-03-13 06:00:00,Completed,Virtual Account Bank Transfer,0.0
ORD_24782,CUST_1662,2023-11-18 11:00:00,Returned,BNPL,5.88
ORD_24783,CUST_1052,2023-08-14 00:00:00,Shipped,Credit Card,4.54
ORD_24784,CUST_2068,2023-04-22 06:00:00,Completed,QRIS,3.54
ORD_24785,CUST_1852,2024-05-06 06:00:00,Shipped,QRIS,0.0
ORD_24786,CUST_1708,2024-03-26 13:00:00,Completed,BNPL,0.0
ORD_24787,CUST_1318,2023-07-03 15:00:00,Completed,Virtual Account Bank Transfer,4.03
ORD_24788,CUST_1217,2024-02-20 10:00:00,Completed,Credit Card,0.0
ORD_24789,CUST_1707,2023-01-19 22:00:00,Completed,QRIS,0.0
ORD_24790,CUST_1100,2023-07-16 01:00:00,Completed,E-Wallet (GoPay/OVO),3.17
ORD_24791,CUST_1427,2023-07-26 12:00:00,Cancelled,Credit Card,0.0
ORD_24792,CUST_1283,2024-05-23 09:00:00,Shipped,Credit Card,2.76
ORD_24793,CUST_1855,2025-08-07 08:00:00,Returned,QRIS,0.0
ORD_24794,CUST_1612,2023-12-01 20:00:00,Completed,QRIS,0.0
ORD_24795,CUST_1479,2024-11-06 13:00:00,Completed,Credit Card,0.0
ORD_24796,CUST_1584,2024-02-12 18:00:00,Completed,Credit Card,5.78
ORD_24797,CUST_1426,2024-05-04 04:00:00,Completed,QRIS,6.87
ORD_24798,CUST_1879,2024-03-23 01:00:00,Completed,E-Wallet (GoPay/OVO),7.26
ORD_24799,CUST_1723,2023-10-16 06:00:00,Shipped,BNPL,7.73
ORD_24800,CUST_1283,2024-04-15 15:00:00,Completed,QRIS,5.67
ORD_24801,CUST_1700,2023-07-27 09:00:00,Returned,Credit Card,0.0
ORD_24802,CUST_1613,2024-03-28 15:00:00,Completed,E-Wallet (GoPay/OVO),6.87
ORD_24803,CUST_2143,2023-03-31 07:00:00,Completed,Credit Card,5.83
ORD_24804,CUST_1467,2024-03-01 22:00:00,Cancelled,Virtual Account Bank Transfer,8.97
ORD_24805,CUST_1837,2024-01-30 06:00:00,Completed,Virtual Account Bank Transfer,5.25
ORD_24806,CUST_2117,2024-02-05 05:00:00,Completed,Virtual Account Bank Transfer,0.0
ORD_24807,CUST_1177,2024-06-23 21:00:00,Completed,Credit Card,0.0
ORD_24808,CUST_1733,2024-04-03 21:00:00,Shipped,Virtual Account Bank Transfer,7.92
ORD_24809,CUST_1688,2023-03-13 07:00:00,Completed,E-Wallet (GoPay/OVO),0.0
ORD_24810,CUST_1117,2024-01-31 20:00:00,Returned,QRIS,8.34
ORD_24811,CUST_1108,2023-07-03 15:00:00,Completed,E-Wallet (GoPay/OVO),0.0
ORD_24812,CUST_1245,2024-04-29 07:00:00,Completed,Credit Card,4.55
ORD_24813,CUST_1108,2023-09-17 17:00:00,Completed,QRIS,0.0
ORD_24814,CUST_1528,2024-04-05 05:00:00,Completed,Credit Card,8.28
ORD_24815,CUST_1562,2023-12-22 11:00:00,Completed,QRIS,8.69
ORD_24816,CUST_1876,2024-06-09 21:00:00,Completed,Credit Card,3.29
ORD_24817,CUST_1743,2023-07-24 06:00:00,Shipped,Virtual Account Bank Transfer,6.83
ORD_24818,CUST_2040,2024-04-17 18:00:00,Completed,BNPL,0.0
ORD_24819,CUST_2000,2024-02-10 20:00:00,Shipped,Virtual Account Bank Transfer,5.98
ORD_24820,CUST_1059,2023-10-30 07:00:00,Completed,BNPL,6.49
ORD_24821,CUST_1123,2023-10-16 22:00:00,Returned,QRIS,8.51
ORD_24822,CUST_1633,2023-08-22 09:00:00,Completed,Credit Card,5.06
ORD_24823,CUST_1669,2023-10-27 18:00:00,Cancelled,E-Wallet (GoPay/OVO),7.26
ORD_24824,CUST_2027,2023-10-21 21:00:00,Completed,BNPL,0.0
ORD_24825,CUST_1469,2023-09-15 00:00:00,Cancelled,Credit Card,0.0
ORD_24826,CUST_1530,2024-02-26 16:00:00,Completed,BNPL,4.19
ORD_24827,CUST_1428,2023-09-27 18:00:00,Completed,Virtual Account Bank Transfer,0.0
ORD_24828,CUST_1485,2023-10-25 03:00:00,Completed,Credit Card,0.0
ORD_24829,CUST_1626,2024-05-23 20:00:00,Completed,E-Wallet (GoPay/OVO),5.21
ORD_24830,CUST_2032,2023-04-07 07:00:00,Completed,BNPL,0.0
ORD_24831,CUST_1064,2024-04-12 12:00:00,Completed,BNPL,0.0
ORD_24832,CUST_1221,2023-10-15 23:00:00,Cancelled,BNPL,3.1
ORD_24833,CUST_1892,2024-04-26 10:00:00,Completed,BNPL,0.0
ORD_24834,CUST_1272,2023-11-07 19:00:00,Completed,Credit Card,0.0
ORD_24835,CUST_1301,2023-07-22 09:00:00,Completed,Credit Card,8.54
ORD_24836,CUST_2151,2023-08-06 17:00:00,Completed,E-Wallet (GoPay/OVO),7.6
ORD_24837,CUST_2092,2024-06-14 17:00:00,Completed,Virtual Account Bank Transfer,0.0
ORD_24838,CUST_1110,2023-09-28 07:00:00,Completed,E-Wallet (GoPay/OVO),0.0
ORD_24839,CUST_2125,2024-03-05 21:00:00,Completed,BNPL,4.39
ORD_24840,CUST_1437,2023-03-02 02:00:00,Delivered,E-Wallet (GoPay/OVO),0.0
ORD_24841,CUST_1128,2023-06-10 04:00:00,Completed,Virtual Account Bank Transfer,7.23
ORD_24842,CUST_1994,2024-02-16 11:00:00,Completed,Credit Card,7.24
ORD_24843,CUST_1899,2024-02-28 13:00:00,Delivered,BNPL,5.39
ORD_24844,CUST_1940,2024-02-17 18:00:00,Completed,E-Wallet (GoPay/OVO),8.05
ORD_24845,CUST_2192,2023-09-02 12:00:00,Cancelled,Credit Card,8.48
ORD_24846,CUST_1569,2024-07-16 02:00:00,Completed,QRIS,8.53
ORD_24847,CUST_2019,2023-06-30 12:00:00,Completed,E-Wallet (GoPay/OVO),4.85
ORD_24848,CUST_1801,2024-05-07 04:00:00,Completed,Virtual Account Bank Transfer,3.52
ORD_24849,CUST_1196,2024-04-12 21:00:00,Completed,E-Wallet (GoPay/OVO),8.25
ORD_24850,CUST_1208,2024-07-12 15:00:00,Completed,QRIS,4.82
ORD_24851,CUST_1394,2024-01-27 22:00:00,Completed,E-Wallet (GoPay/OVO),0.0
ORD_24852,CUST_1570,2023-04-05 13:00:00,Completed,Virtual Account Bank Transfer,6.36
ORD_24853,CUST_1754,2023-09-03 07:00:00,Completed,Credit Card,7.09
ORD_24854,CUST_1875,2023-03-08 02:00:00,Completed,QRIS,0.0
ORD_24855,CUST_2173,2023-07-24 22:00:00,Cancelled,BNPL,0.0
ORD_24856,CUST_1629,2023-08-05 23:00:00,Shipped,E-Wallet (GoPay/OVO),7.5
ORD_24857,CUST_1391,2023-12-13 14:00:00,Completed,E-Wallet (GoPay/OVO),5.15
ORD_24858,CUST_1188,2024-01-28 10:00:00,Completed,Credit Card,0.0
ORD_24859,CUST_1482,2023-03-31 00:00:00,Completed,Credit Card,5.98
ORD_24860,CUST_1762,2023-07-14 17:00:00,Completed,E-Wallet (GoPay/OVO),0.0
ORD_24861,CUST_1507,2024-06-05 13:00:00,Completed,E-Wallet (GoPay/OVO),3.46
ORD_24862,CUST_1620,2023-04-22 03:00:00,Completed,QRIS,0.0
ORD_24863,CUST_1031,2023-11-01 05:00:00,Completed,E-Wallet (GoPay/OVO),3.23
ORD_24864,CUST_1161,2024-01-21 14:00:00,Completed,Virtual Account Bank Transfer,6.56
ORD_24865,CUST_1337,2024-05-27 03:00:00,Completed,Credit Card,3.98
ORD_24866,CUST_1467,2024-02-06 19:00:00,Shipped,BNPL,0.0
ORD_24867,CUST_1499,2024-10-25 01:00:00,Cancelled,BNPL,5.75
ORD_24868,CUST_1953,2024-01-03 21:00:00,Completed,E-Wallet (GoPay/OVO),5.27
ORD_24869,CUST_1442,2024-10-08 10:00:00,Completed,BNPL,3.16
ORD_24870,CUST_2090,2024-07-14 11:00:00,Completed,Credit Card,7.63
ORD_24871,CUST_1392,2023-07-05 12:00:00,Cancelled,QRIS,7.22
ORD_24872,CUST_1340,2024-08-02 09:00:00,Completed,BNPL,7.57
ORD_24873,CUST_1733,2024-01-15 09:00:00,Delivered,QRIS,0.0
ORD_24874,CUST_1806,2023-03-21 01:00:00,Completed,QRIS,5.7
ORD_24875,CUST_1149,2023-12-02 02:00:00,Completed,E-Wallet (GoPay/OVO),0.0
ORD_24876,CUST_1228,2023-09-09 15:00:00,Completed,E-Wallet (GoPay/OVO),0.0
ORD_24877,CUST_1159,2024-10-29 03:00:00,Completed,BNPL,2.56
ORD_24878,CUST_1222,2023-10-07 11:00:00,Completed,QRIS,0.0
ORD_24879,CUST_1618,2023-06-11 08:00:00,Completed,Credit Card,0.0
ORD_24880,CUST_2137,2024-03-26 10:00:00,Completed,Virtual Account Bank Transfer,0.0
ORD_24881,CUST_1782,2023-04-26 20:00:00,Completed,Virtual Account Bank Transfer,8.53
ORD_24882,CUST_1086,2024-03-27 11:00:00,Completed,Virtual Account Bank Transfer,3.84
ORD_24883,CUST_1878,2023-11-24 10:00:00,Shipped,Credit Card,7.97
ORD_24884,CUST_1605,2024-02-18 19:00:00,Delivered,BNPL,2.86
ORD_24885,CUST_1697,2023-04-26 15:00:00,Completed,Virtual Account Bank Transfer,4.29
ORD_24886,CUST_2169,2023-07-03 21:00:00,Completed,BNPL,0.0
ORD_24887,CUST_1242,2023-05-24 01:00:00,Completed,QRIS,6.02
ORD_24888,CUST_1682,2024-03-06 22:00:00,Completed,E-Wallet (GoPay/OVO),0.0
ORD_24889,CUST_1011,2024-05-25 19:00:00,Completed,BNPL,0.0
ORD_24890,CUST_1249,2024-05-20 03:00:00,Completed,QRIS,4.11
ORD_24891,CUST_2050,2024-03-02 11:00:00,Completed,Virtual Account Bank Transfer,6.83
ORD_24892,CUST_1930,2024-05-19 16:00:00,Completed,BNPL,6.09
ORD_24893,CUST_1805,2024-02-12 17:00:00,Completed,E-Wallet (GoPay/OVO),0.0
ORD_24894,CUST_1255,2023-09-20 07:00:00,Completed,Credit Card,0.0
ORD_24895,CUST_1510,2023-06-21 21:00:00,Completed,Virtual Account Bank Transfer,0.0
ORD_24896,CUST_1922,2024-06-01 13:00:00,Completed,Credit Card,0.0
ORD_24897,CUST_1185,2023-10-16 00:00:00,Completed,BNPL,5.01
ORD_24898,CUST_2161,2023-12-15 07:00:00,Completed,Credit Card,0.0
ORD_24899,CUST_1083,2024-07-23 13:00:00,Completed,Credit Card,0.0
ORD_24900,CUST_1513,2024-04-19 00:00:00,Delivered,BNPL,8.97
ORD_24901,CUST_1554,2024-04-25 04:00:00,Completed,BNPL,0.0
ORD_24902,CUST_1686,2024-05-15 22:00:00,Completed,E-Wallet (GoPay/OVO),0.0
ORD_24903,CUST_1415,2023-03-16 03:00:00,Completed,QRIS,0.0
ORD_24904,CUST_1487,2023-09-08 07:00:00,Completed,E-Wallet (GoPay/OVO),0.0
ORD_24905,CUST_2094,2023-06-23 15:00:00,Cancelled,QRIS,0.0
ORD_24906,CUST_1982,2024-07-19 02:00:00,Completed,Credit Card,0.0
ORD_24907,CUST_1706,2023-04-28 04:00:00,Completed,Credit Card,0.0
ORD_24908,CUST_1568,2023-07-05 17:00:00,Completed,QRIS,0.0
ORD_24909,CUST_2173,2023-05-23 19:00:00,Returned,E-Wallet (GoPay/OVO),0.0
ORD_24910,CUST_1031,2023-08-14 22:00:00,Completed,Virtual Account Bank Transfer,3.4
ORD_24911,CUST_1316,2023-11-26 14:00:00,Completed,Virtual Account Bank Transfer,0.0
ORD_24912,CUST_1250,2024-10-29 02:00:00,Completed,BNPL,3.68
ORD_24913,CUST_1785,2024-04-06 23:00:00,Completed,QRIS,0.0
ORD_24914,CUST_2175,2024-04-30 09:00:00,Completed,QRIS,8.99
ORD_24915,CUST_1460,2024-01-12 17:00:00,Completed,Virtual Account Bank Transfer,8.31
ORD_24916,CUST_1047,2024-04-21 06:00:00,Delivered,QRIS,4.02
ORD_24917,CUST_1763,2024-04-02 20:00:00,Completed,QRIS,0.0
ORD_24918,CUST_1696,2023-10-21 01:00:00,Completed,BNPL,6.88
ORD_24919,CUST_2014,2024-01-09 01:00:00,Completed,E-Wallet (GoPay/OVO),0.0
ORD_24920,CUST_1948,2024-06-06 06:00:00,Completed,E-Wallet (GoPay/OVO),0.0
ORD_24921,CUST_1410,2024-03-13 12:00:00,Completed,E-Wallet (GoPay/OVO),0.0
ORD_24922,CUST_2136,2023-04-28 07:00:00,Cancelled,Credit Card,8.07
ORD_24923,CUST_1103,2024-03-04 03:00:00,Completed,E-Wallet (GoPay/OVO),0.0
ORD_24924,CUST_1202,2024-05-07 17:00:00,Completed,QRIS,7.98
ORD_24925,CUST_1199,2024-03-20 13:00:00,Completed,E-Wallet (GoPay/OVO),8.05
ORD_24926,CUST_2051,2023-12-29 00:00:00,Delivered,QRIS,8.72
ORD_24927,CUST_1924,2023-09-28 19:00:00,Completed,Credit Card,7.2
ORD_24928,CUST_2012,2024-05-07 01:00:00,Completed,Virtual Account Bank Transfer,2.93
ORD_24929,CUST_1329,2023-04-12 17:00:00,Completed,QRIS,3.89
ORD_24930,CUST_2084,2023-03-25 19:00:00,Completed,BNPL,0.0
ORD_24931,CUST_1178,2023-10-05 16:00:00,Completed,Credit Card,0.0
ORD_24932,CUST_1932,2023-06-21 21:00:00,Completed,QRIS,8.74
ORD_24933,CUST_1999,2024-04-12 18:00:00,Completed,E-Wallet (GoPay/OVO),0.0
ORD_24934,CUST_1424,2023-12-14 15:00:00,Completed,E-Wallet (GoPay/OVO),8.39
ORD_24935,CUST_2007,2023-09-14 17:00:00,Completed,Virtual Account Bank Transfer,0.0
ORD_24936,CUST_1954,2023-05-16 03:00:00,Shipped,BNPL,0.0
ORD_24937,CUST_1427,2023-07-04 09:00:00,Delivered,QRIS,5.03
ORD_24938,CUST_1400,2023-09-27 17:00:00,Completed,E-Wallet (GoPay/OVO),3.39
ORD_24939,CUST_1419,2024-02-10 04:00:00,Completed,Virtual Account Bank Transfer,8.86
ORD_24940,CUST_1344,2023-07-03 17:00:00,Completed,BNPL,5.05
ORD_24941,CUST_1327,2023-12-30 19:00:00,Cancelled,Credit Card,6.05
ORD_24942,CUST_1759,2023-06-11 20:00:00,Completed,QRIS,0.0
ORD_24943,CUST_2133,2023-05-25 16:00:00,Completed,QRIS,8.95
ORD_24944,CUST_1394,2023-08-19 14:00:00,Cancelled,QRIS,3.14
ORD_24945,CUST_2014,2023-10-23 21:00:00,Cancelled,BNPL,0.0
ORD_24946,CUST_1234,2024-04-17 10:00:00,Completed,Credit Card,0.0
ORD_24947,CUST_1896,2024-04-04 04:00:00,Cancelled,BNPL,7.81
ORD_24948,CUST_1103,2024-02-15 19:00:00,Completed,BNPL,3.94
ORD_24949,CUST_1083,2024-11-22 06:00:00,Cancelled,BNPL,5.31
ORD_24950,CUST_1151,2024-05-09 14:00:00,Completed,Virtual Account Bank Transfer,4.86
ORD_24951,CUST_1637,2023-04-15 12:00:00,Delivered,E-Wallet (GoPay/OVO),7.55
ORD_24952,CUST_2144,2023-11-27 15:00:00,Completed,E-Wallet (GoPay/OVO),0.0
ORD_24953,CUST_1590,2024-11-04 00:00:00,Completed,QRIS,8.57
ORD_24954,CUST_1416,2024-09-23 23:00:00,Completed,QRIS,8.76
ORD_24955,CUST_1203,2023-11-08 13:00:00,Completed,BNPL,5.87
ORD_24956,CUST_1861,2023-11-18 05:00:00,Completed,Credit Card,7.32
ORD_24957,CUST_2161,2023-11-19 19:00:00,Completed,Credit Card,3.34
ORD_24958,CUST_1442,2024-05-29 04:00:00,Completed,Virtual Account Bank Transfer,0.0
ORD_24959,CUST_1656,2023-03-30 11:00:00,Completed,E-Wallet (GoPay/OVO),7.07
ORD_24960,CUST_1439,2023-09-15 18:00:00,Cancelled,Credit Card,5.26
ORD_24961,CUST_1611,2024-05-05 05:00:00,Cancelled,E-Wallet (GoPay/OVO),4.68
ORD_24962,CUST_2077,2023-09-15 06:00:00,Completed,Virtual Account Bank Transfer,3.66
ORD_24963,CUST_1082,2023-11-13 05:00:00,Completed,Virtual Account Bank Transfer,0.0
ORD_24964,CUST_1652,2024-09-02 15:00:00,Completed,Credit Card,0.0
ORD_24965,CUST_1654,2023-06-22 21:00:00,Completed,E-Wallet (GoPay/OVO),0.0
ORD_24966,CUST_1640,2023-04-16 17:00:00,Completed,E-Wallet (GoPay/OVO),7.45
ORD_24967,CUST_1251,2024-10-29 20:00:00,Completed,QRIS,0.0
ORD_24968,CUST_1680,2023-02-15 00:00:00,Completed,BNPL,3.94
ORD_24969,CUST_1864,2023-07-03 12:00:00,Completed,E-Wallet (GoPay/OVO),0.0
ORD_24970,CUST_1736,2023-07-04 22:00:00,Completed,Credit Card,6.98
ORD_24971,CUST_1367,2024-02-28 11:00:00,Completed,QRIS,5.53
ORD_24972,CUST_1181,2023-09-01 07:00:00,Completed,BNPL,0.0
ORD_24973,CUST_1019,2024-03-03 14:00:00,Completed,E-Wallet (GoPay/OVO),8.38
ORD_24974,CUST_1092,2024-06-16 13:00:00,Completed,Virtual Account Bank Transfer,7.27
ORD_24975,CUST_1583,2023-06-27 11:00:00,Completed,E-Wallet (GoPay/OVO),6.83
ORD_24976,CUST_1946,2023-03-14 14:00:00,Returned,QRIS,6.63
ORD_24977,CUST_1030,2023-12-28 11:00:00,Completed,BNPL,8.29
ORD_24978,CUST_1049,2023-04-09 18:00:00,Completed,Credit Card,7.42
ORD_24979,CUST_1835,2023-11-28 18:00:00,Completed,QRIS,7.76
ORD_24980,CUST_1744,2023-07-31 10:00:00,Completed,BNPL,0.0
ORD_24981,CUST_1949,2024-01-02 06:00:00,Completed,BNPL,6.13
ORD_24982,CUST_1830,2023-07-15 14:00:00,Cancelled,BNPL,0.0
ORD_24983,CUST_1144,2023-04-28 22:00:00,Completed,E-Wallet (GoPay/OVO),0.0
ORD_24984,CUST_1782,2023-07-02 22:00:00,Completed,E-Wallet (GoPay/OVO),5.56
ORD_24985,CUST_1413,2023-06-10 23:00:00,Completed,QRIS,0.0
ORD_24986,CUST_2120,2023-07-28 22:00:00,Returned,BNPL,7.24
ORD_24987,CUST_1979,2024-04-19 01:00:00,Completed,QRIS,0.0
ORD_24988,CUST_1069,2024-11-17 01:00:00,Delivered,QRIS,6.9
ORD_24989,CUST_1122,2023-12-17 20:00:00,Completed,Credit Card,6.63
ORD_24990,CUST_1115,2023-09-18 14:00:00,Returned,QRIS,0.0
ORD_24991,CUST_1316,2023-06-20 18:00:00,Completed,BNPL,5.22
ORD_24992,CUST_1390,2023-10-09 04:00:00,Shipped,Virtual Account Bank Transfer,5.68
ORD_24993,CUST_1897,2024-05-16 21:00:00,Completed,Virtual Account Bank Transfer,2.66
ORD_24994,CUST_1486,2023-06-30 11:00:00,Shipped,Credit Card,5.05
ORD_24995,CUST_1842,2023-11-14 12:00:00,Cancelled,Credit Card,4.38
ORD_24996,CUST_2170,2024-06-26 23:00:00,Completed,BNPL,2.62
ORD_24997,CUST_1839,2023-12-22 05:00:00,Completed,Virtual Account Bank Transfer,0.0
ORD_24998,CUST_1246,2024-03-08 09:00:00,Completed,E-Wallet (GoPay/OVO),0.0
ORD_24999,CUST_1669,2023-11-13 11:00:00,Completed,E-Wallet (GoPay/OVO),8.77
ORD_25000,CUST_1748,2024-07-23 01:00:00,Shipped,Credit Card,8.69
ORD_25001,CUST_1470,2023-10-17 02:00:00,Cancelled,Virtual Account Bank Transfer,0.0
ORD_25002,CUST_1914,2023-09-30 18:00:00,Completed,E-Wallet (GoPay/OVO),0.0
ORD_25003,CUST_1989,2023-02-14 09:00:00,Completed,E-Wallet (GoPay/OVO),3.77
ORD_25004,CUST_1147,2023-12-31 17:00:00,Delivered,Credit Card,6.8
ORD_25005,CUST_1505,2023-03-17 21:00:00,Completed,QRIS,3.08
ORD_25006,CUST_1182,2024-03-30 17:00:00,Delivered,Virtual Account Bank Transfer,4.82
ORD_25007,CUST_1051,2023-11-04 02:00:00,Returned,BNPL,0.0
ORD_25008,CUST_1670,2023-03-21 05:00:00,Completed,Virtual Account Bank Transfer,0.0
ORD_25009,CUST_1835,2023-09-30 08:00:00,Completed,BNPL,2.82
ORD_25010,CUST_1367,2024-04-25 10:00:00,Shipped,Virtual Account Bank Transfer,0.0
ORD_25011,CUST_1364,2024-04-08 03:00:00,Completed,QRIS,0.0
ORD_25012,CUST_2181,2024-02-07 03:00:00,Shipped,Virtual Account Bank Transfer,7.55
ORD_25013,CUST_1280,2023-06-03 01:00:00,Completed,E-Wallet (GoPay/OVO),0.0
ORD_25014,CUST_1196,2024-04-25 06:00:00,Cancelled,Virtual Account Bank Transfer,3.64
ORD_25015,CUST_1354,2023-04-27 13:00:00,Shipped,Credit Card,4.31
ORD_25016,CUST_1243,2023-08-12 07:00:00,Completed,BNPL,5.58
ORD_25017,CUST_1166,2024-03-13 11:00:00,Completed,E-Wallet (GoPay/OVO),3.13
ORD_25018,CUST_1515,2023-10-21 05:00:00,Completed,QRIS,0.0
ORD_25019,CUST_1118,2023-07-22 10:00:00,Completed,E-Wallet (GoPay/OVO),0.0
ORD_25020,CUST_1337,2023-12-13 12:00:00,Completed,BNPL,5.61
ORD_25021,CUST_1759,2023-08-16 09:00:00,Completed,Credit Card,0.0
ORD_25022,CUST_1098,2024-04-03 22:00:00,Completed,Credit Card,0.0
ORD_25023,CUST_1258,2023-06-25 06:00:00,Completed,E-Wallet (GoPay/OVO),6.63
ORD_25024,CUST_1365,2023-06-17 14:00:00,Completed,QRIS,6.01
ORD_25025,CUST_1044,2023-12-20 23:00:00,Completed,E-Wallet (GoPay/OVO),0.0
ORD_25026,CUST_1072,2023-09-29 15:00:00,Completed,QRIS,0.0
ORD_25027,CUST_1751,2023-07-23 15:00:00,Delivered,Virtual Account Bank Transfer,0.0
ORD_25028,CUST_1098,2025-01-01 14:00:00,Delivered,QRIS,7.69
ORD_25029,CUST_1360,2023-02-13 18:00:00,Delivered,BNPL,6.3
ORD_25030,CUST_1630,2023-07-12 17:00:00,Completed,BNPL,7.24
ORD_25031,CUST_1273,2023-06-25 20:00:00,Completed,QRIS,7.88
ORD_25032,CUST_1297,2024-04-06 08:00:00,Completed,Credit Card,3.32
ORD_25033,CUST_2088,2024-06-04 22:00:00,Completed,Virtual Account Bank Transfer,8.83
ORD_25034,CUST_1636,2023-09-11 03:00:00,Completed,BNPL,6.61
ORD_25035,CUST_1715,2024-05-28 23:00:00,Completed,Credit Card,0.0
ORD_25036,CUST_1953,2023-07-27 07:00:00,Completed,Virtual Account Bank Transfer,6.71
ORD_25037,CUST_2149,2023-04-17 09:00:00,Completed,Credit Card,0.0
ORD_25038,CUST_1440,2023-09-07 16:00:00,Shipped,Credit Card,4.0
ORD_25039,CUST_2126,2023-04-18 23:00:00,Cancelled,Credit Card,7.47
ORD_25040,CUST_1544,2023-11-24 05:00:00,Completed,Credit Card,0.0
ORD_25041,CUST_2180,2024-02-27 17:00:00,Completed,Virtual Account Bank Transfer,0.0
ORD_25042,CUST_1576,2024-03-22 00:00:00,Shipped,E-Wallet (GoPay/OVO),7.87
ORD_25043,CUST_1739,2023-09-26 11:00:00,Completed,Virtual Account Bank Transfer,0.0
ORD_25044,CUST_1362,2024-03-29 14:00:00,Completed,Credit Card,3.57
ORD_25045,CUST_1276,2024-05-27 21:00:00,Shipped,BNPL,4.67
ORD_25046,CUST_1378,2023-07-27 08:00:00,Completed,Virtual Account Bank Transfer,8.24
ORD_25047,CUST_1885,2023-08-08 06:00:00,Completed,Credit Card,0.0
ORD_25048,CUST_1446,2024-03-07 18:00:00,Completed,Virtual Account Bank Transfer,3.73
ORD_25049,CUST_1461,2023-10-23 02:00:00,Completed,Credit Card,4.88
ORD_25050,CUST_1307,2024-03-27 22:00:00,Completed,QRIS,0.0
ORD_25051,CUST_2087,2023-09-10 08:00:00,Completed,QRIS,4.44
ORD_25052,CUST_2049,2023-01-29 21:00:00,Completed,E-Wallet (GoPay/OVO),8.37
ORD_25053,CUST_2080,2023-08-04 07:00:00,Completed,QRIS,0.0
ORD_25054,CUST_1026,2023-02-03 16:00:00,Completed,QRIS,0.0
ORD_25055,CUST_1480,2023-08-04 11:00:00,Completed,Credit Card,0.0
ORD_25056,CUST_1890,2023-08-17 04:00:00,Completed,E-Wallet (GoPay/OVO),0.0
ORD_25057,CUST_1918,2023-08-02 04:00:00,Completed,Credit Card,0.0
ORD_25058,CUST_1276,2024-06-15 19:00:00,Completed,E-Wallet (GoPay/OVO),3.94
ORD_25059,CUST_1584,2024-07-27 17:00:00,Completed,Credit Card,0.0
ORD_25060,CUST_2122,2023-05-15 21:00:00,Completed,QRIS,3.9
ORD_25061,CUST_1487,2023-10-02 03:00:00,Completed,QRIS,0.0
ORD_25062,CUST_1016,2023-08-26 07:00:00,Completed,BNPL,3.27
ORD_25063,CUST_1740,2024-08-16 09:00:00,Completed,E-Wallet (GoPay/OVO),0.0
ORD_25064,CUST_2163,2023-10-10 17:00:00,Completed,E-Wallet (GoPay/OVO),0.0
ORD_25065,CUST_1422,2024-01-31 23:00:00,Completed,Virtual Account Bank Transfer,8.03
ORD_25066,CUST_2116,2024-04-01 12:00:00,Completed,QRIS,7.16
ORD_25067,CUST_2014,2023-06-20 11:00:00,Delivered,E-Wallet (GoPay/OVO),6.68
ORD_25068,CUST_1580,2024-04-12 14:00:00,Completed,Credit Card,6.23
ORD_25069,CUST_1968,2024-04-30 01:00:00,Returned,Virtual Account Bank Transfer,7.39
ORD_25070,CUST_2169,2023-07-05 20:00:00,Completed,BNPL,5.27
ORD_25071,CUST_1502,2024-02-17 09:00:00,Shipped,Credit Card,8.45
ORD_25072,CUST_1522,2023-08-07 08:00:00,Completed,QRIS,3.55
ORD_25073,CUST_1211,2024-03-05 10:00:00,Shipped,BNPL,7.14
ORD_25074,CUST_1454,2023-12-09 10:00:00,Completed,BNPL,5.87
ORD_25075,CUST_1394,2023-05-28 05:00:00,Completed,QRIS,0.0
ORD_25076,CUST_1094,2024-03-31 12:00:00,Delivered,E-Wallet (GoPay/OVO),6.29
ORD_25077,CUST_1257,2024-03-09 12:00:00,Completed,Credit Card,3.45
ORD_25078,CUST_1637,2024-05-11 07:00:00,Completed,Credit Card,6.06
ORD_25079,CUST_1465,2023-12-01 03:00:00,Completed,Credit Card,8.67
ORD_25080,CUST_1954,2023-05-26 16:00:00,Returned,QRIS,4.19
ORD_25081,CUST_1741,2023-07-08 13:00:00,Completed,BNPL,4.49
ORD_25082,CUST_1388,2023-10-21 02:00:00,Completed,E-Wallet (GoPay/OVO),0.0
ORD_25083,CUST_1345,2024-04-03 19:00:00,Delivered,QRIS,5.92
ORD_25084,CUST_1067,2023-06-26 05:00:00,Completed,Virtual Account Bank Transfer,8.39
ORD_25085,CUST_1176,2024-07-03 02:00:00,Completed,QRIS,0.0
ORD_25086,CUST_1264,2024-03-25 22:00:00,Completed,Credit Card,0.0
ORD_25087,CUST_1475,2023-11-11 17:00:00,Completed,Virtual Account Bank Transfer,5.49
ORD_25088,CUST_1015,2023-09-29 00:00:00,Cancelled,Credit Card,5.4
ORD_25089,CUST_1036,2023-06-02 01:00:00,Completed,QRIS,4.25
ORD_25090,CUST_1856,2024-07-02 09:00:00,Completed,Virtual Account Bank Transfer,0.0
ORD_25091,CUST_1378,2023-07-23 02:00:00,Completed,E-Wallet (GoPay/OVO),6.05
ORD_25092,CUST_1806,2023-05-02 12:00:00,Completed,Virtual Account Bank Transfer,5.15
ORD_25093,CUST_1745,2024-05-22 20:00:00,Shipped,QRIS,6.34
ORD_25094,CUST_1575,2023-11-23 00:00:00,Completed,E-Wallet (GoPay/OVO),2.71
ORD_25095,CUST_1638,2024-08-06 15:00:00,Completed,QRIS,7.51
ORD_25096,CUST_1361,2024-07-24 18:00:00,Completed,E-Wallet (GoPay/OVO),4.95
ORD_25097,CUST_2081,2023-11-10 12:00:00,Completed,E-Wallet (GoPay/OVO),3.68
ORD_25098,CUST_1802,2023-03-11 20:00:00,Completed,Virtual Account Bank Transfer,4.13
ORD_25099,CUST_1342,2023-12-06 16:00:00,Completed,BNPL,2.89
ORD_25100,CUST_1113,2023-04-24 12:00:00,Shipped,BNPL,0.0
ORD_25101,CUST_1724,2023-04-05 10:00:00,Completed,Virtual Account Bank Transfer,4.42
ORD_25102,CUST_1591,2024-04-04 02:00:00,Delivered,Credit Card,7.63
ORD_25103,CUST_1534,2023-05-09 22:00:00,Cancelled,BNPL,0.0
ORD_25104,CUST_2079,2023-04-02 10:00:00,Completed,E-Wallet (GoPay/OVO),4.85
ORD_25105,CUST_1893,2024-10-19 06:00:00,Completed,E-Wallet (GoPay/OVO),6.87
ORD_25106,CUST_1565,2023-09-02 03:00:00,Completed,Virtual Account Bank Transfer,7.67
ORD_25107,CUST_1834,2023-08-12 21:00:00,Completed,QRIS,0.0
ORD_25108,CUST_1305,2023-12-29 10:00:00,Completed,E-Wallet (GoPay/OVO),0.0
ORD_25109,CUST_1750,2024-01-10 21:00:00,Completed,BNPL,0.0
ORD_25110,CUST_1461,2024-05-19 07:00:00,Completed,BNPL,7.95
ORD_25111,CUST_1261,2023-10-23 07:00:00,Shipped,E-Wallet (GoPay/OVO),0.0
ORD_25112,CUST_2036,2023-07-06 22:00:00,Shipped,Virtual Account Bank Transfer,6.57
ORD_25113,CUST_1769,2023-12-07 09:00:00,Completed,QRIS,0.0
ORD_25114,CUST_1395,2023-11-10 16:00:00,Completed,BNPL,8.38
ORD_25115,CUST_1652,2024-08-27 22:00:00,Completed,Credit Card,4.67
ORD_25116,CUST_1285,2023-12-24 00:00:00,Cancelled,BNPL,5.82
ORD_25117,CUST_1322,2024-07-07 20:00:00,Completed,Virtual Account Bank Transfer,7.35
ORD_25118,CUST_1728,2023-11-09 14:00:00,Completed,Credit Card,0.0
ORD_25119,CUST_1714,2023-06-03 07:00:00,Completed,E-Wallet (GoPay/OVO),0.0
ORD_25120,CUST_1229,2024-07-25 05:00:00,Completed,E-Wallet (GoPay/OVO),0.0
ORD_25121,CUST_1811,2024-10-29 13:00:00,Completed,Virtual Account Bank Transfer,0.0
ORD_25122,CUST_2141,2024-04-07 08:00:00,Completed,BNPL,8.28
ORD_25123,CUST_1168,2023-12-24 02:00:00,Completed,BNPL,6.98
ORD_25124,CUST_1568,2023-09-08 06:00:00,Completed,Virtual Account Bank Transfer,0.0
ORD_25125,CUST_1149,2023-12-10 00:00:00,Completed,BNPL,8.93
ORD_25126,CUST_1190,2024-05-04 11:00:00,Completed,Virtual Account Bank Transfer,2.67
ORD_25127,CUST_1803,2023-02-27 09:00:00,Completed,BNPL,0.0
ORD_25128,CUST_1080,2023-07-27 07:00:00,Completed,E-Wallet (GoPay/OVO),7.78
ORD_25129,CUST_1720,2024-05-01 12:00:00,Completed,Credit Card,6.06
ORD_25130,CUST_1478,2023-10-04 18:00:00,Delivered,E-Wallet (GoPay/OVO),3.41
ORD_25131,CUST_1120,2023-04-12 04:00:00,Shipped,BNPL,0.0
ORD_25132,CUST_1640,2023-05-21 08:00:00,Completed,QRIS,0.0
ORD_25133,CUST_1004,2024-06-18 11:00:00,Completed,Virtual Account Bank Transfer,0.0
ORD_25134,CUST_1704,2024-02-07 16:00:00,Completed,Virtual Account Bank Transfer,3.02
ORD_25135,CUST_2105,2024-04-23 04:00:00,Completed,Virtual Account Bank Transfer,0.0
ORD_25136,CUST_1697,2023-07-29 02:00:00,Completed,QRIS,3.33
ORD_25137,CUST_1794,2023-03-23 11:00:00,Completed,BNPL,2.92
ORD_25138,CUST_1486,2023-08-16 01:00:00,Shipped,E-Wallet (GoPay/OVO),0.0
ORD_25139,CUST_1333,2023-12-16 07:00:00,Shipped,BNPL,7.35
ORD_25140,CUST_1187,2024-06-30 23:00:00,Completed,Virtual Account Bank Transfer,0.0
ORD_25141,CUST_1015,2023-12-16 16:00:00,Completed,BNPL,6.95
ORD_25142,CUST_1592,2024-05-21 20:00:00,Completed,Virtual Account Bank Transfer,5.56
ORD_25143,CUST_1652,2025-07-04 04:00:00,Completed,Credit Card,4.26
ORD_25144,CUST_1601,2023-02-08 00:00:00,Completed,Credit Card,6.87
ORD_25145,CUST_1444,2024-04-03 02:00:00,Completed,E-Wallet (GoPay/OVO),6.27
ORD_25146,CUST_1280,2023-07-22 08:00:00,Completed,Credit Card,7.26
ORD_25147,CUST_1109,2023-12-14 06:00:00,Completed,Virtual Account Bank Transfer,8.56
ORD_25148,CUST_1638,2025-01-15 09:00:00,Completed,Credit Card,4.5
ORD_25149,CUST_2146,2023-09-20 03:00:00,Completed,Credit Card,6.27
ORD_25150,CUST_1353,2023-11-09 23:00:00,Completed,Credit Card,7.66
ORD_25151,CUST_1189,2024-01-09 01:00:00,Completed,Credit Card,5.54
ORD_25152,CUST_1547,2024-08-21 08:00:00,Completed,BNPL,8.09
ORD_25153,CUST_1392,2023-09-09 01:00:00,Returned,Credit Card,5.61
ORD_25154,CUST_1234,2024-03-21 18:00:00,Completed,Credit Card,2.77
ORD_25155,CUST_1904,2024-06-24 23:00:00,Completed,Virtual Account Bank Transfer,0.0
ORD_25156,CUST_1329,2023-03-07 00:00:00,Completed,QRIS,0.0
ORD_25157,CUST_1607,2024-06-24 14:00:00,Delivered,Credit Card,0.0
ORD_25158,CUST_1850,2023-10-12 19:00:00,Completed,E-Wallet (GoPay/OVO),3.25
ORD_25159,CUST_1272,2023-11-20 08:00:00,Completed,E-Wallet (GoPay/OVO),0.0
ORD_25160,CUST_1936,2023-05-10 22:00:00,Completed,E-Wallet (GoPay/OVO),2.59
ORD_25161,CUST_1023,2023-10-17 03:00:00,Completed,E-Wallet (GoPay/OVO),6.98
ORD_25162,CUST_1899,2024-03-26 02:00:00,Completed,BNPL,4.37
ORD_25163,CUST_2036,2023-07-12 16:00:00,Completed,E-Wallet (GoPay/OVO),0.0
ORD_25164,CUST_1657,2024-01-11 09:00:00,Completed,Credit Card,3.54
ORD_25165,CUST_2043,2023-04-15 03:00:00,Delivered,Virtual Account Bank Transfer,0.0
ORD_25166,CUST_1851,2024-09-02 10:00:00,Completed,BNPL,7.25
ORD_25167,CUST_1983,2024-04-24 22:00:00,Delivered,Credit Card,8.28
ORD_25168,CUST_1105,2025-04-21 02:00:00,Completed,Credit Card,3.77
ORD_25169,CUST_1892,2024-07-25 05:00:00,Cancelled,Credit Card,5.94
ORD_25170,CUST_1308,2023-05-16 20:00:00,Completed,Credit Card,0.0
ORD_25171,CUST_1024,2023-05-30 08:00:00,Completed,Credit Card,8.37
ORD_25172,CUST_1801,2024-05-02 23:00:00,Delivered,QRIS,0.0
ORD_25173,CUST_1038,2023-12-24 09:00:00,Delivered,BNPL,2.53
ORD_25174,CUST_1926,2024-05-02 02:00:00,Completed,E-Wallet (GoPay/OVO),4.27
ORD_25175,CUST_1808,2023-07-28 04:00:00,Cancelled,BNPL,0.0
ORD_25176,CUST_1587,2024-12-03 14:00:00,Completed,BNPL,4.28
ORD_25177,CUST_1315,2023-03-23 21:00:00,Returned,Credit Card,5.86
ORD_25178,CUST_2189,2024-03-30 03:00:00,Returned,Virtual Account Bank Transfer,2.51
ORD_25179,CUST_1779,2023-12-07 05:00:00,Completed,QRIS,0.0
ORD_25180,CUST_1887,2025-01-01 17:00:00,Delivered,E-Wallet (GoPay/OVO),0.0
ORD_25181,CUST_1615,2023-04-25 13:00:00,Completed,QRIS,5.59
ORD_25182,CUST_1768,2024-03-16 10:00:00,Completed,QRIS,4.87
ORD_25183,CUST_1819,2024-07-02 20:00:00,Completed,QRIS,8.51
ORD_25184,CUST_1674,2023-08-02 04:00:00,Completed,QRIS,7.79
ORD_25185,CUST_1077,2024-04-17 04:00:00,Shipped,E-Wallet (GoPay/OVO),0.0
ORD_25186,CUST_1687,2023-09-11 07:00:00,Completed,Virtual Account Bank Transfer,4.46
ORD_25187,CUST_1767,2023-09-09 22:00:00,Completed,Virtual Account Bank Transfer,0.0
ORD_25188,CUST_1435,2023-08-26 08:00:00,Completed,Virtual Account Bank Transfer,0.0
ORD_25189,CUST_1408,2024-04-21 17:00:00,Completed,BNPL,0.0
ORD_25190,CUST_1825,2024-04-13 01:00:00,Cancelled,Virtual Account Bank Transfer,0.0
ORD_25191,CUST_1022,2023-09-17 17:00:00,Completed,QRIS,8.97
ORD_25192,CUST_1421,2023-08-06 20:00:00,Shipped,E-Wallet (GoPay/OVO),0.0
ORD_25193,CUST_1188,2024-03-16 10:00:00,Cancelled,BNPL,4.23
ORD_25194,CUST_2170,2024-04-12 02:00:00,Completed,E-Wallet (GoPay/OVO),7.46
ORD_25195,CUST_2118,2025-02-15 12:00:00,Completed,QRIS,8.69
ORD_25196,CUST_1274,2024-07-06 02:00:00,Delivered,QRIS,4.49
ORD_25197,CUST_1858,2024-10-23 06:00:00,Completed,BNPL,4.68
ORD_25198,CUST_1465,2023-12-14 01:00:00,Completed,QRIS,7.9
ORD_25199,CUST_1485,2023-09-05 23:00:00,Completed,QRIS,7.6
ORD_25200,CUST_1612,2024-10-01 07:00:00,Completed,Virtual Account Bank Transfer,5.63
ORD_25201,CUST_1021,2023-02-18 22:00:00,Shipped,QRIS,0.0
ORD_25202,CUST_1763,2023-12-23 06:00:00,Shipped,QRIS,4.24
ORD_25203,CUST_1819,2024-06-30 04:00:00,Completed,QRIS,0.0
ORD_25204,CUST_1592,2024-10-20 02:00:00,Completed,QRIS,7.02
ORD_25205,CUST_1870,2023-06-12 02:00:00,Completed,BNPL,0.0
ORD_25206,CUST_1152,2023-08-21 14:00:00,Completed,Virtual Account Bank Transfer,8.01
ORD_25207,CUST_1028,2024-04-22 06:00:00,Completed,QRIS,0.0
ORD_25208,CUST_1136,2023-04-05 14:00:00,Cancelled,QRIS,0.0
ORD_25209,CUST_2070,2024-06-04 02:00:00,Completed,Credit Card,8.47
ORD_25210,CUST_2169,2023-06-05 13:00:00,Delivered,Credit Card,0.0
ORD_25211,CUST_1656,2023-06-05 00:00:00,Completed,QRIS,7.82
ORD_25212,CUST_1377,2024-03-22 20:00:00,Delivered,BNPL,8.16
ORD_25213,CUST_1214,2024-03-10 10:00:00,Completed,E-Wallet (GoPay/OVO),0.0
ORD_25214,CUST_1877,2023-12-03 23:00:00,Completed,BNPL,0.0
ORD_25215,CUST_1127,2023-10-22 21:00:00,Returned,Virtual Account Bank Transfer,7.51
ORD_25216,CUST_1697,2023-07-23 21:00:00,Completed,Credit Card,0.0
ORD_25217,CUST_1877,2024-01-06 05:00:00,Delivered,Credit Card,4.48
ORD_25218,CUST_1796,2023-12-07 01:00:00,Cancelled,BNPL,0.0
ORD_25219,CUST_1244,2024-01-20 17:00:00,Completed,E-Wallet (GoPay/OVO),6.99
ORD_25220,CUST_1003,2025-07-16 14:00:00,Completed,QRIS,8.17
ORD_25221,CUST_1958,2025-07-18 13:00:00,Cancelled,Virtual Account Bank Transfer,5.22
ORD_25222,CUST_2119,2023-11-26 23:00:00,Completed,BNPL,3.22
ORD_25223,CUST_1418,2024-03-15 23:00:00,Completed,Credit Card,7.58
ORD_25224,CUST_1867,2024-04-05 07:00:00,Completed,Credit Card,0.0
ORD_25225,CUST_2057,2023-12-16 11:00:00,Completed,QRIS,7.58
ORD_25226,CUST_1377,2024-05-16 13:00:00,Completed,Credit Card,6.9
ORD_25227,CUST_1753,2023-07-04 17:00:00,Completed,Virtual Account Bank Transfer,7.37
ORD_25228,CUST_1377,2024-08-21 03:00:00,Delivered,Credit Card,3.58
ORD_25229,CUST_1485,2023-08-24 11:00:00,Completed,Credit Card,0.0
ORD_25230,CUST_2086,2023-08-20 08:00:00,Completed,QRIS,0.0
ORD_25231,CUST_1406,2023-11-17 01:00:00,Delivered,Virtual Account Bank Transfer,0.0
ORD_25232,CUST_1562,2024-01-07 04:00:00,Completed,BNPL,4.54
ORD_25233,CUST_1423,2024-02-13 16:00:00,Completed,QRIS,7.31
ORD_25234,CUST_1627,2023-03-23 20:00:00,Completed,Credit Card,0.0
ORD_25235,CUST_1607,2024-05-06 14:00:00,Returned,BNPL,7.84
ORD_25236,CUST_1531,2023-12-19 01:00:00,Completed,QRIS,0.0
ORD_25237,CUST_1640,2024-05-23 22:00:00,Completed,QRIS,7.31
ORD_25238,CUST_1367,2024-03-16 11:00:00,Completed,Virtual Account Bank Transfer,7.87
ORD_25239,CUST_2078,2024-04-20 11:00:00,Completed,Virtual Account Bank Transfer,0.0
ORD_25240,CUST_1879,2024-09-27 18:00:00,Completed,E-Wallet (GoPay/OVO),5.7
ORD_25241,CUST_2002,2023-07-11 02:00:00,Completed,BNPL,3.59
ORD_25242,CUST_2172,2023-01-25 23:00:00,Completed,BNPL,3.64
ORD_25243,CUST_1196,2024-05-10 15:00:00,Completed,Virtual Account Bank Transfer,5.32
ORD_25244,CUST_1567,2023-07-22 09:00:00,Completed,Credit Card,2.69
ORD_25245,CUST_1376,2025-02-16 03:00:00,Completed,BNPL,8.04
ORD_25246,CUST_2063,2023-07-05 21:00:00,Delivered,QRIS,0.0
ORD_25247,CUST_1625,2024-06-14 00:00:00,Completed,E-Wallet (GoPay/OVO),4.84
ORD_25248,CUST_2108,2023-02-24 14:00:00,Completed,E-Wallet (GoPay/OVO),0.0
ORD_25249,CUST_1695,2023-09-12 19:00:00,Completed,Credit Card,8.46
ORD_25250,CUST_1850,2023-12-09 07:00:00,Shipped,E-Wallet (GoPay/OVO),0.0
ORD_25251,CUST_1419,2024-02-21 14:00:00,Completed,E-Wallet (GoPay/OVO),0.0
ORD_25252,CUST_1447,2023-03-21 03:00:00,Shipped,E-Wallet (GoPay/OVO),3.28
ORD_25253,CUST_1683,2023-12-26 11:00:00,Shipped,QRIS,4.63
ORD_25254,CUST_1284,2023-05-16 10:00:00,Completed,Virtual Account Bank Transfer,2.99
ORD_25255,CUST_1914,2023-10-02 20:00:00,Cancelled,BNPL,0.0
ORD_25256,CUST_2044,2023-06-13 03:00:00,Completed,QRIS,0.0
ORD_25257,CUST_2063,2023-04-08 09:00:00,Completed,E-Wallet (GoPay/OVO),8.32
ORD_25258,CUST_1470,2023-04-25 11:00:00,Completed,Credit Card,0.0
ORD_25259,CUST_1785,2024-03-25 16:00:00,Completed,QRIS,2.93
ORD_25260,CUST_1316,2023-05-14 02:00:00,Completed,Virtual Account Bank Transfer,4.94
ORD_25261,CUST_1154,2023-03-23 03:00:00,Completed,BNPL,3.46
ORD_25262,CUST_1593,2024-04-05 00:00:00,Completed,E-Wallet (GoPay/OVO),0.0
ORD_25263,CUST_1853,2024-10-25 16:00:00,Completed,QRIS,0.0
ORD_25264,CUST_1379,2023-12-14 07:00:00,Shipped,QRIS,7.88
ORD_25265,CUST_1924,2024-05-26 08:00:00,Shipped,Credit Card,7.59
ORD_25266,CUST_1581,2023-10-09 07:00:00,Shipped,BNPL,0.0
ORD_25267,CUST_2173,2023-08-13 22:00:00,Shipped,Virtual Account Bank Transfer,5.22
ORD_25268,CUST_1840,2023-11-03 12:00:00,Cancelled,Virtual Account Bank Transfer,0.0
ORD_25269,CUST_1180,2023-11-26 15:00:00,Completed,QRIS,4.16
ORD_25270,CUST_2072,2023-10-02 22:00:00,Completed,QRIS,6.43
ORD_25271,CUST_1572,2023-06-01 18:00:00,Completed,Credit Card,0.0
ORD_25272,CUST_1756,2023-04-01 23:00:00,Completed,BNPL,0.0
ORD_25273,CUST_1569,2024-06-14 16:00:00,Delivered,Virtual Account Bank Transfer,0.0
ORD_25274,CUST_1834,2023-08-13 23:00:00,Shipped,QRIS,5.63
ORD_25275,CUST_1233,2024-05-09 17:00:00,Delivered,QRIS,2.74
ORD_25276,CUST_1701,2024-08-01 15:00:00,Completed,Credit Card,0.0
ORD_25277,CUST_1356,2024-09-15 01:00:00,Completed,BNPL,8.67
ORD_25278,CUST_2143,2023-06-18 18:00:00,Completed,QRIS,8.56
ORD_25279,CUST_1771,2024-04-05 21:00:00,Completed,BNPL,6.04
ORD_25280,CUST_1693,2023-10-05 03:00:00,Completed,Virtual Account Bank Transfer,5.55
ORD_25281,CUST_1061,2023-07-02 15:00:00,Completed,QRIS,7.05
ORD_25282,CUST_1120,2023-09-25 05:00:00,Completed,Credit Card,0.0
ORD_25283,CUST_1719,2024-09-23 20:00:00,Shipped,E-Wallet (GoPay/OVO),7.37
ORD_25284,CUST_2048,2023-07-07 08:00:00,Completed,Credit Card,5.97
ORD_25285,CUST_1421,2023-04-23 16:00:00,Completed,BNPL,2.71
ORD_25286,CUST_2119,2023-07-31 11:00:00,Completed,BNPL,0.0
ORD_25287,CUST_1054,2024-01-08 15:00:00,Completed,QRIS,7.75
ORD_25288,CUST_1875,2023-03-13 15:00:00,Delivered,E-Wallet (GoPay/OVO),5.55
ORD_25289,CUST_1619,2024-02-26 16:00:00,Completed,QRIS,5.26
ORD_25290,CUST_1594,2023-07-18 04:00:00,Completed,Virtual Account Bank Transfer,3.04
ORD_25291,CUST_2049,2023-03-27 03:00:00,Shipped,Virtual Account Bank Transfer,0.0
ORD_25292,CUST_1949,2024-03-30 15:00:00,Completed,Credit Card,5.21
ORD_25293,CUST_2016,2024-05-02 04:00:00,Completed,Virtual Account Bank Transfer,0.0
ORD_25294,CUST_1278,2024-06-27 00:00:00,Completed,E-Wallet (GoPay/OVO),0.0
ORD_25295,CUST_1365,2023-09-30 19:00:00,Completed,E-Wallet (GoPay/OVO),0.0
ORD_25296,CUST_1861,2023-11-09 23:00:00,Completed,QRIS,8.15
ORD_25297,CUST_1782,2023-07-02 15:00:00,Returned,BNPL,0.0
ORD_25298,CUST_2124,2024-04-30 16:00:00,Completed,E-Wallet (GoPay/OVO),7.63
ORD_25299,CUST_1214,2024-03-16 12:00:00,Completed,Virtual Account Bank Transfer,4.23
ORD_25300,CUST_2167,2024-04-08 08:00:00,Completed,Virtual Account Bank Transfer,0.0
ORD_25301,CUST_1012,2024-05-18 22:00:00,Returned,E-Wallet (GoPay/OVO),7.65
ORD_25302,CUST_1803,2023-05-11 18:00:00,Completed,E-Wallet (GoPay/OVO),2.79
ORD_25303,CUST_1293,2024-04-16 05:00:00,Completed,Credit Card,0.0
ORD_25304,CUST_1115,2023-08-21 17:00:00,Completed,Virtual Account Bank Transfer,0.0
ORD_25305,CUST_1264,2023-12-03 01:00:00,Completed,E-Wallet (GoPay/OVO),0.0
ORD_25306,CUST_1018,2024-08-03 21:00:00,Completed,BNPL,0.0
ORD_25307,CUST_1964,2023-12-22 02:00:00,Cancelled,Credit Card,3.06
ORD_25308,CUST_1364,2023-11-16 08:00:00,Delivered,QRIS,4.79
ORD_25309,CUST_1035,2023-09-13 05:00:00,Completed,QRIS,5.27
ORD_25310,CUST_2071,2023-04-10 06:00:00,Completed,BNPL,0.0
ORD_25311,CUST_1125,2024-07-29 16:00:00,Completed,Virtual Account Bank Transfer,4.69
ORD_25312,CUST_1300,2023-03-15 22:00:00,Completed,E-Wallet (GoPay/OVO),8.43
ORD_25313,CUST_1877,2023-12-05 12:00:00,Completed,QRIS,2.78
ORD_25314,CUST_2109,2023-09-09 19:00:00,Completed,BNPL,8.55
ORD_25315,CUST_1813,2023-06-25 17:00:00,Completed,Credit Card,0.0
ORD_25316,CUST_2054,2024-06-23 16:00:00,Completed,Credit Card,0.0
ORD_25317,CUST_2105,2024-02-27 02:00:00,Delivered,BNPL,0.0
ORD_25318,CUST_1369,2023-06-29 03:00:00,Shipped,E-Wallet (GoPay/OVO),8.47
ORD_25319,CUST_1093,2023-11-07 04:00:00,Completed,E-Wallet (GoPay/OVO),0.0
ORD_25320,CUST_2033,2024-04-12 04:00:00,Completed,Virtual Account Bank Transfer,0.0
ORD_25321,CUST_1179,2024-05-16 10:00:00,Completed,E-Wallet (GoPay/OVO),0.0
ORD_25322,CUST_1727,2023-05-21 15:00:00,Completed,E-Wallet (GoPay/OVO),0.0
ORD_25323,CUST_1070,2023-04-25 22:00:00,Shipped,Virtual Account Bank Transfer,5.02
ORD_25324,CUST_1092,2024-06-02 10:00:00,Completed,Virtual Account Bank Transfer,8.2
ORD_25325,CUST_2134,2023-08-05 01:00:00,Shipped,E-Wallet (GoPay/OVO),0.0
ORD_25326,CUST_1490,2023-09-25 19:00:00,Completed,Credit Card,8.19
ORD_25327,CUST_1151,2024-09-03 03:00:00,Completed,E-Wallet (GoPay/OVO),0.0
ORD_25328,CUST_1362,2023-07-07 16:00:00,Completed,Credit Card,0.0
ORD_25329,CUST_1986,2023-05-17 12:00:00,Shipped,QRIS,7.52
ORD_25330,CUST_1258,2023-05-21 04:00:00,Shipped,Virtual Account Bank Transfer,0.0
ORD_25331,CUST_1270,2023-12-10 18:00:00,Completed,QRIS,0.0
ORD_25332,CUST_1628,2023-12-29 08:00:00,Completed,E-Wallet (GoPay/OVO),8.81
ORD_25333,CUST_2194,2024-02-07 10:00:00,Completed,BNPL,7.43
ORD_25334,CUST_1669,2023-09-18 00:00:00,Completed,Credit Card,4.57
ORD_25335,CUST_1455,2024-05-10 04:00:00,Completed,Virtual Account Bank Transfer,0.0
ORD_25336,CUST_1332,2023-06-18 14:00:00,Completed,Virtual Account Bank Transfer,5.65
ORD_25337,CUST_1173,2023-01-31 10:00:00,Completed,Credit Card,0.0
ORD_25338,CUST_1417,2024-01-01 07:00:00,Shipped,E-Wallet (GoPay/OVO),0.0
ORD_25339,CUST_1635,2023-07-20 08:00:00,Shipped,Virtual Account Bank Transfer,6.88
ORD_25340,CUST_1216,2023-11-07 00:00:00,Completed,E-Wallet (GoPay/OVO),8.94
ORD_25341,CUST_2033,2023-10-20 19:00:00,Completed,E-Wallet (GoPay/OVO),5.87
ORD_25342,CUST_1648,2023-09-10 12:00:00,Completed,QRIS,4.16
ORD_25343,CUST_1290,2023-03-05 00:00:00,Completed,E-Wallet (GoPay/OVO),4.44
ORD_25344,CUST_2115,2024-02-18 03:00:00,Completed,Virtual Account Bank Transfer,2.79
ORD_25345,CUST_1249,2024-04-26 19:00:00,Completed,E-Wallet (GoPay/OVO),7.34
ORD_25346,CUST_2068,2023-03-23 10:00:00,Completed,BNPL,4.4
ORD_25347,CUST_1632,2023-01-23 09:00:00,Completed,QRIS,3.89
ORD_25348,CUST_1195,2023-07-25 07:00:00,Completed,Virtual Account Bank Transfer,7.36
ORD_25349,CUST_1834,2023-08-19 14:00:00,Completed,Credit Card,0.0
ORD_25350,CUST_1384,2023-04-22 17:00:00,Completed,QRIS,0.0
ORD_25351,CUST_1071,2024-07-08 08:00:00,Completed,BNPL,2.59
ORD_25352,CUST_2045,2024-05-16 06:00:00,Completed,Credit Card,6.07
ORD_25353,CUST_1563,2024-04-05 17:00:00,Completed,BNPL,0.0
ORD_25354,CUST_2179,2024-07-09 23:00:00,Completed,BNPL,7.74
ORD_25355,CUST_1632,2023-03-19 23:00:00,Completed,BNPL,0.0
ORD_25356,CUST_1202,2024-05-07 23:00:00,Shipped,QRIS,8.11
ORD_25357,CUST_1591,2024-08-22 06:00:00,Completed,QRIS,0.0
ORD_25358,CUST_2180,2024-03-08 03:00:00,Completed,BNPL,0.0
ORD_25359,CUST_2045,2024-07-12 23:00:00,Shipped,BNPL,0.0
ORD_25360,CUST_1541,2023-02-08 20:00:00,Completed,Credit Card,5.33
ORD_25361,CUST_1623,2024-01-19 07:00:00,Completed,E-Wallet (GoPay/OVO),3.01
ORD_25362,CUST_1887,2024-06-19 01:00:00,Completed,E-Wallet (GoPay/OVO),6.71
ORD_25363,CUST_1068,2024-03-29 13:00:00,Delivered,E-Wallet (GoPay/OVO),0.0
ORD_25364,CUST_1020,2023-02-14 20:00:00,Completed,E-Wallet (GoPay/OVO),0.0
ORD_25365,CUST_1974,2023-06-22 11:00:00,Completed,Virtual Account Bank Transfer,2.95
ORD_25366,CUST_2138,2024-05-15 12:00:00,Completed,E-Wallet (GoPay/OVO),3.97
ORD_25367,CUST_1568,2023-04-18 10:00:00,Completed,E-Wallet (GoPay/OVO),8.23
ORD_25368,CUST_1798,2024-05-05 09:00:00,Shipped,Credit Card,8.77
ORD_25369,CUST_1285,2024-03-04 08:00:00,Completed,QRIS,0.0
ORD_25370,CUST_2189,2024-03-25 04:00:00,Completed,BNPL,5.96
ORD_25371,CUST_2184,2023-06-24 22:00:00,Completed,Virtual Account Bank Transfer,8.19
ORD_25372,CUST_1490,2023-11-03 22:00:00,Cancelled,QRIS,0.0
ORD_25373,CUST_1428,2023-07-17 22:00:00,Shipped,Credit Card,0.0
ORD_25374,CUST_1989,2023-02-03 03:00:00,Completed,E-Wallet (GoPay/OVO),4.78
ORD_25375,CUST_2062,2024-06-27 01:00:00,Shipped,QRIS,0.0
ORD_25376,CUST_1581,2024-02-16 21:00:00,Completed,BNPL,8.11
ORD_25377,CUST_2130,2023-09-10 00:00:00,Delivered,Credit Card,2.84
ORD_25378,CUST_1134,2024-08-15 01:00:00,Completed,Virtual Account Bank Transfer,0.0
ORD_25379,CUST_2137,2024-06-01 01:00:00,Completed,Credit Card,2.8
ORD_25380,CUST_1759,2023-07-28 04:00:00,Completed,BNPL,3.96
ORD_25381,CUST_1267,2024-09-04 13:00:00,Completed,E-Wallet (GoPay/OVO),0.0
ORD_25382,CUST_2130,2023-09-18 14:00:00,Completed,QRIS,7.1
ORD_25383,CUST_1220,2023-02-13 19:00:00,Delivered,Credit Card,0.0
ORD_25384,CUST_2120,2024-01-23 19:00:00,Completed,BNPL,2.86
ORD_25385,CUST_2144,2023-04-19 10:00:00,Completed,QRIS,3.57
ORD_25386,CUST_1473,2025-01-13 09:00:00,Completed,BNPL,5.14
ORD_25387,CUST_1040,2023-10-02 18:00:00,Cancelled,QRIS,7.56
ORD_25388,CUST_1858,2024-09-29 03:00:00,Completed,E-Wallet (GoPay/OVO),0.0
ORD_25389,CUST_1282,2023-06-15 19:00:00,Completed,Virtual Account Bank Transfer,4.13
ORD_25390,CUST_1555,2023-07-06 14:00:00,Completed,E-Wallet (GoPay/OVO),7.97
ORD_25391,CUST_1949,2023-12-05 22:00:00,Completed,Credit Card,0.0
ORD_25392,CUST_1908,2023-11-16 02:00:00,Completed,Virtual Account Bank Transfer,3.8
ORD_25393,CUST_1623,2024-01-25 14:00:00,Completed,Credit Card,2.78
ORD_25394,CUST_1341,2024-04-27 09:00:00,Completed,E-Wallet (GoPay/OVO),7.08
ORD_25395,CUST_1086,2024-07-09 13:00:00,Delivered,BNPL,0.0
ORD_25396,CUST_2165,2023-11-02 11:00:00,Completed,E-Wallet (GoPay/OVO),0.0
ORD_25397,CUST_2079,2023-04-20 02:00:00,Completed,Credit Card,8.26
ORD_25398,CUST_2124,2024-08-05 22:00:00,Completed,QRIS,6.73
ORD_25399,CUST_1893,2024-05-07 23:00:00,Completed,QRIS,0.0
ORD_25400,CUST_1277,2023-12-27 07:00:00,Completed,Virtual Account Bank Transfer,0.0
ORD_25401,CUST_1296,2023-10-14 16:00:00,Completed,E-Wallet (GoPay/OVO),0.0
ORD_25402,CUST_1977,2024-09-02 13:00:00,Shipped,Virtual Account Bank Transfer,7.64
ORD_25403,CUST_1855,2024-07-31 18:00:00,Completed,Credit Card,0.0
ORD_25404,CUST_1816,2024-08-25 15:00:00,Completed,QRIS,4.89
ORD_25405,CUST_1318,2023-06-02 02:00:00,Shipped,Credit Card,0.0
ORD_25406,CUST_1703,2023-09-21 15:00:00,Shipped,QRIS,8.09
ORD_25407,CUST_1037,2024-05-03 05:00:00,Cancelled,Virtual Account Bank Transfer,5.38
ORD_25408,CUST_1465,2023-12-30 13:00:00,Shipped,BNPL,0.0
ORD_25409,CUST_1700,2023-09-30 20:00:00,Cancelled,Virtual Account Bank Transfer,0.0
ORD_25410,CUST_2002,2023-08-20 23:00:00,Completed,Credit Card,0.0
ORD_25411,CUST_2017,2023-10-12 09:00:00,Shipped,Credit Card,0.0
ORD_25412,CUST_1576,2023-06-03 04:00:00,Completed,Credit Card,0.0
ORD_25413,CUST_1686,2024-01-21 10:00:00,Completed,BNPL,4.4
ORD_25414,CUST_1623,2024-02-02 17:00:00,Completed,E-Wallet (GoPay/OVO),2.58
ORD_25415,CUST_1140,2024-06-27 19:00:00,Completed,QRIS,0.0
ORD_25416,CUST_1724,2023-05-14 06:00:00,Completed,BNPL,4.57
ORD_25417,CUST_1038,2024-03-07 20:00:00,Cancelled,E-Wallet (GoPay/OVO),4.75
ORD_25418,CUST_1616,2023-09-11 18:00:00,Returned,Credit Card,5.17
ORD_25419,CUST_1471,2023-07-24 02:00:00,Completed,QRIS,0.0
ORD_25420,CUST_1816,2024-02-11 06:00:00,Completed,Virtual Account Bank Transfer,0.0
ORD_25421,CUST_1692,2024-03-21 06:00:00,Completed,Virtual Account Bank Transfer,0.0
ORD_25422,CUST_1155,2024-12-01 17:00:00,Completed,Credit Card,3.36
ORD_25423,CUST_1165,2023-05-31 19:00:00,Delivered,Credit Card,2.82
ORD_25424,CUST_1037,2024-02-06 13:00:00,Shipped,QRIS,7.72
ORD_25425,CUST_2024,2024-06-03 11:00:00,Cancelled,QRIS,6.37
ORD_25426,CUST_1607,2024-12-05 12:00:00,Delivered,E-Wallet (GoPay/OVO),0.0
ORD_25427,CUST_1677,2023-09-16 01:00:00,Completed,E-Wallet (GoPay/OVO),0.0
ORD_25428,CUST_2131,2023-09-14 15:00:00,Completed,Credit Card,0.0
ORD_25429,CUST_1687,2023-09-24 16:00:00,Completed,BNPL,0.0
ORD_25430,CUST_1682,2024-02-21 05:00:00,Completed,E-Wallet (GoPay/OVO),3.38
ORD_25431,CUST_1703,2023-07-25 02:00:00,Completed,BNPL,0.0
ORD_25432,CUST_1551,2023-10-21 02:00:00,Completed,Credit Card,0.0
ORD_25433,CUST_1201,2023-03-15 06:00:00,Completed,Credit Card,3.55
ORD_25434,CUST_1314,2024-05-29 18:00:00,Completed,E-Wallet (GoPay/OVO),4.73
ORD_25435,CUST_2037,2023-07-27 04:00:00,Shipped,BNPL,7.35
ORD_25436,CUST_1162,2023-06-13 12:00:00,Cancelled,QRIS,0.0
ORD_25437,CUST_2021,2023-07-05 18:00:00,Completed,BNPL,0.0
ORD_25438,CUST_1692,2024-01-02 08:00:00,Completed,QRIS,3.97
ORD_25439,CUST_2008,2024-01-10 09:00:00,Delivered,Virtual Account Bank Transfer,0.0
ORD_25440,CUST_1702,2024-09-10 02:00:00,Completed,Credit Card,0.0
ORD_25441,CUST_1305,2024-04-04 16:00:00,Returned,BNPL,6.3
ORD_25442,CUST_2062,2024-08-18 16:00:00,Completed,Credit Card,0.0
ORD_25443,CUST_1946,2023-02-08 17:00:00,Completed,Virtual Account Bank Transfer,6.27
ORD_25444,CUST_1904,2025-03-03 06:00:00,Completed,BNPL,0.0
ORD_25445,CUST_2061,2023-07-02 12:00:00,Completed,Virtual Account Bank Transfer,7.55
ORD_25446,CUST_1926,2023-12-25 14:00:00,Completed,QRIS,6.23
ORD_25447,CUST_1627,2023-02-24 17:00:00,Completed,Virtual Account Bank Transfer,8.34
ORD_25448,CUST_1440,2023-07-10 16:00:00,Completed,Virtual Account Bank Transfer,0.0
ORD_25449,CUST_1992,2024-05-12 17:00:00,Completed,E-Wallet (GoPay/OVO),3.06
ORD_25450,CUST_1674,2023-05-13 09:00:00,Completed,QRIS,7.65
ORD_25451,CUST_1515,2023-11-13 23:00:00,Completed,QRIS,5.99
ORD_25452,CUST_1291,2023-05-16 15:00:00,Completed,Virtual Account Bank Transfer,0.0
ORD_25453,CUST_1742,2024-04-08 11:00:00,Completed,Virtual Account Bank Transfer,6.33
ORD_25454,CUST_1151,2025-05-15 12:00:00,Completed,Credit Card,4.08
ORD_25455,CUST_1726,2024-05-11 19:00:00,Shipped,Credit Card,6.77
ORD_25456,CUST_1930,2024-07-02 21:00:00,Completed,Virtual Account Bank Transfer,0.0
ORD_25457,CUST_1818,2023-06-15 02:00:00,Completed,Credit Card,5.89
ORD_25458,CUST_1105,2024-05-19 02:00:00,Completed,Virtual Account Bank Transfer,4.69
ORD_25459,CUST_1452,2023-12-18 11:00:00,Completed,Credit Card,0.0
ORD_25460,CUST_2191,2024-07-30 21:00:00,Completed,E-Wallet (GoPay/OVO),6.36
ORD_25461,CUST_1907,2023-05-08 05:00:00,Completed,E-Wallet (GoPay/OVO),6.68
ORD_25462,CUST_1184,2023-11-25 02:00:00,Completed,Credit Card,8.54
ORD_25463,CUST_1875,2023-11-02 21:00:00,Delivered,E-Wallet (GoPay/OVO),5.75
ORD_25464,CUST_1112,2023-08-01 07:00:00,Shipped,E-Wallet (GoPay/OVO),6.63
ORD_25465,CUST_2187,2023-02-09 01:00:00,Completed,Virtual Account Bank Transfer,0.0
ORD_25466,CUST_1472,2024-06-16 14:00:00,Completed,E-Wallet (GoPay/OVO),7.64
ORD_25467,CUST_1596,2023-04-09 07:00:00,Completed,Credit Card,6.37
ORD_25468,CUST_1394,2023-05-05 00:00:00,Completed,QRIS,0.0
ORD_25469,CUST_1925,2023-03-25 06:00:00,Completed,Virtual Account Bank Transfer,5.47
ORD_25470,CUST_1536,2024-04-10 17:00:00,Completed,Credit Card,7.29
ORD_25471,CUST_1755,2023-12-29 20:00:00,Completed,QRIS,0.0
ORD_25472,CUST_1124,2024-10-01 04:00:00,Delivered,Credit Card,0.0
ORD_25473,CUST_1183,2023-11-26 09:00:00,Completed,QRIS,0.0
ORD_25474,CUST_1504,2023-10-05 22:00:00,Completed,Credit Card,0.0
ORD_25475,CUST_1127,2023-11-04 16:00:00,Completed,Credit Card,5.52
ORD_25476,CUST_1359,2023-03-19 11:00:00,Completed,BNPL,0.0
ORD_25477,CUST_2057,2023-10-26 11:00:00,Completed,QRIS,3.56
ORD_25478,CUST_1520,2024-05-27 17:00:00,Completed,QRIS,5.69
ORD_25479,CUST_1624,2023-02-27 07:00:00,Completed,QRIS,6.24
ORD_25480,CUST_2061,2023-05-26 05:00:00,Shipped,E-Wallet (GoPay/OVO),3.05
ORD_25481,CUST_1479,2024-04-10 11:00:00,Completed,Virtual Account Bank Transfer,0.0
ORD_25482,CUST_1033,2023-11-07 13:00:00,Shipped,BNPL,4.3
ORD_25483,CUST_1639,2023-09-25 07:00:00,Completed,Credit Card,0.0
ORD_25484,CUST_2106,2024-06-12 20:00:00,Delivered,E-Wallet (GoPay/OVO),4.43
ORD_25485,CUST_1772,2024-10-05 20:00:00,Shipped,QRIS,8.73
ORD_25486,CUST_1282,2023-06-03 16:00:00,Completed,E-Wallet (GoPay/OVO),0.0
ORD_25487,CUST_1454,2023-11-03 01:00:00,Shipped,Virtual Account Bank Transfer,0.0
ORD_25488,CUST_2011,2024-05-07 18:00:00,Completed,E-Wallet (GoPay/OVO),6.58
ORD_25489,CUST_1072,2023-11-07 09:00:00,Completed,BNPL,3.71
ORD_25490,CUST_1791,2023-10-06 10:00:00,Completed,Credit Card,0.0
ORD_25491,CUST_1854,2024-02-02 18:00:00,Completed,E-Wallet (GoPay/OVO),0.0
ORD_25492,CUST_1259,2023-04-28 22:00:00,Shipped,Credit Card,0.0
ORD_25493,CUST_1092,2024-07-08 17:00:00,Shipped,Credit Card,0.0
ORD_25494,CUST_1194,2024-01-18 00:00:00,Returned,E-Wallet (GoPay/OVO),5.12
ORD_25495,CUST_1648,2023-11-29 00:00:00,Completed,QRIS,0.0
ORD_25496,CUST_1183,2024-01-29 14:00:00,Cancelled,Virtual Account Bank Transfer,0.0
ORD_25497,CUST_1874,2024-01-25 12:00:00,Completed,BNPL,0.0
ORD_25498,CUST_1471,2023-09-08 14:00:00,Completed,E-Wallet (GoPay/OVO),0.0
ORD_25499,CUST_1743,2024-05-17 12:00:00,Shipped,QRIS,5.06
ORD_25500,CUST_1912,2024-08-20 21:00:00,Completed,Virtual Account Bank Transfer,6.01
ORD_25501,CUST_1699,2024-07-30 11:00:00,Completed,E-Wallet (GoPay/OVO),2.73
ORD_25502,CUST_1355,2024-06-05 06:00:00,Returned,QRIS,0.0
ORD_25503,CUST_1977,2024-04-04 21:00:00,Completed,E-Wallet (GoPay/OVO),0.0
ORD_25504,CUST_2069,2023-12-10 22:00:00,Shipped,QRIS,8.77
ORD_25505,CUST_1094,2024-03-24 03:00:00,Cancelled,E-Wallet (GoPay/OVO),5.2
ORD_25506,CUST_1051,2024-04-24 15:00:00,Delivered,Virtual Account Bank Transfer,5.56
ORD_25507,CUST_2102,2024-03-08 12:00:00,Completed,Credit Card,0.0
ORD_25508,CUST_1063,2024-01-12 02:00:00,Shipped,Virtual Account Bank Transfer,6.4
ORD_25509,CUST_2165,2023-05-03 15:00:00,Completed,QRIS,0.0
ORD_25510,CUST_1386,2023-12-06 04:00:00,Shipped,Credit Card,3.79
ORD_25511,CUST_1892,2024-03-29 08:00:00,Delivered,QRIS,2.93
ORD_25512,CUST_1352,2024-06-07 15:00:00,Cancelled,BNPL,0.0
ORD_25513,CUST_2150,2023-04-03 10:00:00,Completed,E-Wallet (GoPay/OVO),7.38
ORD_25514,CUST_2026,2023-06-18 04:00:00,Completed,Credit Card,5.14
ORD_25515,CUST_1146,2023-10-29 20:00:00,Cancelled,QRIS,0.0
ORD_25516,CUST_1725,2024-05-24 05:00:00,Completed,Virtual Account Bank Transfer,0.0
ORD_25517,CUST_1834,2024-02-21 08:00:00,Completed,Virtual Account Bank Transfer,7.14
ORD_25518,CUST_1857,2023-04-30 11:00:00,Completed,QRIS,7.81
ORD_25519,CUST_1021,2023-03-21 17:00:00,Delivered,QRIS,4.94
ORD_25520,CUST_1459,2024-07-03 11:00:00,Shipped,E-Wallet (GoPay/OVO),0.0
ORD_25521,CUST_1685,2024-05-15 18:00:00,Completed,Credit Card,0.0
ORD_25522,CUST_1757,2023-08-21 11:00:00,Completed,QRIS,0.0
ORD_25523,CUST_1637,2023-04-26 03:00:00,Completed,BNPL,8.07
ORD_25524,CUST_1783,2024-02-07 08:00:00,Completed,BNPL,0.0
ORD_25525,CUST_1632,2023-05-30 10:00:00,Completed,Credit Card,8.26
ORD_25526,CUST_1243,2023-06-27 20:00:00,Completed,BNPL,0.0
ORD_25527,CUST_1076,2024-02-09 01:00:00,Completed,Virtual Account Bank Transfer,4.14
ORD_25528,CUST_1640,2023-09-05 16:00:00,Completed,Credit Card,0.0
ORD_25529,CUST_2176,2023-09-19 22:00:00,Completed,QRIS,2.95
ORD_25530,CUST_1073,2024-04-07 11:00:00,Completed,Credit Card,0.0
ORD_25531,CUST_1478,2023-05-20 10:00:00,Completed,QRIS,7.41
ORD_25532,CUST_2044,2023-12-26 10:00:00,Completed,QRIS,5.23
ORD_25533,CUST_1027,2023-08-28 07:00:00,Completed,Virtual Account Bank Transfer,0.0
ORD_25534,CUST_1845,2023-05-13 17:00:00,Shipped,QRIS,6.68
ORD_25535,CUST_1775,2023-12-04 22:00:00,Shipped,E-Wallet (GoPay/OVO),8.65
ORD_25536,CUST_1492,2023-11-19 03:00:00,Completed,Virtual Account Bank Transfer,6.99
ORD_25537,CUST_1417,2024-01-15 03:00:00,Completed,E-Wallet (GoPay/OVO),0.0
ORD_25538,CUST_1793,2023-01-28 22:00:00,Completed,Virtual Account Bank Transfer,5.15
ORD_25539,CUST_1006,2024-05-15 16:00:00,Shipped,E-Wallet (GoPay/OVO),4.42
ORD_25540,CUST_1823,2024-05-01 00:00:00,Completed,QRIS,4.03
ORD_25541,CUST_1110,2023-08-10 02:00:00,Completed,Virtual Account Bank Transfer,8.94
ORD_25542,CUST_2173,2023-07-23 03:00:00,Completed,QRIS,2.55
ORD_25543,CUST_1607,2024-03-31 02:00:00,Completed,E-Wallet (GoPay/OVO),4.07
ORD_25544,CUST_1904,2024-11-05 17:00:00,Completed,BNPL,6.26
ORD_25545,CUST_1513,2024-05-26 22:00:00,Completed,E-Wallet (GoPay/OVO),0.0
ORD_25546,CUST_1020,2023-02-19 19:00:00,Shipped,BNPL,7.57
ORD_25547,CUST_1725,2024-07-10 22:00:00,Completed,E-Wallet (GoPay/OVO),2.7
ORD_25548,CUST_1569,2024-05-01 22:00:00,Completed,Credit Card,4.97
ORD_25549,CUST_1897,2024-02-16 02:00:00,Cancelled,QRIS,0.0
ORD_25550,CUST_1695,2023-04-19 02:00:00,Completed,E-Wallet (GoPay/OVO),0.0
ORD_25551,CUST_1744,2023-07-04 09:00:00,Completed,E-Wallet (GoPay/OVO),6.35
ORD_25552,CUST_1772,2024-03-05 16:00:00,Shipped,Credit Card,3.97
ORD_25553,CUST_1013,2024-07-28 14:00:00,Completed,QRIS,4.87
ORD_25554,CUST_1641,2024-04-07 07:00:00,Completed,BNPL,0.0
ORD_25555,CUST_1401,2024-05-25 00:00:00,Shipped,BNPL,0.0
ORD_25556,CUST_1014,2024-05-07 22:00:00,Completed,QRIS,0.0
ORD_25557,CUST_1544,2023-12-02 09:00:00,Completed,BNPL,0.0
ORD_25558,CUST_1217,2023-10-18 09:00:00,Completed,BNPL,0.0
ORD_25559,CUST_1669,2023-07-23 13:00:00,Completed,QRIS,5.67
ORD_25560,CUST_1655,2024-04-11 23:00:00,Completed,QRIS,8.45
ORD_25561,CUST_1291,2023-04-27 23:00:00,Completed,Credit Card,8.88
ORD_25562,CUST_1324,2024-10-24 16:00:00,Completed,QRIS,0.0
ORD_25563,CUST_1464,2023-10-22 12:00:00,Completed,QRIS,8.49
ORD_25564,CUST_1139,2023-04-26 07:00:00,Completed,Credit Card,4.1
ORD_25565,CUST_1089,2024-02-07 17:00:00,Completed,BNPL,6.67
ORD_25566,CUST_1169,2023-02-11 04:00:00,Returned,BNPL,0.0
ORD_25567,CUST_1769,2023-12-05 21:00:00,Completed,Virtual Account Bank Transfer,0.0
ORD_25568,CUST_1625,2024-05-24 16:00:00,Completed,BNPL,4.86
ORD_25569,CUST_1858,2024-04-22 18:00:00,Delivered,Credit Card,0.0
ORD_25570,CUST_1898,2024-04-27 08:00:00,Delivered,Virtual Account Bank Transfer,8.39
ORD_25571,CUST_1472,2024-11-11 12:00:00,Completed,E-Wallet (GoPay/OVO),4.08
ORD_25572,CUST_2089,2023-05-13 00:00:00,Completed,BNPL,3.9
ORD_25573,CUST_1226,2023-04-30 10:00:00,Delivered,E-Wallet (GoPay/OVO),8.34
ORD_25574,CUST_1929,2024-04-01 04:00:00,Completed,BNPL,8.2
ORD_25575,CUST_1127,2023-12-04 17:00:00,Completed,Virtual Account Bank Transfer,3.66
ORD_25576,CUST_1992,2024-04-08 00:00:00,Completed,QRIS,3.14
ORD_25577,CUST_1666,2023-07-12 14:00:00,Completed,E-Wallet (GoPay/OVO),7.79
ORD_25578,CUST_1101,2023-10-15 09:00:00,Completed,Credit Card,0.0
ORD_25579,CUST_2106,2023-09-01 07:00:00,Completed,E-Wallet (GoPay/OVO),8.54
ORD_25580,CUST_1243,2023-08-21 03:00:00,Completed,QRIS,0.0
ORD_25581,CUST_1266,2024-03-20 11:00:00,Shipped,BNPL,8.87
ORD_25582,CUST_1778,2023-08-14 13:00:00,Completed,Credit Card,0.0
ORD_25583,CUST_1619,2024-02-27 13:00:00,Completed,BNPL,0.0
ORD_25584,CUST_1344,2023-07-02 06:00:00,Completed,QRIS,0.0
ORD_25585,CUST_2082,2023-11-08 01:00:00,Completed,BNPL,2.69
ORD_25586,CUST_1264,2023-12-28 04:00:00,Completed,Virtual Account Bank Transfer,0.0
ORD_25587,CUST_1865,2024-01-15 17:00:00,Completed,BNPL,0.0
ORD_25588,CUST_1294,2023-09-12 22:00:00,Completed,E-Wallet (GoPay/OVO),0.0
ORD_25589,CUST_1070,2023-08-08 17:00:00,Completed,BNPL,0.0
ORD_25590,CUST_1333,2024-03-09 04:00:00,Completed,E-Wallet (GoPay/OVO),5.08
ORD_25591,CUST_1460,2023-12-20 19:00:00,Completed,QRIS,7.59
ORD_25592,CUST_1079,2024-06-09 21:00:00,Completed,E-Wallet (GoPay/OVO),0.0
ORD_25593,CUST_1141,2023-06-12 08:00:00,Completed,QRIS,0.0
ORD_25594,CUST_1130,2024-05-27 00:00:00,Returned,BNPL,4.58
ORD_25595,CUST_1310,2024-01-20 15:00:00,Completed,E-Wallet (GoPay/OVO),5.08
ORD_25596,CUST_2193,2023-10-20 00:00:00,Completed,BNPL,0.0
ORD_25597,CUST_1608,2023-02-28 05:00:00,Completed,E-Wallet (GoPay/OVO),8.38
ORD_25598,CUST_1997,2023-06-11 16:00:00,Delivered,BNPL,0.0
ORD_25599,CUST_1081,2023-03-16 08:00:00,Completed,E-Wallet (GoPay/OVO),0.0
ORD_25600,CUST_1206,2023-11-10 17:00:00,Shipped,Virtual Account Bank Transfer,4.5
ORD_25601,CUST_1337,2023-10-15 12:00:00,Completed,Virtual Account Bank Transfer,8.53
ORD_25602,CUST_2155,2023-12-11 10:00:00,Delivered,BNPL,0.0
ORD_25603,CUST_1236,2024-04-07 10:00:00,Completed,Credit Card,8.75
ORD_25604,CUST_1001,2024-03-08 14:00:00,Shipped,Virtual Account Bank Transfer,8.97
ORD_25605,CUST_1729,2023-05-13 03:00:00,Delivered,QRIS,3.17
ORD_25606,CUST_1104,2024-03-04 14:00:00,Completed,Credit Card,2.96
ORD_25607,CUST_1738,2024-04-20 19:00:00,Completed,Virtual Account Bank Transfer,3.29
ORD_25608,CUST_1927,2024-04-19 19:00:00,Shipped,E-Wallet (GoPay/OVO),8.92
ORD_25609,CUST_1280,2023-05-04 09:00:00,Completed,QRIS,3.7
ORD_25610,CUST_1415,2023-06-26 01:00:00,Completed,BNPL,7.46
ORD_25611,CUST_1399,2023-07-25 02:00:00,Completed,Credit Card,8.56
ORD_25612,CUST_1604,2023-02-23 03:00:00,Completed,BNPL,3.43
ORD_25613,CUST_1748,2025-01-12 04:00:00,Returned,QRIS,5.84
ORD_25614,CUST_1510,2023-08-28 22:00:00,Returned,E-Wallet (GoPay/OVO),3.55
ORD_25615,CUST_2014,2023-12-30 15:00:00,Completed,Credit Card,0.0
ORD_25616,CUST_1804,2023-05-20 10:00:00,Completed,E-Wallet (GoPay/OVO),7.56
ORD_25617,CUST_1675,2023-12-14 14:00:00,Returned,QRIS,0.0
ORD_25618,CUST_1425,2023-08-12 19:00:00,Completed,BNPL,0.0
ORD_25619,CUST_2011,2024-05-18 19:00:00,Delivered,QRIS,6.34
ORD_25620,CUST_2135,2023-12-15 14:00:00,Completed,Virtual Account Bank Transfer,0.0
ORD_25621,CUST_1329,2023-03-17 14:00:00,Completed,Credit Card,4.55
ORD_25622,CUST_1689,2024-05-28 09:00:00,Completed,BNPL,0.0
ORD_25623,CUST_1604,2023-09-04 23:00:00,Completed,Credit Card,0.0
ORD_25624,CUST_2072,2023-09-03 02:00:00,Completed,BNPL,5.83
ORD_25625,CUST_1632,2023-06-13 09:00:00,Completed,QRIS,5.02
ORD_25626,CUST_1251,2024-05-23 00:00:00,Completed,QRIS,2.76
ORD_25627,CUST_1164,2023-07-04 04:00:00,Shipped,QRIS,5.6
ORD_25628,CUST_1494,2024-07-24 09:00:00,Delivered,BNPL,0.0
ORD_25629,CUST_2038,2023-10-03 18:00:00,Completed,QRIS,0.0
ORD_25630,CUST_2157,2023-06-25 22:00:00,Completed,E-Wallet (GoPay/OVO),5.92
ORD_25631,CUST_1637,2023-07-16 02:00:00,Completed,QRIS,0.0
ORD_25632,CUST_1388,2023-11-09 11:00:00,Completed,BNPL,0.0
ORD_25633,CUST_2178,2024-01-05 05:00:00,Completed,BNPL,2.62
ORD_25634,CUST_1037,2024-01-27 10:00:00,Returned,QRIS,5.18
ORD_25635,CUST_1948,2023-06-08 13:00:00,Shipped,Credit Card,0.0
ORD_25636,CUST_1056,2024-02-10 03:00:00,Completed,E-Wallet (GoPay/OVO),4.69
ORD_25637,CUST_1433,2024-05-01 11:00:00,Completed,Credit Card,8.06
ORD_25638,CUST_1416,2024-03-15 01:00:00,Cancelled,E-Wallet (GoPay/OVO),4.0
ORD_25639,CUST_2144,2023-03-29 23:00:00,Completed,BNPL,7.81
ORD_25640,CUST_1716,2024-01-26 21:00:00,Completed,QRIS,7.17
ORD_25641,CUST_1185,2023-06-29 04:00:00,Shipped,BNPL,2.81
ORD_25642,CUST_1199,2023-12-03 13:00:00,Completed,Virtual Account Bank Transfer,0.0
ORD_25643,CUST_1576,2023-07-09 20:00:00,Completed,QRIS,5.93
ORD_25644,CUST_1628,2024-06-21 19:00:00,Completed,QRIS,0.0
ORD_25645,CUST_1573,2024-01-09 22:00:00,Returned,QRIS,5.41
ORD_25646,CUST_1606,2024-05-15 23:00:00,Completed,QRIS,0.0
ORD_25647,CUST_1950,2023-10-30 17:00:00,Completed,Credit Card,3.3
ORD_25648,CUST_1416,2024-07-11 02:00:00,Completed,E-Wallet (GoPay/OVO),7.87
ORD_25649,CUST_2123,2023-09-12 11:00:00,Completed,E-Wallet (GoPay/OVO),3.85
ORD_25650,CUST_1722,2023-04-17 00:00:00,Completed,BNPL,5.3
ORD_25651,CUST_1517,2023-11-12 11:00:00,Completed,QRIS,8.97
ORD_25652,CUST_1476,2024-04-04 02:00:00,Completed,Credit Card,2.79
ORD_25653,CUST_1809,2024-03-26 00:00:00,Cancelled,E-Wallet (GoPay/OVO),4.74
ORD_25654,CUST_1395,2023-10-11 02:00:00,Completed,Virtual Account Bank Transfer,6.4
ORD_25655,CUST_1808,2023-07-13 12:00:00,Completed,QRIS,0.0
ORD_25656,CUST_1924,2023-11-05 21:00:00,Completed,BNPL,4.17
ORD_25657,CUST_2131,2023-07-07 16:00:00,Completed,Credit Card,0.0
ORD_25658,CUST_1790,2024-01-25 16:00:00,Completed,Credit Card,5.97
ORD_25659,CUST_1211,2023-10-28 14:00:00,Completed,Credit Card,4.21
ORD_25660,CUST_1523,2024-04-22 21:00:00,Shipped,Virtual Account Bank Transfer,4.6
ORD_25661,CUST_1208,2024-04-23 16:00:00,Completed,Virtual Account Bank Transfer,0.0
ORD_25662,CUST_1446,2024-03-06 07:00:00,Shipped,E-Wallet (GoPay/OVO),0.0
ORD_25663,CUST_1328,2023-09-16 18:00:00,Delivered,Virtual Account Bank Transfer,6.03
ORD_25664,CUST_1921,2023-01-20 16:00:00,Completed,E-Wallet (GoPay/OVO),5.64
ORD_25665,CUST_1959,2023-10-19 17:00:00,Completed,Credit Card,0.0
ORD_25666,CUST_1705,2024-01-11 02:00:00,Delivered,Credit Card,7.62
ORD_25667,CUST_1695,2023-03-29 03:00:00,Completed,QRIS,3.14
ORD_25668,CUST_1410,2024-02-03 07:00:00,Completed,QRIS,8.87
ORD_25669,CUST_1896,2024-03-06 01:00:00,Completed,E-Wallet (GoPay/OVO),0.0
ORD_25670,CUST_1488,2024-05-14 22:00:00,Shipped,E-Wallet (GoPay/OVO),3.0
ORD_25671,CUST_1864,2023-08-25 23:00:00,Completed,BNPL,0.0
ORD_25672,CUST_1686,2024-02-06 02:00:00,Completed,BNPL,5.95
ORD_25673,CUST_1478,2023-03-05 01:00:00,Completed,QRIS,7.44
ORD_25674,CUST_1709,2024-05-03 16:00:00,Completed,E-Wallet (GoPay/OVO),0.0
ORD_25675,CUST_1086,2024-02-23 07:00:00,Completed,BNPL,7.68
ORD_25676,CUST_1440,2023-05-17 04:00:00,Cancelled,E-Wallet (GoPay/OVO),3.05
ORD_25677,CUST_1035,2024-05-24 15:00:00,Shipped,BNPL,0.0
ORD_25678,CUST_1570,2023-06-03 09:00:00,Completed,Credit Card,8.49
ORD_25679,CUST_1356,2023-12-27 15:00:00,Completed,QRIS,0.0
ORD_25680,CUST_2016,2024-10-14 23:00:00,Completed,QRIS,0.0
ORD_25681,CUST_1991,2023-08-31 14:00:00,Completed,Virtual Account Bank Transfer,5.55
ORD_25682,CUST_1522,2024-06-03 03:00:00,Completed,Virtual Account Bank Transfer,6.4
ORD_25683,CUST_1158,2023-02-16 21:00:00,Completed,E-Wallet (GoPay/OVO),0.0
ORD_25684,CUST_1147,2023-12-04 23:00:00,Completed,BNPL,0.0
ORD_25685,CUST_1396,2023-08-16 10:00:00,Completed,QRIS,0.0
ORD_25686,CUST_1226,2023-12-10 18:00:00,Shipped,Virtual Account Bank Transfer,6.33
ORD_25687,CUST_1419,2024-09-15 06:00:00,Shipped,E-Wallet (GoPay/OVO),8.65
ORD_25688,CUST_1563,2024-05-06 14:00:00,Shipped,BNPL,0.0
ORD_25689,CUST_1667,2024-10-04 08:00:00,Completed,Credit Card,7.07
ORD_25690,CUST_2122,2023-04-07 12:00:00,Completed,Credit Card,3.97
ORD_25691,CUST_1983,2023-11-05 09:00:00,Cancelled,QRIS,7.2
ORD_25692,CUST_1139,2023-05-09 04:00:00,Cancelled,BNPL,0.0
ORD_25693,CUST_2015,2023-09-20 14:00:00,Completed,BNPL,0.0
ORD_25694,CUST_1382,2023-08-07 15:00:00,Completed,Virtual Account Bank Transfer,6.57
ORD_25695,CUST_1976,2023-08-01 08:00:00,Completed,Virtual Account Bank Transfer,4.42
ORD_25696,CUST_1984,2023-12-29 09:00:00,Delivered,QRIS,8.36
ORD_25697,CUST_2105,2024-06-10 18:00:00,Delivered,Virtual Account Bank Transfer,6.02
ORD_25698,CUST_1177,2024-07-31 11:00:00,Completed,BNPL,0.0
ORD_25699,CUST_1114,2025-08-13 03:00:00,Completed,BNPL,0.0
ORD_25700,CUST_1975,2023-10-14 00:00:00,Delivered,E-Wallet (GoPay/OVO),6.54
ORD_25701,CUST_1691,2023-10-28 13:00:00,Completed,Virtual Account Bank Transfer,5.12
ORD_25702,CUST_1407,2023-07-03 17:00:00,Completed,BNPL,8.22
ORD_25703,CUST_1129,2024-08-12 13:00:00,Returned,QRIS,8.55
ORD_25704,CUST_1685,2024-11-02 19:00:00,Shipped,QRIS,0.0
ORD_25705,CUST_1909,2023-09-30 02:00:00,Completed,Virtual Account Bank Transfer,5.94
ORD_25706,CUST_1243,2023-12-29 01:00:00,Shipped,QRIS,3.09
ORD_25707,CUST_1247,2024-04-02 23:00:00,Shipped,Credit Card,0.0
ORD_25708,CUST_1415,2023-06-18 14:00:00,Completed,Virtual Account Bank Transfer,0.0
ORD_25709,CUST_1706,2023-08-01 14:00:00,Completed,Virtual Account Bank Transfer,8.16
ORD_25710,CUST_1103,2024-02-20 21:00:00,Cancelled,E-Wallet (GoPay/OVO),4.89
ORD_25711,CUST_1828,2023-11-08 14:00:00,Completed,E-Wallet (GoPay/OVO),0.0
ORD_25712,CUST_1544,2024-01-07 08:00:00,Completed,BNPL,4.54
ORD_25713,CUST_1717,2023-06-20 09:00:00,Completed,Credit Card,0.0
ORD_25714,CUST_1859,2023-04-30 13:00:00,Completed,Credit Card,3.04
ORD_25715,CUST_1288,2023-09-18 18:00:00,Completed,BNPL,0.0
ORD_25716,CUST_1232,2023-02-24 12:00:00,Completed,Credit Card,0.0
ORD_25717,CUST_1839,2024-01-19 08:00:00,Completed,Credit Card,0.0
ORD_25718,CUST_1358,2023-06-20 20:00:00,Completed,BNPL,5.31
ORD_25719,CUST_1557,2024-06-02 07:00:00,Completed,BNPL,0.0
ORD_25720,CUST_1555,2023-09-26 11:00:00,Completed,QRIS,5.37
ORD_25721,CUST_1491,2023-07-14 18:00:00,Completed,Credit Card,0.0
ORD_25722,CUST_1553,2025-01-22 23:00:00,Completed,E-Wallet (GoPay/OVO),5.36
ORD_25723,CUST_1622,2023-11-03 00:00:00,Completed,Credit Card,6.99
ORD_25724,CUST_1913,2023-04-06 05:00:00,Completed,E-Wallet (GoPay/OVO),0.0
ORD_25725,CUST_1991,2023-08-08 16:00:00,Completed,Virtual Account Bank Transfer,0.0
ORD_25726,CUST_1148,2024-01-18 14:00:00,Completed,BNPL,3.93
ORD_25727,CUST_1428,2023-07-23 12:00:00,Completed,BNPL,6.57
ORD_25728,CUST_1477,2024-01-06 14:00:00,Completed,QRIS,0.0
ORD_25729,CUST_1073,2024-06-20 08:00:00,Completed,Virtual Account Bank Transfer,3.55
ORD_25730,CUST_1725,2024-09-07 22:00:00,Completed,E-Wallet (GoPay/OVO),0.0
ORD_25731,CUST_2013,2023-09-26 05:00:00,Completed,BNPL,4.62
ORD_25732,CUST_1307,2024-02-23 05:00:00,Completed,QRIS,4.23
ORD_25733,CUST_1638,2024-06-11 06:00:00,Completed,QRIS,3.13
ORD_25734,CUST_1936,2023-08-05 16:00:00,Completed,E-Wallet (GoPay/OVO),4.36
ORD_25735,CUST_1285,2023-10-24 15:00:00,Completed,Virtual Account Bank Transfer,0.0
ORD_25736,CUST_1215,2023-10-12 03:00:00,Shipped,Credit Card,4.35
ORD_25737,CUST_1566,2023-12-21 00:00:00,Completed,Credit Card,7.46
ORD_25738,CUST_1992,2024-04-18 13:00:00,Completed,E-Wallet (GoPay/OVO),0.0
ORD_25739,CUST_2113,2023-11-01 14:00:00,Completed,Virtual Account Bank Transfer,0.0
ORD_25740,CUST_2147,2023-10-16 22:00:00,Completed,BNPL,0.0
ORD_25741,CUST_2119,2023-09-22 02:00:00,Cancelled,BNPL,0.0
ORD_25742,CUST_2093,2024-06-10 19:00:00,Cancelled,BNPL,3.41
ORD_25743,CUST_2197,2024-01-04 15:00:00,Completed,BNPL,0.0
ORD_25744,CUST_1217,2023-11-24 00:00:00,Completed,E-Wallet (GoPay/OVO),5.94
ORD_25745,CUST_2171,2024-06-10 04:00:00,Completed,E-Wallet (GoPay/OVO),7.04
ORD_25746,CUST_2042,2023-04-11 13:00:00,Returned,Virtual Account Bank Transfer,0.0
ORD_25747,CUST_1977,2024-05-08 09:00:00,Delivered,QRIS,6.26
ORD_25748,CUST_1009,2023-12-23 15:00:00,Completed,QRIS,8.85
ORD_25749,CUST_1393,2024-01-10 19:00:00,Delivered,Virtual Account Bank Transfer,7.97
ORD_25750,CUST_2063,2023-04-08 02:00:00,Completed,Virtual Account Bank Transfer,6.35
ORD_25751,CUST_1162,2023-07-15 21:00:00,Completed,Credit Card,0.0
ORD_25752,CUST_1909,2023-12-14 19:00:00,Completed,BNPL,8.41
ORD_25753,CUST_1041,2023-05-29 03:00:00,Shipped,BNPL,3.99
ORD_25754,CUST_1520,2024-07-07 16:00:00,Completed,E-Wallet (GoPay/OVO),7.05
ORD_25755,CUST_1116,2023-02-27 15:00:00,Completed,BNPL,0.0
ORD_25756,CUST_1931,2023-09-19 03:00:00,Completed,E-Wallet (GoPay/OVO),2.65
ORD_25757,CUST_1682,2023-12-17 04:00:00,Completed,Virtual Account Bank Transfer,6.91
ORD_25758,CUST_1062,2024-04-12 18:00:00,Completed,E-Wallet (GoPay/OVO),3.67
ORD_25759,CUST_1084,2023-10-01 08:00:00,Completed,BNPL,0.0
ORD_25760,CUST_1217,2023-08-08 21:00:00,Completed,QRIS,5.86
ORD_25761,CUST_1207,2023-11-06 11:00:00,Completed,E-Wallet (GoPay/OVO),7.75
ORD_25762,CUST_1106,2023-03-24 22:00:00,Completed,Virtual Account Bank Transfer,5.71
ORD_25763,CUST_1539,2023-09-02 17:00:00,Completed,Virtual Account Bank Transfer,0.0
ORD_25764,CUST_2014,2023-05-26 07:00:00,Completed,BNPL,3.44
ORD_25765,CUST_1256,2023-11-26 13:00:00,Shipped,QRIS,3.84
ORD_25766,CUST_1088,2023-08-16 10:00:00,Completed,Credit Card,0.0
ORD_25767,CUST_1760,2023-03-24 03:00:00,Completed,BNPL,0.0
ORD_25768,CUST_1101,2024-01-09 18:00:00,Cancelled,BNPL,3.63
ORD_25769,CUST_1581,2023-11-24 23:00:00,Completed,Credit Card,4.0
ORD_25770,CUST_1301,2023-08-14 21:00:00,Completed,Credit Card,5.19
ORD_25771,CUST_1659,2023-03-14 04:00:00,Completed,E-Wallet (GoPay/OVO),5.58
ORD_25772,CUST_2184,2023-07-25 19:00:00,Completed,QRIS,0.0
ORD_25773,CUST_1395,2023-09-27 14:00:00,Completed,E-Wallet (GoPay/OVO),7.08
ORD_25774,CUST_1375,2024-07-03 22:00:00,Completed,BNPL,0.0
ORD_25775,CUST_2081,2024-05-17 14:00:00,Completed,E-Wallet (GoPay/OVO),6.44
ORD_25776,CUST_1786,2023-09-05 10:00:00,Completed,Virtual Account Bank Transfer,5.79
ORD_25777,CUST_1593,2024-03-16 08:00:00,Shipped,Credit Card,8.21
ORD_25778,CUST_2092,2024-04-14 17:00:00,Completed,BNPL,0.0
ORD_25779,CUST_1804,2023-09-01 08:00:00,Completed,BNPL,0.0
ORD_25780,CUST_1292,2024-01-11 07:00:00,Completed,BNPL,0.0
ORD_25781,CUST_1363,2024-02-29 16:00:00,Shipped,E-Wallet (GoPay/OVO),7.89
ORD_25782,CUST_2138,2023-07-19 08:00:00,Completed,BNPL,0.0
ORD_25783,CUST_2192,2023-08-17 02:00:00,Completed,QRIS,6.63
ORD_25784,CUST_2199,2024-04-21 04:00:00,Cancelled,E-Wallet (GoPay/OVO),0.0
ORD_25785,CUST_2191,2024-03-17 22:00:00,Completed,BNPL,0.0
ORD_25786,CUST_2169,2023-05-27 06:00:00,Completed,QRIS,0.0
ORD_25787,CUST_1408,2023-09-03 20:00:00,Completed,QRIS,8.0
ORD_25788,CUST_1264,2023-12-01 13:00:00,Completed,E-Wallet (GoPay/OVO),3.37
ORD_25789,CUST_1863,2023-05-29 08:00:00,Completed,E-Wallet (GoPay/OVO),7.21
ORD_25790,CUST_1794,2023-05-15 20:00:00,Shipped,QRIS,0.0
ORD_25791,CUST_1813,2023-05-25 18:00:00,Completed,Virtual Account Bank Transfer,0.0
ORD_25792,CUST_1201,2023-04-15 05:00:00,Cancelled,E-Wallet (GoPay/OVO),0.0
ORD_25793,CUST_1597,2024-01-29 03:00:00,Completed,E-Wallet (GoPay/OVO),3.72
ORD_25794,CUST_1940,2023-07-12 18:00:00,Completed,Credit Card,0.0
ORD_25795,CUST_2169,2023-05-02 23:00:00,Completed,E-Wallet (GoPay/OVO),5.49
ORD_25796,CUST_1790,2024-05-26 10:00:00,Completed,QRIS,2.97
ORD_25797,CUST_1125,2024-07-08 05:00:00,Shipped,QRIS,7.44
ORD_25798,CUST_1878,2023-11-15 19:00:00,Cancelled,E-Wallet (GoPay/OVO),0.0
ORD_25799,CUST_1358,2024-04-07 04:00:00,Completed,QRIS,0.0
ORD_25800,CUST_1130,2024-04-06 04:00:00,Completed,BNPL,4.66
ORD_25801,CUST_1614,2023-03-17 04:00:00,Completed,BNPL,7.67
ORD_25802,CUST_1228,2023-09-08 01:00:00,Completed,BNPL,5.75
ORD_25803,CUST_1345,2024-07-01 08:00:00,Completed,Credit Card,3.85
ORD_25804,CUST_1021,2023-06-28 11:00:00,Delivered,QRIS,0.0
ORD_25805,CUST_2018,2023-04-26 18:00:00,Completed,Credit Card,0.0
ORD_25806,CUST_1722,2023-07-19 06:00:00,Completed,QRIS,4.55
ORD_25807,CUST_1538,2023-04-08 00:00:00,Completed,E-Wallet (GoPay/OVO),2.5
ORD_25808,CUST_1242,2023-05-11 19:00:00,Completed,QRIS,0.0
ORD_25809,CUST_1841,2024-03-27 12:00:00,Delivered,Credit Card,7.38
ORD_25810,CUST_2111,2023-03-19 13:00:00,Completed,E-Wallet (GoPay/OVO),5.9
ORD_25811,CUST_2033,2023-09-08 15:00:00,Completed,BNPL,7.67
ORD_25812,CUST_1170,2024-02-19 14:00:00,Completed,E-Wallet (GoPay/OVO),4.93
ORD_25813,CUST_1544,2024-02-01 17:00:00,Completed,E-Wallet (GoPay/OVO),6.76
ORD_25814,CUST_1568,2023-03-09 16:00:00,Completed,E-Wallet (GoPay/OVO),0.0
ORD_25815,CUST_1279,2023-04-03 15:00:00,Completed,E-Wallet (GoPay/OVO),7.08
ORD_25816,CUST_1466,2023-04-16 17:00:00,Shipped,E-Wallet (GoPay/OVO),5.94
ORD_25817,CUST_1719,2024-03-23 16:00:00,Completed,Credit Card,4.42
ORD_25818,CUST_1639,2024-01-02 01:00:00,Delivered,QRIS,0.0
ORD_25819,CUST_1292,2024-04-20 21:00:00,Completed,QRIS,0.0
ORD_25820,CUST_1890,2023-07-05 16:00:00,Completed,BNPL,2.61
ORD_25821,CUST_1151,2024-08-28 03:00:00,Completed,Virtual Account Bank Transfer,0.0
ORD_25822,CUST_1608,2023-03-03 20:00:00,Completed,E-Wallet (GoPay/OVO),8.43
ORD_25823,CUST_1646,2024-05-23 08:00:00,Completed,Credit Card,5.63
ORD_25824,CUST_1329,2023-04-26 06:00:00,Delivered,BNPL,0.0
ORD_25825,CUST_1507,2024-04-28 02:00:00,Delivered,Credit Card,0.0
ORD_25826,CUST_1508,2025-05-31 19:00:00,Delivered,Credit Card,7.81
ORD_25827,CUST_1475,2024-07-29 09:00:00,Shipped,QRIS,4.24
ORD_25828,CUST_1111,2023-08-23 18:00:00,Completed,Credit Card,4.26
ORD_25829,CUST_1320,2024-05-04 21:00:00,Completed,Virtual Account Bank Transfer,4.31
ORD_25830,CUST_1254,2024-08-22 03:00:00,Delivered,BNPL,7.81
ORD_25831,CUST_1782,2023-05-11 21:00:00,Completed,QRIS,4.32
ORD_25832,CUST_1711,2025-02-27 08:00:00,Completed,Credit Card,0.0
ORD_25833,CUST_1478,2023-02-26 11:00:00,Completed,BNPL,2.53
ORD_25834,CUST_1756,2023-08-07 22:00:00,Completed,E-Wallet (GoPay/OVO),0.0
ORD_25835,CUST_1029,2023-09-27 02:00:00,Shipped,Credit Card,0.0
ORD_25836,CUST_1962,2023-05-29 21:00:00,Completed,Credit Card,7.5
ORD_25837,CUST_1027,2023-09-23 07:00:00,Completed,Virtual Account Bank Transfer,0.0
ORD_25838,CUST_1493,2024-03-05 02:00:00,Completed,BNPL,7.43
ORD_25839,CUST_2052,2023-03-31 02:00:00,Completed,Credit Card,0.0
ORD_25840,CUST_1401,2024-03-03 21:00:00,Completed,BNPL,7.24
ORD_25841,CUST_1403,2024-03-13 12:00:00,Completed,Virtual Account Bank Transfer,5.67
ORD_25842,CUST_1344,2023-05-21 12:00:00,Completed,E-Wallet (GoPay/OVO),8.16
ORD_25843,CUST_2065,2023-07-24 16:00:00,Cancelled,E-Wallet (GoPay/OVO),0.0
ORD_25844,CUST_1942,2023-05-17 22:00:00,Completed,Virtual Account Bank Transfer,0.0
ORD_25845,CUST_1866,2024-03-10 22:00:00,Completed,BNPL,0.0
ORD_25846,CUST_2057,2024-01-14 21:00:00,Completed,BNPL,3.96
ORD_25847,CUST_1518,2023-09-26 07:00:00,Completed,Virtual Account Bank Transfer,0.0
ORD_25848,CUST_1916,2023-09-02 21:00:00,Completed,Virtual Account Bank Transfer,8.82
ORD_25849,CUST_1844,2024-03-15 14:00:00,Completed,Credit Card,8.19
ORD_25850,CUST_1301,2024-03-04 20:00:00,Completed,QRIS,0.0
ORD_25851,CUST_1682,2024-09-18 04:00:00,Completed,Credit Card,5.95
ORD_25852,CUST_1408,2023-10-02 09:00:00,Completed,E-Wallet (GoPay/OVO),8.68
ORD_25853,CUST_1679,2023-11-27 23:00:00,Completed,QRIS,4.6
ORD_25854,CUST_1735,2023-06-15 04:00:00,Completed,Credit Card,0.0
ORD_25855,CUST_2076,2024-01-30 06:00:00,Completed,BNPL,6.49
ORD_25856,CUST_1889,2024-02-25 22:00:00,Delivered,BNPL,7.62
ORD_25857,CUST_1166,2023-12-01 12:00:00,Completed,QRIS,3.1
ORD_25858,CUST_1421,2023-04-29 11:00:00,Completed,E-Wallet (GoPay/OVO),7.57
ORD_25859,CUST_1005,2024-05-01 18:00:00,Cancelled,QRIS,0.0
ORD_25860,CUST_1650,2024-08-01 01:00:00,Completed,QRIS,6.26
ORD_25861,CUST_1068,2024-04-08 14:00:00,Shipped,Credit Card,0.0
ORD_25862,CUST_1030,2023-06-23 02:00:00,Completed,Credit Card,0.0
ORD_25863,CUST_1654,2023-06-30 17:00:00,Completed,QRIS,3.2
ORD_25864,CUST_1071,2024-03-04 01:00:00,Completed,QRIS,0.0
ORD_25865,CUST_1140,2024-03-15 06:00:00,Delivered,E-Wallet (GoPay/OVO),0.0
ORD_25866,CUST_1868,2024-07-15 06:00:00,Shipped,E-Wallet (GoPay/OVO),6.57
ORD_25867,CUST_1535,2024-03-05 23:00:00,Shipped,Virtual Account Bank Transfer,5.03
ORD_25868,CUST_1948,2023-07-02 06:00:00,Completed,E-Wallet (GoPay/OVO),8.3
ORD_25869,CUST_1781,2024-05-28 23:00:00,Shipped,QRIS,8.3
ORD_25870,CUST_1189,2023-10-26 10:00:00,Completed,BNPL,7.08
ORD_25871,CUST_1974,2023-04-20 20:00:00,Completed,QRIS,4.96
ORD_25872,CUST_1915,2023-10-05 03:00:00,Completed,BNPL,6.76
ORD_25873,CUST_2122,2023-08-28 02:00:00,Completed,E-Wallet (GoPay/OVO),0.0
ORD_25874,CUST_1413,2024-03-07 13:00:00,Completed,E-Wallet (GoPay/OVO),5.36
ORD_25875,CUST_1837,2024-03-06 06:00:00,Cancelled,Virtual Account Bank Transfer,0.0
ORD_25876,CUST_1433,2024-02-01 07:00:00,Completed,E-Wallet (GoPay/OVO),8.72
ORD_25877,CUST_1221,2023-11-11 15:00:00,Cancelled,E-Wallet (GoPay/OVO),3.98
ORD_25878,CUST_1780,2024-02-19 15:00:00,Returned,Credit Card,3.9
ORD_25879,CUST_1938,2024-09-22 23:00:00,Delivered,BNPL,8.87
ORD_25880,CUST_1458,2023-08-25 02:00:00,Cancelled,E-Wallet (GoPay/OVO),4.17
ORD_25881,CUST_2090,2024-05-16 02:00:00,Completed,Credit Card,6.94
ORD_25882,CUST_1453,2023-06-30 20:00:00,Delivered,E-Wallet (GoPay/OVO),6.71
ORD_25883,CUST_2065,2023-07-02 10:00:00,Completed,BNPL,3.13
ORD_25884,CUST_2010,2024-03-09 11:00:00,Completed,Credit Card,4.13
ORD_25885,CUST_1566,2023-12-23 04:00:00,Completed,Virtual Account Bank Transfer,4.01
ORD_25886,CUST_2033,2024-03-15 01:00:00,Completed,E-Wallet (GoPay/OVO),7.75
ORD_25887,CUST_1950,2023-12-03 07:00:00,Completed,BNPL,8.8
ORD_25888,CUST_1019,2024-04-28 18:00:00,Shipped,E-Wallet (GoPay/OVO),8.64
ORD_25889,CUST_1379,2024-02-12 23:00:00,Shipped,QRIS,0.0
ORD_25890,CUST_1865,2024-07-28 18:00:00,Completed,QRIS,6.02
ORD_25891,CUST_1753,2023-06-06 01:00:00,Completed,E-Wallet (GoPay/OVO),7.09
ORD_25892,CUST_1169,2023-02-09 06:00:00,Completed,BNPL,4.53
ORD_25893,CUST_1616,2024-03-04 10:00:00,Completed,BNPL,8.97
ORD_25894,CUST_1200,2024-03-03 14:00:00,Delivered,Virtual Account Bank Transfer,2.99
ORD_25895,CUST_1061,2023-09-10 13:00:00,Completed,E-Wallet (GoPay/OVO),7.75
ORD_25896,CUST_1021,2023-05-14 08:00:00,Completed,Credit Card,0.0
ORD_25897,CUST_1773,2023-09-01 19:00:00,Completed,BNPL,6.5
ORD_25898,CUST_1696,2023-10-18 03:00:00,Completed,Credit Card,0.0
ORD_25899,CUST_1581,2023-10-09 17:00:00,Completed,QRIS,0.0
ORD_25900,CUST_1273,2023-11-20 12:00:00,Completed,E-Wallet (GoPay/OVO),0.0
ORD_25901,CUST_1242,2023-04-23 16:00:00,Completed,Virtual Account Bank Transfer,5.05
ORD_25902,CUST_1314,2024-08-22 07:00:00,Completed,Virtual Account Bank Transfer,7.47
ORD_25903,CUST_1070,2023-06-05 14:00:00,Completed,Credit Card,0.0
ORD_25904,CUST_1250,2024-07-20 12:00:00,Completed,Credit Card,6.49
ORD_25905,CUST_1229,2024-09-02 05:00:00,Completed,Credit Card,8.67
ORD_25906,CUST_1604,2023-11-09 19:00:00,Completed,Credit Card,4.04
ORD_25907,CUST_1369,2023-12-20 01:00:00,Completed,Credit Card,6.25
ORD_25908,CUST_1518,2023-09-10 18:00:00,Shipped,BNPL,8.56
ORD_25909,CUST_1938,2024-07-03 18:00:00,Cancelled,Credit Card,7.63
ORD_25910,CUST_1672,2024-04-06 16:00:00,Completed,BNPL,0.0
ORD_25911,CUST_1879,2024-05-22 23:00:00,Cancelled,Virtual Account Bank Transfer,4.38
ORD_25912,CUST_1879,2025-05-01 00:00:00,Completed,QRIS,3.35
ORD_25913,CUST_1458,2023-03-10 05:00:00,Completed,Virtual Account Bank Transfer,5.34
ORD_25914,CUST_2002,2023-05-31 12:00:00,Completed,Virtual Account Bank Transfer,4.51
ORD_25915,CUST_1028,2024-02-18 00:00:00,Shipped,Virtual Account Bank Transfer,2.52
ORD_25916,CUST_2056,2023-01-26 12:00:00,Completed,E-Wallet (GoPay/OVO),0.0
ORD_25917,CUST_1164,2023-06-24 05:00:00,Completed,Credit Card,8.61
ORD_25918,CUST_2012,2024-06-14 07:00:00,Completed,E-Wallet (GoPay/OVO),0.0
ORD_25919,CUST_1107,2023-06-24 20:00:00,Completed,Credit Card,7.0
ORD_25920,CUST_1700,2023-10-13 22:00:00,Completed,E-Wallet (GoPay/OVO),2.77
ORD_25921,CUST_1443,2023-06-16 10:00:00,Shipped,E-Wallet (GoPay/OVO),4.5
ORD_25922,CUST_1685,2024-06-20 05:00:00,Completed,Virtual Account Bank Transfer,7.73
ORD_25923,CUST_1752,2024-06-16 14:00:00,Cancelled,Virtual Account Bank Transfer,0.0
ORD_25924,CUST_1408,2023-10-21 08:00:00,Shipped,Virtual Account Bank Transfer,3.61
ORD_25925,CUST_1247,2024-08-16 10:00:00,Completed,Virtual Account Bank Transfer,0.0
ORD_25926,CUST_2004,2023-12-26 16:00:00,Completed,E-Wallet (GoPay/OVO),0.0
ORD_25927,CUST_1112,2023-08-11 09:00:00,Completed,QRIS,8.0
ORD_25928,CUST_1531,2024-09-01 13:00:00,Completed,QRIS,0.0
ORD_25929,CUST_1777,2023-06-03 09:00:00,Completed,BNPL,0.0
ORD_25930,CUST_1985,2023-02-17 10:00:00,Completed,BNPL,3.98
ORD_25931,CUST_1055,2024-11-05 10:00:00,Delivered,Credit Card,0.0
ORD_25932,CUST_2081,2024-10-21 03:00:00,Completed,Credit Card,7.79
ORD_25933,CUST_2072,2023-09-29 02:00:00,Completed,E-Wallet (GoPay/OVO),5.58
ORD_25934,CUST_1369,2024-01-04 10:00:00,Completed,BNPL,7.71
ORD_25935,CUST_1172,2023-11-18 15:00:00,Completed,E-Wallet (GoPay/OVO),0.0
ORD_25936,CUST_1341,2023-12-04 13:00:00,Returned,Credit Card,5.34
ORD_25937,CUST_1505,2023-05-08 04:00:00,Delivered,BNPL,0.0
ORD_25938,CUST_1369,2023-06-14 11:00:00,Completed,E-Wallet (GoPay/OVO),6.58
ORD_25939,CUST_1034,2023-08-28 21:00:00,Completed,Virtual Account Bank Transfer,0.0
ORD_25940,CUST_1590,2024-02-09 04:00:00,Shipped,Credit Card,4.48
ORD_25941,CUST_1287,2024-06-30 10:00:00,Completed,QRIS,0.0
ORD_25942,CUST_1617,2023-08-20 10:00:00,Delivered,QRIS,0.0
ORD_25943,CUST_1128,2023-03-06 22:00:00,Completed,E-Wallet (GoPay/OVO),0.0
ORD_25944,CUST_1667,2024-02-12 14:00:00,Completed,BNPL,0.0
ORD_25945,CUST_1129,2023-10-23 05:00:00,Returned,BNPL,4.16
ORD_25946,CUST_1783,2024-06-20 10:00:00,Completed,Credit Card,4.01
ORD_25947,CUST_1769,2024-01-23 10:00:00,Completed,Credit Card,8.66
ORD_25948,CUST_1432,2024-11-02 19:00:00,Completed,Virtual Account Bank Transfer,0.0
ORD_25949,CUST_2139,2024-02-24 15:00:00,Completed,Virtual Account Bank Transfer,2.56
ORD_25950,CUST_1655,2024-08-04 10:00:00,Shipped,E-Wallet (GoPay/OVO),6.31
ORD_25951,CUST_1859,2023-05-13 06:00:00,Completed,QRIS,7.17
ORD_25952,CUST_2136,2023-07-31 16:00:00,Completed,QRIS,7.33
ORD_25953,CUST_1163,2024-03-17 09:00:00,Completed,QRIS,0.0
ORD_25954,CUST_1970,2024-02-18 20:00:00,Shipped,BNPL,6.37
ORD_25955,CUST_2013,2023-10-11 18:00:00,Completed,QRIS,0.0
ORD_25956,CUST_2086,2023-07-28 05:00:00,Completed,Credit Card,4.64
ORD_25957,CUST_1382,2023-12-08 18:00:00,Completed,BNPL,0.0
ORD_25958,CUST_1538,2023-02-16 14:00:00,Completed,Virtual Account Bank Transfer,0.0
ORD_25959,CUST_1599,2024-09-23 01:00:00,Shipped,Credit Card,3.02
ORD_25960,CUST_1827,2023-07-02 06:00:00,Completed,BNPL,4.14
ORD_25961,CUST_1937,2023-05-03 03:00:00,Completed,Virtual Account Bank Transfer,0.0
ORD_25962,CUST_1666,2024-06-13 06:00:00,Cancelled,BNPL,0.0
ORD_25963,CUST_1004,2024-07-08 09:00:00,Completed,QRIS,4.43
ORD_25964,CUST_1556,2024-05-09 22:00:00,Completed,BNPL,0.0
ORD_25965,CUST_1024,2023-03-23 02:00:00,Delivered,BNPL,0.0
ORD_25966,CUST_1951,2023-12-17 22:00:00,Completed,E-Wallet (GoPay/OVO),8.66
ORD_25967,CUST_1770,2023-07-11 09:00:00,Completed,Virtual Account Bank Transfer,5.16
ORD_25968,CUST_1528,2025-03-04 05:00:00,Completed,Credit Card,0.0
ORD_25969,CUST_1841,2024-03-19 19:00:00,Returned,Virtual Account Bank Transfer,0.0
ORD_25970,CUST_1809,2023-12-21 06:00:00,Cancelled,BNPL,8.0
ORD_25971,CUST_1067,2023-03-06 13:00:00,Delivered,QRIS,0.0
ORD_25972,CUST_1426,2024-10-26 01:00:00,Completed,Credit Card,7.43
ORD_25973,CUST_1994,2023-12-26 02:00:00,Completed,Virtual Account Bank Transfer,4.53
ORD_25974,CUST_1682,2023-11-23 02:00:00,Completed,QRIS,0.0
ORD_25975,CUST_2032,2023-06-19 13:00:00,Completed,Virtual Account Bank Transfer,0.0
ORD_25976,CUST_1244,2024-03-08 14:00:00,Completed,BNPL,5.76
ORD_25977,CUST_1832,2023-05-08 12:00:00,Completed,BNPL,0.0
ORD_25978,CUST_1412,2024-05-15 10:00:00,Shipped,Credit Card,0.0
ORD_25979,CUST_1644,2023-01-24 00:00:00,Completed,Credit Card,0.0
ORD_25980,CUST_1491,2023-08-11 21:00:00,Completed,Virtual Account Bank Transfer,0.0
ORD_25981,CUST_1156,2024-03-26 19:00:00,Completed,BNPL,8.31
ORD_25982,CUST_1762,2023-11-24 10:00:00,Completed,QRIS,3.0
ORD_25983,CUST_2002,2023-06-19 11:00:00,Completed,E-Wallet (GoPay/OVO),0.0
ORD_25984,CUST_1721,2023-03-29 14:00:00,Shipped,E-Wallet (GoPay/OVO),4.39
ORD_25985,CUST_1047,2023-11-11 03:00:00,Completed,BNPL,7.72
ORD_25986,CUST_1082,2023-11-04 13:00:00,Completed,BNPL,3.48
ORD_25987,CUST_1869,2024-01-04 16:00:00,Completed,Credit Card,3.45
ORD_25988,CUST_1579,2024-06-16 01:00:00,Completed,Virtual Account Bank Transfer,0.0
ORD_25989,CUST_2190,2023-08-09 12:00:00,Completed,QRIS,0.0
ORD_25990,CUST_1166,2024-01-16 19:00:00,Completed,QRIS,4.38
ORD_25991,CUST_1845,2023-08-09 23:00:00,Completed,QRIS,0.0
ORD_25992,CUST_1543,2023-08-16 20:00:00,Completed,BNPL,0.0
ORD_25993,CUST_2012,2024-04-07 02:00:00,Shipped,E-Wallet (GoPay/OVO),5.36
ORD_25994,CUST_1670,2023-03-04 17:00:00,Completed,QRIS,2.75
ORD_25995,CUST_1655,2024-10-18 09:00:00,Returned,Virtual Account Bank Transfer,0.0
ORD_25996,CUST_1313,2024-05-01 06:00:00,Completed,E-Wallet (GoPay/OVO),0.0
ORD_25997,CUST_1339,2024-05-19 11:00:00,Completed,E-Wallet (GoPay/OVO),0.0
ORD_25998,CUST_1708,2024-02-11 04:00:00,Shipped,QRIS,3.18
ORD_25999,CUST_1293,2024-02-29 00:00:00,Delivered,Virtual Account Bank Transfer,4.74
ORD_26000,CUST_1320,2024-05-30 21:00:00,Completed,BNPL,0.0
ORD_26001,CUST_2040,2023-12-29 20:00:00,Cancelled,Virtual Account Bank Transfer,8.01
ORD_26002,CUST_1563,2024-07-02 15:00:00,Completed,Virtual Account Bank Transfer,2.91
ORD_26003,CUST_1199,2024-01-10 15:00:00,Shipped,QRIS,6.33
ORD_26004,CUST_1103,2024-05-14 17:00:00,Completed,Virtual Account Bank Transfer,6.7
ORD_26005,CUST_1855,2024-09-01 17:00:00,Completed,E-Wallet (GoPay/OVO),3.27
ORD_26006,CUST_2153,2023-08-17 09:00:00,Completed,BNPL,3.58
ORD_26007,CUST_1408,2023-09-19 17:00:00,Cancelled,E-Wallet (GoPay/OVO),0.0
ORD_26008,CUST_1500,2024-02-20 16:00:00,Delivered,E-Wallet (GoPay/OVO),5.22
ORD_26009,CUST_1057,2023-02-03 13:00:00,Cancelled,E-Wallet (GoPay/OVO),0.0
ORD_26010,CUST_1777,2023-03-02 23:00:00,Completed,E-Wallet (GoPay/OVO),0.0
ORD_26011,CUST_1768,2024-03-21 07:00:00,Completed,QRIS,6.11
ORD_26012,CUST_1644,2023-02-25 05:00:00,Completed,QRIS,0.0
ORD_26013,CUST_1750,2023-12-25 03:00:00,Completed,E-Wallet (GoPay/OVO),7.36
ORD_26014,CUST_1116,2023-01-18 07:00:00,Completed,E-Wallet (GoPay/OVO),0.0
ORD_26015,CUST_2196,2024-03-16 14:00:00,Completed,Virtual Account Bank Transfer,6.9
ORD_26016,CUST_1175,2024-06-05 19:00:00,Completed,Credit Card,3.03
ORD_26017,CUST_1443,2023-04-14 23:00:00,Completed,Virtual Account Bank Transfer,8.22
ORD_26018,CUST_1842,2023-09-26 01:00:00,Completed,Virtual Account Bank Transfer,8.52
ORD_26019,CUST_2065,2023-07-17 22:00:00,Completed,Credit Card,0.0
ORD_26020,CUST_1699,2023-12-10 16:00:00,Completed,BNPL,0.0
ORD_26021,CUST_1157,2023-11-18 20:00:00,Completed,QRIS,0.0
ORD_26022,CUST_1069,2024-06-24 16:00:00,Completed,BNPL,0.0
ORD_26023,CUST_1060,2024-08-20 04:00:00,Completed,E-Wallet (GoPay/OVO),0.0
ORD_26024,CUST_1753,2023-10-08 15:00:00,Completed,E-Wallet (GoPay/OVO),0.0
ORD_26025,CUST_2173,2023-05-10 12:00:00,Delivered,QRIS,6.03
ORD_26026,CUST_2069,2023-12-11 05:00:00,Completed,Virtual Account Bank Transfer,8.97
ORD_26027,CUST_1752,2023-11-21 13:00:00,Completed,BNPL,0.0
ORD_26028,CUST_1677,2023-09-02 11:00:00,Cancelled,E-Wallet (GoPay/OVO),3.89
ORD_26029,CUST_1142,2024-03-11 16:00:00,Completed,QRIS,2.95
ORD_26030,CUST_1102,2024-02-15 12:00:00,Cancelled,Virtual Account Bank Transfer,7.4
ORD_26031,CUST_1151,2024-06-05 07:00:00,Completed,Virtual Account Bank Transfer,8.82
ORD_26032,CUST_2148,2024-05-16 10:00:00,Completed,BNPL,0.0
ORD_26033,CUST_1303,2024-07-04 23:00:00,Shipped,BNPL,0.0
ORD_26034,CUST_2015,2023-10-26 10:00:00,Completed,E-Wallet (GoPay/OVO),3.23
ORD_26035,CUST_1012,2024-08-17 21:00:00,Completed,BNPL,0.0
ORD_26036,CUST_1261,2023-11-03 02:00:00,Completed,Credit Card,5.86
ORD_26037,CUST_2073,2023-02-20 09:00:00,Completed,E-Wallet (GoPay/OVO),7.02
ORD_26038,CUST_1670,2023-03-28 19:00:00,Completed,QRIS,0.0
ORD_26039,CUST_2115,2024-06-03 17:00:00,Completed,Virtual Account Bank Transfer,2.77
ORD_26040,CUST_2004,2024-02-01 03:00:00,Delivered,QRIS,8.1
ORD_26041,CUST_2132,2023-08-28 12:00:00,Completed,Credit Card,0.0
ORD_26042,CUST_2116,2024-03-12 19:00:00,Shipped,QRIS,0.0
ORD_26043,CUST_1528,2024-02-21 03:00:00,Cancelled,QRIS,0.0
ORD_26044,CUST_1934,2024-08-31 10:00:00,Shipped,QRIS,0.0
ORD_26045,CUST_1229,2024-07-31 08:00:00,Completed,BNPL,8.02
ORD_26046,CUST_1803,2023-01-28 13:00:00,Completed,QRIS,0.0
ORD_26047,CUST_1053,2024-07-26 06:00:00,Shipped,BNPL,4.93
ORD_26048,CUST_1647,2023-02-26 06:00:00,Completed,Credit Card,6.74
ORD_26049,CUST_1710,2023-08-24 02:00:00,Cancelled,Credit Card,5.16
ORD_26050,CUST_1102,2023-10-30 20:00:00,Completed,Credit Card,5.31
ORD_26051,CUST_1841,2024-09-27 19:00:00,Completed,E-Wallet (GoPay/OVO),0.0
ORD_26052,CUST_1657,2023-09-23 00:00:00,Completed,BNPL,0.0
ORD_26053,CUST_1929,2023-10-19 05:00:00,Completed,E-Wallet (GoPay/OVO),5.81
ORD_26054,CUST_1958,2024-04-24 09:00:00,Completed,QRIS,2.7
ORD_26055,CUST_1205,2024-06-30 11:00:00,Completed,Credit Card,0.0
ORD_26056,CUST_1708,2024-08-03 06:00:00,Shipped,Virtual Account Bank Transfer,0.0
ORD_26057,CUST_1710,2023-10-30 02:00:00,Completed,Credit Card,0.0
ORD_26058,CUST_1248,2025-03-06 18:00:00,Completed,Virtual Account Bank Transfer,3.02
ORD_26059,CUST_1750,2024-02-22 09:00:00,Completed,Virtual Account Bank Transfer,0.0
ORD_26060,CUST_1245,2024-07-05 09:00:00,Completed,Virtual Account Bank Transfer,0.0
ORD_26061,CUST_1823,2024-06-25 17:00:00,Completed,Credit Card,0.0
ORD_26062,CUST_1937,2023-04-14 22:00:00,Delivered,Credit Card,0.0
ORD_26063,CUST_2087,2023-10-12 20:00:00,Completed,Credit Card,0.0
ORD_26064,CUST_1619,2024-04-24 12:00:00,Completed,Credit Card,4.0
ORD_26065,CUST_1177,2024-11-07 12:00:00,Completed,E-Wallet (GoPay/OVO),7.58
ORD_26066,CUST_1581,2024-02-04 13:00:00,Delivered,QRIS,4.99
ORD_26067,CUST_2146,2023-11-07 16:00:00,Completed,E-Wallet (GoPay/OVO),7.98
ORD_26068,CUST_2099,2023-12-16 15:00:00,Completed,BNPL,4.17
ORD_26069,CUST_1649,2024-03-23 22:00:00,Completed,Credit Card,0.0
ORD_26070,CUST_2170,2024-01-11 04:00:00,Completed,Virtual Account Bank Transfer,6.33
ORD_26071,CUST_1176,2024-04-17 07:00:00,Delivered,E-Wallet (GoPay/OVO),8.7
ORD_26072,CUST_1781,2025-04-14 00:00:00,Completed,Virtual Account Bank Transfer,7.65
ORD_26073,CUST_1473,2024-08-31 03:00:00,Shipped,E-Wallet (GoPay/OVO),0.0
ORD_26074,CUST_1655,2025-01-31 20:00:00,Completed,E-Wallet (GoPay/OVO),0.0
ORD_26075,CUST_2184,2023-06-19 04:00:00,Returned,E-Wallet (GoPay/OVO),5.05
ORD_26076,CUST_1575,2024-01-26 14:00:00,Completed,BNPL,6.17
ORD_26077,CUST_2093,2024-03-25 00:00:00,Shipped,Credit Card,8.05
ORD_26078,CUST_1823,2025-03-19 06:00:00,Completed,E-Wallet (GoPay/OVO),6.88
ORD_26079,CUST_1994,2024-05-12 17:00:00,Delivered,Virtual Account Bank Transfer,6.28
ORD_26080,CUST_1066,2023-05-29 08:00:00,Completed,QRIS,0.0
ORD_26081,CUST_2182,2024-01-10 13:00:00,Completed,BNPL,4.3
ORD_26082,CUST_1953,2023-10-10 09:00:00,Completed,Credit Card,5.61
ORD_26083,CUST_1097,2024-09-01 20:00:00,Returned,BNPL,0.0
ORD_26084,CUST_1124,2024-08-24 21:00:00,Completed,QRIS,0.0
ORD_26085,CUST_2039,2023-06-30 11:00:00,Completed,Credit Card,2.82
ORD_26086,CUST_1685,2024-06-07 06:00:00,Completed,Credit Card,6.1
ORD_26087,CUST_1594,2023-07-04 23:00:00,Completed,E-Wallet (GoPay/OVO),0.0
ORD_26088,CUST_1608,2023-03-26 07:00:00,Completed,QRIS,6.1
ORD_26089,CUST_1862,2023-02-10 07:00:00,Completed,E-Wallet (GoPay/OVO),7.12
ORD_26090,CUST_1064,2024-02-28 17:00:00,Completed,Credit Card,7.06
ORD_26091,CUST_2195,2023-02-23 23:00:00,Completed,E-Wallet (GoPay/OVO),0.0
ORD_26092,CUST_1192,2023-10-17 02:00:00,Completed,Virtual Account Bank Transfer,8.99
ORD_26093,CUST_1487,2023-09-08 18:00:00,Completed,Virtual Account Bank Transfer,8.38
ORD_26094,CUST_1669,2023-07-04 15:00:00,Completed,BNPL,0.0
ORD_26095,CUST_1642,2023-06-12 06:00:00,Completed,BNPL,0.0
ORD_26096,CUST_1257,2023-08-17 15:00:00,Completed,BNPL,0.0
ORD_26097,CUST_1378,2023-10-03 16:00:00,Completed,Virtual Account Bank Transfer,8.67
ORD_26098,CUST_2163,2023-09-08 14:00:00,Shipped,BNPL,6.76
ORD_26099,CUST_2019,2024-01-21 17:00:00,Completed,E-Wallet (GoPay/OVO),0.0
ORD_26100,CUST_2103,2023-03-15 09:00:00,Completed,Virtual Account Bank Transfer,4.21
ORD_26101,CUST_1416,2025-06-18 04:00:00,Cancelled,Credit Card,4.84
ORD_26102,CUST_1475,2024-03-26 13:00:00,Completed,BNPL,4.29
ORD_26103,CUST_1067,2023-03-13 13:00:00,Completed,E-Wallet (GoPay/OVO),5.53
ORD_26104,CUST_1808,2023-06-07 10:00:00,Cancelled,Virtual Account Bank Transfer,8.23
ORD_26105,CUST_2178,2023-03-07 14:00:00,Completed,BNPL,4.75
ORD_26106,CUST_1265,2024-05-01 07:00:00,Returned,QRIS,0.0
ORD_26107,CUST_1320,2024-04-23 14:00:00,Completed,Credit Card,6.08
ORD_26108,CUST_1507,2024-03-23 18:00:00,Completed,Credit Card,3.45
ORD_26109,CUST_1151,2024-04-19 03:00:00,Completed,E-Wallet (GoPay/OVO),2.77
ORD_26110,CUST_1047,2024-01-25 14:00:00,Completed,E-Wallet (GoPay/OVO),6.0
ORD_26111,CUST_1570,2023-05-22 08:00:00,Completed,BNPL,5.89
ORD_26112,CUST_1654,2023-12-19 01:00:00,Cancelled,Credit Card,4.46
ORD_26113,CUST_1913,2023-06-20 07:00:00,Completed,Virtual Account Bank Transfer,6.59
ORD_26114,CUST_2014,2023-05-30 23:00:00,Completed,E-Wallet (GoPay/OVO),7.73
ORD_26115,CUST_1962,2023-12-01 03:00:00,Cancelled,Virtual Account Bank Transfer,5.31
ORD_26116,CUST_1265,2024-10-17 23:00:00,Completed,E-Wallet (GoPay/OVO),0.0
ORD_26117,CUST_1191,2024-04-13 08:00:00,Completed,Virtual Account Bank Transfer,0.0
ORD_26118,CUST_1800,2023-10-31 06:00:00,Completed,Credit Card,5.65
ORD_26119,CUST_1295,2023-05-02 12:00:00,Completed,Credit Card,0.0
ORD_26120,CUST_2037,2023-09-11 01:00:00,Completed,BNPL,8.49
ORD_26121,CUST_1310,2024-01-07 00:00:00,Completed,QRIS,4.46
ORD_26122,CUST_1544,2024-02-02 16:00:00,Delivered,Virtual Account Bank Transfer,0.0
ORD_26123,CUST_1971,2023-05-30 21:00:00,Cancelled,BNPL,4.63
ORD_26124,CUST_1241,2023-09-07 15:00:00,Shipped,BNPL,3.66
ORD_26125,CUST_1002,2024-07-26 01:00:00,Completed,Credit Card,7.51
ORD_26126,CUST_1833,2023-08-09 20:00:00,Completed,Credit Card,5.82
ORD_26127,CUST_1753,2023-08-07 04:00:00,Completed,BNPL,3.28
ORD_26128,CUST_1310,2023-11-23 08:00:00,Completed,Credit Card,6.17
ORD_26129,CUST_2030,2024-04-21 16:00:00,Completed,BNPL,0.0
ORD_26130,CUST_1135,2023-11-29 14:00:00,Completed,QRIS,5.84
ORD_26131,CUST_1223,2024-07-14 11:00:00,Completed,Credit Card,7.07
ORD_26132,CUST_1486,2023-08-29 05:00:00,Completed,BNPL,0.0
ORD_26133,CUST_1614,2023-03-09 14:00:00,Completed,Credit Card,4.5
ORD_26134,CUST_1060,2024-01-13 07:00:00,Completed,E-Wallet (GoPay/OVO),0.0
ORD_26135,CUST_1900,2024-04-19 09:00:00,Completed,Credit Card,3.33
ORD_26136,CUST_1429,2023-09-15 01:00:00,Completed,BNPL,5.74
ORD_26137,CUST_1304,2024-04-23 00:00:00,Shipped,QRIS,8.18
ORD_26138,CUST_1769,2023-12-01 02:00:00,Shipped,Credit Card,0.0
ORD_26139,CUST_1168,2024-01-08 23:00:00,Completed,E-Wallet (GoPay/OVO),3.31
ORD_26140,CUST_1099,2023-06-06 22:00:00,Completed,Virtual Account Bank Transfer,8.16
ORD_26141,CUST_1046,2023-07-06 23:00:00,Shipped,Credit Card,0.0
ORD_26142,CUST_1674,2023-04-03 12:00:00,Shipped,E-Wallet (GoPay/OVO),0.0
ORD_26143,CUST_1170,2024-01-30 07:00:00,Delivered,BNPL,2.66
ORD_26144,CUST_1593,2024-09-27 03:00:00,Completed,Virtual Account Bank Transfer,0.0
ORD_26145,CUST_2094,2023-05-14 04:00:00,Shipped,BNPL,0.0
ORD_26146,CUST_2036,2023-06-23 01:00:00,Completed,Credit Card,0.0
ORD_26147,CUST_1447,2023-05-22 04:00:00,Completed,Credit Card,5.69
ORD_26148,CUST_1813,2023-09-14 16:00:00,Completed,Virtual Account Bank Transfer,0.0
ORD_26149,CUST_1648,2023-07-14 16:00:00,Completed,QRIS,6.07
ORD_26150,CUST_1476,2024-06-14 09:00:00,Completed,Credit Card,5.5
ORD_26151,CUST_1882,2023-09-18 22:00:00,Completed,BNPL,0.0
ORD_26152,CUST_1045,2023-02-25 14:00:00,Completed,QRIS,4.76
ORD_26153,CUST_1418,2024-04-06 12:00:00,Shipped,E-Wallet (GoPay/OVO),0.0
ORD_26154,CUST_1096,2024-06-03 19:00:00,Completed,Virtual Account Bank Transfer,5.26
ORD_26155,CUST_2012,2024-11-30 23:00:00,Completed,QRIS,0.0
ORD_26156,CUST_1381,2024-03-09 22:00:00,Shipped,BNPL,3.06
ORD_26157,CUST_1935,2023-10-29 19:00:00,Completed,BNPL,0.0
ORD_26158,CUST_1587,2024-08-26 06:00:00,Completed,BNPL,2.52
ORD_26159,CUST_1348,2024-03-01 02:00:00,Delivered,BNPL,6.99
ORD_26160,CUST_1590,2024-06-21 03:00:00,Completed,Virtual Account Bank Transfer,3.05
ORD_26161,CUST_1856,2025-02-21 14:00:00,Completed,E-Wallet (GoPay/OVO),8.27
ORD_26162,CUST_1259,2023-04-16 18:00:00,Shipped,E-Wallet (GoPay/OVO),0.0
ORD_26163,CUST_1279,2023-07-28 15:00:00,Completed,E-Wallet (GoPay/OVO),8.73
ORD_26164,CUST_1685,2024-06-04 07:00:00,Completed,Virtual Account Bank Transfer,0.0
ORD_26165,CUST_1036,2023-11-20 01:00:00,Completed,QRIS,4.9
ORD_26166,CUST_1357,2024-10-21 08:00:00,Delivered,E-Wallet (GoPay/OVO),7.36
ORD_26167,CUST_1476,2024-09-08 08:00:00,Shipped,Virtual Account Bank Transfer,8.89
ORD_26168,CUST_1879,2024-05-14 05:00:00,Completed,QRIS,0.0
ORD_26169,CUST_1572,2023-05-31 03:00:00,Shipped,Virtual Account Bank Transfer,8.36
ORD_26170,CUST_1099,2023-07-15 14:00:00,Completed,Virtual Account Bank Transfer,5.92
ORD_26171,CUST_1606,2023-08-26 04:00:00,Completed,QRIS,0.0
ORD_26172,CUST_1542,2023-02-25 21:00:00,Shipped,E-Wallet (GoPay/OVO),0.0
ORD_26173,CUST_1693,2023-10-10 09:00:00,Completed,QRIS,6.16
ORD_26174,CUST_1330,2024-05-29 15:00:00,Completed,E-Wallet (GoPay/OVO),0.0
ORD_26175,CUST_1601,2023-04-01 03:00:00,Completed,QRIS,5.17
ORD_26176,CUST_1955,2023-09-25 14:00:00,Completed,Credit Card,0.0
ORD_26177,CUST_1624,2023-02-09 03:00:00,Cancelled,BNPL,0.0
ORD_26178,CUST_1618,2023-07-22 17:00:00,Delivered,E-Wallet (GoPay/OVO),0.0
ORD_26179,CUST_1046,2023-06-14 04:00:00,Completed,Virtual Account Bank Transfer,4.55
ORD_26180,CUST_1639,2023-10-12 12:00:00,Completed,BNPL,8.87
ORD_26181,CUST_1982,2024-01-21 10:00:00,Completed,Virtual Account Bank Transfer,7.99
ORD_26182,CUST_1657,2024-01-19 21:00:00,Completed,E-Wallet (GoPay/OVO),0.0
ORD_26183,CUST_1762,2024-01-22 12:00:00,Shipped,Virtual Account Bank Transfer,0.0
ORD_26184,CUST_1759,2023-11-04 23:00:00,Completed,E-Wallet (GoPay/OVO),5.54
ORD_26185,CUST_1574,2024-06-20 02:00:00,Completed,BNPL,0.0
ORD_26186,CUST_1737,2023-07-16 03:00:00,Completed,Virtual Account Bank Transfer,5.8
ORD_26187,CUST_1264,2023-12-09 05:00:00,Completed,Credit Card,0.0
ORD_26188,CUST_1505,2023-09-14 18:00:00,Completed,BNPL,6.53
ORD_26189,CUST_1566,2024-11-08 19:00:00,Delivered,BNPL,6.17
ORD_26190,CUST_2154,2024-01-03 10:00:00,Completed,E-Wallet (GoPay/OVO),5.4
ORD_26191,CUST_2088,2024-09-01 23:00:00,Completed,BNPL,4.88
ORD_26192,CUST_1564,2023-10-25 21:00:00,Completed,E-Wallet (GoPay/OVO),6.44
ORD_26193,CUST_2069,2024-03-24 16:00:00,Completed,Virtual Account Bank Transfer,2.86
ORD_26194,CUST_1694,2024-02-02 22:00:00,Completed,Virtual Account Bank Transfer,0.0
ORD_26195,CUST_1503,2025-05-14 00:00:00,Completed,QRIS,0.0
ORD_26196,CUST_2108,2023-03-20 10:00:00,Completed,E-Wallet (GoPay/OVO),6.72
ORD_26197,CUST_2130,2023-04-17 09:00:00,Shipped,E-Wallet (GoPay/OVO),0.0
ORD_26198,CUST_2172,2023-08-19 22:00:00,Completed,Credit Card,0.0
ORD_26199,CUST_1354,2023-04-25 08:00:00,Completed,BNPL,6.46
ORD_26200,CUST_1383,2024-04-15 11:00:00,Shipped,Virtual Account Bank Transfer,0.0
ORD_26201,CUST_1004,2024-07-19 12:00:00,Completed,E-Wallet (GoPay/OVO),7.26
ORD_26202,CUST_1908,2023-11-04 10:00:00,Completed,Credit Card,0.0
ORD_26203,CUST_1586,2023-07-26 18:00:00,Completed,QRIS,0.0
ORD_26204,CUST_1700,2024-03-13 01:00:00,Shipped,QRIS,8.16
ORD_26205,CUST_1467,2024-02-25 21:00:00,Completed,Virtual Account Bank Transfer,0.0
ORD_26206,CUST_2026,2023-04-16 03:00:00,Completed,QRIS,5.87
ORD_26207,CUST_1549,2024-04-12 05:00:00,Completed,E-Wallet (GoPay/OVO),5.55
ORD_26208,CUST_1607,2024-05-10 09:00:00,Completed,E-Wallet (GoPay/OVO),0.0
ORD_26209,CUST_1064,2024-03-13 00:00:00,Completed,Virtual Account Bank Transfer,0.0
ORD_26210,CUST_1351,2023-09-23 23:00:00,Shipped,Credit Card,8.98
ORD_26211,CUST_1775,2024-01-05 11:00:00,Completed,Virtual Account Bank Transfer,4.27
ORD_26212,CUST_1331,2024-04-04 12:00:00,Completed,BNPL,0.0
ORD_26213,CUST_1555,2023-08-08 07:00:00,Cancelled,E-Wallet (GoPay/OVO),5.88
ORD_26214,CUST_2144,2023-03-21 07:00:00,Completed,Credit Card,4.21
ORD_26215,CUST_1388,2025-03-02 10:00:00,Completed,E-Wallet (GoPay/OVO),0.0
ORD_26216,CUST_2129,2023-12-09 01:00:00,Completed,E-Wallet (GoPay/OVO),2.77
ORD_26217,CUST_1553,2023-06-25 19:00:00,Completed,Credit Card,8.57
ORD_26218,CUST_2183,2024-04-17 11:00:00,Completed,Virtual Account Bank Transfer,2.83
ORD_26219,CUST_2120,2023-10-11 13:00:00,Completed,BNPL,0.0
ORD_26220,CUST_1611,2024-04-27 02:00:00,Cancelled,BNPL,0.0
ORD_26221,CUST_1347,2023-05-25 07:00:00,Cancelled,QRIS,7.6
ORD_26222,CUST_1298,2023-03-31 06:00:00,Completed,E-Wallet (GoPay/OVO),6.45
ORD_26223,CUST_2053,2024-06-11 00:00:00,Completed,E-Wallet (GoPay/OVO),0.0
ORD_26224,CUST_1289,2023-10-28 00:00:00,Completed,BNPL,0.0
ORD_26225,CUST_1334,2023-11-27 16:00:00,Completed,BNPL,8.83
ORD_26226,CUST_1912,2024-06-24 19:00:00,Completed,E-Wallet (GoPay/OVO),5.1
ORD_26227,CUST_1282,2023-05-27 23:00:00,Completed,Virtual Account Bank Transfer,3.92
ORD_26228,CUST_1953,2024-08-21 03:00:00,Cancelled,Credit Card,0.0
ORD_26229,CUST_2047,2023-06-13 16:00:00,Cancelled,QRIS,8.7
ORD_26230,CUST_1795,2023-06-14 03:00:00,Completed,E-Wallet (GoPay/OVO),0.0
ORD_26231,CUST_1708,2024-04-05 17:00:00,Cancelled,Virtual Account Bank Transfer,0.0
ORD_26232,CUST_1585,2024-01-06 11:00:00,Completed,Virtual Account Bank Transfer,7.46
ORD_26233,CUST_1147,2023-09-19 17:00:00,Completed,Virtual Account Bank Transfer,0.0
ORD_26234,CUST_1813,2023-05-28 02:00:00,Delivered,E-Wallet (GoPay/OVO),6.01
ORD_26235,CUST_1952,2023-04-05 15:00:00,Completed,Virtual Account Bank Transfer,3.8
ORD_26236,CUST_1996,2023-03-26 08:00:00,Completed,QRIS,7.06
ORD_26237,CUST_1043,2024-06-09 09:00:00,Completed,QRIS,6.98
ORD_26238,CUST_1012,2024-04-08 07:00:00,Completed,BNPL,0.0
ORD_26239,CUST_1044,2024-05-22 08:00:00,Delivered,BNPL,0.0
ORD_26240,CUST_1308,2024-04-17 02:00:00,Delivered,BNPL,7.61
ORD_26241,CUST_1961,2024-04-24 08:00:00,Completed,QRIS,0.0
ORD_26242,CUST_1025,2024-03-02 23:00:00,Completed,Credit Card,7.56
ORD_26243,CUST_2044,2023-06-07 06:00:00,Completed,Virtual Account Bank Transfer,6.54
ORD_26244,CUST_1253,2023-10-25 21:00:00,Completed,E-Wallet (GoPay/OVO),0.0
ORD_26245,CUST_1612,2024-01-14 04:00:00,Completed,QRIS,0.0
ORD_26246,CUST_1010,2024-06-15 20:00:00,Completed,Credit Card,0.0
ORD_26247,CUST_1691,2023-11-05 10:00:00,Returned,BNPL,3.21
ORD_26248,CUST_2117,2024-01-05 14:00:00,Completed,Virtual Account Bank Transfer,6.61
ORD_26249,CUST_1411,2023-08-02 07:00:00,Completed,QRIS,5.76
ORD_26250,CUST_1253,2023-11-02 02:00:00,Completed,E-Wallet (GoPay/OVO),8.97
ORD_26251,CUST_1732,2024-04-06 17:00:00,Completed,BNPL,0.0
ORD_26252,CUST_2155,2023-12-18 07:00:00,Completed,Virtual Account Bank Transfer,7.94
ORD_26253,CUST_1427,2023-09-01 18:00:00,Completed,BNPL,5.3
ORD_26254,CUST_1391,2023-12-10 13:00:00,Completed,Virtual Account Bank Transfer,4.04
ORD_26255,CUST_2199,2024-03-06 23:00:00,Shipped,Credit Card,0.0
ORD_26256,CUST_1366,2023-05-13 12:00:00,Shipped,Virtual Account Bank Transfer,0.0
ORD_26257,CUST_1511,2023-05-06 16:00:00,Completed,BNPL,6.84
ORD_26258,CUST_1295,2023-07-14 02:00:00,Returned,Credit Card,0.0
ORD_26259,CUST_1356,2023-11-28 23:00:00,Completed,QRIS,4.47
ORD_26260,CUST_1942,2023-05-22 19:00:00,Completed,QRIS,2.57
ORD_26261,CUST_1374,2023-06-18 12:00:00,Delivered,Virtual Account Bank Transfer,4.31
ORD_26262,CUST_1754,2023-04-18 05:00:00,Completed,Credit Card,2.67
ORD_26263,CUST_1604,2023-05-09 03:00:00,Shipped,Credit Card,0.0
ORD_26264,CUST_1633,2023-10-05 09:00:00,Delivered,E-Wallet (GoPay/OVO),0.0
ORD_26265,CUST_2100,2023-09-22 09:00:00,Completed,Credit Card,0.0
ORD_26266,CUST_1309,2023-08-15 05:00:00,Cancelled,E-Wallet (GoPay/OVO),4.55
ORD_26267,CUST_1807,2023-06-27 20:00:00,Returned,BNPL,2.89
ORD_26268,CUST_1613,2024-02-26 18:00:00,Cancelled,QRIS,0.0
ORD_26269,CUST_2159,2023-04-09 21:00:00,Completed,QRIS,0.0
ORD_26270,CUST_1761,2024-08-31 03:00:00,Cancelled,E-Wallet (GoPay/OVO),0.0
ORD_26271,CUST_1355,2023-10-22 05:00:00,Completed,QRIS,2.81
ORD_26272,CUST_1609,2024-01-31 20:00:00,Completed,QRIS,7.23
ORD_26273,CUST_2101,2023-10-15 02:00:00,Completed,E-Wallet (GoPay/OVO),5.58
ORD_26274,CUST_2169,2023-10-07 12:00:00,Completed,Virtual Account Bank Transfer,2.83
ORD_26275,CUST_2045,2024-03-09 15:00:00,Completed,Credit Card,0.0
ORD_26276,CUST_1482,2023-04-08 12:00:00,Cancelled,Virtual Account Bank Transfer,7.09
ORD_26277,CUST_1242,2023-11-14 15:00:00,Completed,Credit Card,3.96
ORD_26278,CUST_1917,2024-06-15 14:00:00,Completed,Virtual Account Bank Transfer,7.44
ORD_26279,CUST_2095,2023-09-18 01:00:00,Completed,Virtual Account Bank Transfer,0.0
ORD_26280,CUST_1006,2024-10-20 00:00:00,Completed,Virtual Account Bank Transfer,0.0
ORD_26281,CUST_1586,2023-04-14 07:00:00,Completed,QRIS,4.69
ORD_26282,CUST_2094,2023-11-17 01:00:00,Completed,E-Wallet (GoPay/OVO),3.43
ORD_26283,CUST_1986,2023-04-04 09:00:00,Completed,Credit Card,4.22
ORD_26284,CUST_1801,2024-04-24 07:00:00,Completed,QRIS,8.4
ORD_26285,CUST_1336,2023-09-06 19:00:00,Cancelled,QRIS,3.1
ORD_26286,CUST_2172,2023-03-27 21:00:00,Completed,Virtual Account Bank Transfer,4.79
ORD_26287,CUST_1189,2023-11-21 05:00:00,Completed,QRIS,0.0
ORD_26288,CUST_1433,2024-03-05 13:00:00,Shipped,QRIS,2.95
ORD_26289,CUST_1717,2023-03-26 15:00:00,Completed,QRIS,0.0
ORD_26290,CUST_1161,2024-10-06 18:00:00,Completed,BNPL,6.42
ORD_26291,CUST_1759,2023-09-28 10:00:00,Completed,E-Wallet (GoPay/OVO),8.05
ORD_26292,CUST_2009,2024-01-12 13:00:00,Cancelled,E-Wallet (GoPay/OVO),7.88
ORD_26293,CUST_1108,2023-11-08 18:00:00,Completed,BNPL,5.13
ORD_26294,CUST_1203,2023-10-24 16:00:00,Completed,Credit Card,4.27
ORD_26295,CUST_1053,2024-06-25 08:00:00,Cancelled,Credit Card,0.0
ORD_26296,CUST_1430,2023-11-16 21:00:00,Completed,E-Wallet (GoPay/OVO),6.72
ORD_26297,CUST_1357,2025-05-12 01:00:00,Shipped,Virtual Account Bank Transfer,8.69
ORD_26298,CUST_1474,2023-05-18 12:00:00,Completed,QRIS,8.38
ORD_26299,CUST_1574,2024-04-08 15:00:00,Completed,QRIS,0.0
ORD_26300,CUST_1184,2023-08-06 11:00:00,Completed,QRIS,8.14
ORD_26301,CUST_1272,2023-09-07 11:00:00,Completed,QRIS,4.75
ORD_26302,CUST_1116,2023-06-19 04:00:00,Delivered,BNPL,0.0
ORD_26303,CUST_1730,2024-02-27 13:00:00,Completed,Credit Card,3.27
ORD_26304,CUST_1418,2024-01-17 17:00:00,Completed,BNPL,0.0
ORD_26305,CUST_1440,2023-05-16 21:00:00,Completed,Credit Card,3.14
ORD_26306,CUST_1681,2024-07-16 01:00:00,Returned,Virtual Account Bank Transfer,0.0
ORD_26307,CUST_1969,2023-08-31 05:00:00,Completed,QRIS,4.69
ORD_26308,CUST_1965,2024-05-18 14:00:00,Completed,E-Wallet (GoPay/OVO),0.0
ORD_26309,CUST_1138,2023-12-01 20:00:00,Completed,Credit Card,0.0
ORD_26310,CUST_1044,2023-10-04 07:00:00,Shipped,QRIS,0.0
ORD_26311,CUST_1959,2023-08-17 23:00:00,Completed,Virtual Account Bank Transfer,0.0
ORD_26312,CUST_1171,2023-11-28 13:00:00,Delivered,BNPL,0.0
ORD_26313,CUST_1320,2024-05-04 15:00:00,Delivered,E-Wallet (GoPay/OVO),0.0
ORD_26314,CUST_1234,2024-07-13 02:00:00,Shipped,QRIS,0.0
ORD_26315,CUST_1803,2023-03-26 04:00:00,Completed,BNPL,3.17
ORD_26316,CUST_1242,2023-05-30 09:00:00,Completed,Credit Card,3.73
ORD_26317,CUST_1409,2023-03-21 06:00:00,Shipped,BNPL,0.0
ORD_26318,CUST_1707,2023-06-13 11:00:00,Completed,E-Wallet (GoPay/OVO),5.81
ORD_26319,CUST_1750,2024-03-18 20:00:00,Completed,QRIS,0.0
ORD_26320,CUST_1400,2023-04-14 05:00:00,Completed,Virtual Account Bank Transfer,0.0
ORD_26321,CUST_2171,2024-04-14 08:00:00,Completed,E-Wallet (GoPay/OVO),0.0
ORD_26322,CUST_1414,2023-08-21 02:00:00,Completed,QRIS,8.25
ORD_26323,CUST_1714,2023-01-06 16:00:00,Shipped,BNPL,0.0
ORD_26324,CUST_1481,2023-04-12 20:00:00,Completed,Credit Card,7.43
ORD_26325,CUST_1673,2023-10-10 17:00:00,Completed,QRIS,5.95
ORD_26326,CUST_2064,2023-09-19 09:00:00,Completed,BNPL,0.0
ORD_26327,CUST_2170,2024-02-02 20:00:00,Completed,Credit Card,5.2
ORD_26328,CUST_1219,2023-07-03 03:00:00,Cancelled,Virtual Account Bank Transfer,0.0
ORD_26329,CUST_1258,2023-11-20 03:00:00,Completed,Credit Card,0.0
ORD_26330,CUST_2014,2023-06-30 06:00:00,Completed,Credit Card,0.0
ORD_26331,CUST_1069,2024-08-01 00:00:00,Completed,E-Wallet (GoPay/OVO),3.04
ORD_26332,CUST_1738,2024-03-27 13:00:00,Completed,Virtual Account Bank Transfer,0.0
ORD_26333,CUST_1711,2023-07-04 23:00:00,Shipped,Virtual Account Bank Transfer,8.25
ORD_26334,CUST_2063,2023-03-25 19:00:00,Completed,Virtual Account Bank Transfer,2.96
ORD_26335,CUST_1137,2024-05-08 20:00:00,Completed,E-Wallet (GoPay/OVO),0.0
ORD_26336,CUST_1549,2024-08-07 05:00:00,Completed,Virtual Account Bank Transfer,0.0
ORD_26337,CUST_1071,2024-07-08 21:00:00,Completed,Virtual Account Bank Transfer,6.26
ORD_26338,CUST_1569,2024-05-04 01:00:00,Completed,QRIS,0.0
ORD_26339,CUST_1598,2023-10-19 12:00:00,Shipped,Virtual Account Bank Transfer,0.0
ORD_26340,CUST_1975,2024-01-05 13:00:00,Shipped,QRIS,7.36
ORD_26341,CUST_2045,2023-12-23 16:00:00,Completed,QRIS,6.91
ORD_26342,CUST_1046,2024-10-13 15:00:00,Completed,Virtual Account Bank Transfer,0.0
ORD_26343,CUST_1575,2024-02-16 04:00:00,Completed,QRIS,0.0
ORD_26344,CUST_2096,2023-12-27 21:00:00,Delivered,QRIS,2.95
ORD_26345,CUST_2200,2024-02-05 04:00:00,Completed,Credit Card,6.01
ORD_26346,CUST_1911,2023-11-16 18:00:00,Completed,E-Wallet (GoPay/OVO),4.66
ORD_26347,CUST_1545,2023-07-07 03:00:00,Completed,BNPL,0.0
ORD_26348,CUST_1887,2024-06-30 12:00:00,Delivered,E-Wallet (GoPay/OVO),4.77
ORD_26349,CUST_1158,2023-05-01 02:00:00,Completed,Virtual Account Bank Transfer,0.0
ORD_26350,CUST_1710,2023-09-05 02:00:00,Completed,Virtual Account Bank Transfer,0.0
ORD_26351,CUST_1762,2024-01-14 07:00:00,Shipped,Credit Card,0.0
ORD_26352,CUST_1307,2024-03-14 09:00:00,Shipped,QRIS,6.73
ORD_26353,CUST_1701,2024-04-27 14:00:00,Completed,E-Wallet (GoPay/OVO),0.0
ORD_26354,CUST_1110,2023-08-18 07:00:00,Returned,Virtual Account Bank Transfer,6.31
ORD_26355,CUST_1631,2024-09-24 16:00:00,Completed,Credit Card,0.0
ORD_26356,CUST_1887,2024-08-04 11:00:00,Completed,Credit Card,3.86
ORD_26357,CUST_1616,2023-10-26 07:00:00,Completed,Credit Card,6.19
ORD_26358,CUST_1775,2023-12-07 01:00:00,Completed,Credit Card,5.92
ORD_26359,CUST_1620,2023-06-18 05:00:00,Completed,Credit Card,3.36
ORD_26360,CUST_1463,2024-02-05 20:00:00,Completed,BNPL,0.0
ORD_26361,CUST_1255,2023-09-06 08:00:00,Completed,QRIS,3.52
ORD_26362,CUST_1680,2023-05-26 06:00:00,Delivered,Virtual Account Bank Transfer,0.0
ORD_26363,CUST_1192,2023-11-01 15:00:00,Delivered,BNPL,7.26
ORD_26364,CUST_1893,2024-03-29 06:00:00,Completed,E-Wallet (GoPay/OVO),0.0
ORD_26365,CUST_1907,2023-05-28 21:00:00,Completed,Credit Card,8.34
ORD_26366,CUST_1968,2024-05-20 16:00:00,Completed,Virtual Account Bank Transfer,5.48
ORD_26367,CUST_1026,2023-10-23 01:00:00,Completed,Credit Card,0.0
ORD_26368,CUST_1582,2024-04-05 16:00:00,Completed,QRIS,0.0
ORD_26369,CUST_1711,2023-07-19 21:00:00,Completed,Virtual Account Bank Transfer,7.57
ORD_26370,CUST_1805,2024-03-01 21:00:00,Completed,QRIS,0.0
ORD_26371,CUST_1967,2023-08-05 20:00:00,Completed,E-Wallet (GoPay/OVO),0.0
ORD_26372,CUST_1713,2024-08-28 21:00:00,Delivered,Credit Card,4.33
ORD_26373,CUST_2004,2024-03-20 04:00:00,Completed,E-Wallet (GoPay/OVO),0.0
ORD_26374,CUST_1876,2024-04-06 05:00:00,Completed,BNPL,4.39
ORD_26375,CUST_1971,2024-04-04 00:00:00,Completed,E-Wallet (GoPay/OVO),0.0
ORD_26376,CUST_1625,2024-07-19 21:00:00,Completed,Credit Card,8.24
ORD_26377,CUST_1208,2024-03-22 18:00:00,Cancelled,QRIS,0.0
ORD_26378,CUST_1419,2024-01-09 08:00:00,Completed,BNPL,6.14
ORD_26379,CUST_2180,2025-05-16 17:00:00,Shipped,QRIS,3.29
ORD_26380,CUST_1510,2023-06-05 15:00:00,Delivered,Virtual Account Bank Transfer,0.0
ORD_26381,CUST_1400,2023-09-10 15:00:00,Completed,BNPL,0.0
ORD_26382,CUST_1437,2023-09-12 12:00:00,Completed,Credit Card,4.35
ORD_26383,CUST_1186,2024-04-22 16:00:00,Delivered,Virtual Account Bank Transfer,6.46
ORD_26384,CUST_2145,2024-01-12 22:00:00,Completed,E-Wallet (GoPay/OVO),3.75
ORD_26385,CUST_1650,2024-06-21 21:00:00,Completed,QRIS,5.01
ORD_26386,CUST_2117,2024-02-17 06:00:00,Completed,E-Wallet (GoPay/OVO),2.98
ORD_26387,CUST_1656,2023-05-01 07:00:00,Completed,E-Wallet (GoPay/OVO),5.49
ORD_26388,CUST_1979,2023-11-10 18:00:00,Completed,Virtual Account Bank Transfer,0.0
ORD_26389,CUST_2010,2024-05-10 05:00:00,Shipped,E-Wallet (GoPay/OVO),3.16
ORD_26390,CUST_1295,2023-08-09 10:00:00,Completed,QRIS,0.0
ORD_26391,CUST_2127,2024-01-19 11:00:00,Completed,QRIS,0.0
ORD_26392,CUST_1810,2024-04-16 21:00:00,Completed,Credit Card,0.0
ORD_26393,CUST_2143,2023-08-14 11:00:00,Completed,BNPL,0.0
ORD_26394,CUST_1567,2023-08-02 11:00:00,Completed,Virtual Account Bank Transfer,7.55
ORD_26395,CUST_1370,2023-09-16 08:00:00,Completed,Credit Card,7.97
ORD_26396,CUST_1064,2024-05-27 04:00:00,Completed,BNPL,5.71
ORD_26397,CUST_1068,2024-01-08 15:00:00,Shipped,BNPL,0.0
ORD_26398,CUST_1830,2023-09-08 05:00:00,Returned,E-Wallet (GoPay/OVO),0.0
ORD_26399,CUST_1202,2024-06-23 13:00:00,Delivered,Virtual Account Bank Transfer,5.17
ORD_26400,CUST_1359,2023-06-23 21:00:00,Returned,E-Wallet (GoPay/OVO),0.0
ORD_26401,CUST_2200,2024-02-01 22:00:00,Completed,Virtual Account Bank Transfer,8.39
ORD_26402,CUST_2158,2024-02-11 22:00:00,Completed,E-Wallet (GoPay/OVO),7.36
ORD_26403,CUST_2064,2023-12-22 16:00:00,Shipped,BNPL,8.7
ORD_26404,CUST_1737,2023-10-09 17:00:00,Delivered,BNPL,7.83
ORD_26405,CUST_1068,2023-11-07 10:00:00,Shipped,BNPL,0.0
ORD_26406,CUST_1185,2023-08-04 18:00:00,Completed,Credit Card,5.19
ORD_26407,CUST_1121,2023-12-10 01:00:00,Completed,BNPL,0.0
ORD_26408,CUST_1861,2023-12-01 07:00:00,Cancelled,BNPL,0.0
ORD_26409,CUST_1946,2023-01-12 01:00:00,Completed,QRIS,4.64
ORD_26410,CUST_1047,2023-12-09 08:00:00,Completed,QRIS,6.66
ORD_26411,CUST_2187,2023-04-23 09:00:00,Completed,Virtual Account Bank Transfer,0.0
ORD_26412,CUST_1703,2024-01-05 09:00:00,Completed,QRIS,6.63
ORD_26413,CUST_1877,2024-02-13 12:00:00,Completed,E-Wallet (GoPay/OVO),0.0
ORD_26414,CUST_1429,2023-08-21 12:00:00,Completed,E-Wallet (GoPay/OVO),0.0
ORD_26415,CUST_1360,2023-03-04 07:00:00,Delivered,E-Wallet (GoPay/OVO),8.94
ORD_26416,CUST_1879,2024-03-07 15:00:00,Completed,E-Wallet (GoPay/OVO),0.0
ORD_26417,CUST_2029,2023-07-22 02:00:00,Cancelled,QRIS,0.0
ORD_26418,CUST_1682,2024-06-20 16:00:00,Completed,BNPL,0.0
ORD_26419,CUST_1198,2023-11-11 10:00:00,Completed,E-Wallet (GoPay/OVO),6.69
ORD_26420,CUST_1016,2023-12-24 19:00:00,Completed,BNPL,5.48
ORD_26421,CUST_1485,2023-11-04 07:00:00,Completed,Credit Card,3.43
ORD_26422,CUST_1950,2023-09-30 10:00:00,Completed,E-Wallet (GoPay/OVO),3.17
ORD_26423,CUST_2045,2024-01-03 09:00:00,Completed,QRIS,0.0
ORD_26424,CUST_1368,2023-09-14 15:00:00,Shipped,QRIS,0.0
ORD_26425,CUST_1466,2023-04-27 20:00:00,Completed,Virtual Account Bank Transfer,7.68
ORD_26426,CUST_1913,2023-06-17 14:00:00,Completed,Virtual Account Bank Transfer,6.21
ORD_26427,CUST_2166,2024-02-05 00:00:00,Completed,Virtual Account Bank Transfer,3.35
ORD_26428,CUST_1522,2023-07-27 22:00:00,Completed,QRIS,4.66
ORD_26429,CUST_1943,2023-09-24 05:00:00,Cancelled,QRIS,6.05
ORD_26430,CUST_2177,2024-02-28 13:00:00,Completed,BNPL,0.0
ORD_26431,CUST_1997,2023-10-01 04:00:00,Completed,Credit Card,0.0
ORD_26432,CUST_1236,2024-06-25 10:00:00,Completed,BNPL,0.0
ORD_26433,CUST_1850,2023-11-07 06:00:00,Completed,BNPL,0.0
ORD_26434,CUST_1754,2023-10-17 06:00:00,Completed,BNPL,8.0
ORD_26435,CUST_1080,2023-10-06 02:00:00,Shipped,Credit Card,0.0
ORD_26436,CUST_1102,2023-09-17 06:00:00,Delivered,Credit Card,6.86
ORD_26437,CUST_1416,2024-05-04 03:00:00,Completed,Credit Card,0.0
ORD_26438,CUST_1553,2023-09-30 05:00:00,Completed,QRIS,0.0
ORD_26439,CUST_1346,2024-04-27 20:00:00,Completed,Virtual Account Bank Transfer,0.0
ORD_26440,CUST_1482,2023-03-19 00:00:00,Completed,QRIS,3.9
ORD_26441,CUST_2065,2023-07-08 13:00:00,Shipped,BNPL,5.97
ORD_26442,CUST_1731,2023-10-07 00:00:00,Completed,BNPL,0.0
ORD_26443,CUST_1316,2023-08-21 02:00:00,Completed,QRIS,2.55
ORD_26444,CUST_1045,2023-02-06 03:00:00,Completed,QRIS,5.89
ORD_26445,CUST_2115,2024-03-26 20:00:00,Shipped,QRIS,8.06
ORD_26446,CUST_1839,2023-11-15 01:00:00,Returned,BNPL,0.0
ORD_26447,CUST_2131,2023-10-15 02:00:00,Completed,Virtual Account Bank Transfer,0.0
ORD_26448,CUST_1042,2023-08-01 07:00:00,Completed,E-Wallet (GoPay/OVO),0.0
ORD_26449,CUST_1993,2024-05-04 03:00:00,Completed,BNPL,7.12
ORD_26450,CUST_1127,2023-11-04 13:00:00,Completed,E-Wallet (GoPay/OVO),3.59
ORD_26451,CUST_1583,2023-06-26 18:00:00,Completed,BNPL,5.3
ORD_26452,CUST_1824,2023-05-23 13:00:00,Completed,QRIS,4.16
ORD_26453,CUST_1731,2023-04-21 22:00:00,Delivered,Virtual Account Bank Transfer,0.0
ORD_26454,CUST_1917,2024-05-20 04:00:00,Delivered,E-Wallet (GoPay/OVO),6.69
ORD_26455,CUST_1387,2023-09-15 09:00:00,Completed,BNPL,4.14
ORD_26456,CUST_1277,2024-03-09 22:00:00,Completed,E-Wallet (GoPay/OVO),7.4
ORD_26457,CUST_1109,2024-03-18 10:00:00,Completed,Virtual Account Bank Transfer,0.0
ORD_26458,CUST_1552,2023-08-02 06:00:00,Completed,BNPL,0.0
ORD_26459,CUST_1157,2023-12-20 06:00:00,Completed,Credit Card,6.74
ORD_26460,CUST_1958,2024-12-14 22:00:00,Completed,QRIS,8.38
ORD_26461,CUST_2029,2023-06-02 05:00:00,Completed,Credit Card,7.67
ORD_26462,CUST_2104,2023-09-01 07:00:00,Completed,E-Wallet (GoPay/OVO),0.0
ORD_26463,CUST_1258,2023-02-15 23:00:00,Returned,E-Wallet (GoPay/OVO),7.64
ORD_26464,CUST_1591,2024-11-28 15:00:00,Completed,E-Wallet (GoPay/OVO),0.0
ORD_26465,CUST_1260,2023-07-23 16:00:00,Completed,Virtual Account Bank Transfer,8.04
ORD_26466,CUST_1144,2023-02-28 06:00:00,Completed,Credit Card,0.0
ORD_26467,CUST_1655,2024-10-06 15:00:00,Completed,QRIS,0.0
ORD_26468,CUST_1759,2023-07-15 21:00:00,Completed,E-Wallet (GoPay/OVO),2.5
ORD_26469,CUST_1631,2023-12-30 01:00:00,Cancelled,QRIS,7.42
ORD_26470,CUST_2080,2023-07-29 16:00:00,Shipped,QRIS,0.0
ORD_26471,CUST_1799,2024-11-13 11:00:00,Shipped,BNPL,0.0
ORD_26472,CUST_2027,2023-08-16 12:00:00,Completed,BNPL,8.87
ORD_26473,CUST_1312,2024-05-05 08:00:00,Completed,BNPL,0.0
ORD_26474,CUST_2157,2023-03-15 23:00:00,Completed,BNPL,0.0
ORD_26475,CUST_1569,2024-06-06 14:00:00,Completed,Credit Card,0.0
ORD_26476,CUST_1200,2023-08-17 23:00:00,Completed,BNPL,0.0
ORD_26477,CUST_1013,2024-09-07 16:00:00,Delivered,E-Wallet (GoPay/OVO),4.43
ORD_26478,CUST_1090,2024-02-25 19:00:00,Completed,E-Wallet (GoPay/OVO),0.0
ORD_26479,CUST_1459,2024-10-12 10:00:00,Shipped,QRIS,6.94
ORD_26480,CUST_1564,2023-12-27 01:00:00,Completed,BNPL,0.0
ORD_26481,CUST_1982,2024-05-23 05:00:00,Completed,QRIS,7.32
ORD_26482,CUST_1621,2023-12-12 14:00:00,Completed,QRIS,0.0
ORD_26483,CUST_1668,2023-04-12 10:00:00,Completed,BNPL,0.0
ORD_26484,CUST_1167,2023-05-08 17:00:00,Delivered,QRIS,0.0
ORD_26485,CUST_1179,2024-06-17 03:00:00,Completed,BNPL,8.89
ORD_26486,CUST_1130,2024-07-11 16:00:00,Completed,Virtual Account Bank Transfer,7.46
ORD_26487,CUST_1024,2023-04-10 15:00:00,Completed,E-Wallet (GoPay/OVO),4.17
ORD_26488,CUST_1900,2024-05-25 23:00:00,Shipped,Credit Card,0.0
ORD_26489,CUST_1453,2023-11-03 03:00:00,Completed,Virtual Account Bank Transfer,4.6
ORD_26490,CUST_1109,2023-12-03 17:00:00,Completed,Credit Card,0.0
ORD_26491,CUST_1852,2024-03-25 21:00:00,Shipped,Credit Card,2.58
ORD_26492,CUST_2170,2024-03-30 07:00:00,Shipped,E-Wallet (GoPay/OVO),0.0
ORD_26493,CUST_1690,2023-10-03 00:00:00,Returned,Virtual Account Bank Transfer,0.0
ORD_26494,CUST_1489,2024-01-14 05:00:00,Completed,Credit Card,0.0
ORD_26495,CUST_1868,2024-09-22 07:00:00,Completed,Credit Card,0.0
ORD_26496,CUST_1780,2023-08-16 12:00:00,Completed,Credit Card,8.88
ORD_26497,CUST_1299,2024-02-10 12:00:00,Completed,QRIS,0.0
ORD_26498,CUST_2082,2023-08-03 15:00:00,Shipped,QRIS,7.36
ORD_26499,CUST_1879,2024-08-18 12:00:00,Shipped,Virtual Account Bank Transfer,0.0
ORD_26500,CUST_2170,2024-05-24 16:00:00,Completed,Virtual Account Bank Transfer,0.0
ORD_26501,CUST_1886,2023-05-08 10:00:00,Delivered,E-Wallet (GoPay/OVO),3.52
ORD_26502,CUST_1332,2024-01-10 03:00:00,Cancelled,Virtual Account Bank Transfer,2.67
ORD_26503,CUST_1054,2023-11-28 04:00:00,Delivered,QRIS,3.66
ORD_26504,CUST_1324,2024-06-24 01:00:00,Completed,Credit Card,4.96
ORD_26505,CUST_1442,2024-08-08 03:00:00,Completed,QRIS,4.07
ORD_26506,CUST_1090,2024-06-09 18:00:00,Completed,Virtual Account Bank Transfer,8.57
ORD_26507,CUST_2015,2023-10-22 04:00:00,Shipped,BNPL,0.0
ORD_26508,CUST_1637,2023-10-23 21:00:00,Completed,E-Wallet (GoPay/OVO),7.08
ORD_26509,CUST_1855,2024-03-27 08:00:00,Completed,BNPL,4.06
ORD_26510,CUST_1242,2023-06-20 22:00:00,Completed,Credit Card,0.0
ORD_26511,CUST_1113,2023-03-12 09:00:00,Returned,Virtual Account Bank Transfer,0.0
ORD_26512,CUST_2010,2024-08-17 17:00:00,Completed,QRIS,6.89
ORD_26513,CUST_2082,2023-07-12 22:00:00,Shipped,Credit Card,0.0
ORD_26514,CUST_2046,2023-01-31 14:00:00,Completed,Virtual Account Bank Transfer,0.0
ORD_26515,CUST_1329,2023-04-27 04:00:00,Completed,Virtual Account Bank Transfer,3.69
ORD_26516,CUST_1982,2024-01-21 22:00:00,Completed,BNPL,7.26
ORD_26517,CUST_1017,2024-10-12 19:00:00,Cancelled,QRIS,0.0
ORD_26518,CUST_1359,2023-09-23 21:00:00,Completed,QRIS,0.0
ORD_26519,CUST_1353,2023-11-11 04:00:00,Completed,Virtual Account Bank Transfer,0.0
ORD_26520,CUST_1287,2024-04-02 14:00:00,Completed,BNPL,0.0
ORD_26521,CUST_2022,2023-10-12 07:00:00,Completed,E-Wallet (GoPay/OVO),3.54
ORD_26522,CUST_1005,2024-05-01 20:00:00,Cancelled,QRIS,6.18
ORD_26523,CUST_1601,2023-01-30 14:00:00,Completed,Credit Card,2.79
ORD_26524,CUST_2110,2023-10-05 20:00:00,Completed,E-Wallet (GoPay/OVO),0.0
ORD_26525,CUST_1386,2023-10-20 03:00:00,Completed,Virtual Account Bank Transfer,0.0
ORD_26526,CUST_1201,2023-03-02 00:00:00,Delivered,E-Wallet (GoPay/OVO),6.86
ORD_26527,CUST_2134,2023-09-19 09:00:00,Completed,Virtual Account Bank Transfer,6.84
ORD_26528,CUST_1395,2023-11-03 17:00:00,Shipped,QRIS,5.5
ORD_26529,CUST_1405,2024-02-27 10:00:00,Completed,BNPL,0.0
ORD_26530,CUST_1180,2024-06-11 01:00:00,Completed,Credit Card,2.74
ORD_26531,CUST_1457,2023-04-29 19:00:00,Completed,Virtual Account Bank Transfer,6.44
ORD_26532,CUST_1498,2023-04-20 22:00:00,Completed,E-Wallet (GoPay/OVO),0.0
ORD_26533,CUST_1373,2023-11-04 17:00:00,Completed,BNPL,6.29
ORD_26534,CUST_1685,2024-07-13 16:00:00,Completed,Virtual Account Bank Transfer,0.0
ORD_26535,CUST_2187,2023-04-06 03:00:00,Shipped,QRIS,2.89
ORD_26536,CUST_1716,2024-07-09 17:00:00,Completed,QRIS,0.0
ORD_26537,CUST_2057,2023-09-19 03:00:00,Completed,BNPL,6.47
ORD_26538,CUST_2002,2023-05-14 03:00:00,Delivered,Credit Card,8.91
ORD_26539,CUST_1349,2024-05-08 08:00:00,Completed,Credit Card,7.86
ORD_26540,CUST_1822,2023-10-08 21:00:00,Completed,Virtual Account Bank Transfer,0.0
ORD_26541,CUST_1739,2023-11-12 14:00:00,Shipped,BNPL,0.0
ORD_26542,CUST_2133,2023-05-05 19:00:00,Completed,E-Wallet (GoPay/OVO),0.0
ORD_26543,CUST_1398,2024-02-07 21:00:00,Completed,QRIS,0.0
ORD_26544,CUST_1007,2024-05-02 14:00:00,Completed,E-Wallet (GoPay/OVO),0.0
ORD_26545,CUST_1643,2024-04-23 15:00:00,Completed,QRIS,7.33
ORD_26546,CUST_1214,2024-03-12 23:00:00,Cancelled,E-Wallet (GoPay/OVO),7.77
ORD_26547,CUST_2072,2023-09-09 15:00:00,Completed,BNPL,7.89
ORD_26548,CUST_1124,2024-05-10 04:00:00,Delivered,QRIS,0.0
ORD_26549,CUST_2144,2024-10-09 20:00:00,Cancelled,Credit Card,5.92
ORD_26550,CUST_1043,2024-07-18 12:00:00,Cancelled,Credit Card,0.0
ORD_26551,CUST_1867,2024-03-22 13:00:00,Completed,Virtual Account Bank Transfer,6.31
ORD_26552,CUST_1405,2024-03-06 01:00:00,Shipped,E-Wallet (GoPay/OVO),0.0
ORD_26553,CUST_1855,2023-12-22 03:00:00,Delivered,QRIS,5.85
ORD_26554,CUST_1405,2025-06-24 08:00:00,Completed,Virtual Account Bank Transfer,7.3
ORD_26555,CUST_1716,2024-08-21 15:00:00,Completed,QRIS,8.97
ORD_26556,CUST_1989,2023-07-07 08:00:00,Delivered,Virtual Account Bank Transfer,7.66
ORD_26557,CUST_1518,2023-12-17 01:00:00,Completed,E-Wallet (GoPay/OVO),4.4
ORD_26558,CUST_2087,2023-09-04 06:00:00,Cancelled,Credit Card,3.16
ORD_26559,CUST_1805,2024-03-20 00:00:00,Completed,QRIS,2.55
ORD_26560,CUST_1074,2024-03-18 04:00:00,Completed,QRIS,5.05
ORD_26561,CUST_1092,2024-11-10 02:00:00,Completed,BNPL,0.0
ORD_26562,CUST_1372,2023-03-06 09:00:00,Completed,Virtual Account Bank Transfer,0.0
ORD_26563,CUST_1120,2024-02-05 15:00:00,Completed,E-Wallet (GoPay/OVO),8.63
ORD_26564,CUST_2009,2023-12-26 04:00:00,Completed,QRIS,8.3
ORD_26565,CUST_1169,2023-03-20 04:00:00,Completed,Credit Card,2.94
ORD_26566,CUST_1221,2023-08-08 10:00:00,Completed,BNPL,0.0
ORD_26567,CUST_1762,2023-08-04 01:00:00,Cancelled,E-Wallet (GoPay/OVO),7.21
ORD_26568,CUST_1454,2024-01-29 07:00:00,Completed,Credit Card,2.65
ORD_26569,CUST_1738,2024-05-02 02:00:00,Completed,QRIS,0.0
ORD_26570,CUST_1190,2024-05-12 13:00:00,Completed,E-Wallet (GoPay/OVO),0.0
ORD_26571,CUST_1224,2023-04-05 15:00:00,Completed,BNPL,0.0
ORD_26572,CUST_1333,2023-10-09 05:00:00,Completed,BNPL,3.01
ORD_26573,CUST_1188,2024-03-08 06:00:00,Completed,Credit Card,4.57
ORD_26574,CUST_1530,2023-10-23 20:00:00,Completed,QRIS,3.65
ORD_26575,CUST_2109,2023-10-10 17:00:00,Completed,QRIS,7.27
ORD_26576,CUST_1882,2023-12-11 09:00:00,Completed,Virtual Account Bank Transfer,0.0
ORD_26577,CUST_2192,2023-09-22 01:00:00,Cancelled,QRIS,7.97
ORD_26578,CUST_1112,2023-10-08 19:00:00,Completed,Credit Card,5.48
ORD_26579,CUST_1772,2024-06-05 02:00:00,Completed,Credit Card,0.0
ORD_26580,CUST_1179,2023-12-17 15:00:00,Shipped,QRIS,3.68
ORD_26581,CUST_1852,2024-03-01 16:00:00,Completed,Credit Card,0.0
ORD_26582,CUST_1091,2024-01-28 15:00:00,Shipped,E-Wallet (GoPay/OVO),7.63
ORD_26583,CUST_1829,2024-07-09 01:00:00,Completed,E-Wallet (GoPay/OVO),8.13
ORD_26584,CUST_1686,2024-01-10 03:00:00,Completed,Virtual Account Bank Transfer,5.37
ORD_26585,CUST_1382,2023-09-12 05:00:00,Completed,BNPL,3.47
ORD_26586,CUST_1595,2024-06-06 09:00:00,Completed,E-Wallet (GoPay/OVO),0.0
ORD_26587,CUST_1059,2024-01-04 12:00:00,Completed,QRIS,0.0
ORD_26588,CUST_1769,2023-12-11 07:00:00,Completed,BNPL,4.29
ORD_26589,CUST_1006,2024-07-03 09:00:00,Completed,Virtual Account Bank Transfer,0.0
ORD_26590,CUST_1727,2023-03-25 21:00:00,Completed,Credit Card,6.11
ORD_26591,CUST_1655,2024-04-04 11:00:00,Completed,BNPL,0.0
ORD_26592,CUST_1591,2024-03-27 08:00:00,Completed,Credit Card,0.0
ORD_26593,CUST_1007,2024-07-02 01:00:00,Completed,BNPL,9.0
ORD_26594,CUST_1642,2023-08-30 18:00:00,Completed,BNPL,6.24
ORD_26595,CUST_1001,2024-01-30 02:00:00,Returned,BNPL,5.47
ORD_26596,CUST_1794,2023-03-29 04:00:00,Completed,E-Wallet (GoPay/OVO),0.0
ORD_26597,CUST_1485,2023-11-28 16:00:00,Completed,Virtual Account Bank Transfer,6.2
ORD_26598,CUST_1972,2024-01-07 21:00:00,Completed,BNPL,0.0
ORD_26599,CUST_1175,2025-07-18 16:00:00,Completed,BNPL,4.51
ORD_26600,CUST_1669,2023-09-28 02:00:00,Completed,Virtual Account Bank Transfer,5.71
ORD_26601,CUST_1234,2024-05-27 23:00:00,Completed,Credit Card,3.47
ORD_26602,CUST_1110,2024-02-26 13:00:00,Completed,Credit Card,7.28
ORD_26603,CUST_1891,2023-05-25 10:00:00,Completed,E-Wallet (GoPay/OVO),2.73
ORD_26604,CUST_2170,2024-01-21 21:00:00,Completed,BNPL,3.55
ORD_26605,CUST_2043,2023-03-30 14:00:00,Delivered,Virtual Account Bank Transfer,2.65
ORD_26606,CUST_2099,2023-12-08 09:00:00,Completed,Virtual Account Bank Transfer,6.41
ORD_26607,CUST_1487,2023-10-12 23:00:00,Completed,Credit Card,0.0
ORD_26608,CUST_1334,2024-03-07 08:00:00,Completed,Virtual Account Bank Transfer,3.38
ORD_26609,CUST_1387,2023-09-02 07:00:00,Completed,BNPL,0.0
ORD_26610,CUST_1833,2024-02-27 08:00:00,Completed,Virtual Account Bank Transfer,5.95
ORD_26611,CUST_1989,2023-02-02 15:00:00,Completed,E-Wallet (GoPay/OVO),0.0
ORD_26612,CUST_1571,2024-03-07 16:00:00,Completed,Virtual Account Bank Transfer,8.46
ORD_26613,CUST_1436,2024-03-20 16:00:00,Completed,E-Wallet (GoPay/OVO),5.49
ORD_26614,CUST_1991,2023-08-03 23:00:00,Completed,E-Wallet (GoPay/OVO),8.36
ORD_26615,CUST_1687,2023-11-15 20:00:00,Delivered,QRIS,0.0
ORD_26616,CUST_1897,2024-02-18 04:00:00,Shipped,E-Wallet (GoPay/OVO),8.34
ORD_26617,CUST_1013,2024-08-08 05:00:00,Completed,BNPL,0.0
ORD_26618,CUST_1840,2023-10-16 08:00:00,Completed,E-Wallet (GoPay/OVO),4.76
ORD_26619,CUST_1760,2023-11-09 01:00:00,Shipped,BNPL,0.0
ORD_26620,CUST_1795,2023-05-11 18:00:00,Shipped,QRIS,4.3
ORD_26621,CUST_1445,2024-09-02 12:00:00,Completed,E-Wallet (GoPay/OVO),6.87
ORD_26622,CUST_1346,2024-03-24 00:00:00,Shipped,Virtual Account Bank Transfer,4.53
ORD_26623,CUST_1149,2023-10-26 05:00:00,Completed,Virtual Account Bank Transfer,5.52
ORD_26624,CUST_1065,2023-02-10 05:00:00,Completed,Credit Card,4.16
ORD_26625,CUST_1940,2023-09-22 16:00:00,Delivered,E-Wallet (GoPay/OVO),5.1
ORD_26626,CUST_1440,2023-05-30 19:00:00,Completed,E-Wallet (GoPay/OVO),5.72
ORD_26627,CUST_1665,2023-10-01 09:00:00,Completed,Credit Card,0.0
ORD_26628,CUST_1880,2023-06-22 08:00:00,Completed,QRIS,6.86
ORD_26629,CUST_1578,2025-02-06 23:00:00,Shipped,Credit Card,8.97
ORD_26630,CUST_1656,2023-06-17 12:00:00,Shipped,BNPL,8.12
ORD_26631,CUST_2119,2023-08-10 07:00:00,Delivered,BNPL,0.0
ORD_26632,CUST_1406,2023-09-17 05:00:00,Completed,Virtual Account Bank Transfer,4.78
ORD_26633,CUST_1209,2023-07-04 19:00:00,Shipped,E-Wallet (GoPay/OVO),0.0
ORD_26634,CUST_1396,2023-06-18 22:00:00,Completed,Virtual Account Bank Transfer,2.61
ORD_26635,CUST_1514,2024-02-21 01:00:00,Completed,QRIS,8.12
ORD_26636,CUST_1473,2024-09-23 15:00:00,Shipped,Virtual Account Bank Transfer,8.54
ORD_26637,CUST_1381,2023-11-25 04:00:00,Completed,E-Wallet (GoPay/OVO),8.9
ORD_26638,CUST_1470,2023-08-18 08:00:00,Delivered,E-Wallet (GoPay/OVO),0.0
ORD_26639,CUST_2055,2023-05-14 08:00:00,Completed,Credit Card,7.54
ORD_26640,CUST_1848,2023-12-18 09:00:00,Shipped,BNPL,2.82
ORD_26641,CUST_1220,2023-02-23 16:00:00,Completed,QRIS,4.4
ORD_26642,CUST_1182,2024-05-31 13:00:00,Shipped,Virtual Account Bank Transfer,7.58
ORD_26643,CUST_1003,2023-09-14 18:00:00,Completed,BNPL,2.64
ORD_26644,CUST_2150,2023-03-09 14:00:00,Completed,Credit Card,7.23
ORD_26645,CUST_1171,2023-01-20 17:00:00,Delivered,E-Wallet (GoPay/OVO),5.87
ORD_26646,CUST_1335,2024-04-24 15:00:00,Completed,Virtual Account Bank Transfer,6.94
ORD_26647,CUST_1680,2023-06-09 03:00:00,Completed,E-Wallet (GoPay/OVO),0.0
ORD_26648,CUST_1973,2023-05-15 08:00:00,Completed,BNPL,2.71
ORD_26649,CUST_1996,2023-02-09 06:00:00,Completed,Virtual Account Bank Transfer,8.93
ORD_26650,CUST_2066,2023-09-18 12:00:00,Shipped,E-Wallet (GoPay/OVO),7.36
ORD_26651,CUST_1368,2023-12-14 04:00:00,Shipped,Virtual Account Bank Transfer,0.0
ORD_26652,CUST_1823,2024-10-14 21:00:00,Completed,Credit Card,0.0
ORD_26653,CUST_1605,2024-03-04 12:00:00,Shipped,BNPL,6.01
ORD_26654,CUST_2080,2023-10-11 15:00:00,Completed,BNPL,4.78
ORD_26655,CUST_1403,2023-12-17 01:00:00,Shipped,E-Wallet (GoPay/OVO),0.0
ORD_26656,CUST_1216,2023-08-05 18:00:00,Completed,E-Wallet (GoPay/OVO),0.0
ORD_26657,CUST_1675,2023-12-09 03:00:00,Completed,Virtual Account Bank Transfer,5.65
ORD_26658,CUST_1913,2023-02-05 08:00:00,Completed,QRIS,8.77
ORD_26659,CUST_1406,2023-09-19 14:00:00,Shipped,Virtual Account Bank Transfer,5.13
ORD_26660,CUST_1691,2023-10-29 12:00:00,Completed,Credit Card,0.0
ORD_26661,CUST_1857,2023-03-04 05:00:00,Completed,QRIS,2.77
ORD_26662,CUST_1386,2024-03-30 20:00:00,Completed,BNPL,0.0
ORD_26663,CUST_2154,2024-06-14 21:00:00,Completed,BNPL,5.17
ORD_26664,CUST_2071,2023-06-25 16:00:00,Completed,Virtual Account Bank Transfer,3.7
ORD_26665,CUST_1219,2023-10-19 12:00:00,Completed,QRIS,0.0
ORD_26666,CUST_1281,2023-09-19 16:00:00,Cancelled,BNPL,3.49
ORD_26667,CUST_1078,2024-02-14 21:00:00,Completed,Virtual Account Bank Transfer,0.0
ORD_26668,CUST_1150,2023-02-14 07:00:00,Completed,Virtual Account Bank Transfer,8.64
ORD_26669,CUST_1954,2023-10-04 06:00:00,Completed,QRIS,0.0
ORD_26670,CUST_1617,2023-10-01 05:00:00,Completed,BNPL,4.56
ORD_26671,CUST_2147,2023-09-24 03:00:00,Completed,Credit Card,0.0
ORD_26672,CUST_1207,2024-02-07 04:00:00,Completed,E-Wallet (GoPay/OVO),0.0
ORD_26673,CUST_2164,2024-06-26 02:00:00,Completed,Credit Card,0.0
ORD_26674,CUST_1633,2023-10-10 19:00:00,Completed,Credit Card,0.0
ORD_26675,CUST_1027,2023-09-29 22:00:00,Returned,QRIS,0.0
ORD_26676,CUST_1317,2023-09-24 13:00:00,Completed,Credit Card,6.0
ORD_26677,CUST_2192,2023-12-09 23:00:00,Delivered,Credit Card,0.0
ORD_26678,CUST_1052,2023-06-14 04:00:00,Completed,Credit Card,6.66
ORD_26679,CUST_1405,2024-02-16 23:00:00,Shipped,Virtual Account Bank Transfer,0.0
ORD_26680,CUST_1865,2023-10-23 21:00:00,Completed,BNPL,0.0
ORD_26681,CUST_1296,2023-10-09 03:00:00,Shipped,BNPL,0.0
ORD_26682,CUST_1901,2023-12-20 22:00:00,Completed,BNPL,8.39
ORD_26683,CUST_1665,2023-10-01 18:00:00,Completed,E-Wallet (GoPay/OVO),6.01
ORD_26684,CUST_2075,2023-11-20 10:00:00,Completed,E-Wallet (GoPay/OVO),0.0
ORD_26685,CUST_1881,2024-01-28 19:00:00,Completed,BNPL,0.0
ORD_26686,CUST_1774,2024-01-23 02:00:00,Completed,QRIS,0.0
ORD_26687,CUST_1390,2023-08-01 06:00:00,Completed,BNPL,4.9
ORD_26688,CUST_1597,2024-05-26 16:00:00,Delivered,E-Wallet (GoPay/OVO),0.0
ORD_26689,CUST_1594,2023-08-03 11:00:00,Completed,Virtual Account Bank Transfer,7.72
ORD_26690,CUST_1342,2024-04-14 05:00:00,Shipped,BNPL,8.34
ORD_26691,CUST_1357,2024-05-30 12:00:00,Completed,BNPL,5.48
ORD_26692,CUST_1151,2024-08-02 11:00:00,Delivered,QRIS,6.15
ORD_26693,CUST_1208,2024-03-22 19:00:00,Completed,QRIS,0.0
ORD_26694,CUST_1678,2024-02-18 01:00:00,Completed,E-Wallet (GoPay/OVO),2.51
ORD_26695,CUST_1361,2024-04-15 04:00:00,Delivered,BNPL,0.0
ORD_26696,CUST_1078,2023-08-30 01:00:00,Completed,QRIS,0.0
ORD_26697,CUST_1714,2023-03-28 00:00:00,Completed,BNPL,0.0
ORD_26698,CUST_1824,2023-02-28 20:00:00,Completed,Virtual Account Bank Transfer,6.27
ORD_26699,CUST_1159,2024-04-12 03:00:00,Completed,E-Wallet (GoPay/OVO),0.0
ORD_26700,CUST_2110,2024-06-20 00:00:00,Completed,Credit Card,0.0
ORD_26701,CUST_2027,2023-12-03 18:00:00,Completed,E-Wallet (GoPay/OVO),3.76
ORD_26702,CUST_1522,2023-07-24 17:00:00,Delivered,QRIS,0.0
ORD_26703,CUST_1686,2023-11-18 07:00:00,Completed,QRIS,5.97
ORD_26704,CUST_2053,2024-04-04 19:00:00,Shipped,QRIS,8.76
ORD_26705,CUST_1634,2023-06-06 03:00:00,Completed,BNPL,0.0
ORD_26706,CUST_2015,2024-03-04 18:00:00,Completed,QRIS,0.0
ORD_26707,CUST_1005,2024-08-13 01:00:00,Completed,Credit Card,5.75
ORD_26708,CUST_2158,2023-08-05 22:00:00,Completed,E-Wallet (GoPay/OVO),2.62
ORD_26709,CUST_1613,2024-05-16 04:00:00,Cancelled,QRIS,0.0
ORD_26710,CUST_2157,2023-05-11 16:00:00,Completed,QRIS,8.71
ORD_26711,CUST_1426,2024-05-03 00:00:00,Shipped,Virtual Account Bank Transfer,3.61
ORD_26712,CUST_1374,2023-03-04 00:00:00,Completed,Virtual Account Bank Transfer,8.35
ORD_26713,CUST_1544,2024-01-21 16:00:00,Completed,E-Wallet (GoPay/OVO),8.95
ORD_26714,CUST_1448,2023-03-30 19:00:00,Shipped,QRIS,4.38
ORD_26715,CUST_1726,2024-03-14 03:00:00,Shipped,BNPL,7.43
ORD_26716,CUST_2015,2023-08-03 17:00:00,Completed,E-Wallet (GoPay/OVO),3.52
ORD_26717,CUST_1045,2023-04-17 11:00:00,Completed,Virtual Account Bank Transfer,0.0
ORD_26718,CUST_1147,2023-08-13 00:00:00,Completed,QRIS,8.41
ORD_26719,CUST_2016,2025-04-15 21:00:00,Completed,Credit Card,7.4
ORD_26720,CUST_1044,2024-03-02 10:00:00,Cancelled,Credit Card,5.57
ORD_26721,CUST_1474,2023-05-25 20:00:00,Completed,Credit Card,7.93
ORD_26722,CUST_2091,2023-02-19 16:00:00,Completed,E-Wallet (GoPay/OVO),7.63
ORD_26723,CUST_1021,2023-04-09 20:00:00,Completed,QRIS,8.36
ORD_26724,CUST_1692,2024-02-20 23:00:00,Completed,BNPL,3.39
ORD_26725,CUST_1296,2024-12-11 03:00:00,Completed,Credit Card,8.95
ORD_26726,CUST_1548,2023-05-12 03:00:00,Completed,Credit Card,6.66
ORD_26727,CUST_1511,2023-02-10 19:00:00,Completed,Credit Card,0.0
ORD_26728,CUST_2035,2023-09-16 09:00:00,Completed,Credit Card,5.68
ORD_26729,CUST_1296,2023-10-24 03:00:00,Delivered,Virtual Account Bank Transfer,5.35
ORD_26730,CUST_1037,2024-05-15 03:00:00,Completed,Credit Card,8.06
ORD_26731,CUST_1191,2024-04-29 23:00:00,Completed,E-Wallet (GoPay/OVO),8.52
ORD_26732,CUST_1292,2024-01-15 21:00:00,Completed,Virtual Account Bank Transfer,6.56
ORD_26733,CUST_2030,2023-11-24 00:00:00,Shipped,Virtual Account Bank Transfer,3.84
ORD_26734,CUST_1102,2024-03-20 04:00:00,Completed,Credit Card,6.15
ORD_26735,CUST_1388,2023-10-30 01:00:00,Completed,QRIS,0.0
ORD_26736,CUST_2043,2023-08-19 14:00:00,Completed,Credit Card,0.0
ORD_26737,CUST_1368,2023-08-30 02:00:00,Completed,Credit Card,3.03
ORD_26738,CUST_1873,2023-10-29 23:00:00,Completed,BNPL,4.1
ORD_26739,CUST_1748,2024-08-13 19:00:00,Delivered,Credit Card,0.0
ORD_26740,CUST_1311,2024-05-05 17:00:00,Completed,QRIS,0.0
ORD_26741,CUST_2168,2025-03-17 22:00:00,Completed,BNPL,5.19
ORD_26742,CUST_1082,2023-11-18 11:00:00,Delivered,QRIS,8.55
ORD_26743,CUST_1019,2024-05-11 19:00:00,Completed,QRIS,0.0
ORD_26744,CUST_1016,2023-10-14 10:00:00,Delivered,BNPL,8.56
ORD_26745,CUST_1376,2025-03-18 23:00:00,Cancelled,BNPL,7.76
ORD_26746,CUST_1376,2024-06-11 08:00:00,Completed,Credit Card,5.72
ORD_26747,CUST_1499,2023-10-11 10:00:00,Completed,E-Wallet (GoPay/OVO),0.0
ORD_26748,CUST_1046,2023-07-03 21:00:00,Delivered,E-Wallet (GoPay/OVO),0.0
ORD_26749,CUST_1249,2024-03-07 09:00:00,Delivered,Credit Card,4.48
ORD_26750,CUST_1153,2023-11-11 15:00:00,Completed,Virtual Account Bank Transfer,0.0
ORD_26751,CUST_1431,2024-03-24 11:00:00,Shipped,QRIS,3.36
ORD_26752,CUST_2049,2023-10-27 18:00:00,Completed,QRIS,0.0
ORD_26753,CUST_1991,2023-11-15 13:00:00,Completed,QRIS,0.0
ORD_26754,CUST_1429,2023-08-03 12:00:00,Completed,Credit Card,7.91
ORD_26755,CUST_1407,2023-06-19 21:00:00,Completed,Virtual Account Bank Transfer,0.0
ORD_26756,CUST_1451,2023-11-11 23:00:00,Completed,E-Wallet (GoPay/OVO),0.0
ORD_26757,CUST_1061,2023-07-13 13:00:00,Completed,Virtual Account Bank Transfer,0.0
ORD_26758,CUST_1659,2023-08-31 08:00:00,Completed,Virtual Account Bank Transfer,7.05
ORD_26759,CUST_2065,2023-08-04 10:00:00,Returned,E-Wallet (GoPay/OVO),6.42
ORD_26760,CUST_1247,2024-05-10 04:00:00,Shipped,BNPL,4.57
ORD_26761,CUST_2154,2024-06-27 11:00:00,Completed,Credit Card,2.51
ORD_26762,CUST_1892,2024-01-02 11:00:00,Shipped,E-Wallet (GoPay/OVO),7.03
ORD_26763,CUST_1241,2024-02-18 03:00:00,Completed,Credit Card,0.0
ORD_26764,CUST_1550,2024-03-24 15:00:00,Shipped,Credit Card,3.29
ORD_26765,CUST_1979,2023-08-07 16:00:00,Completed,Credit Card,0.0
ORD_26766,CUST_1570,2023-08-12 18:00:00,Completed,BNPL,5.13
ORD_26767,CUST_2102,2024-06-12 07:00:00,Completed,Credit Card,0.0
ORD_26768,CUST_2062,2024-10-01 10:00:00,Completed,E-Wallet (GoPay/OVO),0.0
ORD_26769,CUST_1798,2024-05-15 11:00:00,Completed,Virtual Account Bank Transfer,7.41
ORD_26770,CUST_2176,2023-08-20 03:00:00,Delivered,BNPL,3.11
ORD_26771,CUST_1633,2023-09-02 03:00:00,Returned,QRIS,6.15
ORD_26772,CUST_1660,2023-06-06 22:00:00,Completed,Virtual Account Bank Transfer,6.5
ORD_26773,CUST_1092,2024-06-29 17:00:00,Completed,Virtual Account Bank Transfer,0.0
ORD_26774,CUST_1036,2024-03-14 21:00:00,Completed,Credit Card,0.0
ORD_26775,CUST_1081,2023-04-16 03:00:00,Completed,BNPL,0.0
ORD_26776,CUST_1184,2023-09-20 07:00:00,Delivered,E-Wallet (GoPay/OVO),5.95
ORD_26777,CUST_1574,2024-05-22 03:00:00,Completed,BNPL,0.0
ORD_26778,CUST_2125,2023-02-26 20:00:00,Completed,QRIS,6.65
ORD_26779,CUST_1776,2024-05-14 13:00:00,Completed,Credit Card,5.15
ORD_26780,CUST_1492,2023-05-08 15:00:00,Delivered,BNPL,8.7
ORD_26781,CUST_2031,2024-05-20 10:00:00,Completed,Credit Card,0.0
ORD_26782,CUST_1493,2023-12-29 14:00:00,Cancelled,Credit Card,8.23
ORD_26783,CUST_1245,2024-05-28 08:00:00,Completed,E-Wallet (GoPay/OVO),6.48
ORD_26784,CUST_1686,2024-03-02 06:00:00,Shipped,QRIS,0.0
ORD_26785,CUST_1304,2024-03-26 05:00:00,Completed,Virtual Account Bank Transfer,4.01
ORD_26786,CUST_1895,2023-11-24 18:00:00,Shipped,Credit Card,2.57
ORD_26787,CUST_1765,2024-02-24 20:00:00,Completed,Credit Card,0.0
ORD_26788,CUST_1711,2023-07-18 22:00:00,Completed,Credit Card,0.0
ORD_26789,CUST_1369,2023-09-27 12:00:00,Completed,E-Wallet (GoPay/OVO),3.35
ORD_26790,CUST_1990,2023-12-28 06:00:00,Completed,Credit Card,0.0
ORD_26791,CUST_1942,2023-04-01 16:00:00,Completed,Virtual Account Bank Transfer,6.8
ORD_26792,CUST_1798,2024-05-01 09:00:00,Completed,QRIS,0.0
ORD_26793,CUST_1522,2023-08-23 21:00:00,Returned,Virtual Account Bank Transfer,7.84
ORD_26794,CUST_1870,2023-05-14 08:00:00,Completed,QRIS,3.21
ORD_26795,CUST_1932,2023-05-29 08:00:00,Delivered,QRIS,0.0
ORD_26796,CUST_2020,2024-05-08 22:00:00,Completed,E-Wallet (GoPay/OVO),7.28
ORD_26797,CUST_1636,2023-05-16 22:00:00,Completed,Credit Card,6.0
ORD_26798,CUST_1564,2024-06-26 15:00:00,Completed,BNPL,4.14
ORD_26799,CUST_1956,2023-05-26 21:00:00,Completed,QRIS,4.28
ORD_26800,CUST_1296,2023-10-16 03:00:00,Completed,BNPL,7.54
ORD_26801,CUST_1376,2024-04-09 23:00:00,Completed,Credit Card,0.0
ORD_26802,CUST_1020,2023-02-23 08:00:00,Completed,E-Wallet (GoPay/OVO),2.84
ORD_26803,CUST_1933,2023-07-22 06:00:00,Shipped,Credit Card,5.23
ORD_26804,CUST_1693,2023-04-16 16:00:00,Shipped,Credit Card,0.0
ORD_26805,CUST_2046,2023-02-14 21:00:00,Completed,Virtual Account Bank Transfer,7.57
ORD_26806,CUST_1538,2023-04-05 20:00:00,Completed,BNPL,0.0
ORD_26807,CUST_1499,2023-06-26 08:00:00,Completed,E-Wallet (GoPay/OVO),6.75
ORD_26808,CUST_1769,2023-12-01 21:00:00,Completed,Credit Card,2.65
ORD_26809,CUST_1086,2024-06-22 05:00:00,Delivered,Credit Card,7.48
ORD_26810,CUST_1564,2024-02-22 13:00:00,Delivered,BNPL,5.62
ORD_26811,CUST_1200,2023-09-01 00:00:00,Completed,Credit Card,5.69
ORD_26812,CUST_1044,2023-12-04 17:00:00,Completed,E-Wallet (GoPay/OVO),0.0
ORD_26813,CUST_1409,2023-05-05 00:00:00,Completed,QRIS,6.38
ORD_26814,CUST_1848,2023-12-09 17:00:00,Completed,Credit Card,4.42
ORD_26815,CUST_1265,2024-06-05 12:00:00,Completed,E-Wallet (GoPay/OVO),4.85
ORD_26816,CUST_2096,2024-02-19 12:00:00,Completed,E-Wallet (GoPay/OVO),8.73
ORD_26817,CUST_2133,2023-11-22 01:00:00,Completed,Credit Card,3.86
ORD_26818,CUST_1555,2023-11-01 09:00:00,Completed,QRIS,4.35
ORD_26819,CUST_1973,2023-06-08 19:00:00,Completed,QRIS,2.78
ORD_26820,CUST_1916,2023-11-05 17:00:00,Shipped,E-Wallet (GoPay/OVO),7.04
ORD_26821,CUST_1977,2024-07-10 00:00:00,Completed,BNPL,7.15
ORD_26822,CUST_1846,2024-03-20 19:00:00,Completed,Virtual Account Bank Transfer,0.0
ORD_26823,CUST_1924,2023-12-16 10:00:00,Completed,QRIS,8.59
ORD_26824,CUST_1916,2023-10-02 15:00:00,Completed,QRIS,8.31
ORD_26825,CUST_1001,2024-04-26 22:00:00,Completed,QRIS,0.0
ORD_26826,CUST_1235,2024-04-04 13:00:00,Completed,BNPL,0.0
ORD_26827,CUST_2020,2024-04-22 12:00:00,Completed,QRIS,4.67
ORD_26828,CUST_1797,2024-05-04 06:00:00,Completed,E-Wallet (GoPay/OVO),0.0
ORD_26829,CUST_1982,2024-10-06 10:00:00,Completed,QRIS,0.0
ORD_26830,CUST_1828,2023-12-30 05:00:00,Completed,BNPL,0.0
ORD_26831,CUST_1442,2024-05-10 05:00:00,Shipped,BNPL,0.0
ORD_26832,CUST_1277,2024-06-30 22:00:00,Completed,QRIS,0.0
ORD_26833,CUST_1086,2024-05-26 12:00:00,Completed,QRIS,5.17
ORD_26834,CUST_1618,2023-07-24 20:00:00,Completed,BNPL,5.04
ORD_26835,CUST_1145,2024-01-23 20:00:00,Completed,QRIS,0.0
ORD_26836,CUST_1361,2024-04-12 21:00:00,Completed,BNPL,5.11
ORD_26837,CUST_1899,2024-02-25 04:00:00,Completed,QRIS,4.84
ORD_26838,CUST_2164,2024-07-22 22:00:00,Cancelled,Virtual Account Bank Transfer,4.06
ORD_26839,CUST_1056,2023-10-24 23:00:00,Completed,Credit Card,7.25
ORD_26840,CUST_1006,2025-04-19 12:00:00,Completed,E-Wallet (GoPay/OVO),3.66
ORD_26841,CUST_1715,2024-04-26 00:00:00,Completed,QRIS,6.75
ORD_26842,CUST_1773,2024-01-28 12:00:00,Delivered,Virtual Account Bank Transfer,0.0
ORD_26843,CUST_2060,2023-05-14 08:00:00,Cancelled,QRIS,7.47
ORD_26844,CUST_1938,2024-07-20 03:00:00,Completed,Virtual Account Bank Transfer,2.71
ORD_26845,CUST_1111,2023-07-15 02:00:00,Completed,E-Wallet (GoPay/OVO),0.0
ORD_26846,CUST_1560,2023-05-08 14:00:00,Cancelled,BNPL,6.97
ORD_26847,CUST_2152,2024-01-06 02:00:00,Completed,Virtual Account Bank Transfer,0.0
ORD_26848,CUST_1904,2024-06-05 14:00:00,Delivered,E-Wallet (GoPay/OVO),5.21
ORD_26849,CUST_1802,2023-03-29 17:00:00,Completed,Virtual Account Bank Transfer,5.29
ORD_26850,CUST_1645,2023-05-31 08:00:00,Completed,Credit Card,0.0
ORD_26851,CUST_2059,2023-12-06 08:00:00,Completed,Virtual Account Bank Transfer,0.0
ORD_26852,CUST_1622,2023-11-23 19:00:00,Completed,Credit Card,0.0
ORD_26853,CUST_1698,2024-07-26 23:00:00,Completed,Credit Card,0.0
ORD_26854,CUST_2003,2023-08-11 06:00:00,Completed,Credit Card,0.0
ORD_26855,CUST_1028,2023-11-05 09:00:00,Completed,Credit Card,4.1
ORD_26856,CUST_1624,2023-06-17 01:00:00,Completed,E-Wallet (GoPay/OVO),0.0
ORD_26857,CUST_2165,2023-04-28 03:00:00,Completed,BNPL,3.99
ORD_26858,CUST_2093,2024-03-20 01:00:00,Completed,Virtual Account Bank Transfer,0.0
ORD_26859,CUST_1678,2024-07-24 18:00:00,Completed,BNPL,0.0
ORD_26860,CUST_1947,2023-12-04 12:00:00,Delivered,Credit Card,0.0
ORD_26861,CUST_1744,2023-04-07 08:00:00,Completed,Credit Card,7.34
ORD_26862,CUST_1617,2023-07-16 05:00:00,Delivered,QRIS,7.29
ORD_26863,CUST_2035,2023-11-12 13:00:00,Shipped,Virtual Account Bank Transfer,0.0
ORD_26864,CUST_1153,2023-07-31 20:00:00,Completed,BNPL,4.18
ORD_26865,CUST_1321,2025-07-12 02:00:00,Shipped,Virtual Account Bank Transfer,0.0
ORD_26866,CUST_1672,2024-03-13 10:00:00,Completed,QRIS,4.63
ORD_26867,CUST_1169,2023-03-25 19:00:00,Delivered,BNPL,0.0
ORD_26868,CUST_1270,2023-10-22 14:00:00,Shipped,Virtual Account Bank Transfer,5.82
ORD_26869,CUST_1423,2024-05-30 08:00:00,Completed,Credit Card,4.22
ORD_26870,CUST_1598,2023-10-26 03:00:00,Shipped,E-Wallet (GoPay/OVO),8.8
ORD_26871,CUST_1416,2024-03-07 12:00:00,Completed,E-Wallet (GoPay/OVO),0.0
ORD_26872,CUST_2156,2024-08-20 16:00:00,Completed,E-Wallet (GoPay/OVO),0.0
ORD_26873,CUST_1006,2025-02-22 16:00:00,Returned,Credit Card,0.0
ORD_26874,CUST_2079,2023-03-13 21:00:00,Cancelled,Virtual Account Bank Transfer,0.0
ORD_26875,CUST_1685,2024-06-28 08:00:00,Cancelled,E-Wallet (GoPay/OVO),8.63
ORD_26876,CUST_2055,2023-05-20 08:00:00,Completed,Virtual Account Bank Transfer,3.48
ORD_26877,CUST_1356,2023-10-04 04:00:00,Completed,E-Wallet (GoPay/OVO),4.33
ORD_26878,CUST_2066,2023-09-08 03:00:00,Completed,Virtual Account Bank Transfer,8.67
ORD_26879,CUST_1522,2023-07-24 22:00:00,Returned,Credit Card,6.15
ORD_26880,CUST_1222,2023-08-13 23:00:00,Shipped,Virtual Account Bank Transfer,0.0
ORD_26881,CUST_1602,2023-10-29 06:00:00,Completed,QRIS,0.0
ORD_26882,CUST_1744,2023-04-17 13:00:00,Delivered,QRIS,0.0
ORD_26883,CUST_1312,2024-06-12 13:00:00,Completed,BNPL,0.0
ORD_26884,CUST_2199,2024-05-05 14:00:00,Completed,QRIS,0.0
ORD_26885,CUST_1057,2023-01-23 23:00:00,Completed,Credit Card,5.53
ORD_26886,CUST_1674,2023-05-31 04:00:00,Completed,BNPL,7.2
ORD_26887,CUST_1718,2024-03-01 17:00:00,Completed,BNPL,0.0
ORD_26888,CUST_1892,2024-03-23 21:00:00,Completed,QRIS,3.24
ORD_26889,CUST_2079,2023-03-28 21:00:00,Completed,Credit Card,0.0
ORD_26890,CUST_1648,2023-11-03 03:00:00,Cancelled,Virtual Account Bank Transfer,8.27
ORD_26891,CUST_1751,2025-08-11 14:00:00,Completed,QRIS,0.0
ORD_26892,CUST_2001,2024-03-03 07:00:00,Completed,E-Wallet (GoPay/OVO),0.0
ORD_26893,CUST_1763,2024-03-09 01:00:00,Completed,BNPL,3.83
ORD_26894,CUST_1356,2023-11-23 04:00:00,Completed,QRIS,6.58
ORD_26895,CUST_1429,2023-08-18 03:00:00,Cancelled,Virtual Account Bank Transfer,7.16
ORD_26896,CUST_1444,2024-05-01 22:00:00,Completed,QRIS,4.8
ORD_26897,CUST_1820,2023-11-02 05:00:00,Completed,QRIS,0.0
ORD_26898,CUST_1579,2024-01-21 18:00:00,Completed,QRIS,4.98
ORD_26899,CUST_1007,2024-04-04 23:00:00,Completed,Virtual Account Bank Transfer,5.53
ORD_26900,CUST_1295,2023-09-22 23:00:00,Completed,QRIS,0.0
ORD_26901,CUST_1874,2024-01-11 21:00:00,Cancelled,Credit Card,6.86
ORD_26902,CUST_1423,2024-02-21 04:00:00,Completed,Credit Card,4.61
ORD_26903,CUST_1558,2024-01-10 00:00:00,Completed,QRIS,0.0
ORD_26904,CUST_1218,2023-03-22 07:00:00,Cancelled,E-Wallet (GoPay/OVO),7.29
ORD_26905,CUST_1139,2024-04-22 05:00:00,Completed,Credit Card,3.82
ORD_26906,CUST_1934,2024-03-17 02:00:00,Shipped,BNPL,4.31
ORD_26907,CUST_1578,2023-09-28 12:00:00,Completed,QRIS,4.89
ORD_26908,CUST_1586,2023-09-12 01:00:00,Shipped,QRIS,0.0
ORD_26909,CUST_1378,2023-09-05 02:00:00,Shipped,Virtual Account Bank Transfer,4.92
ORD_26910,CUST_1502,2023-10-23 03:00:00,Completed,Virtual Account Bank Transfer,4.48
ORD_26911,CUST_1451,2023-06-17 19:00:00,Completed,Virtual Account Bank Transfer,6.56
ORD_26912,CUST_1246,2023-12-20 21:00:00,Completed,Virtual Account Bank Transfer,6.66
ORD_26913,CUST_1848,2023-12-30 17:00:00,Completed,E-Wallet (GoPay/OVO),0.0
ORD_26914,CUST_1569,2024-09-25 22:00:00,Completed,QRIS,0.0
ORD_26915,CUST_2190,2023-09-27 16:00:00,Completed,BNPL,5.76
ORD_26916,CUST_2158,2023-08-26 07:00:00,Completed,Virtual Account Bank Transfer,4.88
ORD_26917,CUST_1830,2023-08-13 01:00:00,Completed,E-Wallet (GoPay/OVO),3.0
ORD_26918,CUST_1277,2023-12-12 08:00:00,Completed,BNPL,6.29
ORD_26919,CUST_1360,2023-10-10 10:00:00,Completed,BNPL,0.0
ORD_26920,CUST_1206,2024-05-20 07:00:00,Completed,E-Wallet (GoPay/OVO),2.81
ORD_26921,CUST_1392,2023-09-18 03:00:00,Cancelled,E-Wallet (GoPay/OVO),0.0
ORD_26922,CUST_1314,2024-04-01 15:00:00,Completed,QRIS,0.0
ORD_26923,CUST_1695,2023-03-22 12:00:00,Completed,Credit Card,3.59
ORD_26924,CUST_1972,2023-12-14 21:00:00,Completed,E-Wallet (GoPay/OVO),0.0
ORD_26925,CUST_2155,2023-12-25 20:00:00,Shipped,Credit Card,7.64
ORD_26926,CUST_1883,2023-05-14 06:00:00,Completed,E-Wallet (GoPay/OVO),0.0
ORD_26927,CUST_1885,2024-01-10 18:00:00,Completed,BNPL,6.99
ORD_26928,CUST_1968,2024-03-10 05:00:00,Shipped,E-Wallet (GoPay/OVO),0.0
ORD_26929,CUST_2096,2024-01-20 02:00:00,Completed,QRIS,5.73
ORD_26930,CUST_1501,2024-02-04 19:00:00,Cancelled,Credit Card,5.84
ORD_26931,CUST_1817,2024-05-14 01:00:00,Completed,QRIS,2.82
ORD_26932,CUST_2036,2023-09-04 05:00:00,Completed,BNPL,5.37
ORD_26933,CUST_1120,2023-04-13 19:00:00,Completed,Virtual Account Bank Transfer,0.0
ORD_26934,CUST_1452,2024-01-19 15:00:00,Completed,BNPL,0.0
ORD_26935,CUST_1372,2023-03-04 18:00:00,Cancelled,Virtual Account Bank Transfer,0.0
ORD_26936,CUST_1581,2023-12-07 18:00:00,Shipped,QRIS,3.42
ORD_26937,CUST_1588,2023-04-21 05:00:00,Completed,Virtual Account Bank Transfer,4.94
ORD_26938,CUST_1055,2024-05-12 16:00:00,Cancelled,BNPL,0.0
ORD_26939,CUST_1562,2023-11-09 11:00:00,Completed,Virtual Account Bank Transfer,0.0
ORD_26940,CUST_1426,2024-06-02 13:00:00,Completed,E-Wallet (GoPay/OVO),8.29
ORD_26941,CUST_1567,2023-07-15 03:00:00,Completed,E-Wallet (GoPay/OVO),0.0
ORD_26942,CUST_1725,2024-08-02 11:00:00,Completed,E-Wallet (GoPay/OVO),8.43
ORD_26943,CUST_1624,2023-07-17 02:00:00,Completed,Credit Card,0.0
ORD_26944,CUST_1870,2023-03-12 23:00:00,Completed,Credit Card,0.0
ORD_26945,CUST_1043,2024-08-25 13:00:00,Shipped,Credit Card,6.22
ORD_26946,CUST_2107,2023-11-12 00:00:00,Completed,Credit Card,7.14
ORD_26947,CUST_1320,2024-03-28 10:00:00,Completed,QRIS,0.0
ORD_26948,CUST_1366,2023-05-26 00:00:00,Returned,Credit Card,7.44
ORD_26949,CUST_1892,2024-01-31 00:00:00,Shipped,QRIS,0.0
ORD_26950,CUST_1222,2023-08-12 23:00:00,Completed,Virtual Account Bank Transfer,4.84
ORD_26951,CUST_1727,2023-04-27 07:00:00,Delivered,BNPL,0.0
ORD_26952,CUST_1610,2024-03-02 17:00:00,Completed,Virtual Account Bank Transfer,7.22
ORD_26953,CUST_1038,2024-04-06 11:00:00,Completed,E-Wallet (GoPay/OVO),5.05
ORD_26954,CUST_1215,2023-09-05 04:00:00,Completed,BNPL,0.0
ORD_26955,CUST_1152,2023-05-11 10:00:00,Completed,Virtual Account Bank Transfer,3.94
ORD_26956,CUST_1754,2023-03-28 04:00:00,Completed,Virtual Account Bank Transfer,0.0
ORD_26957,CUST_1918,2023-05-23 04:00:00,Completed,BNPL,5.99
ORD_26958,CUST_1424,2024-05-22 18:00:00,Delivered,QRIS,8.2
ORD_26959,CUST_2140,2024-03-24 03:00:00,Completed,Credit Card,0.0
ORD_26960,CUST_1286,2023-12-21 07:00:00,Completed,Virtual Account Bank Transfer,0.0
ORD_26961,CUST_2060,2023-06-05 14:00:00,Completed,QRIS,0.0
ORD_26962,CUST_1482,2023-09-03 19:00:00,Returned,E-Wallet (GoPay/OVO),0.0
ORD_26963,CUST_1367,2024-04-06 03:00:00,Cancelled,BNPL,0.0
ORD_26964,CUST_1612,2023-11-17 17:00:00,Delivered,Credit Card,0.0
ORD_26965,CUST_1161,2023-11-22 04:00:00,Completed,Virtual Account Bank Transfer,0.0
ORD_26966,CUST_1088,2023-06-18 11:00:00,Completed,E-Wallet (GoPay/OVO),4.34
ORD_26967,CUST_1480,2023-02-22 21:00:00,Completed,BNPL,5.32
ORD_26968,CUST_1109,2024-03-05 12:00:00,Cancelled,QRIS,8.88
ORD_26969,CUST_1618,2023-06-16 01:00:00,Completed,Credit Card,7.46
ORD_26970,CUST_1846,2024-04-11 11:00:00,Completed,QRIS,0.0
ORD_26971,CUST_1981,2024-06-08 04:00:00,Completed,BNPL,3.47
ORD_26972,CUST_1689,2024-06-28 07:00:00,Shipped,Virtual Account Bank Transfer,0.0
ORD_26973,CUST_1783,2024-06-23 21:00:00,Completed,QRIS,6.72
ORD_26974,CUST_1678,2024-02-05 03:00:00,Completed,BNPL,0.0
ORD_26975,CUST_1563,2024-06-03 14:00:00,Delivered,E-Wallet (GoPay/OVO),7.82
ORD_26976,CUST_1754,2023-03-17 20:00:00,Shipped,E-Wallet (GoPay/OVO),0.0
ORD_26977,CUST_1050,2024-01-06 15:00:00,Shipped,BNPL,0.0
ORD_26978,CUST_1454,2024-03-31 21:00:00,Shipped,Virtual Account Bank Transfer,0.0
ORD_26979,CUST_1917,2024-06-04 14:00:00,Completed,BNPL,0.0
ORD_26980,CUST_1613,2024-02-16 23:00:00,Completed,Credit Card,7.92
ORD_26981,CUST_1507,2024-03-28 20:00:00,Shipped,QRIS,7.38
ORD_26982,CUST_1464,2024-01-09 20:00:00,Completed,QRIS,7.31
ORD_26983,CUST_1604,2023-05-16 05:00:00,Completed,BNPL,0.0
ORD_26984,CUST_1092,2024-08-29 19:00:00,Completed,BNPL,0.0
ORD_26985,CUST_1986,2023-03-13 08:00:00,Shipped,Credit Card,0.0
ORD_26986,CUST_1279,2023-01-13 14:00:00,Completed,BNPL,0.0
ORD_26987,CUST_1265,2024-08-01 13:00:00,Completed,Virtual Account Bank Transfer,7.03
ORD_26988,CUST_2199,2024-03-09 02:00:00,Delivered,Credit Card,3.79
ORD_26989,CUST_1340,2024-11-09 23:00:00,Completed,Virtual Account Bank Transfer,0.0
ORD_26990,CUST_2011,2024-05-25 06:00:00,Returned,Virtual Account Bank Transfer,4.05
ORD_26991,CUST_1291,2023-05-16 08:00:00,Completed,Virtual Account Bank Transfer,0.0
ORD_26992,CUST_1377,2024-05-25 02:00:00,Completed,Credit Card,4.74
ORD_26993,CUST_1593,2024-01-30 09:00:00,Shipped,BNPL,5.94
ORD_26994,CUST_1267,2025-02-16 09:00:00,Delivered,BNPL,6.42
ORD_26995,CUST_1864,2023-10-05 03:00:00,Completed,QRIS,8.18
ORD_26996,CUST_1422,2023-11-18 21:00:00,Shipped,QRIS,0.0
ORD_26997,CUST_1804,2023-05-15 02:00:00,Completed,Virtual Account Bank Transfer,6.44
ORD_26998,CUST_1619,2024-05-12 01:00:00,Completed,E-Wallet (GoPay/OVO),0.0
ORD_26999,CUST_1064,2024-07-11 08:00:00,Completed,QRIS,0.0
ORD_27000,CUST_1702,2024-04-14 20:00:00,Completed,BNPL,6.51
ORD_27001,CUST_1761,2024-10-29 11:00:00,Completed,E-Wallet (GoPay/OVO),6.58
ORD_27002,CUST_1333,2023-07-23 08:00:00,Completed,BNPL,0.0
ORD_27003,CUST_1241,2023-08-13 20:00:00,Completed,BNPL,0.0
ORD_27004,CUST_1141,2024-01-16 14:00:00,Completed,Virtual Account Bank Transfer,0.0
ORD_27005,CUST_1490,2024-02-11 13:00:00,Completed,Credit Card,0.0
ORD_27006,CUST_2025,2023-04-28 19:00:00,Completed,Credit Card,5.6
ORD_27007,CUST_1563,2024-03-10 08:00:00,Completed,E-Wallet (GoPay/OVO),0.0
ORD_27008,CUST_1204,2024-06-22 01:00:00,Completed,E-Wallet (GoPay/OVO),0.0
ORD_27009,CUST_1360,2023-05-21 17:00:00,Completed,BNPL,7.85
ORD_27010,CUST_1053,2024-07-26 10:00:00,Completed,Credit Card,0.0
ORD_27011,CUST_2081,2023-12-09 13:00:00,Completed,QRIS,0.0
ORD_27012,CUST_1866,2023-09-16 22:00:00,Delivered,Credit Card,4.82
ORD_27013,CUST_1937,2023-03-25 13:00:00,Completed,Virtual Account Bank Transfer,6.96
ORD_27014,CUST_2179,2024-03-19 06:00:00,Cancelled,QRIS,0.0
ORD_27015,CUST_1881,2023-08-27 03:00:00,Shipped,E-Wallet (GoPay/OVO),0.0
ORD_27016,CUST_1038,2023-10-24 04:00:00,Completed,Credit Card,0.0
ORD_27017,CUST_2029,2023-09-20 23:00:00,Completed,BNPL,0.0
ORD_27018,CUST_1200,2023-11-12 01:00:00,Completed,E-Wallet (GoPay/OVO),0.0
ORD_27019,CUST_2063,2023-04-18 11:00:00,Completed,Virtual Account Bank Transfer,0.0
ORD_27020,CUST_1879,2024-11-26 20:00:00,Shipped,Credit Card,7.49
ORD_27021,CUST_1548,2024-05-04 09:00:00,Cancelled,QRIS,0.0
ORD_27022,CUST_2020,2024-02-18 02:00:00,Delivered,QRIS,0.0
ORD_27023,CUST_1016,2024-02-13 16:00:00,Completed,QRIS,0.0
ORD_27024,CUST_1254,2024-05-06 16:00:00,Completed,Virtual Account Bank Transfer,6.53
ORD_27025,CUST_1310,2023-11-16 12:00:00,Returned,E-Wallet (GoPay/OVO),4.03
ORD_27026,CUST_1743,2023-09-02 01:00:00,Completed,Virtual Account Bank Transfer,0.0
ORD_27027,CUST_1579,2024-06-24 12:00:00,Completed,QRIS,5.69
ORD_27028,CUST_2101,2024-02-26 01:00:00,Completed,Virtual Account Bank Transfer,2.7
ORD_27029,CUST_1078,2023-10-26 13:00:00,Completed,Credit Card,0.0
ORD_27030,CUST_1236,2024-01-18 01:00:00,Completed,Virtual Account Bank Transfer,4.56
ORD_27031,CUST_1247,2024-07-12 22:00:00,Completed,Virtual Account Bank Transfer,6.93
ORD_27032,CUST_2142,2023-09-19 00:00:00,Completed,Virtual Account Bank Transfer,0.0
ORD_27033,CUST_1958,2024-09-10 02:00:00,Shipped,Credit Card,0.0
ORD_27034,CUST_1568,2023-03-11 20:00:00,Shipped,E-Wallet (GoPay/OVO),0.0
ORD_27035,CUST_1131,2023-05-24 16:00:00,Completed,Virtual Account Bank Transfer,8.03
ORD_27036,CUST_1558,2023-12-10 18:00:00,Shipped,E-Wallet (GoPay/OVO),0.0
ORD_27037,CUST_1974,2023-05-22 20:00:00,Completed,Virtual Account Bank Transfer,3.81
ORD_27038,CUST_1292,2023-12-17 23:00:00,Completed,Credit Card,8.86
ORD_27039,CUST_2147,2023-09-15 15:00:00,Completed,QRIS,0.0
ORD_27040,CUST_1758,2024-05-26 02:00:00,Completed,Virtual Account Bank Transfer,0.0
ORD_27041,CUST_2160,2023-06-07 02:00:00,Cancelled,QRIS,0.0
ORD_27042,CUST_1780,2023-11-17 13:00:00,Delivered,Virtual Account Bank Transfer,0.0
ORD_27043,CUST_1237,2024-01-28 11:00:00,Completed,E-Wallet (GoPay/OVO),7.89
ORD_27044,CUST_1016,2023-12-21 17:00:00,Completed,E-Wallet (GoPay/OVO),0.0
ORD_27045,CUST_2079,2023-07-09 13:00:00,Shipped,Virtual Account Bank Transfer,8.16
ORD_27046,CUST_1437,2023-05-29 06:00:00,Completed,Virtual Account Bank Transfer,0.0
ORD_27047,CUST_1080,2023-06-09 14:00:00,Completed,Credit Card,7.53
ORD_27048,CUST_1944,2023-10-15 03:00:00,Completed,QRIS,5.5
ORD_27049,CUST_1298,2023-05-05 19:00:00,Completed,Credit Card,7.43
ORD_27050,CUST_1796,2023-04-11 23:00:00,Completed,BNPL,0.0
ORD_27051,CUST_1214,2024-03-30 15:00:00,Delivered,Virtual Account Bank Transfer,4.32
ORD_27052,CUST_1490,2023-11-16 08:00:00,Completed,Virtual Account Bank Transfer,5.2
ORD_27053,CUST_1347,2023-06-23 15:00:00,Shipped,BNPL,7.02
ORD_27054,CUST_2024,2024-09-22 01:00:00,Completed,QRIS,5.8
ORD_27055,CUST_1106,2023-05-27 10:00:00,Returned,E-Wallet (GoPay/OVO),7.6
ORD_27056,CUST_1041,2023-07-27 09:00:00,Completed,QRIS,3.0
ORD_27057,CUST_1471,2024-06-11 13:00:00,Shipped,Virtual Account Bank Transfer,6.19
ORD_27058,CUST_1494,2024-05-19 11:00:00,Completed,Credit Card,7.84
ORD_27059,CUST_1344,2023-09-26 15:00:00,Returned,BNPL,3.75
ORD_27060,CUST_2123,2023-10-25 23:00:00,Completed,Virtual Account Bank Transfer,3.69
ORD_27061,CUST_2054,2024-04-02 10:00:00,Shipped,Virtual Account Bank Transfer,6.49
ORD_27062,CUST_1528,2024-01-01 14:00:00,Completed,Credit Card,0.0
ORD_27063,CUST_2173,2023-06-22 22:00:00,Completed,QRIS,3.15
ORD_27064,CUST_2112,2024-05-27 00:00:00,Completed,BNPL,2.57
ORD_27065,CUST_2061,2023-05-08 10:00:00,Completed,QRIS,0.0
ORD_27066,CUST_1448,2023-02-20 04:00:00,Completed,E-Wallet (GoPay/OVO),4.69
ORD_27067,CUST_1475,2024-02-04 11:00:00,Shipped,Credit Card,7.04
ORD_27068,CUST_1698,2024-07-31 00:00:00,Completed,BNPL,6.64
ORD_27069,CUST_1690,2023-12-27 23:00:00,Shipped,QRIS,0.0
ORD_27070,CUST_1102,2024-02-05 07:00:00,Shipped,Virtual Account Bank Transfer,0.0
ORD_27071,CUST_2175,2024-04-15 12:00:00,Returned,Virtual Account Bank Transfer,3.37
ORD_27072,CUST_1365,2023-06-05 05:00:00,Completed,Virtual Account Bank Transfer,7.24
ORD_27073,CUST_2163,2023-09-09 16:00:00,Completed,Credit Card,0.0
ORD_27074,CUST_1816,2024-01-08 06:00:00,Completed,BNPL,0.0
ORD_27075,CUST_2147,2023-09-20 17:00:00,Cancelled,QRIS,7.86
ORD_27076,CUST_2160,2023-05-28 12:00:00,Completed,BNPL,0.0
ORD_27077,CUST_2050,2023-08-19 05:00:00,Completed,Virtual Account Bank Transfer,0.0
ORD_27078,CUST_2147,2023-08-28 05:00:00,Cancelled,QRIS,0.0
ORD_27079,CUST_1643,2024-06-20 18:00:00,Completed,BNPL,4.36
ORD_27080,CUST_1123,2023-10-31 18:00:00,Completed,Credit Card,0.0
ORD_27081,CUST_2096,2023-12-10 07:00:00,Delivered,BNPL,3.92
ORD_27082,CUST_1482,2023-05-16 10:00:00,Completed,QRIS,5.95
ORD_27083,CUST_1064,2024-02-23 22:00:00,Completed,Credit Card,0.0
ORD_27084,CUST_1249,2024-03-18 04:00:00,Completed,E-Wallet (GoPay/OVO),0.0
ORD_27085,CUST_2182,2024-06-15 05:00:00,Completed,E-Wallet (GoPay/OVO),0.0
ORD_27086,CUST_1846,2024-05-27 17:00:00,Completed,Virtual Account Bank Transfer,2.54
ORD_27087,CUST_1607,2024-08-01 06:00:00,Shipped,E-Wallet (GoPay/OVO),0.0
ORD_27088,CUST_2066,2023-10-05 07:00:00,Completed,E-Wallet (GoPay/OVO),6.86
ORD_27089,CUST_2054,2024-06-02 06:00:00,Completed,Credit Card,4.56
ORD_27090,CUST_1948,2023-06-09 21:00:00,Completed,BNPL,4.47
ORD_27091,CUST_2155,2023-12-25 05:00:00,Completed,Credit Card,0.0
ORD_27092,CUST_2159,2023-08-25 19:00:00,Delivered,E-Wallet (GoPay/OVO),3.52
ORD_27093,CUST_1483,2023-12-03 10:00:00,Completed,QRIS,4.45
ORD_27094,CUST_1131,2023-08-24 06:00:00,Returned,QRIS,2.69
ORD_27095,CUST_2056,2023-05-03 21:00:00,Completed,Credit Card,0.0
ORD_27096,CUST_1796,2023-06-14 21:00:00,Returned,BNPL,8.84
ORD_27097,CUST_1147,2024-01-23 19:00:00,Completed,Virtual Account Bank Transfer,0.0
ORD_27098,CUST_1353,2023-12-20 05:00:00,Delivered,E-Wallet (GoPay/OVO),4.97
ORD_27099,CUST_1913,2023-01-14 18:00:00,Completed,Credit Card,5.84
ORD_27100,CUST_1788,2023-09-11 10:00:00,Completed,QRIS,0.0
ORD_27101,CUST_1422,2024-04-07 13:00:00,Cancelled,E-Wallet (GoPay/OVO),0.0
ORD_27102,CUST_1310,2024-02-17 01:00:00,Completed,BNPL,8.76
ORD_27103,CUST_1092,2024-09-01 21:00:00,Completed,E-Wallet (GoPay/OVO),6.07
ORD_27104,CUST_1302,2023-06-16 17:00:00,Cancelled,E-Wallet (GoPay/OVO),0.0
ORD_27105,CUST_1068,2023-11-15 08:00:00,Completed,E-Wallet (GoPay/OVO),7.29
ORD_27106,CUST_1135,2024-01-05 22:00:00,Shipped,Virtual Account Bank Transfer,2.7
ORD_27107,CUST_1171,2023-02-08 00:00:00,Completed,Credit Card,0.0
ORD_27108,CUST_2106,2023-07-18 18:00:00,Completed,Virtual Account Bank Transfer,2.79
ORD_27109,CUST_1728,2023-12-22 18:00:00,Completed,BNPL,2.59
ORD_27110,CUST_1592,2024-05-06 22:00:00,Completed,BNPL,7.49
ORD_27111,CUST_1958,2024-04-02 16:00:00,Completed,Credit Card,4.52
ORD_27112,CUST_1716,2024-06-05 20:00:00,Completed,BNPL,0.0
ORD_27113,CUST_1789,2025-05-26 22:00:00,Completed,Credit Card,5.87
ORD_27114,CUST_1930,2024-07-21 00:00:00,Completed,BNPL,5.21
ORD_27115,CUST_1997,2023-07-03 08:00:00,Completed,QRIS,0.0
ORD_27116,CUST_1665,2024-08-09 16:00:00,Completed,BNPL,0.0
ORD_27117,CUST_1228,2023-09-11 23:00:00,Completed,E-Wallet (GoPay/OVO),0.0
ORD_27118,CUST_1628,2023-12-02 21:00:00,Completed,QRIS,2.96
ORD_27119,CUST_1965,2023-12-01 03:00:00,Completed,Credit Card,0.0
ORD_27120,CUST_1867,2024-03-17 23:00:00,Completed,BNPL,0.0
ORD_27121,CUST_1877,2023-12-28 04:00:00,Completed,E-Wallet (GoPay/OVO),5.71
ORD_27122,CUST_2081,2024-02-12 17:00:00,Cancelled,Credit Card,0.0
ORD_27123,CUST_2141,2023-10-07 18:00:00,Completed,QRIS,0.0
ORD_27124,CUST_1624,2023-04-05 01:00:00,Shipped,E-Wallet (GoPay/OVO),0.0
ORD_27125,CUST_2066,2024-10-27 15:00:00,Completed,Virtual Account Bank Transfer,0.0
ORD_27126,CUST_1033,2023-10-20 17:00:00,Completed,Credit Card,3.88
ORD_27127,CUST_1018,2025-02-16 01:00:00,Completed,Virtual Account Bank Transfer,6.53
ORD_27128,CUST_1177,2024-08-29 05:00:00,Completed,QRIS,4.04
ORD_27129,CUST_1914,2024-01-01 05:00:00,Shipped,Virtual Account Bank Transfer,0.0
ORD_27130,CUST_1968,2024-03-30 15:00:00,Cancelled,QRIS,8.7
ORD_27131,CUST_2161,2023-11-28 06:00:00,Completed,BNPL,7.27
ORD_27132,CUST_1267,2024-08-27 20:00:00,Completed,Credit Card,3.48
ORD_27133,CUST_1325,2023-07-29 10:00:00,Completed,E-Wallet (GoPay/OVO),6.94
ORD_27134,CUST_1302,2023-06-27 11:00:00,Completed,Credit Card,0.0
ORD_27135,CUST_1969,2023-10-21 08:00:00,Returned,Credit Card,0.0
ORD_27136,CUST_2055,2023-10-14 00:00:00,Completed,QRIS,5.7
ORD_27137,CUST_1008,2023-11-27 21:00:00,Cancelled,E-Wallet (GoPay/OVO),4.09
ORD_27138,CUST_1237,2023-11-26 21:00:00,Completed,Virtual Account Bank Transfer,0.0
ORD_27139,CUST_1992,2024-05-25 04:00:00,Completed,BNPL,4.78
ORD_27140,CUST_2137,2024-04-02 03:00:00,Completed,E-Wallet (GoPay/OVO),7.78
ORD_27141,CUST_1722,2023-03-19 04:00:00,Completed,QRIS,0.0
ORD_27142,CUST_2099,2023-11-21 15:00:00,Shipped,BNPL,8.61
ORD_27143,CUST_1781,2024-05-17 07:00:00,Completed,BNPL,6.99
ORD_27144,CUST_1123,2023-10-28 11:00:00,Shipped,E-Wallet (GoPay/OVO),0.0
ORD_27145,CUST_1390,2023-09-11 16:00:00,Cancelled,QRIS,0.0
ORD_27146,CUST_1226,2023-06-30 17:00:00,Shipped,BNPL,0.0
ORD_27147,CUST_1725,2024-05-10 12:00:00,Completed,Virtual Account Bank Transfer,5.7
ORD_27148,CUST_1397,2025-08-05 00:00:00,Completed,BNPL,0.0
ORD_27149,CUST_1263,2023-07-30 15:00:00,Completed,Credit Card,3.64
ORD_27150,CUST_2068,2023-04-05 10:00:00,Cancelled,Credit Card,0.0
ORD_27151,CUST_1271,2023-09-30 20:00:00,Completed,BNPL,0.0
ORD_27152,CUST_2021,2023-07-30 13:00:00,Completed,BNPL,8.6
ORD_27153,CUST_1234,2024-07-24 14:00:00,Completed,Credit Card,7.38
ORD_27154,CUST_1388,2023-08-25 20:00:00,Completed,Credit Card,0.0
ORD_27155,CUST_1281,2023-09-18 14:00:00,Delivered,Virtual Account Bank Transfer,3.2
ORD_27156,CUST_1390,2023-08-02 13:00:00,Completed,QRIS,6.96
ORD_27157,CUST_1952,2023-03-31 05:00:00,Cancelled,BNPL,0.0
ORD_27158,CUST_1949,2024-03-15 15:00:00,Delivered,BNPL,6.88
ORD_27159,CUST_1281,2023-12-26 00:00:00,Completed,QRIS,4.74
ORD_27160,CUST_1847,2024-09-22 09:00:00,Completed,BNPL,3.41
ORD_27161,CUST_1848,2023-12-15 10:00:00,Shipped,Credit Card,3.88
ORD_27162,CUST_1364,2023-10-14 23:00:00,Completed,BNPL,6.84
ORD_27163,CUST_1721,2023-03-19 06:00:00,Delivered,E-Wallet (GoPay/OVO),7.38
ORD_27164,CUST_2068,2023-04-24 12:00:00,Completed,BNPL,0.0
ORD_27165,CUST_1683,2024-03-17 06:00:00,Completed,E-Wallet (GoPay/OVO),3.38
ORD_27166,CUST_1999,2024-05-27 12:00:00,Shipped,Virtual Account Bank Transfer,4.82
ORD_27167,CUST_1646,2024-06-11 13:00:00,Completed,Virtual Account Bank Transfer,7.74
ORD_27168,CUST_1040,2023-09-24 05:00:00,Completed,Credit Card,4.88
ORD_27169,CUST_1781,2025-01-12 08:00:00,Completed,Virtual Account Bank Transfer,4.73
ORD_27170,CUST_1082,2024-06-08 05:00:00,Shipped,QRIS,0.0
ORD_27171,CUST_1281,2024-02-17 23:00:00,Completed,E-Wallet (GoPay/OVO),5.14
ORD_27172,CUST_2026,2023-06-19 23:00:00,Delivered,E-Wallet (GoPay/OVO),6.51
ORD_27173,CUST_1767,2023-09-20 15:00:00,Completed,Credit Card,6.65
ORD_27174,CUST_2099,2023-10-14 04:00:00,Completed,Virtual Account Bank Transfer,0.0
ORD_27175,CUST_1104,2024-08-25 21:00:00,Completed,Virtual Account Bank Transfer,0.0
ORD_27176,CUST_1026,2023-01-31 09:00:00,Completed,BNPL,8.07
ORD_27177,CUST_1544,2023-11-11 12:00:00,Completed,Virtual Account Bank Transfer,0.0
ORD_27178,CUST_1842,2023-09-05 17:00:00,Shipped,E-Wallet (GoPay/OVO),8.81
ORD_27179,CUST_2060,2023-05-13 02:00:00,Completed,QRIS,7.19
ORD_27180,CUST_1905,2023-11-28 09:00:00,Completed,BNPL,6.52
ORD_27181,CUST_1210,2023-12-22 16:00:00,Completed,Credit Card,5.81
ORD_27182,CUST_2145,2024-08-02 06:00:00,Cancelled,Virtual Account Bank Transfer,2.87
ORD_27183,CUST_1812,2024-03-15 06:00:00,Completed,E-Wallet (GoPay/OVO),4.58
ORD_27184,CUST_1784,2024-12-15 13:00:00,Completed,Virtual Account Bank Transfer,7.89
ORD_27185,CUST_1653,2023-08-06 09:00:00,Shipped,Credit Card,0.0
ORD_27186,CUST_1996,2023-02-17 14:00:00,Completed,QRIS,0.0
ORD_27187,CUST_1572,2024-01-17 00:00:00,Completed,Credit Card,6.8
ORD_27188,CUST_1087,2024-02-08 23:00:00,Completed,E-Wallet (GoPay/OVO),0.0
ORD_27189,CUST_1765,2024-10-01 05:00:00,Completed,BNPL,7.25
ORD_27190,CUST_1681,2024-05-26 14:00:00,Completed,BNPL,0.0
ORD_27191,CUST_2087,2024-07-16 06:00:00,Completed,QRIS,4.59
ORD_27192,CUST_1050,2023-10-30 12:00:00,Shipped,QRIS,4.67
ORD_27193,CUST_1466,2023-02-05 05:00:00,Completed,Credit Card,0.0
ORD_27194,CUST_1257,2023-11-29 08:00:00,Completed,BNPL,3.6
ORD_27195,CUST_1483,2023-06-06 23:00:00,Completed,QRIS,8.39
ORD_27196,CUST_1106,2023-06-26 03:00:00,Delivered,QRIS,5.61
ORD_27197,CUST_2112,2024-03-19 19:00:00,Completed,BNPL,0.0
ORD_27198,CUST_1209,2023-12-25 14:00:00,Completed,Virtual Account Bank Transfer,7.24
ORD_27199,CUST_1987,2023-07-05 09:00:00,Completed,QRIS,0.0
ORD_27200,CUST_1114,2024-10-01 14:00:00,Completed,Virtual Account Bank Transfer,0.0
ORD_27201,CUST_1773,2023-08-15 14:00:00,Completed,BNPL,6.42
ORD_27202,CUST_1258,2023-02-20 19:00:00,Completed,Credit Card,7.23
ORD_27203,CUST_1630,2023-04-11 17:00:00,Completed,BNPL,0.0
ORD_27204,CUST_1017,2024-03-05 09:00:00,Completed,Virtual Account Bank Transfer,5.48
ORD_27205,CUST_1340,2024-02-09 14:00:00,Shipped,E-Wallet (GoPay/OVO),8.02
ORD_27206,CUST_1992,2024-04-06 11:00:00,Cancelled,Credit Card,0.0
ORD_27207,CUST_1004,2024-08-03 05:00:00,Completed,Virtual Account Bank Transfer,0.0
ORD_27208,CUST_2174,2023-12-26 18:00:00,Completed,Credit Card,4.37
ORD_27209,CUST_1973,2023-05-28 01:00:00,Shipped,QRIS,0.0
ORD_27210,CUST_2134,2023-08-20 14:00:00,Completed,BNPL,5.18
ORD_27211,CUST_1110,2023-10-04 14:00:00,Completed,BNPL,0.0
ORD_27212,CUST_1256,2023-12-28 19:00:00,Completed,Virtual Account Bank Transfer,3.87
ORD_27213,CUST_1561,2023-04-12 21:00:00,Completed,BNPL,0.0
ORD_27214,CUST_1903,2023-04-25 10:00:00,Completed,BNPL,6.0
ORD_27215,CUST_1961,2024-06-28 10:00:00,Completed,QRIS,0.0
ORD_27216,CUST_1760,2023-04-17 22:00:00,Delivered,E-Wallet (GoPay/OVO),3.95
ORD_27217,CUST_1262,2024-08-16 19:00:00,Completed,BNPL,7.16
ORD_27218,CUST_2035,2023-09-25 03:00:00,Completed,Credit Card,6.52
ORD_27219,CUST_1537,2023-07-05 01:00:00,Completed,Virtual Account Bank Transfer,7.36
ORD_27220,CUST_1810,2024-04-04 07:00:00,Completed,Virtual Account Bank Transfer,0.0
ORD_27221,CUST_1057,2023-01-19 17:00:00,Completed,Credit Card,4.85
ORD_27222,CUST_1610,2024-03-25 21:00:00,Completed,Credit Card,2.72
ORD_27223,CUST_1978,2024-03-04 18:00:00,Completed,QRIS,0.0
ORD_27224,CUST_1207,2023-11-05 04:00:00,Completed,BNPL,5.66
ORD_27225,CUST_2114,2023-03-08 20:00:00,Completed,QRIS,8.28
ORD_27226,CUST_1994,2024-08-25 17:00:00,Completed,Virtual Account Bank Transfer,0.0
ORD_27227,CUST_1405,2024-04-08 15:00:00,Completed,Credit Card,0.0
ORD_27228,CUST_1309,2023-08-04 10:00:00,Cancelled,Virtual Account Bank Transfer,2.52
ORD_27229,CUST_1807,2023-07-22 05:00:00,Completed,E-Wallet (GoPay/OVO),2.68
ORD_27230,CUST_1784,2024-10-21 20:00:00,Completed,Credit Card,6.42
ORD_27231,CUST_1709,2024-07-24 17:00:00,Cancelled,Credit Card,0.0
ORD_27232,CUST_2188,2024-08-12 08:00:00,Completed,Credit Card,0.0
ORD_27233,CUST_2139,2024-01-01 05:00:00,Shipped,QRIS,0.0
ORD_27234,CUST_1945,2024-02-14 07:00:00,Cancelled,Virtual Account Bank Transfer,5.64
ORD_27235,CUST_1349,2024-09-29 03:00:00,Completed,Virtual Account Bank Transfer,0.0
ORD_27236,CUST_2099,2024-08-04 22:00:00,Shipped,E-Wallet (GoPay/OVO),0.0
ORD_27237,CUST_1129,2023-12-11 12:00:00,Returned,E-Wallet (GoPay/OVO),8.07
ORD_27238,CUST_1970,2024-03-03 06:00:00,Completed,BNPL,2.5
ORD_27239,CUST_1505,2023-04-10 12:00:00,Completed,Credit Card,0.0
ORD_27240,CUST_1547,2023-09-07 10:00:00,Shipped,QRIS,4.32
ORD_27241,CUST_1488,2024-07-12 05:00:00,Cancelled,E-Wallet (GoPay/OVO),0.0
ORD_27242,CUST_1577,2024-03-28 13:00:00,Completed,E-Wallet (GoPay/OVO),8.34
ORD_27243,CUST_1818,2023-06-04 09:00:00,Completed,Credit Card,0.0
ORD_27244,CUST_1720,2024-08-12 22:00:00,Completed,BNPL,7.01
ORD_27245,CUST_2123,2023-08-09 15:00:00,Shipped,E-Wallet (GoPay/OVO),6.58
ORD_27246,CUST_2107,2024-05-19 17:00:00,Delivered,QRIS,0.0
ORD_27247,CUST_1136,2023-04-17 15:00:00,Completed,BNPL,4.62
ORD_27248,CUST_1512,2023-09-01 04:00:00,Shipped,Credit Card,0.0
ORD_27249,CUST_1282,2023-07-29 13:00:00,Completed,E-Wallet (GoPay/OVO),0.0
ORD_27250,CUST_1456,2023-08-11 20:00:00,Completed,Virtual Account Bank Transfer,4.26
ORD_27251,CUST_2169,2023-05-08 19:00:00,Completed,BNPL,5.94
ORD_27252,CUST_1051,2023-12-20 07:00:00,Cancelled,Virtual Account Bank Transfer,0.0
ORD_27253,CUST_1339,2024-07-13 15:00:00,Completed,Virtual Account Bank Transfer,7.63
ORD_27254,CUST_1656,2023-04-28 17:00:00,Shipped,Virtual Account Bank Transfer,0.0
ORD_27255,CUST_1361,2024-05-04 17:00:00,Completed,QRIS,6.48
ORD_27256,CUST_1930,2024-09-02 09:00:00,Completed,Credit Card,0.0
ORD_27257,CUST_1616,2023-09-04 17:00:00,Completed,QRIS,4.67
ORD_27258,CUST_1530,2024-02-19 07:00:00,Completed,E-Wallet (GoPay/OVO),6.29
ORD_27259,CUST_1151,2024-08-16 13:00:00,Delivered,Virtual Account Bank Transfer,5.45
ORD_27260,CUST_1621,2023-11-06 10:00:00,Completed,BNPL,4.83
ORD_27261,CUST_1504,2023-07-02 14:00:00,Completed,QRIS,2.99
ORD_27262,CUST_1261,2023-11-09 09:00:00,Completed,E-Wallet (GoPay/OVO),0.0
ORD_27263,CUST_1483,2023-05-30 23:00:00,Completed,Virtual Account Bank Transfer,0.0
ORD_27264,CUST_1731,2023-02-28 00:00:00,Shipped,Credit Card,0.0
ORD_27265,CUST_1199,2023-12-20 09:00:00,Completed,BNPL,5.7
ORD_27266,CUST_1154,2023-11-07 11:00:00,Completed,E-Wallet (GoPay/OVO),5.85
ORD_27267,CUST_1272,2024-01-01 08:00:00,Returned,Credit Card,0.0
ORD_27268,CUST_1089,2024-02-29 09:00:00,Completed,Credit Card,4.01
ORD_27269,CUST_1708,2024-03-21 20:00:00,Completed,Credit Card,5.93
ORD_27270,CUST_1719,2024-07-12 18:00:00,Completed,Virtual Account Bank Transfer,4.45
ORD_27271,CUST_1582,2023-10-13 10:00:00,Completed,QRIS,5.69
ORD_27272,CUST_1370,2023-09-11 03:00:00,Completed,E-Wallet (GoPay/OVO),0.0
ORD_27273,CUST_1913,2023-09-14 12:00:00,Completed,Credit Card,0.0
ORD_27274,CUST_1417,2023-09-24 22:00:00,Completed,Virtual Account Bank Transfer,0.0
ORD_27275,CUST_1885,2023-08-01 08:00:00,Completed,Credit Card,3.56
ORD_27276,CUST_1684,2024-09-16 19:00:00,Shipped,Credit Card,7.33
ORD_27277,CUST_2185,2024-01-25 07:00:00,Completed,E-Wallet (GoPay/OVO),6.29
ORD_27278,CUST_1911,2024-06-27 19:00:00,Completed,QRIS,8.2
ORD_27279,CUST_1140,2024-04-04 09:00:00,Completed,Credit Card,8.16
ORD_27280,CUST_1018,2024-04-20 02:00:00,Cancelled,E-Wallet (GoPay/OVO),7.96
ORD_27281,CUST_1091,2024-04-23 16:00:00,Completed,Credit Card,0.0
ORD_27282,CUST_2028,2024-02-29 22:00:00,Completed,E-Wallet (GoPay/OVO),0.0
ORD_27283,CUST_1241,2023-09-10 14:00:00,Completed,BNPL,0.0
ORD_27284,CUST_2086,2024-02-27 03:00:00,Completed,BNPL,4.32
ORD_27285,CUST_2176,2023-11-30 08:00:00,Completed,BNPL,8.32
ORD_27286,CUST_1302,2023-10-28 15:00:00,Completed,BNPL,6.56
ORD_27287,CUST_1707,2023-01-12 07:00:00,Completed,Virtual Account Bank Transfer,5.63
ORD_27288,CUST_1342,2023-07-27 22:00:00,Delivered,BNPL,0.0
ORD_27289,CUST_1429,2023-12-01 01:00:00,Delivered,Virtual Account Bank Transfer,3.27
ORD_27290,CUST_1390,2024-04-01 14:00:00,Cancelled,E-Wallet (GoPay/OVO),3.03
ORD_27291,CUST_1059,2023-07-16 04:00:00,Completed,E-Wallet (GoPay/OVO),3.99
ORD_27292,CUST_1121,2023-12-13 09:00:00,Delivered,Credit Card,3.38
ORD_27293,CUST_1255,2023-08-07 18:00:00,Completed,BNPL,7.7
ORD_27294,CUST_1985,2023-02-28 11:00:00,Completed,BNPL,0.0
ORD_27295,CUST_1204,2024-04-28 20:00:00,Completed,E-Wallet (GoPay/OVO),0.0
ORD_27296,CUST_1017,2024-04-10 16:00:00,Completed,Virtual Account Bank Transfer,2.94
ORD_27297,CUST_1449,2023-09-25 07:00:00,Completed,E-Wallet (GoPay/OVO),0.0
ORD_27298,CUST_1804,2023-05-15 10:00:00,Completed,BNPL,5.05
ORD_27299,CUST_1236,2024-05-12 17:00:00,Completed,QRIS,6.3
ORD_27300,CUST_1300,2023-03-07 19:00:00,Completed,Virtual Account Bank Transfer,7.16
ORD_27301,CUST_2019,2023-12-11 18:00:00,Completed,Virtual Account Bank Transfer,0.0
ORD_27302,CUST_1910,2023-06-30 05:00:00,Completed,E-Wallet (GoPay/OVO),3.2
ORD_27303,CUST_1324,2024-04-12 18:00:00,Delivered,Credit Card,0.0
ORD_27304,CUST_1869,2024-06-29 11:00:00,Completed,QRIS,4.48
ORD_27305,CUST_1155,2024-03-22 17:00:00,Shipped,QRIS,2.54
ORD_27306,CUST_1702,2024-05-05 16:00:00,Delivered,Virtual Account Bank Transfer,2.61
ORD_27307,CUST_1605,2024-03-08 22:00:00,Completed,QRIS,7.05
ORD_27308,CUST_1924,2023-10-08 02:00:00,Completed,E-Wallet (GoPay/OVO),0.0
ORD_27309,CUST_1817,2024-09-28 17:00:00,Completed,Virtual Account Bank Transfer,0.0
ORD_27310,CUST_1506,2023-12-16 20:00:00,Completed,BNPL,0.0
ORD_27311,CUST_1705,2024-07-21 14:00:00,Completed,Credit Card,8.73
ORD_27312,CUST_1946,2023-05-17 08:00:00,Completed,BNPL,0.0
ORD_27313,CUST_1770,2023-05-14 01:00:00,Completed,E-Wallet (GoPay/OVO),3.2
ORD_27314,CUST_1185,2023-11-26 23:00:00,Delivered,E-Wallet (GoPay/OVO),0.0
ORD_27315,CUST_1059,2024-02-15 08:00:00,Returned,Virtual Account Bank Transfer,7.68
ORD_27316,CUST_1589,2023-03-27 12:00:00,Completed,BNPL,8.75
ORD_27317,CUST_1294,2023-10-11 17:00:00,Completed,Virtual Account Bank Transfer,6.08
ORD_27318,CUST_1631,2023-12-27 00:00:00,Shipped,QRIS,8.17
ORD_27319,CUST_1065,2023-05-01 06:00:00,Shipped,BNPL,7.64
ORD_27320,CUST_1007,2024-04-10 21:00:00,Shipped,E-Wallet (GoPay/OVO),5.21
ORD_27321,CUST_1848,2024-02-25 01:00:00,Delivered,QRIS,0.0
ORD_27322,CUST_1429,2023-11-17 23:00:00,Completed,BNPL,5.26
ORD_27323,CUST_1004,2024-05-10 13:00:00,Completed,Virtual Account Bank Transfer,5.29
ORD_27324,CUST_1285,2023-11-26 14:00:00,Delivered,Virtual Account Bank Transfer,4.08
ORD_27325,CUST_1343,2023-07-13 09:00:00,Completed,QRIS,2.6
ORD_27326,CUST_1270,2023-11-07 11:00:00,Shipped,QRIS,5.6
ORD_27327,CUST_1902,2023-11-03 03:00:00,Delivered,E-Wallet (GoPay/OVO),8.75
ORD_27328,CUST_1075,2023-04-10 02:00:00,Delivered,Virtual Account Bank Transfer,7.36
ORD_27329,CUST_1329,2023-04-25 07:00:00,Completed,E-Wallet (GoPay/OVO),2.99
ORD_27330,CUST_1709,2024-10-15 12:00:00,Completed,QRIS,6.21
ORD_27331,CUST_1252,2024-09-16 21:00:00,Completed,Credit Card,4.3
ORD_27332,CUST_1749,2023-09-06 15:00:00,Completed,BNPL,0.0
ORD_27333,CUST_1295,2023-10-12 21:00:00,Delivered,Credit Card,0.0
ORD_27334,CUST_1040,2023-11-29 04:00:00,Completed,Credit Card,3.53
ORD_27335,CUST_1305,2024-01-24 19:00:00,Completed,Virtual Account Bank Transfer,8.59
ORD_27336,CUST_1324,2024-04-20 05:00:00,Shipped,BNPL,7.56
ORD_27337,CUST_1433,2025-01-27 01:00:00,Completed,E-Wallet (GoPay/OVO),7.04
ORD_27338,CUST_2186,2024-09-20 11:00:00,Completed,Virtual Account Bank Transfer,4.64
ORD_27339,CUST_1035,2023-08-21 05:00:00,Completed,Credit Card,5.24
ORD_27340,CUST_1628,2023-11-12 12:00:00,Returned,QRIS,0.0
ORD_27341,CUST_1258,2023-01-21 18:00:00,Completed,Credit Card,0.0
ORD_27342,CUST_1398,2024-02-08 13:00:00,Shipped,BNPL,4.17
ORD_27343,CUST_1257,2023-10-25 11:00:00,Completed,QRIS,0.0
ORD_27344,CUST_1602,2023-07-14 21:00:00,Completed,E-Wallet (GoPay/OVO),3.68
ORD_27345,CUST_2032,2023-03-26 16:00:00,Completed,QRIS,0.0
ORD_27346,CUST_1906,2023-07-21 06:00:00,Completed,BNPL,0.0
ORD_27347,CUST_1848,2024-06-07 15:00:00,Cancelled,BNPL,5.22
ORD_27348,CUST_1585,2024-01-08 22:00:00,Completed,Virtual Account Bank Transfer,5.41
ORD_27349,CUST_1100,2023-06-16 23:00:00,Completed,Virtual Account Bank Transfer,0.0
ORD_27350,CUST_1127,2023-11-20 03:00:00,Delivered,E-Wallet (GoPay/OVO),0.0
ORD_27351,CUST_1838,2023-12-02 02:00:00,Completed,Credit Card,0.0
ORD_27352,CUST_1667,2024-03-17 17:00:00,Completed,BNPL,6.96
ORD_27353,CUST_1131,2023-03-01 05:00:00,Completed,E-Wallet (GoPay/OVO),5.75
ORD_27354,CUST_1889,2023-09-12 04:00:00,Completed,QRIS,5.09
ORD_27355,CUST_1535,2024-04-01 15:00:00,Cancelled,E-Wallet (GoPay/OVO),0.0
ORD_27356,CUST_2077,2023-08-04 03:00:00,Completed,QRIS,5.01
ORD_27357,CUST_2047,2023-08-13 15:00:00,Completed,QRIS,4.05
ORD_27358,CUST_2193,2023-10-25 06:00:00,Completed,E-Wallet (GoPay/OVO),4.32
ORD_27359,CUST_2038,2024-04-08 12:00:00,Completed,QRIS,0.0
ORD_27360,CUST_1337,2023-10-04 20:00:00,Completed,Virtual Account Bank Transfer,6.0
ORD_27361,CUST_1638,2024-12-23 21:00:00,Shipped,BNPL,0.0
ORD_27362,CUST_1947,2023-11-15 23:00:00,Completed,Virtual Account Bank Transfer,7.11
ORD_27363,CUST_1049,2023-11-01 03:00:00,Shipped,BNPL,0.0
ORD_27364,CUST_1187,2024-01-19 09:00:00,Returned,QRIS,2.67
ORD_27365,CUST_1408,2023-07-16 06:00:00,Cancelled,QRIS,0.0
ORD_27366,CUST_1909,2023-12-28 08:00:00,Completed,Virtual Account Bank Transfer,0.0
ORD_27367,CUST_2075,2023-11-08 07:00:00,Completed,Virtual Account Bank Transfer,0.0
ORD_27368,CUST_1706,2023-05-27 09:00:00,Completed,QRIS,6.81
ORD_27369,CUST_2108,2023-03-27 14:00:00,Completed,Virtual Account Bank Transfer,0.0
ORD_27370,CUST_1717,2023-03-29 22:00:00,Completed,Virtual Account Bank Transfer,2.53
ORD_27371,CUST_1067,2023-04-15 03:00:00,Completed,Virtual Account Bank Transfer,0.0
ORD_27372,CUST_1923,2024-08-07 02:00:00,Completed,Virtual Account Bank Transfer,4.38
ORD_27373,CUST_1033,2024-02-02 04:00:00,Completed,E-Wallet (GoPay/OVO),6.79
ORD_27374,CUST_1442,2024-10-21 01:00:00,Completed,BNPL,0.0
ORD_27375,CUST_1724,2023-07-26 10:00:00,Completed,BNPL,4.31
ORD_27376,CUST_1160,2024-05-25 23:00:00,Completed,E-Wallet (GoPay/OVO),0.0
ORD_27377,CUST_1469,2023-10-17 18:00:00,Completed,Credit Card,6.96
ORD_27378,CUST_1512,2024-03-29 21:00:00,Completed,QRIS,0.0
ORD_27379,CUST_1752,2024-01-14 09:00:00,Completed,Credit Card,4.59
ORD_27380,CUST_1407,2023-12-11 23:00:00,Completed,E-Wallet (GoPay/OVO),3.49
ORD_27381,CUST_1410,2024-02-14 02:00:00,Completed,E-Wallet (GoPay/OVO),3.58
ORD_27382,CUST_1135,2024-01-17 17:00:00,Returned,QRIS,6.79
ORD_27383,CUST_1123,2024-01-25 17:00:00,Cancelled,Virtual Account Bank Transfer,0.0
ORD_27384,CUST_1520,2024-09-16 20:00:00,Completed,BNPL,7.94
ORD_27385,CUST_1822,2024-05-13 16:00:00,Returned,QRIS,0.0
ORD_27386,CUST_1753,2023-11-12 22:00:00,Completed,E-Wallet (GoPay/OVO),6.09
ORD_27387,CUST_1667,2024-03-26 00:00:00,Completed,QRIS,0.0
ORD_27388,CUST_1771,2024-05-19 01:00:00,Completed,QRIS,0.0
ORD_27389,CUST_1403,2024-01-23 20:00:00,Completed,Virtual Account Bank Transfer,5.24
ORD_27390,CUST_1332,2023-06-15 16:00:00,Completed,QRIS,0.0
ORD_27391,CUST_1167,2023-06-04 16:00:00,Shipped,Virtual Account Bank Transfer,0.0
ORD_27392,CUST_1653,2023-08-16 17:00:00,Completed,Credit Card,0.0
ORD_27393,CUST_1014,2024-07-13 03:00:00,Delivered,Credit Card,6.22
ORD_27394,CUST_1558,2024-03-28 19:00:00,Completed,BNPL,0.0
ORD_27395,CUST_1172,2024-03-15 07:00:00,Completed,BNPL,0.0
ORD_27396,CUST_1684,2024-03-18 19:00:00,Completed,Credit Card,7.89
ORD_27397,CUST_2166,2024-03-03 03:00:00,Shipped,BNPL,8.14
ORD_27398,CUST_2190,2024-01-05 06:00:00,Returned,Credit Card,0.0
ORD_27399,CUST_1670,2023-04-17 04:00:00,Completed,Credit Card,0.0
ORD_27400,CUST_2107,2023-10-26 14:00:00,Completed,E-Wallet (GoPay/OVO),0.0
ORD_27401,CUST_1189,2023-11-04 19:00:00,Cancelled,BNPL,0.0
ORD_27402,CUST_1786,2024-01-12 09:00:00,Completed,Virtual Account Bank Transfer,0.0
ORD_27403,CUST_1584,2024-01-17 13:00:00,Cancelled,Virtual Account Bank Transfer,6.55
ORD_27404,CUST_1392,2023-12-19 19:00:00,Completed,Virtual Account Bank Transfer,0.0
ORD_27405,CUST_1958,2024-04-29 09:00:00,Delivered,Credit Card,8.6
ORD_27406,CUST_1751,2023-07-08 11:00:00,Completed,E-Wallet (GoPay/OVO),2.55
ORD_27407,CUST_1007,2024-02-26 14:00:00,Delivered,BNPL,2.74
ORD_27408,CUST_1369,2023-07-22 06:00:00,Shipped,QRIS,0.0
ORD_27409,CUST_2171,2024-10-28 11:00:00,Completed,Virtual Account Bank Transfer,8.16
ORD_27410,CUST_1885,2023-09-06 08:00:00,Completed,E-Wallet (GoPay/OVO),0.0
ORD_27411,CUST_1182,2024-08-07 07:00:00,Completed,Virtual Account Bank Transfer,0.0
ORD_27412,CUST_1747,2023-11-20 04:00:00,Completed,Credit Card,4.2
ORD_27413,CUST_1779,2023-11-20 09:00:00,Completed,Virtual Account Bank Transfer,0.0
ORD_27414,CUST_2098,2024-05-24 04:00:00,Shipped,Credit Card,0.0
ORD_27415,CUST_1069,2024-04-25 15:00:00,Completed,QRIS,0.0
ORD_27416,CUST_1243,2023-07-14 18:00:00,Completed,BNPL,5.76
ORD_27417,CUST_1840,2023-10-15 17:00:00,Completed,QRIS,2.96
ORD_27418,CUST_1955,2023-03-29 04:00:00,Shipped,BNPL,6.8
ORD_27419,CUST_1898,2024-08-13 10:00:00,Delivered,BNPL,5.27
ORD_27420,CUST_1603,2024-04-21 20:00:00,Completed,Credit Card,0.0
ORD_27421,CUST_1134,2024-01-30 15:00:00,Completed,Credit Card,6.17
ORD_27422,CUST_1276,2024-08-22 05:00:00,Completed,E-Wallet (GoPay/OVO),3.45
ORD_27423,CUST_1557,2024-09-01 05:00:00,Delivered,E-Wallet (GoPay/OVO),0.0
ORD_27424,CUST_2041,2024-05-01 13:00:00,Completed,QRIS,7.88
ORD_27425,CUST_1048,2023-05-27 05:00:00,Completed,BNPL,6.62
ORD_27426,CUST_1864,2023-07-16 09:00:00,Completed,E-Wallet (GoPay/OVO),4.89
ORD_27427,CUST_1372,2023-04-02 04:00:00,Completed,E-Wallet (GoPay/OVO),0.0
ORD_27428,CUST_1555,2023-06-06 01:00:00,Completed,Credit Card,8.85
ORD_27429,CUST_1801,2024-03-16 18:00:00,Shipped,Credit Card,2.8
ORD_27430,CUST_1798,2024-06-15 14:00:00,Completed,Credit Card,3.85
ORD_27431,CUST_1652,2024-09-04 01:00:00,Completed,E-Wallet (GoPay/OVO),0.0
ORD_27432,CUST_1879,2024-03-05 10:00:00,Completed,BNPL,5.93
ORD_27433,CUST_2189,2024-03-12 04:00:00,Shipped,Credit Card,3.68
ORD_27434,CUST_2085,2024-02-29 19:00:00,Completed,Credit Card,0.0
ORD_27435,CUST_1682,2024-02-19 10:00:00,Completed,QRIS,8.43
ORD_27436,CUST_1857,2023-02-17 02:00:00,Cancelled,BNPL,2.75
ORD_27437,CUST_1480,2023-02-26 01:00:00,Completed,Virtual Account Bank Transfer,8.56
ORD_27438,CUST_1999,2024-04-14 11:00:00,Completed,E-Wallet (GoPay/OVO),4.2
ORD_27439,CUST_1269,2023-08-07 14:00:00,Completed,QRIS,3.47
ORD_27440,CUST_1980,2023-03-04 19:00:00,Completed,Credit Card,0.0
ORD_27441,CUST_1901,2024-04-26 03:00:00,Completed,BNPL,6.57
ORD_27442,CUST_1522,2023-07-21 22:00:00,Completed,QRIS,3.57
ORD_27443,CUST_1140,2024-06-13 00:00:00,Cancelled,Virtual Account Bank Transfer,5.45
ORD_27444,CUST_1522,2024-03-27 10:00:00,Returned,QRIS,0.0
ORD_27445,CUST_1331,2024-05-01 11:00:00,Completed,BNPL,0.0
ORD_27446,CUST_1751,2024-04-24 17:00:00,Completed,Credit Card,4.87
ORD_27447,CUST_1252,2024-04-10 02:00:00,Completed,E-Wallet (GoPay/OVO),3.54
ORD_27448,CUST_1316,2023-08-16 13:00:00,Completed,Virtual Account Bank Transfer,3.79
ORD_27449,CUST_1436,2023-12-29 00:00:00,Completed,Virtual Account Bank Transfer,0.0
ORD_27450,CUST_1807,2023-08-24 19:00:00,Completed,Credit Card,2.74
ORD_27451,CUST_1433,2024-07-09 10:00:00,Delivered,Virtual Account Bank Transfer,6.13
ORD_27452,CUST_2198,2023-12-23 03:00:00,Completed,BNPL,7.91
ORD_27453,CUST_1423,2024-03-31 14:00:00,Completed,Virtual Account Bank Transfer,8.96
ORD_27454,CUST_1278,2024-04-23 02:00:00,Completed,BNPL,2.86
ORD_27455,CUST_1445,2023-12-29 02:00:00,Delivered,E-Wallet (GoPay/OVO),0.0
ORD_27456,CUST_1084,2023-08-14 23:00:00,Completed,BNPL,5.84
ORD_27457,CUST_1517,2023-11-23 03:00:00,Completed,BNPL,0.0
ORD_27458,CUST_1028,2024-04-25 05:00:00,Shipped,Virtual Account Bank Transfer,0.0
ORD_27459,CUST_1006,2024-05-05 01:00:00,Completed,BNPL,0.0
ORD_27460,CUST_1008,2023-11-18 04:00:00,Completed,Credit Card,7.12
ORD_27461,CUST_1338,2023-09-01 17:00:00,Completed,Virtual Account Bank Transfer,7.33
ORD_27462,CUST_1029,2024-02-01 14:00:00,Completed,BNPL,0.0
ORD_27463,CUST_1240,2024-02-25 06:00:00,Cancelled,Credit Card,3.91
ORD_27464,CUST_2049,2023-05-24 20:00:00,Returned,QRIS,8.81
ORD_27465,CUST_1965,2023-12-29 02:00:00,Completed,QRIS,6.36
ORD_27466,CUST_2060,2024-02-12 15:00:00,Completed,Virtual Account Bank Transfer,3.2
ORD_27467,CUST_1350,2023-03-02 12:00:00,Completed,QRIS,3.54
ORD_27468,CUST_2143,2023-06-17 04:00:00,Completed,Virtual Account Bank Transfer,6.13
ORD_27469,CUST_1728,2023-11-20 12:00:00,Completed,E-Wallet (GoPay/OVO),3.74
ORD_27470,CUST_1301,2023-07-11 08:00:00,Completed,E-Wallet (GoPay/OVO),8.49
ORD_27471,CUST_1464,2024-07-13 14:00:00,Shipped,Credit Card,0.0
ORD_27472,CUST_1207,2023-11-03 02:00:00,Completed,Credit Card,6.45
ORD_27473,CUST_1350,2023-02-04 06:00:00,Completed,Credit Card,7.14
ORD_27474,CUST_1876,2024-03-14 11:00:00,Completed,Virtual Account Bank Transfer,8.07
ORD_27475,CUST_1820,2023-08-02 16:00:00,Completed,Virtual Account Bank Transfer,4.4
ORD_27476,CUST_1648,2024-01-06 18:00:00,Completed,E-Wallet (GoPay/OVO),0.0
ORD_27477,CUST_1692,2024-08-27 16:00:00,Completed,Virtual Account Bank Transfer,6.47
ORD_27478,CUST_1912,2024-07-10 19:00:00,Completed,QRIS,0.0
ORD_27479,CUST_1407,2023-07-31 17:00:00,Completed,Virtual Account Bank Transfer,7.52
ORD_27480,CUST_1406,2023-09-01 17:00:00,Completed,BNPL,6.48
ORD_27481,CUST_1783,2024-02-11 01:00:00,Shipped,E-Wallet (GoPay/OVO),0.0
ORD_27482,CUST_1373,2023-11-08 14:00:00,Completed,BNPL,3.5
ORD_27483,CUST_1098,2024-03-22 18:00:00,Delivered,BNPL,0.0
ORD_27484,CUST_1140,2024-08-03 18:00:00,Cancelled,Credit Card,3.19
ORD_27485,CUST_2079,2023-09-15 23:00:00,Completed,Virtual Account Bank Transfer,7.95
ORD_27486,CUST_1800,2024-03-21 15:00:00,Completed,E-Wallet (GoPay/OVO),0.0
ORD_27487,CUST_1686,2023-11-16 15:00:00,Completed,QRIS,0.0
ORD_27488,CUST_1905,2023-07-12 06:00:00,Completed,E-Wallet (GoPay/OVO),0.0
ORD_27489,CUST_1063,2023-10-08 20:00:00,Completed,Virtual Account Bank Transfer,0.0
ORD_27490,CUST_1620,2023-05-30 06:00:00,Completed,E-Wallet (GoPay/OVO),3.66
ORD_27491,CUST_1273,2023-09-16 09:00:00,Completed,E-Wallet (GoPay/OVO),4.42
ORD_27492,CUST_1612,2023-12-17 04:00:00,Delivered,Credit Card,8.13
ORD_27493,CUST_1909,2023-07-31 07:00:00,Returned,QRIS,0.0
ORD_27494,CUST_1016,2024-02-10 20:00:00,Completed,Virtual Account Bank Transfer,7.17
ORD_27495,CUST_2045,2024-01-08 11:00:00,Completed,Credit Card,0.0
ORD_27496,CUST_1303,2024-05-25 10:00:00,Completed,QRIS,0.0
ORD_27497,CUST_1562,2024-03-27 19:00:00,Shipped,BNPL,2.71
ORD_27498,CUST_1855,2023-12-20 10:00:00,Completed,Credit Card,8.77
ORD_27499,CUST_1929,2024-01-15 02:00:00,Completed,QRIS,4.59
ORD_27500,CUST_2198,2023-11-02 13:00:00,Shipped,E-Wallet (GoPay/OVO),2.92
ORD_27501,CUST_1846,2024-04-20 03:00:00,Completed,E-Wallet (GoPay/OVO),7.12
ORD_27502,CUST_1937,2023-05-31 13:00:00,Shipped,E-Wallet (GoPay/OVO),4.85
ORD_27503,CUST_1537,2023-12-12 07:00:00,Completed,Credit Card,7.87
ORD_27504,CUST_1718,2024-03-30 20:00:00,Completed,Virtual Account Bank Transfer,8.51
ORD_27505,CUST_2126,2023-04-07 07:00:00,Completed,QRIS,0.0
ORD_27506,CUST_1574,2024-04-03 15:00:00,Completed,Credit Card,4.57
ORD_27507,CUST_1743,2023-11-09 00:00:00,Cancelled,BNPL,3.33
ORD_27508,CUST_1928,2023-12-28 00:00:00,Completed,QRIS,3.1
ORD_27509,CUST_1001,2024-12-13 06:00:00,Completed,E-Wallet (GoPay/OVO),4.69
ORD_27510,CUST_1708,2024-03-29 15:00:00,Delivered,E-Wallet (GoPay/OVO),2.67
ORD_27511,CUST_1109,2023-12-17 10:00:00,Completed,Credit Card,5.72
ORD_27512,CUST_1505,2023-06-27 15:00:00,Cancelled,E-Wallet (GoPay/OVO),6.98
ORD_27513,CUST_1848,2024-02-03 01:00:00,Cancelled,BNPL,0.0
ORD_27514,CUST_1607,2024-08-19 10:00:00,Cancelled,E-Wallet (GoPay/OVO),0.0
ORD_27515,CUST_1694,2024-03-01 22:00:00,Shipped,BNPL,4.4
ORD_27516,CUST_1370,2023-06-16 01:00:00,Completed,QRIS,2.88
ORD_27517,CUST_1760,2023-08-17 20:00:00,Completed,E-Wallet (GoPay/OVO),3.32
ORD_27518,CUST_1479,2024-04-04 21:00:00,Completed,BNPL,3.73
ORD_27519,CUST_1155,2024-04-07 23:00:00,Completed,E-Wallet (GoPay/OVO),0.0
ORD_27520,CUST_1314,2024-06-21 22:00:00,Completed,Credit Card,8.47
ORD_27521,CUST_1882,2023-10-27 13:00:00,Shipped,BNPL,5.73
ORD_27522,CUST_1736,2023-10-31 18:00:00,Completed,E-Wallet (GoPay/OVO),4.13
ORD_27523,CUST_1819,2024-03-26 23:00:00,Completed,Credit Card,0.0
ORD_27524,CUST_1191,2024-10-08 21:00:00,Completed,QRIS,5.3
ORD_27525,CUST_2159,2023-05-06 13:00:00,Cancelled,BNPL,7.8
ORD_27526,CUST_1170,2023-10-02 20:00:00,Completed,Virtual Account Bank Transfer,0.0
ORD_27527,CUST_1522,2023-09-06 18:00:00,Completed,Credit Card,7.08
ORD_27528,CUST_1660,2023-04-19 11:00:00,Completed,E-Wallet (GoPay/OVO),7.78
ORD_27529,CUST_1678,2024-01-30 17:00:00,Cancelled,Virtual Account Bank Transfer,0.0
ORD_27530,CUST_1926,2024-01-15 18:00:00,Completed,QRIS,8.79
ORD_27531,CUST_1149,2024-03-16 03:00:00,Completed,QRIS,4.87
ORD_27532,CUST_2020,2024-06-28 16:00:00,Completed,E-Wallet (GoPay/OVO),0.0
ORD_27533,CUST_1172,2023-09-06 06:00:00,Delivered,E-Wallet (GoPay/OVO),7.49
ORD_27534,CUST_1411,2023-07-01 06:00:00,Completed,BNPL,7.54
ORD_27535,CUST_2096,2024-01-25 04:00:00,Completed,Credit Card,0.0
ORD_27536,CUST_1077,2024-06-02 06:00:00,Shipped,E-Wallet (GoPay/OVO),0.0
ORD_27537,CUST_1498,2023-03-22 03:00:00,Completed,BNPL,3.71
ORD_27538,CUST_1491,2023-08-13 05:00:00,Completed,BNPL,0.0
ORD_27539,CUST_1069,2024-06-13 03:00:00,Completed,Virtual Account Bank Transfer,3.92
ORD_27540,CUST_2111,2023-06-11 00:00:00,Completed,Virtual Account Bank Transfer,0.0
ORD_27541,CUST_1692,2024-01-09 23:00:00,Completed,E-Wallet (GoPay/OVO),3.44
ORD_27542,CUST_1133,2023-08-25 06:00:00,Completed,BNPL,0.0
ORD_27543,CUST_1819,2024-04-14 09:00:00,Completed,Virtual Account Bank Transfer,0.0
ORD_27544,CUST_1254,2024-05-22 12:00:00,Completed,Credit Card,0.0
ORD_27545,CUST_1430,2023-11-25 12:00:00,Completed,Virtual Account Bank Transfer,0.0
ORD_27546,CUST_1667,2024-03-16 02:00:00,Returned,QRIS,6.83
ORD_27547,CUST_1744,2023-04-08 00:00:00,Completed,Credit Card,3.01
ORD_27548,CUST_1445,2023-12-12 13:00:00,Shipped,E-Wallet (GoPay/OVO),4.04
ORD_27549,CUST_1032,2023-09-15 22:00:00,Completed,Virtual Account Bank Transfer,3.97
ORD_27550,CUST_1838,2023-08-23 01:00:00,Shipped,E-Wallet (GoPay/OVO),6.37
ORD_27551,CUST_1429,2023-09-06 10:00:00,Cancelled,E-Wallet (GoPay/OVO),5.03
ORD_27552,CUST_1100,2023-08-09 05:00:00,Shipped,BNPL,0.0
ORD_27553,CUST_1052,2023-08-07 21:00:00,Completed,Credit Card,0.0
ORD_27554,CUST_1346,2024-01-15 20:00:00,Cancelled,E-Wallet (GoPay/OVO),8.7
ORD_27555,CUST_1881,2023-06-15 06:00:00,Completed,Virtual Account Bank Transfer,5.07
ORD_27556,CUST_1138,2023-08-21 10:00:00,Completed,Virtual Account Bank Transfer,7.05
ORD_27557,CUST_2153,2023-11-27 23:00:00,Completed,Credit Card,5.71
ORD_27558,CUST_2131,2023-08-27 23:00:00,Completed,Credit Card,0.0
ORD_27559,CUST_1078,2023-09-26 22:00:00,Completed,Virtual Account Bank Transfer,0.0
ORD_27560,CUST_1325,2023-07-04 05:00:00,Shipped,E-Wallet (GoPay/OVO),0.0
ORD_27561,CUST_1630,2023-04-01 06:00:00,Completed,BNPL,6.01
ORD_27562,CUST_2088,2024-04-19 11:00:00,Completed,QRIS,0.0
ORD_27563,CUST_1553,2023-12-23 02:00:00,Returned,BNPL,0.0
ORD_27564,CUST_2114,2023-10-15 07:00:00,Completed,Virtual Account Bank Transfer,2.55
ORD_27565,CUST_1135,2024-04-13 20:00:00,Completed,QRIS,3.46
ORD_27566,CUST_1157,2024-12-02 02:00:00,Delivered,Credit Card,0.0
ORD_27567,CUST_1416,2024-05-05 12:00:00,Shipped,BNPL,0.0
ORD_27568,CUST_1523,2024-04-05 03:00:00,Completed,QRIS,5.22
ORD_27569,CUST_1846,2024-03-31 03:00:00,Delivered,Virtual Account Bank Transfer,0.0
ORD_27570,CUST_1019,2024-06-02 14:00:00,Completed,QRIS,0.0
ORD_27571,CUST_1519,2024-02-26 08:00:00,Cancelled,Credit Card,6.28
ORD_27572,CUST_1698,2024-08-08 23:00:00,Completed,E-Wallet (GoPay/OVO),3.87
ORD_27573,CUST_2012,2024-08-01 14:00:00,Completed,Credit Card,0.0
ORD_27574,CUST_1672,2024-05-21 12:00:00,Completed,Virtual Account Bank Transfer,5.59
ORD_27575,CUST_1301,2023-06-13 16:00:00,Completed,E-Wallet (GoPay/OVO),0.0
ORD_27576,CUST_1359,2023-03-27 03:00:00,Completed,QRIS,0.0
ORD_27577,CUST_1131,2023-05-01 19:00:00,Shipped,Credit Card,2.95
ORD_27578,CUST_1687,2023-11-01 03:00:00,Completed,E-Wallet (GoPay/OVO),0.0
ORD_27579,CUST_2188,2024-05-17 15:00:00,Cancelled,QRIS,0.0
ORD_27580,CUST_1693,2023-05-14 23:00:00,Delivered,QRIS,0.0
ORD_27581,CUST_1613,2024-05-12 18:00:00,Completed,Virtual Account Bank Transfer,6.32
ORD_27582,CUST_1229,2024-06-05 04:00:00,Completed,Credit Card,0.0
ORD_27583,CUST_1459,2024-06-19 06:00:00,Delivered,QRIS,0.0
ORD_27584,CUST_2012,2024-04-02 00:00:00,Completed,E-Wallet (GoPay/OVO),4.13
ORD_27585,CUST_1556,2024-12-17 09:00:00,Delivered,E-Wallet (GoPay/OVO),0.0
ORD_27586,CUST_1853,2024-06-27 18:00:00,Completed,Credit Card,0.0
ORD_27587,CUST_1087,2023-09-27 15:00:00,Cancelled,E-Wallet (GoPay/OVO),0.0
ORD_27588,CUST_1432,2025-02-13 15:00:00,Completed,Virtual Account Bank Transfer,0.0
ORD_27589,CUST_1742,2024-08-11 18:00:00,Returned,BNPL,5.6
ORD_27590,CUST_2193,2024-01-17 18:00:00,Shipped,QRIS,6.52
ORD_27591,CUST_1177,2024-05-06 21:00:00,Completed,Credit Card,5.9
ORD_27592,CUST_1809,2024-01-24 20:00:00,Completed,E-Wallet (GoPay/OVO),7.67
ORD_27593,CUST_2160,2023-05-06 16:00:00,Delivered,Virtual Account Bank Transfer,5.68
ORD_27594,CUST_1703,2023-09-16 02:00:00,Completed,E-Wallet (GoPay/OVO),6.62
ORD_27595,CUST_1059,2023-11-12 06:00:00,Cancelled,Credit Card,0.0
ORD_27596,CUST_1435,2023-12-19 23:00:00,Completed,Virtual Account Bank Transfer,3.96
ORD_27597,CUST_1597,2024-05-08 04:00:00,Completed,E-Wallet (GoPay/OVO),2.97
ORD_27598,CUST_1564,2023-12-25 05:00:00,Completed,Virtual Account Bank Transfer,6.88
ORD_27599,CUST_1800,2024-05-14 20:00:00,Completed,Credit Card,0.0
ORD_27600,CUST_2076,2024-04-29 15:00:00,Completed,QRIS,4.63
ORD_27601,CUST_1205,2025-01-10 14:00:00,Completed,Credit Card,8.13
ORD_27602,CUST_1624,2023-02-23 11:00:00,Completed,QRIS,3.77
ORD_27603,CUST_1763,2024-01-30 22:00:00,Completed,E-Wallet (GoPay/OVO),3.82
ORD_27604,CUST_1067,2023-03-13 23:00:00,Delivered,BNPL,0.0
ORD_27605,CUST_2045,2024-01-30 15:00:00,Cancelled,E-Wallet (GoPay/OVO),0.0
ORD_27606,CUST_1382,2023-09-22 21:00:00,Cancelled,Credit Card,0.0
ORD_27607,CUST_2055,2023-05-14 07:00:00,Cancelled,Credit Card,2.79
ORD_27608,CUST_1572,2023-03-16 08:00:00,Completed,Virtual Account Bank Transfer,2.75
ORD_27609,CUST_1153,2023-04-22 12:00:00,Completed,QRIS,3.6
ORD_27610,CUST_2155,2024-09-13 01:00:00,Completed,Credit Card,7.84
ORD_27611,CUST_1558,2024-01-21 23:00:00,Completed,E-Wallet (GoPay/OVO),5.14
ORD_27612,CUST_2074,2023-04-06 11:00:00,Completed,BNPL,6.48
ORD_27613,CUST_1002,2023-05-06 14:00:00,Shipped,QRIS,0.0
ORD_27614,CUST_1089,2025-05-14 04:00:00,Completed,QRIS,7.81
ORD_27615,CUST_1692,2024-01-02 02:00:00,Completed,Credit Card,8.05
ORD_27616,CUST_1437,2023-04-20 09:00:00,Delivered,Virtual Account Bank Transfer,3.49
ORD_27617,CUST_1666,2023-10-17 03:00:00,Completed,BNPL,3.79
ORD_27618,CUST_1406,2023-08-28 08:00:00,Completed,BNPL,6.42
ORD_27619,CUST_1144,2023-08-18 02:00:00,Completed,Credit Card,0.0
ORD_27620,CUST_1539,2023-12-30 08:00:00,Completed,BNPL,0.0
ORD_27621,CUST_1869,2024-03-03 08:00:00,Completed,QRIS,0.0
ORD_27622,CUST_1829,2024-03-06 12:00:00,Completed,Credit Card,0.0
ORD_27623,CUST_1755,2024-04-24 03:00:00,Completed,E-Wallet (GoPay/OVO),0.0
ORD_27624,CUST_1267,2024-09-13 22:00:00,Completed,Credit Card,3.41
ORD_27625,CUST_1656,2023-02-03 03:00:00,Completed,Credit Card,3.69
ORD_27626,CUST_1965,2024-01-06 09:00:00,Completed,Virtual Account Bank Transfer,3.02
ORD_27627,CUST_2050,2023-07-18 04:00:00,Completed,BNPL,7.73
ORD_27628,CUST_1927,2024-07-16 22:00:00,Completed,BNPL,8.39
ORD_27629,CUST_1031,2023-11-28 03:00:00,Completed,BNPL,7.69
ORD_27630,CUST_1839,2024-02-18 17:00:00,Completed,Virtual Account Bank Transfer,0.0
ORD_27631,CUST_2034,2023-10-02 18:00:00,Completed,BNPL,3.57
ORD_27632,CUST_1871,2024-02-24 05:00:00,Shipped,Credit Card,0.0
ORD_27633,CUST_1053,2024-08-31 00:00:00,Completed,Credit Card,3.68
ORD_27634,CUST_1282,2023-05-17 09:00:00,Cancelled,QRIS,7.93
ORD_27635,CUST_2185,2024-09-07 18:00:00,Completed,QRIS,0.0
ORD_27636,CUST_1451,2023-07-14 15:00:00,Completed,QRIS,0.0
ORD_27637,CUST_1132,2023-07-11 18:00:00,Completed,QRIS,7.41
ORD_27638,CUST_1498,2023-06-20 05:00:00,Shipped,BNPL,8.56
ORD_27639,CUST_1281,2023-10-28 16:00:00,Completed,Virtual Account Bank Transfer,5.24
ORD_27640,CUST_1521,2023-04-04 07:00:00,Returned,QRIS,0.0
ORD_27641,CUST_1917,2025-02-02 15:00:00,Shipped,BNPL,8.62
ORD_27642,CUST_1670,2023-07-01 17:00:00,Delivered,BNPL,0.0
ORD_27643,CUST_1059,2023-10-10 21:00:00,Completed,Credit Card,0.0
ORD_27644,CUST_1412,2024-09-07 19:00:00,Delivered,Virtual Account Bank Transfer,5.17
ORD_27645,CUST_1754,2023-04-16 23:00:00,Delivered,QRIS,8.41
ORD_27646,CUST_1237,2024-01-06 02:00:00,Completed,QRIS,0.0
ORD_27647,CUST_1032,2023-08-30 18:00:00,Completed,QRIS,3.12
ORD_27648,CUST_1422,2023-10-21 10:00:00,Completed,Virtual Account Bank Transfer,0.0
ORD_27649,CUST_1600,2024-06-03 21:00:00,Completed,Virtual Account Bank Transfer,0.0
ORD_27650,CUST_1237,2023-10-16 04:00:00,Completed,Credit Card,4.89
ORD_27651,CUST_1974,2023-09-09 07:00:00,Cancelled,QRIS,8.21
ORD_27652,CUST_1311,2024-04-22 17:00:00,Completed,Virtual Account Bank Transfer,0.0
ORD_27653,CUST_1220,2023-06-05 10:00:00,Completed,Credit Card,7.8
ORD_27654,CUST_1213,2024-02-21 15:00:00,Completed,BNPL,0.0
ORD_27655,CUST_1655,2024-07-06 18:00:00,Completed,QRIS,5.15
ORD_27656,CUST_1199,2023-12-30 10:00:00,Delivered,Virtual Account Bank Transfer,0.0
ORD_27657,CUST_2170,2024-05-09 16:00:00,Shipped,QRIS,0.0
ORD_27658,CUST_1625,2024-03-22 23:00:00,Completed,Virtual Account Bank Transfer,0.0
ORD_27659,CUST_2094,2023-08-10 13:00:00,Completed,BNPL,0.0
ORD_27660,CUST_1719,2024-06-23 21:00:00,Completed,Credit Card,8.85
ORD_27661,CUST_1502,2023-08-10 09:00:00,Shipped,BNPL,0.0
ORD_27662,CUST_1754,2023-07-24 07:00:00,Shipped,QRIS,0.0
ORD_27663,CUST_1258,2023-06-08 22:00:00,Completed,Virtual Account Bank Transfer,5.09
ORD_27664,CUST_1350,2023-03-12 22:00:00,Completed,Virtual Account Bank Transfer,0.0
ORD_27665,CUST_1272,2023-12-05 14:00:00,Completed,Credit Card,0.0
ORD_27666,CUST_2181,2023-10-24 19:00:00,Completed,Virtual Account Bank Transfer,0.0
ORD_27667,CUST_1556,2024-11-26 01:00:00,Delivered,Credit Card,0.0
ORD_27668,CUST_1147,2023-09-06 13:00:00,Completed,Credit Card,5.78
ORD_27669,CUST_1384,2023-05-19 01:00:00,Completed,BNPL,6.71
ORD_27670,CUST_1859,2023-03-20 13:00:00,Delivered,E-Wallet (GoPay/OVO),5.87
ORD_27671,CUST_1804,2023-04-20 11:00:00,Completed,E-Wallet (GoPay/OVO),0.0
ORD_27672,CUST_1465,2023-11-24 06:00:00,Completed,BNPL,0.0
ORD_27673,CUST_1331,2023-10-16 20:00:00,Completed,Virtual Account Bank Transfer,8.13
ORD_27674,CUST_1679,2023-11-03 22:00:00,Completed,Credit Card,7.38
ORD_27675,CUST_1986,2023-11-03 22:00:00,Completed,Virtual Account Bank Transfer,0.0
ORD_27676,CUST_2053,2024-05-23 01:00:00,Shipped,QRIS,8.72
ORD_27677,CUST_1541,2023-02-27 14:00:00,Completed,E-Wallet (GoPay/OVO),5.32
ORD_27678,CUST_1166,2024-01-13 22:00:00,Completed,Credit Card,7.28
ORD_27679,CUST_1446,2024-05-07 22:00:00,Shipped,BNPL,7.91
ORD_27680,CUST_1943,2023-12-19 18:00:00,Completed,QRIS,3.3
ORD_27681,CUST_1321,2024-06-22 03:00:00,Shipped,E-Wallet (GoPay/OVO),0.0
ORD_27682,CUST_1755,2023-11-14 15:00:00,Completed,QRIS,0.0
ORD_27683,CUST_1186,2023-12-06 00:00:00,Completed,Credit Card,5.28
ORD_27684,CUST_2116,2024-04-05 17:00:00,Completed,Credit Card,0.0
ORD_27685,CUST_1211,2023-10-25 07:00:00,Completed,Credit Card,4.15
ORD_27686,CUST_1951,2023-12-16 20:00:00,Completed,QRIS,7.83
ORD_27687,CUST_1716,2024-02-08 01:00:00,Completed,BNPL,3.71
ORD_27688,CUST_1705,2024-03-15 17:00:00,Completed,E-Wallet (GoPay/OVO),5.18
ORD_27689,CUST_1242,2023-05-08 06:00:00,Completed,BNPL,3.83
ORD_27690,CUST_1155,2024-10-01 18:00:00,Completed,QRIS,5.14
ORD_27691,CUST_2183,2024-04-24 05:00:00,Completed,E-Wallet (GoPay/OVO),4.91
ORD_27692,CUST_1124,2024-09-25 11:00:00,Completed,QRIS,7.16
ORD_27693,CUST_1830,2023-08-28 09:00:00,Completed,E-Wallet (GoPay/OVO),2.97
ORD_27694,CUST_1439,2023-09-27 18:00:00,Completed,E-Wallet (GoPay/OVO),7.84
ORD_27695,CUST_1338,2023-10-27 17:00:00,Delivered,QRIS,0.0
ORD_27696,CUST_1369,2023-11-04 19:00:00,Completed,BNPL,0.0
ORD_27697,CUST_1969,2023-06-07 06:00:00,Completed,E-Wallet (GoPay/OVO),0.0
ORD_27698,CUST_1549,2024-03-04 23:00:00,Completed,E-Wallet (GoPay/OVO),0.0
ORD_27699,CUST_1624,2023-06-06 03:00:00,Completed,Credit Card,6.82
ORD_27700,CUST_1753,2024-11-03 15:00:00,Completed,Credit Card,5.19
ORD_27701,CUST_2083,2023-07-21 17:00:00,Completed,E-Wallet (GoPay/OVO),4.52
ORD_27702,CUST_1347,2023-03-31 20:00:00,Delivered,BNPL,8.61
ORD_27703,CUST_2027,2023-11-17 03:00:00,Completed,Credit Card,8.6
ORD_27704,CUST_1676,2024-02-17 06:00:00,Completed,Virtual Account Bank Transfer,0.0
ORD_27705,CUST_1551,2023-10-15 18:00:00,Completed,Credit Card,0.0
ORD_27706,CUST_1844,2023-08-21 05:00:00,Completed,Virtual Account Bank Transfer,5.25
ORD_27707,CUST_2102,2024-01-13 12:00:00,Completed,QRIS,7.02
ORD_27708,CUST_2041,2024-08-22 05:00:00,Completed,E-Wallet (GoPay/OVO),6.41
ORD_27709,CUST_1024,2023-08-14 01:00:00,Completed,BNPL,0.0
ORD_27710,CUST_1728,2023-11-01 16:00:00,Completed,QRIS,0.0
ORD_27711,CUST_1710,2023-08-14 14:00:00,Delivered,QRIS,6.81
ORD_27712,CUST_2196,2023-10-25 18:00:00,Completed,E-Wallet (GoPay/OVO),0.0
ORD_27713,CUST_1610,2024-09-25 20:00:00,Completed,Virtual Account Bank Transfer,0.0
ORD_27714,CUST_1111,2023-07-09 22:00:00,Completed,E-Wallet (GoPay/OVO),0.0
ORD_27715,CUST_1960,2023-10-25 19:00:00,Completed,QRIS,0.0
ORD_27716,CUST_1871,2024-05-24 04:00:00,Returned,BNPL,4.33
ORD_27717,CUST_1254,2024-08-12 02:00:00,Completed,BNPL,8.0
ORD_27718,CUST_1202,2024-04-21 08:00:00,Completed,Virtual Account Bank Transfer,2.66
ORD_27719,CUST_2073,2023-05-24 21:00:00,Returned,BNPL,5.68
ORD_27720,CUST_1543,2023-09-02 06:00:00,Completed,E-Wallet (GoPay/OVO),0.0
ORD_27721,CUST_1801,2024-03-30 05:00:00,Completed,Credit Card,7.04
ORD_27722,CUST_2125,2023-04-21 00:00:00,Cancelled,Virtual Account Bank Transfer,5.27
ORD_27723,CUST_1021,2023-08-11 01:00:00,Completed,Credit Card,0.0
ORD_27724,CUST_1235,2024-01-13 08:00:00,Completed,Virtual Account Bank Transfer,7.2
ORD_27725,CUST_1356,2023-10-17 10:00:00,Cancelled,Virtual Account Bank Transfer,8.61
ORD_27726,CUST_2077,2023-07-10 03:00:00,Shipped,QRIS,7.82
ORD_27727,CUST_1435,2023-10-26 05:00:00,Shipped,QRIS,0.0
ORD_27728,CUST_1536,2024-03-11 10:00:00,Completed,BNPL,8.52
ORD_27729,CUST_1297,2023-10-24 14:00:00,Delivered,Virtual Account Bank Transfer,0.0
ORD_27730,CUST_1486,2023-09-13 19:00:00,Completed,Virtual Account Bank Transfer,8.24
ORD_27731,CUST_1519,2024-03-12 00:00:00,Shipped,E-Wallet (GoPay/OVO),0.0
ORD_27732,CUST_1178,2023-04-20 16:00:00,Completed,QRIS,8.18
ORD_27733,CUST_2011,2024-04-25 20:00:00,Completed,QRIS,0.0
ORD_27734,CUST_1035,2023-11-07 02:00:00,Delivered,Virtual Account Bank Transfer,5.95
ORD_27735,CUST_1336,2023-10-15 13:00:00,Completed,QRIS,0.0
ORD_27736,CUST_1631,2024-05-03 19:00:00,Completed,Virtual Account Bank Transfer,0.0
ORD_27737,CUST_1437,2023-03-22 20:00:00,Completed,Credit Card,4.42
ORD_27738,CUST_1801,2024-09-07 11:00:00,Completed,QRIS,4.57
ORD_27739,CUST_1996,2023-09-04 00:00:00,Completed,Credit Card,8.0
ORD_27740,CUST_2072,2024-06-14 03:00:00,Completed,Credit Card,7.1
ORD_27741,CUST_1762,2023-08-28 00:00:00,Completed,Credit Card,6.05
ORD_27742,CUST_1675,2024-04-01 10:00:00,Completed,BNPL,0.0
ORD_27743,CUST_1096,2024-11-08 02:00:00,Completed,QRIS,5.0
ORD_27744,CUST_1977,2024-05-10 12:00:00,Completed,Credit Card,0.0
ORD_27745,CUST_1733,2024-03-20 04:00:00,Completed,QRIS,6.65
ORD_27746,CUST_1499,2023-06-28 07:00:00,Completed,Credit Card,5.77
ORD_27747,CUST_2079,2023-11-28 21:00:00,Completed,Virtual Account Bank Transfer,0.0
ORD_27748,CUST_2008,2023-10-08 11:00:00,Completed,QRIS,6.06
ORD_27749,CUST_1441,2023-09-12 10:00:00,Completed,Virtual Account Bank Transfer,4.73
ORD_27750,CUST_2182,2023-12-08 00:00:00,Cancelled,BNPL,3.02
ORD_27751,CUST_1102,2024-06-12 19:00:00,Completed,QRIS,0.0
ORD_27752,CUST_1294,2023-08-26 07:00:00,Completed,E-Wallet (GoPay/OVO),5.56
ORD_27753,CUST_1319,2024-10-18 01:00:00,Completed,E-Wallet (GoPay/OVO),4.08
ORD_27754,CUST_1131,2023-05-02 21:00:00,Completed,QRIS,0.0
ORD_27755,CUST_2068,2023-04-06 19:00:00,Cancelled,E-Wallet (GoPay/OVO),4.47
ORD_27756,CUST_1274,2024-11-03 06:00:00,Completed,E-Wallet (GoPay/OVO),8.26
ORD_27757,CUST_1202,2024-04-21 22:00:00,Shipped,QRIS,4.82
ORD_27758,CUST_2109,2023-10-01 09:00:00,Delivered,Credit Card,3.57
ORD_27759,CUST_1013,2024-05-08 03:00:00,Shipped,BNPL,0.0
ORD_27760,CUST_1823,2024-04-10 14:00:00,Shipped,Virtual Account Bank Transfer,0.0
ORD_27761,CUST_1279,2023-02-02 19:00:00,Shipped,QRIS,8.93
ORD_27762,CUST_1584,2024-01-11 01:00:00,Completed,Virtual Account Bank Transfer,6.9
ORD_27763,CUST_1716,2024-01-22 22:00:00,Cancelled,Virtual Account Bank Transfer,0.0
ORD_27764,CUST_1538,2023-03-06 13:00:00,Completed,Credit Card,6.78
ORD_27765,CUST_1553,2023-12-31 00:00:00,Completed,Credit Card,7.04
ORD_27766,CUST_1543,2023-10-29 07:00:00,Completed,BNPL,3.72
ORD_27767,CUST_1360,2023-06-21 04:00:00,Completed,Virtual Account Bank Transfer,6.11
ORD_27768,CUST_2107,2023-11-17 04:00:00,Completed,Credit Card,0.0
ORD_27769,CUST_1469,2023-08-29 23:00:00,Shipped,E-Wallet (GoPay/OVO),6.63
ORD_27770,CUST_1091,2024-05-10 03:00:00,Completed,E-Wallet (GoPay/OVO),6.33
ORD_27771,CUST_1583,2023-02-10 17:00:00,Completed,Credit Card,4.94
ORD_27772,CUST_2049,2023-02-22 02:00:00,Completed,Virtual Account Bank Transfer,5.46
ORD_27773,CUST_1350,2023-01-04 02:00:00,Completed,E-Wallet (GoPay/OVO),0.0
ORD_27774,CUST_1234,2024-07-01 11:00:00,Completed,QRIS,5.19
ORD_27775,CUST_1844,2023-11-01 01:00:00,Shipped,Credit Card,0.0
ORD_27776,CUST_1095,2023-07-10 07:00:00,Completed,E-Wallet (GoPay/OVO),4.99
ORD_27777,CUST_1704,2023-08-05 02:00:00,Completed,E-Wallet (GoPay/OVO),0.0
ORD_27778,CUST_1563,2024-04-01 19:00:00,Delivered,QRIS,3.77
ORD_27779,CUST_1177,2024-10-20 06:00:00,Completed,Virtual Account Bank Transfer,6.74
ORD_27780,CUST_1266,2024-03-02 00:00:00,Completed,Virtual Account Bank Transfer,3.34
ORD_27781,CUST_2137,2024-09-05 13:00:00,Completed,BNPL,8.51
ORD_27782,CUST_1514,2023-07-18 07:00:00,Shipped,Credit Card,6.42
ORD_27783,CUST_1040,2025-06-07 10:00:00,Delivered,QRIS,2.8
ORD_27784,CUST_1557,2024-03-21 07:00:00,Completed,Virtual Account Bank Transfer,8.05
ORD_27785,CUST_2199,2024-10-08 06:00:00,Completed,E-Wallet (GoPay/OVO),0.0
ORD_27786,CUST_1230,2023-08-03 21:00:00,Delivered,QRIS,0.0
ORD_27787,CUST_1575,2024-02-22 15:00:00,Cancelled,QRIS,6.9
ORD_27788,CUST_1256,2023-09-28 01:00:00,Completed,QRIS,0.0
ORD_27789,CUST_1794,2023-09-19 16:00:00,Completed,QRIS,0.0
ORD_27790,CUST_2059,2024-04-17 14:00:00,Completed,Credit Card,4.9
ORD_27791,CUST_2021,2023-07-20 10:00:00,Completed,BNPL,0.0
ORD_27792,CUST_1532,2024-07-18 14:00:00,Delivered,BNPL,0.0
ORD_27793,CUST_1938,2024-08-19 11:00:00,Delivered,Credit Card,0.0
ORD_27794,CUST_1510,2023-04-28 23:00:00,Completed,E-Wallet (GoPay/OVO),0.0
ORD_27795,CUST_2102,2024-08-22 12:00:00,Completed,E-Wallet (GoPay/OVO),5.63
ORD_27796,CUST_2022,2023-10-21 17:00:00,Completed,QRIS,8.1
ORD_27797,CUST_1885,2023-08-20 05:00:00,Completed,E-Wallet (GoPay/OVO),7.44
ORD_27798,CUST_1254,2024-03-21 07:00:00,Delivered,QRIS,7.56
ORD_27799,CUST_1140,2024-02-14 18:00:00,Delivered,BNPL,3.04
ORD_27800,CUST_1701,2024-07-15 11:00:00,Completed,BNPL,0.0
ORD_27801,CUST_2131,2023-05-29 22:00:00,Shipped,Virtual Account Bank Transfer,6.77
ORD_27802,CUST_1640,2024-01-17 22:00:00,Completed,E-Wallet (GoPay/OVO),6.74
ORD_27803,CUST_1097,2024-01-28 20:00:00,Completed,QRIS,0.0
ORD_27804,CUST_1236,2024-02-28 19:00:00,Completed,E-Wallet (GoPay/OVO),0.0
ORD_27805,CUST_1062,2024-04-19 01:00:00,Completed,Credit Card,6.92
ORD_27806,CUST_1943,2023-10-22 16:00:00,Completed,Credit Card,7.73
ORD_27807,CUST_1901,2024-01-10 20:00:00,Shipped,Credit Card,0.0
ORD_27808,CUST_1395,2024-01-01 22:00:00,Completed,E-Wallet (GoPay/OVO),0.0
ORD_27809,CUST_1140,2024-10-06 14:00:00,Completed,Credit Card,8.41
ORD_27810,CUST_1071,2024-03-09 10:00:00,Completed,E-Wallet (GoPay/OVO),2.58
ORD_27811,CUST_1240,2024-01-10 00:00:00,Completed,E-Wallet (GoPay/OVO),3.5
ORD_27812,CUST_1070,2023-05-01 13:00:00,Completed,Virtual Account Bank Transfer,8.37
ORD_27813,CUST_1070,2023-09-19 05:00:00,Completed,Credit Card,9.0
ORD_27814,CUST_1746,2024-08-10 23:00:00,Completed,E-Wallet (GoPay/OVO),3.1
ORD_27815,CUST_1954,2023-05-07 07:00:00,Returned,BNPL,5.64
ORD_27816,CUST_1995,2024-03-20 16:00:00,Completed,Credit Card,0.0
ORD_27817,CUST_1207,2023-09-09 06:00:00,Shipped,QRIS,6.77
ORD_27818,CUST_1069,2024-10-11 17:00:00,Completed,Virtual Account Bank Transfer,8.59
ORD_27819,CUST_1326,2023-09-22 04:00:00,Completed,Credit Card,0.0
ORD_27820,CUST_1424,2024-02-11 17:00:00,Completed,BNPL,8.66
ORD_27821,CUST_1813,2023-05-03 13:00:00,Cancelled,Credit Card,4.92
ORD_27822,CUST_1100,2023-09-12 15:00:00,Completed,Credit Card,7.77
ORD_27823,CUST_1959,2024-05-20 15:00:00,Completed,E-Wallet (GoPay/OVO),4.85
ORD_27824,CUST_1321,2024-05-23 04:00:00,Completed,QRIS,0.0
ORD_27825,CUST_1717,2023-04-27 08:00:00,Completed,Virtual Account Bank Transfer,2.93
ORD_27826,CUST_1571,2024-02-11 19:00:00,Completed,E-Wallet (GoPay/OVO),7.54
ORD_27827,CUST_1346,2024-09-02 03:00:00,Completed,QRIS,6.1
ORD_27828,CUST_1614,2023-06-26 20:00:00,Delivered,BNPL,3.51
ORD_27829,CUST_1147,2023-10-06 15:00:00,Delivered,Credit Card,7.28
ORD_27830,CUST_2075,2024-03-28 00:00:00,Completed,E-Wallet (GoPay/OVO),0.0
ORD_27831,CUST_1846,2024-05-04 10:00:00,Cancelled,Credit Card,3.64
ORD_27832,CUST_1867,2024-09-03 01:00:00,Delivered,QRIS,6.99
ORD_27833,CUST_1304,2024-01-02 02:00:00,Shipped,BNPL,8.38
ORD_27834,CUST_1395,2024-03-25 23:00:00,Completed,E-Wallet (GoPay/OVO),0.0
ORD_27835,CUST_1797,2024-04-06 06:00:00,Completed,Credit Card,8.96
ORD_27836,CUST_1187,2024-01-14 05:00:00,Completed,Credit Card,0.0
ORD_27837,CUST_1322,2024-10-11 17:00:00,Completed,QRIS,0.0
ORD_27838,CUST_1477,2024-04-28 17:00:00,Completed,BNPL,7.23
ORD_27839,CUST_1645,2023-06-26 21:00:00,Completed,BNPL,2.65
ORD_27840,CUST_1795,2023-04-19 07:00:00,Completed,BNPL,0.0
ORD_27841,CUST_1443,2023-10-06 19:00:00,Completed,E-Wallet (GoPay/OVO),3.9
ORD_27842,CUST_1801,2024-04-19 01:00:00,Completed,QRIS,0.0
ORD_27843,CUST_1925,2023-03-26 14:00:00,Completed,E-Wallet (GoPay/OVO),5.8
ORD_27844,CUST_1135,2024-01-09 13:00:00,Completed,QRIS,0.0
ORD_27845,CUST_2038,2024-05-01 17:00:00,Completed,Virtual Account Bank Transfer,8.05
ORD_27846,CUST_2194,2024-04-04 02:00:00,Delivered,BNPL,0.0
ORD_27847,CUST_1683,2024-04-05 12:00:00,Completed,BNPL,8.13
ORD_27848,CUST_1162,2023-04-08 15:00:00,Completed,Credit Card,6.46
ORD_27849,CUST_2100,2023-11-24 21:00:00,Completed,E-Wallet (GoPay/OVO),8.29
ORD_27850,CUST_1941,2024-04-12 04:00:00,Completed,QRIS,0.0
ORD_27851,CUST_1556,2024-07-15 13:00:00,Shipped,Virtual Account Bank Transfer,0.0
ORD_27852,CUST_1069,2024-08-02 08:00:00,Completed,Credit Card,7.05
ORD_27853,CUST_1998,2024-07-04 16:00:00,Returned,QRIS,2.76
ORD_27854,CUST_1587,2024-12-11 08:00:00,Completed,Credit Card,2.87
ORD_27855,CUST_1301,2023-08-14 04:00:00,Completed,Virtual Account Bank Transfer,3.15
ORD_27856,CUST_1562,2024-02-17 06:00:00,Completed,Virtual Account Bank Transfer,2.89
ORD_27857,CUST_1499,2023-07-30 05:00:00,Completed,Credit Card,5.29
ORD_27858,CUST_1230,2025-06-03 07:00:00,Completed,QRIS,7.3
ORD_27859,CUST_1289,2024-02-17 09:00:00,Delivered,BNPL,7.0
ORD_27860,CUST_1457,2023-06-11 17:00:00,Completed,E-Wallet (GoPay/OVO),6.58
ORD_27861,CUST_1943,2023-08-14 12:00:00,Shipped,Credit Card,8.48
ORD_27862,CUST_2039,2023-04-20 21:00:00,Completed,Virtual Account Bank Transfer,0.0
ORD_27863,CUST_1210,2023-11-07 17:00:00,Completed,QRIS,4.41
ORD_27864,CUST_1084,2023-11-26 22:00:00,Completed,E-Wallet (GoPay/OVO),0.0
ORD_27865,CUST_1801,2024-03-17 15:00:00,Completed,Virtual Account Bank Transfer,3.4
ORD_27866,CUST_1116,2023-02-19 10:00:00,Completed,QRIS,0.0
ORD_27867,CUST_1052,2023-05-16 19:00:00,Completed,E-Wallet (GoPay/OVO),0.0
ORD_27868,CUST_1732,2024-01-09 19:00:00,Shipped,QRIS,0.0
ORD_27869,CUST_1929,2024-01-01 14:00:00,Returned,BNPL,0.0
ORD_27870,CUST_1496,2023-05-04 21:00:00,Shipped,QRIS,3.78
ORD_27871,CUST_2090,2024-11-24 02:00:00,Completed,Virtual Account Bank Transfer,0.0
ORD_27872,CUST_1641,2024-09-13 16:00:00,Returned,QRIS,0.0
ORD_27873,CUST_1049,2023-04-14 08:00:00,Completed,QRIS,6.19
ORD_27874,CUST_1016,2023-12-22 16:00:00,Delivered,BNPL,3.39
ORD_27875,CUST_1494,2024-05-15 04:00:00,Delivered,Virtual Account Bank Transfer,5.21
ORD_27876,CUST_1224,2023-03-10 11:00:00,Cancelled,BNPL,6.63
ORD_27877,CUST_1311,2024-05-13 20:00:00,Completed,QRIS,0.0
ORD_27878,CUST_1597,2024-04-28 16:00:00,Returned,QRIS,0.0
ORD_27879,CUST_2104,2023-08-19 02:00:00,Delivered,Credit Card,6.03
ORD_27880,CUST_1194,2024-05-27 12:00:00,Completed,QRIS,0.0
ORD_27881,CUST_1302,2023-11-21 17:00:00,Completed,E-Wallet (GoPay/OVO),0.0
ORD_27882,CUST_1214,2024-07-28 21:00:00,Completed,E-Wallet (GoPay/OVO),0.0
ORD_27883,CUST_1705,2024-01-21 00:00:00,Completed,E-Wallet (GoPay/OVO),0.0
ORD_27884,CUST_1052,2024-04-16 18:00:00,Completed,Credit Card,3.21
ORD_27885,CUST_1523,2024-05-10 19:00:00,Completed,Virtual Account Bank Transfer,3.67
ORD_27886,CUST_1405,2024-01-24 08:00:00,Completed,Credit Card,4.33
ORD_27887,CUST_2187,2023-03-19 20:00:00,Completed,Virtual Account Bank Transfer,0.0
ORD_27888,CUST_1297,2024-04-03 08:00:00,Completed,Credit Card,4.41
ORD_27889,CUST_1047,2024-03-29 10:00:00,Completed,Credit Card,8.14
ORD_27890,CUST_1716,2024-02-26 20:00:00,Completed,Virtual Account Bank Transfer,0.0
ORD_27891,CUST_1948,2023-05-04 19:00:00,Completed,E-Wallet (GoPay/OVO),0.0
ORD_27892,CUST_1326,2023-10-27 06:00:00,Completed,E-Wallet (GoPay/OVO),0.0
ORD_27893,CUST_1555,2023-06-15 10:00:00,Completed,Virtual Account Bank Transfer,6.48
ORD_27894,CUST_2113,2023-05-27 04:00:00,Cancelled,Virtual Account Bank Transfer,0.0
ORD_27895,CUST_1396,2023-10-02 21:00:00,Completed,E-Wallet (GoPay/OVO),0.0
ORD_27896,CUST_1982,2024-07-21 23:00:00,Cancelled,QRIS,5.87
ORD_27897,CUST_2195,2023-04-08 09:00:00,Completed,E-Wallet (GoPay/OVO),0.0
ORD_27898,CUST_1312,2024-03-30 15:00:00,Returned,Virtual Account Bank Transfer,0.0
ORD_27899,CUST_1995,2024-03-20 16:00:00,Cancelled,QRIS,7.29
ORD_27900,CUST_1461,2023-10-30 08:00:00,Shipped,QRIS,4.52
ORD_27901,CUST_1902,2023-11-21 18:00:00,Shipped,Credit Card,0.0
ORD_27902,CUST_1067,2024-09-09 18:00:00,Returned,BNPL,5.8
ORD_27903,CUST_1916,2023-12-07 15:00:00,Completed,Credit Card,5.52
ORD_27904,CUST_1256,2023-09-06 16:00:00,Completed,BNPL,7.61
ORD_27905,CUST_1657,2024-03-08 17:00:00,Completed,Virtual Account Bank Transfer,0.0
ORD_27906,CUST_1975,2024-02-20 13:00:00,Returned,E-Wallet (GoPay/OVO),3.25
ORD_27907,CUST_1408,2023-10-21 20:00:00,Completed,E-Wallet (GoPay/OVO),2.8
ORD_27908,CUST_2072,2023-12-03 09:00:00,Completed,Virtual Account Bank Transfer,7.52
ORD_27909,CUST_1347,2023-07-19 07:00:00,Completed,QRIS,6.09
ORD_27910,CUST_1764,2023-10-11 14:00:00,Completed,E-Wallet (GoPay/OVO),4.09
ORD_27911,CUST_1304,2024-01-28 11:00:00,Completed,Credit Card,3.27
ORD_27912,CUST_1863,2023-06-09 07:00:00,Completed,QRIS,6.13
ORD_27913,CUST_1012,2024-01-27 18:00:00,Shipped,Virtual Account Bank Transfer,8.9
ORD_27914,CUST_1759,2024-05-23 20:00:00,Completed,E-Wallet (GoPay/OVO),0.0
ORD_27915,CUST_2083,2023-07-05 03:00:00,Shipped,Virtual Account Bank Transfer,4.49
ORD_27916,CUST_1085,2024-04-20 23:00:00,Completed,Credit Card,7.39
ORD_27917,CUST_1945,2024-03-03 19:00:00,Completed,Credit Card,0.0
ORD_27918,CUST_1372,2023-07-25 09:00:00,Completed,Virtual Account Bank Transfer,0.0
ORD_27919,CUST_1641,2024-04-20 17:00:00,Completed,E-Wallet (GoPay/OVO),7.57
ORD_27920,CUST_1521,2023-06-23 21:00:00,Completed,QRIS,5.08
ORD_27921,CUST_2026,2023-07-15 18:00:00,Completed,E-Wallet (GoPay/OVO),0.0
ORD_27922,CUST_2135,2024-02-10 15:00:00,Shipped,QRIS,4.4
ORD_27923,CUST_1625,2024-07-21 05:00:00,Completed,Credit Card,6.77
ORD_27924,CUST_1772,2024-05-24 19:00:00,Cancelled,BNPL,8.93
ORD_27925,CUST_1475,2023-11-18 17:00:00,Completed,Virtual Account Bank Transfer,0.0
ORD_27926,CUST_1773,2023-11-05 02:00:00,Completed,Virtual Account Bank Transfer,0.0
ORD_27927,CUST_1482,2023-03-25 03:00:00,Delivered,Credit Card,5.08
ORD_27928,CUST_1194,2024-03-19 19:00:00,Completed,QRIS,5.05
ORD_27929,CUST_1576,2023-05-09 04:00:00,Completed,BNPL,5.28
ORD_27930,CUST_1818,2023-06-26 21:00:00,Completed,QRIS,7.69
ORD_27931,CUST_1430,2023-09-28 02:00:00,Completed,BNPL,8.03
ORD_27932,CUST_1985,2023-03-16 11:00:00,Completed,Credit Card,3.24
ORD_27933,CUST_2109,2024-04-20 16:00:00,Completed,Virtual Account Bank Transfer,6.05
ORD_27934,CUST_1289,2024-01-14 00:00:00,Delivered,QRIS,6.43
ORD_27935,CUST_1502,2023-12-03 04:00:00,Completed,BNPL,0.0
ORD_27936,CUST_1224,2023-05-01 11:00:00,Completed,QRIS,4.82
ORD_27937,CUST_1028,2024-02-20 23:00:00,Returned,Credit Card,5.57
ORD_27938,CUST_2133,2023-05-11 04:00:00,Cancelled,E-Wallet (GoPay/OVO),5.45
ORD_27939,CUST_1374,2023-02-13 13:00:00,Completed,E-Wallet (GoPay/OVO),0.0
ORD_27940,CUST_1637,2023-05-22 01:00:00,Completed,BNPL,4.22
ORD_27941,CUST_1025,2023-08-11 21:00:00,Cancelled,Credit Card,8.4
ORD_27942,CUST_1657,2025-03-22 17:00:00,Completed,QRIS,3.19
ORD_27943,CUST_1429,2023-07-12 02:00:00,Completed,Credit Card,3.62
ORD_27944,CUST_1378,2024-01-10 02:00:00,Completed,QRIS,4.42
ORD_27945,CUST_1074,2024-07-12 23:00:00,Completed,QRIS,0.0
ORD_27946,CUST_1205,2024-06-18 08:00:00,Completed,QRIS,0.0
ORD_27947,CUST_1846,2024-04-05 22:00:00,Completed,QRIS,6.76
ORD_27948,CUST_1662,2024-02-08 09:00:00,Completed,BNPL,6.23
ORD_27949,CUST_1744,2023-08-01 01:00:00,Shipped,QRIS,4.46
ORD_27950,CUST_1275,2023-05-05 07:00:00,Completed,QRIS,8.89
ORD_27951,CUST_1227,2024-02-21 07:00:00,Completed,Credit Card,8.48
ORD_27952,CUST_1903,2023-08-01 07:00:00,Completed,BNPL,6.66
ORD_27953,CUST_1032,2023-10-20 09:00:00,Completed,Credit Card,8.53
ORD_27954,CUST_1370,2023-06-24 16:00:00,Cancelled,E-Wallet (GoPay/OVO),5.48
ORD_27955,CUST_1836,2023-08-14 03:00:00,Completed,E-Wallet (GoPay/OVO),8.76
ORD_27956,CUST_1345,2024-05-20 10:00:00,Completed,QRIS,0.0
ORD_27957,CUST_1866,2023-09-17 19:00:00,Completed,QRIS,8.52
ORD_27958,CUST_1468,2024-04-14 03:00:00,Shipped,BNPL,6.73
ORD_27959,CUST_1790,2024-02-19 00:00:00,Completed,Credit Card,3.12
ORD_27960,CUST_1537,2023-07-08 22:00:00,Delivered,BNPL,2.72
ORD_27961,CUST_1490,2024-02-01 17:00:00,Completed,E-Wallet (GoPay/OVO),2.89
ORD_27962,CUST_1740,2025-02-28 04:00:00,Completed,BNPL,0.0
ORD_27963,CUST_1210,2023-10-27 11:00:00,Completed,E-Wallet (GoPay/OVO),7.94
ORD_27964,CUST_1995,2024-03-18 03:00:00,Completed,Virtual Account Bank Transfer,6.43
ORD_27965,CUST_1925,2023-03-17 03:00:00,Completed,Credit Card,0.0
ORD_27966,CUST_1303,2024-04-20 00:00:00,Completed,E-Wallet (GoPay/OVO),0.0
ORD_27967,CUST_1575,2024-01-28 23:00:00,Returned,E-Wallet (GoPay/OVO),0.0
ORD_27968,CUST_1517,2024-04-11 20:00:00,Completed,QRIS,6.59
ORD_27969,CUST_1225,2024-02-20 22:00:00,Delivered,Credit Card,5.46
ORD_27970,CUST_2053,2024-04-09 07:00:00,Shipped,Virtual Account Bank Transfer,2.96
ORD_27971,CUST_1939,2023-04-18 19:00:00,Completed,E-Wallet (GoPay/OVO),0.0
ORD_27972,CUST_1439,2023-08-27 17:00:00,Completed,Credit Card,0.0
ORD_27973,CUST_1211,2023-11-24 16:00:00,Completed,QRIS,0.0
ORD_27974,CUST_2110,2023-10-19 15:00:00,Shipped,Virtual Account Bank Transfer,4.59
ORD_27975,CUST_1009,2023-11-16 01:00:00,Completed,QRIS,0.0
ORD_27976,CUST_1780,2023-09-25 04:00:00,Completed,Virtual Account Bank Transfer,0.0
ORD_27977,CUST_1568,2023-03-25 23:00:00,Completed,Virtual Account Bank Transfer,7.12
ORD_27978,CUST_1446,2024-04-13 03:00:00,Shipped,QRIS,0.0
ORD_27979,CUST_1651,2023-09-05 14:00:00,Completed,Credit Card,0.0
ORD_27980,CUST_2025,2023-03-04 12:00:00,Completed,BNPL,0.0
ORD_27981,CUST_1973,2023-10-23 20:00:00,Shipped,BNPL,0.0
ORD_27982,CUST_1074,2024-12-01 02:00:00,Returned,QRIS,8.95
ORD_27983,CUST_1104,2024-03-14 01:00:00,Cancelled,E-Wallet (GoPay/OVO),0.0
ORD_27984,CUST_1824,2023-02-19 20:00:00,Completed,E-Wallet (GoPay/OVO),4.01
ORD_27985,CUST_1500,2024-01-13 13:00:00,Completed,E-Wallet (GoPay/OVO),7.28
ORD_27986,CUST_2007,2023-10-10 12:00:00,Completed,Virtual Account Bank Transfer,0.0
ORD_27987,CUST_1657,2024-02-11 19:00:00,Cancelled,Credit Card,0.0
ORD_27988,CUST_1795,2023-04-13 19:00:00,Completed,E-Wallet (GoPay/OVO),0.0
ORD_27989,CUST_1725,2024-09-18 10:00:00,Completed,QRIS,7.99
ORD_27990,CUST_1109,2023-11-28 18:00:00,Delivered,Virtual Account Bank Transfer,3.49
ORD_27991,CUST_2097,2024-07-29 12:00:00,Completed,E-Wallet (GoPay/OVO),0.0
ORD_27992,CUST_1024,2023-04-11 20:00:00,Completed,BNPL,0.0
ORD_27993,CUST_2029,2023-06-07 05:00:00,Completed,E-Wallet (GoPay/OVO),0.0
ORD_27994,CUST_1827,2023-04-07 09:00:00,Delivered,QRIS,0.0
ORD_27995,CUST_1662,2024-01-15 23:00:00,Completed,QRIS,0.0
ORD_27996,CUST_1402,2024-07-16 00:00:00,Completed,QRIS,7.67
ORD_27997,CUST_1072,2023-07-18 04:00:00,Completed,Virtual Account Bank Transfer,2.73
ORD_27998,CUST_1431,2023-12-09 06:00:00,Completed,BNPL,2.98
ORD_27999,CUST_1548,2023-06-24 23:00:00,Completed,BNPL,7.02
ORD_28000,CUST_1233,2024-10-27 09:00:00,Shipped,E-Wallet (GoPay/OVO),0.0
